source	query_id	query_family	source_record_id	entity_type	title_or_name	year	doi	pmid	openalex_id	biotools_id	source_url
biotools	Q01	clade_marker	AsCRISPR	software_registry	AsCRISPR		10.1101/672634			AsCRISPR	https://bio.tools/AsCRISPR
biotools	Q01	clade_marker	BLMRM	software_registry	BLMRM		10.1186/s12859-019-3141-6	31660858		BLMRM	https://bio.tools/BLMRM
biotools	Q01	clade_marker	DiscoverY	software_registry	DiscoverY		10.1186/s12864-019-5996-3	31399045		DiscoverY	https://bio.tools/DiscoverY
biotools	Q01	clade_marker	LD-annot	software_registry	LD-annot		10.3389/fgene.2019.01192	31850063		LD-annot	https://bio.tools/LD-annot
biotools	Q01	clade_marker	PANPASCO	software_registry	PANPASCO		10.1371/journal.pcbi.1007527	31815935		PANPASCO	https://bio.tools/PANPASCO
biotools	Q01	clade_marker	RNASeq_similarity_matrix	software_registry	RNASeq_similarity_matrix		10.1093/bioinformatics/btz821	31769800		RNASeq_similarity_matrix	https://bio.tools/RNASeq_similarity_matrix
biotools	Q01	clade_marker	SNPnotes	software_registry	SNPnotes		10.12688/f1000research.20415.1			SNPnotes	https://bio.tools/SNPnotes
biotools	Q01	clade_marker	SVJedi	software_registry	SVJedi		10.1101/849208			SVJedi	https://bio.tools/SVJedi
biotools	Q01	clade_marker	ananastra	software_registry	ANANASTRA		10.1093/nar/gkac262	35446421		ananastra	https://bio.tools/ananastra
biotools	Q01	clade_marker	aristotle	software_registry	Aristotle		10.1186/s12859-021-04521-w	35033007		aristotle	https://bio.tools/aristotle
biotools	Q01	clade_marker	asafe	software_registry	ASAFE		10.18129/b9.bioc.asafe			asafe	https://bio.tools/asafe
biotools	Q01	clade_marker	ascall	software_registry	AScall		10.3389/fbioe.2020.00353	32391349		ascall	https://bio.tools/ascall
biotools	Q01	clade_marker	ascat	software_registry	ASCAT		10.1073/pnas.1009843107	20837533		ascat	https://bio.tools/ascat
biotools	Q01	clade_marker	astruct	software_registry	AStruct		10.1186/s12859-024-05704-x	38429654		astruct	https://bio.tools/astruct
biotools	Q01	clade_marker	atacdb	software_registry	ATACdb		10.1093/nar/gkaa943	33125076		atacdb	https://bio.tools/atacdb
biotools	Q01	clade_marker	autocloner	software_registry	AutoCloner		10.1186/s12859-020-03601-7	32677889		autocloner	https://bio.tools/autocloner
biotools	Q01	clade_marker	baalchip	software_registry	BaalChIP					baalchip	https://bio.tools/baalchip
biotools	Q01	clade_marker	byase	software_registry	BYASE		10.1093/bioinformatics/btaa636	32678892		byase	https://bio.tools/byase
biotools	Q01	clade_marker	calmate	software_registry	CalMaTe		10.1093/bioinformatics/bts248	22576175		calmate	https://bio.tools/calmate
biotools	Q01	clade_marker	cancerimmunityqtl	software_registry	CancerImmunityQTL		10.1093/nar/gkaa805	33010176		cancerimmunityqtl	https://bio.tools/cancerimmunityqtl
biotools	Q01	clade_marker	cbarbel	software_registry	The catfish genome database (cBARBEL)		10.1093/nar/gkq765	20935046		cbarbel	https://bio.tools/cbarbel
biotools	Q01	clade_marker	crispam	software_registry	CrisPam		10.21203/rs.2.9413/v1			crispam	https://bio.tools/crispam
biotools	Q01	clade_marker	crlmm	software_registry	crlmm					crlmm	https://bio.tools/crlmm
biotools	Q01	clade_marker	fngwas	software_registry	fnGWAS		10.1101/871384			fngwas	https://bio.tools/fngwas
biotools	Q01	clade_marker	forge	software_registry	FORGE		10.12688/f1000research.6032.1			forge	https://bio.tools/forge
biotools	Q01	clade_marker	freebayes	software_registry	FreeBayes					freebayes	https://bio.tools/freebayes
biotools	Q01	clade_marker	gatk-lodn	software_registry	GATK-LODn		10.1186/s12859-016-1190-7	28185561		gatk-lodn	https://bio.tools/gatk-lodn
biotools	Q01	clade_marker	gdsfmt	software_registry	gdsfmt		10.1093/bioinformatics/bts606			gdsfmt	https://bio.tools/gdsfmt
biotools	Q01	clade_marker	geneview	software_registry	GeneView		10.1093/nar/gks563	22693219		geneview	https://bio.tools/geneview
biotools	Q01	clade_marker	gwas4d	software_registry	GWAS4D		10.1093/nar/gky407	29771388		gwas4d	https://bio.tools/gwas4d
biotools	Q01	clade_marker	idog	software_registry	iDog		10.1093/nar/gkae1031	39526388		idog	https://bio.tools/idog
biotools	Q01	clade_marker	idrmutpred	software_registry	IDRMutPred		10.1093/bioinformatics/btaa618	32756939		idrmutpred	https://bio.tools/idrmutpred
biotools	Q01	clade_marker	kasp	software_registry	KASP Assay Search		10.1093/g3journal/jkae251	39486028		kasp	https://bio.tools/kasp
biotools	Q01	clade_marker	massarray	software_registry	MassArray		10.18129/b9.bioc.massarray			massarray	https://bio.tools/massarray
biotools	Q01	clade_marker	metaphat	software_registry	MetaPhat		10.3389/fgene.2020.00431	32499813		metaphat	https://bio.tools/metaphat
biotools	Q01	clade_marker	metaquad	software_registry	MetaQuad		10.1093/bioadv/vbae030	38476299		metaquad	https://bio.tools/metaquad
biotools	Q01	clade_marker	methhaplo	software_registry	MethHaplo		10.1186/s12859-020-03798-7	33045983		methhaplo	https://bio.tools/methhaplo
biotools	Q01	clade_marker	mousedivgeno	software_registry	MouseDivGeno		10.1186/1471-2164-13-34	22260749		mousedivgeno	https://bio.tools/mousedivgeno
biotools	Q01	clade_marker	olagen	software_registry	OLAgen		10.1016/j.jmoldx.2024.12.007	39818318		olagen	https://bio.tools/olagen
biotools	Q01	clade_marker	p2s	software_registry	P2S					p2s	https://bio.tools/p2s
biotools	Q01	clade_marker	pairadise	software_registry	PAIRADISE		10.1016/j.ajhg.2020.07.005	32781045		pairadise	https://bio.tools/pairadise
biotools	Q01	clade_marker	panoga	software_registry	PANOGA		10.21203/rs.2.1035/v2			panoga	https://bio.tools/panoga
biotools	Q01	clade_marker	phossnp	software_registry	PhosSNP			19995808		phossnp	https://bio.tools/phossnp
biotools	Q01	clade_marker	platinumcnv	software_registry	PlatinumCNV		10.1002/gepi.20633	22125222		platinumcnv	https://bio.tools/platinumcnv
biotools	Q01	clade_marker	polymarker	software_registry	PolyMarker		10.1111/pbi.12281	25382230		polymarker	https://bio.tools/polymarker
biotools	Q01	clade_marker	popmusic	software_registry	MuSiC suite: PoPMuSiC, HoTMuSiC, and SNPMuSiC		10.1093/bioinformatics/btp445	19654118		popmusic	https://bio.tools/popmusic
biotools	Q01	clade_marker	ptmsnp	software_registry	PTMsnp		10.3389/fcell.2020.593661	33240890		ptmsnp	https://bio.tools/ptmsnp
biotools	Q01	clade_marker	regionalp	software_registry	RegionalP		10.1038/ejhg.2011.219	22126751		regionalp	https://bio.tools/regionalp
biotools	Q01	clade_marker	regsnps-asb	software_registry	regSNPs-ASB		10.3389/fbioe.2020.00886	32850739		regsnps-asb	https://bio.tools/regsnps-asb
biotools	Q01	clade_marker	regvar	software_registry	RegVar		10.1101/2021.04.17.440295			regvar	https://bio.tools/regvar
biotools	Q01	clade_marker	rseg	software_registry	Rseg		10.1093/bioinformatics/btq668	21134892		rseg	https://bio.tools/rseg
biotools	Q01	clade_marker	saigegds	software_registry	SAIGEgds		10.1093/bioinformatics/bts606			saigegds	https://bio.tools/saigegds
biotools	Q01	clade_marker	scdb	software_registry	SCDb		10.1186/s12885-020-06869-3	32487193		scdb	https://bio.tools/scdb
biotools	Q01	clade_marker	simuG	software_registry	simuG		10.1093/bioinformatics/btz424	31116378		simuG	https://bio.tools/simuG
biotools	Q01	clade_marker	sirna_selection	software_registry	siRNA Selection Server		10.1093/nar/gkh366	15215365		sirna_selection	https://bio.tools/sirna_selection
biotools	Q01	clade_marker	snp-crispr	software_registry	SNP-CRISPR		10.1534/g3.119.400904	31822517		snp-crispr	https://bio.tools/snp-crispr
biotools	Q01	clade_marker	snp_ratio_test	software_registry	SNP ratio test		10.1093/bioinformatics/btp448	19620097		snp_ratio_test	https://bio.tools/snp_ratio_test
biotools	Q01	clade_marker	snpack	software_registry	SNPack		10.1093/bioinformatics/btu495	25064564		snpack	https://bio.tools/snpack
biotools	Q01	clade_marker	snpalyze	software_registry	SNPALYZE		10.1007/s100380200100	12522686		snpalyze	https://bio.tools/snpalyze
biotools	Q01	clade_marker	snpbox	software_registry	SNPbox		10.1093/nar/gkh369	15215373		snpbox	https://bio.tools/snpbox
biotools	Q01	clade_marker	snppar	software_registry	SNPPar		10.1101/2020.07.08.194480			snppar	https://bio.tools/snppar
biotools	Q01	clade_marker	ssNPA	software_registry	ssNPA		10.1093/bioinformatics/btz949	31873725		ssNPA	https://bio.tools/ssNPA
biotools	Q01	clade_marker	strspy	software_registry	STRspy		10.1101/2021.07.01.450747			strspy	https://bio.tools/strspy
biotools	Q01	clade_marker	svamp	software_registry	SVAMP		10.1093/bioinformatics/btu176	24700318		svamp	https://bio.tools/svamp
biotools	Q01	clade_marker	synthesis-view	software_registry	Synthesis-View		10.1186/1756-0381-3-10			synthesis-view	https://bio.tools/synthesis-view
biotools	Q01	clade_marker	tmc-snpdb_2.0	software_registry	TMC-SNPdb 2.0		10.1093/database/baac029	35551364		tmc-snpdb_2.0	https://bio.tools/tmc-snpdb_2.0
biotools	Q01	clade_marker	triadsim	software_registry	TriadSim		10.1186/s12859-017-2004-2	29291710		triadsim	https://bio.tools/triadsim
biotools	Q01	clade_marker	vadt	software_registry	VADT		10.1038/s41598-021-83459-8	33597613		vadt	https://bio.tools/vadt
biotools	Q01	clade_marker	variantfoldrna	software_registry	VariantFoldRNA		10.1093/nargab/lqaf066	40443739		variantfoldrna	https://bio.tools/variantfoldrna
biotools	Q01	clade_marker	wasp	software_registry	WASP		10.1186/1471-2164-8-275	17697334		wasp	https://bio.tools/wasp
biotools	Q01	clade_marker	yapsa	software_registry	YAPSA		10.18129/b9.bioc.yapsa			yapsa	https://bio.tools/yapsa
biotools	Q02	clade_marker	AsCRISPR	software_registry	AsCRISPR		10.1101/672634			AsCRISPR	https://bio.tools/AsCRISPR
biotools	Q02	clade_marker	BLMRM	software_registry	BLMRM		10.1186/s12859-019-3141-6	31660858		BLMRM	https://bio.tools/BLMRM
biotools	Q02	clade_marker	DiscoverY	software_registry	DiscoverY		10.1186/s12864-019-5996-3	31399045		DiscoverY	https://bio.tools/DiscoverY
biotools	Q02	clade_marker	LD-annot	software_registry	LD-annot		10.3389/fgene.2019.01192	31850063		LD-annot	https://bio.tools/LD-annot
biotools	Q02	clade_marker	PANPASCO	software_registry	PANPASCO		10.1371/journal.pcbi.1007527	31815935		PANPASCO	https://bio.tools/PANPASCO
biotools	Q02	clade_marker	RNASeq_similarity_matrix	software_registry	RNASeq_similarity_matrix		10.1093/bioinformatics/btz821	31769800		RNASeq_similarity_matrix	https://bio.tools/RNASeq_similarity_matrix
biotools	Q02	clade_marker	SNPnotes	software_registry	SNPnotes		10.12688/f1000research.20415.1			SNPnotes	https://bio.tools/SNPnotes
biotools	Q02	clade_marker	SVJedi	software_registry	SVJedi		10.1101/849208			SVJedi	https://bio.tools/SVJedi
biotools	Q02	clade_marker	ananastra	software_registry	ANANASTRA		10.1093/nar/gkac262	35446421		ananastra	https://bio.tools/ananastra
biotools	Q02	clade_marker	aristotle	software_registry	Aristotle		10.1186/s12859-021-04521-w	35033007		aristotle	https://bio.tools/aristotle
biotools	Q02	clade_marker	asafe	software_registry	ASAFE		10.18129/b9.bioc.asafe			asafe	https://bio.tools/asafe
biotools	Q02	clade_marker	ascall	software_registry	AScall		10.3389/fbioe.2020.00353	32391349		ascall	https://bio.tools/ascall
biotools	Q02	clade_marker	ascat	software_registry	ASCAT		10.1073/pnas.1009843107	20837533		ascat	https://bio.tools/ascat
biotools	Q02	clade_marker	astruct	software_registry	AStruct		10.1186/s12859-024-05704-x	38429654		astruct	https://bio.tools/astruct
biotools	Q02	clade_marker	atacdb	software_registry	ATACdb		10.1093/nar/gkaa943	33125076		atacdb	https://bio.tools/atacdb
biotools	Q02	clade_marker	autocloner	software_registry	AutoCloner		10.1186/s12859-020-03601-7	32677889		autocloner	https://bio.tools/autocloner
biotools	Q02	clade_marker	baalchip	software_registry	BaalChIP					baalchip	https://bio.tools/baalchip
biotools	Q02	clade_marker	byase	software_registry	BYASE		10.1093/bioinformatics/btaa636	32678892		byase	https://bio.tools/byase
biotools	Q02	clade_marker	calmate	software_registry	CalMaTe		10.1093/bioinformatics/bts248	22576175		calmate	https://bio.tools/calmate
biotools	Q02	clade_marker	cancerimmunityqtl	software_registry	CancerImmunityQTL		10.1093/nar/gkaa805	33010176		cancerimmunityqtl	https://bio.tools/cancerimmunityqtl
biotools	Q02	clade_marker	cbarbel	software_registry	The catfish genome database (cBARBEL)		10.1093/nar/gkq765	20935046		cbarbel	https://bio.tools/cbarbel
biotools	Q02	clade_marker	crispam	software_registry	CrisPam		10.21203/rs.2.9413/v1			crispam	https://bio.tools/crispam
biotools	Q02	clade_marker	crlmm	software_registry	crlmm					crlmm	https://bio.tools/crlmm
biotools	Q02	clade_marker	fngwas	software_registry	fnGWAS		10.1101/871384			fngwas	https://bio.tools/fngwas
biotools	Q02	clade_marker	forge	software_registry	FORGE		10.12688/f1000research.6032.1			forge	https://bio.tools/forge
biotools	Q02	clade_marker	freebayes	software_registry	FreeBayes					freebayes	https://bio.tools/freebayes
biotools	Q02	clade_marker	gatk-lodn	software_registry	GATK-LODn		10.1186/s12859-016-1190-7	28185561		gatk-lodn	https://bio.tools/gatk-lodn
biotools	Q02	clade_marker	gdsfmt	software_registry	gdsfmt		10.1093/bioinformatics/bts606			gdsfmt	https://bio.tools/gdsfmt
biotools	Q02	clade_marker	geneview	software_registry	GeneView		10.1093/nar/gks563	22693219		geneview	https://bio.tools/geneview
biotools	Q02	clade_marker	gwas4d	software_registry	GWAS4D		10.1093/nar/gky407	29771388		gwas4d	https://bio.tools/gwas4d
biotools	Q02	clade_marker	idog	software_registry	iDog		10.1093/nar/gkae1031	39526388		idog	https://bio.tools/idog
biotools	Q02	clade_marker	idrmutpred	software_registry	IDRMutPred		10.1093/bioinformatics/btaa618	32756939		idrmutpred	https://bio.tools/idrmutpred
biotools	Q02	clade_marker	kasp	software_registry	KASP Assay Search		10.1093/g3journal/jkae251	39486028		kasp	https://bio.tools/kasp
biotools	Q02	clade_marker	massarray	software_registry	MassArray		10.18129/b9.bioc.massarray			massarray	https://bio.tools/massarray
biotools	Q02	clade_marker	metaphat	software_registry	MetaPhat		10.3389/fgene.2020.00431	32499813		metaphat	https://bio.tools/metaphat
biotools	Q02	clade_marker	metaquad	software_registry	MetaQuad		10.1093/bioadv/vbae030	38476299		metaquad	https://bio.tools/metaquad
biotools	Q02	clade_marker	methhaplo	software_registry	MethHaplo		10.1186/s12859-020-03798-7	33045983		methhaplo	https://bio.tools/methhaplo
biotools	Q02	clade_marker	mousedivgeno	software_registry	MouseDivGeno		10.1186/1471-2164-13-34	22260749		mousedivgeno	https://bio.tools/mousedivgeno
biotools	Q02	clade_marker	olagen	software_registry	OLAgen		10.1016/j.jmoldx.2024.12.007	39818318		olagen	https://bio.tools/olagen
biotools	Q02	clade_marker	p2s	software_registry	P2S					p2s	https://bio.tools/p2s
biotools	Q02	clade_marker	pairadise	software_registry	PAIRADISE		10.1016/j.ajhg.2020.07.005	32781045		pairadise	https://bio.tools/pairadise
biotools	Q02	clade_marker	panoga	software_registry	PANOGA		10.21203/rs.2.1035/v2			panoga	https://bio.tools/panoga
biotools	Q02	clade_marker	pathotypr	software_registry	pathotypr		10.64898/2026.03.24.714002			pathotypr	https://bio.tools/pathotypr
biotools	Q02	clade_marker	phossnp	software_registry	PhosSNP			19995808		phossnp	https://bio.tools/phossnp
biotools	Q02	clade_marker	platinumcnv	software_registry	PlatinumCNV		10.1002/gepi.20633	22125222		platinumcnv	https://bio.tools/platinumcnv
biotools	Q02	clade_marker	polymarker	software_registry	PolyMarker		10.1111/pbi.12281	25382230		polymarker	https://bio.tools/polymarker
biotools	Q02	clade_marker	popmusic	software_registry	MuSiC suite: PoPMuSiC, HoTMuSiC, and SNPMuSiC		10.1093/bioinformatics/btp445	19654118		popmusic	https://bio.tools/popmusic
biotools	Q02	clade_marker	ptmsnp	software_registry	PTMsnp		10.3389/fcell.2020.593661	33240890		ptmsnp	https://bio.tools/ptmsnp
biotools	Q02	clade_marker	regionalp	software_registry	RegionalP		10.1038/ejhg.2011.219	22126751		regionalp	https://bio.tools/regionalp
biotools	Q02	clade_marker	regsnps-asb	software_registry	regSNPs-ASB		10.3389/fbioe.2020.00886	32850739		regsnps-asb	https://bio.tools/regsnps-asb
biotools	Q02	clade_marker	regvar	software_registry	RegVar		10.1101/2021.04.17.440295			regvar	https://bio.tools/regvar
biotools	Q02	clade_marker	rseg	software_registry	Rseg		10.1093/bioinformatics/btq668	21134892		rseg	https://bio.tools/rseg
biotools	Q02	clade_marker	saigegds	software_registry	SAIGEgds		10.1093/bioinformatics/bts606			saigegds	https://bio.tools/saigegds
biotools	Q02	clade_marker	scdb	software_registry	SCDb		10.1186/s12885-020-06869-3	32487193		scdb	https://bio.tools/scdb
biotools	Q02	clade_marker	simuG	software_registry	simuG		10.1093/bioinformatics/btz424	31116378		simuG	https://bio.tools/simuG
biotools	Q02	clade_marker	sirna_selection	software_registry	siRNA Selection Server		10.1093/nar/gkh366	15215365		sirna_selection	https://bio.tools/sirna_selection
biotools	Q02	clade_marker	snp-crispr	software_registry	SNP-CRISPR		10.1534/g3.119.400904	31822517		snp-crispr	https://bio.tools/snp-crispr
biotools	Q02	clade_marker	snp_ratio_test	software_registry	SNP ratio test		10.1093/bioinformatics/btp448	19620097		snp_ratio_test	https://bio.tools/snp_ratio_test
biotools	Q02	clade_marker	snpack	software_registry	SNPack		10.1093/bioinformatics/btu495	25064564		snpack	https://bio.tools/snpack
biotools	Q02	clade_marker	snpalyze	software_registry	SNPALYZE		10.1007/s100380200100	12522686		snpalyze	https://bio.tools/snpalyze
biotools	Q02	clade_marker	snpbox	software_registry	SNPbox		10.1093/nar/gkh369	15215373		snpbox	https://bio.tools/snpbox
biotools	Q02	clade_marker	snppar	software_registry	SNPPar		10.1101/2020.07.08.194480			snppar	https://bio.tools/snppar
biotools	Q02	clade_marker	ssNPA	software_registry	ssNPA		10.1093/bioinformatics/btz949	31873725		ssNPA	https://bio.tools/ssNPA
biotools	Q02	clade_marker	strspy	software_registry	STRspy		10.1101/2021.07.01.450747			strspy	https://bio.tools/strspy
biotools	Q02	clade_marker	svamp	software_registry	SVAMP		10.1093/bioinformatics/btu176	24700318		svamp	https://bio.tools/svamp
biotools	Q02	clade_marker	synthesis-view	software_registry	Synthesis-View		10.1186/1756-0381-3-10			synthesis-view	https://bio.tools/synthesis-view
biotools	Q02	clade_marker	tmc-snpdb_2.0	software_registry	TMC-SNPdb 2.0		10.1093/database/baac029	35551364		tmc-snpdb_2.0	https://bio.tools/tmc-snpdb_2.0
biotools	Q02	clade_marker	triadsim	software_registry	TriadSim		10.1186/s12859-017-2004-2	29291710		triadsim	https://bio.tools/triadsim
biotools	Q02	clade_marker	vadt	software_registry	VADT		10.1038/s41598-021-83459-8	33597613		vadt	https://bio.tools/vadt
biotools	Q02	clade_marker	variantfoldrna	software_registry	VariantFoldRNA		10.1093/nargab/lqaf066	40443739		variantfoldrna	https://bio.tools/variantfoldrna
biotools	Q02	clade_marker	wasp	software_registry	WASP		10.1186/1471-2164-8-275	17697334		wasp	https://bio.tools/wasp
biotools	Q02	clade_marker	yapsa	software_registry	YAPSA		10.18129/b9.bioc.yapsa			yapsa	https://bio.tools/yapsa
biotools	Q03	clade_marker	biohansel	software_registry	BioHansel		10.1101/2020.01.10.902056			biohansel	https://bio.tools/biohansel
biotools	Q03	clade_marker	cansnper	software_registry	CanSNPer		10.1093/bioinformatics/btu113	24574113		cansnper	https://bio.tools/cansnper
biotools	Q04	clade_marker	AsCRISPR	software_registry	AsCRISPR		10.1101/672634			AsCRISPR	https://bio.tools/AsCRISPR
biotools	Q04	clade_marker	BLMRM	software_registry	BLMRM		10.1186/s12859-019-3141-6	31660858		BLMRM	https://bio.tools/BLMRM
biotools	Q04	clade_marker	DiscoverY	software_registry	DiscoverY		10.1186/s12864-019-5996-3	31399045		DiscoverY	https://bio.tools/DiscoverY
biotools	Q04	clade_marker	LD-annot	software_registry	LD-annot		10.3389/fgene.2019.01192	31850063		LD-annot	https://bio.tools/LD-annot
biotools	Q04	clade_marker	PANPASCO	software_registry	PANPASCO		10.1371/journal.pcbi.1007527	31815935		PANPASCO	https://bio.tools/PANPASCO
biotools	Q04	clade_marker	RNASeq_similarity_matrix	software_registry	RNASeq_similarity_matrix		10.1093/bioinformatics/btz821	31769800		RNASeq_similarity_matrix	https://bio.tools/RNASeq_similarity_matrix
biotools	Q04	clade_marker	SNPnotes	software_registry	SNPnotes		10.12688/f1000research.20415.1			SNPnotes	https://bio.tools/SNPnotes
biotools	Q04	clade_marker	SVJedi	software_registry	SVJedi		10.1101/849208			SVJedi	https://bio.tools/SVJedi
biotools	Q04	clade_marker	ananastra	software_registry	ANANASTRA		10.1093/nar/gkac262	35446421		ananastra	https://bio.tools/ananastra
biotools	Q04	clade_marker	aristotle	software_registry	Aristotle		10.1186/s12859-021-04521-w	35033007		aristotle	https://bio.tools/aristotle
biotools	Q04	clade_marker	asafe	software_registry	ASAFE		10.18129/b9.bioc.asafe			asafe	https://bio.tools/asafe
biotools	Q04	clade_marker	ascall	software_registry	AScall		10.3389/fbioe.2020.00353	32391349		ascall	https://bio.tools/ascall
biotools	Q04	clade_marker	ascat	software_registry	ASCAT		10.1073/pnas.1009843107	20837533		ascat	https://bio.tools/ascat
biotools	Q04	clade_marker	astruct	software_registry	AStruct		10.1186/s12859-024-05704-x	38429654		astruct	https://bio.tools/astruct
biotools	Q04	clade_marker	atacdb	software_registry	ATACdb		10.1093/nar/gkaa943	33125076		atacdb	https://bio.tools/atacdb
biotools	Q04	clade_marker	autocloner	software_registry	AutoCloner		10.1186/s12859-020-03601-7	32677889		autocloner	https://bio.tools/autocloner
biotools	Q04	clade_marker	baalchip	software_registry	BaalChIP					baalchip	https://bio.tools/baalchip
biotools	Q04	clade_marker	byase	software_registry	BYASE		10.1093/bioinformatics/btaa636	32678892		byase	https://bio.tools/byase
biotools	Q04	clade_marker	calmate	software_registry	CalMaTe		10.1093/bioinformatics/bts248	22576175		calmate	https://bio.tools/calmate
biotools	Q04	clade_marker	cancerimmunityqtl	software_registry	CancerImmunityQTL		10.1093/nar/gkaa805	33010176		cancerimmunityqtl	https://bio.tools/cancerimmunityqtl
biotools	Q04	clade_marker	cbarbel	software_registry	The catfish genome database (cBARBEL)		10.1093/nar/gkq765	20935046		cbarbel	https://bio.tools/cbarbel
biotools	Q04	clade_marker	crispam	software_registry	CrisPam		10.21203/rs.2.9413/v1			crispam	https://bio.tools/crispam
biotools	Q04	clade_marker	crlmm	software_registry	crlmm					crlmm	https://bio.tools/crlmm
biotools	Q04	clade_marker	fngwas	software_registry	fnGWAS		10.1101/871384			fngwas	https://bio.tools/fngwas
biotools	Q04	clade_marker	forge	software_registry	FORGE		10.12688/f1000research.6032.1			forge	https://bio.tools/forge
biotools	Q04	clade_marker	freebayes	software_registry	FreeBayes					freebayes	https://bio.tools/freebayes
biotools	Q04	clade_marker	gatk-lodn	software_registry	GATK-LODn		10.1186/s12859-016-1190-7	28185561		gatk-lodn	https://bio.tools/gatk-lodn
biotools	Q04	clade_marker	gdsfmt	software_registry	gdsfmt		10.1093/bioinformatics/bts606			gdsfmt	https://bio.tools/gdsfmt
biotools	Q04	clade_marker	geneview	software_registry	GeneView		10.1093/nar/gks563	22693219		geneview	https://bio.tools/geneview
biotools	Q04	clade_marker	gwas4d	software_registry	GWAS4D		10.1093/nar/gky407	29771388		gwas4d	https://bio.tools/gwas4d
biotools	Q04	clade_marker	idog	software_registry	iDog		10.1093/nar/gkae1031	39526388		idog	https://bio.tools/idog
biotools	Q04	clade_marker	idrmutpred	software_registry	IDRMutPred		10.1093/bioinformatics/btaa618	32756939		idrmutpred	https://bio.tools/idrmutpred
biotools	Q04	clade_marker	kasp	software_registry	KASP Assay Search		10.1093/g3journal/jkae251	39486028		kasp	https://bio.tools/kasp
biotools	Q04	clade_marker	massarray	software_registry	MassArray		10.18129/b9.bioc.massarray			massarray	https://bio.tools/massarray
biotools	Q04	clade_marker	metaphat	software_registry	MetaPhat		10.3389/fgene.2020.00431	32499813		metaphat	https://bio.tools/metaphat
biotools	Q04	clade_marker	metaquad	software_registry	MetaQuad		10.1093/bioadv/vbae030	38476299		metaquad	https://bio.tools/metaquad
biotools	Q04	clade_marker	methhaplo	software_registry	MethHaplo		10.1186/s12859-020-03798-7	33045983		methhaplo	https://bio.tools/methhaplo
biotools	Q04	clade_marker	mousedivgeno	software_registry	MouseDivGeno		10.1186/1471-2164-13-34	22260749		mousedivgeno	https://bio.tools/mousedivgeno
biotools	Q04	clade_marker	olagen	software_registry	OLAgen		10.1016/j.jmoldx.2024.12.007	39818318		olagen	https://bio.tools/olagen
biotools	Q04	clade_marker	p2s	software_registry	P2S					p2s	https://bio.tools/p2s
biotools	Q04	clade_marker	pairadise	software_registry	PAIRADISE		10.1016/j.ajhg.2020.07.005	32781045		pairadise	https://bio.tools/pairadise
biotools	Q04	clade_marker	panoga	software_registry	PANOGA		10.21203/rs.2.1035/v2			panoga	https://bio.tools/panoga
biotools	Q04	clade_marker	phossnp	software_registry	PhosSNP			19995808		phossnp	https://bio.tools/phossnp
biotools	Q04	clade_marker	platinumcnv	software_registry	PlatinumCNV		10.1002/gepi.20633	22125222		platinumcnv	https://bio.tools/platinumcnv
biotools	Q04	clade_marker	polymarker	software_registry	PolyMarker		10.1111/pbi.12281	25382230		polymarker	https://bio.tools/polymarker
biotools	Q04	clade_marker	popmusic	software_registry	MuSiC suite: PoPMuSiC, HoTMuSiC, and SNPMuSiC		10.1093/bioinformatics/btp445	19654118		popmusic	https://bio.tools/popmusic
biotools	Q04	clade_marker	ptmsnp	software_registry	PTMsnp		10.3389/fcell.2020.593661	33240890		ptmsnp	https://bio.tools/ptmsnp
biotools	Q04	clade_marker	regionalp	software_registry	RegionalP		10.1038/ejhg.2011.219	22126751		regionalp	https://bio.tools/regionalp
biotools	Q04	clade_marker	regsnps-asb	software_registry	regSNPs-ASB		10.3389/fbioe.2020.00886	32850739		regsnps-asb	https://bio.tools/regsnps-asb
biotools	Q04	clade_marker	regvar	software_registry	RegVar		10.1101/2021.04.17.440295			regvar	https://bio.tools/regvar
biotools	Q04	clade_marker	rseg	software_registry	Rseg		10.1093/bioinformatics/btq668	21134892		rseg	https://bio.tools/rseg
biotools	Q04	clade_marker	saigegds	software_registry	SAIGEgds		10.1093/bioinformatics/bts606			saigegds	https://bio.tools/saigegds
biotools	Q04	clade_marker	scdb	software_registry	SCDb		10.1186/s12885-020-06869-3	32487193		scdb	https://bio.tools/scdb
biotools	Q04	clade_marker	simuG	software_registry	simuG		10.1093/bioinformatics/btz424	31116378		simuG	https://bio.tools/simuG
biotools	Q04	clade_marker	sirna_selection	software_registry	siRNA Selection Server		10.1093/nar/gkh366	15215365		sirna_selection	https://bio.tools/sirna_selection
biotools	Q04	clade_marker	snp-crispr	software_registry	SNP-CRISPR		10.1534/g3.119.400904	31822517		snp-crispr	https://bio.tools/snp-crispr
biotools	Q04	clade_marker	snp_ratio_test	software_registry	SNP ratio test		10.1093/bioinformatics/btp448	19620097		snp_ratio_test	https://bio.tools/snp_ratio_test
biotools	Q04	clade_marker	snpack	software_registry	SNPack		10.1093/bioinformatics/btu495	25064564		snpack	https://bio.tools/snpack
biotools	Q04	clade_marker	snpalyze	software_registry	SNPALYZE		10.1007/s100380200100	12522686		snpalyze	https://bio.tools/snpalyze
biotools	Q04	clade_marker	snpbox	software_registry	SNPbox		10.1093/nar/gkh369	15215373		snpbox	https://bio.tools/snpbox
biotools	Q04	clade_marker	snppar	software_registry	SNPPar		10.1101/2020.07.08.194480			snppar	https://bio.tools/snppar
biotools	Q04	clade_marker	snpsti	software_registry	SNPSTI					snpsti	https://bio.tools/snpsti
biotools	Q04	clade_marker	ssNPA	software_registry	ssNPA		10.1093/bioinformatics/btz949	31873725		ssNPA	https://bio.tools/ssNPA
biotools	Q04	clade_marker	strspy	software_registry	STRspy		10.1101/2021.07.01.450747			strspy	https://bio.tools/strspy
biotools	Q04	clade_marker	svamp	software_registry	SVAMP		10.1093/bioinformatics/btu176	24700318		svamp	https://bio.tools/svamp
biotools	Q04	clade_marker	synthesis-view	software_registry	Synthesis-View		10.1186/1756-0381-3-10			synthesis-view	https://bio.tools/synthesis-view
biotools	Q04	clade_marker	tmc-snpdb_2.0	software_registry	TMC-SNPdb 2.0		10.1093/database/baac029	35551364		tmc-snpdb_2.0	https://bio.tools/tmc-snpdb_2.0
biotools	Q04	clade_marker	triadsim	software_registry	TriadSim		10.1186/s12859-017-2004-2	29291710		triadsim	https://bio.tools/triadsim
biotools	Q04	clade_marker	vadt	software_registry	VADT		10.1038/s41598-021-83459-8	33597613		vadt	https://bio.tools/vadt
biotools	Q04	clade_marker	variantfoldrna	software_registry	VariantFoldRNA		10.1093/nargab/lqaf066	40443739		variantfoldrna	https://bio.tools/variantfoldrna
biotools	Q04	clade_marker	wasp	software_registry	WASP		10.1186/1471-2164-8-275	17697334		wasp	https://bio.tools/wasp
biotools	Q04	clade_marker	yapsa	software_registry	YAPSA		10.18129/b9.bioc.yapsa			yapsa	https://bio.tools/yapsa
biotools	Q05	clade_marker	SNP2APA	software_registry	SNP2APA		10.1093/nar/gkz793	31511885		SNP2APA	https://bio.tools/SNP2APA
biotools	Q05	clade_marker	arraymaker	software_registry	ArrayMaker		10.1093/bioinformatics/btu691	25336502		arraymaker	https://bio.tools/arraymaker
biotools	Q05	clade_marker	cageminer	software_registry	cageminer		10.1093/insilicoplants/diac018			cageminer	https://bio.tools/cageminer
biotools	Q05	clade_marker	dnannotator	software_registry	DNannotator		10.1093/nar/gkg542	12824405		dnannotator	https://bio.tools/dnannotator
biotools	Q05	clade_marker	igviewer	software_registry	IGViewer		10.1101/2020.05.03.075499			igviewer	https://bio.tools/igviewer
biotools	Q05	clade_marker	ogre	software_registry	OGRE		10.1186/s12859-023-05422-w	37496002		ogre	https://bio.tools/ogre
biotools	Q05	clade_marker	paleomix	software_registry	PALEOMIX		10.1038/nprot.2014.063	24722405		paleomix	https://bio.tools/paleomix
biotools	Q05	clade_marker	panseq	software_registry	panseq		10.1186/1471-2105-11-461	20843356		panseq	https://bio.tools/panseq
biotools	Q05	clade_marker	pathogensurveillance	software_registry	pathogensurveillance					pathogensurveillance	https://bio.tools/pathogensurveillance
biotools	Q05	clade_marker	pathotypr	software_registry	pathotypr		10.64898/2026.03.24.714002			pathotypr	https://bio.tools/pathotypr
biotools	Q05	clade_marker	rdscan	software_registry	RDscan		10.1128/msphere.00535-21	34287002		rdscan	https://bio.tools/rdscan
biotools	Q05	clade_marker	regionalp	software_registry	RegionalP		10.1038/ejhg.2011.219	22126751		regionalp	https://bio.tools/regionalp
biotools	Q05	clade_marker	rseg	software_registry	Rseg		10.1093/bioinformatics/btq668	21134892		rseg	https://bio.tools/rseg
biotools	Q05	clade_marker	snp_ratio_test	software_registry	SNP ratio test		10.1093/bioinformatics/btp448	19620097		snp_ratio_test	https://bio.tools/snp_ratio_test
biotools	Q05	clade_marker	snppar	software_registry	SNPPar		10.1101/2020.07.08.194480			snppar	https://bio.tools/snppar
biotools	Q05	clade_marker	snpsti	software_registry	SNPSTI					snpsti	https://bio.tools/snpsti
biotools	Q05	clade_marker	vadt	software_registry	VADT		10.1038/s41598-021-83459-8	33597613		vadt	https://bio.tools/vadt
biotools	Q05	clade_marker	vegas2	software_registry	VEGAS2		10.1017/thg.2014.79	25518859		vegas2	https://bio.tools/vegas2
biotools	Q06	clade_marker	PANPASCO	software_registry	PANPASCO		10.1371/journal.pcbi.1007527	31815935		PANPASCO	https://bio.tools/PANPASCO
biotools	Q06	clade_marker	SNP2APA	software_registry	SNP2APA		10.1093/nar/gkz793	31511885		SNP2APA	https://bio.tools/SNP2APA
biotools	Q06	clade_marker	arraymaker	software_registry	ArrayMaker		10.1093/bioinformatics/btu691	25336502		arraymaker	https://bio.tools/arraymaker
biotools	Q06	clade_marker	cageminer	software_registry	cageminer		10.1093/insilicoplants/diac018			cageminer	https://bio.tools/cageminer
biotools	Q06	clade_marker	dnannotator	software_registry	DNannotator		10.1093/nar/gkg542	12824405		dnannotator	https://bio.tools/dnannotator
biotools	Q06	clade_marker	igviewer	software_registry	IGViewer		10.1101/2020.05.03.075499			igviewer	https://bio.tools/igviewer
biotools	Q06	clade_marker	ogre	software_registry	OGRE		10.1186/s12859-023-05422-w	37496002		ogre	https://bio.tools/ogre
biotools	Q06	clade_marker	paleomix	software_registry	PALEOMIX		10.1038/nprot.2014.063	24722405		paleomix	https://bio.tools/paleomix
biotools	Q06	clade_marker	panseq	software_registry	panseq		10.1186/1471-2105-11-461	20843356		panseq	https://bio.tools/panseq
biotools	Q06	clade_marker	pathogensurveillance	software_registry	pathogensurveillance					pathogensurveillance	https://bio.tools/pathogensurveillance
biotools	Q06	clade_marker	pathotypr	software_registry	pathotypr		10.64898/2026.03.24.714002			pathotypr	https://bio.tools/pathotypr
biotools	Q06	clade_marker	rdscan	software_registry	RDscan		10.1128/msphere.00535-21	34287002		rdscan	https://bio.tools/rdscan
biotools	Q06	clade_marker	regionalp	software_registry	RegionalP		10.1038/ejhg.2011.219	22126751		regionalp	https://bio.tools/regionalp
biotools	Q06	clade_marker	rseg	software_registry	Rseg		10.1093/bioinformatics/btq668	21134892		rseg	https://bio.tools/rseg
biotools	Q06	clade_marker	snp_ratio_test	software_registry	SNP ratio test		10.1093/bioinformatics/btp448	19620097		snp_ratio_test	https://bio.tools/snp_ratio_test
biotools	Q06	clade_marker	snppar	software_registry	SNPPar		10.1101/2020.07.08.194480			snppar	https://bio.tools/snppar
biotools	Q06	clade_marker	vadt	software_registry	VADT		10.1038/s41598-021-83459-8	33597613		vadt	https://bio.tools/vadt
biotools	Q06	clade_marker	vegas2	software_registry	VEGAS2		10.1017/thg.2014.79	25518859		vegas2	https://bio.tools/vegas2
biotools	Q08	clade_marker	AsCRISPR	software_registry	AsCRISPR		10.1101/672634			AsCRISPR	https://bio.tools/AsCRISPR
biotools	Q08	clade_marker	BLMRM	software_registry	BLMRM		10.1186/s12859-019-3141-6	31660858		BLMRM	https://bio.tools/BLMRM
biotools	Q08	clade_marker	DiscoverY	software_registry	DiscoverY		10.1186/s12864-019-5996-3	31399045		DiscoverY	https://bio.tools/DiscoverY
biotools	Q08	clade_marker	LD-annot	software_registry	LD-annot		10.3389/fgene.2019.01192	31850063		LD-annot	https://bio.tools/LD-annot
biotools	Q08	clade_marker	PANPASCO	software_registry	PANPASCO		10.1371/journal.pcbi.1007527	31815935		PANPASCO	https://bio.tools/PANPASCO
biotools	Q08	clade_marker	RNASeq_similarity_matrix	software_registry	RNASeq_similarity_matrix		10.1093/bioinformatics/btz821	31769800		RNASeq_similarity_matrix	https://bio.tools/RNASeq_similarity_matrix
biotools	Q08	clade_marker	SNPnotes	software_registry	SNPnotes		10.12688/f1000research.20415.1			SNPnotes	https://bio.tools/SNPnotes
biotools	Q08	clade_marker	SVJedi	software_registry	SVJedi		10.1101/849208			SVJedi	https://bio.tools/SVJedi
biotools	Q08	clade_marker	SpydrPick	software_registry	SpydrPick		10.1093/nar/gkz656	31361894		SpydrPick	https://bio.tools/SpydrPick
biotools	Q08	clade_marker	ananastra	software_registry	ANANASTRA		10.1093/nar/gkac262	35446421		ananastra	https://bio.tools/ananastra
biotools	Q08	clade_marker	aristotle	software_registry	Aristotle		10.1186/s12859-021-04521-w	35033007		aristotle	https://bio.tools/aristotle
biotools	Q08	clade_marker	asafe	software_registry	ASAFE		10.18129/b9.bioc.asafe			asafe	https://bio.tools/asafe
biotools	Q08	clade_marker	ascall	software_registry	AScall		10.3389/fbioe.2020.00353	32391349		ascall	https://bio.tools/ascall
biotools	Q08	clade_marker	ascat	software_registry	ASCAT		10.1073/pnas.1009843107	20837533		ascat	https://bio.tools/ascat
biotools	Q08	clade_marker	astruct	software_registry	AStruct		10.1186/s12859-024-05704-x	38429654		astruct	https://bio.tools/astruct
biotools	Q08	clade_marker	atacdb	software_registry	ATACdb		10.1093/nar/gkaa943	33125076		atacdb	https://bio.tools/atacdb
biotools	Q08	clade_marker	autocloner	software_registry	AutoCloner		10.1186/s12859-020-03601-7	32677889		autocloner	https://bio.tools/autocloner
biotools	Q08	clade_marker	baalchip	software_registry	BaalChIP					baalchip	https://bio.tools/baalchip
biotools	Q08	clade_marker	byase	software_registry	BYASE		10.1093/bioinformatics/btaa636	32678892		byase	https://bio.tools/byase
biotools	Q08	clade_marker	calmate	software_registry	CalMaTe		10.1093/bioinformatics/bts248	22576175		calmate	https://bio.tools/calmate
biotools	Q08	clade_marker	cancerimmunityqtl	software_registry	CancerImmunityQTL		10.1093/nar/gkaa805	33010176		cancerimmunityqtl	https://bio.tools/cancerimmunityqtl
biotools	Q08	clade_marker	cbarbel	software_registry	The catfish genome database (cBARBEL)		10.1093/nar/gkq765	20935046		cbarbel	https://bio.tools/cbarbel
biotools	Q08	clade_marker	crispam	software_registry	CrisPam		10.21203/rs.2.9413/v1			crispam	https://bio.tools/crispam
biotools	Q08	clade_marker	crlmm	software_registry	crlmm					crlmm	https://bio.tools/crlmm
biotools	Q08	clade_marker	fngwas	software_registry	fnGWAS		10.1101/871384			fngwas	https://bio.tools/fngwas
biotools	Q08	clade_marker	forge	software_registry	FORGE		10.12688/f1000research.6032.1			forge	https://bio.tools/forge
biotools	Q08	clade_marker	freebayes	software_registry	FreeBayes					freebayes	https://bio.tools/freebayes
biotools	Q08	clade_marker	gatk-lodn	software_registry	GATK-LODn		10.1186/s12859-016-1190-7	28185561		gatk-lodn	https://bio.tools/gatk-lodn
biotools	Q08	clade_marker	gdsfmt	software_registry	gdsfmt		10.1093/bioinformatics/bts606			gdsfmt	https://bio.tools/gdsfmt
biotools	Q08	clade_marker	geneview	software_registry	GeneView		10.1093/nar/gks563	22693219		geneview	https://bio.tools/geneview
biotools	Q08	clade_marker	gwas4d	software_registry	GWAS4D		10.1093/nar/gky407	29771388		gwas4d	https://bio.tools/gwas4d
biotools	Q08	clade_marker	halvade_somatic	software_registry	Halvade Somatic		10.1093/gigascience/giab094	35022699		halvade_somatic	https://bio.tools/halvade_somatic
biotools	Q08	clade_marker	idog	software_registry	iDog		10.1093/nar/gkae1031	39526388		idog	https://bio.tools/idog
biotools	Q08	clade_marker	idrmutpred	software_registry	IDRMutPred		10.1093/bioinformatics/btaa618	32756939		idrmutpred	https://bio.tools/idrmutpred
biotools	Q08	clade_marker	kasp	software_registry	KASP Assay Search		10.1093/g3journal/jkae251	39486028		kasp	https://bio.tools/kasp
biotools	Q08	clade_marker	massarray	software_registry	MassArray		10.18129/b9.bioc.massarray			massarray	https://bio.tools/massarray
biotools	Q08	clade_marker	metaphat	software_registry	MetaPhat		10.3389/fgene.2020.00431	32499813		metaphat	https://bio.tools/metaphat
biotools	Q08	clade_marker	metaquad	software_registry	MetaQuad		10.1093/bioadv/vbae030	38476299		metaquad	https://bio.tools/metaquad
biotools	Q08	clade_marker	methhaplo	software_registry	MethHaplo		10.1186/s12859-020-03798-7	33045983		methhaplo	https://bio.tools/methhaplo
biotools	Q08	clade_marker	mousedivgeno	software_registry	MouseDivGeno		10.1186/1471-2164-13-34	22260749		mousedivgeno	https://bio.tools/mousedivgeno
biotools	Q08	clade_marker	olagen	software_registry	OLAgen		10.1016/j.jmoldx.2024.12.007	39818318		olagen	https://bio.tools/olagen
biotools	Q08	clade_marker	p2s	software_registry	P2S					p2s	https://bio.tools/p2s
biotools	Q08	clade_marker	pairadise	software_registry	PAIRADISE		10.1016/j.ajhg.2020.07.005	32781045		pairadise	https://bio.tools/pairadise
biotools	Q08	clade_marker	panoga	software_registry	PANOGA		10.21203/rs.2.1035/v2			panoga	https://bio.tools/panoga
biotools	Q08	clade_marker	phossnp	software_registry	PhosSNP			19995808		phossnp	https://bio.tools/phossnp
biotools	Q08	clade_marker	platinumcnv	software_registry	PlatinumCNV		10.1002/gepi.20633	22125222		platinumcnv	https://bio.tools/platinumcnv
biotools	Q08	clade_marker	polymarker	software_registry	PolyMarker		10.1111/pbi.12281	25382230		polymarker	https://bio.tools/polymarker
biotools	Q08	clade_marker	popmusic	software_registry	MuSiC suite: PoPMuSiC, HoTMuSiC, and SNPMuSiC		10.1093/bioinformatics/btp445	19654118		popmusic	https://bio.tools/popmusic
biotools	Q08	clade_marker	ptmsnp	software_registry	PTMsnp		10.3389/fcell.2020.593661	33240890		ptmsnp	https://bio.tools/ptmsnp
biotools	Q08	clade_marker	regionalp	software_registry	RegionalP		10.1038/ejhg.2011.219	22126751		regionalp	https://bio.tools/regionalp
biotools	Q08	clade_marker	regsnps-asb	software_registry	regSNPs-ASB		10.3389/fbioe.2020.00886	32850739		regsnps-asb	https://bio.tools/regsnps-asb
biotools	Q08	clade_marker	regvar	software_registry	RegVar		10.1101/2021.04.17.440295			regvar	https://bio.tools/regvar
biotools	Q08	clade_marker	rseg	software_registry	Rseg		10.1093/bioinformatics/btq668	21134892		rseg	https://bio.tools/rseg
biotools	Q08	clade_marker	saigegds	software_registry	SAIGEgds		10.1093/bioinformatics/bts606			saigegds	https://bio.tools/saigegds
biotools	Q08	clade_marker	scdb	software_registry	SCDb		10.1186/s12885-020-06869-3	32487193		scdb	https://bio.tools/scdb
biotools	Q08	clade_marker	simuG	software_registry	simuG		10.1093/bioinformatics/btz424	31116378		simuG	https://bio.tools/simuG
biotools	Q08	clade_marker	sirna_selection	software_registry	siRNA Selection Server		10.1093/nar/gkh366	15215365		sirna_selection	https://bio.tools/sirna_selection
biotools	Q08	clade_marker	snp-crispr	software_registry	SNP-CRISPR		10.1534/g3.119.400904	31822517		snp-crispr	https://bio.tools/snp-crispr
biotools	Q08	clade_marker	snp_ratio_test	software_registry	SNP ratio test		10.1093/bioinformatics/btp448	19620097		snp_ratio_test	https://bio.tools/snp_ratio_test
biotools	Q08	clade_marker	snpack	software_registry	SNPack		10.1093/bioinformatics/btu495	25064564		snpack	https://bio.tools/snpack
biotools	Q08	clade_marker	snpalyze	software_registry	SNPALYZE		10.1007/s100380200100	12522686		snpalyze	https://bio.tools/snpalyze
biotools	Q08	clade_marker	snpbox	software_registry	SNPbox		10.1093/nar/gkh369	15215373		snpbox	https://bio.tools/snpbox
biotools	Q08	clade_marker	snppar	software_registry	SNPPar		10.1101/2020.07.08.194480			snppar	https://bio.tools/snppar
biotools	Q08	clade_marker	ssNPA	software_registry	ssNPA		10.1093/bioinformatics/btz949	31873725		ssNPA	https://bio.tools/ssNPA
biotools	Q08	clade_marker	strspy	software_registry	STRspy		10.1101/2021.07.01.450747			strspy	https://bio.tools/strspy
biotools	Q08	clade_marker	svamp	software_registry	SVAMP		10.1093/bioinformatics/btu176	24700318		svamp	https://bio.tools/svamp
biotools	Q08	clade_marker	synthesis-view	software_registry	Synthesis-View		10.1186/1756-0381-3-10			synthesis-view	https://bio.tools/synthesis-view
biotools	Q08	clade_marker	tmc-snpdb_2.0	software_registry	TMC-SNPdb 2.0		10.1093/database/baac029	35551364		tmc-snpdb_2.0	https://bio.tools/tmc-snpdb_2.0
biotools	Q08	clade_marker	triadsim	software_registry	TriadSim		10.1186/s12859-017-2004-2	29291710		triadsim	https://bio.tools/triadsim
biotools	Q08	clade_marker	vadt	software_registry	VADT		10.1038/s41598-021-83459-8	33597613		vadt	https://bio.tools/vadt
biotools	Q08	clade_marker	variantfoldrna	software_registry	VariantFoldRNA		10.1093/nargab/lqaf066	40443739		variantfoldrna	https://bio.tools/variantfoldrna
biotools	Q08	clade_marker	wasp	software_registry	WASP		10.1186/1471-2164-8-275	17697334		wasp	https://bio.tools/wasp
biotools	Q08	clade_marker	yapsa	software_registry	YAPSA		10.18129/b9.bioc.yapsa			yapsa	https://bio.tools/yapsa
biotools	Q10	genotyping	bayesrco	software_registry	BayesRCO		10.1186/s12859-022-04914-5	36068513		bayesrco	https://bio.tools/bayesrco
biotools	Q10	genotyping	bgsmtr	software_registry	bgsmtr		10.1093/bioinformatics/btx215	28419235		bgsmtr	https://bio.tools/bgsmtr
biotools	Q10	genotyping	biohansel	software_registry	BioHansel		10.1101/2020.01.10.902056			biohansel	https://bio.tools/biohansel
biotools	Q10	genotyping	dbgap	software_registry	dbGAP		10.1093/nar/gkt1211	24297256		dbgap	https://bio.tools/dbgap
biotools	Q10	genotyping	deephiscom	software_registry	DeepHisCoM		10.1093/bib/bbac171	35598329		deephiscom	https://bio.tools/deephiscom
biotools	Q10	genotyping	gdsfmt	software_registry	gdsfmt		10.1093/bioinformatics/bts606			gdsfmt	https://bio.tools/gdsfmt
biotools	Q10	genotyping	mad-hidtree	software_registry	MAD-HiDTree		10.3389/fpls.2021.628421	33613609		mad-hidtree	https://bio.tools/mad-hidtree
biotools	Q10	genotyping	saigegds	software_registry	SAIGEgds		10.1093/bioinformatics/bts606			saigegds	https://bio.tools/saigegds
biotools	Q10	genotyping	vivaxGEN-geo	software_registry	vivaxGEN-geo		10.1101/776781			vivaxGEN-geo	https://bio.tools/vivaxGEN-geo
biotools	Q11	ancestral_reconstruction	Cassiopeia	software_registry	Cassiopeia		10.1101/800078	32290857		Cassiopeia	https://bio.tools/Cassiopeia
biotools	Q11	ancestral_reconstruction	PYRO-NN	software_registry	PYRO-NN		10.1002/mp.13753	31389023		PYRO-NN	https://bio.tools/PYRO-NN
biotools	Q11	ancestral_reconstruction	ancseq	software_registry	ancseq		10.1371/journal.pgen.1011653	40202957		ancseq	https://bio.tools/ancseq
biotools	Q11	ancestral_reconstruction	branchsnv	software_registry	BRANCHSNV					branchsnv	https://bio.tools/branchsnv
biotools	Q11	ancestral_reconstruction	castor	software_registry	castor		10.1093/bioinformatics/btx701	29091997		castor	https://bio.tools/castor
biotools	Q11	ancestral_reconstruction	mbasr	software_registry	MBASR		10.1101/2021.01.10.426107			mbasr	https://bio.tools/mbasr
biotools	Q11	ancestral_reconstruction	rasp	software_registry	RASP		10.1016/j.ympev.2015.03.008	25819445		rasp	https://bio.tools/rasp
biotools	Q11	ancestral_reconstruction	recover	software_registry	ReCOVER					recover	https://bio.tools/recover
biotools	Q11	ancestral_reconstruction	revgadgets	software_registry	RevGadgets		10.1101/2021.05.10.443470			revgadgets	https://bio.tools/revgadgets
biotools	Q11	ancestral_reconstruction	snppar	software_registry	SNPPar		10.1101/2020.07.08.194480			snppar	https://bio.tools/snppar
biotools	Q11	ancestral_reconstruction	treegraph_2	software_registry	TreeGraph 2		10.1186/1471-2105-11-7	20051126		treegraph_2	https://bio.tools/treegraph_2
biotools	Q12	ancestral_reconstruction	Cassiopeia	software_registry	Cassiopeia		10.1101/800078	32290857		Cassiopeia	https://bio.tools/Cassiopeia
biotools	Q12	ancestral_reconstruction	DNABarcodeCompatibility	software_registry	DNABarcodeCompatibility		10.1093/bioinformatics/bty1030			DNABarcodeCompatibility	https://bio.tools/DNABarcodeCompatibility
biotools	Q12	ancestral_reconstruction	FLEA	software_registry	FLEA		10.1371/journal.pcbi.1006498	30543621		FLEA	https://bio.tools/FLEA
biotools	Q12	ancestral_reconstruction	MOODA	software_registry	MOODA		10.1101/761320			MOODA	https://bio.tools/MOODA
biotools	Q12	ancestral_reconstruction	PhyChro	software_registry	PhyChro		10.1101/840942			PhyChro	https://bio.tools/PhyChro
biotools	Q12	ancestral_reconstruction	allcopol	software_registry	AllCoPol		10.1186/s12859-020-03750-9	33028201		allcopol	https://bio.tools/allcopol
biotools	Q12	ancestral_reconstruction	ancestralclust	software_registry	AncestralClust		10.1101/2021.01.08.426008			ancestralclust	https://bio.tools/ancestralclust
biotools	Q12	ancestral_reconstruction	ancseq	software_registry	ancseq		10.1371/journal.pgen.1011653	40202957		ancseq	https://bio.tools/ancseq
biotools	Q12	ancestral_reconstruction	bonsai	software_registry	Bonsai		10.1101/2021.04.06.438656			bonsai	https://bio.tools/bonsai
biotools	Q12	ancestral_reconstruction	branchsnv	software_registry	BRANCHSNV					branchsnv	https://bio.tools/branchsnv
biotools	Q12	ancestral_reconstruction	clonaltree_b_cell	software_registry	ClonalTree		10.1186/s12859-022-05112-z	36849917		clonaltree_b_cell	https://bio.tools/clonaltree_b_cell
biotools	Q12	ancestral_reconstruction	coati	software_registry	COATi		10.1093/molbev/msae117	38869090		coati	https://bio.tools/coati
biotools	Q12	ancestral_reconstruction	crisprbuilder-tb	software_registry	CRISPRbuilder-TB		10.1371/journal.pcbi.1008500	33667225		crisprbuilder-tb	https://bio.tools/crisprbuilder-tb
biotools	Q12	ancestral_reconstruction	dbcns	software_registry	dbCNS		10.1093/molbev/msaa296	33196844		dbcns	https://bio.tools/dbcns
biotools	Q12	ancestral_reconstruction	evolaps	software_registry	EvoLaps		10.1186/s12859-021-04386-z	34579644		evolaps	https://bio.tools/evolaps
biotools	Q12	ancestral_reconstruction	exibd	software_registry	ExIBD		10.1016/j.ajhg.2016.09.011	27745837		exibd	https://bio.tools/exibd
biotools	Q12	ancestral_reconstruction	fastml	software_registry	FastML		10.1093/nar/gks498	22661579		fastml	https://bio.tools/fastml
biotools	Q12	ancestral_reconstruction	fireprot-asr	software_registry	FireProt ASR					fireprot-asr	https://bio.tools/fireprot-asr
biotools	Q12	ancestral_reconstruction	fireprot_2.0	software_registry	FireProt 2.0		10.1093/bib/bbad425	38018911		fireprot_2.0	https://bio.tools/fireprot_2.0
biotools	Q12	ancestral_reconstruction	fuse-phylotree	software_registry	FUSE-PhyloTree		10.1093/bioinformatics/btaf479	40875493		fuse-phylotree	https://bio.tools/fuse-phylotree
biotools	Q12	ancestral_reconstruction	genofunc	software_registry	Genofunc		10.1186/s12859-023-05356-3	37254048		genofunc	https://bio.tools/genofunc
biotools	Q12	ancestral_reconstruction	gisaid	software_registry	GISAID		10.3201/eid3008.240209	39043393		gisaid	https://bio.tools/gisaid
biotools	Q12	ancestral_reconstruction	grasp_web	software_registry	GRASP		10.1371/journal.pcbi.1010633	36279274		grasp_web	https://bio.tools/grasp_web
biotools	Q12	ancestral_reconstruction	gubbins	software_registry	Gubbins		10.1093/nar/gku1196	25414349		gubbins	https://bio.tools/gubbins
biotools	Q12	ancestral_reconstruction	halSynteny	software_registry	halSynteny		10.1093/gigascience/giaa047	32463100		halSynteny	https://bio.tools/halSynteny
biotools	Q12	ancestral_reconstruction	historian	software_registry	Historian		10.1093/bioinformatics/btw791	28104629		historian	https://bio.tools/historian
biotools	Q12	ancestral_reconstruction	hubdesign	software_registry	HUBDesign		10.1016/j.crmeth.2021.100069	35474894		hubdesign	https://bio.tools/hubdesign
biotools	Q12	ancestral_reconstruction	laser	software_registry	LASER		10.1038/ng.2924	24633160		laser	https://bio.tools/laser
biotools	Q12	ancestral_reconstruction	mapgl	software_registry	MapGL		10.1186/s12859-020-03742-9	32962625		mapgl	https://bio.tools/mapgl
biotools	Q12	ancestral_reconstruction	mirage-evol	software_registry	Mirage-evol		10.1101/2020.10.09.333286			mirage-evol	https://bio.tools/mirage-evol
biotools	Q12	ancestral_reconstruction	ontofast	software_registry	ontoFAST		10.1101/2021.05.11.443562			ontofast	https://bio.tools/ontofast
biotools	Q12	ancestral_reconstruction	perfectphyloR	software_registry	perfectphyloR		10.1186/s12859-019-3313-4	31870286		perfectphyloR	https://bio.tools/perfectphyloR
biotools	Q12	ancestral_reconstruction	phylobot	software_registry	PhyloBot		10.1371/journal.pcbi.1004976	27472806		phylobot	https://bio.tools/phylobot
biotools	Q12	ancestral_reconstruction	phyloctcflooping	software_registry	PhyloCTCFLooping		10.1093/bioinformatics/btz775	31605131		phyloctcflooping	https://bio.tools/phyloctcflooping
biotools	Q12	ancestral_reconstruction	phyrex	software_registry	Phyrex		10.1186/1471-2105-6-127	15921519		phyrex	https://bio.tools/phyrex
biotools	Q12	ancestral_reconstruction	rcandy	software_registry	RCandy		10.1093/bioinformatics/btab814	34864895		rcandy	https://bio.tools/rcandy
biotools	Q12	ancestral_reconstruction	rearrvisr	software_registry	rearrvisr		10.1101/2020.06.25.170522			rearrvisr	https://bio.tools/rearrvisr
biotools	Q12	ancestral_reconstruction	revenant	software_registry	Revenant		10.1093/database/baaa031	32400867		revenant	https://bio.tools/revenant
biotools	Q12	ancestral_reconstruction	rfmix	software_registry	RFMix		10.1016/j.ajhg.2013.06.020	23910464		rfmix	https://bio.tools/rfmix
biotools	Q12	ancestral_reconstruction	snppar	software_registry	SNPPar		10.1101/2020.07.08.194480			snppar	https://bio.tools/snppar
biotools	Q12	ancestral_reconstruction	taxontree	software_registry	TaxOnTree		10.1101/2020.12.24.424364			taxontree	https://bio.tools/taxontree
biotools	Q12	ancestral_reconstruction	tedsim	software_registry	TedSim		10.1101/2021.06.21.449283			tedsim	https://bio.tools/tedsim
biotools	Q12	ancestral_reconstruction	tophap	software_registry	TopHap		10.1101/2021.12.13.472454			tophap	https://bio.tools/tophap
biotools	Q12	ancestral_reconstruction	topiary	software_registry	topiary		10.1002/pro.4551	36565302		topiary	https://bio.tools/topiary
biotools	Q12	ancestral_reconstruction	wavess	software_registry	wavess		10.1371/journal.pcbi.1013437	40966297		wavess	https://bio.tools/wavess
biotools	Q13	branch_mapping	PhISCS	software_registry	PhISCS		10.1101/gr.234435.118	31628256		PhISCS	https://bio.tools/PhISCS
biotools	Q13	branch_mapping	cellscape	software_registry	CellScape		10.18129/b9.bioc.cellscape			cellscape	https://bio.tools/cellscape
biotools	Q13	branch_mapping	cov-genome-tracker	software_registry	CoV Genome Tracker		10.1101/2020.04.10.036343			cov-genome-tracker	https://bio.tools/cov-genome-tracker
biotools	Q13	branch_mapping	hamdetector	software_registry	HAMdetector		10.1101/2021.07.17.452375			hamdetector	https://bio.tools/hamdetector
biotools	Q14	branch_mapping	grasp_web	software_registry	GRASP		10.1371/journal.pcbi.1010633	36279274		grasp_web	https://bio.tools/grasp_web
biotools	Q14	branch_mapping	mottle	software_registry	Mottle		10.1371/journal.pone.0298834	38512939		mottle	https://bio.tools/mottle
biotools	Q14	branch_mapping	phyleasprog	software_registry	PhyleasProg		10.1093/nar/gkr243	21531699		phyleasprog	https://bio.tools/phyleasprog
biotools	Q15	branch_mapping	branchsnv	software_registry	BRANCHSNV					branchsnv	https://bio.tools/branchsnv
biotools	Q16	homoplasy	snppar	software_registry	SNPPar		10.1101/2020.07.08.194480			snppar	https://bio.tools/snppar
biotools	Q17	homoplasy	PhISCS	software_registry	PhISCS		10.1101/gr.234435.118	31628256		PhISCS	https://bio.tools/PhISCS
biotools	Q18	clade_marker	AbLIFT	software_registry	AbLIFT		10.1371/journal.pcbi.1007207	31442220		AbLIFT	https://bio.tools/AbLIFT
biotools	Q18	clade_marker	AsCRISPR	software_registry	AsCRISPR		10.1101/672634			AsCRISPR	https://bio.tools/AsCRISPR
biotools	Q18	clade_marker	BLMRM	software_registry	BLMRM		10.1186/s12859-019-3141-6	31660858		BLMRM	https://bio.tools/BLMRM
biotools	Q18	clade_marker	CCLA	software_registry	Cancer Cell Line Authentication (CCLA)		10.1101/858456	32510568		CCLA	https://bio.tools/CCLA
biotools	Q18	clade_marker	LD-annot	software_registry	LD-annot		10.3389/fgene.2019.01192	31850063		LD-annot	https://bio.tools/LD-annot
biotools	Q18	clade_marker	Ped-sim	software_registry	Ped-sim		10.1371/journal.pgen.1007979	31860654		Ped-sim	https://bio.tools/Ped-sim
biotools	Q18	clade_marker	RACE-SEQ	software_registry	RACE-SEQ		10.1007/978-1-4939-9670-4_17	31410804		RACE-SEQ	https://bio.tools/RACE-SEQ
biotools	Q18	clade_marker	RNASeq_similarity_matrix	software_registry	RNASeq_similarity_matrix		10.1093/bioinformatics/btz821	31769800		RNASeq_similarity_matrix	https://bio.tools/RNASeq_similarity_matrix
biotools	Q18	clade_marker	RelocaTE2	software_registry	RelocaTE2		10.7287/peerj.preprints.2447v2			RelocaTE2	https://bio.tools/RelocaTE2
biotools	Q18	clade_marker	SNPnotes	software_registry	SNPnotes		10.12688/f1000research.20415.1			SNPnotes	https://bio.tools/SNPnotes
biotools	Q18	clade_marker	Staphopia	software_registry	Staphopia		10.7287/peerj.preprints.26890v2			Staphopia	https://bio.tools/Staphopia
biotools	Q18	clade_marker	adastra	software_registry	ADASTRA		10.1038/s41467-021-23007-0	33980847		adastra	https://bio.tools/adastra
biotools	Q18	clade_marker	aggloindel	software_registry	AggloIndel		10.1186/1471-2164-14-s1-s12	23369161		aggloindel	https://bio.tools/aggloindel
biotools	Q18	clade_marker	ananastra	software_registry	ANANASTRA		10.1093/nar/gkac262	35446421		ananastra	https://bio.tools/ananastra
biotools	Q18	clade_marker	aperture	software_registry	Aperture		10.1101/2020.12.04.409508			aperture	https://bio.tools/aperture
biotools	Q18	clade_marker	ascall	software_registry	AScall		10.3389/fbioe.2020.00353	32391349		ascall	https://bio.tools/ascall
biotools	Q18	clade_marker	ashic	software_registry	ASHIC		10.1101/2020.08.29.273722	33074315		ashic	https://bio.tools/ashic
biotools	Q18	clade_marker	astruct	software_registry	AStruct		10.1186/s12859-024-05704-x	38429654		astruct	https://bio.tools/astruct
biotools	Q18	clade_marker	atacdb	software_registry	ATACdb		10.1093/nar/gkaa943	33125076		atacdb	https://bio.tools/atacdb
biotools	Q18	clade_marker	autocloner	software_registry	AutoCloner		10.1186/s12859-020-03601-7	32677889		autocloner	https://bio.tools/autocloner
biotools	Q18	clade_marker	byase	software_registry	BYASE		10.1093/bioinformatics/btaa636	32678892		byase	https://bio.tools/byase
biotools	Q18	clade_marker	canasm	software_registry	CanASM		10.1186/s12864-025-11849-7	40634835		canasm	https://bio.tools/canasm
biotools	Q18	clade_marker	cancerimmunityqtl	software_registry	CancerImmunityQTL		10.1093/nar/gkaa805	33010176		cancerimmunityqtl	https://bio.tools/cancerimmunityqtl
biotools	Q18	clade_marker	cbarbel	software_registry	The catfish genome database (cBARBEL)		10.1093/nar/gkq765	20935046		cbarbel	https://bio.tools/cbarbel
biotools	Q18	clade_marker	chia-pipe	software_registry	ChIA-PIPE		10.1126/sciadv.aay2078	32832596		chia-pipe	https://bio.tools/chia-pipe
biotools	Q18	clade_marker	chit	software_registry	CHIT		10.1093/bioinformatics/btab554	34323937		chit	https://bio.tools/chit
biotools	Q18	clade_marker	clotbase	software_registry	Clotbase			20688969		clotbase	https://bio.tools/clotbase
biotools	Q18	clade_marker	cloudasm	software_registry	CloudASM		10.1101/2020.01.28.887430			cloudasm	https://bio.tools/cloudasm
biotools	Q18	clade_marker	cnahap	software_registry	CNAHap		10.1101/2021.03.27.437314			cnahap	https://bio.tools/cnahap
biotools	Q18	clade_marker	crispam	software_registry	CrisPam		10.21203/rs.2.9413/v1			crispam	https://bio.tools/crispam
biotools	Q18	clade_marker	crlmm	software_registry	crlmm					crlmm	https://bio.tools/crlmm
biotools	Q18	clade_marker	deepkin	software_registry	deepKin		10.1016/j.crmeth.2025.101053	40436020		deepkin	https://bio.tools/deepkin
biotools	Q18	clade_marker	e-Driver	software_registry	e-Driver		10.1093/bioinformatics/btu499	25064568		e-Driver	https://bio.tools/e-Driver
biotools	Q18	clade_marker	elmsi	software_registry	ELMSI		10.1186/s12859-020-3349-5	32164528		elmsi	https://bio.tools/elmsi
biotools	Q18	clade_marker	finemap-miss	software_registry	FINEMAP-miss		10.1101/2025.09.30.25336878			finemap-miss	https://bio.tools/finemap-miss
biotools	Q18	clade_marker	fngwas	software_registry	fnGWAS		10.1101/871384			fngwas	https://bio.tools/fngwas
biotools	Q18	clade_marker	forge	software_registry	FORGE		10.12688/f1000research.6032.1			forge	https://bio.tools/forge
biotools	Q18	clade_marker	forge2	software_registry	FORGE2		10.1186/s13059-021-02560-3	34996498		forge2	https://bio.tools/forge2
biotools	Q18	clade_marker	freebayes	software_registry	FreeBayes					freebayes	https://bio.tools/freebayes
biotools	Q18	clade_marker	gdsfmt	software_registry	gdsfmt		10.1093/bioinformatics/bts606			gdsfmt	https://bio.tools/gdsfmt
biotools	Q18	clade_marker	geneview	software_registry	GeneView		10.1093/nar/gks563	22693219		geneview	https://bio.tools/geneview
biotools	Q18	clade_marker	haplodx	software_registry	HaploDX					haplodx	https://bio.tools/haplodx
biotools	Q18	clade_marker	idog	software_registry	iDog		10.1093/nar/gkae1031	39526388		idog	https://bio.tools/idog
biotools	Q18	clade_marker	kasp	software_registry	KASP Assay Search		10.1093/g3journal/jkae251	39486028		kasp	https://bio.tools/kasp
biotools	Q18	clade_marker	kmergo	software_registry	KmerGO		10.3389/fmicb.2020.02067	32983048		kmergo	https://bio.tools/kmergo
biotools	Q18	clade_marker	lfa	software_registry	lfa		10.1093/bioinformatics/btv641			lfa	https://bio.tools/lfa
biotools	Q18	clade_marker	locater	software_registry	LOCATER		10.1101/2024.11.04.24316696			locater	https://bio.tools/locater
biotools	Q18	clade_marker	metachrom	software_registry	MetaChrom		10.1101/2021.02.02.429064			metachrom	https://bio.tools/metachrom
biotools	Q18	clade_marker	metaphat	software_registry	MetaPhat		10.3389/fgene.2020.00431	32499813		metaphat	https://bio.tools/metaphat
biotools	Q18	clade_marker	metaquad	software_registry	MetaQuad		10.1093/bioadv/vbae030	38476299		metaquad	https://bio.tools/metaquad
biotools	Q18	clade_marker	methhaplo	software_registry	MethHaplo		10.1186/s12859-020-03798-7	33045983		methhaplo	https://bio.tools/methhaplo
biotools	Q18	clade_marker	mindel	software_registry	mInDel		10.1186/s12864-016-2614-5	27079510		mindel	https://bio.tools/mindel
biotools	Q18	clade_marker	mitocomon	software_registry	MitoCOMON		10.1186/s12864-025-12010-0	40885893		mitocomon	https://bio.tools/mitocomon
biotools	Q18	clade_marker	mixalime	software_registry	MixALime		10.1038/s41467-024-55513-2	39966391		mixalime	https://bio.tools/mixalime
biotools	Q18	clade_marker	motif-raptor	software_registry	Motif-Raptor		10.1093/bioinformatics/btab072	33532840		motif-raptor	https://bio.tools/motif-raptor
biotools	Q18	clade_marker	mousedivgeno	software_registry	MouseDivGeno		10.1186/1471-2164-13-34	22260749		mousedivgeno	https://bio.tools/mousedivgeno
biotools	Q18	clade_marker	mt-sccalr	software_registry	MT-SCCALR		10.1093/bioinformatics/btaa434	32657360		mt-sccalr	https://bio.tools/mt-sccalr
biotools	Q18	clade_marker	olagen	software_registry	OLAgen		10.1016/j.jmoldx.2024.12.007	39818318		olagen	https://bio.tools/olagen
biotools	Q18	clade_marker	pairadise	software_registry	PAIRADISE		10.1016/j.ajhg.2020.07.005	32781045		pairadise	https://bio.tools/pairadise
biotools	Q18	clade_marker	pangea	software_registry	PanGEA		10.1186/1471-2105-10-143	19442283		pangea	https://bio.tools/pangea
biotools	Q18	clade_marker	panoga	software_registry	PANOGA		10.21203/rs.2.1035/v2			panoga	https://bio.tools/panoga
biotools	Q18	clade_marker	pgainsim	software_registry	pgainsim		10.1093/bioinformatics/btab150	33738486		pgainsim	https://bio.tools/pgainsim
biotools	Q18	clade_marker	phossnp	software_registry	PhosSNP			19995808		phossnp	https://bio.tools/phossnp
biotools	Q18	clade_marker	platinumcnv	software_registry	PlatinumCNV		10.1002/gepi.20633	22125222		platinumcnv	https://bio.tools/platinumcnv
biotools	Q18	clade_marker	pneumokity	software_registry	PneumoKITy		10.1099/mgen.0.000904	36748701		pneumokity	https://bio.tools/pneumokity
biotools	Q18	clade_marker	polymarker	software_registry	PolyMarker		10.1111/pbi.12281	25382230		polymarker	https://bio.tools/polymarker
biotools	Q18	clade_marker	pyhla	software_registry	PyHLA		10.1186/s12859-017-1496-0	28166716		pyhla	https://bio.tools/pyhla
biotools	Q18	clade_marker	regionalp	software_registry	RegionalP		10.1038/ejhg.2011.219	22126751		regionalp	https://bio.tools/regionalp
biotools	Q18	clade_marker	regsnps-asb	software_registry	regSNPs-ASB		10.3389/fbioe.2020.00886	32850739		regsnps-asb	https://bio.tools/regsnps-asb
biotools	Q18	clade_marker	regvar	software_registry	RegVar		10.1101/2021.04.17.440295			regvar	https://bio.tools/regvar
biotools	Q18	clade_marker	renano	software_registry	RENANO		10.1101/2021.03.26.437155			renano	https://bio.tools/renano
biotools	Q18	clade_marker	romprev	software_registry	ROMPrev 0.2.1 beta		10.1111/j.1469-1809.2007.00401.x	18042270		romprev	https://bio.tools/romprev
biotools	Q18	clade_marker	rseg	software_registry	Rseg		10.1093/bioinformatics/btq668	21134892		rseg	https://bio.tools/rseg
biotools	Q18	clade_marker	saigegds	software_registry	SAIGEgds		10.1093/bioinformatics/bts606			saigegds	https://bio.tools/saigegds
biotools	Q18	clade_marker	sc2disease	software_registry	SC2disease		10.1093/nar/gkaa838	33010177		sc2disease	https://bio.tools/sc2disease
biotools	Q18	clade_marker	scdb	software_registry	SCDb		10.1186/s12885-020-06869-3	32487193		scdb	https://bio.tools/scdb
biotools	Q18	clade_marker	simuG	software_registry	simuG		10.1093/bioinformatics/btz424	31116378		simuG	https://bio.tools/simuG
biotools	Q18	clade_marker	sirna_selection	software_registry	siRNA Selection Server		10.1093/nar/gkh366	15215365		sirna_selection	https://bio.tools/sirna_selection
biotools	Q18	clade_marker	sitepath	software_registry	sitePath		10.1186/s12859-022-05064-4	36434502		sitepath	https://bio.tools/sitepath
biotools	Q18	clade_marker	snappnet	software_registry	SnappNet		10.1371/journal.pcbi.1008380	34478440		snappnet	https://bio.tools/snappnet
biotools	Q18	clade_marker	snp-crispr	software_registry	SNP-CRISPR		10.1534/g3.119.400904	31822517		snp-crispr	https://bio.tools/snp-crispr
biotools	Q18	clade_marker	snp_ratio_test	software_registry	SNP ratio test		10.1093/bioinformatics/btp448	19620097		snp_ratio_test	https://bio.tools/snp_ratio_test
biotools	Q18	clade_marker	snpalyze	software_registry	SNPALYZE		10.1007/s100380200100	12522686		snpalyze	https://bio.tools/snpalyze
biotools	Q18	clade_marker	snpbox	software_registry	SNPbox		10.1093/nar/gkh369	15215373		snpbox	https://bio.tools/snpbox
biotools	Q18	clade_marker	snppar	software_registry	SNPPar		10.1101/2020.07.08.194480			snppar	https://bio.tools/snppar
biotools	Q18	clade_marker	specvar	software_registry	SpecVar		10.7554/elife.82535	36525361		specvar	https://bio.tools/specvar
biotools	Q18	clade_marker	strspy	software_registry	STRspy		10.1101/2021.07.01.450747			strspy	https://bio.tools/strspy
biotools	Q18	clade_marker	svdss	software_registry	SVDSS		10.1038/s41592-022-01674-1	36550274		svdss	https://bio.tools/svdss
biotools	Q18	clade_marker	swissvar	software_registry	SwissVar		10.1093/bioinformatics/btq028	20106818		swissvar	https://bio.tools/swissvar
biotools	Q18	clade_marker	targetgene	software_registry	TargetGene		10.1093/nar/gkad901	37870478		targetgene	https://bio.tools/targetgene
biotools	Q18	clade_marker	triadsim	software_registry	TriadSim		10.1186/s12859-017-2004-2	29291710		triadsim	https://bio.tools/triadsim
biotools	Q18	clade_marker	umi-gen	software_registry	UMI-Gen		10.1101/2020.04.22.027532			umi-gen	https://bio.tools/umi-gen
biotools	Q18	clade_marker	vadt	software_registry	VADT		10.1038/s41598-021-83459-8	33597613		vadt	https://bio.tools/vadt
biotools	Q18	clade_marker	validsplicemut	software_registry	ValidSpliceMut		10.3389/fgene.2020.00109	32211018		validsplicemut	https://bio.tools/validsplicemut
biotools	Q18	clade_marker	varcon	software_registry	VarCon		10.1177/1176935120976399	33281441		varcon	https://bio.tools/varcon
biotools	Q18	clade_marker	variantfoldrna	software_registry	VariantFoldRNA		10.1093/nargab/lqaf066	40443739		variantfoldrna	https://bio.tools/variantfoldrna
biotools	Q18	clade_marker	wasp	software_registry	WASP		10.1186/1471-2164-8-275	17697334		wasp	https://bio.tools/wasp
openalex	Q01	clade_marker	W2794656897	publication	Phylogenetic Characterization of Salmonella enterica Serovar Typhimurium and Its Monophasic Variant Isolated from Food Animals in Japan Revealed Replacement of Major Epidemic Clones in the Last 4 Decades	2018	10.1128/jcm.01758-17	29491013	https://openalex.org/W2794656897		https://openalex.org/W2794656897
openalex	Q01	clade_marker	W2898317903	publication	Genotypic and phenotypic characterization of Salmonella enterica subsp. enterica serovar Typhimurium monophasic variants isolated in Thailand and Japan	2018	10.1292/jvms.18-0510	30369553	https://openalex.org/W2898317903		https://openalex.org/W2898317903
openalex	Q01	clade_marker	W7213447868	publication	Genomic Epidemiology of Salmonella enterica Serovar Hadar Strain Linked to Poultry-Associated Salmonellosis Outbreaks, United States	2026	10.3201/eid3210.260501		https://openalex.org/W7213447868		https://openalex.org/W7213447868
openalex	Q02	clade_marker	W1532502244	publication	Naturally Occurring Capsid Protein Variants of Human Papillomavirus Genotype 31 Represent a Single L1 Serotype	2015	10.1128/jvi.00842-15	25995264	https://openalex.org/W1532502244		https://openalex.org/W1532502244
openalex	Q02	clade_marker	W2133805132	publication	A single-nucleotide-polymorphism real-time PCR assay for genotyping of Mycobacterium tuberculosis complex in peri-urban Kampala	2015	10.1186/s12879-015-1121-7	26423522	https://openalex.org/W2133805132		https://openalex.org/W2133805132
openalex	Q02	clade_marker	W2153511427	publication	Origin and Possible Genetic Recombination of the Middle East Respiratory Syndrome Coronavirus from the First Imported Case in China: Phylogenetics and Coalescence Analysis	2015	10.1128/mbio.01280-15	26350969	https://openalex.org/W2153511427		https://openalex.org/W2153511427
openalex	Q02	clade_marker	W2159957127	publication	Identification and Genotyping of Mycobacterium tuberculosis Complex Species by Use of a SNaPshot Minisequencing-Based Assay	2010	10.1128/jcm.02255-09	20220173	https://openalex.org/W2159957127		https://openalex.org/W2159957127
openalex	Q02	clade_marker	W2333103546	publication	False detection ofCoxiella burnetii—what is the risk?	2016	10.1093/femsle/fnw088	27190242	https://openalex.org/W2333103546		https://openalex.org/W2333103546
openalex	Q02	clade_marker	W2761086305	publication	A47 Origin and possible genetic recombination of the middle east respiratory syndrome coronavirus from the first imported case in china: phylogenetics and coalescence analysis	2017	10.1093/ve/vew036.046	28845291	https://openalex.org/W2761086305		https://openalex.org/W2761086305
openalex	Q02	clade_marker	W2809862278	publication	Whole Genome Sequencing of Antimicrobial-Resistant Shigella sonnei Associated with Infection Acquired from International and Domestic Settings Reveals Gene Allelic Variants that Predict Global Lineages	2018	10.1101/361196		https://openalex.org/W2809862278		https://openalex.org/W2809862278
openalex	Q02	clade_marker	W2899606502	publication	Groups of coevolving positions provide drug resistance to Mycobacterium tuberculosis: A study using targets of first-line antituberculosis drugs	2018	10.1016/j.ijantimicag.2018.10.027	30415003	https://openalex.org/W2899606502		https://openalex.org/W2899606502
openalex	Q02	clade_marker	W2926567391	publication	Multiplex PCR targeting lineage‐specific SNP s: A highly efficient and simple approach to block out predator sequences in molecular gut content analysis	2019	10.1111/2041-210x.13183		https://openalex.org/W2926567391		https://openalex.org/W2926567391
openalex	Q02	clade_marker	W2988401548	publication	Genotyping of Mycobacterium tuberculosis spreading in Hanoi, Vietnam using conventional and whole genome sequencing methods	2019	10.1016/j.meegid.2019.104107	31706080	https://openalex.org/W2988401548		https://openalex.org/W2988401548
openalex	Q02	clade_marker	W3160875032	publication	Plague Risk and Prevention	2021	10.1007/978-981-33-6958-0_8		https://openalex.org/W3160875032		https://openalex.org/W3160875032
openalex	Q02	clade_marker	W3210421637	publication	Highly-Sensitive Lineage Discrimination of SARS-CoV-2 Variants through Allele-Specific Probe Polymerase Chain Reaction	2021	10.1101/2021.11.01.21265384		https://openalex.org/W3210421637		https://openalex.org/W3210421637
openalex	Q02	clade_marker	W4225106289	publication	A lineage‐specific arginine in POS1 is required for fruit size control in Physaleae (Solanaceae) via gene co‐option	2022	10.1111/tpj.15786	35481627	https://openalex.org/W4225106289		https://openalex.org/W4225106289
openalex	Q02	clade_marker	W4283316080	publication	A Straightforward HPV16 Lineage Classification Based on Machine Learning	2022	10.3389/frai.2022.851841	35814487	https://openalex.org/W4283316080		https://openalex.org/W4283316080
openalex	Q02	clade_marker	W4410549566	publication	Parental Phasing Study Identified Lineage-Specific Variants Associated with Gene Expression and Epigenetic Modifications in European–Chinese Hybrid Pigs	2025	10.3390/ani15101494	40427370	https://openalex.org/W4410549566		https://openalex.org/W4410549566
openalex	Q02	clade_marker	W7137914543	publication	Additional file 5: Figure S2. of A single-nucleotide-polymorphism real-time PCR assay for genotyping of Mycobacterium tuberculosis complex in peri-urban Kampala	2015	10.6084/m9.figshare.4335104.v1		https://openalex.org/W7137914543		https://openalex.org/W7137914543
openalex	Q02	clade_marker	W7138232394	publication	Additional file 5: Figure S2. of A single-nucleotide-polymorphism real-time PCR assay for genotyping of Mycobacterium tuberculosis complex in peri-urban Kampala	2015	10.6084/m9.figshare.4335104		https://openalex.org/W7138232394		https://openalex.org/W7138232394
openalex	Q02	clade_marker	W7171497518	publication	Comparative chloroplast genomics clarifies the taxonomic status and supports molecular identification of Viburnum keteleeri ‘Sterile’ and Viburnum keteleeri	2026	10.3389/fpls.2026.1908462	42582359	https://openalex.org/W7171497518		https://openalex.org/W7171497518
openalex	Q03	clade_marker	W1950239710	publication	Whole Genome-Sequencing and Phylogenetic Analysis of a Historical Collection of Bacillus anthracis Strains from Danish Cattle	2015	10.1371/journal.pone.0134699	26317972	https://openalex.org/W1950239710		https://openalex.org/W1950239710
openalex	Q03	clade_marker	W1966820946	publication	Genetic populations ofBacillus anthracisisolates from Korea	2012	10.4142/jvs.2012.13.4.385	23271180	https://openalex.org/W1966820946		https://openalex.org/W1966820946
openalex	Q03	clade_marker	W2001155023	publication	High prevalence and two dominant host-specific genotypes of Coxiella burnetii in U.S. milk	2014	10.1186/1471-2180-14-41	24533573	https://openalex.org/W2001155023		https://openalex.org/W2001155023
openalex	Q03	clade_marker	W2005212780	publication	Phylogeography of Francisella tularensis : Global Expansion of a Highly Fit Clone	2009	10.1128/jb.01786-08	19251856	https://openalex.org/W2005212780		https://openalex.org/W2005212780
openalex	Q03	clade_marker	W2007720209	publication	Anthrax phylogenetic structure in Northern Italy	2011	10.1186/1756-0500-4-273	21801397	https://openalex.org/W2007720209		https://openalex.org/W2007720209
openalex	Q03	clade_marker	W2007963911	publication	Hare-to-Human Transmission of Francisella tularensis subsp. holarctica, Germany	2014	10.3201/eid2101.131837	25531286	https://openalex.org/W2007963911		https://openalex.org/W2007963911
openalex	Q03	clade_marker	W2010291891	publication	Molecular diversity of Bacillus anthracis in the Netherlands: Investigating the relationship to the worldwide population using whole-genome SNP discovery	2015	10.1016/j.meegid.2015.03.030	25843650	https://openalex.org/W2010291891		https://openalex.org/W2010291891
openalex	Q03	clade_marker	W2019630929	publication	Rapid Differentiation between Livestock-Associated and Livestock-Independent Staphylococcus aureus CC398 Clades	2013	10.1371/journal.pone.0079645	24244535	https://openalex.org/W2019630929		https://openalex.org/W2019630929
openalex	Q03	clade_marker	W2053411049	publication	Bangladesh anthrax outbreaks are probably caused by contaminated livestock feed	2012	10.1017/s0950268812001227	22814512	https://openalex.org/W2053411049		https://openalex.org/W2053411049
openalex	Q03	clade_marker	W2064179864	publication	Source tracking of an anthrax outbreak in northeastern China using complete genome analysis and MLVA genotyping	2014	10.1007/s10096-014-2195-7	25073769	https://openalex.org/W2064179864		https://openalex.org/W2064179864
openalex	Q03	clade_marker	W2139659378	publication	Draft Genome Sequences of Two Bulgarian Bacillus anthracis Strains	2013	10.1128/genomea.00152-13	23599294	https://openalex.org/W2139659378		https://openalex.org/W2139659378
openalex	Q03	clade_marker	W2165992874	publication	Characterization of Genetic Diversity of Bacillus anthracis in France by Using High-Resolution Melting Assays and Multilocus Variable-Number Tandem-Repeat Analysis	2011	10.1128/jcm.05439-11	21998431	https://openalex.org/W2165992874		https://openalex.org/W2165992874
openalex	Q03	clade_marker	W2166544628	publication	Bacillus anthracis in China and its relationship to worldwide lineages	2009	10.1186/1471-2180-9-71	19368722	https://openalex.org/W2166544628		https://openalex.org/W2166544628
openalex	Q03	clade_marker	W2321909066	publication	Complete Genome Sequence of Bacillus anthracis HYU01, Isolated from Soil Samples in the Korean Peninsula	2014	10.1128/genomea.00769-14	25103761	https://openalex.org/W2321909066		https://openalex.org/W2321909066
openalex	Q03	clade_marker	W2342136823	publication	Genotype Analysis of Bacillus anthracis Strains Circulating in Bangladesh	2016	10.1371/journal.pone.0153548	27082248	https://openalex.org/W2342136823		https://openalex.org/W2342136823
openalex	Q03	clade_marker	W2496474412	publication	Report for Evaluation of Canonical SNP Taqman Assays to Detect Biothreat Agents and Environmental Samples for DHS	2011	10.2172/1122226		https://openalex.org/W2496474412		https://openalex.org/W2496474412
openalex	Q03	clade_marker	W2539997064	publication	Introduction and persistence of tularemia in Bulgaria	2016	10.3402/iee.v6.32838	27790972	https://openalex.org/W2539997064		https://openalex.org/W2539997064
openalex	Q03	clade_marker	W2766532830	publication	Molecular genotyping of bacillus anthracis strains from Georgia and northeastern part of Turkey	2017			https://openalex.org/W2766532830		https://openalex.org/W2766532830
openalex	Q03	clade_marker	W2884198453	publication	The identification of novel single nucleotide polymorphisms to assist in mapping the spread of Bacillus anthracis across the Southern Caucasus	2018	10.1038/s41598-018-29738-3	30050151	https://openalex.org/W2884198453		https://openalex.org/W2884198453
openalex	Q03	clade_marker	W2884963201	publication	Use of Canonical Single Nucleotide Polymorphism (CanSNPs) to characterizeBacillus anthracisoutbreak strains in Zambia between 1990 and 2014	2018	10.7717/peerj.5270	30065876	https://openalex.org/W2884963201		https://openalex.org/W2884963201
openalex	Q03	clade_marker	W2889468687	publication	Investigation and source-tracing of an anthrax outbreak in Gansu Province, China	2018	10.1371/journal.pone.0203267	30161194	https://openalex.org/W2889468687		https://openalex.org/W2889468687
openalex	Q03	clade_marker	W2900591039	publication	Genetic characteristics of Bacillus anthracis isolated from northwestern China from 1990 to 2016	2018	10.1371/journal.pntd.0006908	30418972	https://openalex.org/W2900591039		https://openalex.org/W2900591039
openalex	Q03	clade_marker	W2922800702	publication	Comparative genomics and phylogenetic analysis of Bacillus anthracis strains isolated from domestic animals in Japan	2019	10.1016/j.meegid.2019.03.022	30928604	https://openalex.org/W2922800702		https://openalex.org/W2922800702
openalex	Q03	clade_marker	W2993173454	publication	Biological and Molecular-Genetic Properties of Bacillus anthracis strains Isolated in Siberia and Far East Regions (1959–2013)	2018	10.21055/0370-1069-2018-3-54-59		https://openalex.org/W2993173454		https://openalex.org/W2993173454
openalex	Q03	clade_marker	W2999490040	publication	Genotyping and population diversity of Bacillus anthracis in China based on MLVA and canSNP analysis	2020	10.1016/j.micres.2020.126414	31981903	https://openalex.org/W2999490040		https://openalex.org/W2999490040
openalex	Q03	clade_marker	W2999739138	publication	Rapid and accurate SNP genotyping of clonal bacterial pathogens with BioHansel	2020	10.1101/2020.01.10.902056		https://openalex.org/W2999739138		https://openalex.org/W2999739138
openalex	Q03	clade_marker	W3000476502	publication	Whole Genome Sequencing for Studying Bacillus anthracis from an Outbreak in the Abruzzo Region of Italy	2020	10.3390/microorganisms8010087	31936409	https://openalex.org/W3000476502		https://openalex.org/W3000476502
openalex	Q03	clade_marker	W3010372360	publication	Phylogeography and Genetic Diversity of Francisella tularensis subsp. holarctica in France (1947–2018)	2020	10.3389/fmicb.2020.00287	32194525	https://openalex.org/W3010372360		https://openalex.org/W3010372360
openalex	Q03	clade_marker	W3046443078	publication	Molecular characterization of B. anthracis isolates from the anthrax outbreak among cattle in Karnataka, India	2020	10.1186/s12866-020-01917-1	32736522	https://openalex.org/W3046443078		https://openalex.org/W3046443078
openalex	Q03	clade_marker	W3111582962	publication	Retrospective Analysis of the Relationship between Two Anthrax Outbreaks in Kazakhstan Based on Genomic Data	2020	10.1128/mra.01126-20	33303664	https://openalex.org/W3111582962		https://openalex.org/W3111582962
openalex	Q03	clade_marker	W3111666243	publication	Genotyping of Francisella tularensis subsp. holarctica from Hares in Germany	2020	10.3390/microorganisms8121932	33291395	https://openalex.org/W3111666243		https://openalex.org/W3111666243
openalex	Q03	clade_marker	W3141076780	publication	A Whole-Genome-Based Gene-by-Gene Typing System for Standardized High-Resolution Strain Typing of Bacillus anthracis	2021	10.1128/jcm.02889-20	33827898	https://openalex.org/W3141076780		https://openalex.org/W3141076780
openalex	Q03	clade_marker	W4210761319	publication	Antrax in Primorsky Territory (1919–2020). Communication 2. Episootiological- Epidemiological Situation and Zoning of Administrative Territories	2022	10.21055/0370-1069-2021-4-67-78		https://openalex.org/W4210761319		https://openalex.org/W4210761319
openalex	Q03	clade_marker	W4224089725	publication	Identification of the molecular characteristics of Bacillus anthracis (1982-2020) isolates in East Indonesia using multilocus variable-number tandem repeat analysis	2022	10.14202/vetworld.2022.953-961	35698492	https://openalex.org/W4224089725		https://openalex.org/W4224089725
openalex	Q03	clade_marker	W4320725657	publication	SNP-Profiles of Yersinia pestis Strains of the Medieval Biovar from the Caspian Sea Region Plague Foci	2023	10.21055/0370-1069-2022-4-41-49		https://openalex.org/W4320725657		https://openalex.org/W4320725657
openalex	Q03	clade_marker	W4361268268	publication	Spanish Outbreak Isolates Bridge Phylogenies of European and American Bacillus anthracis	2023	10.3390/microorganisms11040889	37110312	https://openalex.org/W4361268268		https://openalex.org/W4361268268
openalex	Q03	clade_marker	W4363672285	publication	Phylogeography of Francisella tularensis subspecies holarctica and epidemiology of tularemia in Switzerland	2023	10.3389/fmicb.2023.1151049	37113234	https://openalex.org/W4363672285		https://openalex.org/W4363672285
openalex	Q03	clade_marker	W4380853812	publication	Phenotypic and genotypic discrimination of Francisella tularensis ssp. holarctica clades	2023	10.1016/j.ijmm.2023.151583	37331050	https://openalex.org/W4380853812		https://openalex.org/W4380853812
openalex	Q03	clade_marker	W4386505260	publication	Spatial and phylogenetic patterns reveal hidden infection sources of Bacillus anthracis in an anthrax outbreak in Son La province, Vietnam	2023	10.1016/j.meegid.2023.105496	37678701	https://openalex.org/W4386505260		https://openalex.org/W4386505260
openalex	Q03	clade_marker	W4394112980	publication	Additional file 4 of Comparison of Illumina and Oxford Nanopore Technology for genome analysis of Francisella tularensis, Bacillus anthracis, and Brucella suis	2023	10.6084/m9.figshare.22815131		https://openalex.org/W4394112980		https://openalex.org/W4394112980
openalex	Q03	clade_marker	W4400724118	publication	New Insights into the Phylogeny of the A.Br.161 (“A.Br.Heroin”) Clade of Bacillus anthracis	2024	10.3390/pathogens13070593	39057820	https://openalex.org/W4400724118		https://openalex.org/W4400724118
openalex	Q03	clade_marker	W4407239171	publication	Persistence in time: the hunt for Bacillus anthracis at a historic tannery site in Austria reveals genetic diversity thought extinct	2025	10.1128/aem.01732-24	39918319	https://openalex.org/W4407239171		https://openalex.org/W4407239171
openalex	Q03	clade_marker	W4411545396	publication	New insights into the evolutionary origin of Francisella tularensis subsp. holarctica	2025	10.1016/j.jiph.2025.102878	40616916	https://openalex.org/W4411545396		https://openalex.org/W4411545396
openalex	Q03	clade_marker	W4416374223	publication	Comparative genome analysis of virulent strains of Bacillus anthracis causing anthrax outbreaks in animals	2025	10.1139/gen-2025-0045	41259777	https://openalex.org/W4416374223		https://openalex.org/W4416374223
openalex	Q03	clade_marker	W7164900230	publication	ArthurVM/Afanc: v0.12	2026	10.5281/zenodo.20718125		https://openalex.org/W7164900230		https://openalex.org/W7164900230
openalex	Q03	clade_marker	W7165537265	publication	The genome sequence of Bacillus anthracis strain “Bundesheer” isolated from a postal sack in the US embassy Vienna in 2001 during the Amerithrax incident in the US	2026	10.1128/mra.00215-26	42363858	https://openalex.org/W7165537265		https://openalex.org/W7165537265
openalex	Q03	clade_marker	W7167570769	publication	Molecular Characterization, SNP-Based Strain Profiling, and Seroprevalence of Bacillus anthracis in Ruminants in Jordan	2026	10.3390/microorganisms14071483	42513989	https://openalex.org/W7167570769		https://openalex.org/W7167570769
openalex	Q03	clade_marker	W7202362692	publication	Epidemiological Characteristics of Anthrax and Bacillus anthracis Strains — China, 2020–2024	2026	10.46234/ccdcw2026.167	42745988	https://openalex.org/W7202362692		https://openalex.org/W7202362692
openalex	Q03	clade_marker	W771465133	publication	Genomic analyses of Francisella tularensis strains confirm disease transmission from drinking water sources, Turkey, 2008, 2009 and 2012	2015	10.2807/1560-7917.es2015.20.21.21136	26062561	https://openalex.org/W771465133		https://openalex.org/W771465133
openalex	Q04	clade_marker	W3208403719	publication	Distribution and Identification of Mycobacterium tuberculosis Lineage in Kashgar Prefecture	2021	10.21203/rs.3.rs-902617/v1		https://openalex.org/W3208403719		https://openalex.org/W3208403719
openalex	Q04	clade_marker	W4225684447	publication	Distribution and identification of Mycobacterium tuberculosis lineage in Kashgar prefecture	2022	10.1186/s12879-022-07307-4	35354436	https://openalex.org/W4225684447		https://openalex.org/W4225684447
openalex	Q09	genotyping	W2012473911	publication	A robust SNP barcode for typing Mycobacterium tuberculosis complex strains	2014	10.1038/ncomms5812	25176035	https://openalex.org/W2012473911		https://openalex.org/W2012473911
openalex	Q09	genotyping	W2736752504	publication	"Data for: ""A robust SNP barcode for typing Mycobacterium tuberculosis complex strains"""	2014	10.17037/data.00000414		https://openalex.org/W2736752504		https://openalex.org/W2736752504
openalex	Q09	genotyping	W2924935896	publication	Development of a SNP barcode to genotype Babesia microti infections	2019	10.1371/journal.pntd.0007194	30908478	https://openalex.org/W2924935896		https://openalex.org/W2924935896
openalex	Q09	genotyping	W3111672821	publication	Robust barcoding and identification of Mycobacterium tuberculosis lineages for epidemiological and clinical studies	2020	10.1186/s13073-020-00817-3	33317631	https://openalex.org/W3111672821		https://openalex.org/W3111672821
openalex	Q09	genotyping	W3211778090	publication	Revised nomenclature and SNP barcode for Mycobacterium tuberculosis lineage 2	2021	10.1099/mgen.0.000697	34787541	https://openalex.org/W3211778090		https://openalex.org/W3211778090
openalex	Q09	genotyping	W3215445921	publication	Malaria molecular surveillance in the Peruvian Amazon with a novel highly multiplexed Plasmodium falciparum Ampliseq assay	2021	10.1101/2021.11.12.21266245		https://openalex.org/W3215445921		https://openalex.org/W3215445921
openalex	Q09	genotyping	W4200370404	publication	Snapshot of Mycobacterium tuberculosis Phylogenetics from an Indian State of Arunachal Pradesh Bordering China	2021	10.20944/preprints202112.0283.v1		https://openalex.org/W4200370404		https://openalex.org/W4200370404
openalex	Q09	genotyping	W4210816031	publication	Snapshot of Mycobacterium tuberculosis Phylogenetics from an Indian State of Arunachal Pradesh Bordering China	2022	10.3390/genes13020263	35205308	https://openalex.org/W4210816031		https://openalex.org/W4210816031
openalex	Q09	genotyping	W4394454899	publication	Revised nomenclature and SNP barcode for Mycobacterium tuberculosis lineage 2	2021	10.6084/m9.figshare.14709513		https://openalex.org/W4394454899		https://openalex.org/W4394454899
openalex	Q09	genotyping	W7127169443	publication	Population genetics of Plasmodium vivax with transmission decline and rebound in two endemic areas of Papua New Guinea	2026	10.3389/fgene.2025.1621920	41777528	https://openalex.org/W7127169443		https://openalex.org/W7127169443
openalex	Q09	genotyping	W7133581834	publication	Population genetics of Plasmodium vivax with transmission decline and rebound in two endemic areas of Papua New Guinea	2025			https://openalex.org/W7133581834		https://openalex.org/W7133581834
openalex	Q09	genotyping	W7164344721	publication	First Genomic Report of Epidemic Super-Lineage, Clade 2.5.6 Acinetobacter baumannii from Hospital Environmental Surfaces in Bangladesh	2026	10.21203/rs.3.rs-9735222/v1		https://openalex.org/W7164344721		https://openalex.org/W7164344721
openalex	Q09	genotyping	W7172332379	publication	Integrated chemical and genetic authentication of Polygoni Multiflori Caulis: Refuting diameter restrictions and exposing market adulteration	2026	10.7717/peerj.21561	42564887	https://openalex.org/W7172332379		https://openalex.org/W7172332379
openalex	Q09	genotyping	W7201974791	publication	First genomic report of epidemic super-lineage, clade 2.5.6 Acinetobacter baumannii from hospital environmental surfaces in Bangladesh	2026	10.1038/s41598-026-65598-y		https://openalex.org/W7201974791		https://openalex.org/W7201974791
openalex	Q10	genotyping	W2296083684	publication	Population structure of Atlantic mackerel inferred from RAD ‐seq‐derived SNP markers: effects of sequence clustering parameters and hierarchical SNP selection	2016	10.1111/1755-0998.12518	26936210	https://openalex.org/W2296083684		https://openalex.org/W2296083684
openalex	Q10	genotyping	W2763426632	publication	Learning the optimal scale for GWAS through hierarchical SNP aggregation	2018	10.1186/s12859-018-2475-9	30497371	https://openalex.org/W2763426632		https://openalex.org/W2763426632
openalex	Q10	genotyping	W2963054644	publication	Learning the optimal scale for GWAS through hierarchical SNP aggregation	2017			https://openalex.org/W2963054644		https://openalex.org/W2963054644
openalex	Q10	genotyping	W3200050118	publication	Rapid and accurate SNP genotyping of clonal bacterial pathogens with BioHansel	2021	10.1099/mgen.0.000651	34554082	https://openalex.org/W3200050118		https://openalex.org/W3200050118
openalex	Q10	genotyping	W4410795460	publication	Identifying genetic susceptibility for severe cardiac events in testicular cancer survivors.	2025	10.1200/jco.2025.43.16_suppl.12048		https://openalex.org/W4410795460		https://openalex.org/W4410795460
openalex	Q11	ancestral_reconstruction	W1484483462	publication	Understanding historical and current patterns of species richness of babblers along a 5000‐m subtropical elevational gradient	2014	10.1111/geb.12197		https://openalex.org/W1484483462		https://openalex.org/W1484483462
openalex	Q11	ancestral_reconstruction	W150376604	publication	Comparative methods and evolution	2002	10.1007/978-3-0348-8114-2_16	11924499	https://openalex.org/W150376604		https://openalex.org/W150376604
openalex	Q11	ancestral_reconstruction	W1503858899	publication	RBrownie: an R package for testing hypotheses about rates of evolutionary change	2011	10.1111/j.2041-210x.2011.00112.x		https://openalex.org/W1503858899		https://openalex.org/W1503858899
openalex	Q11	ancestral_reconstruction	W1523230435	publication	Phylogenetic perspectives on diversification and character evolution in the species-rich genusErysimum(Erysimeae; Brassicaceae) based on a densely sampled ITS approach	2014	10.1111/boj.12184		https://openalex.org/W1523230435		https://openalex.org/W1523230435
openalex	Q11	ancestral_reconstruction	W1531677614	publication	Divergence in the shell morphology of the land snail genusAegista(Pulmonata: Bradybaenidae) under phylogenetic constraints	2014	10.1111/bij.12407		https://openalex.org/W1531677614		https://openalex.org/W1531677614
openalex	Q11	ancestral_reconstruction	W1545751933	publication	The evolution of multi-component visual signals in darters (genus Etheostoma)	2011	10.1093/czoolo/51.2.125		https://openalex.org/W1545751933		https://openalex.org/W1545751933
openalex	Q11	ancestral_reconstruction	W1553281392	publication	Molecular evolution and diversification of the moss family Daltoniaceae (Hookeriales, Bryophyta) with emphasis on the unravelling of the phylogeny of Distichophyllum and its allies	2012	10.1111/j.1095-8339.2012.01279.x		https://openalex.org/W1553281392		https://openalex.org/W1553281392
openalex	Q11	ancestral_reconstruction	W1593770327	publication	An evolutionary view of the taxonomy and ecology of Inocybe (Agaricales) with new perspectives gleaned from GenBank metadata	2009			https://openalex.org/W1593770327		https://openalex.org/W1593770327
openalex	Q11	ancestral_reconstruction	W1597806724	publication	Evolutionary Genetics Of The Family Placobranchidae (Mollusca: Gastropoda: Opisthobranchia: Sacoglossa)	2006			https://openalex.org/W1597806724		https://openalex.org/W1597806724
openalex	Q11	ancestral_reconstruction	W1646666603	publication	Resolving Relationships at the Animal-Fungal Divergence: A Molecular Phylogenetic Approach for Understanding the Ecology and Evolution of the Protist Trichomycetes	2015			https://openalex.org/W1646666603		https://openalex.org/W1646666603
openalex	Q11	ancestral_reconstruction	W1913132445	publication	Dynamic colonization exchanges between continents and islands drive diversification in paradise‐flycatchers (Terpsiphone, Monarchidae)	2012	10.1111/j.1365-2699.2012.02744.x		https://openalex.org/W1913132445		https://openalex.org/W1913132445
openalex	Q11	ancestral_reconstruction	W1916277790	publication	Phylogenetic uncertainty can bias the number of evolutionary transitions estimated from ancestral state reconstruction methods	2015	10.1002/jez.b.22638	26173578	https://openalex.org/W1916277790		https://openalex.org/W1916277790
openalex	Q11	ancestral_reconstruction	W1917058032	publication	Phylogeny and photosynthesis of the grass tribe Paniceae	2015	10.3732/ajb.1500222	26373976	https://openalex.org/W1917058032		https://openalex.org/W1917058032
openalex	Q11	ancestral_reconstruction	W1929120018	publication	Evolution of postural diversity in primates as reflected by the size and shape of the medial tibial facet of the talus	2015	10.1002/ajpa.22702	25682740	https://openalex.org/W1929120018		https://openalex.org/W1929120018
openalex	Q11	ancestral_reconstruction	W1953791596	publication	The origin of snakes: revealing the ecology, behavior, and evolutionary history of early snakes using genomics, phenomics, and the fossil record	2015	10.1186/s12862-015-0358-5	25989795	https://openalex.org/W1953791596		https://openalex.org/W1953791596
openalex	Q11	ancestral_reconstruction	W1955076713	publication	Phylogenetic relationships and morphological evolution in Lentinus , Polyporellus and Neofavolus , emphasizing southeastern Asian taxa	2015	10.3852/14-084	25661717	https://openalex.org/W1955076713		https://openalex.org/W1955076713
openalex	Q11	ancestral_reconstruction	W1969783612	publication	EVOLUTION OF SEXUAL DICHROMATISM. 1. CONVERGENT LOSSES OF ELABORATE FEMALE COLORATION IN NEW WORLD ORIOLES ( ICTERUS SPP.)	2008	10.1525/auk.2008.07112		https://openalex.org/W1969783612		https://openalex.org/W1969783612
openalex	Q11	ancestral_reconstruction	W1977454615	publication	USING SPECTRAL DATA TO RECONSTRUCT EVOLUTIONARY CHANGES IN COLORATION: CAROTENOID COLOR EVOLUTION IN NEW WORLD ORIOLES	2006	10.1111/j.0014-3820.2006.tb00512.x	17017068	https://openalex.org/W1977454615		https://openalex.org/W1977454615
openalex	Q11	ancestral_reconstruction	W1979381250	publication	Hidden state prediction: a modification of classic ancestral state reconstruction algorithms helps unravel complex symbioses	2014	10.3389/fmicb.2014.00431	25202302	https://openalex.org/W1979381250		https://openalex.org/W1979381250
openalex	Q11	ancestral_reconstruction	W1984243865	publication	History and mechanisms of carotenoid plumage evolution in the New World orioles ( Icterus )	2014	10.1016/j.cbpb.2014.03.004	24704520	https://openalex.org/W1984243865		https://openalex.org/W1984243865
openalex	Q11	ancestral_reconstruction	W1985570840	publication	Inferring ancestral states without assuming neutrality or gradualism using a stable model of continuous character evolution	2014	10.1186/s12862-014-0226-8	25427971	https://openalex.org/W1985570840		https://openalex.org/W1985570840
openalex	Q11	ancestral_reconstruction	W1986385996	publication	Functional Evolution of an Anthocyanin Pathway Enzyme during a Flower Color Transition	2012	10.1093/molbev/mss255	23155005	https://openalex.org/W1986385996		https://openalex.org/W1986385996
openalex	Q11	ancestral_reconstruction	W2000606952	publication	Pre‐Pleistocene origin of an endangered habitat: links between vernal pools and aquaticOxalisin the Greater Cape Floristic Region of South Africa	2014	10.1111/jbi.12304		https://openalex.org/W2000606952		https://openalex.org/W2000606952
openalex	Q11	ancestral_reconstruction	W2004539735	publication	Characterization and systematic implications of the diversity in timing of programmed cell death of the suspensors in Leguminosae	2012	10.3732/ajb.1100314	22837410	https://openalex.org/W2004539735		https://openalex.org/W2004539735
openalex	Q11	ancestral_reconstruction	W2008032699	publication	Complete forelimb myology of the basal theropod dinosaur T awa hallae based on a novel robust muscle reconstruction method	2014	10.1111/joa.12216	25040486	https://openalex.org/W2008032699		https://openalex.org/W2008032699
openalex	Q11	ancestral_reconstruction	W2009584152	publication	Analysis of Metabolic Evolution in Bacteria Using Whole-Genome Metabolic Models	2013	10.1089/cmb.2013.0079	23992299	https://openalex.org/W2009584152		https://openalex.org/W2009584152
openalex	Q11	ancestral_reconstruction	W2010595916	publication	Understanding Phenotypical Character Evolution in Parmelioid Lichenized Fungi (Parmeliaceae, Ascomycota)	2013	10.1371/journal.pone.0083115	24312438	https://openalex.org/W2010595916		https://openalex.org/W2010595916
openalex	Q11	ancestral_reconstruction	W2011088627	publication	Phylogenomic Dating—A Method of Constraining the Age of Microbial Taxa That Lack a Conventional Fossil Record	2009	10.1089/ast.2008.0247	19371160	https://openalex.org/W2011088627		https://openalex.org/W2011088627
openalex	Q11	ancestral_reconstruction	W2011318022	publication	Discrete evolutionary color changes in caciques suggest different modes of carotenoid evolution between closely related taxa	2009	10.1111/j.1600-048x.2009.04718.x		https://openalex.org/W2011318022		https://openalex.org/W2011318022
openalex	Q11	ancestral_reconstruction	W2012828844	publication	Under-parameterized Model of Sequence Evolution Leads to Bias in the Estimation of Diversification Rates from Molecular Phylogenies	2005	10.1080/10635150500354647	16385778	https://openalex.org/W2012828844		https://openalex.org/W2012828844
openalex	Q11	ancestral_reconstruction	W2022450180	publication	Tooth and cranial disparity in the fossil relatives of S phenodon ( R hynchocephalia) dispute the persistent ‘living fossil’ label	2012	10.1111/j.1420-9101.2012.02595.x	22905810	https://openalex.org/W2022450180		https://openalex.org/W2022450180
openalex	Q11	ancestral_reconstruction	W2022488655	publication	Multiple waves of colonization by monarch flycatchers ( Myiagra , Monarchidae) across the Indo‐Pacific and their implications for coexistence and speciation	2013	10.1111/jbi.12202		https://openalex.org/W2022488655		https://openalex.org/W2022488655
openalex	Q11	ancestral_reconstruction	W2026878723	publication	Systematics of the spider genus Neoleptoneta Brignoli, 1972 (Araneae : Leptonetidae) with a discussion of the morphology and relationships for the North American Leptonetidae	2011	10.1071/is11014		https://openalex.org/W2026878723		https://openalex.org/W2026878723
openalex	Q11	ancestral_reconstruction	W2035179141	publication	Systematic implications of seed morphological diversity in Portulacaceae (Caryophyllales)	2014	10.1007/s00606-014-1146-1		https://openalex.org/W2035179141		https://openalex.org/W2035179141
openalex	Q11	ancestral_reconstruction	W2036677072	publication	An evolutionary perspective on morphological and ecological characters in the mushroom family Inocybaceae (Agaricomycotina, Fungi)	2010	10.1016/j.ympev.2010.02.011	20170738	https://openalex.org/W2036677072		https://openalex.org/W2036677072
openalex	Q11	ancestral_reconstruction	W2036744511	publication	Toward Extracting All Phylogenetic Information from Matrices of Evolutionary Distances	2010	10.1126/science.1182300	20223986	https://openalex.org/W2036744511		https://openalex.org/W2036744511
openalex	Q11	ancestral_reconstruction	W2036835185	publication	What lies beneath: Molecular phylogenetics and ancestral state reconstruction of the ancient subterranean Australian Parabathynellidae (Syncarida, Crustacea)	2012	10.1016/j.ympev.2012.03.010	22465443	https://openalex.org/W2036835185		https://openalex.org/W2036835185
openalex	Q11	ancestral_reconstruction	W2040949556	publication	Two new graphical methods for mapping trait evolution on phylogenies	2013	10.1111/2041-210x.12066		https://openalex.org/W2040949556		https://openalex.org/W2040949556
openalex	Q11	ancestral_reconstruction	W2045675075	publication	Phylogenetic relationships and evolution of growth form in Cactaceae (Caryophyllales, Eudicotyledoneae)	2010	10.3732/ajb.1000129	21613084	https://openalex.org/W2045675075		https://openalex.org/W2045675075
openalex	Q11	ancestral_reconstruction	W2056768797	publication	Phylogenomic Analysis Resolves the Formerly Intractable Adaptive Diversification of the Endemic Clade of East Asian Cyprinidae (Cypriniformes)	2010	10.1371/journal.pone.0013508	20976012	https://openalex.org/W2056768797		https://openalex.org/W2056768797
openalex	Q11	ancestral_reconstruction	W2057139394	publication	A molecular phylogenetic analysis of the vampire moths and their fruit-piercing relatives (Lepidoptera: Erebidae: Calpinae)	2012	10.1016/j.ympev.2012.06.029	22796530	https://openalex.org/W2057139394		https://openalex.org/W2057139394
openalex	Q11	ancestral_reconstruction	W2058596910	publication	Subgenotype A1 of HBV – Tracing Human Migrations in and Out of Africa	2005	10.3851/imp2657	23792935	https://openalex.org/W2058596910		https://openalex.org/W2058596910
openalex	Q11	ancestral_reconstruction	W2058729698	publication	Phylogenetic relationships and character evolution in Heuchera (Saxifragaceae) on the basis of multiple nuclear loci	2014	10.3732/ajb.1400290	25253713	https://openalex.org/W2058729698		https://openalex.org/W2058729698
openalex	Q11	ancestral_reconstruction	W2060954381	publication	Reconciling phylogeography and ecological niche models for New Zealand beetles: Looking beyond glacial refugia	2011	10.1016/j.ympev.2011.01.005	21262367	https://openalex.org/W2060954381		https://openalex.org/W2060954381
openalex	Q11	ancestral_reconstruction	W2061629400	publication	INTEGRATING PHYLOGENIES INTO COMMUNITY ECOLOGY1	2006	10.1890/0012-9658(2006)87[1:ipice]2.0.co;2		https://openalex.org/W2061629400		https://openalex.org/W2061629400
openalex	Q11	ancestral_reconstruction	W2064177708	publication	Optimized ancestral state reconstruction using Sankoff parsimony	2009	10.1186/1471-2105-10-51	19200389	https://openalex.org/W2064177708		https://openalex.org/W2064177708
openalex	Q11	ancestral_reconstruction	W2068183397	publication	The Molecular Symplesiomorphies Shared by the Stem Groups of Metazoan Evolution: Can Sites as Few as 1 % Have a Significant Impact on Recognizing the Phylogenetic Position of Myzostomida?	2014	10.1007/s00239-014-9635-y	25128981	https://openalex.org/W2068183397		https://openalex.org/W2068183397
openalex	Q11	ancestral_reconstruction	W2069210625	publication	High frequency of character transformations is phylogenetically structured within the lichenized fungal family Graphidaceae (Ascomycota: Ostropales)	2014	10.1080/14772000.2014.905506		https://openalex.org/W2069210625		https://openalex.org/W2069210625
openalex	Q11	ancestral_reconstruction	W2074846298	publication	Correction: Evolution and Allometry of Calcaneal Elongation in Living and Extinct Primates	2013	10.1371/annotation/77784e61-3a43-4615-85bd-b6b4369568fd		https://openalex.org/W2074846298		https://openalex.org/W2074846298
openalex	Q11	ancestral_reconstruction	W2075246048	publication	Out of the Palaeotropics? Historical biogeography and diversification of the cosmopolitan ectomycorrhizal mushroom family Inocybaceae	2009	10.1111/j.1365-2699.2008.02055.x		https://openalex.org/W2075246048		https://openalex.org/W2075246048
openalex	Q11	ancestral_reconstruction	W2080298316	publication	Greedy Selection of Species for Ancestral State Reconstruction on Phylogenies: Elimination Is Better than Insertion	2010	10.1371/journal.pone.0008985	20140213	https://openalex.org/W2080298316		https://openalex.org/W2080298316
openalex	Q11	ancestral_reconstruction	W2082267624	publication	Identical inferences about correlated evolution arise from ancestral state reconstruction and independent contrasts	2014	10.1016/j.jtbi.2014.09.033	25280935	https://openalex.org/W2082267624		https://openalex.org/W2082267624
openalex	Q11	ancestral_reconstruction	W2082473966	publication	Evolution and Allometry of Calcaneal Elongation in Living and Extinct Primates	2013	10.1371/journal.pone.0067792	23844094	https://openalex.org/W2082473966		https://openalex.org/W2082473966
openalex	Q11	ancestral_reconstruction	W2084642422	publication	A comparative study of the hyobranchial apparatus in Hynobiidae (Amphibia: Urodela)	2013	10.1016/j.zool.2012.10.004	23474179	https://openalex.org/W2084642422		https://openalex.org/W2084642422
openalex	Q11	ancestral_reconstruction	W2084966947	publication	The evolutionary significance of certain amino acid substitutions and their consequences for HIV-1 immunogenicity toward HLA’s A*0201 and B*27	2013	10.6026/97320630009315	23745018	https://openalex.org/W2084966947		https://openalex.org/W2084966947
openalex	Q11	ancestral_reconstruction	W2095219542	publication	Family matters: The first molecular phylogeny of the Onchidorididae Gray, 1827 (Mollusca, Gastropoda, Nudibranchia)	2015	10.1016/j.ympev.2015.03.015	25837732	https://openalex.org/W2095219542		https://openalex.org/W2095219542
openalex	Q11	ancestral_reconstruction	W2097754875	publication	ANCESTRAL CHARACTER ESTIMATION UNDER THE THRESHOLD MODEL FROM QUANTITATIVE GENETICS	2013	10.1111/evo.12300	24152239	https://openalex.org/W2097754875		https://openalex.org/W2097754875
openalex	Q11	ancestral_reconstruction	W2098331824	publication	The Limitations of Ancestral State Reconstruction and the Evolution of the Ascus in the Lecanorales (Lichenized Ascomycota)	2008	10.1080/10635150801910451	18300027	https://openalex.org/W2098331824		https://openalex.org/W2098331824
openalex	Q11	ancestral_reconstruction	W2099047220	publication	Human Immunodeficiency Virus Type 1 Subtype B Ancestral Envelope Protein Is Functional and Elicits Neutralizing Antibodies in Rabbits Similar to Those Elicited by a Circulating Subtype B Envelope	2005	10.1128/jvi.79.17.11214-11224.2005	16103173	https://openalex.org/W2099047220		https://openalex.org/W2099047220
openalex	Q11	ancestral_reconstruction	W2100479214	publication	Phylogeny, biogeography, and display evolution in the tree and brush lizard genus Urosaurus (Squamata: Phrynosomatidae)	2011	10.1016/j.ympev.2011.08.008	21871967	https://openalex.org/W2100479214		https://openalex.org/W2100479214
openalex	Q11	ancestral_reconstruction	W2103116723	publication	A counting renaissance: combining stochastic mapping and empirical Bayes to quickly detect amino acid sites under positive selection	2012	10.1093/bioinformatics/bts580	23064000	https://openalex.org/W2103116723		https://openalex.org/W2103116723
openalex	Q11	ancestral_reconstruction	W2106230291	publication	A phylogenetic analysis of armored scale insects (Hemiptera: Diaspididae), based upon nuclear, mitochondrial, and endosymbiont gene sequences	2010	10.1016/j.ympev.2010.05.002	20460159	https://openalex.org/W2106230291		https://openalex.org/W2106230291
openalex	Q11	ancestral_reconstruction	W2110300022	publication	Predictive functional profiling of microbial communities using 16S rRNA marker gene sequences	2013	10.1038/nbt.2676	23975157	https://openalex.org/W2110300022		https://openalex.org/W2110300022
openalex	Q11	ancestral_reconstruction	W2113790417	publication	Homology Modeling Suggests a Functional Role for Parallel Amino Acid Substitutions Between Bee and Butterfly Red- and Green-Sensitive Opsins	2002	10.1093/oxfordjournals.molbev.a004158	12032257	https://openalex.org/W2113790417		https://openalex.org/W2113790417
openalex	Q11	ancestral_reconstruction	W2113972283	publication	Convergent gains of red carotenoid-based coloration in the New World blackbirds	2011	10.1525/auk.2011.11117		https://openalex.org/W2113972283		https://openalex.org/W2113972283
openalex	Q11	ancestral_reconstruction	W2117629630	publication	An aphid lineage maintains a bark‐feeding niche while switching to and diversifying on conifers	2015	10.1111/cla.12141	34740301	https://openalex.org/W2117629630		https://openalex.org/W2117629630
openalex	Q11	ancestral_reconstruction	W2118283339	publication	The Relative Importance of Body Size and Paleoclimatic Change as Explanatory Variables Influencing Lineage Diversification Rate: An Evolutionary Analysis of Bullhead Catfishes (Siluriformes: Ictaluridae)	2008	10.1080/10635150801902193	18288621	https://openalex.org/W2118283339		https://openalex.org/W2118283339
openalex	Q11	ancestral_reconstruction	W2119554195	publication	Molecular systematics and morphological character evolution of the Condamineeae (Rubiaceae)	2010	10.3732/ajb.1000090	21616845	https://openalex.org/W2119554195		https://openalex.org/W2119554195
openalex	Q11	ancestral_reconstruction	W2120724074	publication	Several origins of floral oil in the Angelonieae, a southern hemisphere disjunct clade of Plantaginaceae	2014	10.3732/ajb.1400470	25480708	https://openalex.org/W2120724074		https://openalex.org/W2120724074
openalex	Q11	ancestral_reconstruction	W2121157272	publication	Opinions on Multiple Sequence Alignment, and an Empirical Comparison of Repeatability and Accuracy between POY and Structural Alignment	2007	10.1080/10635150601156305	17366144	https://openalex.org/W2121157272		https://openalex.org/W2121157272
openalex	Q11	ancestral_reconstruction	W2124400964	publication	Phylogenetic relationships among the North American cleomoids (Cleomaceae): A test of Iltis's reduction series	2013	10.3732/ajb.1300096	24107582	https://openalex.org/W2124400964		https://openalex.org/W2124400964
openalex	Q11	ancestral_reconstruction	W2126455900	publication	Reconstruction of Ancestral 16S rRNA Reveals Mutation Bias in the Evolution of Optimal Growth Temperature in the Thermotogae Phylum	2013	10.1093/molbev/mst145	23966548	https://openalex.org/W2126455900		https://openalex.org/W2126455900
openalex	Q11	ancestral_reconstruction	W2128242987	publication	Large-scale phylogeny of chameleons suggests African origins and Eocene diversification	2013	10.1098/rspb.2013.0184	23536596	https://openalex.org/W2128242987		https://openalex.org/W2128242987
openalex	Q11	ancestral_reconstruction	W2129161606	publication	Evolution of complex fruiting–body morphologies in homobasidiomycetes	2002	10.1098/rspb.2002.2123	12396494	https://openalex.org/W2129161606		https://openalex.org/W2129161606
openalex	Q11	ancestral_reconstruction	W2129626961	publication	Placing Environmental Next-Generation Sequencing Amplicons from Microbial Eukaryotes into a Phylogenetic Context	2014	10.1093/molbev/msu055	24473288	https://openalex.org/W2129626961		https://openalex.org/W2129626961
openalex	Q11	ancestral_reconstruction	W2130138677	publication	Taxon Sampling Affects Inferences of Macroevolutionary Processes from Phylogenetic Trees	2008	10.1080/10635150701884640	18300029	https://openalex.org/W2130138677		https://openalex.org/W2130138677
openalex	Q11	ancestral_reconstruction	W2132306163	publication	A Phylogenetic Mixture Model for Heterotachy	2008	10.1007/978-3-540-78993-2_2		https://openalex.org/W2132306163		https://openalex.org/W2132306163
openalex	Q11	ancestral_reconstruction	W2132959071	publication	Modelling heterotachy in phylogenetic inference by reversible-jump Markov chain Monte Carlo	2008	10.1098/rstb.2008.0178	18852097	https://openalex.org/W2132959071		https://openalex.org/W2132959071
openalex	Q11	ancestral_reconstruction	W2135148210	publication	Phylogenetics of the woodrat genus Neotoma (Rodentia: Muridae): Implications for the evolution of phenotypic variation in male external genitalia	2006	10.1016/j.ympev.2006.08.011	17208019	https://openalex.org/W2135148210		https://openalex.org/W2135148210
openalex	Q11	ancestral_reconstruction	W2138265332	publication	The evolution of the vertebrate beta globin gene family	2004			https://openalex.org/W2138265332		https://openalex.org/W2138265332
openalex	Q11	ancestral_reconstruction	W2143081358	publication	Effects of Phylogenetic Signal on Ancestral State Reconstruction	2012	10.1093/sysbio/syr124	22223447	https://openalex.org/W2143081358		https://openalex.org/W2143081358
openalex	Q11	ancestral_reconstruction	W2145588938	publication	Effects of Tree Shape on the Accuracy of Maximum Likelihood–Based Ancestor Reconstructions	2004	10.1080/10635150490502595	15545257	https://openalex.org/W2145588938		https://openalex.org/W2145588938
openalex	Q11	ancestral_reconstruction	W2149023377	publication	PATTERNS OF HOST-PLANT CHOICE IN BEES OF THE GENUS CHELOSTOMA : THE CONSTRAINT HYPOTHESIS OF HOST-RANGE EVOLUTION IN BEES	2008	10.1111/j.1558-5646.2008.00465.x	18637958	https://openalex.org/W2149023377		https://openalex.org/W2149023377
openalex	Q11	ancestral_reconstruction	W2151317027	publication	Which came first: The lizard or the egg? Robustness in phylogenetic reconstruction of ancestral states	2015	10.1002/jez.b.22642	26227660	https://openalex.org/W2151317027		https://openalex.org/W2151317027
openalex	Q11	ancestral_reconstruction	W2153054329	publication	Ancestral State Reconstruction, Rate Heterogeneity, and the Evolution of Reptile Viviparity	2015	10.1093/sysbio/syv005	25616375	https://openalex.org/W2153054329		https://openalex.org/W2153054329
openalex	Q11	ancestral_reconstruction	W2155790954	publication	Ancestral State Reconstruction for Dendroctonus Bark Beetles: Evolution of a Tree Killer	2012	10.1603/en11281	22732632	https://openalex.org/W2155790954		https://openalex.org/W2155790954
openalex	Q11	ancestral_reconstruction	W2156524622	publication	The Effect of Ambiguous Data on Phylogenetic Estimates Obtained by Maximum Likelihood and Bayesian Inference	2009	10.1093/sysbio/syp017	20525573	https://openalex.org/W2156524622		https://openalex.org/W2156524622
openalex	Q11	ancestral_reconstruction	W2156708127	publication	Efficient estimation of the accuracy of the maximum likelihood method for ancestral state reconstruction	2009	10.1007/s10878-009-9261-6		https://openalex.org/W2156708127		https://openalex.org/W2156708127
openalex	Q11	ancestral_reconstruction	W2158022376	publication	Phylogenetic Comparative Methods for Evaluating the Evolutionary History of Function-Valued Traits	2015	10.1093/sysbio/syv012	25672902	https://openalex.org/W2158022376		https://openalex.org/W2158022376
openalex	Q11	ancestral_reconstruction	W2161596177	publication	Incorporating molecular phylogenetics with larval morphology while mitigating the effects of substitution saturation on phylogeny estimation: A new hypothesis of relationships for the flatfish family Pleuronectidae (Percomorpha: Pleuronectiformes)	2010	10.1016/j.ympev.2010.04.036	20434572	https://openalex.org/W2161596177		https://openalex.org/W2161596177
openalex	Q11	ancestral_reconstruction	W2164422971	publication	Loss of interactions with ants under cold climate in a regional myrmecophilous butterfly fauna	2012	10.1111/j.1365-2699.2012.02743.x		https://openalex.org/W2164422971		https://openalex.org/W2164422971
openalex	Q11	ancestral_reconstruction	W2164445537	publication	Molecular phylogenetics of squirrelfishes and soldierfishes (Teleostei: Beryciformes: Holocentridae): Reconciling more than 100 years of taxonomic confusion	2012	10.1016/j.ympev.2012.07.020	22884866	https://openalex.org/W2164445537		https://openalex.org/W2164445537
openalex	Q11	ancestral_reconstruction	W2164743763	publication	THE EVOLUTION AND MAINTENANCE OF DELAYED IMPLANTATION IN THE MUSTELIDAE (MAMMALIA: CARNIVORA)	2004	10.1554/03-062		https://openalex.org/W2164743763		https://openalex.org/W2164743763
openalex	Q11	ancestral_reconstruction	W2164802746	publication	More Taxa Are Not Necessarily Better for the Reconstruction of Ancestral Character States	2008	10.1080/10635150802203898	18709600	https://openalex.org/W2164802746		https://openalex.org/W2164802746
openalex	Q11	ancestral_reconstruction	W2165094560	publication	Is ACCTRAN better than DELTRAN?	2008	10.1111/j.1096-0031.2008.00229.x	34892878	https://openalex.org/W2165094560		https://openalex.org/W2165094560
openalex	Q11	ancestral_reconstruction	W2165480199	publication	A comprehensive and integrative reconstruction of evolutionary history for Anomura (Crustacea: Decapoda)	2013	10.1186/1471-2148-13-128	23786343	https://openalex.org/W2165480199		https://openalex.org/W2165480199
openalex	Q11	ancestral_reconstruction	W2166658420	publication	The evolution of antennal courtship in diplazontine parasitoid wasps (Hymenoptera, Ichneumonidae, Diplazontinae)	2010	10.1186/1471-2148-10-218	20646272	https://openalex.org/W2166658420		https://openalex.org/W2166658420
openalex	Q11	ancestral_reconstruction	W2166697801	publication	Phylogeny, systematics, and trait evolution of Carex section Glareosae	2015	10.3732/ajb.1500169	26199369	https://openalex.org/W2166697801		https://openalex.org/W2166697801
openalex	Q11	ancestral_reconstruction	W2172486851	publication	Analysis of Metabolic Evolution in Bacteria Using Whole-Genome Metabolic Models	2013	10.1007/978-3-642-37195-0_5		https://openalex.org/W2172486851		https://openalex.org/W2172486851
openalex	Q11	ancestral_reconstruction	W2174304205	publication	ANCESTRAL STATE RECONSTRUCTION OF MIGRATION: MULTISTATE ANALYSIS REVEALS RAPID CHANGES IN NEW WORLD ORIOLES (ICTERUS SPP)	2007	10.1642/0004-8038(2007)124[410:asromm]2.0.co;2		https://openalex.org/W2174304205		https://openalex.org/W2174304205
openalex	Q11	ancestral_reconstruction	W2175710766	publication	Testing for bias in the evolution of coloniality: a demonstration in cyclostome bryozoans	2002	10.1666/0094-8373(2002)028<0308:tfbite>2.0.co;2		https://openalex.org/W2175710766		https://openalex.org/W2175710766
openalex	Q11	ancestral_reconstruction	W2176183558	publication	TESTING HYPOTHESES ABOUT ECOLOGICAL SPECIALIZATION USING PHYLOGENETIC TREES	2005	10.1111/j.0014-3820.2005.tb00933.x	16405168	https://openalex.org/W2176183558		https://openalex.org/W2176183558
openalex	Q11	ancestral_reconstruction	W2178264309	publication	THE EVOLUTION AND MAINTENANCE OF DELAYED IMPLANTATION IN THE MUSTELIDAE (MAMMALIA: CARNIVORA)	2004	10.1111/j.0014-3820.2004.tb01584.x	15058730	https://openalex.org/W2178264309		https://openalex.org/W2178264309
openalex	Q11	ancestral_reconstruction	W2187169655	publication	Efficient Recycled Algorithms for Quantitative Trait Models on Phylogenies	2016	10.1093/gbe/evw064	27056412	https://openalex.org/W2187169655		https://openalex.org/W2187169655
openalex	Q11	ancestral_reconstruction	W2196771333	publication	Comparative morphology of the postpharyngeal gland in the Philanthinae (Hymenoptera, Crabronidae) and the evolution of an antimicrobial brood protection mechanism	2015	10.1186/s12862-015-0565-0	26690740	https://openalex.org/W2196771333		https://openalex.org/W2196771333
openalex	Q11	ancestral_reconstruction	W2200531649	publication	16Stimator: statistical estimation of ribosomal gene copy numbers from draft genome assemblies	2015	10.1038/ismej.2015.161	26359911	https://openalex.org/W2200531649		https://openalex.org/W2200531649
openalex	Q11	ancestral_reconstruction	W2213051732	publication	Peculiar macrophagous adaptations in a new Cretaceous pliosaurid	2015	10.1098/rsos.150552	27019740	https://openalex.org/W2213051732		https://openalex.org/W2213051732
openalex	Q11	ancestral_reconstruction	W2215956846	publication	Pulotu: Database of Austronesian Supernatural Beliefs and Practices	2015	10.1371/journal.pone.0136783	26398231	https://openalex.org/W2215956846		https://openalex.org/W2215956846
openalex	Q11	ancestral_reconstruction	W2221827399	publication	Treelink: data integration, clustering and visualization of phylogenetic trees	2015	10.1186/s12859-015-0860-1	26714661	https://openalex.org/W2221827399		https://openalex.org/W2221827399
openalex	Q11	ancestral_reconstruction	W2266081323	publication	The Evolution of Carotenoid Coloration and Pigmentation in the New World Blackbirds	2013	10.13016/m2jx0x		https://openalex.org/W2266081323		https://openalex.org/W2266081323
openalex	Q11	ancestral_reconstruction	W2283770920	publication	Evolutionary processes in oribatid mites at different scales in time as indicated by molecular markers	2009	10.26083/tuprints-00001955		https://openalex.org/W2283770920		https://openalex.org/W2283770920
openalex	Q11	ancestral_reconstruction	W2292149555	publication	Investigating the potential of ancestral state reconstruction algorithms in historical linguistics	2016	10.15496/publikation-10059		https://openalex.org/W2292149555		https://openalex.org/W2292149555
openalex	Q11	ancestral_reconstruction	W2292745840	publication	Ancestral state reconstruction and loanword detection	2016	10.15496/publikation-13140		https://openalex.org/W2292745840		https://openalex.org/W2292745840
openalex	Q11	ancestral_reconstruction	W2295333121	publication	Evolution of virulence in Photorhabdus spp., entomopathogenic nematode symbionts	2016	10.1016/j.syapm.2016.02.003	27020955	https://openalex.org/W2295333121		https://openalex.org/W2295333121
openalex	Q11	ancestral_reconstruction	W2300411010	publication	Patterns of evolutionary diversification through lineages, morphology, and mechanics	2010	10.7273/000006053		https://openalex.org/W2300411010		https://openalex.org/W2300411010
openalex	Q11	ancestral_reconstruction	W2302417440	publication	Phylogeny of Mental Glands, Revisited	2016	10.1643/ch-14-210	30034038	https://openalex.org/W2302417440		https://openalex.org/W2302417440
openalex	Q11	ancestral_reconstruction	W2303520089	publication	Ultrametric trees or phylograms for ancestral state reconstruction: Does it matter?	2014	10.12705/634.14		https://openalex.org/W2303520089		https://openalex.org/W2303520089
openalex	Q11	ancestral_reconstruction	W2310281020	publication	Cytology and molecular phylogenetics of Monoblepharidomycetes provide evidence for multiple independent origins of the hyphal habit in the Fungi	2015	10.3852/14-275	25911696	https://openalex.org/W2310281020		https://openalex.org/W2310281020
openalex	Q11	ancestral_reconstruction	W2310545301	publication	Species delineating of morphologically uniform and morphometrical variable root-lesion nematodes: an amalgamation of the evolutionary species concept and the phylogenetic species concept as a theoretically sound and practical tool	2009			https://openalex.org/W2310545301		https://openalex.org/W2310545301
openalex	Q11	ancestral_reconstruction	W2401869603	publication	A comparison of ancestral state reconstruction methods for quantitative characters	2016	10.1101/037812		https://openalex.org/W2401869603		https://openalex.org/W2401869603
openalex	Q11	ancestral_reconstruction	W2403024067	publication	Phylogenomics, biogeography and diversification of obligate mealybug-tending ants in the genus Acropyga	2016	10.1016/j.ympev.2016.05.030	27233441	https://openalex.org/W2403024067		https://openalex.org/W2403024067
openalex	Q11	ancestral_reconstruction	W2406405578	publication	Anatomía comparada de la madera de Cupressaceae y su correspondencia con los estudios de filogenia	2016	10.20868/upm.thesis.40520		https://openalex.org/W2406405578		https://openalex.org/W2406405578
openalex	Q11	ancestral_reconstruction	W2471540888	publication	Bayesian Inference of the Evolution of a Phenotype Distribution on a Phylogenetic Tree	2016	10.1534/genetics.116.190496	27412711	https://openalex.org/W2471540888		https://openalex.org/W2471540888
openalex	Q11	ancestral_reconstruction	W2478605127	publication	Phylogenetic and geographic patterns of bartonella host shifts among bat species	2016	10.1016/j.meegid.2016.07.033	27473781	https://openalex.org/W2478605127		https://openalex.org/W2478605127
openalex	Q11	ancestral_reconstruction	W2497531822	publication	Using phylogeny to understand genomic evolution	2006	10.1093/acprof:oso/9780199297306.003.0010		https://openalex.org/W2497531822		https://openalex.org/W2497531822
openalex	Q11	ancestral_reconstruction	W2505234405	publication	Ancestral genome reconstruction in bacteria	2012			https://openalex.org/W2505234405		https://openalex.org/W2505234405
openalex	Q11	ancestral_reconstruction	W2513165986	publication	A complete molecular phylogeny of Claravis confirms its paraphyly within small New World ground‐doves (Aves: Peristerinae) and implies multiple plumage state transitions	2016	10.1111/jav.01077		https://openalex.org/W2513165986		https://openalex.org/W2513165986
openalex	Q11	ancestral_reconstruction	W2513674894	publication	The Impact of Reconstruction Methods, Phylogenetic Uncertainty and Branch Lengths on Inference of Chromosome Number Evolution in American Daisies (Melampodium, Asteraceae)	2016	10.1371/journal.pone.0162299	27611687	https://openalex.org/W2513674894		https://openalex.org/W2513674894
openalex	Q11	ancestral_reconstruction	W2516963372	publication	Molecular phylogenetics, evolution of sexual systems and historical biogeography of Darwin's favourite orchids (Catasetinae) and Swan orchids (Cycnoches Lindl.)	2016			https://openalex.org/W2516963372		https://openalex.org/W2516963372
openalex	Q11	ancestral_reconstruction	W2526261380	publication	Here come the commensals	2016	10.3732/ajb.1600265	27671530	https://openalex.org/W2526261380		https://openalex.org/W2526261380
openalex	Q11	ancestral_reconstruction	W2531821493	publication	Into the Andes: multiple independent colonizations drive montane diversity in the Neotropical clearwing butterflies Godyridina	2016	10.1111/mec.13773	27718282	https://openalex.org/W2531821493		https://openalex.org/W2531821493
openalex	Q11	ancestral_reconstruction	W2533298258	publication	Assessing Pathogens for Natural versus Laboratory Origins Using Genomic Data and Machine Learning	2016	10.1101/079541		https://openalex.org/W2533298258		https://openalex.org/W2533298258
openalex	Q11	ancestral_reconstruction	W2554786808	publication	Rate heterogeneity across Squamata, misleading ancestral state reconstruction and the importance of proper null model specification	2016	10.1111/jeb.13004	27792262	https://openalex.org/W2554786808		https://openalex.org/W2554786808
openalex	Q11	ancestral_reconstruction	W2557697869	publication	Phylogenetic inference and divergence dating of snakes using molecules, morphology and fossils: new insights into convergent evolution of feeding morphology and limb reduction	2017	10.1093/biolinnean/blw039		https://openalex.org/W2557697869		https://openalex.org/W2557697869
openalex	Q11	ancestral_reconstruction	W2557876520	publication	Time-Dependent-Asymmetric-Linear-Parsimonious Ancestral State Reconstruction	2017	10.1007/s11538-017-0332-z	28819749	https://openalex.org/W2557876520		https://openalex.org/W2557876520
openalex	Q11	ancestral_reconstruction	W2566499631	publication	Enhancing comparative genomics of transcriptional regulatory networks through data collection, transfer and integration	2016	10.13016/m2vlrk-zqes		https://openalex.org/W2566499631		https://openalex.org/W2566499631
openalex	Q11	ancestral_reconstruction	W2580602073	publication	Histoire évolutive des innovations-clés florales chez les Angiospermes	2016			https://openalex.org/W2580602073		https://openalex.org/W2580602073
openalex	Q11	ancestral_reconstruction	W2581199392	publication	Mountain colonisation, miniaturisation and ecological evolution in a radiation of direct-developing New Guinea Frogs ( Choerophryne , Microhylidae)	2017	10.7717/peerj.3077	28382230	https://openalex.org/W2581199392		https://openalex.org/W2581199392
openalex	Q11	ancestral_reconstruction	W2586634060	publication	Bayesian phylogeography of influenza A/H3N2 for the 2014-15 season in the United States using three frameworks of ancestral state reconstruction	2017	10.1371/journal.pcbi.1005389	28170397	https://openalex.org/W2586634060		https://openalex.org/W2586634060
openalex	Q11	ancestral_reconstruction	W2589408153	publication	SFREEMAP - A simulation-free tool for stochastic mapping	2017	10.1186/s12859-017-1554-7	28228094	https://openalex.org/W2589408153		https://openalex.org/W2589408153
openalex	Q11	ancestral_reconstruction	W2597994530	publication	An integrative systematic framework helps to reconstruct skeletal evolution of glass sponges (Porifera, Hexactinellida)	2017	10.1186/s12983-017-0191-3	28331531	https://openalex.org/W2597994530		https://openalex.org/W2597994530
openalex	Q11	ancestral_reconstruction	W2599654555	publication	Quantification of the position and depth of the flexor hallucis longus groove in euarchontans, with implications for the evolution of primate positional behavior	2017	10.1002/ajpa.23213	28345775	https://openalex.org/W2599654555		https://openalex.org/W2599654555
openalex	Q11	ancestral_reconstruction	W2601889781	publication	Rapid maximum likelihood ancestral state reconstruction of continuous characters: A rerooting‐free algorithm	2017	10.1002/ece3.2837	28428869	https://openalex.org/W2601889781		https://openalex.org/W2601889781
openalex	Q11	ancestral_reconstruction	W2605000140	publication	SINAPS: Prediction of microbial traits from marker gene sequences	2017	10.1101/124156		https://openalex.org/W2605000140		https://openalex.org/W2605000140
openalex	Q11	ancestral_reconstruction	W2606677500	publication	Arrival and diversification of mabuyine skinks (Squamata: Scincidae) in the Neotropics based on a fossil-calibrated timetree	2017	10.7717/peerj.3194	28439466	https://openalex.org/W2606677500		https://openalex.org/W2606677500
openalex	Q11	ancestral_reconstruction	W2609100586	publication	Biogeographical transitions in the Sierra Madre Oriental, Mexico, shown by chorological and evolutionary biogeographical affinities of passerine birds (Aves: Passeriformes)	2017	10.1111/jbi.13015		https://openalex.org/W2609100586		https://openalex.org/W2609100586
openalex	Q11	ancestral_reconstruction	W2620050827	publication	ratematrix: An R package for studying evolutionary integration among several traits on phylogenetic trees	2017	10.1111/2041-210x.12826		https://openalex.org/W2620050827		https://openalex.org/W2620050827
openalex	Q11	ancestral_reconstruction	W2719896867	publication	On the Accuracy of Ancestral Sequence Reconstruction for Ultrametric Trees with Parsimony	2018	10.1007/s11538-018-0407-5	29476399	https://openalex.org/W2719896867		https://openalex.org/W2719896867
openalex	Q11	ancestral_reconstruction	W2725579302	publication	The evolution of vertebral formulae in Hominoidea	2017	10.1016/j.jhevol.2017.05.012	28778460	https://openalex.org/W2725579302		https://openalex.org/W2725579302
openalex	Q11	ancestral_reconstruction	W2735390056	publication	A generic bioinformatics pipeline to integrate large-scale trait data with large phylogenies	2017	10.7490/f1000research.1114056.1		https://openalex.org/W2735390056		https://openalex.org/W2735390056
openalex	Q11	ancestral_reconstruction	W2751607733	publication	Phylogenetic position of Echeveria heterosepala (Crassulaceae): a rare species with diagnostic characters of Pachyphytum	2017	10.17129/botsci.1190		https://openalex.org/W2751607733		https://openalex.org/W2751607733
openalex	Q11	ancestral_reconstruction	W2752542911	publication	Enabling Machine-Actionable Semantics For Comparative Analyses Of Trait Evolution	2017	10.5281/zenodo.885538		https://openalex.org/W2752542911		https://openalex.org/W2752542911
openalex	Q11	ancestral_reconstruction	W2761939397	publication	Ctenophore relationships and their placement as the sister group to all other animals	2017	10.1038/s41559-017-0331-3	28993654	https://openalex.org/W2761939397		https://openalex.org/W2761939397
openalex	Q11	ancestral_reconstruction	W2765597952	publication	Biogeography and diversification of Holarctic water striders: Cenozoic temperature variation, habitat shifting and multiple intercontinental dispersals	2017	10.1111/syen.12274		https://openalex.org/W2765597952		https://openalex.org/W2765597952
openalex	Q11	ancestral_reconstruction	W2767098883	publication	Inferring the evolutionary reduction of corm lobation in Isoëtes using Bayesian model‐averaged ancestral state reconstruction	2018	10.1002/ajb2.1024	29573405	https://openalex.org/W2767098883		https://openalex.org/W2767098883
openalex	Q11	ancestral_reconstruction	W2790979156	publication	Heads up: evolution of exaggerated head length in the minute litter bug genus Nannocoris Reuter (Hemiptera: Schizopteridae)	2018	10.1007/s13127-018-0361-y		https://openalex.org/W2790979156		https://openalex.org/W2790979156
openalex	Q11	ancestral_reconstruction	W2791549085	publication	Phylogenetic relationships in Bulbostylis (Abildgaardieae: Cyperaceae) inferred from nuclear and plastid DNA sequence data	2018	10.1080/14772000.2018.1442885		https://openalex.org/W2791549085		https://openalex.org/W2791549085
openalex	Q11	ancestral_reconstruction	W2797836143	publication	Evolution of Angiosperm Pollen. 5. Early Diverging Superasteridae (Berberidopsidales, Caryophyllales, Cornales, Ericales, and Santalales) Plus Dilleniales	2018	10.3417/2017017		https://openalex.org/W2797836143		https://openalex.org/W2797836143
openalex	Q11	ancestral_reconstruction	W2799187755	publication	Quantifying the accuracy of ancestral state prediction in a phylogenetic tree under maximum parsimony	2019	10.1007/s00285-019-01330-x	30758663	https://openalex.org/W2799187755		https://openalex.org/W2799187755
openalex	Q11	ancestral_reconstruction	W2799819275	publication	Phylogeography of H5N1 avian influenza virus in Indonesia	2018	10.1111/tbed.12883	29691995	https://openalex.org/W2799819275		https://openalex.org/W2799819275
openalex	Q11	ancestral_reconstruction	W2800188820	publication	Character evolution and missing (morphological) data across Asteridae	2018	10.1002/ajb2.1050	29656519	https://openalex.org/W2800188820		https://openalex.org/W2800188820
openalex	Q11	ancestral_reconstruction	W2801213331	publication	Phylogenetic comparative analysis supports aposematic colouration–body size association in millipede assassins (Hemiptera: Reduviidae: Ectrichodiinae)	2018	10.1111/jeb.13288	29742313	https://openalex.org/W2801213331		https://openalex.org/W2801213331
openalex	Q11	ancestral_reconstruction	W2805009121	publication	Methods for phylogenetic analysis of microbiome data	2018	10.1038/s41564-018-0156-0	29795540	https://openalex.org/W2805009121		https://openalex.org/W2805009121
openalex	Q11	ancestral_reconstruction	W2808314985	publication	Testing the impact of morphological rate heterogeneity on ancestral state reconstruction of five floral traits in angiosperms	2018	10.1038/s41598-018-27750-1	29930308	https://openalex.org/W2808314985		https://openalex.org/W2808314985
openalex	Q11	ancestral_reconstruction	W2809519514	publication	Using ancestral state reconstruction methods for onomasiological reconstruction in multilingual word lists	2018	10.1163/22105832-00801002		https://openalex.org/W2809519514		https://openalex.org/W2809519514
openalex	Q11	ancestral_reconstruction	W2884644775	publication	Silica bodies in leaves of neotropical Podostemaceae: taxonomic and phylogenetic perspectives	2018	10.1093/aob/mcy121	30032254	https://openalex.org/W2884644775		https://openalex.org/W2884644775
openalex	Q11	ancestral_reconstruction	W2885593832	publication	Evolution of Floral Morphology and Symmetry in the Miconieae (Melastomataceae)	2018			https://openalex.org/W2885593832		https://openalex.org/W2885593832
openalex	Q11	ancestral_reconstruction	W2888190843	publication	Phylogeny and evolutionary history of Pinaceae updated by transcriptomic analysis	2018	10.1016/j.ympev.2018.08.011	30153503	https://openalex.org/W2888190843		https://openalex.org/W2888190843
openalex	Q11	ancestral_reconstruction	W2891182976	publication	Breaking the rules: Phylogeny, not life history, explains dental eruption sequence in primates	2018	10.1002/ajpa.23618	30216408	https://openalex.org/W2891182976		https://openalex.org/W2891182976
openalex	Q11	ancestral_reconstruction	W2896666302	publication	Primate tails: Ancestral state reconstruction and determinants of interspecific variation in primate tail length	2018	10.1002/ajpa.23703	30341951	https://openalex.org/W2896666302		https://openalex.org/W2896666302
openalex	Q11	ancestral_reconstruction	W2897322335	publication	Predicting the Functional Potential of the Microbiome from Marker Genes Using PICRUSt	2018	10.1007/978-1-4939-8728-3_11	30298254	https://openalex.org/W2897322335		https://openalex.org/W2897322335
openalex	Q11	ancestral_reconstruction	W2900441335	publication	The grass subfamily Pooideae: late Cretaceous origin and climate-driven Cenozoic diversification	2018	10.1101/462440		https://openalex.org/W2900441335		https://openalex.org/W2900441335
openalex	Q11	ancestral_reconstruction	W2902220453	publication	Global Alignment of Molecular Sequences via Ancestral State Reconstruction	2009	10.48550/arxiv.0912.2577		https://openalex.org/W2902220453		https://openalex.org/W2902220453
openalex	Q11	ancestral_reconstruction	W2909220121	publication	Multi-task learning improves ancestral state reconstruction	2019	10.1016/j.tpb.2019.01.001	30641072	https://openalex.org/W2909220121		https://openalex.org/W2909220121
openalex	Q11	ancestral_reconstruction	W2917876836	publication	ProtParCon: A Framework for Processing Molecular Data and Identifying Parallel and Convergent Amino Acid Replacements	2019	10.3390/genes10030181	30813627	https://openalex.org/W2917876836		https://openalex.org/W2917876836
openalex	Q11	ancestral_reconstruction	W2919890497	publication	Phylogenetics and biogeography of Australian subterranean Parabathynellidae.	2012			https://openalex.org/W2919890497		https://openalex.org/W2919890497
openalex	Q11	ancestral_reconstruction	W2921098047	publication	Systematics, Biogeography, and Morphological Character Evolution of the Hemiepiphytic Subfamily Monsteroideae (Araceae)	2019	10.3417/2018269		https://openalex.org/W2921098047		https://openalex.org/W2921098047
openalex	Q11	ancestral_reconstruction	W2921182295	publication	Potential Functions of the Gastrointestinal Microbiome Inhabiting the Length of the Rat Digest Tract	2019	10.3390/ijms20051232	30870968	https://openalex.org/W2921182295		https://openalex.org/W2921182295
openalex	Q11	ancestral_reconstruction	W2941168774	publication	Biogeographical Network Analysis of Cretaceous Terrestrial Tetrapods: A Phylogeny-Based Approach	2019	10.1093/sysbio/syz024	31135923	https://openalex.org/W2941168774		https://openalex.org/W2941168774
openalex	Q11	ancestral_reconstruction	W2943153049	publication	From Soup to Systematics: Exploring the Phylogenetics and Extraordinary Evolution of Head and Genitalia of Nannocoiris Reuter (Hemiptera: Dipsocoromorpha) & Taxonomic Revision of Guapinannus Wygodzinsky (Hemiptera: Dipsocoromorpha)	2017			https://openalex.org/W2943153049		https://openalex.org/W2943153049
openalex	Q11	ancestral_reconstruction	W2945429334	publication	The grass subfamily Pooideae: Cretaceous–Palaeocene origin and climate‐driven Cenozoic diversification	2019	10.1111/geb.12923		https://openalex.org/W2945429334		https://openalex.org/W2945429334
openalex	Q11	ancestral_reconstruction	W2949065988	publication	Bayesian Inference of the Evolution of a Phenotype Distribution on a Phylogenetic Tree	2016	10.1101/040980		https://openalex.org/W2949065988		https://openalex.org/W2949065988
openalex	Q11	ancestral_reconstruction	W2949206322	publication	Inferring ancestral states without assuming neutrality or gradualism using a stable model of continuous character evolution	2013	10.48550/arxiv.1302.5104		https://openalex.org/W2949206322		https://openalex.org/W2949206322
openalex	Q11	ancestral_reconstruction	W2949487867	publication	Geographic Range Dynamics Drove Ancient Hybridization in a Lineage of Angiosperms	2018	10.1086/698120	30016161	https://openalex.org/W2949487867		https://openalex.org/W2949487867
openalex	Q11	ancestral_reconstruction	W2950184841	publication	Identical inferences about correlated evolution arise from ancestral state reconstruction and independent contrasts	2013	10.48550/arxiv.1310.0035		https://openalex.org/W2950184841		https://openalex.org/W2950184841
openalex	Q11	ancestral_reconstruction	W2950604571	publication	A comparison of ancestral state reconstruction methods for quantitative characters	2016	10.1016/j.jtbi.2016.05.029	27234644	https://openalex.org/W2950604571		https://openalex.org/W2950604571
openalex	Q11	ancestral_reconstruction	W2950914984	publication	Inferring the Evolutionary Reduction of Corm Lobation in Isoëtes using Bayesian Model-Averaged Ancestral State Reconstruction	2017	10.1101/212316		https://openalex.org/W2950914984		https://openalex.org/W2950914984
openalex	Q11	ancestral_reconstruction	W2951350248	publication	Efficient recycled algorithms for quantitative trait models on phylogenies	2015	10.48550/arxiv.1512.00890		https://openalex.org/W2951350248		https://openalex.org/W2951350248
openalex	Q11	ancestral_reconstruction	W2952818924	publication	Time-dependent-asymmetric-linear-parsimonious ancestral state reconstruction	2016	10.1101/089805		https://openalex.org/W2952818924		https://openalex.org/W2952818924
openalex	Q11	ancestral_reconstruction	W2953106881	publication	On the accuracy of ancestral sequence reconstruction for ultrametric trees with parsimony	2017	10.48550/arxiv.1706.06085		https://openalex.org/W2953106881		https://openalex.org/W2953106881
openalex	Q11	ancestral_reconstruction	W2953264386	publication	SpeciesGeoCoder: Fast categorisation of species occurrences for analyses of biodiversity, biogeography, ecology and evolution	2014	10.1101/009274		https://openalex.org/W2953264386		https://openalex.org/W2953264386
openalex	Q11	ancestral_reconstruction	W2967110401	publication	TAXONOMIC STUDIES AND THE EVOLUTION OF HABITAT PREFERENCE IN THE CYSTOBASIDIOMYCETES	2019	10.25394/pgs.9104987.v1		https://openalex.org/W2967110401		https://openalex.org/W2967110401
openalex	Q11	ancestral_reconstruction	W2969031728	publication	The evolutionary paths to diversity	2019	10.48683/1926.00085137		https://openalex.org/W2969031728		https://openalex.org/W2969031728
openalex	Q11	ancestral_reconstruction	W2981774394	publication	What is the nature of petals in Caryophyllaceae? Developmental evidence clarifies their evolutionary origin	2019	10.1093/aob/mcz075	31175350	https://openalex.org/W2981774394		https://openalex.org/W2981774394
openalex	Q11	ancestral_reconstruction	W2985384661	publication	RASP 4: Ancestral State Reconstruction Tool for Multiple Genes and Characters	2019	10.1093/molbev/msz257	31670774	https://openalex.org/W2985384661		https://openalex.org/W2985384661
openalex	Q11	ancestral_reconstruction	W2987108533	publication	Author response: Firefly genomes illuminate parallel origins of bioluminescence in beetles	2018	10.7554/elife.36495.176		https://openalex.org/W2987108533		https://openalex.org/W2987108533
openalex	Q11	ancestral_reconstruction	W2990260202	publication	Challenges in estimating ancestral state reconstructions: the evolution of migration inSylviawarblers as a study case	2019	10.1111/1749-4877.12418	31773908	https://openalex.org/W2990260202		https://openalex.org/W2990260202
openalex	Q11	ancestral_reconstruction	W2996137088	publication	Phylogenomics — principles, opportunities and pitfalls of big‐data phylogenetics	2019	10.1111/syen.12406		https://openalex.org/W2996137088		https://openalex.org/W2996137088
openalex	Q11	ancestral_reconstruction	W2996725643	publication	MetaPIGA 4: an evolutionary computation approach for estimating phylogenetic trees	2018	10.13097/archive-ouverte/unige:104677		https://openalex.org/W2996725643		https://openalex.org/W2996725643
openalex	Q11	ancestral_reconstruction	W3000287091	publication	Ancestral sequence reconstruction with Maximum Parsimony and its accuracy in mathematical phylogenetics	2019			https://openalex.org/W3000287091		https://openalex.org/W3000287091
openalex	Q11	ancestral_reconstruction	W3006364295	publication	The Phylogenetic Relationships of Middle-Late Miocene Apes: Implications for Early Human Evolution	2020			https://openalex.org/W3006364295		https://openalex.org/W3006364295
openalex	Q11	ancestral_reconstruction	W3010692472	publication	High-resolution and Deep Phylogenetic Reconstruction of Ancestral States from Large Transcriptomic Data Sets	2020	10.21769/bioprotoc.3566	33659537	https://openalex.org/W3010692472		https://openalex.org/W3010692472
openalex	Q11	ancestral_reconstruction	W3011072770	publication	On the Ancestry of Feathers in Mesozoic Dinosaurs	2020	10.1007/978-3-030-27223-4_12		https://openalex.org/W3011072770		https://openalex.org/W3011072770
openalex	Q11	ancestral_reconstruction	W3012378232	publication	Phylogeny and reclassification of Carpophilinae (Coleoptera: Nitidulidae), with insights into the origins of anthophily	2020	10.1093/zoolinnean/zlaa001		https://openalex.org/W3012378232		https://openalex.org/W3012378232
openalex	Q11	ancestral_reconstruction	W3014611239	publication	Speciation rate and the diversity of fishes in freshwaters and the oceans	2020	10.1111/jbi.13839		https://openalex.org/W3014611239		https://openalex.org/W3014611239
openalex	Q11	ancestral_reconstruction	W3018397527	publication	Candidate cases of poecilogony in Neogastropoda: implications for the systematics of the genus Raphitoma Bellardi, 1847	2020	10.1071/is19039		https://openalex.org/W3018397527		https://openalex.org/W3018397527
openalex	Q11	ancestral_reconstruction	W3021581748	publication	Accuracy of ancestral state reconstruction for non-neutral traits	2020	10.1038/s41598-020-64647-4	32376845	https://openalex.org/W3021581748		https://openalex.org/W3021581748
openalex	Q11	ancestral_reconstruction	W3022018189	publication	Shedding light: a phylotranscriptomic perspective illuminates the origin of photosymbiosis in marine bivalves	2020	10.1186/s12862-020-01614-7	32357841	https://openalex.org/W3022018189		https://openalex.org/W3022018189
openalex	Q11	ancestral_reconstruction	W3026651607	publication	Phylogenomics Resolves the Relationships within Antennaria (Asteraceae, Gnaphalieae) and Yields New Insights into its Morphological Character Evolution and Biogeography	2020	10.1600/036364420x15862837791221		https://openalex.org/W3026651607		https://openalex.org/W3026651607
openalex	Q11	ancestral_reconstruction	W3029313974	publication	A new viewpoint on antlers reveals the evolutionary history of deer (Cervidae, Mammalia)	2020	10.1038/s41598-020-64555-7	32488122	https://openalex.org/W3029313974		https://openalex.org/W3029313974
openalex	Q11	ancestral_reconstruction	W3030511800	publication	Molecular and morphological phylogeny of thistle fruit flies Acanthiophilus Becker 1908 and Tephritomyia Hendel 1927 (Diptera: Tephritidae)	2020	10.1016/j.jcz.2020.05.006		https://openalex.org/W3030511800		https://openalex.org/W3030511800
openalex	Q11	ancestral_reconstruction	W3034927759	publication	Can the anatomy of abnormal flowers elucidate relationships of the androecial members in the ginger (Zingiberaceae)?	2020	10.1186/s13227-020-00157-8	32537122	https://openalex.org/W3034927759		https://openalex.org/W3034927759
openalex	Q11	ancestral_reconstruction	W3035696306	publication	Insights into the ancestral flowers of Ranunculales	2020	10.1093/botlinnean/boaa031		https://openalex.org/W3035696306		https://openalex.org/W3035696306
openalex	Q11	ancestral_reconstruction	W3036421782	publication	Consensus in cockroach and termite phylogeny illuminates the origins of sociality	2020	10.17632/4mrcvtzj6d.1		https://openalex.org/W3036421782		https://openalex.org/W3036421782
openalex	Q11	ancestral_reconstruction	W3041223151	publication	What makes a fang? Phylogenetic and ecological controls on tooth evolution in rear-fanged snakes	2020	10.1186/s12862-020-01645-0	32646372	https://openalex.org/W3041223151		https://openalex.org/W3041223151
openalex	Q11	ancestral_reconstruction	W3041660225	publication	SNPPar: identifying convergent evolution and other homoplasies from microbial whole-genome alignments	2020	10.1101/2020.07.08.194480		https://openalex.org/W3041660225		https://openalex.org/W3041660225
openalex	Q11	ancestral_reconstruction	W3043360772	publication	Generalized Hidden Markov Models for Phylogenetic Comparative Datasets	2020	10.1101/2020.07.18.209874		https://openalex.org/W3043360772		https://openalex.org/W3043360772
openalex	Q11	ancestral_reconstruction	W3047021350	publication	Verifiability of genus-level classification under quantification and parsimony theories: a case study of follicucullid radiolarians	2020	10.1017/pab.2020.28		https://openalex.org/W3047021350		https://openalex.org/W3047021350
openalex	Q11	ancestral_reconstruction	W3047918983	publication	Evolution of Floral Morphology and Symmetry in the Miconieae (Melastomataceae): Multiple Generalization Trends within a Specialized Family	2020	10.1086/708906		https://openalex.org/W3047918983		https://openalex.org/W3047918983
openalex	Q11	ancestral_reconstruction	W3085656138	publication	Ancestral state reconstruction of metabolic pathways across pangenome ensembles	2020	10.1099/mgen.0.000429	32924924	https://openalex.org/W3085656138		https://openalex.org/W3085656138
openalex	Q11	ancestral_reconstruction	W3091283694	publication	Gene loss through pseudogenization contributes to the ecological diversification of a generalist Roseobacter lineage	2020	10.1038/s41396-020-00790-0	32999421	https://openalex.org/W3091283694		https://openalex.org/W3091283694
openalex	Q11	ancestral_reconstruction	W3092322410	publication	BAli-Phy version 3: Model-based co-estimation of Alignment and Phylogeny	2020	10.1101/2020.10.10.334003		https://openalex.org/W3092322410		https://openalex.org/W3092322410
openalex	Q11	ancestral_reconstruction	W3092330059	publication	Riddle on the riffle: Miocene diversification and biogeography of endemic mountain loaches in the Western Ghats Biodiversity Hotspot	2020	10.1111/jbi.13972		https://openalex.org/W3092330059		https://openalex.org/W3092330059
openalex	Q11	ancestral_reconstruction	W3093100114	publication	Reconstructing Ecological Niche Evolution via Ancestral State Reconstruction with Uncertainty Incorporated	2020	10.22541/au.157963922.23681075		https://openalex.org/W3093100114		https://openalex.org/W3093100114
openalex	Q11	ancestral_reconstruction	W3094558908	publication	Description and evolution of wood anatomical characters in the ebony wood genus Diospyros and its close relatives (Ebenaceae): a first step towards combatting illegal logging	2020	10.1163/22941932-bja10040		https://openalex.org/W3094558908		https://openalex.org/W3094558908
openalex	Q11	ancestral_reconstruction	W3106521232	publication	Evolution of Green Blood in New Guinea Lizards: Phylogenomics, Biogeography, and Comparative Genomics	2020	10.31390/gradschool_dissertations.5420		https://openalex.org/W3106521232		https://openalex.org/W3106521232
openalex	Q11	ancestral_reconstruction	W3110394251	publication	Generalized hidden Markov models for phylogenetic comparative datasets	2020	10.1111/2041-210x.13534		https://openalex.org/W3110394251		https://openalex.org/W3110394251
openalex	Q11	ancestral_reconstruction	W3110626610	publication	Effectiveness and potential application of sex-identification DNA markers in tunas	2020	10.3354/meps13563		https://openalex.org/W3110626610		https://openalex.org/W3110626610
openalex	Q11	ancestral_reconstruction	W3112109453	publication	The tight genome size of ants: diversity and evolution under ancestral state reconstruction and base composition	2020	10.1093/zoolinnean/zlaa135		https://openalex.org/W3112109453		https://openalex.org/W3112109453
openalex	Q11	ancestral_reconstruction	W3113119798	publication	Flexible comparative genomics of prokaryotic transcriptional regulatory networks	2020	10.1186/s12864-020-06838-x	33327941	https://openalex.org/W3113119798		https://openalex.org/W3113119798
openalex	Q11	ancestral_reconstruction	W3118642901	publication	Bats: A Model for Mammalian Craniofacial Diversification	2020			https://openalex.org/W3118642901		https://openalex.org/W3118642901
openalex	Q11	ancestral_reconstruction	W3119852859	publication	Insights from macroevolutionary modelling and ancestral state reconstruction into the radiation and historical dietary ecology of Lemuriformes (Primates, Mammalia)	2021	10.1186/s12862-021-01793-x	33882818	https://openalex.org/W3119852859		https://openalex.org/W3119852859
openalex	Q11	ancestral_reconstruction	W3119943837	publication	Photosynthesis metabolism in the Compositae: Current knowledge and future directions	2021	10.1002/tax.12426		https://openalex.org/W3119943837		https://openalex.org/W3119943837
openalex	Q11	ancestral_reconstruction	W3125249478	publication	Osteological, Myological, and Phylogenetic Trends of Forelimb Reduction in Nonavian Theropod Dinosaurs	2015			https://openalex.org/W3125249478		https://openalex.org/W3125249478
openalex	Q11	ancestral_reconstruction	W3134550809	publication	Convergent evolution of increased urine‐concentrating ability in desert mammals	2021	10.1111/mam.12244		https://openalex.org/W3134550809		https://openalex.org/W3134550809
openalex	Q11	ancestral_reconstruction	W3135507857	publication	BAli-Phy version 3: model-based co-estimation of alignment and phylogeny	2021	10.1093/bioinformatics/btab129	33677478	https://openalex.org/W3135507857		https://openalex.org/W3135507857
openalex	Q11	ancestral_reconstruction	W3139037143	publication	A New Method for Integrating Ecological Niche Modeling with Phylogenetics to Estimate Ancestral Distributions	2021	10.1093/sysbio/syab016	33720363	https://openalex.org/W3139037143		https://openalex.org/W3139037143
openalex	Q11	ancestral_reconstruction	W3141301832	publication	Ancestral state reconstruction with large numbers of sequences and edge-length estimation	2022	10.1007/s00285-022-01715-5	35188616	https://openalex.org/W3141301832		https://openalex.org/W3141301832
openalex	Q11	ancestral_reconstruction	W3144122047	publication	Phylogenetic estimates of SARS-CoV-2 introductions into Washington State	2021	10.1101/2021.04.05.21254924	33855313	https://openalex.org/W3144122047		https://openalex.org/W3144122047
openalex	Q11	ancestral_reconstruction	W3151979935	publication	Modeling pulsed evolution and time-independent variation improves the confidence level of ancestral and hidden state predictions in continuous traits	2021	10.1101/2021.03.29.437517		https://openalex.org/W3151979935		https://openalex.org/W3151979935
openalex	Q11	ancestral_reconstruction	W3158228143	publication	Evolutionary Change in Locomotion Close to the Origin of Amniotes Inferred From Trackway Data in an Ancestral State Reconstruction Approach	2021	10.3389/fevo.2021.674779		https://openalex.org/W3158228143		https://openalex.org/W3158228143
openalex	Q11	ancestral_reconstruction	W3158996763	publication	Genetic diversity and connectivity of the Ostreid herpesvirus 1 populations in France: a first attempt to phylogeographic inference for a marine mollusc disease	2021	10.1101/2021.04.30.442107		https://openalex.org/W3158996763		https://openalex.org/W3158996763
openalex	Q11	ancestral_reconstruction	W3160983067	publication	Historical biogeography of New World passalid beetles (Coleoptera, Passalidae) reveals Mesoamerican tropical forests as a centre of origin and taxonomic diversification	2021	10.1111/jbi.14134		https://openalex.org/W3160983067		https://openalex.org/W3160983067
openalex	Q11	ancestral_reconstruction	W3165685726	publication	USING PHYLOGENETICS TO INFER HIV-1 TRANSMISSION DIRECTION BETWEEN KNOWN TRANSMISSION PAIRS	2021	10.1101/2021.05.12.21256968		https://openalex.org/W3165685726		https://openalex.org/W3165685726
openalex	Q11	ancestral_reconstruction	W3179365271	publication	Transmission networks of SARS-CoV-2 in coastal Kenya during the first two waves: a retrospective genomic study	2021	10.1101/2021.07.01.21259583		https://openalex.org/W3179365271		https://openalex.org/W3179365271
openalex	Q11	ancestral_reconstruction	W3179773773	publication	Phylogenetic estimates of SARS-CoV-2 introductions into Washington State	2021	10.1016/j.lana.2021.100018	35013735	https://openalex.org/W3179773773		https://openalex.org/W3179773773
openalex	Q11	ancestral_reconstruction	W3183876650	publication	Multilevel dynamics of language diversity and disparity in Oceania	2020	10.25911/wy2b-aq30		https://openalex.org/W3183876650		https://openalex.org/W3183876650
openalex	Q11	ancestral_reconstruction	W3184779092	publication	The evolution of life history strategies in plants and its relationship to the evolution of protective cellular mechanisms against reactive oxygen species	2021	10.21203/rs.3.rs-632316/v1		https://openalex.org/W3184779092		https://openalex.org/W3184779092
openalex	Q11	ancestral_reconstruction	W3185576900	publication	The evolution of marine dwelling in Diptera	2021	10.1002/ece3.7935	34429931	https://openalex.org/W3185576900		https://openalex.org/W3185576900
openalex	Q11	ancestral_reconstruction	W3192321065	publication	Relative model selection of evolutionary substitution models can be sensitive to multiple sequence alignment uncertainty	2021	10.1101/2021.08.04.455051		https://openalex.org/W3192321065		https://openalex.org/W3192321065
openalex	Q11	ancestral_reconstruction	W3195713952	publication	Morphological Characteristics and Embryogenesis of the Vomeronasal Organ and Associated Structures in the Japanese Grass Lizard, Takydromus tachydromoides (Squamata: Lacertoidea: Lacertidae)	2021	10.1643/h2020163		https://openalex.org/W3195713952		https://openalex.org/W3195713952
openalex	Q11	ancestral_reconstruction	W3197151518	publication	Morpho-anatomical affinities and evolutionary relationships of three paleoendemic podocarp genera based on seed cone traits	2021	10.1093/aob/mcab113	34472589	https://openalex.org/W3197151518		https://openalex.org/W3197151518
openalex	Q11	ancestral_reconstruction	W3210750194	publication	Evidence linking life‐form to a major shift in diversification rate in Crassula	2021	10.1002/ajb2.1797	34730230	https://openalex.org/W3210750194		https://openalex.org/W3210750194
openalex	Q11	ancestral_reconstruction	W3210884153	publication	"Data and Code Supplementing the Paper ""Using Ancestral State Reconstruction Methods for Onomasiological Reconstruction in Multilingual Word Lists"""	2018	10.5281/zenodo.1173120		https://openalex.org/W3210884153		https://openalex.org/W3210884153
openalex	Q11	ancestral_reconstruction	W3214184272	publication	When can we reconstruct the ancestral state? A unified theory	2022	10.1016/j.tpb.2022.09.001	36167107	https://openalex.org/W3214184272		https://openalex.org/W3214184272
openalex	Q11	ancestral_reconstruction	W3214502639	publication	Evolutionary transitions across the tree of life : Phylogenomic case studies in environmental archaea, bacteria and eukaryotes	2021			https://openalex.org/W3214502639		https://openalex.org/W3214502639
openalex	Q11	ancestral_reconstruction	W3216775526	publication	Relative model selection of evolutionary substitution models can be sensitive to multiple sequence alignment uncertainty	2021	10.1186/s12862-021-01931-5	34844571	https://openalex.org/W3216775526		https://openalex.org/W3216775526
openalex	Q11	ancestral_reconstruction	W4205318330	publication	Decision letter: MERS-CoV spillover at the camel-human interface	2017	10.7554/elife.31257.037		https://openalex.org/W4205318330		https://openalex.org/W4205318330
openalex	Q11	ancestral_reconstruction	W4205508052	publication	MBASR: Workflow-simplified ancestral state reconstruction of discrete traits with MrBayes in the R environment	2021	10.1101/2021.01.10.426107		https://openalex.org/W4205508052		https://openalex.org/W4205508052
openalex	Q11	ancestral_reconstruction	W4205558434	publication	NestedBD: Bayesian Inference of Phylogenetic Trees From Single-Cell DNA Copy Number Profile Data Under a Birth-Death Model	2022	10.1101/2022.01.16.476510		https://openalex.org/W4205558434		https://openalex.org/W4205558434
openalex	Q11	ancestral_reconstruction	W4206580096	publication	Anchored phylogenomics and a revised classification of the planidial larva clade of jewel wasps (Hymenoptera: Chalcidoidea)	2022	10.1111/syen.12533		https://openalex.org/W4206580096		https://openalex.org/W4206580096
openalex	Q11	ancestral_reconstruction	W4212840753	publication	Was the Last Bacterial Common Ancestor a Monoderm after All?	2022	10.3390/genes13020376	35205421	https://openalex.org/W4212840753		https://openalex.org/W4212840753
openalex	Q11	ancestral_reconstruction	W4213019402	publication	Phycova — a tool for exploring covariates of pathogen spread	2022	10.1093/ve/veac015	35295748	https://openalex.org/W4213019402		https://openalex.org/W4213019402
openalex	Q11	ancestral_reconstruction	W4213421747	publication	Modeling Pulsed Evolution and Time-Independent Variation Improves the Confidence Level of Ancestral and Hidden State Predictions	2022	10.1093/sysbio/syac016	35212761	https://openalex.org/W4213421747		https://openalex.org/W4213421747
openalex	Q11	ancestral_reconstruction	W4220827616	publication	Earth and life evolve together from something ancestral—reply to Britzet al.	2022	10.1098/rsbl.2022.0010	35317628	https://openalex.org/W4220827616		https://openalex.org/W4220827616
openalex	Q11	ancestral_reconstruction	W4220946648	publication	Phylogeographical and evolutionary history of variola major virus; a question of timescales?	2022	10.53854/liim-3001-13	35350249	https://openalex.org/W4220946648		https://openalex.org/W4220946648
openalex	Q11	ancestral_reconstruction	W4225487117	publication	Genetic diversity and connectivity of the Ostreid herpesvirus 1 populations in France: A first attempt to phylogeographic inference for a marine mollusc disease	2022	10.1093/ve/veac039	35600094	https://openalex.org/W4225487117		https://openalex.org/W4225487117
openalex	Q11	ancestral_reconstruction	W4225492844	publication	SNPPar: identifying convergent evolution and other homoplasies from microbial whole-genome alignments	2021	10.1099/mgen.0.000694	34874243	https://openalex.org/W4225492844		https://openalex.org/W4225492844
openalex	Q11	ancestral_reconstruction	W4230088166	publication	Decision letter: Firefly genomes illuminate parallel origins of bioluminescence in beetles	2018	10.7554/elife.36495.175		https://openalex.org/W4230088166		https://openalex.org/W4230088166
openalex	Q11	ancestral_reconstruction	W4230840456	publication		2018	10.7287/peerj.preprints.2663/supp-4		https://openalex.org/W4230840456		https://openalex.org/W4230840456
openalex	Q11	ancestral_reconstruction	W4232150681	publication	USING SPECTRAL DATA TO RECONSTRUCT EVOLUTIONARY CHANGES IN COLORATION: CAROTENOID COLOR EVOLUTION IN NEW WORLD ORIOLES	2006	10.1554/06-190.1		https://openalex.org/W4232150681		https://openalex.org/W4232150681
openalex	Q11	ancestral_reconstruction	W4233405135	publication		2018	10.7287/peerj.preprints.2663v1/supp-3		https://openalex.org/W4233405135		https://openalex.org/W4233405135
openalex	Q11	ancestral_reconstruction	W4235248837	publication		2018	10.7287/peerj.preprints.2663/supp-1		https://openalex.org/W4235248837		https://openalex.org/W4235248837
openalex	Q11	ancestral_reconstruction	W4235337474	publication		2018	10.7287/peerj.preprints.2663v1/supp-2		https://openalex.org/W4235337474		https://openalex.org/W4235337474
openalex	Q11	ancestral_reconstruction	W4236257117	publication	Mountain colonisation, miniaturisation and ecological evolution in a radiation of direct developing New Guinea Frogs ( Choerophryne , Microhylidae)	2017	10.7287/peerj.preprints.2663v2		https://openalex.org/W4236257117		https://openalex.org/W4236257117
openalex	Q11	ancestral_reconstruction	W4236601581	publication		2018	10.7287/peerj.preprints.2663/supp-3		https://openalex.org/W4236601581		https://openalex.org/W4236601581
openalex	Q11	ancestral_reconstruction	W4238502942	publication	Growth and miniaturization among alvarezsauroid dinosaurs	2021	10.1016/j.cub.2021.07.060		https://openalex.org/W4238502942		https://openalex.org/W4238502942
openalex	Q11	ancestral_reconstruction	W4240567225	publication		2018	10.7287/peerj.preprints.2663v2/supp-3		https://openalex.org/W4240567225		https://openalex.org/W4240567225
openalex	Q11	ancestral_reconstruction	W4240797844	publication		2018	10.7287/peerj.preprints.2663v2/supp-4		https://openalex.org/W4240797844		https://openalex.org/W4240797844
openalex	Q11	ancestral_reconstruction	W4244191691	publication	Shedding light: A phylotranscriptomic perspective illuminates the origin of photosymbiosis in marine bivalves	2020	10.21203/rs.2.16100/v2		https://openalex.org/W4244191691		https://openalex.org/W4244191691
openalex	Q11	ancestral_reconstruction	W4244491782	publication	Extracting microbial function from phylogeny	2013	10.1038/nmeth.2670		https://openalex.org/W4244491782		https://openalex.org/W4244491782
openalex	Q11	ancestral_reconstruction	W4246391157	publication		2018	10.7287/peerj.preprints.2663v1/supp-4		https://openalex.org/W4246391157		https://openalex.org/W4246391157
openalex	Q11	ancestral_reconstruction	W4247727353	publication		2018	10.7287/peerj.preprints.2663v1/supp-1		https://openalex.org/W4247727353		https://openalex.org/W4247727353
openalex	Q11	ancestral_reconstruction	W4248345969	publication	TESTING HYPOTHESES ABOUT ECOLOGICAL SPECIALIZATION USING PHYLOGENETIC TREES	2005	10.1554/05-169.1		https://openalex.org/W4248345969		https://openalex.org/W4248345969
openalex	Q11	ancestral_reconstruction	W4249111205	publication		2018	10.7287/peerj.preprints.2663v2/supp-2		https://openalex.org/W4249111205		https://openalex.org/W4249111205
openalex	Q11	ancestral_reconstruction	W4250549363	publication	Ancestral State Reconstruction of Migration: Multistate Analysis Reveals Rapid Changes in New World Orioles (Icterus SPP)	2007	10.1093/auk/124.2.410		https://openalex.org/W4250549363		https://openalex.org/W4250549363
openalex	Q11	ancestral_reconstruction	W4251761624	publication		2018	10.7287/peerj.preprints.2663/supp-2		https://openalex.org/W4251761624		https://openalex.org/W4251761624
openalex	Q11	ancestral_reconstruction	W4251889110	publication	Insights from macroevolutionary modelling and ancestral state reconstruction into the radiation and historical dietary ecology of Lemuriformes (Primates, Mammalia)	2020	10.21203/rs.3.rs-130245/v1		https://openalex.org/W4251889110		https://openalex.org/W4251889110
openalex	Q11	ancestral_reconstruction	W4252397269	publication	Mountain colonisation, miniaturisation and ecological evolution in a radiation of direct developing New Guinea Frogs (Choerophryne, Microhylidae)	2017	10.7287/peerj.preprints.2663		https://openalex.org/W4252397269		https://openalex.org/W4252397269
openalex	Q11	ancestral_reconstruction	W4252538318	publication	Mountain colonisation, miniaturisation and ecological evolution in a radiation of direct developing New Guinea Frogs ( Choerophryne , Microhylidae)	2016	10.7287/peerj.preprints.2663v1		https://openalex.org/W4252538318		https://openalex.org/W4252538318
openalex	Q11	ancestral_reconstruction	W4253622748	publication	Shedding light: A phylotranscriptomic perspective illuminates the origin of photosymbiosis in marine bivalves	2019	10.21203/rs.2.16100/v1		https://openalex.org/W4253622748		https://openalex.org/W4253622748
openalex	Q11	ancestral_reconstruction	W4254421621	publication	Shedding light: A phylotranscriptomic perspective illuminates the origin of photosymbiosis in marine bivalves	2020	10.21203/rs.2.16100/v3		https://openalex.org/W4254421621		https://openalex.org/W4254421621
openalex	Q11	ancestral_reconstruction	W4254770585	publication	Shedding light: A phylotranscriptomic perspective illuminates the origin of photosymbiosis in marine bivalves	2020	10.21203/rs.2.16100/v4		https://openalex.org/W4254770585		https://openalex.org/W4254770585
openalex	Q11	ancestral_reconstruction	W4255319058	publication		2018	10.7287/peerj.preprints.2663v2/supp-1		https://openalex.org/W4255319058		https://openalex.org/W4255319058
openalex	Q11	ancestral_reconstruction	W4281704683	publication	Bayesian methods for ancestral state reconstruction in morphosyntax: Exploring the history of argument marking strategies in a large language family	2022	10.1093/jole/lzac002		https://openalex.org/W4281704683		https://openalex.org/W4281704683
openalex	Q11	ancestral_reconstruction	W4281757949	publication	Evolution and development of inflorescences and floral symmetry in Solanaceae	2022	10.1002/ajb2.1864	35619567	https://openalex.org/W4281757949		https://openalex.org/W4281757949
openalex	Q11	ancestral_reconstruction	W4282824263	publication	Transmission networks of SARS-CoV-2 in Coastal Kenya during the first two waves: A retrospective genomic study	2022	10.7554/elife.71703	35699426	https://openalex.org/W4282824263		https://openalex.org/W4282824263
openalex	Q11	ancestral_reconstruction	W4283277995	publication	The international and intercontinental spread and expansion of antimicrobial-resistant Salmonella Typhi: a genomic epidemiology study	2022	10.1016/s2666-5247(22)00093-3	35750070	https://openalex.org/W4283277995		https://openalex.org/W4283277995
openalex	Q11	ancestral_reconstruction	W4283448571	publication	Identification of domestic reservoirs and common exposures in an emerging lineage of Shiga toxin-producing Escherichia coli O157:H7 in England: a genomic epidemiological analysis	2022	10.1016/s2666-5247(22)00089-1	35760076	https://openalex.org/W4283448571		https://openalex.org/W4283448571
openalex	Q11	ancestral_reconstruction	W4285415000	publication	Decision letter: Transmission networks of SARS-CoV-2 in Coastal Kenya during the first two waves: A retrospective genomic study	2021	10.7554/elife.71703.sa1		https://openalex.org/W4285415000		https://openalex.org/W4285415000
openalex	Q11	ancestral_reconstruction	W4285415001	publication	Editor's evaluation: Transmission networks of SARS-CoV-2 in Coastal Kenya during the first two waves: A retrospective genomic study	2021	10.7554/elife.71703.sa0		https://openalex.org/W4285415001		https://openalex.org/W4285415001
openalex	Q11	ancestral_reconstruction	W4286858196	publication	When can we reconstruct the ancestral state? A unified theory	2021	10.48550/arxiv.2111.07445		https://openalex.org/W4286858196		https://openalex.org/W4286858196
openalex	Q11	ancestral_reconstruction	W4287249826	publication	Ancestral state reconstruction with large numbers of sequences and edge-length estimation	2021	10.48550/arxiv.2104.00151		https://openalex.org/W4287249826		https://openalex.org/W4287249826
openalex	Q11	ancestral_reconstruction	W4288440490	publication	The Early Terrestrial Fungal Lineage of Conidiobolus—Transition from Saprotroph to Parasitic Lifestyle	2022	10.3390/jof8080789	36012777	https://openalex.org/W4288440490		https://openalex.org/W4288440490
openalex	Q11	ancestral_reconstruction	W4288802071	publication	Detailed seed cone morpho-anatomy of the Prumnopityoid clade: an insight into the origin and evolution of Podocarpaceae seed cones	2022	10.1093/aob/mcac097	35906916	https://openalex.org/W4288802071		https://openalex.org/W4288802071
openalex	Q11	ancestral_reconstruction	W4291366480	publication	Keeping 21st Century Paleontology Grounded: Quantitative Genetic Analyses and Ancestral State Reconstruction Re-Emphasize the Essentiality of Fossils	2022	10.3390/biology11081218	36009845	https://openalex.org/W4291366480		https://openalex.org/W4291366480
openalex	Q11	ancestral_reconstruction	W4291618321	publication	Resolving marine–freshwater transitions by diatoms through a fog of discordant gene trees	2022	10.1101/2022.08.12.503770		https://openalex.org/W4291618321		https://openalex.org/W4291618321
openalex	Q11	ancestral_reconstruction	W4292735420	publication	Computational historical linguistics	2021	10.13154/294-7838		https://openalex.org/W4292735420		https://openalex.org/W4292735420
openalex	Q11	ancestral_reconstruction	W4293716449	publication	Spatiotemporal dynamics of HIV-1 CRF63_02A6 sub-epidemic	2022	10.3389/fmicb.2022.946787	36118194	https://openalex.org/W4293716449		https://openalex.org/W4293716449
openalex	Q11	ancestral_reconstruction	W4295088787	publication	Ancestral State Reconstruction Using BayesTraits	2022	10.1007/978-1-0716-2691-7_12	36083452	https://openalex.org/W4295088787		https://openalex.org/W4295088787
openalex	Q11	ancestral_reconstruction	W4295706190	publication	Using phylogenetics to infer HIV-1 transmission direction between known transmission pairs	2022	10.1073/pnas.2210604119	36103580	https://openalex.org/W4295706190		https://openalex.org/W4295706190
openalex	Q11	ancestral_reconstruction	W4296993164	publication	Quantifying the accuracy of ancestral state prediction in a phylogenetic\n tree under maximum parsimony	2018	10.48550/arxiv.1805.00548		https://openalex.org/W4296993164		https://openalex.org/W4296993164
openalex	Q11	ancestral_reconstruction	W4297982605	publication	Characterization of the Complete Mitochondrial Genome of Eight Diurnal Hawkmoths (Lepidoptera: Sphingidae): New Insights into the Origin and Evolution of Diurnalism in Sphingids	2022	10.3390/insects13100887	36292835	https://openalex.org/W4297982605		https://openalex.org/W4297982605
openalex	Q11	ancestral_reconstruction	W4298880671	publication	Efficient recycled algorithms for quantitative trait models on\n phylogenies	2015	10.48550/arxiv.1512.00890		https://openalex.org/W4298880671		https://openalex.org/W4298880671
openalex	Q11	ancestral_reconstruction	W4301738235	publication	Inferring ancestral states without assuming neutrality or gradualism\n using a stable model of continuous character evolution	2013	10.48550/arxiv.1302.5104		https://openalex.org/W4301738235		https://openalex.org/W4301738235
openalex	Q11	ancestral_reconstruction	W4308792224	publication	Molecular phylogeny, character evolution, and biogeography of Aster species (Asteraceae) from the Qinghai-Tibet Plateau	2022	10.21203/rs.3.rs-2226060/v1		https://openalex.org/W4308792224		https://openalex.org/W4308792224
openalex	Q11	ancestral_reconstruction	W4309153788	publication	Phylogenomic comparative methods: accurate evolutionary inferences in the presence of gene tree discordance	2022	10.1101/2022.11.14.516436		https://openalex.org/W4309153788		https://openalex.org/W4309153788
openalex	Q11	ancestral_reconstruction	W4309933505	publication	Neontological and paleontological congruence in the evolution of Podocarpaceae (coniferales) reproductive morphology	2022	10.3389/fevo.2022.1058746		https://openalex.org/W4309933505		https://openalex.org/W4309933505
openalex	Q11	ancestral_reconstruction	W4309995554	publication	A new Paleogene fossil and a new dataset for waterfowl (Aves: Anseriformes) clarify phylogeny, ecological evolution, and avian evolution at the K-Pg Boundary	2022	10.1101/2022.11.23.517648		https://openalex.org/W4309995554		https://openalex.org/W4309995554
openalex	Q11	ancestral_reconstruction	W4310290170	publication	Profile of a flower: How rates of morphological evolution drive floral diversification in Ericales	2022	10.1101/2022.11.28.518258		https://openalex.org/W4310290170		https://openalex.org/W4310290170
openalex	Q11	ancestral_reconstruction	W4310988570	publication	The evolution of unique cranial traits in leporid lagomorphs	2022	10.7717/peerj.14414	36518283	https://openalex.org/W4310988570		https://openalex.org/W4310988570
openalex	Q11	ancestral_reconstruction	W4312542550	publication	Consolidation ofChloridium: new classification into eight sections with 37 species and reinstatement of the generaGongromerizaandPsilobotrys	2022	10.3114/sim.2022.103.04	37342155	https://openalex.org/W4312542550		https://openalex.org/W4312542550
openalex	Q11	ancestral_reconstruction	W4315432779	publication	Structural homology in ribosomal RNA, and a deliberation on POY	2006	10.3897/asp.64.e31654		https://openalex.org/W4315432779		https://openalex.org/W4315432779
openalex	Q11	ancestral_reconstruction	W4318823982	publication	Origin and Phylogeny of the Genus Chrysosplenium: Evidence from Chloroplast Genome and Nuclear Ribosomal DNA Data	2022	10.2139/ssrn.4291792		https://openalex.org/W4318823982		https://openalex.org/W4318823982
openalex	Q11	ancestral_reconstruction	W4320725536	publication	Genome size evolution in grasshoppers (Orthoptera: Caelifera: Acrididae)	2023	10.1111/syen.12586		https://openalex.org/W4320725536		https://openalex.org/W4320725536
openalex	Q11	ancestral_reconstruction	W4321782180	publication	SARS-CoV-2 Omicron variant of concern in the Seychelles: Introduction and spread	2023	10.12688/wellcomeopenres.18908.1		https://openalex.org/W4321782180		https://openalex.org/W4321782180
openalex	Q11	ancestral_reconstruction	W4323350445	publication	Fagalean phylogeny in a nutshell: Chronicling the diversification history of Fagales	2023	10.1101/2023.03.06.531381		https://openalex.org/W4323350445		https://openalex.org/W4323350445
openalex	Q11	ancestral_reconstruction	W4327861813	publication	Genomic epidemiology and antimicrobial resistance transmission of Salmonella Typhi and Paratyphi A at three urban sites in Africa and Asia	2023	10.1101/2023.03.11.23286741		https://openalex.org/W4327861813		https://openalex.org/W4327861813
openalex	Q11	ancestral_reconstruction	W4360602715	publication	Evolutionary Insights Into Felidae Iris Color Through Ancestral State Reconstruction	2023	10.1101/2023.03.20.533527		https://openalex.org/W4360602715		https://openalex.org/W4360602715
openalex	Q11	ancestral_reconstruction	W4362522945	publication	Replicated life-history patterns and subsurface origins of the bacterial sister phyla Nitrospirota and Nitrospinota	2023	10.1038/s41396-023-01397-x	37012337	https://openalex.org/W4362522945		https://openalex.org/W4362522945
openalex	Q11	ancestral_reconstruction	W4366998425	publication	Modelling drug resistance emergence and transmission in HIV-1 in the UK	2023	10.1101/2023.04.24.23288580		https://openalex.org/W4366998425		https://openalex.org/W4366998425
openalex	Q11	ancestral_reconstruction	W4377292785	publication	Phylogenomic comparative methods: Accurate evolutionary inferences in the presence of gene tree discordance	2023	10.1073/pnas.2220389120	37216509	https://openalex.org/W4377292785		https://openalex.org/W4377292785
openalex	Q11	ancestral_reconstruction	W4377564928	publication	An overview of the osseous palmar sesamoid in Anura, with the particular case of some Rhinella species	2023	10.7717/peerj.15063	37214098	https://openalex.org/W4377564928		https://openalex.org/W4377564928
openalex	Q11	ancestral_reconstruction	W4378373376	publication	Flower morphology as a predictor of pollination mode in a biotic to abiotic pollination continuum	2023	10.1093/aob/mcad069	37235981	https://openalex.org/W4378373376		https://openalex.org/W4378373376
openalex	Q11	ancestral_reconstruction	W4378381375	publication	Modeling Drug Resistance Emergence and Transmission in HIV-1 in the UK	2023	10.3390/v15061244	37376544	https://openalex.org/W4378381375		https://openalex.org/W4378381375
openalex	Q11	ancestral_reconstruction	W4379196680	publication	Genetic Drift and Alphapapillomavirus Evolution	2023	10.20944/preprints202306.0020.v1		https://openalex.org/W4379196680		https://openalex.org/W4379196680
openalex	Q11	ancestral_reconstruction	W4379532805	publication	Interview with Laura Fortunato, Winner of the 2011 Gabriel W. Lasker Prize	2012	10.1353/hub.2012.a486776		https://openalex.org/W4379532805		https://openalex.org/W4379532805
openalex	Q11	ancestral_reconstruction	W4381157484	publication	Resolving Marine–Freshwater Transitions by Diatoms Through a Fog of Gene Tree Discordance	2023	10.1093/sysbio/syad038	37335140	https://openalex.org/W4381157484		https://openalex.org/W4381157484
openalex	Q11	ancestral_reconstruction	W4381186321	publication	Phylogenomics, evolution of trophic traits and divergence times of hemiodontid fishes (Ostariophysi: Characiformes)	2023	10.1016/j.ympev.2023.107864	37343656	https://openalex.org/W4381186321		https://openalex.org/W4381186321
openalex	Q11	ancestral_reconstruction	W4381511934	publication	Insights into SARS-CoV-2 in Angola during the COVID-19 Peak: Molecular Epidemiology and Genome Surveillance	2023	10.22541/au.168733266.66797147/v1		https://openalex.org/W4381511934		https://openalex.org/W4381511934
openalex	Q11	ancestral_reconstruction	W4382050021	publication	Evolution of posture in amniotes–Diving into the trabecular architecture of the femoral head	2023	10.1111/jeb.14187	37363887	https://openalex.org/W4382050021		https://openalex.org/W4382050021
openalex	Q11	ancestral_reconstruction	W4385269471	publication	Distinguishing Genetic Drift from Selection in Papillomavirus Evolution	2023	10.3390/v15081631	37631973	https://openalex.org/W4385269471		https://openalex.org/W4385269471
openalex	Q11	ancestral_reconstruction	W4386100402	publication	Adaptation to pollination by fungus gnats underlies the evolution of pollination syndrome in the genus Euonymus	2023	10.1093/aob/mcad081	37610846	https://openalex.org/W4386100402		https://openalex.org/W4386100402
openalex	Q11	ancestral_reconstruction	W4386449191	publication	Historical causes for the greater proportion of polyploid plants in higher latitudes	2023	10.1101/2023.09.01.555981		https://openalex.org/W4386449191		https://openalex.org/W4386449191
openalex	Q11	ancestral_reconstruction	W4386466639	publication	Parsimony and Poeciliid Sex Chromosome Evolution	2023	10.1093/gbe/evad128	37670515	https://openalex.org/W4386466639		https://openalex.org/W4386466639
openalex	Q11	ancestral_reconstruction	W4386493712	publication	Reply to: Amniote metabolism and the evolution of endothermy	2023	10.1038/s41586-023-06412-x	37673991	https://openalex.org/W4386493712		https://openalex.org/W4386493712
openalex	Q11	ancestral_reconstruction	W4386960550	publication	Insights into SARS‐CoV‐2 in Angola during the COVID‐19 peak: Molecular epidemiology and genome surveillance	2023	10.1111/irv.13198	37744993	https://openalex.org/W4386960550		https://openalex.org/W4386960550
openalex	Q11	ancestral_reconstruction	W4386983386	publication	TreeProfiler: Large-scale metadata profiling along gene and species trees	2023	10.1101/2023.09.21.558621		https://openalex.org/W4386983386		https://openalex.org/W4386983386
openalex	Q11	ancestral_reconstruction	W4387302245	publication	New perspectives on the evolutionary history of xiphosuran development through comparison with other fossil euchelicerates	2023	10.3389/fevo.2023.1270429		https://openalex.org/W4387302245		https://openalex.org/W4387302245
openalex	Q11	ancestral_reconstruction	W4387648610	publication	The ten-million-year explosion: Paleocognitive reconstructions of domain-general cognitive ability (G) in extinct primates	2023	10.1016/j.intell.2023.101795		https://openalex.org/W4387648610		https://openalex.org/W4387648610
openalex	Q11	ancestral_reconstruction	W4389081393	publication	Resurrection of 2′-5′-oligoadenylate synthetase 1 (OAS1) from the ancestor of modern horseshoe bats blocks SARS-CoV-2 replication	2023	10.1371/journal.pbio.3002398	38015855	https://openalex.org/W4389081393		https://openalex.org/W4389081393
openalex	Q11	ancestral_reconstruction	W4389438744	publication	RERconverge Expansion: Using Relative Evolutionary Rates to Study Complex Categorical Trait Evolution	2023	10.1101/2023.12.06.570425	38106136	https://openalex.org/W4389438744		https://openalex.org/W4389438744
openalex	Q11	ancestral_reconstruction	W4389671022	publication	Myrmecophytism as a driver of macroevolutionary patterns: perspectives from the Southeast Asian Macaranga ant-plant symbiosis	2023	10.1101/2023.12.12.571248		https://openalex.org/W4389671022		https://openalex.org/W4389671022
openalex	Q11	ancestral_reconstruction	W4391106652	publication	Spicy food for the egg-cowries: the evolution of corallivory in the Ovulidae (Gastropoda: Cypraeoidea)	2024	10.3389/fmars.2023.1323156		https://openalex.org/W4391106652		https://openalex.org/W4391106652
openalex	Q11	ancestral_reconstruction	W4391484404	publication	The evolution of multi-component visual signals in darters (genus Etheostoma)	2011			https://openalex.org/W4391484404		https://openalex.org/W4391484404
openalex	Q11	ancestral_reconstruction	W4391692782	publication	Exploring the evolutionary dynamics of myrmecophytism: Perspectives from the Southeast Asian Macaranga ant-plant symbiosis	2024	10.1016/j.ympev.2024.108028	38342161	https://openalex.org/W4391692782		https://openalex.org/W4391692782
openalex	Q11	ancestral_reconstruction	W4392551736	publication	Disentangling Ancestral State Reconstruction in historical linguistics	2024	10.1075/dia.22022.ski		https://openalex.org/W4392551736		https://openalex.org/W4392551736
openalex	Q11	ancestral_reconstruction	W4393536994	publication	"Dataset for FigS2F in ""DNA is the allosteric driver for the asymmetric binding of homodimer estrogen-related receptor"""	2023	10.5281/zenodo.7391340		https://openalex.org/W4393536994		https://openalex.org/W4393536994
openalex	Q11	ancestral_reconstruction	W4393692272	publication	"Dataset for FigS2F in ""DNA is the allosteric driver for the asymmetric binding of homodimer estrogen-related receptor"""	2023	10.5281/zenodo.8073654		https://openalex.org/W4393692272		https://openalex.org/W4393692272
openalex	Q11	ancestral_reconstruction	W4393700889	publication	Data from: Macroevolutionary trends in theropod dinosaur feeding mechanics	2021	10.5281/zenodo.5644577		https://openalex.org/W4393700889		https://openalex.org/W4393700889
openalex	Q11	ancestral_reconstruction	W4393798739	publication	Data from: Macroevolutionary trends in theropod dinosaur feeding mechanics	2021	10.5281/zenodo.5654784		https://openalex.org/W4393798739		https://openalex.org/W4393798739
openalex	Q11	ancestral_reconstruction	W4393803115	publication	"Dataset for FigS2F in ""DNA is the allosteric driver for the asymmetric binding of homodimer estrogen-related receptor"""	2023	10.5281/zenodo.7391341		https://openalex.org/W4393803115		https://openalex.org/W4393803115
openalex	Q11	ancestral_reconstruction	W4393813441	publication	Bayesian Methods For Ancestral State Reconstruction In Morphosyntax	2018	10.5281/zenodo.1308903		https://openalex.org/W4393813441		https://openalex.org/W4393813441
openalex	Q11	ancestral_reconstruction	W4393826277	publication	Data from: Macroevolutionary trends in theropod dinosaur feeding mechanics	2021	10.5281/zenodo.5644578		https://openalex.org/W4393826277		https://openalex.org/W4393826277
openalex	Q11	ancestral_reconstruction	W4393838833	publication	Data from: Macroevolutionary trends in theropod dinosaur feeding mechanics	2021	10.5281/zenodo.5654785		https://openalex.org/W4393838833		https://openalex.org/W4393838833
openalex	Q11	ancestral_reconstruction	W4394027697	publication	Bayesian Methods For Ancestral State Reconstruction In Morphosyntax	2018	10.5281/zenodo.1308904		https://openalex.org/W4394027697		https://openalex.org/W4394027697
openalex	Q11	ancestral_reconstruction	W4394086912	publication	High frequency of character transformations is phylogenetically structured within the lichenized fungal family Graphidaceae (Ascomycota: Ostropales)	2014	10.6084/m9.figshare.1004987		https://openalex.org/W4394086912		https://openalex.org/W4394086912
openalex	Q11	ancestral_reconstruction	W4394139469	publication	Additional file 3: of The male sexual apparatus in the order Scorpiones (Arachnida): a comparative study of functional morphology as a tool to define hypotheses of homology	2017	10.6084/m9.figshare.c.3937780_d4		https://openalex.org/W4394139469		https://openalex.org/W4394139469
openalex	Q11	ancestral_reconstruction	W4394150013	publication	Phylogenetic Analysis Scripts and Output	2023	10.6084/m9.figshare.24056598		https://openalex.org/W4394150013		https://openalex.org/W4394150013
openalex	Q11	ancestral_reconstruction	W4394215041	publication	Ancestral State Reconstruction of the Apoptosis Machinery in the Common Ancestor of Eukaryotes	2018	10.6084/m9.figshare.5548519.v1		https://openalex.org/W4394215041		https://openalex.org/W4394215041
openalex	Q11	ancestral_reconstruction	W4394257023	publication	Additional file 14: of A phylogenetic framework of the legume genus Aeschynomene for comparative genetic analysis of the Nod-dependent and Nod-independent symbioses	2018	10.6084/m9.figshare.7429295		https://openalex.org/W4394257023		https://openalex.org/W4394257023
openalex	Q11	ancestral_reconstruction	W4394261781	publication	Genome-wide association testing of Biolog GenIII phenotypes vs. accessory genome presence/absence	2019	10.6084/m9.figshare.8316818		https://openalex.org/W4394261781		https://openalex.org/W4394261781
openalex	Q11	ancestral_reconstruction	W4394264314	publication	Additional file 15: of A phylogenetic framework of the legume genus Aeschynomene for comparative genetic analysis of the Nod-dependent and Nod-independent symbioses	2018	10.6084/m9.figshare.7429298		https://openalex.org/W4394264314		https://openalex.org/W4394264314
openalex	Q11	ancestral_reconstruction	W4394281260	publication	Additional file 1: of The male sexual apparatus in the order Scorpiones (Arachnida): a comparative study of functional morphology as a tool to define hypotheses of homology	2017	10.6084/m9.figshare.c.3937780_d2		https://openalex.org/W4394281260		https://openalex.org/W4394281260
openalex	Q11	ancestral_reconstruction	W4394336848	publication	Additional file 5: of The male sexual apparatus in the order Scorpiones (Arachnida): a comparative study of functional morphology as a tool to define hypotheses of homology	2017	10.6084/m9.figshare.c.3937780_d6		https://openalex.org/W4394336848		https://openalex.org/W4394336848
openalex	Q11	ancestral_reconstruction	W4394394475	publication	PYJAR phylogenetic trees	2018	10.6084/m9.figshare.7022558		https://openalex.org/W4394394475		https://openalex.org/W4394394475
openalex	Q11	ancestral_reconstruction	W4394394719	publication	Additional file 2: of The male sexual apparatus in the order Scorpiones (Arachnida): a comparative study of functional morphology as a tool to define hypotheses of homology	2017	10.6084/m9.figshare.c.3937780_d3		https://openalex.org/W4394394719		https://openalex.org/W4394394719
openalex	Q11	ancestral_reconstruction	W4394425033	publication	Phylogenetic relationships in Bulbostylis (Abildgaardieae: Cyperaceae) inferred from nuclear and plastid DNA sequence data	2018	10.6084/m9.figshare.6011381		https://openalex.org/W4394425033		https://openalex.org/W4394425033
openalex	Q11	ancestral_reconstruction	W4394447915	publication	Phylogenomics with Hyb-Seq Unravels Korean Hosta Evolution	2021	10.6084/m9.figshare.14043965		https://openalex.org/W4394447915		https://openalex.org/W4394447915
openalex	Q11	ancestral_reconstruction	W4394449215	publication	Appendices to 'Using ancestral state reconstruction methods for onomasiological reconstruction in multilingual word lists'.	2018	10.6084/m9.figshare.6580382		https://openalex.org/W4394449215		https://openalex.org/W4394449215
openalex	Q11	ancestral_reconstruction	W4394456044	publication	Additional file 4: of The male sexual apparatus in the order Scorpiones (Arachnida): a comparative study of functional morphology as a tool to define hypotheses of homology	2017	10.6084/m9.figshare.c.3937780_d5		https://openalex.org/W4394456044		https://openalex.org/W4394456044
openalex	Q11	ancestral_reconstruction	W4394494309	publication	Additional file 13: of A phylogenetic framework of the legume genus Aeschynomene for comparative genetic analysis of the Nod-dependent and Nod-independent symbioses	2018	10.6084/m9.figshare.7429292		https://openalex.org/W4394494309		https://openalex.org/W4394494309
openalex	Q11	ancestral_reconstruction	W4394502715	publication	MOESM5 of Leaps and bounds: geographical and ecological distance constrained the colonisation of the Afrotemperate by Erica	2019	10.6084/m9.figshare.11329244		https://openalex.org/W4394502715		https://openalex.org/W4394502715
openalex	Q11	ancestral_reconstruction	W4394522080	publication	High frequency of character transformations is phylogenetically structured within the lichenized fungal family Graphidaceae (Ascomycota: Ostropales)	2014	10.6084/m9.figshare.1004987.v1		https://openalex.org/W4394522080		https://openalex.org/W4394522080
openalex	Q11	ancestral_reconstruction	W4394838876	publication	La diversité locomotrice et posturale des amniotes : apport de la microanatomie osseuse et implications pour les grandes transitions posturales du Mésozoïque	2022			https://openalex.org/W4394838876		https://openalex.org/W4394838876
openalex	Q11	ancestral_reconstruction	W4394868622	publication	Effects of thermophysiology on the evolution of Pseudosuchia (Archosauria) : contributions of paleohistology and isotopic geochemistry using phylogenetic comparative methods	2021			https://openalex.org/W4394868622		https://openalex.org/W4394868622
openalex	Q11	ancestral_reconstruction	W4396722173	publication	Stronger bat predation and weaker environmental constraints predict longer moth tails	2024	10.1101/2024.05.05.590753		https://openalex.org/W4396722173		https://openalex.org/W4396722173
openalex	Q11	ancestral_reconstruction	W4399167677	publication	A discrete character evolution model for phylogenetic comparative biology with Γ-distributed rate heterogeneity among branches of the tree	2024	10.1101/2024.05.25.595896		https://openalex.org/W4399167677		https://openalex.org/W4399167677
openalex	Q11	ancestral_reconstruction	W4399272814	publication	Evaluating methods for B-cell clonal family assignment	2024	10.1101/2024.05.29.596491	38853833	https://openalex.org/W4399272814		https://openalex.org/W4399272814
openalex	Q11	ancestral_reconstruction	W4399612356	publication	phytools: Phylogenetic Tools for Comparative Biology (and Other Things)	2011	10.32614/cran.package.phytools		https://openalex.org/W4399612356		https://openalex.org/W4399612356
openalex	Q11	ancestral_reconstruction	W4399648017	publication	Rphylopars: Phylogenetic Comparative Tools for Missing Data and Within-Species Variation	2015	10.32614/cran.package.rphylopars		https://openalex.org/W4399648017		https://openalex.org/W4399648017
openalex	Q11	ancestral_reconstruction	W4399651773	publication	Investigating historical drivers of latitudinal gradients in polyploid plant biogeography: A multiclade perspective	2024	10.1002/ajb2.16356	38867412	https://openalex.org/W4399651773		https://openalex.org/W4399651773
openalex	Q11	ancestral_reconstruction	W4399872594	publication	Transcriptome sequencing data provide a solid base to understand the phylogenetic relationships, biogeography and reticulated evolution of the genus Zamia L. (Cycadales: Zamiaceae)	2024	10.1093/aob/mcae065	38900840	https://openalex.org/W4399872594		https://openalex.org/W4399872594
openalex	Q11	ancestral_reconstruction	W4400439990	publication	Pathogen diversity and antimicrobial resistance transmission of Salmonella enterica serovars Typhi and Paratyphi A in Bangladesh, Nepal, and Malawi: a genomic epidemiological study	2024	10.1016/s2666-5247(24)00047-8	38996496	https://openalex.org/W4400439990		https://openalex.org/W4400439990
openalex	Q11	ancestral_reconstruction	W4401114592	publication	A new Paleogene fossil and a new dataset for waterfowl (Aves: Anseriformes) clarify phylogeny, ecological evolution, and avian evolution at the K-Pg Boundary	2024	10.1371/journal.pone.0278737	39078833	https://openalex.org/W4401114592		https://openalex.org/W4401114592
openalex	Q11	ancestral_reconstruction	W4401407593	publication	An overview of floral and vegetative evolution in the Asian clade of Bulbophyllum (Orchidaceae)	2024	10.5091/plecevo.114642		https://openalex.org/W4401407593		https://openalex.org/W4401407593
openalex	Q11	ancestral_reconstruction	W4401540955	publication	Stochastic Character Mapping of Continuous Traits on Phylogenies	2024	10.1101/2024.08.12.607655		https://openalex.org/W4401540955		https://openalex.org/W4401540955
openalex	Q11	ancestral_reconstruction	W4401712938	publication	What did the dove sing to Pope Gregory? Ancestral melody reconstruction in Gregorian chant using Bayesian phylogenetics	2026	10.1371/journal.pone.0350014	42213652	https://openalex.org/W4401712938		https://openalex.org/W4401712938
openalex	Q11	ancestral_reconstruction	W4402526416	publication	Evolutionary insights into Felidae iris color through ancestral state reconstruction	2024	10.1016/j.isci.2024.110903	39391740	https://openalex.org/W4402526416		https://openalex.org/W4402526416
openalex	Q11	ancestral_reconstruction	W4403130489	publication	On the Brink of Change? Environmental Drivers of Voluntary Thermal Maximum in South American Pitvipers	2024	10.1111/jbi.15020		https://openalex.org/W4403130489		https://openalex.org/W4403130489
openalex	Q11	ancestral_reconstruction	W4403431299	publication	RERconverge Expansion: Using Relative Evolutionary Rates to Study Complex Categorical Trait Evolution	2024	10.1093/molbev/msae210	39404101	https://openalex.org/W4403431299		https://openalex.org/W4403431299
openalex	Q11	ancestral_reconstruction	W4404466956	publication	Automatic Discovery of Optimal Discrete Character Models	2024	10.1101/2024.11.15.623760		https://openalex.org/W4404466956		https://openalex.org/W4404466956
openalex	Q11	ancestral_reconstruction	W4405222656	publication	Discordance Down Under: Combining Phylogenomics and Fungal Symbioses to Detangle Difficult Nodes in a Diverse Tribe of Australian Terrestrial Orchids	2024	10.1093/sysbio/syae070	39657584	https://openalex.org/W4405222656		https://openalex.org/W4405222656
openalex	Q11	ancestral_reconstruction	W4405377243	publication	Warm Temperature is Associated With Reduced Body Mass and Diversification Rates While Increasing Extinction Risks in Cold‐Adapted Seabirds	2024	10.1111/gcb.70000	39670339	https://openalex.org/W4405377243		https://openalex.org/W4405377243
openalex	Q11	ancestral_reconstruction	W4405640875	publication	EpiPAMPAS: Rapid detection of intra-protein epistasis via parsimonious ancestral state reconstruction and counting mutations	2024	10.1101/2024.12.13.628430		https://openalex.org/W4405640875		https://openalex.org/W4405640875
openalex	Q11	ancestral_reconstruction	W4406965804	publication	Distribution of early-branching Cyanobacteriia and the potential habitats that gave rise to the earliest oxygenic phototrophs	2025	10.1128/msphere.01013-24	39882857	https://openalex.org/W4406965804		https://openalex.org/W4406965804
openalex	Q11	ancestral_reconstruction	W4407215977	publication	Ancestral State Reconstruction of Phenotypic Characters	2025	10.1007/s11692-025-09645-y		https://openalex.org/W4407215977		https://openalex.org/W4407215977
openalex	Q11	ancestral_reconstruction	W4407641204	publication	Evolution of the occurrence of phytomelanin in aerial stems of American Vernonieae subtribes (Asteraceae)	2025	10.1016/j.flora.2025.152685		https://openalex.org/W4407641204		https://openalex.org/W4407641204
openalex	Q11	ancestral_reconstruction	W4408297422	publication	Guide to molecular databases, phylogenetics and molecular evolution v2	2023	10.17504/protocols.io.36wgq77e3vk5/v8		https://openalex.org/W4408297422		https://openalex.org/W4408297422
openalex	Q11	ancestral_reconstruction	W4408988116	publication	The Geosiphon–Nostoc symbiosis: recent elaboration or remnant of an enduring association?	2025	10.1093/aob/mcaf057	40156820	https://openalex.org/W4408988116		https://openalex.org/W4408988116
openalex	Q11	ancestral_reconstruction	W4409084883	publication	FUSE-PhyloTree: Linking functions and sequence conservation modules of a protein family through phylogenomic analysis	2025	10.1101/2025.03.28.645931		https://openalex.org/W4409084883		https://openalex.org/W4409084883
openalex	Q11	ancestral_reconstruction	W4409149088	publication	Ancestral state reconstruction sheds new light on the loss of divarication hypothesis on New Zealand's outlying islands	2025	10.1111/1365-2745.70039		https://openalex.org/W4409149088		https://openalex.org/W4409149088
openalex	Q11	ancestral_reconstruction	W4409461409	publication	A new spin on chemotaxonomy: Using non‐proteogenic amino acids as a test case	2025	10.1002/aps3.70006	40766898	https://openalex.org/W4409461409		https://openalex.org/W4409461409
openalex	Q11	ancestral_reconstruction	W4410157561	publication	Strong bat predation and weak environmental constraints predict longer moth tails	2025	10.1098/rspb.2024.2824	40329824	https://openalex.org/W4410157561		https://openalex.org/W4410157561
openalex	Q11	ancestral_reconstruction	W4411030663	publication	A phylogenetic study of the Cantharellales supports recognition of four families and independent gains of biotrophic nutritional modes	2025	10.1002/ajb2.70054	40468534	https://openalex.org/W4411030663		https://openalex.org/W4411030663
openalex	Q11	ancestral_reconstruction	W4411056203	publication	Phylogenetic context of antibiotic resistance provides insights into the dynamics of resistance emergence and spread	2025	10.1101/2025.06.04.25328982	40502560	https://openalex.org/W4411056203		https://openalex.org/W4411056203
openalex	Q11	ancestral_reconstruction	W4411541322	publication	Phylogenomic analyses of Pliocardiinae (Bivalvia: Vesicomyidae) update genus‐level taxonomy and shed light on trait evolution	2025	10.1111/cla.70001	40549446	https://openalex.org/W4411541322		https://openalex.org/W4411541322
openalex	Q11	ancestral_reconstruction	W4412483264	publication	A combination of stabilizing selection and random walk are associated with phylogenetic signal in hard pines	2025	10.1093/aob/mcaf147	40668963	https://openalex.org/W4412483264		https://openalex.org/W4412483264
openalex	Q11	ancestral_reconstruction	W4412791240	publication	Morphology, phylogeny, and paleobiogeography of the late Paleozoic flagship radiolarian genus Albaillella	2025	10.1016/j.palaeo.2025.113172		https://openalex.org/W4412791240		https://openalex.org/W4412791240
openalex	Q11	ancestral_reconstruction	W4413264947	publication	TaxaTreeMapper: A Novel Algorithm for Phylogenetic Ancestral State Reconstruction Using Set Theory	2025	10.36244/icj.2025.5.2		https://openalex.org/W4413264947		https://openalex.org/W4413264947
openalex	Q11	ancestral_reconstruction	W4413780499	publication	FUSE-PhyloTree: linking functions and sequence conservation modules of a protein family through phylogenomic analysis	2025	10.1093/bioinformatics/btaf479	40875493	https://openalex.org/W4413780499		https://openalex.org/W4413780499
openalex	Q11	ancestral_reconstruction	W4414049170	publication	Evolution of ammoniacal buoyancy within oegopsid squids and its relationship with depth	2025	10.1093/mollus/eyaf013		https://openalex.org/W4414049170		https://openalex.org/W4414049170
openalex	Q11	ancestral_reconstruction	W4414367767	publication	Phylogenetic Context of Antibiotic Resistance Provides Insights into the Dynamics of Resistance Emergence and Spread	2025	10.1093/infdis/jiaf478	40971902	https://openalex.org/W4414367767		https://openalex.org/W4414367767
openalex	Q11	ancestral_reconstruction	W4414876216	publication	Estimating the rate of quantitative trait evolution in the presence of gene tree discordance by calculating likelihoods across trees	2025	10.1101/2025.10.06.680724		https://openalex.org/W4414876216		https://openalex.org/W4414876216
openalex	Q11	ancestral_reconstruction	W4415056090	publication	Uncertainty in joint Ancestral State Reconstruction: Improving accuracy and biological interpretability of ancestral state prediction	2025	10.1101/2025.10.09.681367	41279858	https://openalex.org/W4415056090		https://openalex.org/W4415056090
openalex	Q11	ancestral_reconstruction	W4415362442	publication	The role of ancestral state reconstruction in mycological researches: methods and insights	2025	10.48130/sif-0025-0023		https://openalex.org/W4415362442		https://openalex.org/W4415362442
openalex	Q11	ancestral_reconstruction	W4415603403	publication	Sticky Innovation, Limited Expansion: Biogeography and Evolutionary Ecology of Toepads in Geckos	2025	10.1111/jbi.70087		https://openalex.org/W4415603403		https://openalex.org/W4415603403
openalex	Q11	ancestral_reconstruction	W4415905384	publication	Microallopatric Speciation in Southern African Dung Beetle Genus Macroderes Driven by Miocene Aridification and Ancestral Flight Loss	2025	10.1111/jbi.70086		https://openalex.org/W4415905384		https://openalex.org/W4415905384
openalex	Q11	ancestral_reconstruction	W4415996610	publication	Function inference of million-scale microbiomes using multi-GPU acceleration	2025	10.1128/spectrum.02072-25	41201258	https://openalex.org/W4415996610		https://openalex.org/W4415996610
openalex	Q11	ancestral_reconstruction	W4416292835	publication	Integrative systematics reveals new brachypterous genera and sheds light on hind wing evolution in the neotropical lineage of Philonthina (Coleoptera: Staphylinidae)	2025	10.1071/is24104	41242976	https://openalex.org/W4416292835		https://openalex.org/W4416292835
openalex	Q11	ancestral_reconstruction	W4416372356	publication	The Patchy Distribution Of The Photosynthetic Gene Cluster In Erythrobacteraceae	2025	10.1101/2025.11.19.689285		https://openalex.org/W4416372356		https://openalex.org/W4416372356
openalex	Q11	ancestral_reconstruction	W4416979138	publication	Phylogenetic and ecological processes shape genome size variation in the order Characiformes	2025	10.1007/s10641-025-01769-6		https://openalex.org/W4416979138		https://openalex.org/W4416979138
openalex	Q11	ancestral_reconstruction	W6911023041	publication	Verifiability of genus-level classification under quantification and parsimony theories: a case study of follicucullid radiolarians	2020	10.5061/dryad.547d7wm5r		https://openalex.org/W6911023041		https://openalex.org/W6911023041
openalex	Q11	ancestral_reconstruction	W7026690768	publication	Anatomía comparada de la madera de Cupressaceae y su correspondencia con los estudios de filogenia	2016			https://openalex.org/W7026690768		https://openalex.org/W7026690768
openalex	Q11	ancestral_reconstruction	W7103986859	publication	CORGIAS experimental datasets	2025	10.5281/zenodo.15496141		https://openalex.org/W7103986859		https://openalex.org/W7103986859
openalex	Q11	ancestral_reconstruction	W7104053050	publication	CORGIAS experimental datasets	2025	10.5281/zenodo.15496140		https://openalex.org/W7104053050		https://openalex.org/W7104053050
openalex	Q11	ancestral_reconstruction	W7106270388	publication	Extended Supplementary Information, Data Tables, and R Scripts for the following paper: Gordon, C. M., Freisem, L. S., Griffin, C. T., Gauthier, J. A. & Bhullar, B.-A. S. (2025). Limb proportions predict aquatic habits and soft-tissue flippers in extinct amniotes. Current Biology 35: 1–17. https://doi.org/10.1016/j.cub.2025.10.068.	2025	10.6084/m9.figshare.30395887.v1		https://openalex.org/W7106270388		https://openalex.org/W7106270388
openalex	Q11	ancestral_reconstruction	W7106312893	publication	Extended Supplementary Information, Data Tables, and R Scripts for the following paper: Gordon, C. M., Freisem, L. S., Griffin, C. T., Gauthier, J. A. & Bhullar, B.-A. S. (2025). Limb proportions predict aquatic habits and soft-tissue flippers in extinct amniotes. Current Biology 35: 1–17. https://doi.org/10.1016/j.cub.2025.10.068.	2025	10.6084/m9.figshare.30395887		https://openalex.org/W7106312893		https://openalex.org/W7106312893
openalex	Q11	ancestral_reconstruction	W7106685561	publication	Evolution of androdioecy in Berchemia (Rhamnaceae) revealed by phylogenomics and ancestral character reconstruction	2001	10.57760/sciencedb.32052		https://openalex.org/W7106685561		https://openalex.org/W7106685561
openalex	Q11	ancestral_reconstruction	W7110558540	publication	Population Genomic Inference with the Ancestral Recombination Graph (ARG): Recombination Landscape and Ancestral State Reconstruction	2025			https://openalex.org/W7110558540		https://openalex.org/W7110558540
openalex	Q11	ancestral_reconstruction	W7111523593	publication	A Computer Simulation Study of the Accuracy of Alternative Maximum-Likelihood Methods for Estimating Ancestral States for Discrete Characters on Phylogenetic Trees	2004			https://openalex.org/W7111523593		https://openalex.org/W7111523593
openalex	Q11	ancestral_reconstruction	W7112838090	publication	Morphology, phylogeny, and paleobiogeography of the late Paleozoic flagship radiolarian genus Albaillella	2025			https://openalex.org/W7112838090		https://openalex.org/W7112838090
openalex	Q11	ancestral_reconstruction	W7112895181	publication	Interspecific variation in resting bud morphologies and seasonal heteroblastic leaf sequences among temperate, woody plants	2022			https://openalex.org/W7112895181		https://openalex.org/W7112895181
openalex	Q11	ancestral_reconstruction	W7116666080	publication	Comprehensive species sampling reveals pervasive pseudogenization and recurrent complete loss of plastid ndh genes in the genus Cymbidium (Orchidaceae)	2025	10.1186/s12870-025-07945-1	41430552	https://openalex.org/W7116666080		https://openalex.org/W7116666080
openalex	Q11	ancestral_reconstruction	W7117142620	publication	"Code and Data for ""Ecological and Evolutionary Drivers of Inflorescence Diversity in Chinese Angiosperms"""	2025	10.5281/zenodo.18030770		https://openalex.org/W7117142620		https://openalex.org/W7117142620
openalex	Q11	ancestral_reconstruction	W7117151577	publication	"Code and Data for ""Ecological and Evolutionary Drivers of Inflorescence Diversity in Chinese Angiosperms"""	2025	10.5281/zenodo.18030771		https://openalex.org/W7117151577		https://openalex.org/W7117151577
openalex	Q11	ancestral_reconstruction	W7118090223	publication	Integrating host use and dispersal ability with species delimitation to unravel a cryptic radiation of photosynthetic sea slugs	2025	10.5061/dryad.0gb5mkmff		https://openalex.org/W7118090223		https://openalex.org/W7118090223
openalex	Q11	ancestral_reconstruction	W7119611702	publication	"Code and Data for ""Ecological and Evolutionary Drivers of Inflorescence Diversity in Chinese Angiosperms"""	2025	10.5281/zenodo.18195724		https://openalex.org/W7119611702		https://openalex.org/W7119611702
openalex	Q11	ancestral_reconstruction	W7119623017	publication	"Code and Data for ""Ecological and Evolutionary Drivers of Inflorescence Diversity in Chinese Angiosperms"""	2025	10.5281/zenodo.18195725		https://openalex.org/W7119623017		https://openalex.org/W7119623017
openalex	Q11	ancestral_reconstruction	W7124131646	publication	Magnitude, concentration, and metric complexity in phylogenetics and information theory	2026	10.58088/czgd-8x37		https://openalex.org/W7124131646		https://openalex.org/W7124131646
openalex	Q11	ancestral_reconstruction	W7126268980	publication	Phylogenomics reveals the evolution of floral traits associated with pollinators and pollinator–prey conflict within the carnivorous Pinguicula subgenus Temnoceras	2026	10.1002/ajb2.70156	41618770	https://openalex.org/W7126268980		https://openalex.org/W7126268980
openalex	Q11	ancestral_reconstruction	W7127166914	publication	TreeProfiler: large-scale metadata profiling along gene and species trees	2026	10.1093/molbev/msag028	41622108	https://openalex.org/W7127166914		https://openalex.org/W7127166914
openalex	Q11	ancestral_reconstruction	W7127607725	publication	Quantifying Avian Morphological Evolution through Deep Representation Learning	2026	10.48550/arxiv.2602.03824		https://openalex.org/W7127607725		https://openalex.org/W7127607725
openalex	Q11	ancestral_reconstruction	W7127739718	publication	Quantifying Avian Morphological Evolution through Deep Representation Learning	2026			https://openalex.org/W7127739718		https://openalex.org/W7127739718
openalex	Q11	ancestral_reconstruction	W7128397856	publication	Limitations of molecular dating using constant birth–death rate priors in deep time reflected in Brachiopoda evolution	2026	10.1016/j.ympev.2026.108557	41666946	https://openalex.org/W7128397856		https://openalex.org/W7128397856
openalex	Q11	ancestral_reconstruction	W7128633485	publication	Repeated evolution of cooperative breeding and life history traits in Tanganyikan cichlid fishes	2026	10.5061/dryad.d51c5b0f9		https://openalex.org/W7128633485		https://openalex.org/W7128633485
openalex	Q11	ancestral_reconstruction	W7129327927	publication	Testing for trait lability at macroevolutionary scales: is life history evolution labile in grasses?	2026	10.64898/2026.02.13.705712		https://openalex.org/W7129327927		https://openalex.org/W7129327927
openalex	Q11	ancestral_reconstruction	W7131678689	publication	Automatic Discovery of Optimal Discrete Character Models	2026	10.1093/sysbio/syag018	41746276	https://openalex.org/W7131678689		https://openalex.org/W7131678689
openalex	Q11	ancestral_reconstruction	W7131836140	publication	Diffeomorphic Independent Contrasts for Ancestral Reconstruction of Shapes	2026	10.1093/sysbio/syag019	41757683	https://openalex.org/W7131836140		https://openalex.org/W7131836140
openalex	Q11	ancestral_reconstruction	W7133203793	publication	Cyperaceae in Africa - Biogeography, Evolution and Taxonomic revision with focus on Ficinia Schrad.	2026	10.25375/uct.31440097		https://openalex.org/W7133203793		https://openalex.org/W7133203793
openalex	Q11	ancestral_reconstruction	W7133229440	publication	TreeProfiler: large-scale metadata profiling along gene and species trees	2026	10.3929/ethz-c-000796586		https://openalex.org/W7133229440		https://openalex.org/W7133229440
openalex	Q11	ancestral_reconstruction	W7133234668	publication	Inferring Gene Presence in Incomplete Data via Phylogenetic Occupancy Modeling	2026	10.64898/2026.02.27.708499		https://openalex.org/W7133234668		https://openalex.org/W7133234668
openalex	Q11	ancestral_reconstruction	W7133477557	publication	Sensitivity analysis of ancestral state reconstruction varying reconstruction methods, transformation models and characters codification	2021			https://openalex.org/W7133477557		https://openalex.org/W7133477557
openalex	Q11	ancestral_reconstruction	W7134165778	publication	Estimating the rate of quantitative trait evolution in the presence of gene tree discordance by calculating likelihoods across trees	2026	10.1093/evolinnean/kzag004		https://openalex.org/W7134165778		https://openalex.org/W7134165778
openalex	Q11	ancestral_reconstruction	W7134953280	publication	Repeated evolution of cooperative breeding and life history traits in Lake Tanganyika cichlids	2026	10.1038/s42003-026-09814-5	41807531	https://openalex.org/W7134953280		https://openalex.org/W7134953280
openalex	Q11	ancestral_reconstruction	W7136041380	publication	Additional file 1: of Sexual selection and the evolution of male pheromone glands in philanthine wasps (Hymenoptera, Crabronidae)	2017	10.6084/m9.figshare.5085748		https://openalex.org/W7136041380		https://openalex.org/W7136041380
openalex	Q11	ancestral_reconstruction	W7136042290	publication	Additional file 1: of Sexual selection and the evolution of male pheromone glands in philanthine wasps (Hymenoptera, Crabronidae)	2017	10.6084/m9.figshare.5085748.v1		https://openalex.org/W7136042290		https://openalex.org/W7136042290
openalex	Q11	ancestral_reconstruction	W7136740384	publication	Temperate Origins Shape Global Patterns of Liverwort Phylogenetic Structure	2026	10.1111/jbi.70197		https://openalex.org/W7136740384		https://openalex.org/W7136740384
openalex	Q11	ancestral_reconstruction	W7137502832	publication	Accounting for sampling bias in ancestral state reconstruction				https://openalex.org/W7137502832		https://openalex.org/W7137502832
openalex	Q11	ancestral_reconstruction	W7140035043	publication	Ancestral state reconstruction with discrete characters using deep learning	2026	10.64898/2026.03.19.712918	41890074	https://openalex.org/W7140035043		https://openalex.org/W7140035043
openalex	Q11	ancestral_reconstruction	W7140045622	publication	Ecological and Evolutionary Consequences of Symbiont Acquisition, Maintenance, and Loss in Herbivorous Beetles	2026	10.15496/publikation-118557		https://openalex.org/W7140045622		https://openalex.org/W7140045622
openalex	Q11	ancestral_reconstruction	W7140547096	publication	Resolving competing evolutionary histories in joint ancestral state reconstruction	2026	10.5061/dryad.g1jwstr55		https://openalex.org/W7140547096		https://openalex.org/W7140547096
openalex	Q11	ancestral_reconstruction	W7143739724	publication	Stochastic Character Mapping of Continuous Traits on Phylogenies	2026	10.1093/sysbio/syag031	41915010	https://openalex.org/W7143739724		https://openalex.org/W7143739724
openalex	Q11	ancestral_reconstruction	W7148724618	publication	Code and processed data for: Lineage-specific reproductive allocation shapes the evolution of direct development in frogs	2026	10.5281/zenodo.19393677		https://openalex.org/W7148724618		https://openalex.org/W7148724618
openalex	Q11	ancestral_reconstruction	W7148795503	publication	Code and processed data for: Lineage-specific reproductive allocation shapes the evolution of direct development in frogs	2026	10.5281/zenodo.19393678		https://openalex.org/W7148795503		https://openalex.org/W7148795503
openalex	Q11	ancestral_reconstruction	W7150902616	publication	From clinics to sewers: leveraging environmental surveillance and whole genome sequencing to inform transmission of ESBL- Escherichia coli in Switzerland	2026	10.1128/aem.01848-25	41940667	https://openalex.org/W7150902616		https://openalex.org/W7150902616
openalex	Q11	ancestral_reconstruction	W7151520036	publication	Extensive Mitogenomic Remodeling Delineates the Family-Level Split in Velvet Worms	2026	10.3390/genes17040372	42074490	https://openalex.org/W7151520036		https://openalex.org/W7151520036
openalex	Q11	ancestral_reconstruction	W7151891305	publication	Data and code from: Automatic discovery of optimal discrete character models	2026	10.5061/dryad.kprr4xhfc		https://openalex.org/W7151891305		https://openalex.org/W7151891305
openalex	Q11	ancestral_reconstruction	W7152454824	publication	Temperate Origins Shape Global Patterns of Liverwort Phylogenetic Structure	2026	10.5167/uzh-433601		https://openalex.org/W7152454824		https://openalex.org/W7152454824
openalex	Q11	ancestral_reconstruction	W7152659182	publication	Resolving competing evolutionary histories in joint ancestral state reconstruction	2026	10.1073/pnas.2528064123	41955119	https://openalex.org/W7152659182		https://openalex.org/W7152659182
openalex	Q11	ancestral_reconstruction	W7154476387	publication	Cyperaceae in Africa - Biogeography, Evolution and Taxonomic revision with focus on Ficinia Schrad.	2026	10.25375/uct.31440097.v2		https://openalex.org/W7154476387		https://openalex.org/W7154476387
openalex	Q11	ancestral_reconstruction	W7160200648	publication	From clinics to sewers: leveraging environmental surveillance and whole genome sequencing to inform transmission of ESBL- Escherichia coli in Switzerland	2026	10.5167/uzh-433930		https://openalex.org/W7160200648		https://openalex.org/W7160200648
openalex	Q11	ancestral_reconstruction	W7160973648	publication	Museomics, Systematics, and Environmental Detection of Odonata	2026			https://openalex.org/W7160973648		https://openalex.org/W7160973648
openalex	Q11	ancestral_reconstruction	W7161021935	publication	Ecomorphological disparity in closely related mountainous tropical Thai rove beetles (Coleoptera, Staphylinidae, Steninae): linking morphology, ecology, and evolution	2026	10.1007/s13127-026-00696-3		https://openalex.org/W7161021935		https://openalex.org/W7161021935
openalex	Q11	ancestral_reconstruction	W7162544059	publication	Inferring Sexual Network Bridging Using Genomics: A Simulation Study	2026	10.64898/2026.05.24.26353967	42245040	https://openalex.org/W7162544059		https://openalex.org/W7162544059
openalex	Q11	ancestral_reconstruction	W7162559225	publication	Morphological and Anatomical Diversity of Pteridophytes from Dir Lower, Pakistan: An Integrative Approach	2026	10.21203/rs.3.rs-9729647/v1		https://openalex.org/W7162559225		https://openalex.org/W7162559225
openalex	Q11	ancestral_reconstruction	W7162775244	publication	Evolutionary Conservation of a Binary Amino Acid Partition: First-Codon-Position Structure, Pairwise Asymmetry, and the Limits of Directional Inference	2026	10.5281/zenodo.20450087		https://openalex.org/W7162775244		https://openalex.org/W7162775244
openalex	Q11	ancestral_reconstruction	W7162815548	publication	Evolutionary Conservation of a Binary Amino Acid Partition: First-Codon-Position Structure, Pairwise Asymmetry, and the Limits of Directional Inference	2026	10.5281/zenodo.20450086		https://openalex.org/W7162815548		https://openalex.org/W7162815548
openalex	Q11	ancestral_reconstruction	W7163682515	publication	Quantification of molar sub-regions suggests increasing herbivory during primate origins	2026	10.1038/s41467-026-73688-8	42248848	https://openalex.org/W7163682515		https://openalex.org/W7163682515
openalex	Q11	ancestral_reconstruction	W7164935834	publication	Phylogenetic Inference via Ancestral State Reconstruction/Character Mapping is Logically Unsound Abductive Reasoning	2026	10.20944/preprints202606.0666.v1		https://openalex.org/W7164935834		https://openalex.org/W7164935834
openalex	Q11	ancestral_reconstruction	W7165550959	publication	Phylogenomics and the genomic signatures of miniaturization in Cypriniformes, the most diverse order of freshwater fishes	2026	10.48620/98756		https://openalex.org/W7165550959		https://openalex.org/W7165550959
openalex	Q11	ancestral_reconstruction	W7165745832	publication	Comparative plastome genomics reveals phylogeny, biogeography, and character evolution of Primula (Primulaceae)	2026	10.21203/rs.3.rs-9886554/v1		https://openalex.org/W7165745832		https://openalex.org/W7165745832
openalex	Q11	ancestral_reconstruction	W7165867043	publication	MPXV (Mpox) Phylogenetic Analysis with Squirrel	2026	10.48546/workflowhub.workflow.2196.1		https://openalex.org/W7165867043		https://openalex.org/W7165867043
openalex	Q11	ancestral_reconstruction	W7166161536	publication	Phylogenomic conflict and reticulate evolution during radiative diversification of the genus Rheum	2026	10.1093/aob/mcag189	42359472	https://openalex.org/W7166161536		https://openalex.org/W7166161536
openalex	Q11	ancestral_reconstruction	W7166262225	publication	Reconstrucción de estados ancestrales en árboles filogenéticos mediante aprendizaje profundo	2026			https://openalex.org/W7166262225		https://openalex.org/W7166262225
openalex	Q11	ancestral_reconstruction	W7167519420	publication	Phylogenetic Inference and Ancestral Character Reconstruction of Diphyllobothriid Tapeworms (Cestoda: Diphyllobothriidae)	2026	10.3390/ani16132084	42450794	https://openalex.org/W7167519420		https://openalex.org/W7167519420
openalex	Q11	ancestral_reconstruction	W7168256587	publication	Phylogenomics and trait evolution illuminate the diversification and systematics of Discocactus (Cactaceae)	2026	10.1093/aob/mcag209	42445983	https://openalex.org/W7168256587		https://openalex.org/W7168256587
openalex	Q11	ancestral_reconstruction	W7169753351	publication	Phylogenetic Inference via Ancestral State Reconstruction/Character Mapping Is Logically Unsound Abductive Reasoning	2026	10.3390/d18070433		https://openalex.org/W7169753351		https://openalex.org/W7169753351
openalex	Q11	ancestral_reconstruction	W7170153740	publication	OrthoGroup delineation and ancestral state reconstruction of 54 Pancrustacea species	2026	10.6084/m9.figshare.33070619		https://openalex.org/W7170153740		https://openalex.org/W7170153740
openalex	Q11	ancestral_reconstruction	W7170188323	publication	OrthoGroup delineation and ancestral state reconstruction of 54 Pancrustacea species	2026	10.6084/m9.figshare.33070619.v2		https://openalex.org/W7170188323		https://openalex.org/W7170188323
openalex	Q11	ancestral_reconstruction	W7171058774	publication	Phylogeny of the subtribe Asterinae (Asteraceae: Astereae): new circumscription for Asterinae and Aster and implications for pappus evolution	2026	10.1093/aob/mcag225	42500979	https://openalex.org/W7171058774		https://openalex.org/W7171058774
openalex	Q11	ancestral_reconstruction	W7196928340	publication	Dataset and BEAST2 XML Files for Phylogenetic Dating and Ancestral State Reconstruction of Austronesian and Kra-Dai Tattoos	2026	10.5281/zenodo.21818981		https://openalex.org/W7196928340		https://openalex.org/W7196928340
openalex	Q11	ancestral_reconstruction	W7196967902	publication	Dataset and BEAST2 XML Files for Phylogenetic Dating and Ancestral State Reconstruction of Austronesian and Kra-Dai Tattoos	2026	10.5281/zenodo.21818980		https://openalex.org/W7196967902		https://openalex.org/W7196967902
openalex	Q11	ancestral_reconstruction	W7197020024	publication	Comparative genomics reveals expanded cell-surface signaling and siderophore scavenging repertoires in Pectobacterium	2026	10.5281/zenodo.21820492		https://openalex.org/W7197020024		https://openalex.org/W7197020024
openalex	Q11	ancestral_reconstruction	W7197031274	publication	Comparative genomics reveals expanded cell-surface signaling and siderophore scavenging repertoires in Pectobacterium	2026	10.5281/zenodo.21822105		https://openalex.org/W7197031274		https://openalex.org/W7197031274
openalex	Q11	ancestral_reconstruction	W7197040614	publication	Comparative genomics reveals expanded cell-surface signaling and siderophore scavenging repertoires in Pectobacterium	2026	10.5281/zenodo.21822104		https://openalex.org/W7197040614		https://openalex.org/W7197040614
openalex	Q11	ancestral_reconstruction	W7202347689	publication	Quantifying Evolutionary Dynamics of Arthropodization and Arthrodization	2026	10.1002/bies.70174	42592719	https://openalex.org/W7202347689		https://openalex.org/W7202347689
openalex	Q11	ancestral_reconstruction	W7202397559	publication	Genus-Level Stepwise Evolutionary Trajectories Driving the Ecological Adaptation and Epidemic Success of Acinetobacter baumannii	2026	10.2139/ssrn.7256909		https://openalex.org/W7202397559		https://openalex.org/W7202397559
openalex	Q11	ancestral_reconstruction	W7203448570	publication	Evolutionary Morphology of Arboreal Mammals	2024	10.5281/zenodo.19465719		https://openalex.org/W7203448570		https://openalex.org/W7203448570
openalex	Q11	ancestral_reconstruction	W7203499749	publication	Evolutionary Morphology of Arboreal Mammals	2024	10.5281/zenodo.19465720		https://openalex.org/W7203499749		https://openalex.org/W7203499749
openalex	Q11	ancestral_reconstruction	W7203665392	publication	Synnovation and confluence explain disparities in species richness across the Andes and Himalaya-Hengduan Mountains	2026	10.6084/m9.figshare.28288313		https://openalex.org/W7203665392		https://openalex.org/W7203665392
openalex	Q11	ancestral_reconstruction	W7203692695	publication	Synnovation and confluence explain disparities in species richness across the Andes and Himalaya-Hengduan Mountains	2026	10.6084/m9.figshare.28288313.v1		https://openalex.org/W7203692695		https://openalex.org/W7203692695
openalex	Q11	ancestral_reconstruction	W7204243575	publication	Leaf anatomical traits support classification of Galphimioid clades in Malpighiaceae	2026	10.1093/aob/mcag270	42647744	https://openalex.org/W7204243575		https://openalex.org/W7204243575
openalex	Q11	ancestral_reconstruction	W7204250022	publication	Long-Read Assembly and a Within-Genus Structural Survey Reveal an Exceptionally Long Inverted Repeat in the Rhododendron spinuliferum Plastome	2026	10.3390/genes17091007		https://openalex.org/W7204250022		https://openalex.org/W7204250022
openalex	Q11	ancestral_reconstruction	W7204634307	publication	CTT Algorithm	2026	10.5281/zenodo.22145607		https://openalex.org/W7204634307		https://openalex.org/W7204634307
openalex	Q11	ancestral_reconstruction	W7204673314	publication	Evolutionary-functional genomics of arthropod moulting	2026			https://openalex.org/W7204673314		https://openalex.org/W7204673314
openalex	Q11	ancestral_reconstruction	W7208781247	publication	Infection of neotropical non-human primates with bat deltaviruses	2026	10.64898/2026.09.02.747548		https://openalex.org/W7208781247		https://openalex.org/W7208781247
openalex	Q11	ancestral_reconstruction	W7211884919	publication	Phylogenetic systematics of the superfamily Cryptoplacoidea (Mollusca: Polyplacophora: Chitonida)	2026	10.21248/gups.99794		https://openalex.org/W7211884919		https://openalex.org/W7211884919
openalex	Q11	ancestral_reconstruction	W7211924023	publication	"PREreview of ""The Defensive Repertoire of New World Coral Snakes: Evolution and Natural History"""	2026	10.5281/zenodo.22666146		https://openalex.org/W7211924023		https://openalex.org/W7211924023
openalex	Q11	ancestral_reconstruction	W7211973393	publication	"PREreview of ""The Defensive Repertoire of New World Coral Snakes: Evolution and Natural History"""	2026	10.5281/zenodo.22666147		https://openalex.org/W7211973393		https://openalex.org/W7211973393
openalex	Q11	ancestral_reconstruction	W7213234544	publication	Chloroplast genomes of nine Primula species: comparative genomics and phylogenetic implications	2026	10.3389/fpls.2026.1889564		https://openalex.org/W7213234544		https://openalex.org/W7213234544
openalex	Q11	ancestral_reconstruction	W7213239088	publication	Generating the Unheard: Phylogeny-Guided Latent Generation for Ancestral Sound Reconstruction	2026	10.48550/arxiv.2609.15240		https://openalex.org/W7213239088		https://openalex.org/W7213239088
openalex	Q11	ancestral_reconstruction	W7213292092	publication	Sequential reduction for discrete latent variables in ecological and evolutionary models using RTMB	2026	10.48550/arxiv.2609.13333		https://openalex.org/W7213292092		https://openalex.org/W7213292092
openalex	Q11	ancestral_reconstruction	W7213369464	publication	Estimating emergence rates of epidemiologically relevant traits in bacteria with EMERGENe	2026	10.64898/2026.09.10.26362639		https://openalex.org/W7213369464		https://openalex.org/W7213369464
openalex	Q11	ancestral_reconstruction	W7213371531	publication	Generating the Unheard: Phylogeny-Guided Latent Generation for Ancestral Sound Reconstruction	2026			https://openalex.org/W7213371531		https://openalex.org/W7213371531
openalex	Q11	ancestral_reconstruction	W7213373045	publication	Sequential reduction for discrete latent variables in ecological and evolutionary models using RTMB	2026			https://openalex.org/W7213373045		https://openalex.org/W7213373045
openalex	Q11	ancestral_reconstruction	W7213580847	publication	PONTO: phylogenetic and ancestral-reconstruction data for an archaeal UDP-sugar 6-dehydrogenase (Haloferax mediterranei)	2026	10.5281/zenodo.22825515		https://openalex.org/W7213580847		https://openalex.org/W7213580847
openalex	Q11	ancestral_reconstruction	W7213605762	publication	CTT Algorithm	2026	10.5281/zenodo.22830881		https://openalex.org/W7213605762		https://openalex.org/W7213605762
openalex	Q11	ancestral_reconstruction	W7213757683	publication	PONTO: phylogenetic and ancestral-reconstruction data for an archaeal UDP-sugar 6-dehydrogenase (Haloferax mediterranei)	2026	10.5281/zenodo.22830141		https://openalex.org/W7213757683		https://openalex.org/W7213757683
openalex	Q11	ancestral_reconstruction	W7213781910	publication	CTT Algorithm	2026	10.5281/zenodo.22852257		https://openalex.org/W7213781910		https://openalex.org/W7213781910
openalex	Q11	ancestral_reconstruction	W834878632	publication	The Evolution of Cercopithecoid Locomotion: A Morphometric, Phylogenetic, and Character Mapping Approach	2013			https://openalex.org/W834878632		https://openalex.org/W834878632
openalex	Q12	ancestral_reconstruction	W1511946734	publication	Sources of variation in ancestral sequence reconstruction for HIV-1 envelope genes.	2007		19455202	https://openalex.org/W1511946734		https://openalex.org/W1511946734
openalex	Q12	ancestral_reconstruction	W1550465818	publication	A simple covarion-based approach to analyse nucleotide substitution rates	2002	10.1046/j.1420-9101.2002.00416.x		https://openalex.org/W1550465818		https://openalex.org/W1550465818
openalex	Q12	ancestral_reconstruction	W1582822899	publication	Codon Evolution: Mechanisms and Models	2012			https://openalex.org/W1582822899		https://openalex.org/W1582822899
openalex	Q12	ancestral_reconstruction	W1618185097	publication	Probabilistic models of evolution and language change	2010			https://openalex.org/W1618185097		https://openalex.org/W1618185097
openalex	Q12	ancestral_reconstruction	W1788771833	publication	Ancestral protein reconstruction: techniques and applications	2015	10.1515/hsz-2015-0158	26351909	https://openalex.org/W1788771833		https://openalex.org/W1788771833
openalex	Q12	ancestral_reconstruction	W1810634920	publication	Reconstruction of ancestral protein sequences and its applications	2004	10.1186/1471-2148-4-33	15377393	https://openalex.org/W1810634920		https://openalex.org/W1810634920
openalex	Q12	ancestral_reconstruction	W1824436975	publication	Exploiting phylogenetics to understand genome evolution in both modern and ancestral organisms	2012			https://openalex.org/W1824436975		https://openalex.org/W1824436975
openalex	Q12	ancestral_reconstruction	W18354006	publication	Optimization Alignment:Down,Up,Error,and Improvements	2002	10.1007/978-3-0348-8125-8_3		https://openalex.org/W18354006		https://openalex.org/W18354006
openalex	Q12	ancestral_reconstruction	W1916539208	publication	Evaluation of Ancestral Sequence Reconstruction Methods to Infer Nonstationary Patterns of Nucleotide Substitution	2015	10.1534/genetics.115.177386	25948563	https://openalex.org/W1916539208		https://openalex.org/W1916539208
openalex	Q12	ancestral_reconstruction	W1997064329	publication	Robustness of Ancestral Sequence Reconstruction to Phylogenetic Uncertainty	2010	10.1093/molbev/msq081	20368266	https://openalex.org/W1997064329		https://openalex.org/W1997064329
openalex	Q12	ancestral_reconstruction	W2002778484	publication	Developing and Applying Heterogeneous Phylogenetic Models with XRate	2012	10.1371/journal.pone.0036898	22693624	https://openalex.org/W2002778484		https://openalex.org/W2002778484
openalex	Q12	ancestral_reconstruction	W2019984426	publication	Reconstructed Ancestral Myo-Inositol-3-Phosphate Synthases Indicate That Ancestors of the Thermococcales and Thermotoga Species Were More Thermophilic than Their Descendants	2013	10.1371/journal.pone.0084300	24391933	https://openalex.org/W2019984426		https://openalex.org/W2019984426
openalex	Q12	ancestral_reconstruction	W2042959585	publication	Sequences and topology: evolution of proteins and evolution of computational approaches	2010	10.1016/j.sbi.2010.04.004	20483587	https://openalex.org/W2042959585		https://openalex.org/W2042959585
openalex	Q12	ancestral_reconstruction	W2048753999	publication	Rapid fixation of a distinctive sequence motif in the 3′ noncoding region of the clade of West Nile virus invading North America	2007	10.1016/j.gene.2007.05.007	17587514	https://openalex.org/W2048753999		https://openalex.org/W2048753999
openalex	Q12	ancestral_reconstruction	W2075939749	publication	Using Evolutionary Information and Ancestral Sequences to Understand the Sequence–Function Relationship in GLP-1 Agonists	2006	10.1016/j.jmb.2006.08.066	16989858	https://openalex.org/W2075939749		https://openalex.org/W2075939749
openalex	Q12	ancestral_reconstruction	W2100994694	publication	A Universal Trend among Proteomes Indicates an Oily Last Common Ancestor	2012	10.1371/journal.pcbi.1002839	23300421	https://openalex.org/W2100994694		https://openalex.org/W2100994694
openalex	Q12	ancestral_reconstruction	W2101120426	publication	Genome-Wide Influence of Indel Substitutions on Evolution of Bacteria of the PVC Superphylum, Revealed Using a Novel Computational Method	2010	10.1093/gbe/evq071	21048002	https://openalex.org/W2101120426		https://openalex.org/W2101120426
openalex	Q12	ancestral_reconstruction	W2109028614	publication	Ancestors 1.0: a web server for ancestral sequence reconstruction	2009	10.1093/bioinformatics/btp600	19850756	https://openalex.org/W2109028614		https://openalex.org/W2109028614
openalex	Q12	ancestral_reconstruction	W2116209557	publication	The Effect of Recombination on the Reconstruction of Ancestral Sequences	2010	10.1534/genetics.109.113423	20124027	https://openalex.org/W2116209557		https://openalex.org/W2116209557
openalex	Q12	ancestral_reconstruction	W2117384266	publication	Reading the Story in DNA: A Beginner's Guide to Molecular Evolution	2009	10.1093/sysbio/syp003		https://openalex.org/W2117384266		https://openalex.org/W2117384266
openalex	Q12	ancestral_reconstruction	W2123271845	publication	Phylogenetics, likelihood, evolution and complexity	2012	10.1093/bioinformatics/bts555	22976081	https://openalex.org/W2123271845		https://openalex.org/W2123271845
openalex	Q12	ancestral_reconstruction	W2123808880	publication	Ancestral sequence alignment under optimal conditions	2005	10.1186/1471-2105-6-273	16293191	https://openalex.org/W2123808880		https://openalex.org/W2123808880
openalex	Q12	ancestral_reconstruction	W2124957704	publication	Algorithms of Ancestral Gene Length Reconstruction	2013	10.1155/2013/472163	24371824	https://openalex.org/W2124957704		https://openalex.org/W2124957704
openalex	Q12	ancestral_reconstruction	W2126455900	publication	Reconstruction of Ancestral 16S rRNA Reveals Mutation Bias in the Evolution of Optimal Growth Temperature in the Thermotogae Phylum	2013	10.1093/molbev/mst145	23966548	https://openalex.org/W2126455900		https://openalex.org/W2126455900
openalex	Q12	ancestral_reconstruction	W2132576704	publication	Ancestral Sequence Reconstruction in Primate Mitochondrial DNA: Compositional Bias and Effect on Functional Inference	2004	10.1093/molbev/msh198	15229290	https://openalex.org/W2132576704		https://openalex.org/W2132576704
openalex	Q12	ancestral_reconstruction	W2140038854	publication	Evolution of oligomeric state through allosteric pathways that mimic ligand binding	2014	10.1126/science.1254346	25525255	https://openalex.org/W2140038854		https://openalex.org/W2140038854
openalex	Q12	ancestral_reconstruction	W2141008678	publication	RDP3: a flexible and fast computer program for analyzing recombination	2010	10.1093/bioinformatics/btq467	20798170	https://openalex.org/W2141008678		https://openalex.org/W2141008678
openalex	Q12	ancestral_reconstruction	W2144606496	publication	FastML: a web server for probabilistic reconstruction of ancestral sequences	2012	10.1093/nar/gks498	22661579	https://openalex.org/W2144606496		https://openalex.org/W2144606496
openalex	Q12	ancestral_reconstruction	W2148767526	publication	A PRACTICAL ALGORITHM FOR ESTIMATION OF THE MAXIMUM LIKELIHOOD ANCESTRAL RECONSTRUCTION ERROR	2009	10.1142/9789814295291_0005	19908355	https://openalex.org/W2148767526		https://openalex.org/W2148767526
openalex	Q12	ancestral_reconstruction	W2153664676	publication	Interactions among proteins of floral MADS‐box genes in Nuphar pumila (Nymphaeaceae) and the most recent common ancestor of extant angiosperms help understand the underlying mechanisms of the origin of the flower	2015	10.1111/jse.12148		https://openalex.org/W2153664676		https://openalex.org/W2153664676
openalex	Q12	ancestral_reconstruction	W2213194025	publication	Letters from the past: Molecular time travel to the origins of photosynthesis, RuBisCO, and the cyanobacterial phylum - eScholarship	2013			https://openalex.org/W2213194025		https://openalex.org/W2213194025
openalex	Q12	ancestral_reconstruction	W2291765035	publication	Evaluation of Ancestral Sequence Reconstruction Methods to Infer Nonstationary Patterns of	2015			https://openalex.org/W2291765035		https://openalex.org/W2291765035
openalex	Q12	ancestral_reconstruction	W2301793020	publication	Rolling the Dice Twice: Evolving Reconstructed Ancient Proteins in Extant Organisms	2015	10.1101/027003		https://openalex.org/W2301793020		https://openalex.org/W2301793020
openalex	Q12	ancestral_reconstruction	W2397361620	publication	Tracing Ancestral Specificity of Lectins: Ancestral Sequence Reconstruction Method as a New Approach in Protein Engineering	2014	10.1007/978-1-4939-1292-6_44	25117263	https://openalex.org/W2397361620		https://openalex.org/W2397361620
openalex	Q12	ancestral_reconstruction	W2418324489	publication	Folding Pathways of Evolutionarily Related Proteins Probed by Hydrogen Exchange Mass Spectrometry	2016	10.1016/j.bpj.2015.11.1193		https://openalex.org/W2418324489		https://openalex.org/W2418324489
openalex	Q12	ancestral_reconstruction	W2461631975	publication	HU histone-like DNA-binding protein from Thermus thermophilus: structural and evolutionary analyses	2016	10.1007/s00792-016-0859-1	27342116	https://openalex.org/W2461631975		https://openalex.org/W2461631975
openalex	Q12	ancestral_reconstruction	W2462029770	publication	A Catalytically Competent Terpene Synthase Inferred Using Ancestral Sequence Reconstruction Strategy	2016	10.1021/acscatal.6b01332		https://openalex.org/W2462029770		https://openalex.org/W2462029770
openalex	Q12	ancestral_reconstruction	W2465808643	publication	A Strategy for Designing Thermostable Enzymes by Reconstructing Ancestral Sequences Possessed by Ancient Life	2016	10.1007/978-3-319-13521-2_20		https://openalex.org/W2465808643		https://openalex.org/W2465808643
openalex	Q12	ancestral_reconstruction	W2482398460	publication	Conclusion and a way forward	2007	10.1093/acprof:oso/9780199299188.003.0020		https://openalex.org/W2482398460		https://openalex.org/W2482398460
openalex	Q12	ancestral_reconstruction	W2492276076	publication	Ancestral sequence reconstruction as a tool to understand natural history and guide synthetic biology: realizing and extending the vision of Zuckerkandl and Pauling	2007	10.1093/acprof:oso/9780199299188.003.0002		https://openalex.org/W2492276076		https://openalex.org/W2492276076
openalex	Q12	ancestral_reconstruction	W2494605032	publication	PhyloBot: A Web Portal for Automated Phylogenetics, Ancestral Sequence Reconstruction, and Exploration of Mutational Trajectories	2016	10.1371/journal.pcbi.1004976	27472806	https://openalex.org/W2494605032		https://openalex.org/W2494605032
openalex	Q12	ancestral_reconstruction	W2501068516	publication	The future of codon models in studies of molecular function: ancestral reconstruction and clade models of functional divergence	2012	10.1093/acprof:osobl/9780199601165.003.0011		https://openalex.org/W2501068516		https://openalex.org/W2501068516
openalex	Q12	ancestral_reconstruction	W2517628299	publication	An optimised phylogenetic method sheds more light on the main branching events of rhodopsin-like superfamily	2016	10.1016/j.cbd.2016.08.005	27614546	https://openalex.org/W2517628299		https://openalex.org/W2517628299
openalex	Q12	ancestral_reconstruction	W2520644633	publication	An experimental phylogeny to benchmark ancestral sequence reconstruction	2016	10.1038/ncomms12847	27628687	https://openalex.org/W2520644633		https://openalex.org/W2520644633
openalex	Q12	ancestral_reconstruction	W2561093243	publication	608. In Silico Reconstructed Ancestral Adeno-Associated Viruses Transduce Mouse Anterior Segment	2016	10.1016/s1525-0016(16)33416-5		https://openalex.org/W2561093243		https://openalex.org/W2561093243
openalex	Q12	ancestral_reconstruction	W2562627012	publication	Exploring the past and the future of protein evolution with ancestral sequence reconstruction: the ‘retro’ approach to protein engineering	2016	10.1042/bcj20160507	28008088	https://openalex.org/W2562627012		https://openalex.org/W2562627012
openalex	Q12	ancestral_reconstruction	W2568937766	publication	ProtASR: An Evolutionary Framework for Ancestral Protein Reconstruction with Selection on Folding Stability	2017	10.1093/sysbio/syw121	28057858	https://openalex.org/W2568937766		https://openalex.org/W2568937766
openalex	Q12	ancestral_reconstruction	W2589813577	publication	Convergence of Domain Architecture, Structure, and Ligand Affinity in Animal and Plant RNA-Binding Proteins	2017	10.1093/molbev/msx090	28333205	https://openalex.org/W2589813577		https://openalex.org/W2589813577
openalex	Q12	ancestral_reconstruction	W2597927345	publication	Tracking the evolution of function in diverse enzyme superfamilies	2016			https://openalex.org/W2597927345		https://openalex.org/W2597927345
openalex	Q12	ancestral_reconstruction	W2598841213	publication	Ancestral Sequence Reconstruction with Maximum Parsimony	2017	10.1007/s11538-017-0354-6	28993971	https://openalex.org/W2598841213		https://openalex.org/W2598841213
openalex	Q12	ancestral_reconstruction	W2600746103	publication	Integrating chemistry, biophysics and physiology in the evolution of mammalian Myoglobins	2013			https://openalex.org/W2600746103		https://openalex.org/W2600746103
openalex	Q12	ancestral_reconstruction	W2610401143	publication	Evolution of substrate specificity and protein-protein interactions in three enzyme superfamilies	2017	10.5283/epub.35596		https://openalex.org/W2610401143		https://openalex.org/W2610401143
openalex	Q12	ancestral_reconstruction	W2622558181	publication	Experimental phylogenetics: a benchmark for ancestral sequence reconstruction	2012			https://openalex.org/W2622558181		https://openalex.org/W2622558181
openalex	Q12	ancestral_reconstruction	W2626605512	publication	Using partial order graphs to leverage uncertainty in ancestral sequence reconstruction	2016	10.7490/f1000research.1113392.1		https://openalex.org/W2626605512		https://openalex.org/W2626605512
openalex	Q12	ancestral_reconstruction	W2654426465	publication	A glimpse into the specialization history of the lipases/acyltransferases family of CpLIP2	2017	10.1016/j.bbapap.2017.06.004	28627478	https://openalex.org/W2654426465		https://openalex.org/W2654426465
openalex	Q12	ancestral_reconstruction	W2669907292	publication	Beyond BLASTing : ribonucleoprotein evolution via structural prediction and ancestral sequence reconstruction	2016			https://openalex.org/W2669907292		https://openalex.org/W2669907292
openalex	Q12	ancestral_reconstruction	W2719896867	publication	On the Accuracy of Ancestral Sequence Reconstruction for Ultrametric Trees with Parsimony	2018	10.1007/s11538-018-0407-5	29476399	https://openalex.org/W2719896867		https://openalex.org/W2719896867
openalex	Q12	ancestral_reconstruction	W2766064187	publication	Table S2 from Resurrecting ancestral genes in bacteria to interpret ancient biosignatures	2017	10.6084/m9.figshare.5501521.v1		https://openalex.org/W2766064187		https://openalex.org/W2766064187
openalex	Q12	ancestral_reconstruction	W2766100255	publication	"Supplementary material from ""Resurrecting ancestral genes in bacteria to interpret ancient biosignatures"""	2017	10.6084/m9.figshare.c.3904960.v1		https://openalex.org/W2766100255		https://openalex.org/W2766100255
openalex	Q12	ancestral_reconstruction	W2768798866	publication	A new parameter‐rich structure‐aware mechanistic model for amino acid substitution during evolution	2017	10.1002/prot.25429	29178386	https://openalex.org/W2768798866		https://openalex.org/W2768798866
openalex	Q12	ancestral_reconstruction	W2769975760	publication	Resurrecting ancestral genes in bacteria to interpret ancient biosignatures	2017	10.1098/rsta.2016.0352	29133450	https://openalex.org/W2769975760		https://openalex.org/W2769975760
openalex	Q12	ancestral_reconstruction	W2770367368	publication	Identifying and explaining large-scale genome sequence convergence	2017	10.11575/prism/26425		https://openalex.org/W2770367368		https://openalex.org/W2770367368
openalex	Q12	ancestral_reconstruction	W2776179351	publication	Letters from the past: Molecular time travel to the origins of photosynthesis, RuBisCO, and the cyanobacterial phylum	2013			https://openalex.org/W2776179351		https://openalex.org/W2776179351
openalex	Q12	ancestral_reconstruction	W2779031823	publication	Structural and Dynamics Comparison of Thermostability in Ancient, Modern, and Consensus Elongation Factor Tus	2017	10.1016/j.str.2017.11.018	29276038	https://openalex.org/W2779031823		https://openalex.org/W2779031823
openalex	Q12	ancestral_reconstruction	W2791118179	publication	Monitoring the Folding Pathway of a Protein Over Evolutionary Time using Hydrogen Exchange - Mass Spectrometry (HX-MS)	2018	10.1016/j.bpj.2017.11.350		https://openalex.org/W2791118179		https://openalex.org/W2791118179
openalex	Q12	ancestral_reconstruction	W2793774105	publication	Crystal structure of an inferred ancestral bacterial pyruvate decarboxylase	2018	10.1107/s2053230x18002819	29497023	https://openalex.org/W2793774105		https://openalex.org/W2793774105
openalex	Q12	ancestral_reconstruction	W2796046773	publication	Alignment Modulates Ancestral Sequence Reconstruction Accuracy	2018	10.1093/molbev/msy055	29618097	https://openalex.org/W2796046773		https://openalex.org/W2796046773
openalex	Q12	ancestral_reconstruction	W2800025470	publication	Computational and Experimental Approaches to Protein Evolution: Why a Classic Selection Test Can Mislead, and How Transcription Factors Evolve DNA Specificities	2018	10.6082/c80kc-djy61		https://openalex.org/W2800025470		https://openalex.org/W2800025470
openalex	Q12	ancestral_reconstruction	W2803872550	publication	Benchmark Analysis of Native and Artificial NAD+-Dependent Enzymes Generated by a Sequence-Based Design Method with or without Phylogenetic Data	2018	10.1021/acs.biochem.8b00339	29787243	https://openalex.org/W2803872550		https://openalex.org/W2803872550
openalex	Q12	ancestral_reconstruction	W2807545232	publication	Tracing a protein’s folding pathway over evolutionary time using ancestral sequence reconstruction and hydrogen exchange	2018	10.1101/334607		https://openalex.org/W2807545232		https://openalex.org/W2807545232
openalex	Q12	ancestral_reconstruction	W2890837680	publication	Accounting for ambiguity in ancestral sequence reconstruction	2018	10.1101/409029		https://openalex.org/W2890837680		https://openalex.org/W2890837680
openalex	Q12	ancestral_reconstruction	W2896569719	publication	Computational Prediction of De Novo Emerged Protein-Coding Genes	2018	10.1007/978-1-4939-8736-8_4	30298392	https://openalex.org/W2896569719		https://openalex.org/W2896569719
openalex	Q12	ancestral_reconstruction	W2897195616	publication	Ancestral Sequence Reconstruction as a Tool for the Elucidation of a Stepwise Evolutionary Adaptation	2018	10.1007/978-1-4939-8736-8_9	30298397	https://openalex.org/W2897195616		https://openalex.org/W2897195616
openalex	Q12	ancestral_reconstruction	W2897701522	publication	The Influence of Protein Stability on Sequence Evolution: Applications to Phylogenetic Inference	2018	10.1007/978-1-4939-8736-8_11	30298399	https://openalex.org/W2897701522		https://openalex.org/W2897701522
openalex	Q12	ancestral_reconstruction	W2906555689	publication	Ancestral sequence reconstruction: accounting for structural information by averaging over replacement matrices	2018	10.1093/bioinformatics/bty1031	30590382	https://openalex.org/W2906555689		https://openalex.org/W2906555689
openalex	Q12	ancestral_reconstruction	W2906627667	publication	Sequence selection by FitSS4ASR alleviates ancestral sequence reconstruction as exemplified for geranylgeranylglyceryl phosphate synthase	2018	10.1515/hsz-2018-0344	30763032	https://openalex.org/W2906627667		https://openalex.org/W2906627667
openalex	Q12	ancestral_reconstruction	W2914141724	publication	The Effect of Input Set to Consensus Derived Proteins and their Relationship to Ancestral Proteins	2019	10.1016/j.bpj.2018.11.1828		https://openalex.org/W2914141724		https://openalex.org/W2914141724
openalex	Q12	ancestral_reconstruction	W2947128118	publication	Computational Approaches and Challenges to Developing Universal Influenza Vaccines	2019	10.3390/vaccines7020045	31141933	https://openalex.org/W2947128118		https://openalex.org/W2947128118
openalex	Q12	ancestral_reconstruction	W2949422292	publication	Ancestral sequence reconstruction with Maximum Parsimony	2017	10.48550/arxiv.1702.01436		https://openalex.org/W2949422292		https://openalex.org/W2949422292
openalex	Q12	ancestral_reconstruction	W2949949561	publication	Accounting for ambiguity in ancestral sequence reconstruction	2019	10.1093/bioinformatics/btz249	30977781	https://openalex.org/W2949949561		https://openalex.org/W2949949561
openalex	Q12	ancestral_reconstruction	W2952244888	publication	Tracing a protein’s folding pathway over evolutionary time using ancestral sequence reconstruction and hydrogen exchange	2018	10.7554/elife.38369	30204082	https://openalex.org/W2952244888		https://openalex.org/W2952244888
openalex	Q12	ancestral_reconstruction	W2953106881	publication	On the accuracy of ancestral sequence reconstruction for ultrametric trees with parsimony	2017	10.48550/arxiv.1706.06085		https://openalex.org/W2953106881		https://openalex.org/W2953106881
openalex	Q12	ancestral_reconstruction	W2953394625	publication	Resurrection of efficient Precambrian endoglucanases for lignocellulosic biomass hydrolysis	2019	10.1038/s42004-019-0176-6		https://openalex.org/W2953394625		https://openalex.org/W2953394625
openalex	Q12	ancestral_reconstruction	W2955757936	publication	Engineering Sortase; Activity and Selectivity of New Hybrid and Ancestral Variants of Sortase A	2019			https://openalex.org/W2955757936		https://openalex.org/W2955757936
openalex	Q12	ancestral_reconstruction	W2971117706	publication	Social Determinants of Health	2019	10.18043/ncm.80.5.306	31471516	https://openalex.org/W2971117706		https://openalex.org/W2971117706
openalex	Q12	ancestral_reconstruction	W2973627063	publication	Ancestral sequence reconstruction as an accessible tool for the engineering of biocatalyst stability	2019			https://openalex.org/W2973627063		https://openalex.org/W2973627063
openalex	Q12	ancestral_reconstruction	W2979817152	publication	Resurrecting ancestral genes in bacteria to interpret ancient biosignatures	2017	10.1101/164038		https://openalex.org/W2979817152		https://openalex.org/W2979817152
openalex	Q12	ancestral_reconstruction	W2980686347	publication	Ancestral Sequence Reconstruction: Methods and Applications	2019	10.5283/epub.37686		https://openalex.org/W2980686347		https://openalex.org/W2980686347
openalex	Q12	ancestral_reconstruction	W2980994295	publication	Analysis of Allostery in the Tryptophan Synthase Complex by Horizontal and Vertical Approaches	2019	10.5283/epub.40708		https://openalex.org/W2980994295		https://openalex.org/W2980994295
openalex	Q12	ancestral_reconstruction	W2990438003	publication	Highly thermostable carboxylic acid reductases generated by ancestral sequence reconstruction	2019	10.1038/s42003-019-0677-y	31799431	https://openalex.org/W2990438003		https://openalex.org/W2990438003
openalex	Q12	ancestral_reconstruction	W2994301183	publication	ProtASR2: Ancestral reconstruction of protein sequences accounting for folding stability	2019	10.1111/2041-210x.13341		https://openalex.org/W2994301183		https://openalex.org/W2994301183
openalex	Q12	ancestral_reconstruction	W2996911998	publication	Engineering indel and substitution variants of diverse and ancient enzymes using Graphical Representation of Ancestral Sequence Predictions (GRASP)	2019	10.1101/2019.12.30.891457		https://openalex.org/W2996911998		https://openalex.org/W2996911998
openalex	Q12	ancestral_reconstruction	W3000287091	publication	Ancestral sequence reconstruction with Maximum Parsimony and its accuracy in mathematical phylogenetics	2019			https://openalex.org/W3000287091		https://openalex.org/W3000287091
openalex	Q12	ancestral_reconstruction	W3004125731	publication	Exploring the therapeutic potential of modern and ancestral phenylalanine/tyrosine ammonia-lyases as supplementary treatment of hereditary tyrosinemia	2020	10.1038/s41598-020-57913-y	31992763	https://openalex.org/W3004125731		https://openalex.org/W3004125731
openalex	Q12	ancestral_reconstruction	W3004764188	publication	Computational design of ancestral and consensus sequence of apical membrane antigen 1 (AMA1) of Plasmodium spp	2019	10.32889/actabioina.v2i2.40		https://openalex.org/W3004764188		https://openalex.org/W3004764188
openalex	Q12	ancestral_reconstruction	W3006613029	publication	Computational Design of Ancestral and Consensus Asian Dengue Envelope Protein for Vaccine Candidate	2020	10.18502/kls.v5i2.6439		https://openalex.org/W3006613029		https://openalex.org/W3006613029
openalex	Q12	ancestral_reconstruction	W3011857243	publication	Molecular origins of folding rate differences in the thioredoxin family	2020	10.1042/bcj20190864	32187349	https://openalex.org/W3011857243		https://openalex.org/W3011857243
openalex	Q12	ancestral_reconstruction	W3024127442	publication	Revenant: a database of resurrected proteins	2020	10.1093/database/baaa031	32400867	https://openalex.org/W3024127442		https://openalex.org/W3024127442
openalex	Q12	ancestral_reconstruction	W3031372418	publication	Were ancestral proteins less specific?	2020	10.1101/2020.05.27.120261		https://openalex.org/W3031372418		https://openalex.org/W3031372418
openalex	Q12	ancestral_reconstruction	W3033417435	publication	Practically useful protein-design methods combining phylogenetic and atomistic calculations	2020	10.1016/j.sbi.2020.04.003	32505941	https://openalex.org/W3033417435		https://openalex.org/W3033417435
openalex	Q12	ancestral_reconstruction	W3036557720	publication	Structures of hyperstable ancestral haloalkane dehalogenases show restricted conformational dynamics	2020	10.1016/j.csbj.2020.06.021	32637047	https://openalex.org/W3036557720		https://openalex.org/W3036557720
openalex	Q12	ancestral_reconstruction	W3047832630	publication	Engineering Class A Sortases: Activity and Selectivity of Hybrid and Ancestral Variants	2020			https://openalex.org/W3047832630		https://openalex.org/W3047832630
openalex	Q12	ancestral_reconstruction	W3082360711	publication	Laccase Engineering by Directed and Computational Evolution	2020	10.1007/978-3-030-47906-0_8		https://openalex.org/W3082360711		https://openalex.org/W3082360711
openalex	Q12	ancestral_reconstruction	W3088109935	publication	Ancestral sequence reconstruction produces thermally stable enzymes with mesophilic enzyme-like catalytic properties	2020	10.1038/s41598-020-72418-4	32968141	https://openalex.org/W3088109935		https://openalex.org/W3088109935
openalex	Q12	ancestral_reconstruction	W3114799457	publication	Engineering of Ancestors as a Tool to Elucidate Structure, Mechanism, and Specificity of Extant Terpene Cyclase	2021	10.1021/jacs.0c10214	33496585	https://openalex.org/W3114799457		https://openalex.org/W3114799457
openalex	Q12	ancestral_reconstruction	W3115284089	publication	FireProtASR: A Web Server for Fully Automated Ancestral Sequence Reconstruction	2020	10.1093/bib/bbaa337	33346815	https://openalex.org/W3115284089		https://openalex.org/W3115284089
openalex	Q12	ancestral_reconstruction	W3115637428	publication	Phylogenetics and Medicinal Protein Engineering	2008	10.1201/9781420007305-8		https://openalex.org/W3115637428		https://openalex.org/W3115637428
openalex	Q12	ancestral_reconstruction	W3115639089	publication	Ancestral Sequence Reconstructions of MotB Are Proton-Motile and Require MotA for Motility	2020	10.3389/fmicb.2020.625837	33424826	https://openalex.org/W3115639089		https://openalex.org/W3115639089
openalex	Q12	ancestral_reconstruction	W3119206936	publication	AncestralClust: Clustering of Divergent Nucleotide Sequences by Ancestral Sequence Reconstruction using Phylogenetic Trees	2021	10.1101/2021.01.08.426008		https://openalex.org/W3119206936		https://openalex.org/W3119206936
openalex	Q12	ancestral_reconstruction	W3124450908	publication	Ancestral Sequence Reconstruction: From Chemical Paleogenetics to Maximum Likelihood Algorithms and Beyond	2021	10.1007/s00239-021-09993-1	33486547	https://openalex.org/W3124450908		https://openalex.org/W3124450908
openalex	Q12	ancestral_reconstruction	W3128937803	publication	Were Ancestral Proteins Less Specific?	2021	10.1093/molbev/msab019	33528559	https://openalex.org/W3128937803		https://openalex.org/W3128937803
openalex	Q12	ancestral_reconstruction	W3132553889	publication	Evolution of homospermidine synthase in pyrrolizidine alkaloid biosynthesis of the morning glory (Convolvulaceae) family	2021			https://openalex.org/W3132553889		https://openalex.org/W3132553889
openalex	Q12	ancestral_reconstruction	W3162918386	publication	FireProt-ASR: An automated workflow for ancestral sequence reconstruction	2019	10.7490/f1000research.1117343.1		https://openalex.org/W3162918386		https://openalex.org/W3162918386
openalex	Q12	ancestral_reconstruction	W3173881715	publication	How to design artificial protein surpassing native enzyme function ~ Design and multidisciplinary analysis of artificial L‐threonine 3‐dehydrogenase ~	2018	10.1096/fasebj.2018.32.1_supplement.798.4		https://openalex.org/W3173881715		https://openalex.org/W3173881715
openalex	Q12	ancestral_reconstruction	W3174439323	publication	Viral Vector Technologies and Strategies: Improving on Nature	2021	10.1097/iio.0000000000000361	34196318	https://openalex.org/W3174439323		https://openalex.org/W3174439323
openalex	Q12	ancestral_reconstruction	W3191417864	publication	Ancestral sequence reconstruction for co-evolutionary models	2022	10.1088/1742-5468/ac3d93		https://openalex.org/W3191417864		https://openalex.org/W3191417864
openalex	Q12	ancestral_reconstruction	W3200454437	publication	Design of a Full‐Consensus Glutamate Decarboxylase and Its Application to GABA Biosynthesis	2021	10.1002/cbic.202100447	34545992	https://openalex.org/W3200454437		https://openalex.org/W3200454437
openalex	Q12	ancestral_reconstruction	W3207596651	publication	AncestralClust: clustering of divergent nucleotide sequences by ancestral sequence reconstruction using phylogenetic trees	2021	10.1093/bioinformatics/btab723	34668516	https://openalex.org/W3207596651		https://openalex.org/W3207596651
openalex	Q12	ancestral_reconstruction	W3209564877	publication	Engineering enzymes towards biotherapeutic applications using ancestral sequence reconstruction	2020			https://openalex.org/W3209564877		https://openalex.org/W3209564877
openalex	Q12	ancestral_reconstruction	W3212486690	publication	Structural Analysis of the Ancestral Haloalkane Dehalogenase AncLinB-DmbA	2021	10.3390/ijms222111992	34769421	https://openalex.org/W3212486690		https://openalex.org/W3212486690
openalex	Q12	ancestral_reconstruction	W3215180623	publication	Using the Evolutionary History of Proteins to Engineer Insertion-Deletion Mutants from Robust, Ancestral Templates Using Graphical Representation of Ancestral Sequence Predictions (GRASP)	2021	10.1007/978-1-0716-1826-4_6	34813061	https://openalex.org/W3215180623		https://openalex.org/W3215180623
openalex	Q12	ancestral_reconstruction	W3217175664	publication	Resurrecting Enzymes by Ancestral Sequence Reconstruction	2021	10.1007/978-1-0716-1826-4_7	34813062	https://openalex.org/W3217175664		https://openalex.org/W3217175664
openalex	Q12	ancestral_reconstruction	W4200246230	publication	Ancestral sequence reconstruction of ancient lipase from family I.3 bacterial lipolytic enzymes	2021	10.1016/j.ympev.2021.107381	34968679	https://openalex.org/W4200246230		https://openalex.org/W4200246230
openalex	Q12	ancestral_reconstruction	W4205655896	publication	Faculty Opinions recommendation of The effect of recombination on the reconstruction of ancestral sequences.	2010	10.3410/f.3358958.3047057		https://openalex.org/W4205655896		https://openalex.org/W4205655896
openalex	Q12	ancestral_reconstruction	W4205784316	publication	Extant Sequence Reconstruction: The accuracy of ancestral sequence reconstructions evaluated by extant sequence cross-validation	2022	10.1101/2022.01.14.476414		https://openalex.org/W4205784316		https://openalex.org/W4205784316
openalex	Q12	ancestral_reconstruction	W4206797781	publication	[Enzyme ancestral sequence reconstruction and directed evolution].	2021	10.13345/j.cjb.200791	34984867	https://openalex.org/W4206797781		https://openalex.org/W4206797781
openalex	Q12	ancestral_reconstruction	W4206945763	publication	Ancestral sequence reconstruction and spatial structure analysis guided alteration of longer-chain substrate catalysis for Thermomicrobium roseum lipase	2022	10.1016/j.enzmictec.2022.109989	35134708	https://openalex.org/W4206945763		https://openalex.org/W4206945763
openalex	Q12	ancestral_reconstruction	W4210403009	publication	Fezf2 and Aire1 evolutionary trade-off in negative selection of T cells in the thymus	2022	10.1101/2022.02.01.478624		https://openalex.org/W4210403009		https://openalex.org/W4210403009
openalex	Q12	ancestral_reconstruction	W4210954166	publication	Computational design of symmetric eight- and nine-bladed β-propellers	2021	10.1107/s0108767321093430		https://openalex.org/W4210954166		https://openalex.org/W4210954166
openalex	Q12	ancestral_reconstruction	W4211110645	publication	Using ancestral sequence reconstruction to create robust highly expressed proteins for crystallography	2021	10.1107/s0108767321093478		https://openalex.org/W4211110645		https://openalex.org/W4211110645
openalex	Q12	ancestral_reconstruction	W4214858168	publication	Efficient Exploration of Sequence Space by Sequence-Guided Protein Engineering and Design	2022	10.1021/acs.biochem.1c00757	35245020	https://openalex.org/W4214858168		https://openalex.org/W4214858168
openalex	Q12	ancestral_reconstruction	W4220824563	publication	Methods for ancestral sequence reconstruction of large and complex protein families	2022	10.14264/04aa4aa		https://openalex.org/W4220824563		https://openalex.org/W4220824563
openalex	Q12	ancestral_reconstruction	W4225388819	publication	Comparison of Prostate‐Specific Transglutaminase Function in the Great Apes	2022	10.1096/fasebj.2022.36.s1.r4828		https://openalex.org/W4225388819		https://openalex.org/W4225388819
openalex	Q12	ancestral_reconstruction	W4225685353	publication	Endogenous microenvironmental engineering through targeted alteration of salt bridge network can effectively regulate enzymatic pH adaptation	2022	10.1016/j.cej.2022.136215		https://openalex.org/W4225685353		https://openalex.org/W4225685353
openalex	Q12	ancestral_reconstruction	W4225722276	publication	Ancestral Sequence Reconstruction and Alternate Amino Acid States Guide Protein Library Design for Directed Evolution	2022	10.1007/978-1-0716-2285-8_4	35482185	https://openalex.org/W4225722276		https://openalex.org/W4225722276
openalex	Q12	ancestral_reconstruction	W4226325894	publication	Etude de classification des bacteriophages	2022	10.48550/arxiv.2201.00126		https://openalex.org/W4226325894		https://openalex.org/W4226325894
openalex	Q12	ancestral_reconstruction	W4230489913	publication	Ancestral Reconstruction of Enzymes	2016	10.1201/b19951-25		https://openalex.org/W4230489913		https://openalex.org/W4230489913
openalex	Q12	ancestral_reconstruction	W4231326698	publication	Decision letter: Evolution of multifunctionality through a pleiotropic substitution in the innate immune protein S100A9	2020	10.7554/elife.54100.sa1		https://openalex.org/W4231326698		https://openalex.org/W4231326698
openalex	Q12	ancestral_reconstruction	W4233228875	publication	Folding Pathways of Evolutionarily Related Proteins Probed by Hydrogen Exchange Mass Spectrometry	2017	10.1016/j.bpj.2016.11.363		https://openalex.org/W4233228875		https://openalex.org/W4233228875
openalex	Q12	ancestral_reconstruction	W4234101218	publication	Hemoglobin	2018	10.1093/oso/9780198810681.001.0001		https://openalex.org/W4234101218		https://openalex.org/W4234101218
openalex	Q12	ancestral_reconstruction	W4235654282	publication	Codon Evolution	2012	10.1093/acprof:osobl/9780199601165.001.0001		https://openalex.org/W4235654282		https://openalex.org/W4235654282
openalex	Q12	ancestral_reconstruction	W4241638403	publication	Decision letter: Dynamics of human protein kinase Aurora A linked to drug selectivity	2018	10.7554/elife.36656.039		https://openalex.org/W4241638403		https://openalex.org/W4241638403
openalex	Q12	ancestral_reconstruction	W4243080454	publication	Improving pharma properties of blood clotting factor	2016	10.1021/cen-09439-scicon007		https://openalex.org/W4243080454		https://openalex.org/W4243080454
openalex	Q12	ancestral_reconstruction	W4246620661	publication	Sources of Variation in Ancestral Sequence Reconstruction for HIV-1 Envelope Genes	2006	10.1177/117693430600200027		https://openalex.org/W4246620661		https://openalex.org/W4246620661
openalex	Q12	ancestral_reconstruction	W4281606581	publication	Comparative Analysis and Ancestral Sequence Reconstruction of Bacterial Sortase Family Proteins Generates Functional Ancestral Mutants with Different Sequence Specificities	2022	10.3390/bacteria1020011		https://openalex.org/W4281606581		https://openalex.org/W4281606581
openalex	Q12	ancestral_reconstruction	W4283593094	publication	Ancient whale rhodopsin reconstructs dim-light vision over a major evolutionary transition: Implications for ancestral diving behavior	2022	10.1073/pnas.2118145119	35759662	https://openalex.org/W4283593094		https://openalex.org/W4283593094
openalex	Q12	ancestral_reconstruction	W4285309997	publication	Ancestral Sequence Reconstruction for Exploring Alkaloid Evolution	2022	10.1007/978-1-0716-2349-7_12	35732944	https://openalex.org/W4285309997		https://openalex.org/W4285309997
openalex	Q12	ancestral_reconstruction	W4286562021	publication	ARPIP: Ancestral Sequence Reconstruction with Insertions and Deletions under the Poisson Indel Process	2022	10.1093/sysbio/syac050	35866991	https://openalex.org/W4286562021		https://openalex.org/W4286562021
openalex	Q12	ancestral_reconstruction	W4287329013	publication	Review of Two NLR immune receptors acquired high-affinity binding to a fungal effector through convergent evolution of their integrated domain	2021	10.5281/zenodo.4537865		https://openalex.org/W4287329013		https://openalex.org/W4287329013
openalex	Q12	ancestral_reconstruction	W4288096775	publication	Pairwise sequence alignment at arbitrarily large evolutionary distance	2022	10.48550/arxiv.2207.12543		https://openalex.org/W4288096775		https://openalex.org/W4288096775
openalex	Q12	ancestral_reconstruction	W4291020827	publication	Ancestral Sequence Reconstruction Identifies Structural Changes Underlying the Evolution of Ideonella sakaiensis PETase and Variants with Improved Stability and Activity	2022	10.1021/acs.biochem.2c00323	35951410	https://openalex.org/W4291020827		https://openalex.org/W4291020827
openalex	Q12	ancestral_reconstruction	W4293353616	publication	Engineering functional thermostable proteins using ancestral sequence reconstruction	2022	10.1016/j.jbc.2022.102435	36041629	https://openalex.org/W4293353616		https://openalex.org/W4293353616
openalex	Q12	ancestral_reconstruction	W4295078568	publication	An Integrated Method to Reconstruct Ancient Proteins	2022	10.1007/978-1-0716-2691-7_13	36083453	https://openalex.org/W4295078568		https://openalex.org/W4295078568
openalex	Q12	ancestral_reconstruction	W4295086709	publication	Methodologies for Microbial Ancestral Sequence Reconstruction	2022	10.1007/978-1-0716-2691-7_14	36083454	https://openalex.org/W4295086709		https://openalex.org/W4295086709
openalex	Q12	ancestral_reconstruction	W4297195379	publication	On the accuracy of ancestral sequence reconstruction for ultrametric\n trees with parsimony	2017	10.48550/arxiv.1706.06085		https://openalex.org/W4297195379		https://openalex.org/W4297195379
openalex	Q12	ancestral_reconstruction	W4306164205	publication	Ancestral sequence reconstruction as a tool to study the evolution of wood decaying fungi	2022	10.3389/ffunb.2022.1003489	37746217	https://openalex.org/W4306164205		https://openalex.org/W4306164205
openalex	Q12	ancestral_reconstruction	W4306809517	publication	Early Nitrogenase Ancestors Encompassed Novel Active Site Diversity	2022	10.1093/molbev/msac226	36260513	https://openalex.org/W4306809517		https://openalex.org/W4306809517
openalex	Q12	ancestral_reconstruction	W4307171449	publication	Engineering indel and substitution variants of diverse and ancient enzymes using Graphical Representation of Ancestral Sequence Predictions (GRASP)	2022	10.1371/journal.pcbi.1010633	36279274	https://openalex.org/W4307171449		https://openalex.org/W4307171449
openalex	Q12	ancestral_reconstruction	W4309514933	publication	Substrate Affinity Versus Catalytic Efficiency: Ancestral Sequence Reconstruction of tRNA Nucleotidyltransferases Solves an Enzyme Puzzle	2022	10.1093/molbev/msac250	36409584	https://openalex.org/W4309514933		https://openalex.org/W4309514933
openalex	Q12	ancestral_reconstruction	W4309581439	publication	Adaptive evolution of scn4aa in Takifugu and Tetraodon	2022	10.1016/j.aaf.2022.10.003		https://openalex.org/W4309581439		https://openalex.org/W4309581439
openalex	Q12	ancestral_reconstruction	W4309951171	publication	Survivor bias drives overestimation of stability in reconstructed ancestral proteins	2022	10.1101/2022.11.23.517659		https://openalex.org/W4309951171		https://openalex.org/W4309951171
openalex	Q12	ancestral_reconstruction	W4311213469	publication	Identification of a covert evolutionary pathway between two protein folds	2022	10.1101/2022.12.08.519646		https://openalex.org/W4311213469		https://openalex.org/W4311213469
openalex	Q12	ancestral_reconstruction	W4312121546	publication	Topiary: Pruning the manual labor from ancestral sequence reconstruction	2022	10.1002/pro.4551	36565302	https://openalex.org/W4312121546		https://openalex.org/W4312121546
openalex	Q12	ancestral_reconstruction	W4315486465	publication	Investigation of the Molecular Evolution of Treg Suppression Mechanisms Indicates a Convergent Origin	2023	10.3390/cimb45010042	36661528	https://openalex.org/W4315486465		https://openalex.org/W4315486465
openalex	Q12	ancestral_reconstruction	W4318824545	publication	Big data mining, rational modification, and ancestral sequence reconstruction inferred multiple xylose isomerases for biorefinery	2023	10.1126/sciadv.add8835	36724227	https://openalex.org/W4318824545		https://openalex.org/W4318824545
openalex	Q12	ancestral_reconstruction	W4319936560	publication	Understanding the evolution of cold sensing and menthol activation in TRPM8	2023	10.1016/j.bpj.2022.11.1198		https://openalex.org/W4319936560		https://openalex.org/W4319936560
openalex	Q12	ancestral_reconstruction	W4319936776	publication	Experimental reconstruction of membrane transporter evolution	2023	10.1016/j.bpj.2022.11.474		https://openalex.org/W4319936776		https://openalex.org/W4319936776
openalex	Q12	ancestral_reconstruction	W4321482960	publication	The most probable ancestral sequence reconstruction yields proteins without systematic bias in thermal stability or activity	2023	10.1101/2023.02.22.529562		https://openalex.org/W4321482960		https://openalex.org/W4321482960
openalex	Q12	ancestral_reconstruction	W4327544657	publication	Immunoanalytical Approach for Detecting and Identifying Ancestral Peptide Biomarkers in Early Earth Analogue Environments	2023	10.1021/acs.analchem.2c05386	36926836	https://openalex.org/W4327544657		https://openalex.org/W4327544657
openalex	Q12	ancestral_reconstruction	W4362521275	publication	Deciphering the evolution of flavin-dependent monooxygenase stereoselectivity using ancestral sequence reconstruction	2023	10.1073/pnas.2218248120	37014851	https://openalex.org/W4362521275		https://openalex.org/W4362521275
openalex	Q12	ancestral_reconstruction	W4365482584	publication	SARS-CoV-2 BW lineage, a fast-growing Omicron variant from southeast Mexico bearing relevant escape mutations	2023	10.1007/s15010-023-02034-7	37058241	https://openalex.org/W4365482584		https://openalex.org/W4365482584
openalex	Q12	ancestral_reconstruction	W4377967984	publication	COATi: statistical pairwise alignment of protein-coding sequences	2023	10.1101/2023.05.22.541791		https://openalex.org/W4377967984		https://openalex.org/W4377967984
openalex	Q12	ancestral_reconstruction	W4379054654	publication	Identification of a covert evolutionary pathway between two protein folds	2023	10.1038/s41467-023-38519-0	37264049	https://openalex.org/W4379054654		https://openalex.org/W4379054654
openalex	Q12	ancestral_reconstruction	W4382798120	publication	The importance of input sequence set to consensus-derived proteins and their relationship to reconstructed ancestral proteins	2023	10.1101/2023.06.29.547063	37425932	https://openalex.org/W4382798120		https://openalex.org/W4382798120
openalex	Q12	ancestral_reconstruction	W4383227048	publication	Engineering Biocatalysts for the C-H Activation of Fatty Acids using Ancestral Sequence Reconstruction	2023	10.26434/chemrxiv-2023-qn9gj		https://openalex.org/W4383227048		https://openalex.org/W4383227048
openalex	Q12	ancestral_reconstruction	W4385474899	publication	Laccase Engineering by Directed and Computational Evolution	2023	10.5281/zenodo.8207926		https://openalex.org/W4385474899		https://openalex.org/W4385474899
openalex	Q12	ancestral_reconstruction	W4386120736	publication	SUPREM: an engineered non-site-specific m 6 A RNA methyltransferase with highly improved efficiency	2023	10.1101/2023.08.23.554385		https://openalex.org/W4386120736		https://openalex.org/W4386120736
openalex	Q12	ancestral_reconstruction	W4387578274	publication	AP-LASR: Automated Protein Libraries from Ancestral Sequence Reconstruction	2023	10.1101/2023.10.09.561537		https://openalex.org/W4387578274		https://openalex.org/W4387578274
openalex	Q12	ancestral_reconstruction	W4388455480	publication	Exploiting cofactor-dependent oxidoreductases by enzyme discovery, engineering and reconstruction	2023	10.33612/diss.822664452		https://openalex.org/W4388455480		https://openalex.org/W4388455480
openalex	Q12	ancestral_reconstruction	W4388636177	publication	A synthetic CRISPR-Cas nuclease with expanded enzymatic activities	2023	10.1101/2023.11.12.566739		https://openalex.org/W4388636177		https://openalex.org/W4388636177
openalex	Q12	ancestral_reconstruction	W4389005647	publication	Humanization and functional characterization of enhanced coagulation factor IX variants identified through ancestral sequence reconstruction	2023	10.1016/j.jtha.2023.11.010	38016519	https://openalex.org/W4389005647		https://openalex.org/W4389005647
openalex	Q12	ancestral_reconstruction	W4389141292	publication	FireProt 2.0: web-based platform for the fully automated design of thermostable proteins	2023	10.1093/bib/bbad425	38018911	https://openalex.org/W4389141292		https://openalex.org/W4389141292
openalex	Q12	ancestral_reconstruction	W4390098702	publication	Ancestral Reconstruction and the Evolution of Protein Energy Landscapes	2023	10.1146/annurev-biophys-030722-125440	38134334	https://openalex.org/W4390098702		https://openalex.org/W4390098702
openalex	Q12	ancestral_reconstruction	W4390488861	publication	Engineering Biocatalysts for the C−H Activation of Fatty Acids by Ancestral Sequence Reconstruction**	2024	10.1002/anie.202314869	38163289	https://openalex.org/W4390488861		https://openalex.org/W4390488861
openalex	Q12	ancestral_reconstruction	W4390523614	publication	Engineering Biocatalysts for the C−H Activation of Fatty Acids by Ancestral Sequence Reconstruction**	2024	10.1002/ange.202314869		https://openalex.org/W4390523614		https://openalex.org/W4390523614
openalex	Q12	ancestral_reconstruction	W4390649559	publication	Ancestral Sequence Reconstruction as a tool to detect and study de novo gene emergence	2024	10.1101/2024.01.02.573862		https://openalex.org/W4390649559		https://openalex.org/W4390649559
openalex	Q12	ancestral_reconstruction	W4390974009	publication	Engineering the thermal stability of a polyphosphate kinase by ancestral sequence reconstruction to expand the temperature boundary for an industrially applicable ATP regeneration system	2024	10.1128/aem.01574-23	38236018	https://openalex.org/W4390974009		https://openalex.org/W4390974009
openalex	Q12	ancestral_reconstruction	W4391324194	publication	FEZF2 and AIRE1: An Evolutionary Trade-off in the Elimination of Auto-reactive T Cells in the Thymus	2024	10.1007/s00239-024-10157-0	38285197	https://openalex.org/W4391324194		https://openalex.org/W4391324194
openalex	Q12	ancestral_reconstruction	W4391970017	publication	Design of Ancestral Sortase E that is Applicable in Protein Biomaterial Synthesis	2024	10.1021/acscatal.4c00487		https://openalex.org/W4391970017		https://openalex.org/W4391970017
openalex	Q12	ancestral_reconstruction	W4392751250	publication	Single-character insertion-deletion model preserves long indels in ancestral sequence reconstruction	2024	10.1101/2024.03.09.584071		https://openalex.org/W4392751250		https://openalex.org/W4392751250
openalex	Q12	ancestral_reconstruction	W4392952046	publication	Extant Sequence Reconstruction: The Accuracy of Ancestral Sequence Reconstructions Evaluated by Extant Sequence Cross-Validation	2024	10.1007/s00239-024-10162-3	38502220	https://openalex.org/W4392952046		https://openalex.org/W4392952046
openalex	Q12	ancestral_reconstruction	W4393303606	publication	Please Mind the Gap: Indel-Aware Parsimony for Fast and Accurate Ancestral Sequence Reconstruction and Multiple Sequence Alignment including Long Indels	2024	10.1101/2024.03.27.586611		https://openalex.org/W4393303606		https://openalex.org/W4393303606
openalex	Q12	ancestral_reconstruction	W4393453835	publication	Comparative transcriptomics reveals divergent paths of chitinase evolution underlying dietary convergence in ant-eating mammals	2022	10.5281/zenodo.7355330		https://openalex.org/W4393453835		https://openalex.org/W4393453835
openalex	Q12	ancestral_reconstruction	W4393708698	publication	Comparative transcriptomics reveals divergent paths of chitinase evolution underlying dietary convergence in ant-eating mammals	2023	10.5281/zenodo.7790047		https://openalex.org/W4393708698		https://openalex.org/W4393708698
openalex	Q12	ancestral_reconstruction	W4394115444	publication	Table S1 from Resurrecting ancestral genes in bacteria to interpret ancient biosignatures	2017	10.6084/m9.figshare.5501515		https://openalex.org/W4394115444		https://openalex.org/W4394115444
openalex	Q12	ancestral_reconstruction	W4394523070	publication	Table S2 from Resurrecting ancestral genes in bacteria to interpret ancient biosignatures	2017	10.6084/m9.figshare.5501521		https://openalex.org/W4394523070		https://openalex.org/W4394523070
openalex	Q12	ancestral_reconstruction	W4394615547	publication	DNA targeting by compact Cas9d and its resurrected ancestor	2024	10.1101/2024.04.08.588528		https://openalex.org/W4394615547		https://openalex.org/W4394615547
openalex	Q12	ancestral_reconstruction	W4394920520	publication	Structure and Activity of Reconstructed Pseudo‐Ancestral Cyclotides	2024	10.1002/cmdc.202400124	38632079	https://openalex.org/W4394920520		https://openalex.org/W4394920520
openalex	Q12	ancestral_reconstruction	W4395955979	publication	Ancestral reconstruction of polyethylene terephthalate degrading cutinases reveals a rugged and unexplored sequence-fitness landscape	2024	10.1101/2024.04.25.591214		https://openalex.org/W4395955979		https://openalex.org/W4395955979
openalex	Q12	ancestral_reconstruction	W4396629570	publication	Ancestral terpene cyclases: From fundamental science to applications in biosynthesis	2024	10.1016/bs.mie.2024.04.025	38942509	https://openalex.org/W4396629570		https://openalex.org/W4396629570
openalex	Q12	ancestral_reconstruction	W4396928445	publication	The importance of input sequence set to consensus‐derived proteins and their relationship to reconstructed ancestral proteins	2024	10.1002/pro.5011	38747388	https://openalex.org/W4396928445		https://openalex.org/W4396928445
openalex	Q12	ancestral_reconstruction	W4399364150	publication	Please Mind the Gap: Indel-Aware Parsimony for Fast and Accurate Ancestral Sequence Reconstruction and Multiple Sequence Alignment Including Long Indels	2024	10.1093/molbev/msae109	38842253	https://openalex.org/W4399364150		https://openalex.org/W4399364150
openalex	Q12	ancestral_reconstruction	W4399593537	publication	Pairwise sequence alignment at arbitrarily large evolutionary distance	2024	10.1214/23-aap2009		https://openalex.org/W4399593537		https://openalex.org/W4399593537
openalex	Q12	ancestral_reconstruction	W4399636246	publication	COATi: Statistical Pairwise Alignment of Protein-Coding Sequences	2024	10.1093/molbev/msae117	38869090	https://openalex.org/W4399636246		https://openalex.org/W4399636246
openalex	Q12	ancestral_reconstruction	W4399952040	publication	Deciphering Structural Traits for Thermal and Kinetic Stability across Protein Family Evolution through Ancestral Sequence Reconstruction	2024	10.1093/molbev/msae127	38913681	https://openalex.org/W4399952040		https://openalex.org/W4399952040
openalex	Q12	ancestral_reconstruction	W4400051464	publication	Engineering a Robust UDP-Glucose Pyrophosphorylase for Enhanced Biocatalytic Synthesis via ProteinMPNN and Ancestral Sequence Reconstruction	2024	10.1021/acs.jafc.4c03126	38918953	https://openalex.org/W4400051464		https://openalex.org/W4400051464
openalex	Q12	ancestral_reconstruction	W4400663592	publication	Ancestral Sequence Reconstruction as a Tool to Detect and Study De Novo Gene Emergence	2024	10.1093/gbe/evae151	39004885	https://openalex.org/W4400663592		https://openalex.org/W4400663592
openalex	Q12	ancestral_reconstruction	W4400950950	publication	Enriching barcoding markers in environmental samples utilizing a phylogenetic probe design: Insights from mock communities	2024	10.1002/edn3.593		https://openalex.org/W4400950950		https://openalex.org/W4400950950
openalex	Q12	ancestral_reconstruction	W4401194538	publication	AncFlow: An Ancestral Sequence Reconstruction Approach for Determining Novel Protein Structural	2024	10.1101/2024.07.30.605920		https://openalex.org/W4401194538		https://openalex.org/W4401194538
openalex	Q12	ancestral_reconstruction	W4401735760	publication	Engineering the Substrate Specificity of UDP‐Glycosyltransferases for Synthesizing Triterpenoid Glycosides with a Linear Trisaccharide as Aided by Ancestral Sequence Reconstruction	2024	10.1002/ange.202409867		https://openalex.org/W4401735760		https://openalex.org/W4401735760
openalex	Q12	ancestral_reconstruction	W4401735919	publication	Engineering the Substrate Specificity of UDP‐Glycosyltransferases for Synthesizing Triterpenoid Glycosides with a Linear Trisaccharide as Aided by Ancestral Sequence Reconstruction	2024	10.1002/anie.202409867	39172135	https://openalex.org/W4401735919		https://openalex.org/W4401735919
openalex	Q12	ancestral_reconstruction	W4402012679	publication	The Evolution of the Acylation Mechanism in β-Lactamase and Rapid Protein Dynamics	2024	10.1021/acscatal.4c03065	39464311	https://openalex.org/W4402012679		https://openalex.org/W4402012679
openalex	Q12	ancestral_reconstruction	W4402706897	publication	Reconstruction of ancestral protein sequences using autoregressive generative models	2024	10.1101/2024.09.17.613387		https://openalex.org/W4402706897		https://openalex.org/W4402706897
openalex	Q12	ancestral_reconstruction	W4403090125	publication	EvoSeq-ML: Advancing Data-Centric Machine Learning with Evolutionary-Informed Protein Sequence Representation and Generation	2024	10.1101/2024.10.02.616302		https://openalex.org/W4403090125		https://openalex.org/W4403090125
openalex	Q12	ancestral_reconstruction	W4403479104	publication	SUPREM: an engineered non-site-specific m6A RNA methyltransferase with highly improved efficiency	2024	10.1093/nar/gkae887	39417589	https://openalex.org/W4403479104		https://openalex.org/W4403479104
openalex	Q12	ancestral_reconstruction	W4403771850	publication	Ancestral Sequence Reconstruction for Designing Biocatalysts and Investigating their Functional Mechanisms	2024	10.1021/jacsau.4c00653	39735918	https://openalex.org/W4403771850		https://openalex.org/W4403771850
openalex	Q12	ancestral_reconstruction	W4403791838	publication	Algorithms to reconstruct past indels: the deletion-only parsimony problem	2024	10.1101/2024.10.24.620030		https://openalex.org/W4403791838		https://openalex.org/W4403791838
openalex	Q12	ancestral_reconstruction	W4404054119	publication	Ancient and versatile CRISPR–Cas nuclease created with ancestral sequence reconstruction	2024	10.1038/s41587-024-02468-w	39501051	https://openalex.org/W4404054119		https://openalex.org/W4404054119
openalex	Q12	ancestral_reconstruction	W4404164905	publication	Ancestor-originated engineering of medium-chain alcohol dehydrogenase enhances its catalytic compatibility by balancing activity, stability, and selectivity trade-offs	2024	10.1016/j.mcat.2024.114657		https://openalex.org/W4404164905		https://openalex.org/W4404164905
openalex	Q12	ancestral_reconstruction	W4404394270	publication	Design of ancestral mammalian alkaline phosphatase bearing high stability and productivity	2024	10.1128/aem.01831-24	39545738	https://openalex.org/W4404394270		https://openalex.org/W4404394270
openalex	Q12	ancestral_reconstruction	W4404541678	publication	Ancestral Sequence Reconstruction Meets Machine Learning: Ene Reductase Thermostabilization Yields Enzymes with Improved Reactivity Profiles	2024	10.1021/acscatal.4c03738		https://openalex.org/W4404541678		https://openalex.org/W4404541678
openalex	Q12	ancestral_reconstruction	W4404895679	publication	Single-character insertion–deletion model preserves long indels in ancestral sequence reconstruction	2024	10.1186/s12859-024-05986-1	39617897	https://openalex.org/W4404895679		https://openalex.org/W4404895679
openalex	Q12	ancestral_reconstruction	W4405036786	publication	Fluctuations and the limit of predictability in protein evolution	2024	10.48550/arxiv.2412.01969		https://openalex.org/W4405036786		https://openalex.org/W4405036786
openalex	Q12	ancestral_reconstruction	W4405039990	publication	Ancestral L-Asparaginases Are Cytotoxic Against ALL Cell Lines with Predicted Reduced Immunogenicity	2024	10.1182/blood-2024-205342		https://openalex.org/W4405039990		https://openalex.org/W4405039990
openalex	Q12	ancestral_reconstruction	W4405134365	publication	Fluctuations and the limit of predictability in protein evolution	2024	10.1101/2024.12.04.626874		https://openalex.org/W4405134365		https://openalex.org/W4405134365
openalex	Q12	ancestral_reconstruction	W4405377315	publication	Stable and Promiscuous Galactose Oxidases Engineered by Directed Evolution, Atomistic Design, and Ancestral Sequence Reconstruction	2024	10.1021/acssynbio.4c00653	39670334	https://openalex.org/W4405377315		https://openalex.org/W4405377315
openalex	Q12	ancestral_reconstruction	W4406119654	publication	DNA targeting by compact Cas9d and its resurrected ancestor	2025	10.1038/s41467-024-55573-4	39774105	https://openalex.org/W4406119654		https://openalex.org/W4406119654
openalex	Q12	ancestral_reconstruction	W4406205642	publication	Ancestral carbonic anhydrase with significantly enhanced stability and activity for CO2 capture and utilization	2025	10.1016/j.biortech.2025.132054	39798812	https://openalex.org/W4406205642		https://openalex.org/W4406205642
openalex	Q12	ancestral_reconstruction	W4408093043	publication	Machine Learning-Guided Sequence Design of Transaminases for Asymmetric Catalysis of Chiral Amines	2025	10.2139/ssrn.5163415		https://openalex.org/W4408093043		https://openalex.org/W4408093043
openalex	Q12	ancestral_reconstruction	W4408693859	publication	Anticipating protein evolution with successor sequence predictor	2025	10.1186/s13321-025-00971-z	40119373	https://openalex.org/W4408693859		https://openalex.org/W4408693859
openalex	Q12	ancestral_reconstruction	W4408956904	publication	Reconstruction of Ancestral Protein Sequences Using Autoregressive Generative Models	2025	10.1093/molbev/msaf070	40139916	https://openalex.org/W4408956904		https://openalex.org/W4408956904
openalex	Q12	ancestral_reconstruction	W4409035130	publication	Integration of Computational Tools for Rational Design of (R)-ω-Transaminases with Enhanced Asymmetric Catalysis	2025	10.1016/j.mcat.2025.115078		https://openalex.org/W4409035130		https://openalex.org/W4409035130
openalex	Q12	ancestral_reconstruction	W4409145740	publication	Correction to: Ancestral Sequence Reconstruction as a Tool to Detect and Study De Novo Gene Emergence	2025	10.1093/gbe/evaf059	40177810	https://openalex.org/W4409145740		https://openalex.org/W4409145740
openalex	Q12	ancestral_reconstruction	W4409197174	publication	Marsupial cathelicidins: characterization, antimicrobial activity and evolution in this unique mammalian lineage	2025	10.3389/fimmu.2025.1524092	40255401	https://openalex.org/W4409197174		https://openalex.org/W4409197174
openalex	Q12	ancestral_reconstruction	W4410133078	publication	Multiple transitions to high l ‐ DOPA 4,5‐dioxygenase activity reveal molecular pathways to convergent betalain pigmentation in Caryophyllales	2025	10.1111/nph.70177	40325884	https://openalex.org/W4410133078		https://openalex.org/W4410133078
openalex	Q12	ancestral_reconstruction	W4410299479	publication	Protein language model empowered the robust ASR-driven PET hydrolase featured with two PET binding motifs	2025	10.1016/j.greenca.2025.03.005		https://openalex.org/W4410299479		https://openalex.org/W4410299479
openalex	Q12	ancestral_reconstruction	W4410541537	publication	EzSEA: an interactive web interface for enzyme sequence evolution analysis	2024	10.1093/bioadv/vbaf118	40546820	https://openalex.org/W4410541537		https://openalex.org/W4410541537
openalex	Q12	ancestral_reconstruction	W4411232058	publication	Impact of Phylogenetic Method Choice on Indel Analyses in HIV-1 Subtype B	2025	10.1093/gbe/evaf119	40504859	https://openalex.org/W4411232058		https://openalex.org/W4411232058
openalex	Q12	ancestral_reconstruction	W4411858053	publication	Fluctuations and the limit of predictability in protein evolution	2025	10.1088/1361-6633/adea92	40592352	https://openalex.org/W4411858053		https://openalex.org/W4411858053
openalex	Q12	ancestral_reconstruction	W4412708100	publication	Ancestral sequence reconstruction as a tool for structural analysis of modular polyketide synthases	2025	10.1038/s41467-025-62168-0	40715098	https://openalex.org/W4412708100		https://openalex.org/W4412708100
openalex	Q12	ancestral_reconstruction	W4412725653	publication	Algorithms to reconstruct past indels: The deletion-only parsimony problem	2025	10.1371/journal.pcbi.1012585	40720545	https://openalex.org/W4412725653		https://openalex.org/W4412725653
openalex	Q12	ancestral_reconstruction	W4412871273	publication	Deciphering the evolutionary origin of the enantioselectivity of short-chain dehydrogenases from plants toward 1-borneol	2026	10.1038/s41467-026-76435-1	42744776	https://openalex.org/W4412871273		https://openalex.org/W4412871273
openalex	Q12	ancestral_reconstruction	W4413874188	publication	Tree Decomposition for Reconstructing Ancestral RNA Sequences of Multiple Families	2025	10.1007/978-3-031-94928-9_3		https://openalex.org/W4413874188		https://openalex.org/W4413874188
openalex	Q12	ancestral_reconstruction	W4414122103	publication	Learning About Protein Stability and Functional Activity From Ancestral Reconstruction	2025	10.1016/j.jmb.2025.169435	40945575	https://openalex.org/W4414122103		https://openalex.org/W4414122103
openalex	Q12	ancestral_reconstruction	W4414155878	publication	Frontiers for Development of Protein Redesign Strategy in the Era of AI	2025	10.5940/jcrsj.67.176		https://openalex.org/W4414155878		https://openalex.org/W4414155878
openalex	Q12	ancestral_reconstruction	W4414457687	publication	Quantum computing for faster enzyme discovery and engineering	2025	10.1038/s41929-025-01410-w		https://openalex.org/W4414457687		https://openalex.org/W4414457687
openalex	Q12	ancestral_reconstruction	W4414547311	publication	Tools for Mining, Expression, and Modification of Marine Polysaccharide-Degrading Enzymes	2025	10.1007/978-981-96-9517-1_3		https://openalex.org/W4414547311		https://openalex.org/W4414547311
openalex	Q12	ancestral_reconstruction	W4414684446	publication	Bioinformatics and Machine Learning Guided Biocatalyst Development	2025	10.7302/25723		https://openalex.org/W4414684446		https://openalex.org/W4414684446
openalex	Q12	ancestral_reconstruction	W4415966992	publication	Engineering the Activity and Stability of dCMP Deaminase To Achieve Efficient and Simple Production of Uridine Monophosphate	2025	10.1021/acs.jafc.5c07607	41196667	https://openalex.org/W4415966992		https://openalex.org/W4415966992
openalex	Q12	ancestral_reconstruction	W4416425598	publication	Ancestral Sequences Cannot be Accurately Reconstructed via Interpolation in a Variational Autoencoder’s Latent Space	2025	10.1101/2025.11.19.689264		https://openalex.org/W4416425598		https://openalex.org/W4416425598
openalex	Q12	ancestral_reconstruction	W4416607919	publication	Engineering of an Ancestral McbA with Enhanced Domain Mobility Extends Biocatalytic Amide Synthesis Scope	2025	10.1002/adsc.70232		https://openalex.org/W4416607919		https://openalex.org/W4416607919
openalex	Q12	ancestral_reconstruction	W4417220067	publication	Design and experimental characterization of specificity-switching mutational paths of WW domains	2025	10.64898/2025.12.08.693000		https://openalex.org/W4417220067		https://openalex.org/W4417220067
openalex	Q12	ancestral_reconstruction	W638482479	publication	Ancestral Sequence Reconstruction	2007	10.1093/acprof:oso/9780199299188.001.0001		https://openalex.org/W638482479		https://openalex.org/W638482479
openalex	Q12	ancestral_reconstruction	W644276057	publication	Résurrection du passé à l’aide de modèles hétérogènes d’évolution des séquences protéiques	2013			https://openalex.org/W644276057		https://openalex.org/W644276057
openalex	Q12	ancestral_reconstruction	W657388595	publication	Mechanistic investigation of artificially designed, light regulation of naturally occurring, and characterization of ancestral (βα)8-barrel enzymes	2014	10.5283/epub.29796		https://openalex.org/W657388595		https://openalex.org/W657388595
openalex	Q12	ancestral_reconstruction	W70824155	publication	Ancestral Sequence Reconstruction: methods and applications	2008			https://openalex.org/W70824155		https://openalex.org/W70824155
openalex	Q12	ancestral_reconstruction	W7110524415	publication	Evolution der Homospermidin-Synthase in der Pyrrolizidin-Alkaloid-Biosynthese der Windengewächse (Convolvulaceae) Familien	2021			https://openalex.org/W7110524415		https://openalex.org/W7110524415
openalex	Q12	ancestral_reconstruction	W7112354587	publication	Emergence of energetic constraints over the evolution of protein families	2024			https://openalex.org/W7112354587		https://openalex.org/W7112354587
openalex	Q12	ancestral_reconstruction	W7112737846	publication	Advancing and Applying Precision Genome Editing Technologies	2021			https://openalex.org/W7112737846		https://openalex.org/W7112737846
openalex	Q12	ancestral_reconstruction	W7112772653	publication	In silico protein design for the enhancement of protein stability and function	2023			https://openalex.org/W7112772653		https://openalex.org/W7112772653
openalex	Q12	ancestral_reconstruction	W7113234397	publication	Novel High-Throughput Methods to Study AAV Immunity Using Combinatorial Capsid Libraries	2021			https://openalex.org/W7113234397		https://openalex.org/W7113234397
openalex	Q12	ancestral_reconstruction	W7113237551	publication	Enzyme catalysis as a tool in building block synthesis	2025			https://openalex.org/W7113237551		https://openalex.org/W7113237551
openalex	Q12	ancestral_reconstruction	W7113394378	publication	Highly thermostable carboxylic acid reductases generated by ancestral sequence reconstruction (article)	2025			https://openalex.org/W7113394378		https://openalex.org/W7113394378
openalex	Q12	ancestral_reconstruction	W7113643444	publication	Modeling Sequence Uncertainty in Comparative Genomics with a Probabilistic DNA Representation	2025			https://openalex.org/W7113643444		https://openalex.org/W7113643444
openalex	Q12	ancestral_reconstruction	W7115566424	publication	Algorithms for Reconstructing B Cell Lineages in the Presence of Context-Dependent Somatic Hypermutation	2025	10.48550/arxiv.2512.11693		https://openalex.org/W7115566424		https://openalex.org/W7115566424
openalex	Q12	ancestral_reconstruction	W7115607592	publication	Algorithms for Reconstructing B Cell Lineages in the Presence of Context-Dependent Somatic Hypermutation	2025			https://openalex.org/W7115607592		https://openalex.org/W7115607592
openalex	Q12	ancestral_reconstruction	W7117132859	publication	Reconstructing substitution histories on phylogenies, with accuracy, precision, and coverage	2025	10.64898/2025.12.21.695861		https://openalex.org/W7117132859		https://openalex.org/W7117132859
openalex	Q12	ancestral_reconstruction	W7117570759	publication	Efficient algorithms for simulating sequences along a phylogenetic tree	2025	10.1093/bioinformatics/btaf686	41460170	https://openalex.org/W7117570759		https://openalex.org/W7117570759
openalex	Q12	ancestral_reconstruction	W7119537471	publication	Structural insights into pterocarpan reductases unveil a universal ring-opening mechanism in plant biosynthesis of 4-(furan-2-yl) phenol derivatives	2026	10.1016/j.apsb.2026.01.005	42368557	https://openalex.org/W7119537471		https://openalex.org/W7119537471
openalex	Q12	ancestral_reconstruction	W7124704583	publication	Iron-dependent Metalloenzymes for Biocatalytic Carbon-Carbon Bond Formation	2025	10.7302/28092		https://openalex.org/W7124704583		https://openalex.org/W7124704583
openalex	Q12	ancestral_reconstruction	W7125411659	publication	Ancestral sequence reconstruction using generative models	2026	10.64898/2026.01.18.700141		https://openalex.org/W7125411659		https://openalex.org/W7125411659
openalex	Q12	ancestral_reconstruction	W7125795642	publication	Screening and Engineering of Ancestral Sortase Es That Enable High-Fidelity Enzyme Design with Activity Trade-Off	2026	10.1021/acs.bioconjchem.5c00576	41589451	https://openalex.org/W7125795642		https://openalex.org/W7125795642
openalex	Q12	ancestral_reconstruction	W7125907596	publication	sinhakrishnendu/babappaomega: babappaomega v1.2.0	2026	10.5281/zenodo.18400194		https://openalex.org/W7125907596		https://openalex.org/W7125907596
openalex	Q12	ancestral_reconstruction	W7127884184	publication	A roadmap for AI-driven protein design	2026	10.5281/zenodo.18498884		https://openalex.org/W7127884184		https://openalex.org/W7127884184
openalex	Q12	ancestral_reconstruction	W7127939808	publication	A roadmap for AI-driven protein design	2026	10.5281/zenodo.18498885		https://openalex.org/W7127939808		https://openalex.org/W7127939808
openalex	Q12	ancestral_reconstruction	W7128940618	publication	Reconstructing Cross-Species Ancestral Adeno-Associated Viruses for Enhanced Gene Therapy Delivery	2025			https://openalex.org/W7128940618		https://openalex.org/W7128940618
openalex	Q12	ancestral_reconstruction	W7128995420	publication	Evolutionary causes and consequences of gene duplication	2026	10.1038/s41576-026-00935-5	41699381	https://openalex.org/W7128995420		https://openalex.org/W7128995420
openalex	Q12	ancestral_reconstruction	W7130674240	publication	Deep models of protein evolution in time generate realistic evolutionary trajectories and functional proteins	2026	10.64898/2026.02.19.706898	41757065	https://openalex.org/W7130674240		https://openalex.org/W7130674240
openalex	Q12	ancestral_reconstruction	W7130945675	publication	Structural evolution-based ancestral sequence reconstruction of medium-chain alcohol dehydrogenase for efficient synthesis of fused-ring chiral alcohols	2026	10.1016/j.biortech.2026.134261	41734857	https://openalex.org/W7130945675		https://openalex.org/W7130945675
openalex	Q12	ancestral_reconstruction	W7135091375	publication	Computational Redesign of an Ancestral Xylose Isomerase: Tuning the Substrate Preference and Thermostability for Biomass Valorization	2026	10.1021/acs.jafc.5c17228	41817278	https://openalex.org/W7135091375		https://openalex.org/W7135091375
openalex	Q12	ancestral_reconstruction	W7137746676	publication	Reconstruction of ancestral non-coding RNA sequences using sequential and structural information with tree decomposition	2024			https://openalex.org/W7137746676		https://openalex.org/W7137746676
openalex	Q12	ancestral_reconstruction	W7139106263	publication	[The title is withdrawn]	2026	10.25911/keks-qx73		https://openalex.org/W7139106263		https://openalex.org/W7139106263
openalex	Q12	ancestral_reconstruction	W7140103721	publication	Characterization of ancestral l -arginine and l -lysine oxidase	2026	10.1093/bbb/zbag040	41871341	https://openalex.org/W7140103721		https://openalex.org/W7140103721
openalex	Q12	ancestral_reconstruction	W7152717502	publication	Reviewer #1 (Public review): Design and experimental characterization of specificity-switching mutational paths of WW domains	2026	10.7554/elife.110491.1.sa1		https://openalex.org/W7152717502		https://openalex.org/W7152717502
openalex	Q12	ancestral_reconstruction	W7152718670	publication	eLife Assessment: Design and experimental characterization of specificity-switching mutational paths of WW domains	2026	10.7554/elife.110491.1.sa2		https://openalex.org/W7152718670		https://openalex.org/W7152718670
openalex	Q12	ancestral_reconstruction	W7152756946	publication	Reviewer #2 (Public review): Design and experimental characterization of specificity-switching mutational paths of WW domains	2026	10.7554/elife.110491.1.sa0		https://openalex.org/W7152756946		https://openalex.org/W7152756946
openalex	Q12	ancestral_reconstruction	W7154268355	publication	Author response: Design and experimental characterization of specificity-switching mutational paths of WW domains	2026	10.7554/elife.110491.1.sa3		https://openalex.org/W7154268355		https://openalex.org/W7154268355
openalex	Q12	ancestral_reconstruction	W7154995737	publication	Getting to the root of HIV transmitted founder virus sequences	2026	10.1093/ve/veag025	42110881	https://openalex.org/W7154995737		https://openalex.org/W7154995737
openalex	Q12	ancestral_reconstruction	W7155034358	publication	MutaPhy: A clade-based framework to detect genotype-phenotype associations on phylogenetic trees	2026	10.64898/2026.04.19.719535		https://openalex.org/W7155034358		https://openalex.org/W7155034358
openalex	Q12	ancestral_reconstruction	W7155592340	publication	EVOLUTION-GUIDED REDESIGN OF RNA-GUIDED THERAPEUTICS: ANCESTRAL CAS9 FOR IMMUNE EVASION AND PRECISION RNAI FOR REPEAT DISORDERS	2026			https://openalex.org/W7155592340		https://openalex.org/W7155592340
openalex	Q12	ancestral_reconstruction	W7160500023	publication	Training and evaluation datasets for the TmProt tool	2026	10.5281/zenodo.20067527		https://openalex.org/W7160500023		https://openalex.org/W7160500023
openalex	Q12	ancestral_reconstruction	W7160510359	publication	Tree-Conditioned Edit Flows for Ancestral Sequence Reconstruction	2026	10.48550/arxiv.2605.04119		https://openalex.org/W7160510359		https://openalex.org/W7160510359
openalex	Q12	ancestral_reconstruction	W7160526371	publication	Training and evaluation datasets for the TmProt tool	2026	10.5281/zenodo.20067528		https://openalex.org/W7160526371		https://openalex.org/W7160526371
openalex	Q12	ancestral_reconstruction	W7160670112	publication	Tree-Conditioned Edit Flows for Ancestral Sequence Reconstruction	2026			https://openalex.org/W7160670112		https://openalex.org/W7160670112
openalex	Q12	ancestral_reconstruction	W7161046456	publication	Evolutionary-based protein engineering of binding proteins and enzymes	2026	10.25911/x29b-0k47		https://openalex.org/W7161046456		https://openalex.org/W7161046456
openalex	Q12	ancestral_reconstruction	W7162072450	publication	Synthetic biology as an empirical tool for evolutionary theory	2026	10.32942/x23q15		https://openalex.org/W7162072450		https://openalex.org/W7162072450
openalex	Q12	ancestral_reconstruction	W7162648102	publication	Lineage-Specific Selection Signals in the Growth Arrest-Specific Protein 8 (GAS8) Domain Protein of Trypanosoma melophagium	2026	10.5281/zenodo.20428385		https://openalex.org/W7162648102		https://openalex.org/W7162648102
openalex	Q12	ancestral_reconstruction	W7162659919	publication	Lineage-Specific Selection Signals in the Growth Arrest-Specific Protein 8 (GAS8) Domain Protein of Trypanosoma melophagium	2026	10.5281/zenodo.20428384		https://openalex.org/W7162659919		https://openalex.org/W7162659919
openalex	Q12	ancestral_reconstruction	W7162776625	publication	Protocol: Positive Selection Analysis of the Mitochondrial nad4 Gene in Ophiocordycipitaceae Using Multi-Method Convergent Evidence v1	2026	10.17504/protocols.io.j8nlk7bdwg5r/v1		https://openalex.org/W7162776625		https://openalex.org/W7162776625
openalex	Q12	ancestral_reconstruction	W7162943860	publication	Tryptophan became part of the universal genetic code post-LUCA	2026	10.64898/2026.05.28.728509		https://openalex.org/W7162943860		https://openalex.org/W7162943860
openalex	Q12	ancestral_reconstruction	W7163017965	publication	Harnessing ancestral sequence reconstruction for engineering novel and robust enzymes	2026	10.1016/j.bioorg.2026.110064	42242019	https://openalex.org/W7163017965		https://openalex.org/W7163017965
openalex	Q12	ancestral_reconstruction	W7163405491	publication	Developing High Performance N-Oxygenase for Azomycin Synthesis through Ancestral Sequence Reconstruction	2026	10.1021/acssynbio.6c00129	42234873	https://openalex.org/W7163405491		https://openalex.org/W7163405491
openalex	Q12	ancestral_reconstruction	W7164011304	publication	Towards coevolution-aware ancestral sequence reconstruction	2026	10.64898/2026.06.08.731024		https://openalex.org/W7164011304		https://openalex.org/W7164011304
openalex	Q12	ancestral_reconstruction	W7164036330	publication	Lineage-specific selection signals in the Growth arrest-specific protein 8 (GAS8) domain protein of Trypanosoma melophagium	2026	10.1038/s41598-026-56233-x	42265172	https://openalex.org/W7164036330		https://openalex.org/W7164036330
openalex	Q12	ancestral_reconstruction	W7164913724	publication	Substrate scope of ancestral versus modern family‐1 glycosidases	2026	10.1002/pro.70676	42298372	https://openalex.org/W7164913724		https://openalex.org/W7164913724
openalex	Q12	ancestral_reconstruction	W7165378358	publication	Design of Enhanced Proteins through Protein Evolution Anticipation	2025	10.5281/zenodo.20761788		https://openalex.org/W7165378358		https://openalex.org/W7165378358
openalex	Q12	ancestral_reconstruction	W7165386811	publication	Design of Enhanced Proteins through Protein Evolution Anticipation	2025	10.5281/zenodo.20761787		https://openalex.org/W7165386811		https://openalex.org/W7165386811
openalex	Q12	ancestral_reconstruction	W7165520960	publication	Variational Autoencoder Latent Spaces as a Powerful Framework for Protein Evolution and Design	2025	10.5281/zenodo.20762389		https://openalex.org/W7165520960		https://openalex.org/W7165520960
openalex	Q12	ancestral_reconstruction	W7165530994	publication	Variational Autoencoder Latent Spaces as a Powerful Framework for Protein Evolution and Design	2025	10.5281/zenodo.20762388		https://openalex.org/W7165530994		https://openalex.org/W7165530994
openalex	Q12	ancestral_reconstruction	W7165899624	publication	Highly efficient production of β-caryophyllene in Saccharomyces cerevisiae using a novel synthase from Artemisia argyi	2026	10.1016/j.synbio.2026.04.017	42388219	https://openalex.org/W7165899624		https://openalex.org/W7165899624
openalex	Q12	ancestral_reconstruction	W7165945134	publication	Reconstructing enzyme evolution by protein engineering	2026	10.1002/1873-3468.70400	42347766	https://openalex.org/W7165945134		https://openalex.org/W7165945134
openalex	Q12	ancestral_reconstruction	W7166116946	publication	Variability in thermostability and promiscuity of Precambrian beta-lactamases depending on ancestral sequence reconstruction methods	2026	10.5281/zenodo.20796323		https://openalex.org/W7166116946		https://openalex.org/W7166116946
openalex	Q12	ancestral_reconstruction	W7166196088	publication	Variability in thermostability and promiscuity of Precambrian beta-lactamases depending on ancestral sequence reconstruction methods	2026	10.5281/zenodo.20796324		https://openalex.org/W7166196088		https://openalex.org/W7166196088
openalex	Q12	ancestral_reconstruction	W7166570672	publication	Towards coevolution-aware ancestral sequence reconstruction	2026	10.48550/arxiv.2606.27942		https://openalex.org/W7166570672		https://openalex.org/W7166570672
openalex	Q12	ancestral_reconstruction	W7166857917	publication	Reconstructing enzyme evolution by protein engineering	2026	10.5283/epub.79725		https://openalex.org/W7166857917		https://openalex.org/W7166857917
openalex	Q12	ancestral_reconstruction	W7166900221	publication	Towards coevolution-aware ancestral sequence reconstruction	2026			https://openalex.org/W7166900221		https://openalex.org/W7166900221
openalex	Q12	ancestral_reconstruction	W7168137463	publication	Geographical Variation in Thermal Adaptation of the Asiatic Toad ( Bufo gargarizans )	2026	10.1111/1749-4877.70151	42439796	https://openalex.org/W7168137463		https://openalex.org/W7168137463
openalex	Q12	ancestral_reconstruction	W7202189491	publication	Ancestral reconstruction of fungal laccases enables broad-spectrum detoxification of co-occurring mycotoxins: Product identification, cytotoxicity assessment, and wheat matrix application	2026	10.1016/j.fbio.2026.109729		https://openalex.org/W7202189491		https://openalex.org/W7202189491
openalex	Q12	ancestral_reconstruction	W7203762160	publication	Morpheus-3D: Structural Diversity-Guided Detection and Localization of Protein Fold Switching	2026	10.64898/2026.08.16.745091		https://openalex.org/W7203762160		https://openalex.org/W7203762160
openalex	Q12	ancestral_reconstruction	W7204457430	publication	FireProtASR 2.0: evolution-guided Design of Protein Ancestors and Successors with phylogenetics and machine learning	2026	10.1093/bib/bbag436	42649115	https://openalex.org/W7204457430		https://openalex.org/W7204457430
openalex	Q12	ancestral_reconstruction	W7204860658	publication	Amino Acid Frequencies in Ancient Life	2026			https://openalex.org/W7204860658		https://openalex.org/W7204860658
openalex	Q12	ancestral_reconstruction	W7208959525	publication	Ancestral sequence reconstruction with phangorn (Version 1.7-0)	2012			https://openalex.org/W7208959525		https://openalex.org/W7208959525
openalex	Q12	ancestral_reconstruction	W7212026514	publication	Data from: Reconstructing substitution histories on phylogenies, with accuracy, precision, and coverage	2026	10.5061/dryad.v15dv429q		https://openalex.org/W7212026514		https://openalex.org/W7212026514
openalex	Q12	ancestral_reconstruction	W7213483592	publication	Exploration of Rubisco Oligomeric State and Sequence Space	2026			https://openalex.org/W7213483592		https://openalex.org/W7213483592
openalex	Q12	ancestral_reconstruction	W7213650149	publication	Ancestral Sequences Cannot be Accurately Reconstructed via Interpolation in a Variational Autoencoder’s Latent Space	2026	10.1007/s11538-026-01749-6	42762397	https://openalex.org/W7213650149		https://openalex.org/W7213650149
openalex	Q13	branch_mapping	W2025980842	publication	An Evolutionarily Conserved Network of Amino Acids Mediates Gating in Voltage-dependent Potassium Channels	2004	10.1016/j.jmb.2004.04.064	15201054	https://openalex.org/W2025980842		https://openalex.org/W2025980842
openalex	Q13	branch_mapping	W2028366776	publication	An Evolutionarily Conserved Network of Amino Acids Mediates Gating in Voltage-dependent Potassium Channels	2004	10.1016/s0022-2836(04)00525-x		https://openalex.org/W2028366776		https://openalex.org/W2028366776
openalex	Q13	branch_mapping	W2061140759	publication	Mapping Mutations on Phylogenies	2002	10.1080/10635150290102393	12396587	https://openalex.org/W2061140759		https://openalex.org/W2061140759
openalex	Q13	branch_mapping	W2134912004	publication	Exploring Variation in the d N /d S Ratio Among Sites and Lineages Using Mutational Mappings: Applications to the Influenza Virus	2007	10.1007/s00239-007-9019-7	17846819	https://openalex.org/W2134912004		https://openalex.org/W2134912004
openalex	Q13	branch_mapping	W2174270339	publication	Mutations as Missing Data: Inferences on the Ages and Distributions of Nonsynonymous and Synonymous Mutations	2001	10.1093/genetics/159.1.401	11560914	https://openalex.org/W2174270339		https://openalex.org/W2174270339
openalex	Q13	branch_mapping	W2307185071	publication	Zika virus in the Americas: Early epidemiological and genetic findings	2016	10.1126/science.aaf5036	27013429	https://openalex.org/W2307185071		https://openalex.org/W2307185071
openalex	Q13	branch_mapping	W2912226066	publication	Mapping mutations on phylogenies	2005	10.1002/047001153x.g404309		https://openalex.org/W2912226066		https://openalex.org/W2912226066
openalex	Q13	branch_mapping	W2950991875	publication	The discovery of three new hare lagoviruses reveals unexplored viral diversity in this genus	2019	10.1093/ve/vez005	30997155	https://openalex.org/W2950991875		https://openalex.org/W2950991875
openalex	Q13	branch_mapping	W4205236595	publication	Molecular Characterization of Severe Acute Respiratory Syndrome Coronavirus 2 Isolates From Central Inner Sardinia	2022	10.3389/fmicb.2021.827799	35095827	https://openalex.org/W4205236595		https://openalex.org/W4205236595
openalex	Q13	branch_mapping	W4246943139	publication	Faculty Opinions recommendation of Mapping mutations on phylogenies.	2004	10.3410/f.1003304.210478		https://openalex.org/W4246943139		https://openalex.org/W4246943139
openalex	Q13	branch_mapping	W4252838122	publication	Decision letter: The rosetteless gene controls development in the choanoflagellate S. rosetta	2014	10.7554/elife.04070.022		https://openalex.org/W4252838122		https://openalex.org/W4252838122
openalex	Q13	branch_mapping	W4389998511	publication	Applications of DNA Marker Techniques in Plant Mutation Research	2023	10.1201/9781003392897-6		https://openalex.org/W4389998511		https://openalex.org/W4389998511
openalex	Q13	branch_mapping	W4394684717	publication	Mutation mapping of a variegated EMS tomato reveals an FtsH-like protein precursor potentially causing patches of four phenotype classes in the leaves with distinctive internal morphology	2024	10.1186/s12870-024-04973-1	38600480	https://openalex.org/W4394684717		https://openalex.org/W4394684717
openalex	Q13	branch_mapping	W4410349758	publication	Coevolutionary dynamics of 53BP1 and its impact on TP53 interaction for DNA damage repair	2025	10.1016/j.compbiolchem.2025.108508	40382899	https://openalex.org/W4410349758		https://openalex.org/W4410349758
openalex	Q13	branch_mapping	W4413002238	publication	Integrative genomic study of mutation dynamics and Evolutionary trends in SARS-CoV-2 omicron BA.3	2025	10.1101/2025.08.03.668320		https://openalex.org/W4413002238		https://openalex.org/W4413002238
openalex	Q13	branch_mapping	W4414573272	publication	In vitro activity and resistance mechanisms of sulbactam/durlobactam against Acinetobacter baumannii clinical isolates in China (2019–2020)	2025	10.1016/j.cmi.2025.09.016	41016597	https://openalex.org/W4414573272		https://openalex.org/W4414573272
openalex	Q13	branch_mapping	W7168167446	publication	Mutation mapping and evolutionary dynamics of Bundibugyo Ebolavirus (BDBV-2026) genomes reported from Uganda	2026	10.21203/rs.3.rs-10310109/v1		https://openalex.org/W7168167446		https://openalex.org/W7168167446
openalex	Q14	branch_mapping	W2005440855	publication	Detecting groups of co-evolving positions in a molecule: a clustering approach	2007	10.1186/1471-2148-7-242	18053141	https://openalex.org/W2005440855		https://openalex.org/W2005440855
openalex	Q14	branch_mapping	W2056155195	publication	Cold tolerance at the early growth stage in wild and cultivated rice	2008	10.1007/s10681-008-9753-y		https://openalex.org/W2056155195		https://openalex.org/W2056155195
openalex	Q14	branch_mapping	W2056265093	publication	An Evolutionary-Network Model Reveals Stratified Interactions in the V3 Loop of the HIV-1 Envelope	2007	10.1371/journal.pcbi.0030231	18039027	https://openalex.org/W2056265093		https://openalex.org/W2056265093
openalex	Q14	branch_mapping	W2148061530	publication	Efficient Selection of Branch-Specific Models of Sequence Evolution	2012	10.1093/molbev/mss059	22319139	https://openalex.org/W2148061530		https://openalex.org/W2148061530
openalex	Q14	branch_mapping	W4240977419	publication	An Evolutionary-Network Model Reveals Stratified Interactions in the V3 Loop of the HIV-1 Envelope	2005	10.1371/journal.pcbi.0030231.eor		https://openalex.org/W4240977419		https://openalex.org/W4240977419
openalex	Q14	branch_mapping	W4394188203	publication	Atlas Of Coevolution	2021	10.6084/m9.figshare.16586915.v2		https://openalex.org/W4394188203		https://openalex.org/W4394188203
openalex	Q14	branch_mapping	W4394340842	publication	Atlas Of Coevolution	2021	10.6084/m9.figshare.16586915		https://openalex.org/W4394340842		https://openalex.org/W4394340842
openalex	Q14	branch_mapping	W4394442099	publication	Atlas Of Coevolution	2021	10.6084/m9.figshare.16586915.v1		https://openalex.org/W4394442099		https://openalex.org/W4394442099
openalex	Q14	branch_mapping	W4405975851	publication	PHACE: Phylogeny-Aware Co-Evolution	2024	10.1101/2024.12.19.629429		https://openalex.org/W4405975851		https://openalex.org/W4405975851
openalex	Q14	branch_mapping	W7117565654	publication	Genetic Characterization of Influenza A (A/H3N2) Viruses Reveals Antigenic Drift in Receptor Binding Domain and Possible Vaccine Mismatch in Strains Circulating in Riyadh, Saudi Arabia, 2024-2025	2025	10.21203/rs.3.rs-8353173/v1		https://openalex.org/W7117565654		https://openalex.org/W7117565654
openalex	Q14	branch_mapping	W7130502419	publication	Genetic characterization of influenza A (A/H3N2) viruses reveals antigenic drift in receptor binding domain and possible vaccine mismatch in strains circulating in Riyadh, Saudi Arabia, 2024–2025	2026	10.1186/s12879-026-12928-0	41714946	https://openalex.org/W7130502419		https://openalex.org/W7130502419
openalex	Q14	branch_mapping	W7136133347	publication	Genomic Characterization and Phylogenetic Analysis of HA and NA Genes of Influenza B Virus in Riyadh (2024–2025): Implications for Vaccine Strain Match	2026	10.3390/v18030358	41902266	https://openalex.org/W7136133347		https://openalex.org/W7136133347
openalex	Q14	branch_mapping	W7141059715	publication	Genetic characterization of influenza A (A/H3N2) viruses reveals antigenic drift in receptor binding domain and possible vaccine mismatch in strains circulating in Riyadh, Saudi Arabia, 2024–2025	2026	10.6084/m9.figshare.c.8385650		https://openalex.org/W7141059715		https://openalex.org/W7141059715
openalex	Q14	branch_mapping	W7141556416	publication	Genetic characterization of influenza A (A/H3N2) viruses reveals antigenic drift in receptor binding domain and possible vaccine mismatch in strains circulating in Riyadh, Saudi Arabia, 2024–2025	2026	10.6084/m9.figshare.c.8385650.v1		https://openalex.org/W7141556416		https://openalex.org/W7141556416
openalex	Q15	branch_mapping	W2408867545	publication	[Aortoenteric fistulae. Diagnosis, therapy, results].	1993		8139777	https://openalex.org/W2408867545		https://openalex.org/W2408867545
openalex	Q15	branch_mapping	W3005780876	publication	The temporal dynamics of evolutionary diversification in Ipomoea	2020	10.1016/j.ympev.2020.106768	32081764	https://openalex.org/W3005780876		https://openalex.org/W3005780876
openalex	Q15	branch_mapping	W4411660019	publication	Detecting Evolutionary Change-Points with Branch-Specific Substitution Models and Shrinkage Priors	2025	10.21203/rs.3.rs-6926809/v1	40671951	https://openalex.org/W4411660019		https://openalex.org/W4411660019
openalex	Q15	branch_mapping	W7116429397	publication	What can we learn about plant evolution from a robust phylogenetic framework?	2019	10.5287/ora-exp242myg		https://openalex.org/W7116429397		https://openalex.org/W7116429397
openalex	Q15	branch_mapping	W7162515380	publication	Variability and scale-dependence in molecular evolution rate impacts interpretation of eukaryotic evolutionary histories	2026	10.64898/2026.05.25.724440		https://openalex.org/W7162515380		https://openalex.org/W7162515380
openalex	Q15	branch_mapping	W7212443006	publication	Ancestree: unified likelihood inference of ancestral alleles under supplied or inferred genealogies	2026	10.64898/2026.09.11.750934		https://openalex.org/W7212443006		https://openalex.org/W7212443006
openalex	Q16	homoplasy	W108334947	publication	Higher-Order Homoplasy Tests	1998	10.1023/a:1001121718577		https://openalex.org/W108334947		https://openalex.org/W108334947
openalex	Q16	homoplasy	W1128838090	publication	Genetic and resistance phenotypic subtyping of Salmonella Saintpaul isolates from various food sources and humans: Phylogenetic concordance in combinatory analyses	2015	10.1016/j.meegid.2015.08.022	26299886	https://openalex.org/W1128838090		https://openalex.org/W1128838090
openalex	Q16	homoplasy	W1217321160	publication	Phylogeny of Insects	2009	10.1016/b978-0-12-374144-8.00208-3		https://openalex.org/W1217321160		https://openalex.org/W1217321160
openalex	Q16	homoplasy	W122996159	publication	Phylogenetics and historical biogeography of Southeast Asian Begonia L. (Begoniaceae)	2010			https://openalex.org/W122996159		https://openalex.org/W122996159
openalex	Q16	homoplasy	W129798372	publication	COMPLEXITY AND HOMOPLASY	1996	10.1016/b978-012618030-5/50010-1		https://openalex.org/W129798372		https://openalex.org/W129798372
openalex	Q16	homoplasy	W1480392986	publication	Untersuchungen an Populationen von Gibbaeum nuciforme (Haw.) Glen & H.E.K. Hartmann (Aizoaceae) und zur Phylogenie der Gattung Gibbaeum N.B. Br.	2008			https://openalex.org/W1480392986		https://openalex.org/W1480392986
openalex	Q16	homoplasy	W1482011154	publication	REPLY TO COMMENT BY THERIOT (2008) ON KACZMARSKA ET AL. (2006)1	2009	10.1111/j.1529-8817.2009.00721.x		https://openalex.org/W1482011154		https://openalex.org/W1482011154
openalex	Q16	homoplasy	W1491582869	publication	Are homology and synapomorphy the same or different?	2012	10.1111/j.1096-0031.2012.00431.x	34818825	https://openalex.org/W1491582869		https://openalex.org/W1491582869
openalex	Q16	homoplasy	W1494888237	publication	Natural History and Behavioural Homology	2007	10.1002/9780470515655.ch12	10332760	https://openalex.org/W1494888237		https://openalex.org/W1494888237
openalex	Q16	homoplasy	W1499669906	publication	An updated phylogeny of A nisoptera including formal convergence analysis of morphological characters	2013	10.1111/syen.12012		https://openalex.org/W1499669906		https://openalex.org/W1499669906
openalex	Q16	homoplasy	W151994528	publication	EXAPTATION, ADAPTATION, AND HOMOPLASY: EVOLUTION OF ECOLOGICAL TRAITS IN DALECHAMPIA VINES	1996	10.1016/b978-012618030-5/50011-3		https://openalex.org/W151994528		https://openalex.org/W151994528
openalex	Q16	homoplasy	W1520947678	publication	The Input of DNA Sequences to Animal Systematics: Rodents as Study Cases	2012	10.5772/37969		https://openalex.org/W1520947678		https://openalex.org/W1520947678
openalex	Q16	homoplasy	W1531378273	publication	Amphibian diversity, distribution and conservation in the Ethiopian highlands : morphological, molecular and biogeographic investigation on Leptopelis and Ptychadena (Anura)	2012	10.5451/unibas-06039460		https://openalex.org/W1531378273		https://openalex.org/W1531378273
openalex	Q16	homoplasy	W1531399977	publication	The monophyletic groups in the Parmeliaceae	2004			https://openalex.org/W1531399977		https://openalex.org/W1531399977
openalex	Q16	homoplasy	W1544375114	publication	Is the morphological disparity of lemur skulls (Primates) controlled by phylogeny and/or environmental constraints?	2002	10.1046/j.1095-8312.2002.00081.x		https://openalex.org/W1544375114		https://openalex.org/W1544375114
openalex	Q16	homoplasy	W1562169977	publication	Congruence and conflict: case studies of morphotaxonomy versus rDNA gene tree phylogeny among articulate brachiopods (Brachiopoda: Rhynchonelliformea), with description of a new genus	2015	10.1111/zoj.12217		https://openalex.org/W1562169977		https://openalex.org/W1562169977
openalex	Q16	homoplasy	W1562364891	publication	Phylogenomic analysis reveals extensive phylogenetic mosaicism in the human GPCR superfamily.	2007		19468313	https://openalex.org/W1562364891		https://openalex.org/W1562364891
openalex	Q16	homoplasy	W1562435499	publication	Theoretical And Practical Utility Of Gene Sequences in Phylogenetic and Phylogeographic Analysis	2009			https://openalex.org/W1562435499		https://openalex.org/W1562435499
openalex	Q16	homoplasy	W1576851888	publication	Major Transitions in Vertebrate Evolution	2009	10.1111/j.1096-3642.2009.00584.x		https://openalex.org/W1576851888		https://openalex.org/W1576851888
openalex	Q16	homoplasy	W1576880049	publication	Developmental homoplasy: convergence in cellular differentiation	2010	10.1111/j.1469-7580.2010.01232.x	20374410	https://openalex.org/W1576880049		https://openalex.org/W1576880049
openalex	Q16	homoplasy	W1578726478	publication	한국산 민자주방망이 버섯의 유전적 변이	2004			https://openalex.org/W1578726478		https://openalex.org/W1578726478
openalex	Q16	homoplasy	W1581679605	publication	Levels of Biological Organization and the Origin of Novelty	2011	10.1002/jez.b.21425	21826786	https://openalex.org/W1581679605		https://openalex.org/W1581679605
openalex	Q16	homoplasy	W1583930562	publication	More on errors	2012	10.1111/j.1096-0031.2012.00409.x	34856734	https://openalex.org/W1583930562		https://openalex.org/W1583930562
openalex	Q16	homoplasy	W1585618234	publication	Análise filogenética de Psittaciformes (Aves) com base em caracteres morfológicos siringeais e osteológicos	2007	10.11606/t.41.2007.tde-13062008-111953		https://openalex.org/W1585618234		https://openalex.org/W1585618234
openalex	Q16	homoplasy	W1592216705	publication	Confusing homologs as homologies: a reply to “On homology”	2012	10.1111/j.1096-0031.2011.00387.x	34836444	https://openalex.org/W1592216705		https://openalex.org/W1592216705
openalex	Q16	homoplasy	W1595527122	publication	Strain classification of Mycobacterium tuberculosis: congruence between large sequence polymorphisms and spoligotypes.	2011		21276309	https://openalex.org/W1595527122		https://openalex.org/W1595527122
openalex	Q16	homoplasy	W1598431024	publication	A Rigorous Analysis of the Pattern of Intron Conservation Supports the Coelomata Clade of Animals	2007	10.1007/978-3-540-74960-8_14		https://openalex.org/W1598431024		https://openalex.org/W1598431024
openalex	Q16	homoplasy	W1628541808	publication	Dead ossicones, and other characters describing Palaeotraginae (Giraffidae; Mammalia) based on new material from Gansu, Central China	2014	10.5282/ubm/epub.22389		https://openalex.org/W1628541808		https://openalex.org/W1628541808
openalex	Q16	homoplasy	W1629990637	publication	Oviraptorosauria: Morphology, Phylogeny, and Endocranial Evolution	2011	10.7916/d8jh3tc5		https://openalex.org/W1629990637		https://openalex.org/W1629990637
openalex	Q16	homoplasy	W1632862736	publication	Utility of characters evolving at diverse rates of evolution to resolve quartet trees with unequal branch lengths: analytical predictions of long-branch effects	2015	10.1186/s12862-015-0364-7	25968460	https://openalex.org/W1632862736		https://openalex.org/W1632862736
openalex	Q16	homoplasy	W1645053393	publication	DATA SET INCONGRUENCE, MISLEADING CHARACTERS, AND INSIGHTS FROM THE FOSSIL RECORD: THE CANID PHYLOGENY	2011			https://openalex.org/W1645053393		https://openalex.org/W1645053393
openalex	Q16	homoplasy	W170442360	publication	Evolution of Microsatellite Alleles in Four Species of Mice (Genus Apodemus)	2000	10.1007/s002390010077	10948273	https://openalex.org/W170442360		https://openalex.org/W170442360
openalex	Q16	homoplasy	W1716876489	publication	Evolution of trichome morphology in Mimosa (Leguminosae-Mimosoideae)	2013	10.11646/phytotaxa.119.1.1		https://openalex.org/W1716876489		https://openalex.org/W1716876489
openalex	Q16	homoplasy	W174548838	publication	Morphological Characters from the Genome: SINE Insertion Polymorphism and Phylogenies	2006	10.1007/7050_018		https://openalex.org/W174548838		https://openalex.org/W174548838
openalex	Q16	homoplasy	W1803491071	publication	Telling the Evolutionary Time: Molecular Clocks and the Fossil Record.—Philip C. J. Donoghue and M. Paul Smith, editors.	2005	10.1080/10635150590905858		https://openalex.org/W1803491071		https://openalex.org/W1803491071
openalex	Q16	homoplasy	W1830861179	publication	Polymorphism in the sperm ultrastructure among four species of lizards in the genusTupinambis(Squamata: Teiidae)	2002	10.1046/j.1463-6395.2002.00119.x		https://openalex.org/W1830861179		https://openalex.org/W1830861179
openalex	Q16	homoplasy	W1834579005	publication	A mobile element-based evolutionary history of guenons (tribe Cercopithecini)	2007	10.1186/1741-7007-5-5	17266768	https://openalex.org/W1834579005		https://openalex.org/W1834579005
openalex	Q16	homoplasy	W1848865703	publication	Assessment of modularity in the urodele skull: An exploratory analysis using ossification sequence data	2014	10.1002/jez.b.22575	24816835	https://openalex.org/W1848865703		https://openalex.org/W1848865703
openalex	Q16	homoplasy	W1857987553	publication	Building a Twig Phylogeny	2015	10.1525/abt.2015.77.2.10		https://openalex.org/W1857987553		https://openalex.org/W1857987553
openalex	Q16	homoplasy	W1861597337	publication	Cranial and postcranial morphological data in ruminant phylogenetics	2014	10.5282/ubm/epub.22383		https://openalex.org/W1861597337		https://openalex.org/W1861597337
openalex	Q16	homoplasy	W186273451	publication	Sivapithecus and hominoid evolution: some brief comments	2001	10.1017/cbo9780511600449.016		https://openalex.org/W186273451		https://openalex.org/W186273451
openalex	Q16	homoplasy	W1887296859	publication	Systematics of the Cosmospora viliuscula species complex	2015	10.3852/14-122	25800252	https://openalex.org/W1887296859		https://openalex.org/W1887296859
openalex	Q16	homoplasy	W1893216323	publication	Mitochondrial phylogeny of the endemic mouthbrooding lineages of cichlid fishes from Lake Tanganyika in eastern Africa.	1993	10.1093/oxfordjournals.molbev.a040042	8355599	https://openalex.org/W1893216323		https://openalex.org/W1893216323
openalex	Q16	homoplasy	W1929850039	publication	Exploring Massive Incomplete Lineage Sorting in Arctoids (Laurasiatheria, Carnivora)	2015	10.1093/molbev/msv188	26337548	https://openalex.org/W1929850039		https://openalex.org/W1929850039
openalex	Q16	homoplasy	W1932409097	publication	Reassessment of the Lower Cretaceous (Barremian) pliosauroid Leptocleidus superstes Andrews, 1922 and other plesiosaur remains from the nonmarine Wealden succession of southern England	2011	10.1111/j.1096-3642.2010.00648.x		https://openalex.org/W1932409097		https://openalex.org/W1932409097
openalex	Q16	homoplasy	W1933984608	publication	Draft genome assemblies and predicted microRNA complements of the intertidal lophotrochozoans Patella vulgata (Mollusca, Patellogastropoda) and Spirobranchus ( Pomatoceros ) lamarcki (Annelida, Serpulida)	2015	10.1016/j.margen.2015.07.004	26319627	https://openalex.org/W1933984608		https://openalex.org/W1933984608
openalex	Q16	homoplasy	W1943369668	publication	A review of the systematics and taxonomy of Pythonidae: an ancient serpent lineage	2015	10.1111/zoj.12267		https://openalex.org/W1943369668		https://openalex.org/W1943369668
openalex	Q16	homoplasy	W1954088307	publication	SSR markers: a tool for species identification in Psidium (Myrtaceae)	2015	10.1007/s11033-015-3927-1	26476530	https://openalex.org/W1954088307		https://openalex.org/W1954088307
openalex	Q16	homoplasy	W1963821966	publication	The phylogenetic position of Daubentonia madagascariensis (Gmelin, 1788; primates, Strepsirhini) as revealed by chromosomal analysis	2012	10.1080/00087114.2012.737130		https://openalex.org/W1963821966		https://openalex.org/W1963821966
openalex	Q16	homoplasy	W1964110267	publication	Floral anatomy of Thomandersia (Lamiales), with particular reference to the nature of the retinaculum and extranuptial nectaries	2005	10.1111/j.1095-8339.2005.00507.x		https://openalex.org/W1964110267		https://openalex.org/W1964110267
openalex	Q16	homoplasy	W1964569230	publication	Fast-Evolving Homoplastic Traits Are Best for Species Identification in a Group of Neotropical Wasps	2013	10.1371/journal.pone.0074837	24040349	https://openalex.org/W1964569230		https://openalex.org/W1964569230
openalex	Q16	homoplasy	W1964772652	publication	Revision of Khawia spp. (Cestoda: Caryophyllidea), parasites of cyprinid fish, including a key to their identification and molecular phylogeny	2011	10.14411/fp.2011.020	22053617	https://openalex.org/W1964772652		https://openalex.org/W1964772652
openalex	Q16	homoplasy	W1966286049	publication	Mitochondrial Insertions into Primate Nuclear Genomes Suggest the Use of numts as a Tool for Phylogeny	2009	10.1093/molbev/msp131	19578158	https://openalex.org/W1966286049		https://openalex.org/W1966286049
openalex	Q16	homoplasy	W1966333165	publication	Deciphering morphological variation in the braincase of caecilian amphibians (gymnophiona)	2011	10.1002/jmor.10953	21538474	https://openalex.org/W1966333165		https://openalex.org/W1966333165
openalex	Q16	homoplasy	W1967362130	publication	Filtered Z-Closure Supernetworks for Extracting and Visualizing Recurrent Signal from Incongruent Gene Trees	2008	10.1080/10635150802552849	19085334	https://openalex.org/W1967362130		https://openalex.org/W1967362130
openalex	Q16	homoplasy	W1967655429	publication	Amyloidity is not diagnostic for species in the Mycena pearsoniana complex (Mycena sectio Calodontes)	2011	10.1007/s11557-011-0782-x		https://openalex.org/W1967655429		https://openalex.org/W1967655429
openalex	Q16	homoplasy	W1967897844	publication	Direct optimization overly optimizes data	2010	10.1111/j.1365-3113.2010.00526.x		https://openalex.org/W1967897844		https://openalex.org/W1967897844
openalex	Q16	homoplasy	W1968411370	publication	Phylogeny of bovine species based on AFLP fingerprinting	2002	10.1038/sj.hdy.6800007	11813106	https://openalex.org/W1968411370		https://openalex.org/W1968411370
openalex	Q16	homoplasy	W1968526034	publication	The higher-level phylogeny of Archosauria (Tetrapoda: Diapsida)	2010	10.1080/14772010903537732		https://openalex.org/W1968526034		https://openalex.org/W1968526034
openalex	Q16	homoplasy	W1969151657	publication	Assessing the Phylogenetic Utility of Four Mitochondrial Genes and a Nuclear Intron in the Asian Pit Viper Genus, Trimeresurus: Separate, Simultaneous, and Conditional Data Combination Analyses	2003	10.1093/molbev/msg136	12777535	https://openalex.org/W1969151657		https://openalex.org/W1969151657
openalex	Q16	homoplasy	W1969359177	publication	Ovary, Fruit, and Seed Morphology of the Lythraceae	2014	10.1086/674316		https://openalex.org/W1969359177		https://openalex.org/W1969359177
openalex	Q16	homoplasy	W1970923428	publication	Australohyaena antiqua(Mammalia, Metatheria, Sparassodonta), a large predator from the Late Oligocene of Patagonia	2014	10.1080/14772019.2014.926403		https://openalex.org/W1970923428		https://openalex.org/W1970923428
openalex	Q16	homoplasy	W1972785222	publication	Systematics of Chaetognatha under the light of molecular data, using duplicated ribosomal 18S DNA sequences	2006	10.1016/j.ympev.2005.12.004	16434216	https://openalex.org/W1972785222		https://openalex.org/W1972785222
openalex	Q16	homoplasy	W1973999980	publication	Diversity of factor H-binding protein in Neisseria meningitidis carriage isolates	2011	10.1016/j.vaccine.2011.06.025	21704667	https://openalex.org/W1973999980		https://openalex.org/W1973999980
openalex	Q16	homoplasy	W1974106548	publication	18S rRNA variability map for Gastropoda	2011	10.1093/mollus/eyr047		https://openalex.org/W1974106548		https://openalex.org/W1974106548
openalex	Q16	homoplasy	W1974262603	publication	Substitution rate variation in closely related rodent species	1997	10.1038/hdy.1997.3	9023989	https://openalex.org/W1974262603		https://openalex.org/W1974262603
openalex	Q16	homoplasy	W1976960190	publication	Running Out of New States	2000	10.1126/science.288.5474.2099b		https://openalex.org/W1976960190		https://openalex.org/W1976960190
openalex	Q16	homoplasy	W1977549273	publication	Associating Mitochondrial DNA Variation with Complex Traits	2007	10.1086/511652	17304709	https://openalex.org/W1977549273		https://openalex.org/W1977549273
openalex	Q16	homoplasy	W1979232777	publication	Crustacean – Insect Relationships: The Use of Brain Characters to Derive Phylogeny amongst Segmented Invertebrates	1998	10.1159/000006563	9787219	https://openalex.org/W1979232777		https://openalex.org/W1979232777
openalex	Q16	homoplasy	W1981632690	publication	Taking phylogenetics beyond pattern analysis: Can models of genome dynamics guide predictions about homoplasy in morphological and behavioral data sets?	2007	10.1016/j.jhevol.2006.11.015	17434573	https://openalex.org/W1981632690		https://openalex.org/W1981632690
openalex	Q16	homoplasy	W1982392229	publication	Analysis of Ribosomal RNA Genes Suggests That Trypanosomes Are Monophyletic	1997	10.1007/pl00006176	9115176	https://openalex.org/W1982392229		https://openalex.org/W1982392229
openalex	Q16	homoplasy	W1985092783	publication	Taxon Sampling and the Optimal Rates of Evolution for Phylogenetic Inference	2011	10.1093/sysbio/syq097	21303824	https://openalex.org/W1985092783		https://openalex.org/W1985092783
openalex	Q16	homoplasy	W1987474043	publication	Evolution of ossification sequences in salamanders and urodele origins assessed through event‐pairing and new methods	2009	10.1111/j.1525-142x.2009.00318.x	19245549	https://openalex.org/W1987474043		https://openalex.org/W1987474043
openalex	Q16	homoplasy	W1987531842	publication	The phylogenetic problem of Huia (Amphibia: Ranidae)	2007	10.1016/j.ympev.2007.09.016	18042407	https://openalex.org/W1987531842		https://openalex.org/W1987531842
openalex	Q16	homoplasy	W1987726433	publication	A novel interaction between factor H SCR 6 and the meningococcal vaccine candidate GNA1870: Implications for meningococcal pathogenesis and vaccine development	2006	10.1016/j.molimm.2006.07.170		https://openalex.org/W1987726433		https://openalex.org/W1987726433
openalex	Q16	homoplasy	W1988247075	publication	The reduced cladistic consensus method and cassiduloid echinoid phylogeny	1996	10.1080/08912969609386554		https://openalex.org/W1988247075		https://openalex.org/W1988247075
openalex	Q16	homoplasy	W1988324428	publication	Adaptive Radiation: Innovations and Insights	2001	10.1111/j.1472-4642.2001.100-3.x		https://openalex.org/W1988324428		https://openalex.org/W1988324428
openalex	Q16	homoplasy	W1988522707	publication	Multiple rearrangements in mitochondrial genomes of Isopoda and phylogenetic implications	2012	10.1016/j.ympev.2012.03.013	22491068	https://openalex.org/W1988522707		https://openalex.org/W1988522707
openalex	Q16	homoplasy	W1988726375	publication	The emergence of form: The shape of things to come	2003	10.1002/dvdy.10361		https://openalex.org/W1988726375		https://openalex.org/W1988726375
openalex	Q16	homoplasy	W1988897252	publication	Soft anatomy, diffuse homoplasy, and the relationships of lizards and snakes	2000	10.1046/j.1463-6409.2000.00035.x		https://openalex.org/W1988897252		https://openalex.org/W1988897252
openalex	Q16	homoplasy	W1989652820	publication	High Resolution Discrimination of Clinical Mycobacterium tuberculosis Complex Strains Based on Single Nucleotide Polymorphisms	2012	10.1371/journal.pone.0039855	22768315	https://openalex.org/W1989652820		https://openalex.org/W1989652820
openalex	Q16	homoplasy	W1989980424	publication	Sequence Analysis of SSR-Flanking Regions Identifies Genome Affinities between Pasture Grass Fungal Endophyte Taxa	2011	10.4061/2011/921312	21350638	https://openalex.org/W1989980424		https://openalex.org/W1989980424
openalex	Q16	homoplasy	W1990408400	publication	A Phylogenetic Study of Cuphea (Lythraceae) Based on Morphology and Nuclear rDNA ITS Sequences	2006	10.1600/036364406779696004		https://openalex.org/W1990408400		https://openalex.org/W1990408400
openalex	Q16	homoplasy	W1991079763	publication	Phylogeny and evolution of angiosperms	2006	10.1111/j.1096-0031.2006.00084.x		https://openalex.org/W1991079763		https://openalex.org/W1991079763
openalex	Q16	homoplasy	W1991949941	publication	Genome-scale comparative analysis of gene fusions, gene fissions, and the fungal tree of life	2012	10.1073/pnas.1210909110	23236161	https://openalex.org/W1991949941		https://openalex.org/W1991949941
openalex	Q16	homoplasy	W1993723465	publication	Taxonomic Study of Korean Scirpus L. s.l. (Cyperaceae) II: Pattern of Phenotypic Evolution Inferred from Molecular Phylogeny	2011	10.1007/s12374-011-9181-8		https://openalex.org/W1993723465		https://openalex.org/W1993723465
openalex	Q16	homoplasy	W1993977116	publication	The evolution of pharyngeal bones and teeth in Gobioninae fishes (Teleostei: Cyprinidae) analyzed with phylogenetic comparative methods	2011	10.1007/s10750-010-0598-8		https://openalex.org/W1993977116		https://openalex.org/W1993977116
openalex	Q16	homoplasy	W1995711732	publication	Masticatory biomechanics and its relevance to early hominid phylogeny: An examination of palatal thickness using finite-element analysis	2007	10.1016/j.jhevol.2006.11.019	17386938	https://openalex.org/W1995711732		https://openalex.org/W1995711732
openalex	Q16	homoplasy	W1996733811	publication	The Pedigree Rate of Sequence Divergence in the Human Mitochondrial Genome: There Is a Difference Between Phylogenetic and Pedigree Rates	2003	10.1086/368264	12571803	https://openalex.org/W1996733811		https://openalex.org/W1996733811
openalex	Q16	homoplasy	W1998588214	publication	The Correlation Between Linkage Disequilibrium and Distance: Implications for Recombination in Hominid Mitochondria	2001	10.1093/oxfordjournals.molbev.a003756	11606711	https://openalex.org/W1998588214		https://openalex.org/W1998588214
openalex	Q16	homoplasy	W1999036129	publication	Molecular polymorphism of cytoplasmic DNA in Ficus carica L.: Insights from non-coding regions of chloroplast DNA	2010	10.1016/j.scienta.2010.04.043		https://openalex.org/W1999036129		https://openalex.org/W1999036129
openalex	Q16	homoplasy	W1999076653	publication	CELL LINEAGE DATA AND SPIRALIAN EVOLUTION: A REPLY TO NIELSEN AND MEIER	2002	10.1554/0014-3820(2002)056[2558:cldase]2.0.co;2		https://openalex.org/W1999076653		https://openalex.org/W1999076653
openalex	Q16	homoplasy	W2000125175	publication	Molecular phylogeny of the Aquilegia group (Ranunculaceae) based on internal transcribed spacers and 5.8S nuclear ribosomal DNA	1997	10.1016/s0305-1978(97)00029-x		https://openalex.org/W2000125175		https://openalex.org/W2000125175
openalex	Q16	homoplasy	W2000622936	publication	Evaluation of 21 Y-STRs for population and forensic studies	2009	10.1016/j.fsigss.2009.08.091		https://openalex.org/W2000622936		https://openalex.org/W2000622936
openalex	Q16	homoplasy	W2000911381	publication	Birds perching on bushes: Networks to visualize conflicting phylogenetic signals during early avian radiation	2013	10.1016/j.crpv.2013.02.003		https://openalex.org/W2000911381		https://openalex.org/W2000911381
openalex	Q16	homoplasy	W2001254312	publication	Phylogeny of Higher Taxa in Insecta: Finding Synapomorphies in the Extant Fauna and Separating Them from Homoplasies	2008	10.1007/s11692-007-9013-4		https://openalex.org/W2001254312		https://openalex.org/W2001254312
openalex	Q16	homoplasy	W2001549591	publication	The evolution of transposon repeat-induced point mutation in the genome of Colletotrichum cereale: Reconciling sex, recombination and homoplasy in an ‘‘asexual” pathogen	2007	10.1016/j.fgb.2007.08.004	17962053	https://openalex.org/W2001549591		https://openalex.org/W2001549591
openalex	Q16	homoplasy	W2001854728	publication	Pollen diversity and its phylogenetic implications in Mimosa ser. Leiocarpae Benth. (Leguminosae, Mimosoideae)	2013	10.1080/00173134.2012.745898		https://openalex.org/W2001854728		https://openalex.org/W2001854728
openalex	Q16	homoplasy	W2002139284	publication	Etruscan Artifacts: Much Ado about Nothing	2004	10.1086/425283		https://openalex.org/W2002139284		https://openalex.org/W2002139284
openalex	Q16	homoplasy	W2002911371	publication	Phylogeography of Aglais urticae (Lepidoptera) based on DNA sequences of the mitochondrial COI gene and control region	2003	10.1016/j.ympev.2003.09.007	15062799	https://openalex.org/W2002911371		https://openalex.org/W2002911371
openalex	Q16	homoplasy	W2003025878	publication	Genotyping of Genetically Monomorphic Bacteria: DNA Sequencing in Mycobacterium tuberculosis Highlights the Limitations of Current Methodologies	2009	10.1371/journal.pone.0007815	19915672	https://openalex.org/W2003025878		https://openalex.org/W2003025878
openalex	Q16	homoplasy	W2003062967	publication	Reinstatement of Chiastocaulon Carl (Plagiochilaceae), Based on Evidence from Nuclear Ribosomal ITS and Chloroplast Gene rps4 Sequences	2003	10.1055/s-2003-44716		https://openalex.org/W2003062967		https://openalex.org/W2003062967
openalex	Q16	homoplasy	W2003429418	publication	Reconstructing the evolution of umbonal sculptures in the Unionida	2014	10.1111/jzs.12077		https://openalex.org/W2003429418		https://openalex.org/W2003429418
openalex	Q16	homoplasy	W2004511652	publication	Comparative phylogeography and the identification of genetically divergent areas for conservation	1998	10.1046/j.1365-294x.1998.00317.x		https://openalex.org/W2004511652		https://openalex.org/W2004511652
openalex	Q16	homoplasy	W2004739454	publication	Graptoloid cladistics, taxonomy and phylogeny	2009	10.3140/bull.geosci.1108		https://openalex.org/W2004739454		https://openalex.org/W2004739454
openalex	Q16	homoplasy	W2006250026	publication	Large Sequence Polymorphisms of the Euro-American lineage of Mycobacterium tuberculosis: A phylogenetic reconstruction and evidence for convergent evolution in the DR locus	2012	10.1016/j.meegid.2012.06.008	22728915	https://openalex.org/W2006250026		https://openalex.org/W2006250026
openalex	Q16	homoplasy	W2006545248	publication	Different evolutionary pathways underlie the morphology of wrist bones in hominoids	2013	10.1186/1471-2148-13-229	24148262	https://openalex.org/W2006545248		https://openalex.org/W2006545248
openalex	Q16	homoplasy	W2006580217	publication	Patterns of cranial shape variation in the Papionini (Primates: Cercopithecinae)	2002	10.1006/jhev.2001.0539	11969297	https://openalex.org/W2006580217		https://openalex.org/W2006580217
openalex	Q16	homoplasy	W2006721840	publication	CHLOROPLAST DNA VARIATION IN GLIRICIDIA SEPIUM (LEGUMINOSAE): INTRASPECIFIC PHYLOGENY AND TOKOGENY	1991	10.1002/j.1537-2197.1991.tb11437.x		https://openalex.org/W2006721840		https://openalex.org/W2006721840
openalex	Q16	homoplasy	W2007574989	publication	Homoplasy: From Detecting Pattern to Determining Process and Mechanism of Evolution	2011	10.1126/science.1188545	21350170	https://openalex.org/W2007574989		https://openalex.org/W2007574989
openalex	Q16	homoplasy	W2008073731	publication	Analysis of phylogenetic signal in protostomial intron patterns using Mutual Information	2012	10.1007/s12064-012-0173-0	23248024	https://openalex.org/W2008073731		https://openalex.org/W2008073731
openalex	Q16	homoplasy	W2008447930	publication	Lateral gene transfer and the complex distribution of insertions in eukaryotic enolase	2004	10.1016/j.gene.2004.06.048	15475163	https://openalex.org/W2008447930		https://openalex.org/W2008447930
openalex	Q16	homoplasy	W2009614355	publication	Phylogeny and evolution of grammitid ferns (Grammitidaceae): a case of rampant morphological homoplasy	2004	10.2307/4135619		https://openalex.org/W2009614355		https://openalex.org/W2009614355
openalex	Q16	homoplasy	W2009688706	publication	Identification of ommastrephid squid paralarvae collected in northern Hawaiian waters and phylogenetic implications for the family Ommastrephidae using mtDNA analysis	2006	10.1111/j.1444-2906.2006.01177.x		https://openalex.org/W2009688706		https://openalex.org/W2009688706
openalex	Q16	homoplasy	W2010762870	publication	Structure and evolution of the horizontal septum in vertebrates	2003	10.1046/j.1420-9101.2003.00588.x	14635912	https://openalex.org/W2010762870		https://openalex.org/W2010762870
openalex	Q16	homoplasy	W2011209888	publication	Myrtaceae revisited: a reassessment of infrafamilial groups	2001	10.2307/3558428	21669634	https://openalex.org/W2011209888		https://openalex.org/W2011209888
openalex	Q16	homoplasy	W2011838037	publication	Systematics of Zoothera thrushes, and a synthesis of true thrush molecular systematic relationships	2008	10.1016/j.ympev.2008.06.014	18639642	https://openalex.org/W2011838037		https://openalex.org/W2011838037
openalex	Q16	homoplasy	W2011944296	publication	Complex mutational patterns and size homoplasy at maize microsatellite loci	2007	10.1007/s00122-007-0625-y	17712542	https://openalex.org/W2011944296		https://openalex.org/W2011944296
openalex	Q16	homoplasy	W2012548417	publication	Partial Combination Applied to Phylogeny of European Cyprinids Using the Mitochondrial Control Region	2001	10.1006/mpev.2000.0916	11286488	https://openalex.org/W2012548417		https://openalex.org/W2012548417
openalex	Q16	homoplasy	W2014940845	publication	Interaction of process partitions in phylogenetic analysis: an example from the swallowtail butterfly genus Papilio	1999	10.1093/oxfordjournals.molbev.a026110	10028294	https://openalex.org/W2014940845		https://openalex.org/W2014940845
openalex	Q16	homoplasy	W2015330347	publication	Molecular phylogenetics and evolution of Orchidinae and selected Habenariinae (Orchidaceae)	2003	10.1046/j.1095-8339.2003.00157.x		https://openalex.org/W2015330347		https://openalex.org/W2015330347
openalex	Q16	homoplasy	W2019475948	publication	A new phylogeny‐based generic classification of Costaceae (Zingiberales)	2006	10.2307/25065537		https://openalex.org/W2019475948		https://openalex.org/W2019475948
openalex	Q16	homoplasy	W2021836744	publication	Plant Systematics: A Phylogenetic Approach	2008	10.1111/j.1096-0031.2008.00212.x		https://openalex.org/W2021836744		https://openalex.org/W2021836744
openalex	Q16	homoplasy	W2022258608	publication	Phylogeny and Systematics of Aponogeton (Aponogetonaceae): The Australian Species	2005	10.1600/0363644054782215		https://openalex.org/W2022258608		https://openalex.org/W2022258608
openalex	Q16	homoplasy	W2022546492	publication	Allopolyploid origin of highly invasive Centaurea stoebe s.l. (Asteraceae)	2011	10.1016/j.ympev.2011.11.006	22126902	https://openalex.org/W2022546492		https://openalex.org/W2022546492
openalex	Q16	homoplasy	W2022634315	publication	Homology in coding and non-coding DNA sequences: a parsimony perspective	2008	10.1007/s00606-008-0095-y		https://openalex.org/W2022634315		https://openalex.org/W2022634315
openalex	Q16	homoplasy	W2022751153	publication	Ontogeny Discombobulates Phylogeny: Paedomorphosis and Higher-Level Salamander Relationships	2005	10.1080/10635150590906037	15805013	https://openalex.org/W2022751153		https://openalex.org/W2022751153
openalex	Q16	homoplasy	W2022843161	publication	Functional adaptations in the craniofacial morphology of malagasy primates: shape variations associated with gummivory in the family Cheirogaleidae	2004	10.1016/s0940-9602(04)80093-1	15646283	https://openalex.org/W2022843161		https://openalex.org/W2022843161
openalex	Q16	homoplasy	W2023720079	publication	Phylogenetic evolution and biogeography of Southeast Asian shrews (genus Crocidura: Soricidae)	1996	10.1111/j.1095-8312.1996.tb01431.x		https://openalex.org/W2023720079		https://openalex.org/W2023720079
openalex	Q16	homoplasy	W2023741051	publication	Genesis of phenotypic and genotypic diversity in land plants: The present as the key to the past	2003	10.1017/s1477200003001051		https://openalex.org/W2023741051		https://openalex.org/W2023741051
openalex	Q16	homoplasy	W2024303738	publication	THE PHYLOGENY OF CAULERPA BASED ON RDNA INTERNAL TRANSCRIBED SPACER SEQUENCES	2000	10.1046/j.1529-8817.1999.00001-153.x		https://openalex.org/W2024303738		https://openalex.org/W2024303738
openalex	Q16	homoplasy	W2024954395	publication	Linear Trends in Botanical Systematics and the Major Trends of Xylem Evolution	2012	10.1007/s12229-012-9097-0		https://openalex.org/W2024954395		https://openalex.org/W2024954395
openalex	Q16	homoplasy	W2025470597	publication	Commentary: Typology, Homology, and Homoplasy in Comparative Wood Anatomy	2005	10.1163/22941932-90000131		https://openalex.org/W2025470597		https://openalex.org/W2025470597
openalex	Q16	homoplasy	W2025703421	publication	The size of the character state space affects the occurrence and detection of homoplasy: Modelling the probability of incompatibility for unordered phylogenetic characters	2014	10.1016/j.jtbi.2014.10.033	25451518	https://openalex.org/W2025703421		https://openalex.org/W2025703421
openalex	Q16	homoplasy	W2027693702	publication	PHYLOGENETIC ANALYSIS OF WING FEATHER TAXIS IN BIRDS: MACROEVOLUTIONARY PATTERNS OF GENETIC DRIFT?	2002	10.1642/0004-8038(2002)119[0943:paowft]2.0.co;2		https://openalex.org/W2027693702		https://openalex.org/W2027693702
openalex	Q16	homoplasy	W2027880479	publication	Gastropod evolutionary rates and phylogenetic relationships assessed using partial 28S rDNA and histone H3 sequences	2000	10.1046/j.1463-6409.2000.00021.x		https://openalex.org/W2027880479		https://openalex.org/W2027880479
openalex	Q16	homoplasy	W2028473435	publication	Polyphyly of Rulingia and Commersonia (Lasiopetaleae, Malvaceae s.l.)	2011	10.1071/sb09030		https://openalex.org/W2028473435		https://openalex.org/W2028473435
openalex	Q16	homoplasy	W2029172522	publication	Complete Mitochondrial Genome Sequence of the Polychaete Annelid Platynereis dumerilii	2001	10.1093/oxfordjournals.molbev.a003925	11420379	https://openalex.org/W2029172522		https://openalex.org/W2029172522
openalex	Q16	homoplasy	W2030296523	publication	ZPS: visualization of recent adaptive evolution of proteins	2007	10.1186/1471-2105-8-187	17555597	https://openalex.org/W2030296523		https://openalex.org/W2030296523
openalex	Q16	homoplasy	W2031089288	publication	Homology and homoplasy of swimming behaviors and neural circuits in the Nudipleura (Mollusca, Gastropoda, Opisthobranchia)	2012	10.1073/pnas.1201877109	22723353	https://openalex.org/W2031089288		https://openalex.org/W2031089288
openalex	Q16	homoplasy	W2031301616	publication	Phylogenetic Analysis of Mos1-Like Transposable Elements in the Drosophilidae	1999	10.1007/pl00006598	10594177	https://openalex.org/W2031301616		https://openalex.org/W2031301616
openalex	Q16	homoplasy	W2032402687	publication	Phylogenetics and character evolution in the grass family (Poaceae): Simultaneous analysis of morphological and Chloroplast DNA restriction site character sets	1998	10.1007/bf02868851		https://openalex.org/W2032402687		https://openalex.org/W2032402687
openalex	Q16	homoplasy	W2032637587	publication	Identifying monophyletic groups withinBugulasensu lato (Bryozoa, Buguloidea)	2015	10.1111/zsc.12103		https://openalex.org/W2032637587		https://openalex.org/W2032637587
openalex	Q16	homoplasy	W2032694101	publication	Mutation hot spots in mammalian mitochondrial DNA	2005	10.1101/gr.4305906	16354751	https://openalex.org/W2032694101		https://openalex.org/W2032694101
openalex	Q16	homoplasy	W2032736654	publication	The genus Bombylisoma Rondani (Diptera: Bombyliidae): phylogenetics and review of species from the Afrotropical Region	1996	10.1163/187631296x00188		https://openalex.org/W2032736654		https://openalex.org/W2032736654
openalex	Q16	homoplasy	W2033233852	publication	On total evidence: for the record	2004	10.1111/j.1096-0031.2004.00020.x	34892935	https://openalex.org/W2033233852		https://openalex.org/W2033233852
openalex	Q16	homoplasy	W2033258470	publication	North American freshwater ancyrocephalids (Monogenea) with articulating haptoral bars: phylogeny reconstruction	1988	10.1007/bf00006976		https://openalex.org/W2033258470		https://openalex.org/W2033258470
openalex	Q16	homoplasy	W2033535921	publication	COMPARATIVE RESTRICTION SITE MAPPING OF CHLOROPLAST DNA IMPLIES NEW PHYLOGENETIC RELATIONSHIPS WITHIN RUBIACEAE	1991	10.1002/j.1537-2197.1991.tb15747.x		https://openalex.org/W2033535921		https://openalex.org/W2033535921
openalex	Q16	homoplasy	W2033673735	publication	Species relationships among Allium species by ISSR analysis	2012	10.1007/s13580-012-0130-3		https://openalex.org/W2033673735		https://openalex.org/W2033673735
openalex	Q16	homoplasy	W2033776194	publication	THE PHYLOGENY OF ELATEROIDEA (COLEOPTERA), OR WHICH TREE IS BEST TODAY?	1995	10.1111/j.1096-0031.1995.tb00093.x	34920643	https://openalex.org/W2033776194		https://openalex.org/W2033776194
openalex	Q16	homoplasy	W2035162956	publication	Chiropteran vomeronasal complex and the interfamilial relationships of bats	1996	10.1007/bf02077447		https://openalex.org/W2035162956		https://openalex.org/W2035162956
openalex	Q16	homoplasy	W2035330471	publication	New World biogeography and the evolution of polychromatism: evidence from the bee assassin genus Apiomerus (Heteroptera: Reduviidae: Harpactorinae)	2011	10.1111/j.1365-3113.2011.00600.x		https://openalex.org/W2035330471		https://openalex.org/W2035330471
openalex	Q16	homoplasy	W2036383397	publication	Plumage patterns are good indicators of taxonomic diversity, but not of phylogenetic affinities, in Australian grasswrens Amytornis (Aves: Maluridae)	2010	10.1016/j.ympev.2010.08.029	20816977	https://openalex.org/W2036383397		https://openalex.org/W2036383397
openalex	Q16	homoplasy	W2036492465	publication	Distinct patterns of mitochondrial genome diversity in bonobos (Pan paniscus) and humans	2010	10.1186/1471-2148-10-270	20813043	https://openalex.org/W2036492465		https://openalex.org/W2036492465
openalex	Q16	homoplasy	W2036901384	publication	Insertion Events of CR1 Retrotransposable Elements Elucidate the Phylogenetic Branching Order in Galliform Birds	2006	10.1093/molbev/msl164	17077154	https://openalex.org/W2036901384		https://openalex.org/W2036901384
openalex	Q16	homoplasy	W2037062408	publication	A modern synthesis of relationships among plants	2004	10.1111/j.1096-0031.2004.00019.x		https://openalex.org/W2037062408		https://openalex.org/W2037062408
openalex	Q16	homoplasy	W2039300856	publication	The microsatellites of Escherichia coli: rapidly evolving repetitive DNAs in a non‐pathogenic prokaryote	2001	10.1046/j.1365-2958.2001.02245.x	11123700	https://openalex.org/W2039300856		https://openalex.org/W2039300856
openalex	Q16	homoplasy	W2039359335	publication	Impact of the genetic screening revolution: understanding and meeting the needs of previvors with a known family mutation inBRCA/BRCA2	2011	10.1136/ebn1168	21646380	https://openalex.org/W2039359335		https://openalex.org/W2039359335
openalex	Q16	homoplasy	W2041430306	publication	Arnica (Asteraceae) phylogeny revisited using RPB2: Complex patterns and multiple d-paralogues	2012	10.1016/j.ympev.2012.02.032	22425730	https://openalex.org/W2041430306		https://openalex.org/W2041430306
openalex	Q16	homoplasy	W2042622662	publication	Cladistics and the hominid fossil record	1990	10.1002/ajpa.1330830102	2221023	https://openalex.org/W2042622662		https://openalex.org/W2042622662
openalex	Q16	homoplasy	W2042738948	publication	Molecular phylogenies become functional	1999	10.1016/s0169-5347(99)01603-1	10322529	https://openalex.org/W2042738948		https://openalex.org/W2042738948
openalex	Q16	homoplasy	W2042959501	publication	Phylogenies Inferred from Mitochondrial Gene Orders—A Cautionary Tale from the Parasitic Flatworms	2000	10.1093/oxfordjournals.molbev.a026393	10889225	https://openalex.org/W2042959501		https://openalex.org/W2042959501
openalex	Q16	homoplasy	W2043839493	publication	OrthoSelect: a protocol for selecting orthologous groups in phylogenomics	2009	10.1186/1471-2105-10-219	19607672	https://openalex.org/W2043839493		https://openalex.org/W2043839493
openalex	Q16	homoplasy	W2044052679	publication	Cranial anatomy and baboon diversity	2003	10.1002/ar.a.10121	14613305	https://openalex.org/W2044052679		https://openalex.org/W2044052679
openalex	Q16	homoplasy	W2044154276	publication	The decapod red pigment-concentrating hormone (Panbo-RPCH) is the first identified neuropeptide of the order Plecoptera and is interpreted as homoplastic character state	2015	10.1016/j.ygcen.2015.02.011	25733206	https://openalex.org/W2044154276		https://openalex.org/W2044154276
openalex	Q16	homoplasy	W2045132457	publication	Molecular phylogeny of tribe Rhipsalideae (Cactaceae) and taxonomic implications for Schlumbergera and Hatiora	2011	10.1016/j.ympev.2011.01.001	21236350	https://openalex.org/W2045132457		https://openalex.org/W2045132457
openalex	Q16	homoplasy	W2045237141	publication	Elucidating the evolutionary history of the Southeast Asian, holoparasitic, giant-flowered Rafflesiaceae: Pliocene vicariance, morphological convergence and character displacement	2010	10.1016/j.ympev.2010.08.005	20723606	https://openalex.org/W2045237141		https://openalex.org/W2045237141
openalex	Q16	homoplasy	W2045887485	publication	The evolution of sperm ultrastructure among Boidae (Serpentes)	2008	10.1007/s00435-008-0062-8		https://openalex.org/W2045887485		https://openalex.org/W2045887485
openalex	Q16	homoplasy	W2045962227	publication	Phylogeny of Comatulidae (Echinodermata: Crinoidea: Comatulida): A new classification and an assessment of morphological characters for crinoid taxonomy	2014	10.1016/j.ympev.2014.06.030	25065346	https://openalex.org/W2045962227		https://openalex.org/W2045962227
openalex	Q16	homoplasy	W2048476960	publication	Morphological phylogenetics of the sea spiders (Arthropoda: Pycnogonida)	2002	10.1078/1439-6092-00035		https://openalex.org/W2048476960		https://openalex.org/W2048476960
openalex	Q16	homoplasy	W2050265902	publication	High-level phylogeny of early Tertiary rodents: dental evidence	2004	10.1111/j.1096-3642.2004.00131.x		https://openalex.org/W2050265902		https://openalex.org/W2050265902
openalex	Q16	homoplasy	W2051874977	publication	"When Being ""Most Likely"" Is Not Enough: Examining the Performance of Three Uses of the Parametric Bootstrap in Phylogenetics"	2003	10.1007/s00239-002-2394-1	12574867	https://openalex.org/W2051874977		https://openalex.org/W2051874977
openalex	Q16	homoplasy	W2052093748	publication	Polygyrid relations: a phylogenetic analysis of 17 subfamilies of land snails (Mollusca: Gastropoda: Stylommatophora)	1991	10.1111/j.1096-3642.1991.tb00903.x		https://openalex.org/W2052093748		https://openalex.org/W2052093748
openalex	Q16	homoplasy	W2052428205	publication	Cranial shape and correlated characters in crocodilian evolution	2008	10.1111/j.1420-9101.2008.01602.x	18808440	https://openalex.org/W2052428205		https://openalex.org/W2052428205
openalex	Q16	homoplasy	W2053231941	publication	The Enigmatic Marine Reptile Nanchangosaurus from the Lower Triassic of Hubei, China and the Phylogenetic Affinities of Hupehsuchia	2014	10.1371/journal.pone.0102361	25014493	https://openalex.org/W2053231941		https://openalex.org/W2053231941
openalex	Q16	homoplasy	W2055752738	publication	Reconstruction of structural evolution in the trnL intron P6b loop of symbiotic Nostoc (Cyanobacteria)	2011	10.1007/s00294-011-0364-0	22210193	https://openalex.org/W2055752738		https://openalex.org/W2055752738
openalex	Q16	homoplasy	W2057248820	publication	Placement of Kuhlmanniodendron Fiaschi & Groppo in Lindackerieae (Achariaceae, Malpighiales) confirmed by analyses of rbcL sequences, with notes on pollen morphology and wood anatomy	2010	10.1007/s00606-010-0276-3		https://openalex.org/W2057248820		https://openalex.org/W2057248820
openalex	Q16	homoplasy	W2057866970	publication	Variation of Microsatellite Size Homoplasy Across Electromorphs, Loci, and Populations in Three Invertebrate Species	1998	10.1007/pl00006361	9664695	https://openalex.org/W2057866970		https://openalex.org/W2057866970
openalex	Q16	homoplasy	W2058081723	publication	Detection of Homologous Recombination among Bacteriophage P2 Relatives	2001	10.1006/mpev.2001.1020	11697920	https://openalex.org/W2058081723		https://openalex.org/W2058081723
openalex	Q16	homoplasy	W2058174225	publication	Evaluating Rare Amino Acid Substitutions (RGC_CAMs) in a Yeast Model Clade	2014	10.1371/journal.pone.0092213	24637883	https://openalex.org/W2058174225		https://openalex.org/W2058174225
openalex	Q16	homoplasy	W2058550547	publication	Molecular phylogenetics and delimitation of species in Cortinarius section Calochroi (Basidiomycota, Agaricales) in Europe	2006	10.1016/j.ympev.2006.11.013	17197201	https://openalex.org/W2058550547		https://openalex.org/W2058550547
openalex	Q16	homoplasy	W2058749716	publication	Recent changes in Salmonella nomenclature: The need for clarification	2005	10.1016/j.tvjl.2005.04.028	15950505	https://openalex.org/W2058749716		https://openalex.org/W2058749716
openalex	Q16	homoplasy	W2060175142	publication	Ribosomal DNA and Phylogeny of the Ascaridoidea (Nemata: Secernentea): Implications for Morphological Evolution and Classification	1998	10.1006/mpev.1998.0514	9878233	https://openalex.org/W2060175142		https://openalex.org/W2060175142
openalex	Q16	homoplasy	W2060665978	publication	A Phylogenetic Analysis of Human Syntenies Revealed by Chromosome Painting in Euarchontoglires Orders	2010	10.1007/s10914-010-9150-x		https://openalex.org/W2060665978		https://openalex.org/W2060665978
openalex	Q16	homoplasy	W2062602732	publication	PCA and Clustering Reveal Alternate mtDNA Phylogeny of N and M Clades	2008	10.1007/s00239-008-9148-7	18855041	https://openalex.org/W2062602732		https://openalex.org/W2062602732
openalex	Q16	homoplasy	W2063836100	publication	Nucleotide diversity and minisatellite in chloroplast Asp(GUC)–Thr(GGU) region in Elymus trachycaulus complex, Elymus alaskanus and Elymus caninus	2008	10.1016/j.bse.2008.12.002		https://openalex.org/W2063836100		https://openalex.org/W2063836100
openalex	Q16	homoplasy	W2063984557	publication	Evolution of Structural Shape in Bacterial Globin-Related Proteins	2006	10.1007/s00239-005-0025-3	16612536	https://openalex.org/W2063984557		https://openalex.org/W2063984557
openalex	Q16	homoplasy	W2064194489	publication	Evolutionary history of the fish genus Astyanax Baird & Girard (1854) (Actinopterygii, Characidae) in Mesoamerica reveals multiple morphological homoplasies	2008	10.1186/1471-2148-8-340	19102731	https://openalex.org/W2064194489		https://openalex.org/W2064194489
openalex	Q16	homoplasy	W2064640501	publication	Unravelling post‐glacial colonization through molecular techniques: new insight from estuarine invertebrates	2008	10.1111/j.1365-2699.2008.02037.x		https://openalex.org/W2064640501		https://openalex.org/W2064640501
openalex	Q16	homoplasy	W2065606193	publication	Population Structure of a Hybrid Clonal Group of Methicillin-Resistant Staphylococcus aureus, ST239-MRSA-III	2010	10.1371/journal.pone.0008582	20062529	https://openalex.org/W2065606193		https://openalex.org/W2065606193
openalex	Q16	homoplasy	W2066579051	publication	Molecular phylogeny of Tardigrada—investigation of the monophyly of Heterotardigrada	2004	10.1016/j.ympev.2004.04.017	15223045	https://openalex.org/W2066579051		https://openalex.org/W2066579051
openalex	Q16	homoplasy	W2067291093	publication	Reconstructing the phylogenetic relationships of the earth’s most diverse clade of freshwater fishes—order Cypriniformes (Actinopterygii: Ostariophysi): A case study using multiple nuclear loci and the mitochondrial genome	2008	10.1016/j.ympev.2008.12.015	19141325	https://openalex.org/W2067291093		https://openalex.org/W2067291093
openalex	Q16	homoplasy	W2067858491	publication	The Hepatitis E Virus Polyproline Region Is Involved in Viral Adaptation	2012	10.1371/journal.pone.0035974	22545153	https://openalex.org/W2067858491		https://openalex.org/W2067858491
openalex	Q16	homoplasy	W2068257935	publication	Undisciplined thinking: morphology and Hennig’s unfinished revolution	2008	10.1111/j.1365-3113.2007.00411.x		https://openalex.org/W2068257935		https://openalex.org/W2068257935
openalex	Q16	homoplasy	W2068398903	publication	Delimitation of major lineages within Cuscuta subgenus Grammica (Convolvulaceae) using plastid and nuclear DNA sequences	2007	10.3732/ajb.94.4.568	21636427	https://openalex.org/W2068398903		https://openalex.org/W2068398903
openalex	Q16	homoplasy	W2068957078	publication	Size homoplasy in chloroplast microsatellites of wild perennial relatives of soybean (Glycine subgenus Glycine)	1998	10.1093/oxfordjournals.molbev.a025916	9491617	https://openalex.org/W2068957078		https://openalex.org/W2068957078
openalex	Q16	homoplasy	W2070900000	publication	Character evolution in Anaxagorea (Annonaceae)	2006	10.3732/ajb.93.1.36		https://openalex.org/W2070900000		https://openalex.org/W2070900000
openalex	Q16	homoplasy	W2071135829	publication	HOMOPLASY AS PATTERN: MULTIVARIATE ANALYSIS OF MORPHOLOGICAL CONVERGENCE IN ANSERIFORMES	1989	10.1111/j.1096-0031.1989.tb00488.x	34933464	https://openalex.org/W2071135829		https://openalex.org/W2071135829
openalex	Q16	homoplasy	W2071305557	publication	Complex Patterns of Gene Fission in the Eukaryotic Folate Biosynthesis Pathway	2014	10.1093/gbe/evu213	25252772	https://openalex.org/W2071305557		https://openalex.org/W2071305557
openalex	Q16	homoplasy	W2072584497	publication	Improving the analysis of phylogenetic data	1996	10.1016/s0097-8485(96)80008-8	8867842	https://openalex.org/W2072584497		https://openalex.org/W2072584497
openalex	Q16	homoplasy	W2073844162	publication	Patterns of Diversity Among SINE Elements Isolated from Three Y-Chromosome Genes in Carnivores	2000	10.1093/oxfordjournals.molbev.a026361	10779543	https://openalex.org/W2073844162		https://openalex.org/W2073844162
openalex	Q16	homoplasy	W2075016875	publication	Microsatellite Allelic Homoplasy Due to Variable Flanking Sequences	1997	10.1007/pl00006151	9060400	https://openalex.org/W2075016875		https://openalex.org/W2075016875
openalex	Q16	homoplasy	W2076508551	publication	Phylogeny and classification of the Grimmiaceae/Ptychomitriaceae complex (Bryophyta) inferred from cpDNA	2008	10.1016/j.ympev.2007.12.017	18262799	https://openalex.org/W2076508551		https://openalex.org/W2076508551
openalex	Q16	homoplasy	W2077626742	publication	A search for markers of sugarcane evolution	2001	10.1590/s1415-47572001000100023		https://openalex.org/W2077626742		https://openalex.org/W2077626742
openalex	Q16	homoplasy	W2077989537	publication	Molecular systematics and phylogeography of the Gibberella fujikuroi species complex	1998	10.1080/00275514.1998.12026933		https://openalex.org/W2077989537		https://openalex.org/W2077989537
openalex	Q16	homoplasy	W2078590505	publication	The status and phylogenetic relationships of “Zanclodon”arenaceus: the earliest known phytosaur?	2001	10.1007/bf03022600		https://openalex.org/W2078590505		https://openalex.org/W2078590505
openalex	Q16	homoplasy	W2079126320	publication	Testing Introgressive Hybridization Hypotheses Using Statistical Network Analysis of Nuclear and Cytoplasmic Haplotypes in the Leaf Beetle Timarcha goettingensis Species Complex	2006	10.1007/s00239-004-0329-8	16557341	https://openalex.org/W2079126320		https://openalex.org/W2079126320
openalex	Q16	homoplasy	W2080706814	publication	Genetic variation and phylogeny of the cosmopolitan marine genus Tubificoides (Annelida: Clitellata: Naididae: Tubificinae)	2010	10.1016/j.ympev.2010.08.018	20801225	https://openalex.org/W2080706814		https://openalex.org/W2080706814
openalex	Q16	homoplasy	W2080956454	publication	Use of Homoplastic Characters in Compatibility Analysis	1984	10.1093/sysbio/33.2.167		https://openalex.org/W2080956454		https://openalex.org/W2080956454
openalex	Q16	homoplasy	W2081036780	publication	Phylogenetic utility of rapidly evolving DNA at high taxonomical levels: Contrasting matK, trnT-F, and rbcL in basal angiosperms	2006	10.1016/j.ympev.2006.06.017	16904914	https://openalex.org/W2081036780		https://openalex.org/W2081036780
openalex	Q16	homoplasy	W2081478879	publication	Behavioral homologies are recognized in leptocerine caddisflies (Trichoptera) even though endproduct morphology is different	2002	10.2307/1468432		https://openalex.org/W2081478879		https://openalex.org/W2081478879
openalex	Q16	homoplasy	W2082163783	publication	Lack of Phylogeographic Structure in the Freshwater Cyanobacterium Microcystis aeruginosa Suggests Global Dispersal	2011	10.1371/journal.pone.0019561	21573169	https://openalex.org/W2082163783		https://openalex.org/W2082163783
openalex	Q16	homoplasy	W2084074783	publication	Detecting possibly saturated positions in 18S and 28S sequences and their influence on phylogenetic reconstruction of Annelida (Lophotrochozoa)	2008	10.1016/j.ympev.2008.05.015	18572419	https://openalex.org/W2084074783		https://openalex.org/W2084074783
openalex	Q16	homoplasy	W2084510450	publication	Seed and Funicle Morphology of Fumariaceae‐Fumarioideae: Systematic Implications and Evolutionary Patterns	1999	10.1086/314100		https://openalex.org/W2084510450		https://openalex.org/W2084510450
openalex	Q16	homoplasy	W2084852778	publication	Systematic significance and evolutionary dynamics of the achene twin hairs in Filago (Asteraceae, Gnaphalieae) and related genera: further evidence of morphological homoplasy	2014	10.1007/s00606-014-1185-7		https://openalex.org/W2084852778		https://openalex.org/W2084852778
openalex	Q16	homoplasy	W2085400746	publication	A Study of Conflict between Molecular Phylogeny and Taxonomy in the Desmidiaceae (Streptophyta, Viridiplantae): Analyses of 291 rbcL Sequences	2010	10.1016/j.protis.2010.08.003	20971037	https://openalex.org/W2085400746		https://openalex.org/W2085400746
openalex	Q16	homoplasy	W2088021925	publication	Phylogenetic incongruence arising from fragmented speciation in enteric bacteria	2010	10.1073/pnas.1001291107	20534528	https://openalex.org/W2088021925		https://openalex.org/W2088021925
openalex	Q16	homoplasy	W2090070400	publication	Homoplasy and adaptation in the atelid postcranium	1999	10.1002/(sici)1096-8644(199904)108:4<459::aid-ajpa6>3.0.co;2-r	10229389	https://openalex.org/W2090070400		https://openalex.org/W2090070400
openalex	Q16	homoplasy	W2090862276	publication	Nuclear and mitochondrial data reveal different evolutionary processes in the Lake Tanganyika cichlid genus Tropheus	2007	10.1186/1471-2148-7-137	17697335	https://openalex.org/W2090862276		https://openalex.org/W2090862276
openalex	Q16	homoplasy	W2090906070	publication	Convergent evolution and the limits of natural selection	2012	10.1007/s13194-012-0047-9		https://openalex.org/W2090906070		https://openalex.org/W2090906070
openalex	Q16	homoplasy	W2091281440	publication	Phylogeny of the South Asian Halyini? Comments on Memon et al. (): Towards a Better Practice in Pentatomidae Phylogenetic Analysis	2012	10.1603/an12091		https://openalex.org/W2091281440		https://openalex.org/W2091281440
openalex	Q16	homoplasy	W2091453376	publication	Quaternary Murid Rodents of Timor Part I: New Material of Coryphomys buehleri Schaub, 1937, and Description of a Second Species of the Genus	2010	10.1206/692.1		https://openalex.org/W2091453376		https://openalex.org/W2091453376
openalex	Q16	homoplasy	W2091818326	publication	Estimation of pea (Pisum sativum L.) microsatellite mutation rate based on pedigree and single-seed descent analyses	2011	10.1007/s13353-011-0058-9	21769669	https://openalex.org/W2091818326		https://openalex.org/W2091818326
openalex	Q16	homoplasy	W2092994468	publication	Detecting Recombination in TT Virus: A Phylogenetic Approach	2002	10.1007/s00239-002-2352-y	12399930	https://openalex.org/W2092994468		https://openalex.org/W2092994468
openalex	Q16	homoplasy	W2093362513	publication	Convergence and parallelism: is a new life ahead of old concepts?	2005	10.1111/j.1096-0031.2004.00047.x	34892907	https://openalex.org/W2093362513		https://openalex.org/W2093362513
openalex	Q16	homoplasy	W2095227335	publication	Sequence divergence of rice microsatellites in Oryza and other plant species	2002	10.1007/s00438-002-0739-5	12436255	https://openalex.org/W2095227335		https://openalex.org/W2095227335
openalex	Q16	homoplasy	W2098760323	publication	A comparison of 16 DNA regions for use as phylogenetic markers in the pleurocarpous moss genus Plagiothecium (Hypnales)	2014	10.3732/ajb.1300269	24699540	https://openalex.org/W2098760323		https://openalex.org/W2098760323
openalex	Q16	homoplasy	W2098844884	publication	Detecting and characterizing gene conversions between multigene family members	1999	10.1093/oxfordjournals.molbev.a026047	10563017	https://openalex.org/W2098844884		https://openalex.org/W2098844884
openalex	Q16	homoplasy	W2099065075	publication	hext , a software supporting tree‐based screens for hybrid taxa in multilocus data sets, and an evaluation of the homoplasy excess test	2015	10.1111/2041-210x.12490	27066216	https://openalex.org/W2099065075		https://openalex.org/W2099065075
openalex	Q16	homoplasy	W2099236387	publication	Incongruence in the diploid B-genome species complex of Glycine (Leguminosae) revisited: histone H3-D alleles versus chloroplast haplotypes	1999	10.1093/oxfordjournals.molbev.a026116	10331262	https://openalex.org/W2099236387		https://openalex.org/W2099236387
openalex	Q16	homoplasy	W2100445977	publication	Strong Heterogeneity in Mutation Rate Causes Misleading Hallmarks of Natural Selection on Indel Mutations in the Human Genome	2013	10.1093/molbev/mst185	24113537	https://openalex.org/W2100445977		https://openalex.org/W2100445977
openalex	Q16	homoplasy	W2100555298	publication	The Information Content of Trees and Their Matrix Representations	2004	10.1080/10635150490522737	15764566	https://openalex.org/W2100555298		https://openalex.org/W2100555298
openalex	Q16	homoplasy	W2101879776	publication	The Pipid Root	2012	10.1093/sysbio/sys039	22438331	https://openalex.org/W2101879776		https://openalex.org/W2101879776
openalex	Q16	homoplasy	W2102218747	publication	Retroposon Insertion Patterns of Neoavian Birds: Strong Evidence for an Extensive Incomplete Lineage Sorting Era	2012	10.1093/molbev/msr319	22319163	https://openalex.org/W2102218747		https://openalex.org/W2102218747
openalex	Q16	homoplasy	W2103117523	publication	Towards a new classification of the Arthoniales (Ascomycota) based on a three-gene phylogeny focussing on the genus Opegrapha	2008	10.1016/j.mycres.2008.09.002	18929650	https://openalex.org/W2103117523		https://openalex.org/W2103117523
openalex	Q16	homoplasy	W2103302481	publication	Concatabominations: Identifying Unstable Taxa in Morphological Phylogenetics using a Heuristic Extension to Safe Taxonomic Reduction	2014	10.1093/sysbio/syu066	25183706	https://openalex.org/W2103302481		https://openalex.org/W2103302481
openalex	Q16	homoplasy	W2103476298	publication	Evolution of protein indels in plants, animals and fungi	2013	10.1186/1471-2148-13-140	23826714	https://openalex.org/W2103476298		https://openalex.org/W2103476298
openalex	Q16	homoplasy	W2104155518	publication	Morphology and Placental Mammal Phylogeny	2008	10.1080/10635150802164504	18570041	https://openalex.org/W2104155518		https://openalex.org/W2104155518
openalex	Q16	homoplasy	W2104423588	publication	The first 100 Trichoderma species characterized by molecular data	2006	10.1007/s10267-006-0279-7		https://openalex.org/W2104423588		https://openalex.org/W2104423588
openalex	Q16	homoplasy	W2104979833	publication	Molecular phylogeny of Metanoeina net-winged beetles identifies Ochinoeus, a new genus from China and Laos (Coleoptera: Lycidae)	2015	10.11646/zootaxa.3955.1.6	25947840	https://openalex.org/W2104979833		https://openalex.org/W2104979833
openalex	Q16	homoplasy	W2105000981	publication	Using Phylogenies to Study Convergence: The Case of the Ant-Eating Mammals1	2001	10.1668/0003-1569(2001)041[0507:uptsct]2.0.co;2		https://openalex.org/W2105000981		https://openalex.org/W2105000981
openalex	Q16	homoplasy	W2105257093	publication	New insights into Trimezieae (Iridaceae) phylogeny: what do molecular data tell us?	2012	10.1093/aob/mcs127	22711695	https://openalex.org/W2105257093		https://openalex.org/W2105257093
openalex	Q16	homoplasy	W2106684430	publication	A Review of the Fossil Record of Turtle Reproduction: Eggs, Embryos, Nests and Copulating Pairs	2014	10.3374/014.055.0210		https://openalex.org/W2106684430		https://openalex.org/W2106684430
openalex	Q16	homoplasy	W2107865507	publication	Is It an Ant or a Butterfly? Convergent Evolution in the Mitochondrial Gene Order of Hymenoptera and Lepidoptera	2014	10.1093/gbe/evu265	25480682	https://openalex.org/W2107865507		https://openalex.org/W2107865507
openalex	Q16	homoplasy	W2108243986	publication	Circumstances in Which Parsimony but not Compatibility will be Provably Misleading	2015	10.1093/sysbio/syv008	25634097	https://openalex.org/W2108243986		https://openalex.org/W2108243986
openalex	Q16	homoplasy	W2109030454	publication	Radiation and diversification within the Ligularia–Cremanthodium–Parasenecio complex (Asteraceae) triggered by uplift of the Qinghai-Tibetan Plateau	2005	10.1016/j.ympev.2005.09.010	16290033	https://openalex.org/W2109030454		https://openalex.org/W2109030454
openalex	Q16	homoplasy	W2110288421	publication	Ontogeny and phylogeny in temnospondyls: a new method of analysis	2000	10.1111/j.1096-3642.2000.tb01637.x		https://openalex.org/W2110288421		https://openalex.org/W2110288421
openalex	Q16	homoplasy	W2110459646	publication	Staphylococcus aureus CC398: Host Adaptation and Emergence of Methicillin Resistance in Livestock	2012	10.1128/mbio.00305-11	22354957	https://openalex.org/W2110459646		https://openalex.org/W2110459646
openalex	Q16	homoplasy	W2111342404	publication	The Root of Flowering Plants and Total Evidence	2015	10.1093/sysbio/syv028	25995065	https://openalex.org/W2111342404		https://openalex.org/W2111342404
openalex	Q16	homoplasy	W2112411905	publication	Systematics of the blackfly subgenus Trichodagmia Enderlein (Diptera: Simuliidae: Simulium) in the new world	2011	10.18174/164395		https://openalex.org/W2112411905		https://openalex.org/W2112411905
openalex	Q16	homoplasy	W2113429474	publication	Evolving sensu lato: all we need is systematics	2005	10.1111/j.1096-0031.2005.00070.x		https://openalex.org/W2113429474		https://openalex.org/W2113429474
openalex	Q16	homoplasy	W2113525598	publication	Best Practices for Justifying Fossil Calibrations	2011	10.1093/sysbio/syr107	22105867	https://openalex.org/W2113525598		https://openalex.org/W2113525598
openalex	Q16	homoplasy	W2114728811	publication	Allelic Variation within Helicobacter pylori babA and babB	2001	10.1128/iai.69.2.1160-1171.2001	11160014	https://openalex.org/W2114728811		https://openalex.org/W2114728811
openalex	Q16	homoplasy	W2115018369	publication	Morphology, Paleontology, and Placental Mammal Phylogeny	2008	10.1080/10635150802033022	18432551	https://openalex.org/W2115018369		https://openalex.org/W2115018369
openalex	Q16	homoplasy	W2115100563	publication	Patterns and Relative Rates of Nucleotide and Insertion/Deletion Evolution at Six Chloroplast Intergenic Regions in New World Species of the Lecythidaceae	2003	10.1093/molbev/msg190	12832633	https://openalex.org/W2115100563		https://openalex.org/W2115100563
openalex	Q16	homoplasy	W2115690515	publication	Global interrelationships of Plesiosauria (Reptilia, Sauropterygia) and the pivotal role of taxon sampling in determining the outcome of phylogenetic analyses	2009	10.1111/j.1469-185x.2009.00107.x	20002391	https://openalex.org/W2115690515		https://openalex.org/W2115690515
openalex	Q16	homoplasy	W2115967173	publication	Stem architecture in Eleocharis subgenus Limnochloa (Cyperaceae): Evidence of dynamic morphological evolution in a group of pantropical sedges	2009	10.3732/ajb.0800252	21628294	https://openalex.org/W2115967173		https://openalex.org/W2115967173
openalex	Q16	homoplasy	W2116047996	publication	"Evolutionary dynamics of a mitochondrial rearrangement ""hot spot"" in the Hymenoptera"	1999	10.1093/oxfordjournals.molbev.a026111	10028295	https://openalex.org/W2116047996		https://openalex.org/W2116047996
openalex	Q16	homoplasy	W2116103312	publication	Error in Phylogenetic Estimation for Bushes in the Tree of Life	2013	10.4172/2329-9002.1000110		https://openalex.org/W2116103312		https://openalex.org/W2116103312
openalex	Q16	homoplasy	W2116532878	publication	Phylogenetic relationships within the Sphacelariales (Phaeophyceae): rbcL, RUBISCO spacer and morphology	2002	10.1017/s0967026202003736		https://openalex.org/W2116532878		https://openalex.org/W2116532878
openalex	Q16	homoplasy	W2116800185	publication	Apparent similarity, underlying homoplasy: Morphology and molecular phylogeny of the North American clade of Manihot	2015	10.3732/ajb.1500063	25878086	https://openalex.org/W2116800185		https://openalex.org/W2116800185
openalex	Q16	homoplasy	W2118283339	publication	The Relative Importance of Body Size and Paleoclimatic Change as Explanatory Variables Influencing Lineage Diversification Rate: An Evolutionary Analysis of Bullhead Catfishes (Siluriformes: Ictaluridae)	2008	10.1080/10635150801902193	18288621	https://openalex.org/W2118283339		https://openalex.org/W2118283339
openalex	Q16	homoplasy	W2118500228	publication	A formula for maximum possible steps in multistate characters: isolating matrix parameter effects on measures of evolutionary convergence	2009	10.1111/j.1096-0031.2009.00270.x	34875753	https://openalex.org/W2118500228		https://openalex.org/W2118500228
openalex	Q16	homoplasy	W2118987328	publication	Parallel Rate Heterogeneity in Chloroplast and Mitochondrial Genomes of Brazil Nut Trees (Lecythidaceae) Is Consistent with Lineage Effects	2008	10.1093/molbev/msn074	18385219	https://openalex.org/W2118987328		https://openalex.org/W2118987328
openalex	Q16	homoplasy	W2119244727	publication	Phylogeny of the Gracilariaceae (Gracilariales, Rhodophyta) Inferred From rbcL Sequence Analysis: Taxonomic Implications	2002	10.1046/j.1529-8817.38.s1.39.x		https://openalex.org/W2119244727		https://openalex.org/W2119244727
openalex	Q16	homoplasy	W2119251018	publication	Microsatellites, from molecules to populations and back	1996	10.1016/0169-5347(96)10049-5	21237902	https://openalex.org/W2119251018		https://openalex.org/W2119251018
openalex	Q16	homoplasy	W2119330204	publication	Are Transposable Element Insertions Homoplasy Free?: An Examination Using the Avian Tree of Life	2011	10.1093/sysbio/syq100	21303823	https://openalex.org/W2119330204		https://openalex.org/W2119330204
openalex	Q16	homoplasy	W2119396449	publication	Molecular Phylogenetics of Subfamily Calamoideae (Palmae) Based on nrDNA ITS and cpDNA rps16 Intron Sequence Data	2000	10.1006/mpev.1999.0696	10679155	https://openalex.org/W2119396449		https://openalex.org/W2119396449
openalex	Q16	homoplasy	W2119650524	publication	Multiple Genes and the Monophyly of Ischnocera (Insecta: Phthiraptera)	2002	10.1006/mpev.2001.1028	11796033	https://openalex.org/W2119650524		https://openalex.org/W2119650524
openalex	Q16	homoplasy	W2119772503	publication	Phytogeographic implications of fossil endocarps of Menispermaceae from the Paleocene of Colombia	2011	10.3732/ajb.1000461	22114219	https://openalex.org/W2119772503		https://openalex.org/W2119772503
openalex	Q16	homoplasy	W2120457141	publication	Total evidence requires exclusion of phylogenetically misleading data	2005	10.1111/j.1463-6409.2005.00168.x		https://openalex.org/W2120457141		https://openalex.org/W2120457141
openalex	Q16	homoplasy	W2120782458	publication	Phylogenetic Studies in Usnea (Parmeliaceae) and Allied Genera	2004			https://openalex.org/W2120782458		https://openalex.org/W2120782458
openalex	Q16	homoplasy	W2120854648	publication	Support for the Coelomata Clade of Animals from a Rigorous Analysis of the Pattern of Intron Conservation	2007	10.1093/molbev/msm207	17893400	https://openalex.org/W2120854648		https://openalex.org/W2120854648
openalex	Q16	homoplasy	W2121412287	publication	The Colugo (Cynocephalus variegatus, Dermoptera): The Primates' Gliding Sister?	2002	10.1093/oxfordjournals.molbev.a004054	12446821	https://openalex.org/W2121412287		https://openalex.org/W2121412287
openalex	Q16	homoplasy	W2121547088	publication	The Role of Morphological Data in Phylogeny Reconstruction	2004	10.1080/10635150490472959	15371253	https://openalex.org/W2121547088		https://openalex.org/W2121547088
openalex	Q16	homoplasy	W2121608941	publication	Origin and evolution of North American polyploid Silene (Caryophyllaceae)	2007	10.3732/ajb.94.3.330	21636405	https://openalex.org/W2121608941		https://openalex.org/W2121608941
openalex	Q16	homoplasy	W2121690204	publication	Evolutionary implications of hemipenial morphology in the terrestrial Australian elapid snakes	1999	10.1111/j.1096-3642.1999.tb00592.x		https://openalex.org/W2121690204		https://openalex.org/W2121690204
openalex	Q16	homoplasy	W2122537361	publication	Changing identities: tRNA duplication and remolding within animal mitochondrial genomes	2003	10.1073/pnas.2535036100	14673095	https://openalex.org/W2122537361		https://openalex.org/W2122537361
openalex	Q16	homoplasy	W2122760250	publication	Patterns of molecular evolution in avian microsatellites	1998	10.1093/oxfordjournals.molbev.a026015	9718727	https://openalex.org/W2122760250		https://openalex.org/W2122760250
openalex	Q16	homoplasy	W2123198666	publication	Molecular phylogeny of African Rytidosperma –affiliated danthonioid grasses reveals generic polyphyly and convergent evolution in spikelet morphology	2006	10.2307/25065581		https://openalex.org/W2123198666		https://openalex.org/W2123198666
openalex	Q16	homoplasy	W2124109391	publication	Phylogenetic Network for European mtDNA	2001	10.1086/320591	11349229	https://openalex.org/W2124109391		https://openalex.org/W2124109391
openalex	Q16	homoplasy	W2124156354	publication	SYSTEMATICS OF THE GRACILARIACEAE (GRACILARIALES, RHODOPHYTA): A CRITICAL ASSESSMENT BASED ON RBC L SEQUENCE ANALYSES 1	2004	10.1111/j.0022-3646.2003.02-129.x		https://openalex.org/W2124156354		https://openalex.org/W2124156354
openalex	Q16	homoplasy	W2125121138	publication	Evaluation of genetic diversity of eight grouper species Epinephelus spp. based on microsatellite variations	2007	10.1111/j.1444-2906.2007.01328.x		https://openalex.org/W2125121138		https://openalex.org/W2125121138
openalex	Q16	homoplasy	W2127166225	publication	Relationships Within the Spiny-Fruited Umbellifers (Scandiceae subtribes Daucinae and Torilidinae) as Assessed by Phylogenetic Analysis of Morphological Characters	2009	10.1043/0363-6445-26.3.622		https://openalex.org/W2127166225		https://openalex.org/W2127166225
openalex	Q16	homoplasy	W2127556561	publication	Noisy: Identification of problematic columns in multiple sequence alignments	2008	10.1186/1748-7188-3-7	18577231	https://openalex.org/W2127556561		https://openalex.org/W2127556561
openalex	Q16	homoplasy	W2127583476	publication	Characterization of Recombinant Fluoroquinolone-Resistant Pneumococcus-Like Isolates	2012	10.1128/aac.01357-12	23114769	https://openalex.org/W2127583476		https://openalex.org/W2127583476
openalex	Q16	homoplasy	W2127922328	publication	Data Partitions, Bayesian Analysis and Phylogeny of the Zygomycetous Fungal Family Mortierellaceae, Inferred from Nuclear Ribosomal DNA Sequences	2011	10.1371/journal.pone.0027507	22102902	https://openalex.org/W2127922328		https://openalex.org/W2127922328
openalex	Q16	homoplasy	W2128308642	publication	3ta Sleeps with the fishes	2012	10.1111/j.1096-0031.2011.00390.x		https://openalex.org/W2128308642		https://openalex.org/W2128308642
openalex	Q16	homoplasy	W2128366465	publication	Phylogenetic systematics of Glassfrogs (Amphibia: Centrolenidae) and their sister taxon Allophryne ruthveni	2009	10.11646/zootaxa.2100.1.1		https://openalex.org/W2128366465		https://openalex.org/W2128366465
openalex	Q16	homoplasy	W2129258675	publication	When two equals three: developmental osteology and homology of the caudal skeleton in carangid fishes (Perciformes: Carangidae)	2007	10.1111/j.1525-142x.2007.00148.x	17371400	https://openalex.org/W2129258675		https://openalex.org/W2129258675
openalex	Q16	homoplasy	W2129423750	publication	Phylogenetic relationships in Pleurothallidinae (Orchidaceae): combined evidence from nuclear and plastid DNA sequences	2001	10.2307/3558390	21669661	https://openalex.org/W2129423750		https://openalex.org/W2129423750
openalex	Q16	homoplasy	W2130026447	publication	Reduced-Median-Network Analysis of Complete Mitochondrial DNA Coding-Region Sequences for the Major African, Asian, and European Haplogroups	2002	10.1086/339933	11938495	https://openalex.org/W2130026447		https://openalex.org/W2130026447
openalex	Q16	homoplasy	W2130206835	publication	High nrDNA ITS polymorphism in the ancient extant seed plant Cycas: Incomplete concerted evolution and the origin of pseudogenes	2009	10.1016/j.ympev.2009.11.020	19945537	https://openalex.org/W2130206835		https://openalex.org/W2130206835
openalex	Q16	homoplasy	W2130681231	publication	Diversity and evolution of resistance genes in tuber-bearing Solanum species	2007	10.18174/2283		https://openalex.org/W2130681231		https://openalex.org/W2130681231
openalex	Q16	homoplasy	W2130769449	publication	Mutation and Evolution of Microsatellite Loci in Neurospora	2004	10.1534/genetics.104.029322	15579682	https://openalex.org/W2130769449		https://openalex.org/W2130769449
openalex	Q16	homoplasy	W2131086619	publication	A Molecular Supermatrix of the Rabbits and Hares (Leporidae) Allows for the Identification of Five Intercontinental Exchanges During the Miocene	2004	10.1080/10635150490445715	15503672	https://openalex.org/W2131086619		https://openalex.org/W2131086619
openalex	Q16	homoplasy	W2131781207	publication	The interpretation of hidden support in combined data phylogenetics	2012	10.1111/j.1439-0469.2012.00670.x		https://openalex.org/W2131781207		https://openalex.org/W2131781207
openalex	Q16	homoplasy	W2132097489	publication	SNP-Based Typing: A Useful Tool to Study Bordetella pertussis Populations	2011	10.1371/journal.pone.0020340	21647370	https://openalex.org/W2132097489		https://openalex.org/W2132097489
openalex	Q16	homoplasy	W2132734936	publication	Patterns of Size Homoplasy at 10 Microsatellite Loci in Pumas (Puma concolor)	2001	10.1093/oxfordjournals.molbev.a003889	11371606	https://openalex.org/W2132734936		https://openalex.org/W2132734936
openalex	Q16	homoplasy	W2133152763	publication	Homoplastic microinversions and the avian tree of life	2011	10.1186/1471-2148-11-141	21612607	https://openalex.org/W2133152763		https://openalex.org/W2133152763
openalex	Q16	homoplasy	W2134030785	publication	Phylogenetic relationships and patterns of character change in the tribe Lactuceae (Asteraceae) based on chloroplast DNA restriction site variation	1995	10.1139/b95-115		https://openalex.org/W2134030785		https://openalex.org/W2134030785
openalex	Q16	homoplasy	W2134384430	publication	Molecular diversity of antimicrobial effectors in the oyster Crassostrea gigas	2010	10.1186/1471-2148-10-23	20100329	https://openalex.org/W2134384430		https://openalex.org/W2134384430
openalex	Q16	homoplasy	W2134453582	publication	Phylogenetic relationships of Ruteae (Rutaceae): New evidence from the chloroplast genome and comparisons with non-molecular data	2008	10.1016/j.ympev.2008.09.004	18824111	https://openalex.org/W2134453582		https://openalex.org/W2134453582
openalex	Q16	homoplasy	W2134663998	publication	Phylogenetic Analyses of DNA Sequence and RAPD Data Compared in Fusarium oxysporum and Related Species from Maize	1999	10.1111/j.1439-0434.1999.tb03849.x		https://openalex.org/W2134663998		https://openalex.org/W2134663998
openalex	Q16	homoplasy	W2135263868	publication	Soil tardigrade biodiversity with the description of a new eutardigrade genus and its phylogenetic position	2014	10.1080/14772000.2014.986554		https://openalex.org/W2135263868		https://openalex.org/W2135263868
openalex	Q16	homoplasy	W2135382107	publication	Did Kauri (Agathis: Araucariaceae) Really Survive the Oligocene Drowning of New Zealand?	2010	10.1093/sysbio/syq030	20530131	https://openalex.org/W2135382107		https://openalex.org/W2135382107
openalex	Q16	homoplasy	W2135867789	publication	Character congruence and phylogenetic signal in molecular and morphological data sets: a case study in the living Iguanas (Squamata, Iguanidae)	1996	10.1093/oxfordjournals.molbev.a025671	8865663	https://openalex.org/W2135867789		https://openalex.org/W2135867789
openalex	Q16	homoplasy	W2136535612	publication	Ancestral State Reconstruction Reveals Rampant Homoplasy of Diagnostic Morphological Characters in Urticaceae, Conflicting with Current Classification Schemes	2015	10.1371/journal.pone.0141821	26529598	https://openalex.org/W2136535612		https://openalex.org/W2136535612
openalex	Q16	homoplasy	W2137219476	publication	Homoplasy in genome-wide analysis of rare amino acid replacements: the molecular-evolutionary basis for Vavilov's law of homologous series	2008	10.1186/1745-6150-3-7	18346278	https://openalex.org/W2137219476		https://openalex.org/W2137219476
openalex	Q16	homoplasy	W2137910694	publication	Variation and diversification in plant evo‐devo	2003	10.3732/ajb.90.8.1257		https://openalex.org/W2137910694		https://openalex.org/W2137910694
openalex	Q16	homoplasy	W2138186828	publication	Cytosystematics of Gerbils	2013			https://openalex.org/W2138186828		https://openalex.org/W2138186828
openalex	Q16	homoplasy	W2139028582	publication	Resolving phylogenetic signal from noise when divergence is rapid: A new look at the old problem of echinoderm class relationships	2011	10.1016/j.ympev.2011.08.028	21945533	https://openalex.org/W2139028582		https://openalex.org/W2139028582
openalex	Q16	homoplasy	W2139855580	publication	New evidence for parallel evolution of colour patterns in Malagasy poison frogs (Mantella)	2004	10.1111/j.1365-294x.2004.02367.x	15548289	https://openalex.org/W2139855580		https://openalex.org/W2139855580
openalex	Q16	homoplasy	W2140435717	publication	Whither plant evo‐devo?	2008	10.1111/j.1469-8137.2008.02456.x	18426531	https://openalex.org/W2140435717		https://openalex.org/W2140435717
openalex	Q16	homoplasy	W2141202880	publication	An Ancient Retrovirus-like Element Contains Hot Spots for SINE Insertion	2001	10.1093/genetics/158.2.769	11404340	https://openalex.org/W2141202880		https://openalex.org/W2141202880
openalex	Q16	homoplasy	W2141232902	publication	Abelisauridae (Dinosauria: Theropoda) from the Late Jurassic of Portugal and dentition-based phylogeny as a contribution for the identification of isolated theropod teeth	2014	10.11646/zootaxa.3759.1.1	24869965	https://openalex.org/W2141232902		https://openalex.org/W2141232902
openalex	Q16	homoplasy	W2141235303	publication	A mobile element based phylogeny of Old World monkeys	2005	10.1016/j.ympev.2005.04.015	15936216	https://openalex.org/W2141235303		https://openalex.org/W2141235303
openalex	Q16	homoplasy	W2141641947	publication	Failed Refutations: Further Comments on Parsimony and Likelihood Methods and Their Relationship to Popper's Degree of Corroboration	2003	10.1080/10635150390196984	12775524	https://openalex.org/W2141641947		https://openalex.org/W2141641947
openalex	Q16	homoplasy	W2141702152	publication	Stasis and convergence characterize morphological evolution in eupolypod II ferns	2013	10.1093/aob/mct247	24197753	https://openalex.org/W2141702152		https://openalex.org/W2141702152
openalex	Q16	homoplasy	W2141830410	publication	Molecular instability of the mitochondrial haplogroup T sequences at nucleotide positions 16292 and 16296	1999	10.1046/j.1469-1809.1999.6360489.x	11246451	https://openalex.org/W2141830410		https://openalex.org/W2141830410
openalex	Q16	homoplasy	W2143090251	publication	Biological Bulletin Virtual Symposium: Genomics of Large Marine Metazoans	2008	10.1086/bblv214n3p203	18574098	https://openalex.org/W2143090251		https://openalex.org/W2143090251
openalex	Q16	homoplasy	W2143632462	publication	Species Relationships and Farina Evolution in the Cheilanthoid Fern Genus Argyrochosma (Pteridaceae)	2011	10.1600/036364411x583547		https://openalex.org/W2143632462		https://openalex.org/W2143632462
openalex	Q16	homoplasy	W2144714567	publication	Frequent Intron Loss in the White Gene: A Cautionary Tale for Phylogeneticists	2002	10.1093/oxfordjournals.molbev.a004091	11861897	https://openalex.org/W2144714567		https://openalex.org/W2144714567
openalex	Q16	homoplasy	W2144958703	publication	Microinversions in mammalian evolution	2006	10.1073/pnas.0603984103	17189424	https://openalex.org/W2144958703		https://openalex.org/W2144958703
openalex	Q16	homoplasy	W2146756251	publication	Venomous Dinosaurs and Rear-Fanged Snakes: Homology and Homoplasy Characterized	2013	10.1007/s10670-013-9533-5		https://openalex.org/W2146756251		https://openalex.org/W2146756251
openalex	Q16	homoplasy	W2147099388	publication	Evolution of life history and behavior in Hominidae: Towards phylogenetic reconstruction of the chimpanzee–human last common ancestor	2013	10.1016/j.jhevol.2013.07.009	23981863	https://openalex.org/W2147099388		https://openalex.org/W2147099388
openalex	Q16	homoplasy	W2148453601	publication	Two New Rapid SNP-Typing Methods for Classifying Mycobacterium tuberculosis Complex into the Main Phylogenetic Lineages	2012	10.1371/journal.pone.0041253	22911768	https://openalex.org/W2148453601		https://openalex.org/W2148453601
openalex	Q16	homoplasy	W2149234489	publication	A molecular phylogeny of scaly tree ferns (Cyatheaceae)	2007	10.3732/ajb.94.5.873	21636456	https://openalex.org/W2149234489		https://openalex.org/W2149234489
openalex	Q16	homoplasy	W2149886005	publication	A Novel Approach to Detecting and Measuring Recombination: New Insights into Evolution in Viruses, Bacteria, and Mitochondria	2001	10.1093/oxfordjournals.molbev.a003928	11470833	https://openalex.org/W2149886005		https://openalex.org/W2149886005
openalex	Q16	homoplasy	W2150262463	publication	Genetic Diversity of Intimin Genes of Attaching and EffacingEscherichia coliStrains	2002	10.1128/jcm.40.12.4486-4492.2002	12454140	https://openalex.org/W2150262463		https://openalex.org/W2150262463
openalex	Q16	homoplasy	W2151061750	publication	A Molecular Phylogenetic Study of the Palmae (Arecaceae) Based on atpB, rbcL, and 18S nrDNA Sequences	2002	10.1080/106351502753475899	11943094	https://openalex.org/W2151061750		https://openalex.org/W2151061750
openalex	Q16	homoplasy	W2151172579	publication	Population Genetic Analysis of Streptomyces albidoflavus Reveals Habitat Barriers to Homologous Recombination in the Diversification of Streptomycetes	2014	10.1128/aem.02925-14	25416769	https://openalex.org/W2151172579		https://openalex.org/W2151172579
openalex	Q16	homoplasy	W2151393665	publication	The Potential Value of Indels as Phylogenetic Markers: Position of Trichomonads as a Case Study	2002	10.1093/oxfordjournals.molbev.a004156	12032255	https://openalex.org/W2151393665		https://openalex.org/W2151393665
openalex	Q16	homoplasy	W2151404675	publication	Inferring and Testing Hypotheses of Cladistic Character Dependence by Using Character Compatibility	2001	10.1080/106351501753328794	12116937	https://openalex.org/W2151404675		https://openalex.org/W2151404675
openalex	Q16	homoplasy	W2151746429	publication	Characterization of a mosaic minisatellite locus in the mitochondrial DNA of Norway spruce [Picea abies (L.) Karst.]	2003	10.1007/s00122-003-1284-2	12750772	https://openalex.org/W2151746429		https://openalex.org/W2151746429
openalex	Q16	homoplasy	W2152090928	publication	From conviction to anti‐superfluity: old and new justifications of parsimony in phylogenetic inference	2006	10.1111/j.1096-0031.2006.00100.x		https://openalex.org/W2152090928		https://openalex.org/W2152090928
openalex	Q16	homoplasy	W2152093004	publication	Haplotype Networks Can Be Misleading in the Presence of Missing Data	2007	10.1080/10635150701633153	17957580	https://openalex.org/W2152093004		https://openalex.org/W2152093004
openalex	Q16	homoplasy	W2152203773	publication	Phylogeny of the moss family Bryaceae inferred from chloroplast DNA sequences and morphology	2009	10.1043/02-46.1		https://openalex.org/W2152203773		https://openalex.org/W2152203773
openalex	Q16	homoplasy	W2152911808	publication	Phylogeny of the macaques (Cercopithecidae: Macaca) based on Alu elements	2009	10.1016/j.gene.2009.05.013	19497354	https://openalex.org/W2152911808		https://openalex.org/W2152911808
openalex	Q16	homoplasy	W2154819422	publication	Phylum-Wide Analysis of SSU rDNA Reveals Deep Phylogenetic Relationships among Nematodes and Accelerated Evolution toward Crown Clades	2006	10.1093/molbev/msl044	16790472	https://openalex.org/W2154819422		https://openalex.org/W2154819422
openalex	Q16	homoplasy	W2156798834	publication	Evidence for convergent evolution among phylogenetically distant rare species of Tetratheca (Elaeocarpaceae, formerly Tremandraceae) from Western Australia	2007	10.1071/sb06017		https://openalex.org/W2156798834		https://openalex.org/W2156798834
openalex	Q16	homoplasy	W2157340677	publication	Contribution of Homoplasy and of Ancestral Polymorphism to the Evolution of Genes in Anthropoid Primates	2002	10.1093/oxfordjournals.molbev.a004213	12200478	https://openalex.org/W2157340677		https://openalex.org/W2157340677
openalex	Q16	homoplasy	W2157460884	publication	Integrating Incomplete Fossils by Isolating Conflicting Signal in Saturated and Non-Independent Morphological Characters	2014	10.1093/sysbio/syu022	24817532	https://openalex.org/W2157460884		https://openalex.org/W2157460884
openalex	Q16	homoplasy	W2158295886	publication	Evaluating Phylogenetic Informativeness as a Predictor of Phylogenetic Signal for Metazoan, Fungal, and Mammalian Phylogenomic Data Sets	2013	10.1155/2013/621604	23878813	https://openalex.org/W2158295886		https://openalex.org/W2158295886
openalex	Q16	homoplasy	W2158415779	publication	DETECTING THE HISTORICAL SIGNATURE OF KEY INNOVATIONS USING STOCHASTIC MODELS OF CHARACTER EVOLUTION AND CLADOGENESIS	2005	10.1554/04-369	15807412	https://openalex.org/W2158415779		https://openalex.org/W2158415779
openalex	Q16	homoplasy	W2158622460	publication	Parsimony with and without Scientific Justification	2001	10.1111/j.1096-0031.2001.tb00117.x	34911236	https://openalex.org/W2158622460		https://openalex.org/W2158622460
openalex	Q16	homoplasy	W2159046302	publication	Molecular phylogenetics of the Chytridiomycota supports the utility of ultrastructural data in chytrid systematics	2000	10.1139/b00-009		https://openalex.org/W2159046302		https://openalex.org/W2159046302
openalex	Q16	homoplasy	W2160262924	publication	Phylogenetic Network of the mtDNA Haplogroup U in Northern Finland Based on Sequence Analysis of the Complete Coding Region by Conformation-Sensitive Gel Electrophoresis	2000	10.1086/302802	10712215	https://openalex.org/W2160262924		https://openalex.org/W2160262924
openalex	Q16	homoplasy	W2160510683	publication	Are spurred cyathia a key innovation? Molecular systematics and trait evolution in the slipper spurges (Pedilanthus clade: Euphorbia, Euphorbiaceae)	2010	10.3732/ajb.0900090	21622411	https://openalex.org/W2160510683		https://openalex.org/W2160510683
openalex	Q16	homoplasy	W2161572497	publication	Morphology of male genitalia in lice and their relatives and phylogenetic implications	2005	10.1111/j.1365-3113.2005.00323.x		https://openalex.org/W2161572497		https://openalex.org/W2161572497
openalex	Q16	homoplasy	W2161859757	publication	Effects of Character Weighting and Species Sampling on Phylogeny Reconstruction: A Case Study Based on DNA Sequence Data in Cetaceans	1996	10.1093/genetics/144.4.1817	8978067	https://openalex.org/W2161859757		https://openalex.org/W2161859757
openalex	Q16	homoplasy	W2161862092	publication	Molecular Phylogeny of Crested Iris Based on Five Plastid Markers (Iridaceae)	2013	10.1600/036364413x674724		https://openalex.org/W2161862092		https://openalex.org/W2161862092
openalex	Q16	homoplasy	W2162167174	publication	Unsorted Homology within Locus and Species Trees	2014	10.1093/sysbio/syu050	25077514	https://openalex.org/W2162167174		https://openalex.org/W2162167174
openalex	Q16	homoplasy	W2163343408	publication	Identifying Conflicting Signal in a Multigene Analysis Reveals a Highly Resolved Tree: The Phylogeny of Rodentia (Mammalia)	2003	10.1080/10635150390235403	14530129	https://openalex.org/W2163343408		https://openalex.org/W2163343408
openalex	Q16	homoplasy	W2164373962	publication	Systematic evidence from gene duplication and regulation	1990	10.1071/sb9900145		https://openalex.org/W2164373962		https://openalex.org/W2164373962
openalex	Q16	homoplasy	W2164484883	publication	The gonangulum: A reassessment of its morphology, homology, and phylogenetic significance	2012	10.1016/j.asd.2012.03.001	22465308	https://openalex.org/W2164484883		https://openalex.org/W2164484883
openalex	Q16	homoplasy	W2164637636	publication	Systematics of the Pezizomycetes--the operculate discomycetes	2006	10.3852/mycologia.98.6.1029	17486978	https://openalex.org/W2164637636		https://openalex.org/W2164637636
openalex	Q16	homoplasy	W2164773350	publication	Hemiplasy: A New Term in the Lexicon of Phylogenetics	2008	10.1080/10635150802164587	18570042	https://openalex.org/W2164773350		https://openalex.org/W2164773350
openalex	Q16	homoplasy	W2164820609	publication	Molecular phylogeny of Solms‐laubachia (Brassicaceae) s.l., based on multiple nuclear and plastid DNA sequences, and its biogeographic implications	2009	10.1111/j.1759-6831.2009.00041.x		https://openalex.org/W2164820609		https://openalex.org/W2164820609
openalex	Q16	homoplasy	W2166076418	publication	How to identify (as opposed to define) a homoplasy: Examples from fossil and living great apes	2007	10.1016/j.jhevol.2006.11.017	17434574	https://openalex.org/W2166076418		https://openalex.org/W2166076418
openalex	Q16	homoplasy	W2166176470	publication	Evaluation of atpB nucleotide sequences for phylogenetic studies of ferns and other pteridophytes	1997	10.2307/2446141	21708550	https://openalex.org/W2166176470		https://openalex.org/W2166176470
openalex	Q16	homoplasy	W2166282245	publication	Phylogeny of Cephalobina (Nematoda): Molecular evidence for recurrent evolution of probolae and incongruence with traditional classifications	2006	10.1016/j.ympev.2006.04.005	16750400	https://openalex.org/W2166282245		https://openalex.org/W2166282245
openalex	Q16	homoplasy	W2168524476	publication	Descent with modification: the unity underlying homology and homoplasy as seen through an analysis of development and evolution	2003	10.1017/s1464793102006097	14558591	https://openalex.org/W2168524476		https://openalex.org/W2168524476
openalex	Q16	homoplasy	W2169278848	publication	Combining multiple autosomal introns for studying shallow phylogeny and taxonomy of Laurasiatherian mammals: Application to the tribe Bovini (Cetartiodactyla, Bovidae)	2012	10.1016/j.ympev.2012.11.003	23159894	https://openalex.org/W2169278848		https://openalex.org/W2169278848
openalex	Q16	homoplasy	W2169631352	publication	Comparative morphology and phylogeny of Nicotiana section Suaveolentes (Solanaceae) in Australia and the South Pacific	2011	10.1071/sb11006		https://openalex.org/W2169631352		https://openalex.org/W2169631352
openalex	Q16	homoplasy	W2169910873	publication	Homology of the Fifth Epibranchial and Accessory Elements of the Ceratobranchials among Gnathostomes: Insights from the Development of Ostariophysans	2013	10.1371/journal.pone.0062389	23638061	https://openalex.org/W2169910873		https://openalex.org/W2169910873
openalex	Q16	homoplasy	W2170483305	publication	Step Matrices and the Interpretation of Homoplasy	1998	10.1080/106351598260590	12066303	https://openalex.org/W2170483305		https://openalex.org/W2170483305
openalex	Q16	homoplasy	W2170771205	publication	Sequence-Repeat Polymorphisms Exhibit the Signature of Recombination in Lodgepole Pine Chloroplast DNA	2001	10.1093/oxfordjournals.molbev.a003757	11606712	https://openalex.org/W2170771205		https://openalex.org/W2170771205
openalex	Q16	homoplasy	W2171681608	publication	Suprafamilial relationships among Rodentia and the phylogenetic effect of removing fast-evolving nucleotides in mitochondrial, exon and intron fragments	2008	10.1186/1471-2148-8-321	19036132	https://openalex.org/W2171681608		https://openalex.org/W2171681608
openalex	Q16	homoplasy	W2171991354	publication	Combining Data Sets with Different Phylogenetic Histories	1998	10.1080/106351598260581	12066302	https://openalex.org/W2171991354		https://openalex.org/W2171991354
openalex	Q16	homoplasy	W2172420307	publication	Vertical Transmission of a Pentatomid Caeca-Associated Symbiont	2006	10.1603/0013-8746(2006)99[577:vtoapc]2.0.co;2		https://openalex.org/W2172420307		https://openalex.org/W2172420307
openalex	Q16	homoplasy	W2173313887	publication	Recombination elevates the effective evolutionary rate and facilitates the establishment of HIV-1 infection in infants after mother-to-child transmission	2015	10.1186/s12977-015-0222-0	26573574	https://openalex.org/W2173313887		https://openalex.org/W2173313887
openalex	Q16	homoplasy	W2174285344	publication	THE SPIDER SUBFAMILY AMAUROBIOIDINAE (ARANEAE, ANYPHAENIDAE): A PHYLOGENETIC REVISION AT THE GENERIC LEVEL	2003	10.1206/0003-0090(2003)277<0001:tssaaa>2.0.co;2		https://openalex.org/W2174285344		https://openalex.org/W2174285344
openalex	Q16	homoplasy	W2174886440	publication	OSSICULAR HOMOLOGIES, SYSTEMATICS, AND PHYLOGENETIC IMPLICATIONS OF CERTAIN NORTH AMERICAN CARBONIFEROUS ASTEROIDS (ECHINODERMATA)	2003	10.1666/0022-3360(2003)077<0476:ohsapi>2.0.co;2		https://openalex.org/W2174886440		https://openalex.org/W2174886440
openalex	Q16	homoplasy	W2175327680	publication	Molecular Phylogenetic Relationships and Morphological Evolution in the Heterosporous Fern Genus Marsilea	2007	10.1600/036364407780360256		https://openalex.org/W2175327680		https://openalex.org/W2175327680
openalex	Q16	homoplasy	W2175645198	publication	Homoplasy and the evolution of dinosaur locomotion	2000	10.1666/0094-8373(2000)026<0489:hateod>2.0.co;2		https://openalex.org/W2175645198		https://openalex.org/W2175645198
openalex	Q16	homoplasy	W2175822744	publication	Adenylate Kinase Intron 5: A New Nuclear Locus for Avian Systematics	2001	10.1642/0004-8038(2001)118[0248:akiann]2.0.co;2		https://openalex.org/W2175822744		https://openalex.org/W2175822744
openalex	Q16	homoplasy	W2178227734	publication	Full genome characterization of the first G3P[24] rotavirus strain detected in humans provides evidence of interspecies reassortment and mutational saturation in the VP7 gene	2015	10.1099/jgv.0.000349	26590163	https://openalex.org/W2178227734		https://openalex.org/W2178227734
openalex	Q16	homoplasy	W2179676388	publication	PHYLOGENY OF PHYLLOSTOMID BATS (MAMMALIA: CHIROPTERA): DATA FROM DIVERSE MORPHOLOGICAL SYSTEMS, SEX CHROMOSOMES, AND RESTRICTION SITES	2000	10.1206/0003-0090(2000)248<0001:popbmc>2.0.co;2		https://openalex.org/W2179676388		https://openalex.org/W2179676388
openalex	Q16	homoplasy	W2180656953	publication	MOLECULAR PHYLOGENETICS OF THE RAMPHASTOS TOUCANS: IMPLICATIONS FOR THE EVOLUTION OF MORPHOLOGY, VOCALIZATIONS, AND COLORATION	2005	10.1642/0004-8038(2005)122[1191:mpotrt]2.0.co;2		https://openalex.org/W2180656953		https://openalex.org/W2180656953
openalex	Q16	homoplasy	W2180921482	publication	PHYLOGENY AND SYSTEMATICS OF THE RAUVOLFIOIDEAE (APOCYNACEAE) BASED ON MOLECULAR AND MORPHOLOGICAL EVIDENCE1	2007	10.3417/0026-6493(2007)94[268:pasotr]2.0.co;2		https://openalex.org/W2180921482		https://openalex.org/W2180921482
openalex	Q16	homoplasy	W2184064505	publication	GRAMMICA (CONVOLVULACEAE) USING PLASTID AND NUCLEAR DNA SEQUENCES 1	2007			https://openalex.org/W2184064505		https://openalex.org/W2184064505
openalex	Q16	homoplasy	W2184285871	publication	A fuzzy weighted least squares approach to construct phylogenetic network among subfamilies of grass species	2013			https://openalex.org/W2184285871		https://openalex.org/W2184285871
openalex	Q16	homoplasy	W2184793956	publication	Numerical cladistics, an unintentional refuge for phenetics—a reply to Wiley et al.	2011	10.11646/zootaxa.2946.1.5		https://openalex.org/W2184793956		https://openalex.org/W2184793956
openalex	Q16	homoplasy	W2187211721	publication	Mitochondrial Phylogeny of the Endemic Mouthbrooding Lineages of Cichlid Fishes from Lake Tanganyika in	1993			https://openalex.org/W2187211721		https://openalex.org/W2187211721
openalex	Q16	homoplasy	W2187601072	publication	Determining the Position of Storks on the Phylogenetic Tree of Waterbirds by Retroposon Insertion Analysis	2015	10.1093/gbe/evv213	26527652	https://openalex.org/W2187601072		https://openalex.org/W2187601072
openalex	Q16	homoplasy	W2188291371	publication	Reappraising adaptive radiation	1998	10.2307/2446495		https://openalex.org/W2188291371		https://openalex.org/W2188291371
openalex	Q16	homoplasy	W2189092595	publication	COMMENTARY: TYPOLOGY, HOMOLOGY, AND HOMOPLASY IN	2005			https://openalex.org/W2189092595		https://openalex.org/W2189092595
openalex	Q16	homoplasy	W2194433142	publication	Postcranial Osteology ofAzendohsaurus madagaskarensis(?Middle to Upper Triassic, Isalo Group, Madagascar) and its Systematic Position Among Stem Archosaur Reptiles	2015	10.1206/amnb-899-00-1-126.1		https://openalex.org/W2194433142		https://openalex.org/W2194433142
openalex	Q16	homoplasy	W2206127952	publication	Alcidedorbignya inopinata, a basal pantodont (Placentalia, Mammalia) from the early Palaeocene of Bolivia: anatomy, phylogeny and palaeobiology	2015	10.5252/g2015n4a1		https://openalex.org/W2206127952		https://openalex.org/W2206127952
openalex	Q16	homoplasy	W2210505661	publication	mtDNA haplotypes; a powerful tool in anthropology and crime detection	2010			https://openalex.org/W2210505661		https://openalex.org/W2210505661
openalex	Q16	homoplasy	W2213194025	publication	Letters from the past: Molecular time travel to the origins of photosynthesis, RuBisCO, and the cyanobacterial phylum - eScholarship	2013			https://openalex.org/W2213194025		https://openalex.org/W2213194025
openalex	Q16	homoplasy	W223104726	publication	Comparative analysis of 5'-end sequence of the mitochondrial control region of six flatfish species (Pleuronectidae) from the Yellow Sea	2007			https://openalex.org/W223104726		https://openalex.org/W223104726
openalex	Q16	homoplasy	W2256305877	publication	[Molecular phylogenies and nucleotide insertion-deletion].	1994		7882153	https://openalex.org/W2256305877		https://openalex.org/W2256305877
openalex	Q16	homoplasy	W2257842286	publication	Revised phylogenetic analysis of the Aetosauria (Archosauria: Pseudosuchia); assessing the effects of incongruent morphological character sets	2016	10.7717/peerj.1583	26819845	https://openalex.org/W2257842286		https://openalex.org/W2257842286
openalex	Q16	homoplasy	W2257981012	publication	Evolutionary analyses of large data sets : trees and beyond : a thesis presented in partial fulfilment of the requirements for the degree of Doctor of Philosophy in Mathematics at Massey University	2001			https://openalex.org/W2257981012		https://openalex.org/W2257981012
openalex	Q16	homoplasy	W2267163960	publication	ALVIS: interactive non-aggregative visualization and explorative analysis of multiple sequence alignments	2016	10.1093/nar/gkw022	26819408	https://openalex.org/W2267163960		https://openalex.org/W2267163960
openalex	Q16	homoplasy	W2268668968	publication	Phycitinae Phylogeny Based on Two Genes, with Implications for Morphological Trait Evolution and Heinrich's Tribal Classification (Lepidoptera: Pyralidae)	2015	10.18473/lepi.69i3.a3		https://openalex.org/W2268668968		https://openalex.org/W2268668968
openalex	Q16	homoplasy	W2273258240	publication	HIGHER-LEVEL SYSTEMATICS OF THE MILLIPEDES (ARTHROPODA: MYRIAPODA: DIPLOPODA) EVALUATED USING TRANSCRIPTOMIC DATA MITOCHONDRIAL GENOMICS AND CLASSIFICATION ANALYSES	2012			https://openalex.org/W2273258240		https://openalex.org/W2273258240
openalex	Q16	homoplasy	W2273909819	publication	Towards a monophyletic classification of Lejeuneaceae IV: reinstatement of Allorgella, transfer of Microlejeunea aphanella to Vitalianthus and refinements of the subtribal classification	2015	10.1007/s00606-015-1252-8		https://openalex.org/W2273909819		https://openalex.org/W2273909819
openalex	Q16	homoplasy	W2290703822	publication	Phylogenetic studies of two marine symbioses involving annelids	2014			https://openalex.org/W2290703822		https://openalex.org/W2290703822
openalex	Q16	homoplasy	W2296378324	publication	Incomplete Lineage Sorting and Hybridization Statistics for Large-Scale Retroposon Insertion Data	2016	10.1371/journal.pcbi.1004812	26967525	https://openalex.org/W2296378324		https://openalex.org/W2296378324
openalex	Q16	homoplasy	W2301482859	publication	Phylogenetic analyses of the Amphilinidea and Gyrocotylidea : (Cercomeria: Brooks, 1982)	2010	10.14288/1.0095967		https://openalex.org/W2301482859		https://openalex.org/W2301482859
openalex	Q16	homoplasy	W2313103388	publication	Extinction in Phylogenetics and Biogeography: From Timetrees to Patterns of Biotic Assemblage	2016	10.3389/fgene.2016.00035	27047538	https://openalex.org/W2313103388		https://openalex.org/W2313103388
openalex	Q16	homoplasy	W2313899696	publication	PHYLOGENETIC ANALYSIS OF CHLOROPLAST DNA RESTRICTION SITE DATA AT HIGHER TAXONOMIC LEVELS: AN EXAMPLE FROM THE ASTERACEAE	1990	10.1111/j.1558-5646.1990.tb04314.x	28564424	https://openalex.org/W2313899696		https://openalex.org/W2313899696
openalex	Q16	homoplasy	W2314043409	publication	COMPARATIVE PATTERNS OF GROWTH AND DEVELOPMENT IN CRICETINE RODENTS AND THE EVOLUTION OF ONTOGENY	1986	10.1111/j.1558-5646.1986.tb05721.x	28564108	https://openalex.org/W2314043409		https://openalex.org/W2314043409
openalex	Q16	homoplasy	W2322716376	publication	Phylogenetic systematics of the land snail Basedowena from the Australian arid zone: taxonomic revision with description of new taxa (Stylommatophora : Camaenidae)	2016	10.1071/is16006		https://openalex.org/W2322716376		https://openalex.org/W2322716376
openalex	Q16	homoplasy	W2326893150	publication	Wood Anatomy of Brassicales: New Information, New Evolutionary Concepts	2016	10.1007/s12229-016-9161-2		https://openalex.org/W2326893150		https://openalex.org/W2326893150
openalex	Q16	homoplasy	W2328710446	publication	Courtship in Desmognathine Salamanders: The Southern Dusky Salamander, Desmognathus auriculatus	1997	10.2307/1565396		https://openalex.org/W2328710446		https://openalex.org/W2328710446
openalex	Q16	homoplasy	W2329098290	publication	MORPHOLOGY-BASED PHYLOGENETIC ANALYSIS OF THE CLAWED LOBSTERS (FAMILY NEPHROPIDAE AND THE NEW FAMILY CHILENOPHOBERIDAE)	1997	10.1163/193724097x00288		https://openalex.org/W2329098290		https://openalex.org/W2329098290
openalex	Q16	homoplasy	W2329904190	publication	When homoplasy mimics hybridization: a case study of Cape hakes (Merluccius capensisandM. paradoxus)	2016	10.7717/peerj.1827	27069785	https://openalex.org/W2329904190		https://openalex.org/W2329904190
openalex	Q16	homoplasy	W2333704744	publication	Phylogenetic Relationships within North American Astragalus L. (Fabaceae)	1991	10.2307/2419334		https://openalex.org/W2333704744		https://openalex.org/W2333704744
openalex	Q16	homoplasy	W2341290745	publication	Combined Approach of Morphological and Molecular Diagnosis of Fusaria spp. Causing Diseases in Crop Plants	2015	10.1007/978-81-322-2571-3_3		https://openalex.org/W2341290745		https://openalex.org/W2341290745
openalex	Q16	homoplasy	W2344888167	publication	Phylogeny and biogeography of Poecilia (Cyprinodontiformes: Poeciliinae) across Central and South America based on mitochondrial and nuclear DNA markers	2016	10.1016/j.ympev.2016.04.032	27129899	https://openalex.org/W2344888167		https://openalex.org/W2344888167
openalex	Q16	homoplasy	W2345658232	publication	Molecular phylogeny, analysis of character evolution, and submersible collections enable a new classification of a diverse group of gobies (Teleostei: Gobiidae: Nes subgroup), including nine new species and four new genera	2016	10.1111/zoj.12394		https://openalex.org/W2345658232		https://openalex.org/W2345658232
openalex	Q16	homoplasy	W2348788651	publication	A New Problem with Cross-Species Amplification of Microsatellites: Generation of Non-Homologous Products	2010	10.3724/sp.j.1141.2010.02131	20545002	https://openalex.org/W2348788651		https://openalex.org/W2348788651
openalex	Q16	homoplasy	W2366562020	publication	Can Skeletal Morphology Support New Molecular Phylogenies of Antedonidae (Crinoidea: Comatulida)?	2016			https://openalex.org/W2366562020		https://openalex.org/W2366562020
openalex	Q16	homoplasy	W2420066060	publication	Species delimitation in the coral genus Goniopora (Scleractinia, Poritidae) from the Saudi Arabian Red Sea	2016	10.1016/j.ympev.2016.06.003	27321092	https://openalex.org/W2420066060		https://openalex.org/W2420066060
openalex	Q16	homoplasy	W2464681586	publication	Cumulative mutation and new selection strategies for Trichoderma harzianum 3PCE6 hypercelulolytic mutants	2016	10.1016/j.nbt.2016.06.1076		https://openalex.org/W2464681586		https://openalex.org/W2464681586
openalex	Q16	homoplasy	W2473570858	publication	Sampling Ancestral Recombination Graphs and Reconstruction of Phylogenetic Trees for Explaining Evolution	2016			https://openalex.org/W2473570858		https://openalex.org/W2473570858
openalex	Q16	homoplasy	W2487617081	publication	COMPLEXITY AND HOMOLOGY IN PLANTS	1994	10.1016/b978-0-08-057430-1.50018-4		https://openalex.org/W2487617081		https://openalex.org/W2487617081
openalex	Q16	homoplasy	W2499183064	publication	Heads, Hox and the phylogenetic position of trilobites	2005	10.1201/9781420037548.ch6		https://openalex.org/W2499183064		https://openalex.org/W2499183064
openalex	Q16	homoplasy	W2501742087	publication	Classification, Phylogeny, and Anatomical Evolution of Palms	2011	10.1093/acprof:osobl/9780199558926.003.0009		https://openalex.org/W2501742087		https://openalex.org/W2501742087
openalex	Q16	homoplasy	W2508514451	publication	Phylogenetic relationships between Sedum L. and related genera (Crassulaceae) based on ITS rDNA sequence comparisons	2016	10.1016/j.flora.2016.08.003		https://openalex.org/W2508514451		https://openalex.org/W2508514451
openalex	Q16	homoplasy	W2511695973	publication	New material of the Late Cretaceous marine turtleCtenochelys acrisZangerl, 1953 and a phylogenetic reassessment of the ‘toxochelyid’-grade taxa	2016	10.1080/14772019.2016.1217087		https://openalex.org/W2511695973		https://openalex.org/W2511695973
openalex	Q16	homoplasy	W2520490258	publication	Phylogeny of Helieae (Gentianaceae): Resolving taxonomic chaos in a Neotropical clade	2016	10.1016/j.ympev.2016.09.013	27640952	https://openalex.org/W2520490258		https://openalex.org/W2520490258
openalex	Q16	homoplasy	W2522803498	publication	Night of the Holocentrids: A Phylogenetic Perspective on the Evolutionary History of an Enigmatic Clade of Nocturnal Reef Fishes				https://openalex.org/W2522803498		https://openalex.org/W2522803498
openalex	Q16	homoplasy	W2525916591	publication	Mutational dynamics and phylogenetic utility of plastid introns and spacers in early branching eudicots	2009			https://openalex.org/W2525916591		https://openalex.org/W2525916591
openalex	Q16	homoplasy	W2527041117	publication	Towards integrative systematics of Anthozoa (Cnidaria): evolution of form in the order Zoanthidea	2016	10.1111/zsc.12195		https://openalex.org/W2527041117		https://openalex.org/W2527041117
openalex	Q16	homoplasy	W2531634160	publication	Phylogenetic Systematics, Biogeography, and Ecology of the Electric Fish Genus Brachyhypopomus (Ostariophysi: Gymnotiformes)	2016	10.1371/journal.pone.0161680	27736882	https://openalex.org/W2531634160		https://openalex.org/W2531634160
openalex	Q16	homoplasy	W2533084955	publication	Relating Ediacaran Fronds	2017	10.1017/pab.2016.54		https://openalex.org/W2533084955		https://openalex.org/W2533084955
openalex	Q16	homoplasy	W2552896396	publication	Identification of Hybrids in Potamogeton: Incongruence between Plastid and ITS Regions Solved by a Novel Barcoding Marker PHYB	2016	10.1371/journal.pone.0166177	27855191	https://openalex.org/W2552896396		https://openalex.org/W2552896396
openalex	Q16	homoplasy	W2557862960	publication	Evolutionary morphology of Ligophorus spp. (Monogenea: Dactylogyridae): a geometric morphometrics approach	2016			https://openalex.org/W2557862960		https://openalex.org/W2557862960
openalex	Q16	homoplasy	W2560566212	publication	Data from: Relating Ediacaran fronds	2016	10.5061/dryad.70917		https://openalex.org/W2560566212		https://openalex.org/W2560566212
openalex	Q16	homoplasy	W2561864390	publication	Phylogeny and systematic history of early salamanders	2016			https://openalex.org/W2561864390		https://openalex.org/W2561864390
openalex	Q16	homoplasy	W2564248639	publication	Filogeni Timun Laut (Holothuroidea: Stichopodidae) Berdasarkan Karakteristik Morfologis	2016	10.14203/oldi.2016.v1i2.29		https://openalex.org/W2564248639		https://openalex.org/W2564248639
openalex	Q16	homoplasy	W2565372882	publication	Phylogenomics and Morphology of Extinct Paleognaths Reveal the Origin and Evolution of the Ratites	2016	10.1016/j.cub.2016.10.029	27989673	https://openalex.org/W2565372882		https://openalex.org/W2565372882
openalex	Q16	homoplasy	W2566659351	publication	The Syllis gracilis species complex: A molecular approach to a difficult taxonomic problem (Annelida, Syllidae)	2017	10.1016/j.ympev.2016.12.036	28043876	https://openalex.org/W2566659351		https://openalex.org/W2566659351
openalex	Q16	homoplasy	W2583071731	publication	A phylogeny of South African east coast intertidal rocky-shore Polychaete worms (Annelida) and the genetic structure and demographic history of an example, Marphysa corallina.	2015			https://openalex.org/W2583071731		https://openalex.org/W2583071731
openalex	Q16	homoplasy	W2587794599	publication	Filogenija koljena Porifera	2012			https://openalex.org/W2587794599		https://openalex.org/W2587794599
openalex	Q16	homoplasy	W2591410514	publication	Apple stem grooving virus (ASGV) and apple stem pitting virus (ASPV) : detection and isolate characterization in South African pome fruit	2015			https://openalex.org/W2591410514		https://openalex.org/W2591410514
openalex	Q16	homoplasy	W2591813901	publication	Systematics, biogeography and morphological evolution in Entosthodon Schwägr. (Bryopsida, Funariaceae) with a revision of the genus in Africa	2016			https://openalex.org/W2591813901		https://openalex.org/W2591813901
openalex	Q16	homoplasy	W2592480821	publication	Madagascar sheds new light on the molecular systematics and biogeography of grammitid ferns: New unexpected lineages and numerous long-distance dispersal events	2017	10.1016/j.ympev.2017.03.005	28279810	https://openalex.org/W2592480821		https://openalex.org/W2592480821
openalex	Q16	homoplasy	W2593779614	publication	RELATING EDIACARAN FRONDS	2016	10.1130/abs/2016am-283604		https://openalex.org/W2593779614		https://openalex.org/W2593779614
openalex	Q16	homoplasy	W2594714868	publication	The first Margaritiferidae male (M-type) mitogenome: mitochondrial gene order as a potential character for determining higher-order phylogeny within Unionida (Bivalvia)	2017	10.1093/mollus/eyx009		https://openalex.org/W2594714868		https://openalex.org/W2594714868
openalex	Q16	homoplasy	W2595517296	publication	Phylogenetic analysis of the genus Argia Rambur, 1842 (Odonata: Coenagrionidae), based on morphological characters of larvae and mitochondrial DNA sequences	2017	10.1007/s13127-017-0325-7		https://openalex.org/W2595517296		https://openalex.org/W2595517296
openalex	Q16	homoplasy	W2599691945	publication	A novel set of single-copy nuclear gene markers in white oak and implications for species delimitation	2017	10.1007/s11295-017-1130-3		https://openalex.org/W2599691945		https://openalex.org/W2599691945
openalex	Q16	homoplasy	W2600396879	publication	Late Australopiths and the Emergence of Homo	2017	10.1146/annurev-anthro-102116-041734		https://openalex.org/W2600396879		https://openalex.org/W2600396879
openalex	Q16	homoplasy	W2604166648	publication	Homoplasy: from detecting pattern to determining process in evolution, but with a secondary role for morphology?	2011	10.11646/zootaxa.2984.1.3		https://openalex.org/W2604166648		https://openalex.org/W2604166648
openalex	Q16	homoplasy	W2605314150	publication	Comparison of genotyping by sequencing and microsatellite markers for unravelling population structure in the clonal fungus Verticillium dahliae	2017	10.1111/ppa.12713		https://openalex.org/W2605314150		https://openalex.org/W2605314150
openalex	Q16	homoplasy	W2613584214	publication	Foxed intra- and interspecific differentiation in Leptogorgia (Octocorallia: Gorgoniidae). A description of a new species based on multiple sources of evidence	2017	10.3989/scimar.04509.01c		https://openalex.org/W2613584214		https://openalex.org/W2613584214
openalex	Q16	homoplasy	W2619861994	publication	Phylogeny and reclassification of C ryptini ( H ymenoptera, I chneumonidae, C ryptinae), with implications for ichneumonid higher‐level classification	2017	10.1111/syen.12238		https://openalex.org/W2619861994		https://openalex.org/W2619861994
openalex	Q16	homoplasy	W2623205329	publication	Phylogenomic Analysis and Dynamic Evolution of Chloroplast Genomes in Salicaceae	2017	10.3389/fpls.2017.01050	28676809	https://openalex.org/W2623205329		https://openalex.org/W2623205329
openalex	Q16	homoplasy	W2625553625	publication	The highly rearranged mitochondrial genomes of the crabs Maja crispata and Maja squinado (Majidae) and gene order evolution in Brachyura	2017	10.1038/s41598-017-04168-9	28642542	https://openalex.org/W2625553625		https://openalex.org/W2625553625
openalex	Q16	homoplasy	W2649276228	publication	Evolution of Motor Systems	2017	10.1002/9781118873397.ch6		https://openalex.org/W2649276228		https://openalex.org/W2649276228
openalex	Q16	homoplasy	W2735328475	publication	Karyotype differentiation in tellin shells (Bivalvia: Tellinidae)	2017	10.1186/s12863-017-0535-1	28709395	https://openalex.org/W2735328475		https://openalex.org/W2735328475
openalex	Q16	homoplasy	W2735814327	publication	RETRACTED ARTICLE: Comparison of traditional and new generation DNA markers declares high genetic diversity and differentiated population structure of wild almond species	2017	10.1038/s41598-017-06084-4	28729554	https://openalex.org/W2735814327		https://openalex.org/W2735814327
openalex	Q16	homoplasy	W2737073131	publication	Homology, homoplasy and cusp variability at the enamel–dentine junction of hominoid molars	2017	10.1111/joa.12649	28718921	https://openalex.org/W2737073131		https://openalex.org/W2737073131
openalex	Q16	homoplasy	W2739308780	publication	An Updated Infrageneric Classification of the Oaks: Review of Previous Taxonomic Schemes and Synthesis of Evolutionary Patterns	2017	10.1007/978-3-319-69099-5_2		https://openalex.org/W2739308780		https://openalex.org/W2739308780
openalex	Q16	homoplasy	W2740627419	publication	Cantharidin is conserved across phylogeographic lineages and present in both morphs of Iberian Berberomeloe blister beetles (Coleoptera, Meloidae)	2017	10.1093/zoolinnean/zlw016		https://openalex.org/W2740627419		https://openalex.org/W2740627419
openalex	Q16	homoplasy	W2742136533	publication	Phylogenetic relationships among tribes of the green lacewing subfamily Chrysopinae recovered based on mitochondrial phylogenomics	2017	10.1038/s41598-017-07431-1	28775310	https://openalex.org/W2742136533		https://openalex.org/W2742136533
openalex	Q16	homoplasy	W2742898970	publication	Cortinarius section Bicolores and section Saturnini (Basidiomycota, Agaricales), a morphogenetic overview of European and north American species	2017	10.3767/persoonia.2017.39.08	29503475	https://openalex.org/W2742898970		https://openalex.org/W2742898970
openalex	Q16	homoplasy	W2745330272	publication	A Compatibility Approach to Identify Recombination Breakpoints in Bacterial and Viral Genomes	2017	10.1145/3107411.3107432		https://openalex.org/W2745330272		https://openalex.org/W2745330272
openalex	Q16	homoplasy	W2752077065	publication	Overcoming adversity through diversity: aquatic carbon concentrating mechanisms	2017	10.1093/jxb/erx278	28911058	https://openalex.org/W2752077065		https://openalex.org/W2752077065
openalex	Q16	homoplasy	W2754031179	publication	A new odontocete (toothed cetacean) from the Early Miocene of Peru expands the morphological disparity of extinct heterodont dolphins	2017	10.1080/14772019.2017.1359689		https://openalex.org/W2754031179		https://openalex.org/W2754031179
openalex	Q16	homoplasy	W2765405994	publication	Size homoplasy and mutational behavior of chloroplast simple sequence repeats (cpSSRs) inferred from intra- and interspecific variations in four chloroplast regions of diploid and polyploid Triticum and Aegilops species	2017	10.1007/s10722-017-0567-4		https://openalex.org/W2765405994		https://openalex.org/W2765405994
openalex	Q16	homoplasy	W2766187669	publication	Morphological phylogenetic analysis with inapplicable data	2017	10.1101/209775		https://openalex.org/W2766187669		https://openalex.org/W2766187669
openalex	Q16	homoplasy	W2766931850	publication	A new phylogeny-based generic classification of Costaceae (Zingiberales) - eScholarship	2006			https://openalex.org/W2766931850		https://openalex.org/W2766931850
openalex	Q16	homoplasy	W2768899454	publication	First gene-ontology enrichment analysis based on bacterial coregenome variants: insights into adaptations of Salmonella serovars to mammalian- and avian-hosts	2017	10.1186/s12866-017-1132-1	29183286	https://openalex.org/W2768899454		https://openalex.org/W2768899454
openalex	Q16	homoplasy	W2770255857	publication	Phylogenetic relationships of cone snails endemic to Cabo Verde based on mitochondrial genomes	2017	10.1186/s12862-017-1069-x	29178825	https://openalex.org/W2770255857		https://openalex.org/W2770255857
openalex	Q16	homoplasy	W2770394566	publication	Linguistic homoplasy and phylogeny reconstruction. The cases of Lezgian and Tsezic languages (North Caucasus)	2017	10.1515/flih-2017-0008		https://openalex.org/W2770394566		https://openalex.org/W2770394566
openalex	Q16	homoplasy	W2771110028	publication	Evolution of skull shape in the family Salamandridae (Amphibia: Caudata)	2017	10.1111/joa.12759	29239487	https://openalex.org/W2771110028		https://openalex.org/W2771110028
openalex	Q16	homoplasy	W2771365804	publication	Molecular phylogeny of the Laboulbeniomycetes (Ascomycota)	2017	10.1016/j.funbio.2017.11.004	29458722	https://openalex.org/W2771365804		https://openalex.org/W2771365804
openalex	Q16	homoplasy	W2772536798	publication	Molecular phylogenetics, morphology and a revised classification of the complex genus Saxifraga (Saxifragaceae)	2015	10.12705/646.4		https://openalex.org/W2772536798		https://openalex.org/W2772536798
openalex	Q16	homoplasy	W2774325509	publication	Testing the monophyly of Simaba (Simaroubaceae): Evidence from five molecular regions and morphology	2017	10.1016/j.ympev.2017.11.024	29222065	https://openalex.org/W2774325509		https://openalex.org/W2774325509
openalex	Q16	homoplasy	W2776179351	publication	Letters from the past: Molecular time travel to the origins of photosynthesis, RuBisCO, and the cyanobacterial phylum	2013			https://openalex.org/W2776179351		https://openalex.org/W2776179351
openalex	Q16	homoplasy	W2776408588	publication	The origins of the circumventricular organs	2017	10.1111/joa.12771	29280147	https://openalex.org/W2776408588		https://openalex.org/W2776408588
openalex	Q16	homoplasy	W2779591098	publication	Convergent evolution and topologically disruptive polymorphisms among multidrug-resistant tuberculosis in Peru	2017	10.1371/journal.pone.0189838	29281674	https://openalex.org/W2779591098		https://openalex.org/W2779591098
openalex	Q16	homoplasy	W2784061504	publication	Shell matrix proteins - a potential tool for investigating the phylogenetic relationships of the Echinodermata	1992	10.1017/s2475262200007966		https://openalex.org/W2784061504		https://openalex.org/W2784061504
openalex	Q16	homoplasy	W2787861941	publication	A Tree of Trees: Using Campus Tree Diversity to Integrate Molecular, Organismal, and Evolutionary Biology	2018	10.1525/abt.2018.80.2.144		https://openalex.org/W2787861941		https://openalex.org/W2787861941
openalex	Q16	homoplasy	W2788204832	publication	Systematic and palaeobiological implications of postcranial morphology in the Diprotodontidae (Marsupialia).	2010			https://openalex.org/W2788204832		https://openalex.org/W2788204832
openalex	Q16	homoplasy	W2788830014	publication	Larval development and metamorphosis of Berthella californica (Gastropoda, Heterobranchia, Pleurobranchoidea) including phylogenetic implications	2006			https://openalex.org/W2788830014		https://openalex.org/W2788830014
openalex	Q16	homoplasy	W2789650647	publication	Morphology of the elytral base sclerites	2018	10.1016/j.asd.2018.02.004	29452203	https://openalex.org/W2789650647		https://openalex.org/W2789650647
openalex	Q16	homoplasy	W2789695063	publication	Large-scale genomic analysis shows association between homoplastic genetic variation in Mycobacterium tuberculosis genes and meningeal or pulmonary tuberculosis	2018	10.1186/s12864-018-4498-z	29402222	https://openalex.org/W2789695063		https://openalex.org/W2789695063
openalex	Q16	homoplasy	W2790622846	publication	An algorithm for Morphological Phylogenetic Analysis with Inapplicable Data	2018	10.1093/sysbio/syy083	30535172	https://openalex.org/W2790622846		https://openalex.org/W2790622846
openalex	Q16	homoplasy	W2791885605	publication	Phylogenetic positions of seven poorly known species of Ferula (Apiaceae) with remarks on the phylogenetic utility of the plastid trnH-psbA, trnS-trnG, and atpB-rbcL intergenic spacers	2018	10.1080/14772000.2018.1442374		https://openalex.org/W2791885605		https://openalex.org/W2791885605
openalex	Q16	homoplasy	W2793292629	publication	Phylogenetic systematics, morphological evolution, and natural groups in neotropical Phlegmariurus (Lycopodiaceae)	2018	10.1016/j.ympev.2018.03.016	29559245	https://openalex.org/W2793292629		https://openalex.org/W2793292629
openalex	Q16	homoplasy	W279383632	publication	Neuropogon and the phylogeny of Usnea s. lat. (Parmeliaceae, Ascomycetes)	2004			https://openalex.org/W279383632		https://openalex.org/W279383632
openalex	Q16	homoplasy	W2795398260	publication	One hundred years of paleoanthropology: An American perspective	2018	10.1002/ajpa.23330	29574840	https://openalex.org/W2795398260		https://openalex.org/W2795398260
openalex	Q16	homoplasy	W2796118099	publication	100 years of primate paleontology	2018	10.1002/ajpa.23429	29574848	https://openalex.org/W2796118099		https://openalex.org/W2796118099
openalex	Q16	homoplasy	W2799625892	publication	Selection and paucity of phylogenetic signal challenge the utility of alpha-tubulin in reconstruction of evolutionary history of free-living litostomateans (Protista, Ciliophora)	2018	10.1016/j.ympev.2018.05.011	29763665	https://openalex.org/W2799625892		https://openalex.org/W2799625892
openalex	Q16	homoplasy	W2801819842	publication	A56 Evolutionary analyses of foot-and-mouth disease virus in Southeast Asia using whole-genome sequences	2018	10.1093/ve/vey010.055		https://openalex.org/W2801819842		https://openalex.org/W2801819842
openalex	Q16	homoplasy	W2802770775	publication	A molecular phylogeny of selligueoid ferns (Polypodiaceae): Implications for a natural delimitation despite homoplasy and rapid radiation	2018	10.12705/672.1		https://openalex.org/W2802770775		https://openalex.org/W2802770775
openalex	Q16	homoplasy	W2805107351	publication	Relationships of the Sphaeromatidae genera (Peracarida: Isopoda) inferred from 18S rDNA and 16S rDNA genes	2018	10.3897/asp.76.e31934		https://openalex.org/W2805107351		https://openalex.org/W2805107351
openalex	Q16	homoplasy	W2805168614	publication	Cranial anatomy of Bellusaurus sui (Dinosauria: Eusauropoda) from the Middle-Late Jurassic Shishugou Formation of northwest China and a review of sauropod cranial ontogeny	2018	10.7717/peerj.4881	29868283	https://openalex.org/W2805168614		https://openalex.org/W2805168614
openalex	Q16	homoplasy	W2806473874	publication	Evolution and classification of Elaphoglossum and Asplenium ferns on Cuba, and discovery of a Miocene Elaphoglossum in Dominican amber	2018			https://openalex.org/W2806473874		https://openalex.org/W2806473874
openalex	Q16	homoplasy	W2809868553	publication	Tip-dating and homoplasy: reconciling the shallow molecular divergences of modern gharials with their long fossil record	2018	10.1098/rspb.2018.1071	30051855	https://openalex.org/W2809868553		https://openalex.org/W2809868553
openalex	Q16	homoplasy	W2811075447	publication	Topological support and data quality can only be assessed through multiple tests in reviewing Blattodea phylogeny	2018	10.1016/j.ympev.2018.05.007	29969656	https://openalex.org/W2811075447		https://openalex.org/W2811075447
openalex	Q16	homoplasy	W2845354732	publication	Comparison of metaheuristics to measure gene effects on phylogenetic supports and topologies	2018	10.1186/s12859-018-2172-8	30066663	https://openalex.org/W2845354732		https://openalex.org/W2845354732
openalex	Q16	homoplasy	W285631617	publication	Phylogenetics and Molecular Evolution of Cetaceans with Emphasis on the Rapid Radiation of Oceanic Dolphins (Delphinidae)	2010			https://openalex.org/W285631617		https://openalex.org/W285631617
openalex	Q16	homoplasy	W2886998788	publication	Quantifying the risk of hemiplasy in phylogenetic inference	2018	10.1101/391391		https://openalex.org/W2886998788		https://openalex.org/W2886998788
openalex	Q16	homoplasy	W2889759394	publication	Early Tracheophyte Phylogeny	2018	10.1016/b978-0-12-813012-4.00005-x		https://openalex.org/W2889759394		https://openalex.org/W2889759394
openalex	Q16	homoplasy	W2893617811	publication	Patterns of chromosomal evolution in the florally diverse Andean clade Iochrominae (Solanaceae)	2018	10.1016/j.ppees.2018.09.004		https://openalex.org/W2893617811		https://openalex.org/W2893617811
openalex	Q16	homoplasy	W2896878671	publication	Phylogeny of Schinus L. (Anacardiaceae) with a new infrageneric classification and insights into evolution of spinescence and floral traits	2018	10.1016/j.ympev.2018.10.013	30326286	https://openalex.org/W2896878671		https://openalex.org/W2896878671
openalex	Q16	homoplasy	W2901227648	publication	A statistical method to identify recombination in bacterial genomes based on SNP incompatibility	2018	10.1186/s12859-018-2456-z	30466385	https://openalex.org/W2901227648		https://openalex.org/W2901227648
openalex	Q16	homoplasy	W2904288950	publication	Phylogenetic signal of genomic repeat abundances can be distorted by random homoplasy: a case study from hominid primates	2018	10.1093/zoolinnean/zly077		https://openalex.org/W2904288950		https://openalex.org/W2904288950
openalex	Q16	homoplasy	W2905129710	publication	Congruence between morphology and molecular phylogeny: the reclassification of Calochromini (Coleoptera: Lycidae) and their dispersal history	2017	10.1111/zoj.12497		https://openalex.org/W2905129710		https://openalex.org/W2905129710
openalex	Q16	homoplasy	W2905919702	publication	Anatomia foliar de Bromeliaceae Juss. do Parque Estadual do Itacolomi, Minas Gerais, Brasil	2011			https://openalex.org/W2905919702		https://openalex.org/W2905919702
openalex	Q16	homoplasy	W2908212709	publication	Tracing the evolutionary history of the little‐known Mediterranean‐Macaronesian genus Andryala (Asteraceae) by multigene sequencing	2015	10.12705/643.10		https://openalex.org/W2908212709		https://openalex.org/W2908212709
openalex	Q16	homoplasy	W2909860944	publication	The phylogenetic origin and evolution of acellular bone in teleost fishes: insights into osteocyte function in bone metabolism	2019	10.1111/brv.12505	30924235	https://openalex.org/W2909860944		https://openalex.org/W2909860944
openalex	Q16	homoplasy	W2911349649	publication	Pathogen to commensal: longitudinal within-host population dynamics, evolution, and adaptation during a chronic >16-year Burkholderia pseudomallei infection	2019	10.1101/552109		https://openalex.org/W2911349649		https://openalex.org/W2911349649
openalex	Q16	homoplasy	W2911686983	publication	Parsimony with and without Scientific Justification	2001	10.1006/clad.2001.0164		https://openalex.org/W2911686983		https://openalex.org/W2911686983
openalex	Q16	homoplasy	W2913512063	publication	HomoplasyFinder: a simple tool to identify homoplasies on a phylogeny	2019	10.1099/mgen.0.000245	30663960	https://openalex.org/W2913512063		https://openalex.org/W2913512063
openalex	Q16	homoplasy	W2920815304	publication	Evolution of anatomical characters in Acianthera section Pleurobotryae (Orchidaceae: Pleurothallidinae)	2019	10.1371/journal.pone.0212677	30865720	https://openalex.org/W2920815304		https://openalex.org/W2920815304
openalex	Q16	homoplasy	W2920897706	publication	Topological Analysis of Syntactic Structures	2022	10.1007/s11786-021-00520-5		https://openalex.org/W2920897706		https://openalex.org/W2920897706
openalex	Q16	homoplasy	W2921119240	publication	Evolutionary and Functional Implications of Incisor Enamel Microstructure Diversity in Notoungulata (Placentalia, Mammalia)	2019	10.1007/s10914-019-09462-z		https://openalex.org/W2921119240		https://openalex.org/W2921119240
openalex	Q16	homoplasy	W2922421815	publication	Pervasive function and evidence for selection across standing genetic variation in S. cerevisiae	2019	10.1038/s41467-019-09166-1	30874558	https://openalex.org/W2922421815		https://openalex.org/W2922421815
openalex	Q16	homoplasy	W2923020110	publication	Systematic studies in Neotropical Myrtaceae with an emphasis on Myrcia s.l.: The evolution and biogeography of a large South American clade	2007	10.21954/ou.ro.0000ea36		https://openalex.org/W2923020110		https://openalex.org/W2923020110
openalex	Q16	homoplasy	W2924701927	publication	The systematics of Mantodea revisited: an updated classification incorporating multiple data sources (Insecta: Dictyoptera)	2019	10.1080/00379271.2018.1556567		https://openalex.org/W2924701927		https://openalex.org/W2924701927
openalex	Q16	homoplasy	W2933121997	publication	Phylogenetic Systematics of the Borophaginae(Carnivora: Canidae)	1999			https://openalex.org/W2933121997		https://openalex.org/W2933121997
openalex	Q16	homoplasy	W2936661128	publication	Phylogenetic patterns and molecular evolution among ‘True citrus fruit trees’ group (Rutaceae family and Aurantioideae subfamily)	2019	10.1016/j.scienta.2019.04.011		https://openalex.org/W2936661128		https://openalex.org/W2936661128
openalex	Q16	homoplasy	W2942873665	publication	Evolutionary shifts in fruit dispersal syndromes in Apiaceae tribe Scandiceae	2019	10.1007/s00606-019-01579-1		https://openalex.org/W2942873665		https://openalex.org/W2942873665
openalex	Q16	homoplasy	W2943328635	publication	Phylogenomic analysis resolves the relationships among net‐winged beetles (Coleoptera: Lycidae) and reveals the parallel evolution of morphological traits	2019	10.1111/syen.12363		https://openalex.org/W2943328635		https://openalex.org/W2943328635
openalex	Q16	homoplasy	W2948599432	publication	The evolution of betalain biosynthesis in Caryophyllales	2019	10.1111/nph.15980	31172524	https://openalex.org/W2948599432		https://openalex.org/W2948599432
openalex	Q16	homoplasy	W2948743353	publication	Species delimitation of neotropical Characins (Stevardiinae): Implications for taxonomy of complex groups	2019	10.1371/journal.pone.0216786	31166941	https://openalex.org/W2948743353		https://openalex.org/W2948743353
openalex	Q16	homoplasy	W2950951503	publication	Circumstances in which parsimony but not compatibility will be provably misleading	2014	10.48550/arxiv.1409.3274		https://openalex.org/W2950951503		https://openalex.org/W2950951503
openalex	Q16	homoplasy	W2951409663	publication	Systematics of the Short-Tailed Whipscorpion Genus Stenochrus Chamberlin, 1922 (Schizomida: Hubbardiidae), with Descriptions of Six New Genera and Five New Species	2019	10.1206/0003-0090.435.1.1		https://openalex.org/W2951409663		https://openalex.org/W2951409663
openalex	Q16	homoplasy	W2951822816	publication	Convergent Evolution and Species Boundaries in Lomatium Species (Apiaceae)	2019	10.18122/td/1552/boisestate		https://openalex.org/W2951822816		https://openalex.org/W2951822816
openalex	Q16	homoplasy	W2952034470	publication	Quantifying the risk of hemiplasy in phylogenetic inference	2018	10.1073/pnas.1811268115	30482861	https://openalex.org/W2952034470		https://openalex.org/W2952034470
openalex	Q16	homoplasy	W2955656851	publication	Possible Late Cretaceous dromaeosaurid eggshells from South Korea: A new insight into dromaeosaurid oology	2019	10.1016/j.cretres.2019.06.013		https://openalex.org/W2955656851		https://openalex.org/W2955656851
openalex	Q16	homoplasy	W2958964074	publication	Microraptor with Ingested Lizard Suggests Non-specialized Digestive Function	2019	10.1016/j.cub.2019.06.020	31303494	https://openalex.org/W2958964074		https://openalex.org/W2958964074
openalex	Q16	homoplasy	W2964237434	publication	The Evolution of Cutaneous Senses in Marine Snakes (Hydrophiinae)	2019			https://openalex.org/W2964237434		https://openalex.org/W2964237434
openalex	Q16	homoplasy	W2964289858	publication	An ABBA-BABA Test for Introgression Using Retroposon Insertion Data	2019	10.1101/709477		https://openalex.org/W2964289858		https://openalex.org/W2964289858
openalex	Q16	homoplasy	W2964435092	publication	SNP-Based Typing: A Useful Tool to Study Bordetella pertussis Populations	2011			https://openalex.org/W2964435092		https://openalex.org/W2964435092
openalex	Q16	homoplasy	W2965495589	publication	The phylogenetic significance of the morphology of the syrinx, hyoid and larynx, of the southern cassowary, Casuarius casuarius (Aves, Palaeognathae)	2019	10.1186/s12862-019-1544-7	31881941	https://openalex.org/W2965495589		https://openalex.org/W2965495589
openalex	Q16	homoplasy	W2969381013	publication	Phylogenetic re-evaluation of Thielavia with the introduction of a new family Podosporaceae	2019	10.1016/j.simyco.2019.08.002	31824584	https://openalex.org/W2969381013		https://openalex.org/W2969381013
openalex	Q16	homoplasy	W2969907742	publication	A cluster of melioidosis infections in hatchling saltwater crocodiles (Crocodylus porosus) resolved using genome-wide comparison of a common north Australian strain of Burkholderia pseudomallei	2019	10.1099/mgen.0.000288	31433287	https://openalex.org/W2969907742		https://openalex.org/W2969907742
openalex	Q16	homoplasy	W2970786323	publication	Comparative floral structure and evolution in Galipeinae (Galipeeae: Rutaceae) and its implications at different systematic levels	2019	10.1093/botlinnean/boz029		https://openalex.org/W2970786323		https://openalex.org/W2970786323
openalex	Q16	homoplasy	W2973310204	publication	Ancestral character-state reconstruction of baculum in Primates: why a critical literature review is crucial.	2018			https://openalex.org/W2973310204		https://openalex.org/W2973310204
openalex	Q16	homoplasy	W2980783593	publication	Characterization and Amplification of Retrotransposable Elements Platy-1 and Alu in the Cebidae Lineage of Platyrrhine Primates	2019	10.31390/gradschool_dissertations.5053		https://openalex.org/W2980783593		https://openalex.org/W2980783593
openalex	Q16	homoplasy	W2981000066	publication	Recurrent variation in the active NOR sites in the monkey frogs of the genus Pithecopus Cope, 1866 (Phyllomedusidae, Anura)	2019	10.3897/compcytogen.v13i4.37687	31681462	https://openalex.org/W2981000066		https://openalex.org/W2981000066
openalex	Q16	homoplasy	W2981605728	publication	Phylogenetic comparative methods improve the selection of characters for generic delimitations in a hyperdiverse Neotropical orchid clade	2019	10.1038/s41598-019-51360-0	31641165	https://openalex.org/W2981605728		https://openalex.org/W2981605728
openalex	Q16	homoplasy	W2983513174	publication	Characterization of 20 complete plastomes from the tribe Laureae (Lauraceae) and distribution of small inversions	2019	10.1371/journal.pone.0224622	31675370	https://openalex.org/W2983513174		https://openalex.org/W2983513174
openalex	Q16	homoplasy	W2984088364	publication	A Total Evidence Phylogenetic Analysis of Pinniped Phylogeny and the Possibility of Parallel Evolution Within a Monophyletic Framework	2020	10.3389/fevo.2019.00457		https://openalex.org/W2984088364		https://openalex.org/W2984088364
openalex	Q16	homoplasy	W2987091377	publication	The internal nasal morphology of Rooneyia viejaensis and euarchontans : using [mu] CT scan data to understand and predict patterns of nasal fossa evolution in primates	2017	10.26153/tsw/3366		https://openalex.org/W2987091377		https://openalex.org/W2987091377
openalex	Q16	homoplasy	W2989434496	publication	Taxonomic identification of isolated theropod teeth: The case of the shed tooth crown associated with Aerosteon (Theropoda: Megaraptora) and the dentition of Abelisauridae	2019	10.1016/j.cretres.2019.104312		https://openalex.org/W2989434496		https://openalex.org/W2989434496
openalex	Q16	homoplasy	W2990932626	publication	Molecular strategies for identification and characterization of some wild edible mushrooms of Nagaland, India	2019	10.1007/s11033-019-05170-2	31754929	https://openalex.org/W2990932626		https://openalex.org/W2990932626
openalex	Q16	homoplasy	W2991971077	publication	Is Pteropyrum a pathway to C4 evolution in Polygonaceae? An integrative approach to the taxonomy and anatomy of Pteropyrum (C3), an immediate relative of Calligonum (C4)	2019	10.1093/botlinnean/boz079		https://openalex.org/W2991971077		https://openalex.org/W2991971077
openalex	Q16	homoplasy	W2996315053	publication	Probable basal allosauroid from the early Middle Jurassic Cañadón Asfalto Formation of Argentina highlights phylogenetic uncertainty in tetanuran theropod dinosaurs	2019	10.1038/s41598-019-53672-7	31827108	https://openalex.org/W2996315053		https://openalex.org/W2996315053
openalex	Q16	homoplasy	W2996829401	publication	Phylogeny of Marine Ornamental Fish Members of Labridae from the South Coast of West Java	2019	10.24252/bio.v7i2.10205		https://openalex.org/W2996829401		https://openalex.org/W2996829401
openalex	Q16	homoplasy	W2996849156	publication	ILS-Aware Analysis of Low-Homoplasy Retroelement Insertions: Inference of Species Trees and Introgression Using Quartets	2019	10.1093/jhered/esz076	31837265	https://openalex.org/W2996849156		https://openalex.org/W2996849156
openalex	Q16	homoplasy	W3005151649	publication	Evolution of reproductive traits in the mahagony family (Meliaceae)	2020	10.1111/jse.12572		https://openalex.org/W3005151649		https://openalex.org/W3005151649
openalex	Q16	homoplasy	W3005982426	publication	Morphological Phylogenetics Evaluated Using Novel Evolutionary Simulations	2020	10.1093/sysbio/syaa012	32073641	https://openalex.org/W3005982426		https://openalex.org/W3005982426
openalex	Q16	homoplasy	W3008474931	publication	Phylogenetics of Dendrochilum (Orchidaceae): Evidence of pronounced morphological homoplasy and predominantly centric endemism	2019	10.1002/tax.12184		https://openalex.org/W3008474931		https://openalex.org/W3008474931
openalex	Q16	homoplasy	W3008974157	publication	Structural and developmental patterns in the pericarp of Malpighiaceae: new data from winged fruits of Janusia, Mascagnia, and Tetrapterys	2020	10.1139/cjb-2019-0158		https://openalex.org/W3008974157		https://openalex.org/W3008974157
openalex	Q16	homoplasy	W3009398553	publication	Pathogen to commensal? Longitudinal within-host population dynamics, evolution, and adaptation during a chronic >16-year Burkholderia pseudomallei infection	2020	10.1371/journal.ppat.1008298	32134991	https://openalex.org/W3009398553		https://openalex.org/W3009398553
openalex	Q16	homoplasy	W3010751100	publication	Systematics and evolution of Gomphrena (Amaranthaceae) with an emphasis on the species in Bolivia	2020	10.17169/refubium-26733		https://openalex.org/W3010751100		https://openalex.org/W3010751100
openalex	Q16	homoplasy	W3014594345	publication	Phylogenetics of the mycoheterotrophic genus Thismia (Thismiaceae: Dioscoreales) with a focus on the Old World taxa: delineation of novel natural groups and insights into the evolution of morphological traits	2020	10.1093/botlinnean/boaa017		https://openalex.org/W3014594345		https://openalex.org/W3014594345
openalex	Q16	homoplasy	W3014602799	publication	Heads, Hox and the phylogenetic position of trilobites	2005	10.1201/9781420037548-13		https://openalex.org/W3014602799		https://openalex.org/W3014602799
openalex	Q16	homoplasy	W3014630167	publication	Differentiating homoploid hybridization from ancestral subdivision in evaluating the origin of the D lineage in wheat	2020	10.1111/nph.16578	32255512	https://openalex.org/W3014630167		https://openalex.org/W3014630167
openalex	Q16	homoplasy	W3016911752	publication	Exploring systematic biases, rooting methods and morphological evidence to unravel the evolutionary history of the genus Ficus (Moraceae)	2020	10.1101/2020.04.15.042259		https://openalex.org/W3016911752		https://openalex.org/W3016911752
openalex	Q16	homoplasy	W3020036267	publication	Sequence Analysis of Homologous Alu Elements: A Novel Methodology for Primate Phylogenetic Tree Construction	2020	10.1096/fasebj.2020.34.s1.09578		https://openalex.org/W3020036267		https://openalex.org/W3020036267
openalex	Q16	homoplasy	W3021641619	publication	Anatomy of staminal glands in the Stigmaphylloid clade sheds light into new morphotypes of elaiophores and osmophores in Malpighiaceae	2020	10.1007/s00606-020-01680-w		https://openalex.org/W3021641619		https://openalex.org/W3021641619
openalex	Q16	homoplasy	W3024823924	publication	Phylogenetic analysis of the genus Corotoca, with description of a new genus and species from Brazil (Coleoptera, Staphylinidae, Aleocharinae)	2020	10.1163/1876312x-bja10005		https://openalex.org/W3024823924		https://openalex.org/W3024823924
openalex	Q16	homoplasy	W3027808497	publication	No evidence for increased transmissibility from recurrent mutations in SARS-CoV-2	2020	10.1101/2020.05.21.108506		https://openalex.org/W3027808497		https://openalex.org/W3027808497
openalex	Q16	homoplasy	W3033136082	publication	Genome-wide analysis in Escherichia coli unravels an unprecedented level of genetic homoplasy associated with cefotaxime resistance	2020	10.1101/2020.06.01.128843		https://openalex.org/W3033136082		https://openalex.org/W3033136082
openalex	Q16	homoplasy	W3040880471	publication	Conflict Resolution for Mesozoic Mammals: Reconciling Phylogenetic Incongruence Among Anatomical Regions	2020	10.3389/fgene.2020.00651	32774343	https://openalex.org/W3040880471		https://openalex.org/W3040880471
openalex	Q16	homoplasy	W3041364328	publication	Molecular phylogeny of Kazimierzus Plisko, 2006 (Clitellata, Kazimierzidae) from the Western and Northern Cape Province inferred from mitochondrial DNA sequences	2020	10.3897/afrinvertebr.61.53380		https://openalex.org/W3041364328		https://openalex.org/W3041364328
openalex	Q16	homoplasy	W3043187126	publication	Untangling the tree of life: Which partitioning strategies improve phylogenetic inference?	2019			https://openalex.org/W3043187126		https://openalex.org/W3043187126
openalex	Q16	homoplasy	W3045947143	publication	Phylogenetic analysis of theEuschistusgroup (Hemiptera: Pentatomidae) suggests polyphyly ofDichelopsSpinola, 1837 with the erection ofDiceraeusDallas, 1851, stat. rev.	2020	10.1111/aen.12489		https://openalex.org/W3045947143		https://openalex.org/W3045947143
openalex	Q16	homoplasy	W3047112770	publication	Njoerdichthys dyckerhoffi gen. et sp. nov. (Pycnodontiformes, lower Turonian) northward migration caused by the Cretaceous Thermal Maximum	2020	10.1016/j.cretres.2020.104590	34690488	https://openalex.org/W3047112770		https://openalex.org/W3047112770
openalex	Q16	homoplasy	W3080554873	publication	Extensive Homoplasy but No Evidence of Convergent Evolution of Repeat Numbers at MIRU Loci in Modern Mycobacterium tuberculosis Lineages	2020	10.3389/fpubh.2020.00455	32974265	https://openalex.org/W3080554873		https://openalex.org/W3080554873
openalex	Q16	homoplasy	W3087944422	publication	High congruence of karyotypic and molecular data on Hypostomus species from the Paraná River basin	2020	10.1101/2020.09.22.308437		https://openalex.org/W3087944422		https://openalex.org/W3087944422
openalex	Q16	homoplasy	W3090511664	publication	Phylogenomic Analysis Of Evolutionary Relationships In Ranitomeya Poison Frogs (Amphibia: Dendrobatidae) Using Ultraconserved Elements	2020			https://openalex.org/W3090511664		https://openalex.org/W3090511664
openalex	Q16	homoplasy	W3093617761	publication	Molecular systematics of Crassiphycus and Hydropuntia (Gracilariales, Rhodophyta) with the description of poorly known taxa in the Western Atlantic Ocean	2020	10.1080/09670262.2020.1814424		https://openalex.org/W3093617761		https://openalex.org/W3093617761
openalex	Q16	homoplasy	W3097098375	publication	A phylogenomic perspective on gene tree conflict and character evolution in Caprifoliaceae using target enrichment data, with Zabelioideae recognized as a new subfamily	2020	10.1101/2020.10.29.359950		https://openalex.org/W3097098375		https://openalex.org/W3097098375
openalex	Q16	homoplasy	W3099844337	publication	Molecular phylogeny of the phytoparasitic mite family Phytoptidae (Acariformes: Eriophyoidea) identified the female genitalic anatomy as a major macroevolutionary factor and revealed multiple origins of gall induction	2020	10.1007/s10493-020-00571-6	33201392	https://openalex.org/W3099844337		https://openalex.org/W3099844337
openalex	Q16	homoplasy	W3101444138	publication	Collections‐based systematics and biogeography in the 21st century: A tribute to Dr. Vicki Funk	2020	10.1111/jse.12707		https://openalex.org/W3101444138		https://openalex.org/W3101444138
openalex	Q16	homoplasy	W3106674057	publication	No evidence for increased transmissibility from recurrent mutations in SARS-CoV-2	2020	10.1038/s41467-020-19818-2	33239633	https://openalex.org/W3106674057		https://openalex.org/W3106674057
openalex	Q16	homoplasy	W3110927281	publication	Diversité et évolution des algues vertes Udoteaceae et Rhipiliaceae (Bryopsidales, Chlorophyta)	2019			https://openalex.org/W3110927281		https://openalex.org/W3110927281
openalex	Q16	homoplasy	W3111953933	publication	Ischnocolinae and Schismatothelinae	2020	10.1007/978-3-030-48644-0_3		https://openalex.org/W3111953933		https://openalex.org/W3111953933
openalex	Q16	homoplasy	W3114494315	publication	Patterns of within-host genetic diversity in SARS-CoV-2	2020	10.1101/2020.12.23.424229		https://openalex.org/W3114494315		https://openalex.org/W3114494315
openalex	Q16	homoplasy	W3117886522	publication	Detecting Phylogenetic Signal and Adaptation in Papionin Cranial Shape by Decomposing Variation at Different Spatial Scales	2020	10.1093/sysbio/syaa093	33337483	https://openalex.org/W3117886522		https://openalex.org/W3117886522
openalex	Q16	homoplasy	W3118056952	publication	Catfishes, Case Studv for General Discussions of Phylogenetic and Macroevolutionary Topics	2004	10.1201/9781482280081-21		https://openalex.org/W3118056952		https://openalex.org/W3118056952
openalex	Q16	homoplasy	W3118306351	publication	Diversification dynamics of hypermetamorphic blister beetles (Meloidae): Are homoplastic host shifts and phoresy key factors of a rushing forward strategy to escape extinction?	2021	10.1101/2021.01.04.425192		https://openalex.org/W3118306351		https://openalex.org/W3118306351
openalex	Q16	homoplasy	W3118773633	publication	Morphology of pollen in Apiales (Asterids, Eudicots)	2021	10.11646/phytotaxa.478.1.1		https://openalex.org/W3118773633		https://openalex.org/W3118773633
openalex	Q16	homoplasy	W3118800096	publication	A comparative analysis of the vestibular apparatus in Epipliopithecus vindobonensis: Phylogenetic implications	2021	10.1016/j.jhevol.2020.102930	33422741	https://openalex.org/W3118800096		https://openalex.org/W3118800096
openalex	Q16	homoplasy	W3118921656	publication	European context of the diversity and phylogenetic position of SARS-CoV-2 sequences from Polish COVID-19 patients	2021	10.1007/s13353-020-00603-2	33400131	https://openalex.org/W3118921656		https://openalex.org/W3118921656
openalex	Q16	homoplasy	W3119820711	publication	1199. Phylogenomic analysis of Campylobacter jejuni isolated from gastroenteritis cases in Michigan	2020	10.1093/ofid/ofaa439.1384		https://openalex.org/W3119820711		https://openalex.org/W3119820711
openalex	Q16	homoplasy	W3121621874	publication	Chloroplast phylogenomic insights into the evolution of Distylium (Hamamelidaceae)	2021	10.1186/s12864-021-07590-6	33888057	https://openalex.org/W3121621874		https://openalex.org/W3121621874
openalex	Q16	homoplasy	W3123978287	publication	High congruence of karyotypic and molecular data on Hypostomus species from Brazilian southeast	2021	10.1007/s13127-021-00478-z		https://openalex.org/W3123978287		https://openalex.org/W3123978287
openalex	Q16	homoplasy	W3127577041	publication	Comparative Genetic Analysis of Yersinia pestis Strains Isolated on the Ukok Plateau and other Territories of the Altai Mountains	2021	10.21055/0370-1069-2020-4-59-69		https://openalex.org/W3127577041		https://openalex.org/W3127577041
openalex	Q16	homoplasy	W3128132310	publication	A molecular phylogeny of Geotrochus and Trochomorpha species (Gastropoda: Trochomorphidae) in Sabah, Malaysia reveals convergent evolution of shell morphology driven by environmental influences	2021	10.7717/peerj.10526	33604162	https://openalex.org/W3128132310		https://openalex.org/W3128132310
openalex	Q16	homoplasy	W3128536791	publication	Mutation bias implicates RNA editing in a wide range of mammalian RNA viruses	2021	10.1101/2021.02.09.430395		https://openalex.org/W3128536791		https://openalex.org/W3128536791
openalex	Q16	homoplasy	W3129678141	publication	The enduring value of reciprocal illumination in the era of insect phylogenomics: a response to Cai et al . (2020)	2021	10.1111/syen.12471		https://openalex.org/W3129678141		https://openalex.org/W3129678141
openalex	Q16	homoplasy	W3132983763	publication	Evolutionary relationships, biogeography and morphological characters of Glinus (Molluginaceae), with special emphasis on the genus composition in Sub-Saharan Africa	2021	10.3897/phytokeys.173.60898	33679173	https://openalex.org/W3132983763		https://openalex.org/W3132983763
openalex	Q16	homoplasy	W3138947148	publication	Molecular phylogeny and biogeography ofPabstiella(Pleurothallidinae: Orchidaceae) highlight the importance of the Atlantic Rainforest for speciation in the genus	2020	10.1093/botlinnean/boaa092		https://openalex.org/W3138947148		https://openalex.org/W3138947148
openalex	Q16	homoplasy	W3143291390	publication	A phylogenomic perspective on gene tree conflict and character evolution in Caprifoliaceae using target enrichment data, with Zabelioideae recognized as a new subfamily	2021	10.1111/jse.12745		https://openalex.org/W3143291390		https://openalex.org/W3143291390
openalex	Q16	homoplasy	W3147353073	publication	Comparative morphology and evolutionary relationships of the Sparidae (Teleostei: Percoidei)	2000			https://openalex.org/W3147353073		https://openalex.org/W3147353073
openalex	Q16	homoplasy	W3156911673	publication	Genome-wide analysis in Escherichia coli unravels a high level of genetic homoplasy associated with cefotaxime resistance	2021	10.1099/mgen.0.000556	33843573	https://openalex.org/W3156911673		https://openalex.org/W3156911673
openalex	Q16	homoplasy	W3157383604	publication	Homoplasy in Bacterial Evolution	2020			https://openalex.org/W3157383604		https://openalex.org/W3157383604
openalex	Q16	homoplasy	W3158134178	publication	Reassessing the human mitochondrial tree: character compatibility analysis of three primate taxa	2016	10.7490/f1000research.1112448.1		https://openalex.org/W3158134178		https://openalex.org/W3158134178
openalex	Q16	homoplasy	W3158977901	publication	Large-Scale Annotation and Evolution Analysis of MiRNA in Insects	2021	10.1093/gbe/evab083	33905491	https://openalex.org/W3158977901		https://openalex.org/W3158977901
openalex	Q16	homoplasy	W3163296500	publication	SARS-CoV-2 convergent evolution cannot be reliably inferred from phylogenetic analyses	2021	10.1101/2021.05.15.444301		https://openalex.org/W3163296500		https://openalex.org/W3163296500
openalex	Q16	homoplasy	W3163982761	publication	Extensive C->U transition biases in the genomes of a wide range of mammalian RNA viruses; potential associations with transcriptional mutations, damage- or host-mediated editing of viral RNA	2021	10.1371/journal.ppat.1009596	34061905	https://openalex.org/W3163982761		https://openalex.org/W3163982761
openalex	Q16	homoplasy	W3164399667	publication	Identification of evolutionary trajectories shared across human betacoronaviruses	2021	10.1101/2021.05.24.445313	34075377	https://openalex.org/W3164399667		https://openalex.org/W3164399667
openalex	Q16	homoplasy	W3169389566	publication	Identification of Low‐Resolution Translocations via Novel Computational Genomics Analysis	2021	10.1096/fasebj.2021.35.s1.05188		https://openalex.org/W3169389566		https://openalex.org/W3169389566
openalex	Q16	homoplasy	W3173325557	publication	Using 3‐D surface models to evaluate morphological variation in artiodactyl carpal and tarsal bones	2013	10.1096/fasebj.27.1_supplement.742.3		https://openalex.org/W3173325557		https://openalex.org/W3173325557
openalex	Q16	homoplasy	W317381333	publication	Wood anatomy and climate change	2011	10.1017/cbo9780511974540.007		https://openalex.org/W317381333		https://openalex.org/W317381333
openalex	Q16	homoplasy	W3174409042	publication	Molecular and Morphological Assessment of Septoria Species Associated with Ornamental Plants in Yunnan Province, China	2021	10.3390/jof7060483	34208444	https://openalex.org/W3174409042		https://openalex.org/W3174409042
openalex	Q16	homoplasy	W3183619699	publication	Characterizing chloroplast genomes and inferring maternal divergence of the Triticum–Aegilops complex	2021	10.1038/s41598-021-94649-9	34321524	https://openalex.org/W3183619699		https://openalex.org/W3183619699
openalex	Q16	homoplasy	W3188223815	publication	A Soft Spot for Chemistry–Current Taxonomic and Evolutionary Implications of Sponge Secondary Metabolite Distribution	2021	10.3390/md19080448	34436287	https://openalex.org/W3188223815		https://openalex.org/W3188223815
openalex	Q16	homoplasy	W3191033812	publication	Patterns of within-host genetic diversity in SARS-CoV-2	2021	10.7554/elife.66857	34387545	https://openalex.org/W3191033812		https://openalex.org/W3191033812
openalex	Q16	homoplasy	W3192278125	publication	Limited genomic reconstruction of SARS-CoV-2 transmission history within local epidemiological clusters	2021	10.1101/2021.08.08.21261673		https://openalex.org/W3192278125		https://openalex.org/W3192278125
openalex	Q16	homoplasy	W3200269944	publication	Phylogenetic relationships of Sphaeromides Dollfus, 1897 (Crustacea: Isopoda: Cirolanidae) and some related taxa, with new considerations about Trogloaega Brian, 1923	2021	10.1080/00222933.2021.1952328		https://openalex.org/W3200269944		https://openalex.org/W3200269944
openalex	Q16	homoplasy	W3203363443	publication	Androgen-Binding Protein (Abp) Evolutionary History: Has Positive Selection Caused Fixation of Different Paralogs in Different Taxa of the Genus Mus?	2021	10.1093/gbe/evab220	34581786	https://openalex.org/W3203363443		https://openalex.org/W3203363443
openalex	Q16	homoplasy	W3213818678	publication	Phylogeny and evolution of the epiphytic Rhipsalideae (Cactaceae)	2011			https://openalex.org/W3213818678		https://openalex.org/W3213818678
openalex	Q16	homoplasy	W3214960163	publication	Character correlation and its use for identification	2021	10.11646/zootaxa.5071.1.7	34810677	https://openalex.org/W3214960163		https://openalex.org/W3214960163
openalex	Q16	homoplasy	W3217734481	publication	Femoral specializations to locomotor habits in early archosauriforms	2021	10.1111/joa.13598	34841511	https://openalex.org/W3217734481		https://openalex.org/W3217734481
openalex	Q16	homoplasy	W323564234	publication	A Hierarchical View of Vertebrate Systematics, with Emphasis on Turtles	2011			https://openalex.org/W323564234		https://openalex.org/W323564234
openalex	Q16	homoplasy	W4200387016	publication	DNA Barcoding: Molecular Identification and Phylogenetic Analysis of Pheretimoid Earthworm (Metaphire sp. and Amynthas sp.) Based on Mitochondrial Partial COI Gene from Sialkot, Pakistan	2021	10.5650/jos.ess21246	34880150	https://openalex.org/W4200387016		https://openalex.org/W4200387016
openalex	Q16	homoplasy	W4205277175	publication	Perspectives in Earthworm Molecular Phylogeny: Recent Advances in Lumbricoidea and Standing Questions	2022	10.3390/d14010030		https://openalex.org/W4205277175		https://openalex.org/W4205277175
openalex	Q16	homoplasy	W4205294618	publication	Using Phylogenies to Study Convergence: The Case of the Ant-Eating Mammals	2001	10.1093/icb/41.3.507		https://openalex.org/W4205294618		https://openalex.org/W4205294618
openalex	Q16	homoplasy	W4205318330	publication	Decision letter: MERS-CoV spillover at the camel-human interface	2017	10.7554/elife.31257.037		https://openalex.org/W4205318330		https://openalex.org/W4205318330
openalex	Q16	homoplasy	W4205626959	publication	Molecular phylogenetics, speciation, and long distance dispersal in tardigrade evolution: A case study of the genus Milnesium	2022	10.1016/j.ympev.2022.107401	35031462	https://openalex.org/W4205626959		https://openalex.org/W4205626959
openalex	Q16	homoplasy	W4206732966	publication	Decision letter: COVID-19 CG enables SARS-CoV-2 mutation and lineage tracking by locations and dates of interest	2020	10.7554/elife.63409.sa1		https://openalex.org/W4206732966		https://openalex.org/W4206732966
openalex	Q16	homoplasy	W4207008538	publication	Hydrogen isotope of mass 2	1932	10.1016/s0016-0032(32)90450-5		https://openalex.org/W4207008538		https://openalex.org/W4207008538
openalex	Q16	homoplasy	W4210766426	publication	Limited genomic reconstruction of SARS-CoV-2 transmission history within local epidemiological clusters	2022	10.1093/ve/veac008	35242361	https://openalex.org/W4210766426		https://openalex.org/W4210766426
openalex	Q16	homoplasy	W4212896500	publication	Pushing barcodes to their limits: phylogenetic placement of Fontigens Pilsbry, 1933 (Caenogastropoda: Littorinimorpha: Truncatelloidea) and elevation of Fontigentidae Taylor, 1966	2021	10.1093/mollus/eyab038		https://openalex.org/W4212896500		https://openalex.org/W4212896500
openalex	Q16	homoplasy	W4212965501	publication	Homoplasy and morphological stasis revealed through multilocus phylogeny of new myrmecophilous species in Armadillidiidae (Isopoda: Oniscidea)	2021	10.1093/zoolinnean/zlab066		https://openalex.org/W4212965501		https://openalex.org/W4212965501
openalex	Q16	homoplasy	W4213149511	publication	Taxonomic consistency and nomenclatural rules within oysters: Comment on Li et al. (2021)	2022	10.1016/j.ympev.2022.107437	35183712	https://openalex.org/W4213149511		https://openalex.org/W4213149511
openalex	Q16	homoplasy	W4213381138	publication	Proboscis sensory cells in Nemertea: comparative morphology and phylogenetic implications	2021	10.1093/zoolinnean/zlab106		https://openalex.org/W4213381138		https://openalex.org/W4213381138
openalex	Q16	homoplasy	W4214656926	publication	Taxonomic Reappraisal of Periconiaceae with the Description of Three New Periconia Species from China	2022	10.3390/jof8030243	35330245	https://openalex.org/W4214656926		https://openalex.org/W4214656926
openalex	Q16	homoplasy	W4220671339	publication	Revealing diagnostic characters through morphological evolution in cleptoparasitic spider wasps (Hymenoptera, Pompilidae, Ceropales)	2022	10.1111/zsc.12530		https://openalex.org/W4220671339		https://openalex.org/W4220671339
openalex	Q16	homoplasy	W4221039632	publication	Reunion of Australasian Possums by Shared SINE Insertions	2022	10.1093/sysbio/syac025	35289914	https://openalex.org/W4221039632		https://openalex.org/W4221039632
openalex	Q16	homoplasy	W4229782451	publication	"Peer Review #2 of ""A molecular phylogeny of Geotrochus and Trochomorpha species (Gastropoda: Trochomorphidae) in Sabah, Malaysia reveals convergent evolution of shell morphology driven by environmental influences (v0.1)"""	2021	10.7287/peerj.10526v0.1/reviews/2		https://openalex.org/W4229782451		https://openalex.org/W4229782451
openalex	Q16	homoplasy	W4230008939	publication	Annual Meetings of the Michigan Academy, Andrews University, March 13, 2015	2016	10.7245/0026-2005-43.1.183		https://openalex.org/W4230008939		https://openalex.org/W4230008939
openalex	Q16	homoplasy	W4230043513	publication	The phylogenetic significance of the morphology of the syrinx, hyoid and larynx, of the Southern Cassowary, Casuarius casuarius (Aves, Palaeognathae)	2019	10.21203/rs.2.12067/v3		https://openalex.org/W4230043513		https://openalex.org/W4230043513
openalex	Q16	homoplasy	W4230361615	publication		2019	10.7287/peerj.preprints.27406v2/supp-4		https://openalex.org/W4230361615		https://openalex.org/W4230361615
openalex	Q16	homoplasy	W4231009102	publication	Comparative Patterns of Growth and Development in Cricetine Rodents and the Evolution of Ontogeny	1986	10.2307/2408607		https://openalex.org/W4231009102		https://openalex.org/W4231009102
openalex	Q16	homoplasy	W4231610433	publication	Evolutionary implications of hemipenial morphology in the terrestrial Australian elapid snakes	1999	10.1006/zjls.1997.0163		https://openalex.org/W4231610433		https://openalex.org/W4231610433
openalex	Q16	homoplasy	W4232002731	publication	"Peer Review #2 of ""A molecular phylogeny of Geotrochus and Trochomorpha species (Gastropoda: Trochomorphidae) in Sabah, Malaysia reveals convergent evolution of shell morphology driven by environmental influences (v0.2)"""	2021	10.7287/peerj.10526v0.2/reviews/2		https://openalex.org/W4232002731		https://openalex.org/W4232002731
openalex	Q16	homoplasy	W4232324180	publication	Characterization of the embB gene in Mycobacterium tuberculosis isolates from Barcelona and rapid detection of main mutations related to ethambutol resistance using a low-density DNA array--authors' response	2014	10.1093/jac/dku134		https://openalex.org/W4232324180		https://openalex.org/W4232324180
openalex	Q16	homoplasy	W4232539197	publication	A parametric bootstrap approach to the detection of phylogenetic signals in landmark data	2002	10.1201/9780203165171-23		https://openalex.org/W4232539197		https://openalex.org/W4232539197
openalex	Q16	homoplasy	W4233420389	publication	Systematics of the Pezizomycetes—the operculate discomycetes	2006	10.1080/15572536.2006.11832631		https://openalex.org/W4233420389		https://openalex.org/W4233420389
openalex	Q16	homoplasy	W4234329718	publication	Recurrent variation in the active NOR sites in the monkey frogs of the genus Pithecopus Cope, 1866 (Phyllomedusidae, Anura)	2019	10.3897/compcytogen.v13i3.37687		https://openalex.org/W4234329718		https://openalex.org/W4234329718
openalex	Q16	homoplasy	W4234424465	publication	The phylogenetic origin and evolution of acellular bone in teleost fishes: insights into osteocyte function in bone metabolism	2019	10.7287/peerj.preprints.27406v2		https://openalex.org/W4234424465		https://openalex.org/W4234424465
openalex	Q16	homoplasy	W4235602486	publication	Genetic Variation of Korean Lepista nuda	2004	10.5352/jls.2004.14.1.115		https://openalex.org/W4235602486		https://openalex.org/W4235602486
openalex	Q16	homoplasy	W4235840250	publication	The phylogenetic origin and evolution of acellular bone in teleost fishes: insights into osteocyte function in bone metabolism	2018	10.7287/peerj.preprints.27406v1		https://openalex.org/W4235840250		https://openalex.org/W4235840250
openalex	Q16	homoplasy	W4237300641	publication		2018	10.7287/peerj.preprints.27406v1/supp-3		https://openalex.org/W4237300641		https://openalex.org/W4237300641
openalex	Q16	homoplasy	W4237418928	publication	Abstracts	2014	10.7572/2167-5872-130.3-4.80		https://openalex.org/W4237418928		https://openalex.org/W4237418928
openalex	Q16	homoplasy	W4237660616	publication	Neurobiology of social communication in primates. An evolutionary perspective	1980	10.1016/0047-2484(80)90012-3		https://openalex.org/W4237660616		https://openalex.org/W4237660616
openalex	Q16	homoplasy	W4237883319	publication	The phylogeny of elateroidea (Coleoptera), or which tree is best today?	1995	10.1016/0748-3007(95)90019-5		https://openalex.org/W4237883319		https://openalex.org/W4237883319
openalex	Q16	homoplasy	W4238547731	publication	Decision letter: Eighteenth century Yersinia pestis genomes reveal the long-term persistence of an historical plague focus	2015	10.7554/elife.12994.010		https://openalex.org/W4238547731		https://openalex.org/W4238547731
openalex	Q16	homoplasy	W4238600248	publication		2018	10.7287/peerj.preprints.27406/supp-4		https://openalex.org/W4238600248		https://openalex.org/W4238600248
openalex	Q16	homoplasy	W4239233020	publication	Phylogenetic evolution and biogeography of Southeast Asian shrews (genusCrocidura: Soricidae)	1996	10.1006/bijl.1996.0032		https://openalex.org/W4239233020		https://openalex.org/W4239233020
openalex	Q16	homoplasy	W4241022874	publication		2018	10.7287/peerj.preprints.27406/supp-2		https://openalex.org/W4241022874		https://openalex.org/W4241022874
openalex	Q16	homoplasy	W4242220852	publication		2019	10.7287/peerj.preprints.27406v2/supp-2		https://openalex.org/W4242220852		https://openalex.org/W4242220852
openalex	Q16	homoplasy	W4243328688	publication	Adenylate Kinase Intron 5: A New Nuclear Locus for Avian Systematics	2001	10.2307/4089776		https://openalex.org/W4243328688		https://openalex.org/W4243328688
openalex	Q16	homoplasy	W4243698681	publication	Plastid phylogenomic insights into the evolution of Distylium (Hamamelidaceae)	2020	10.21203/rs.3.rs-119007/v1		https://openalex.org/W4243698681		https://openalex.org/W4243698681
openalex	Q16	homoplasy	W4244438265	publication	Decision letter: Novel origin of lamin-derived cytoplasmic intermediate filaments in tardigrades	2015	10.7554/elife.11117.054		https://openalex.org/W4244438265		https://openalex.org/W4244438265
openalex	Q16	homoplasy	W4244507389	publication	Molecular Phylogenetics of the Ramphastos Toucans: Implications for the Evolution of Morphology, Vocalizations, and Coloration	2005	10.1093/auk/122.4.1191		https://openalex.org/W4244507389		https://openalex.org/W4244507389
openalex	Q16	homoplasy	W4244657853	publication		2019	10.7287/peerj.preprints.27406v2/supp-3		https://openalex.org/W4244657853		https://openalex.org/W4244657853
openalex	Q16	homoplasy	W4245002373	publication	Phylogenetic Analysis of Wing Feather Taxis in Birds: Macroevolutionary Patterns of Genetic Drift?	2002	10.1093/auk/119.4.943		https://openalex.org/W4245002373		https://openalex.org/W4245002373
openalex	Q16	homoplasy	W4245789172	publication	Substitution rate variation in closely related rodent species	1997	10.1038/sj.hdy.6881150		https://openalex.org/W4245789172		https://openalex.org/W4245789172
openalex	Q16	homoplasy	W4247127936	publication	Paleogene Fossils and the Radiation of Modern Birds	2005	10.1093/auk/122.4.1049		https://openalex.org/W4247127936		https://openalex.org/W4247127936
openalex	Q16	homoplasy	W4247172315	publication	DETECTING THE HISTORICAL SIGNATURE OF KEY INNOVATIONS USING STOCHASTIC MODELS OF CHARACTER EVOLUTION AND CLADOGENESIS	2005	10.1111/j.0014-3820.2005.tb00986.x		https://openalex.org/W4247172315		https://openalex.org/W4247172315
openalex	Q16	homoplasy	W4247433027	publication	Adenylate Kinase Intron 5: A New Nuclear Locus for Avian Systematics	2001	10.1093/auk/118.1.248		https://openalex.org/W4247433027		https://openalex.org/W4247433027
openalex	Q16	homoplasy	W4247774018	publication	Ontogeny and phylogeny in temnospondyls: a new method of analysis	2000	10.1006/zjls.1999.0220		https://openalex.org/W4247774018		https://openalex.org/W4247774018
openalex	Q16	homoplasy	W4247976397	publication	Chloroplast DNA Variation in Gliricidia sepium (Leguminosae): Intraspecific Phylogeny and Tokogeny	1991	10.2307/2444983		https://openalex.org/W4247976397		https://openalex.org/W4247976397
openalex	Q16	homoplasy	W4248182375	publication	A Preliminary Phylogenetic Hypothesis for the Cotingas (Cotingidae) Based on Mitochondrial DNA	2000	10.1093/auk/117.1.236		https://openalex.org/W4248182375		https://openalex.org/W4248182375
openalex	Q16	homoplasy	W4249001703	publication	Bernard Wood	2014	10.1016/j.cub.2014.09.039	25587583	https://openalex.org/W4249001703		https://openalex.org/W4249001703
openalex	Q16	homoplasy	W4249809830	publication		2018	10.7287/peerj.preprints.27406/supp-3		https://openalex.org/W4249809830		https://openalex.org/W4249809830
openalex	Q16	homoplasy	W4250101660	publication		2019	10.7287/peerj.preprints.27406v2/supp-1		https://openalex.org/W4250101660		https://openalex.org/W4250101660
openalex	Q16	homoplasy	W4251043751	publication		2018	10.7287/peerj.preprints.27406v1/supp-4		https://openalex.org/W4251043751		https://openalex.org/W4251043751
openalex	Q16	homoplasy	W4251444564	publication	COMMENTARY	2001	10.1668/0003-1569(2001)041[1049:c]2.0.co;2		https://openalex.org/W4251444564		https://openalex.org/W4251444564
openalex	Q16	homoplasy	W4251609442	publication	Ossicular homologies, systematics, and phylogenetic implications of certain North American Carboniferous asteroids (Echinodermata)	2003	10.1017/s002233600004419x		https://openalex.org/W4251609442		https://openalex.org/W4251609442
openalex	Q16	homoplasy	W4252296988	publication		2018	10.7287/peerj.preprints.27406v1/supp-2		https://openalex.org/W4252296988		https://openalex.org/W4252296988
openalex	Q16	homoplasy	W4254850720	publication		2018	10.7287/peerj.preprints.27406/supp-1		https://openalex.org/W4254850720		https://openalex.org/W4254850720
openalex	Q16	homoplasy	W4254981427	publication	The phylogenetic origin and evolution of acellular bone in teleost fishes: insights into osteocyte function in bone metabolism	2018	10.7287/peerj.preprints.27406		https://openalex.org/W4254981427		https://openalex.org/W4254981427
openalex	Q16	homoplasy	W4255457618	publication	Comparative Restriction Site Mapping of Chloroplast DNA Implies New Phylogenetic Relationships within Rubiaceae	1991	10.2307/2445243		https://openalex.org/W4255457618		https://openalex.org/W4255457618
openalex	Q16	homoplasy	W4255508320	publication		2018	10.7287/peerj.preprints.27406v1/supp-1		https://openalex.org/W4255508320		https://openalex.org/W4255508320
openalex	Q16	homoplasy	W4255770413	publication	Molecular Systematics and Phylogeography of the Gibberella fujikuroi Species Complex	1998	10.2307/3761407		https://openalex.org/W4255770413		https://openalex.org/W4255770413
openalex	Q16	homoplasy	W4255907173	publication	"Peer Review #1 of ""Revised phylogenetic analysis of the Aetosauria (Archosauria: Pseudosuchia); assessing the effects of incongruent morphological character sets (v0.1)"""	2016	10.7287/peerj.1583v0.1/reviews/1		https://openalex.org/W4255907173		https://openalex.org/W4255907173
openalex	Q16	homoplasy	W4256443155	publication	Phylogenomic Analysis Reveals Extensive Phylogenetic Mosaicism in the Human GPCR Superfamily	2007	10.1177/117693430700300002		https://openalex.org/W4256443155		https://openalex.org/W4256443155
openalex	Q16	homoplasy	W4282974606	publication	Incomplete lineage sorting and reticulate evolution mask species relationships in Brunelliaceae, an Andean family with rapid, recent diversification	2022	10.1002/ajb2.16025	35709353	https://openalex.org/W4282974606		https://openalex.org/W4282974606
openalex	Q16	homoplasy	W4283741382	publication	Open access in a taxonomic sense: a morphological and molecular guide to Western Palaearctic Dusona (Hymenoptera, Ichneumonidae)	2022	10.3897/jhr.91.83318		https://openalex.org/W4283741382		https://openalex.org/W4283741382
openalex	Q16	homoplasy	W4283788196	publication	Refining Phylogenetic Analyses	2022	10.1201/9780367823412		https://openalex.org/W4283788196		https://openalex.org/W4283788196
openalex	Q16	homoplasy	W4284880175	publication	Out of chaos: Phylogenomics of Asian Sonerileae	2022	10.1016/j.ympev.2022.107581	35810973	https://openalex.org/W4284880175		https://openalex.org/W4284880175
openalex	Q16	homoplasy	W4287578755	publication	Exploring the chaotic relationships of Annelida produced by mitogenomic data: skew inversions and their effect on evolutionary studies	2022	10.21203/rs.3.rs-1828162/v1		https://openalex.org/W4287578755		https://openalex.org/W4287578755
openalex	Q16	homoplasy	W4291618321	publication	Resolving marine–freshwater transitions by diatoms through a fog of discordant gene trees	2022	10.1101/2022.08.12.503770		https://openalex.org/W4291618321		https://openalex.org/W4291618321
openalex	Q16	homoplasy	W4292596079	publication	Phylogenomic analysis of 997 nuclear genes reveals the need for extensive generic re-delimitation in Caesalpinioideae (Leguminosae)	2022	10.3897/phytokeys.205.85866	36762007	https://openalex.org/W4292596079		https://openalex.org/W4292596079
openalex	Q16	homoplasy	W4292971326	publication	Exocarp structure in the genus Atraphaxis (Polygonaceae, Polygoneae)	2022	10.1007/s00606-022-01824-0		https://openalex.org/W4292971326		https://openalex.org/W4292971326
openalex	Q16	homoplasy	W4294029439	publication	Statistical Inconsistency of Error-Correction Objectives for Perfect Phylogenies	2026	10.4230/lipics.wabi.2026.23		https://openalex.org/W4294029439		https://openalex.org/W4294029439
openalex	Q16	homoplasy	W4295670089	publication	Correlation with a limited set of behavioral niches explains the convergence of somatic morphology in mygalomorph spiders	2022	10.22541/au.166315335.58805036/v1		https://openalex.org/W4295670089		https://openalex.org/W4295670089
openalex	Q16	homoplasy	W4296023807	publication	Phylotranscriptomics reveal the spatio-temporal distribution and morphological evolution ofMacrozamia, an Australian endemic genus of Cycadales	2022	10.1093/aob/mcac117	36111957	https://openalex.org/W4296023807		https://openalex.org/W4296023807
openalex	Q16	homoplasy	W4300005087	publication	Behavioral Patterns in Subterranean Fishes	2010	10.1201/ebk1578086702-7		https://openalex.org/W4300005087		https://openalex.org/W4300005087
openalex	Q16	homoplasy	W4302416034	publication	Corrections and Clarifications	2011	10.1126/science.332.6025.36-b		https://openalex.org/W4302416034		https://openalex.org/W4302416034
openalex	Q16	homoplasy	W4302858706	publication	Systematic Studies on Opossums (Didelphidae) and Rodents (Cricetidae).	1984			https://openalex.org/W4302858706		https://openalex.org/W4302858706
openalex	Q16	homoplasy	W4308713986	publication	Accurate Detection of Incomplete Lineage Sorting via Supervised Machine Learning	2022	10.1101/2022.11.09.515828		https://openalex.org/W4308713986		https://openalex.org/W4308713986
openalex	Q16	homoplasy	W4311869207	publication	Startle : a star homoplasy approach for CRISPR-Cas9 lineage tracing	2022	10.1101/2022.12.18.520935		https://openalex.org/W4311869207		https://openalex.org/W4311869207
openalex	Q16	homoplasy	W4315431327	publication	Subtribal classification of Metriorrhynchini (Insecta: Coleoptera: Lycidae): an integrative approach using molecular phylogeny and morphology of adults and larvae	2014	10.3897/asp.72.e31785		https://openalex.org/W4315431327		https://openalex.org/W4315431327
openalex	Q16	homoplasy	W4315641908	publication	Response to Tcherkez and Farquhar: Rubisco adaptation is more limited by phylogenetic constraint than by catalytic trade-off	2023	10.1101/2023.01.07.523088		https://openalex.org/W4315641908		https://openalex.org/W4315641908
openalex	Q16	homoplasy	W4315928820	publication	Correlation with a limited set of behavioral niches explains the convergence of somatic morphology in mygalomorph spiders	2023	10.1002/ece3.9706	36636427	https://openalex.org/W4315928820		https://openalex.org/W4315928820
openalex	Q16	homoplasy	W4316469898	publication	Phylogenetic analysis of the Belostoma plebejum group sensu Nieser (Insecta, Hemiptera, Belostomatidae): the effect of adding continuous characters on its accuracy	2023	10.3897/asp.81.e87378		https://openalex.org/W4316469898		https://openalex.org/W4316469898
openalex	Q16	homoplasy	W4316650464	publication	Updating the taxonomy, phylogeny and biogeography of the aberrant genus Coenosopsia Malloch (Diptera: Anthomyiidae)	2023	10.1163/1876312x-bja10043		https://openalex.org/W4316650464		https://openalex.org/W4316650464
openalex	Q16	homoplasy	W4317209032	publication	Conflicts in Mitochondrial Phylogenomics of Branchiopoda, with the First Complete Mitogenome of Laevicaudata (Crustacea: Branchiopoda)	2023	10.3390/cimb45020054	36825999	https://openalex.org/W4317209032		https://openalex.org/W4317209032
openalex	Q16	homoplasy	W4318263280	publication	Total‐evidence phylogeny and evolutionary morphology of New World pitvipers (Serpentes: Viperidae: Crotalinae)	2023	10.1111/cla.12522	36701490	https://openalex.org/W4318263280		https://openalex.org/W4318263280
openalex	Q16	homoplasy	W4319442899	publication	Phylogeny of sea spiders (Arthropoda: Pycnogonida) inferred from mitochondrial genome and 18S ribosomal RNA gene sequences	2023	10.1016/j.ympev.2023.107726	36754337	https://openalex.org/W4319442899		https://openalex.org/W4319442899
openalex	Q16	homoplasy	W4324330113	publication	Taxonomic and phylogenic appraisal of Pestalotiopsis linguae sp. nov., and a new record of P. nanjingensis from Pyrrosia lingua (Polypodiaceae) in Southern China	2023	10.11646/phytotaxa.587.3.3		https://openalex.org/W4324330113		https://openalex.org/W4324330113
openalex	Q16	homoplasy	W4327519460	publication	Re-assessment of the Late Jurassic eusauropod Mamenchisaurus sinocanadorum Russell and Zheng, 1993, and the evolution of exceptionally long necks in mamenchisaurids	2023	10.1080/14772019.2023.2171818		https://openalex.org/W4327519460		https://openalex.org/W4327519460
openalex	Q16	homoplasy	W4353041050	publication	Environmental gradualism explains variation in pollination systems of columnar cacti: Phylogenetic and trait evolution analyses	2023	10.1111/geb.13663		https://openalex.org/W4353041050		https://openalex.org/W4353041050
openalex	Q16	homoplasy	W4366088851	publication	Eriocaulaceae: A new classification system based on morphological evolution and molecular evidence	2023	10.1002/tax.12915		https://openalex.org/W4366088851		https://openalex.org/W4366088851
openalex	Q16	homoplasy	W4367301108	publication	A European perspective of phylogenomics, sublineages, geographical distribution, epidemiology, and mutational landscape of mpox virus: Emergence pattern may help to fight the next public health emergency in Europe	2023	10.1016/j.jiph.2023.04.017	37172461	https://openalex.org/W4367301108		https://openalex.org/W4367301108
openalex	Q16	homoplasy	W4376225184	publication	A minisatellite-based MLVA for deciphering the global epidemiology of the bacterial cassava pathogen Xanthomonas phaseoli pv. manihotis	2023	10.1371/journal.pone.0285491	37167330	https://openalex.org/W4376225184		https://openalex.org/W4376225184
openalex	Q16	homoplasy	W4377245791	publication	Towards reliable detection of introgression in the presence of among-species rate variation	2023	10.1101/2023.05.21.541635		https://openalex.org/W4377245791		https://openalex.org/W4377245791
openalex	Q16	homoplasy	W4377861169	publication	Identification of Evolutionary Trajectories Shared across Human Betacoronaviruses	2023	10.1093/gbe/evad076	37220645	https://openalex.org/W4377861169		https://openalex.org/W4377861169
openalex	Q16	homoplasy	W4378222692	publication	Integrative Taxonomy of Novel Diaporthe Species Associated with Medicinal Plants in Thailand	2023	10.3390/jof9060603	37367539	https://openalex.org/W4378222692		https://openalex.org/W4378222692
openalex	Q16	homoplasy	W4378807761	publication	Identification of Acrossocheilus fasciatus (Teleostei: Cyprinidae) from Three Different Phylogeographic Sources using Morphology and COI DNA Barcoding	2023	10.18805/ijar.bf-1636		https://openalex.org/W4378807761		https://openalex.org/W4378807761
openalex	Q16	homoplasy	W4379879550	publication	Response to Tcherkez and Farquhar: Rubisco adaptation is more limited by phylogenetic constraint than by catalytic trade-off	2023	10.1016/j.jplph.2023.154021	37392528	https://openalex.org/W4379879550		https://openalex.org/W4379879550
openalex	Q16	homoplasy	W4381157484	publication	Resolving Marine–Freshwater Transitions by Diatoms Through a Fog of Gene Tree Discordance	2023	10.1093/sysbio/syad038	37335140	https://openalex.org/W4381157484		https://openalex.org/W4381157484
openalex	Q16	homoplasy	W4382068347	publication	Exploring the Mitogenomes of Mantodea: New Insights from Structural Diversity and Higher-Level Phylogenomic Analyses	2023	10.3390/ijms241310570	37445747	https://openalex.org/W4382068347		https://openalex.org/W4382068347
openalex	Q16	homoplasy	W4382182781	publication	Comparative morphology of the avian bony columella	2023	10.1002/ar.25278	37365751	https://openalex.org/W4382182781		https://openalex.org/W4382182781
openalex	Q16	homoplasy	W4384346878	publication	Repeated evolution of similar phenotypes: Integrating comparative methods with developmental pathways	2023	10.1590/1678-4685-gmb-2022-0384	37486083	https://openalex.org/W4384346878		https://openalex.org/W4384346878
openalex	Q16	homoplasy	W4385297131	publication	Molecular systematics of Jania species (Corallinales, Rhodophyta) from south-eastern Australia based on cox1 and psbA DNA sequence analyses	2023	10.11646/phytotaxa.606.2.1		https://openalex.org/W4385297131		https://openalex.org/W4385297131
openalex	Q16	homoplasy	W4385442840	publication	Pangenomic analyses of antibiotic-resistant Campylobacter jejuni reveal unique lineage distributions and epidemiological associations	2023	10.1099/mgen.0.001073	37526649	https://openalex.org/W4385442840		https://openalex.org/W4385442840
openalex	Q16	homoplasy	W4386255049	publication	Phylogenetics and taxonomy of the Indo-Australian genus Ulonemia sensu Drake (Hemiptera: Tingidae), with the recognition of new genera and species collected from Proteaceae in Australia	2023	10.1093/zoolinnean/zlad080		https://openalex.org/W4386255049		https://openalex.org/W4386255049
openalex	Q16	homoplasy	W4386913338	publication	Homoplasy of Retrotransposon Insertions in Toothed Whales	2023	10.3390/genes14091830	37761970	https://openalex.org/W4386913338		https://openalex.org/W4386913338
openalex	Q16	homoplasy	W4386969009	publication	PhyloKey: a novel method to rapidly and reliably identify species in complex, species-rich genera, and an opportunity for ‘non-molecular museomics’	2023	10.1017/s0024282923000415		https://openalex.org/W4386969009		https://openalex.org/W4386969009
openalex	Q16	homoplasy	W4387476866	publication	Generic concepts and species diversity within the Gynoxyoid clade (Senecioneae, Compositae)	2023	10.3897/phytokeys.234.107750	37860599	https://openalex.org/W4387476866		https://openalex.org/W4387476866
openalex	Q16	homoplasy	W4389023759	publication	Phylogenetic Utility of Mammalian Postcranial Characters	2017	10.1096/fasebj.31.1_supplement.578.12		https://openalex.org/W4389023759		https://openalex.org/W4389023759
openalex	Q16	homoplasy	W4389678156	publication	Editorial: Molecular systematics and phylogeography of tropical and subtropical biodiversity	2023	10.3389/fgene.2023.1345239	38162676	https://openalex.org/W4389678156		https://openalex.org/W4389678156
openalex	Q16	homoplasy	W4389720501	publication	Systematics of deep-sea starfish order Brisingida (Echinodermata: Asteroidea), with a revised classification and assessments of morphological characters	2023	10.1016/j.ympev.2023.107993	38103706	https://openalex.org/W4389720501		https://openalex.org/W4389720501
openalex	Q16	homoplasy	W4390055845	publication	A plurality of morphological characters need not equate with phylogenetic accuracy: A rare genomic change refutes the placement of Solifugae and Pseudoscorpiones in Haplocnemata	2023	10.1111/ede.12467	38124251	https://openalex.org/W4390055845		https://openalex.org/W4390055845
openalex	Q16	homoplasy	W4391053423	publication	Phylogeny of Prosthechea (Laeliinae, Orchidaceae) based on nrITS and plastid DNA sequences: Reassessing the lumper‐splitter debate and shedding light on the evolution of this Neotropical genus	2024	10.1002/tax.13124		https://openalex.org/W4391053423		https://openalex.org/W4391053423
openalex	Q16	homoplasy	W4391100937	publication	Complete mitochondrial genome of Guigarra cailaoensis Wang, Chen & Zheng, 2022 (Cypriniformes, Cyprinidae) and its phylogenetic implications	2024	10.3897/zookeys.1190.113808	38298405	https://openalex.org/W4391100937		https://openalex.org/W4391100937
openalex	Q16	homoplasy	W4391530619	publication	New species of Tropicoporus (Basidiomycota, Hymenochaetales, Hymenochaetaceae) from India, with a key to Afro-Asian Tropicoporus species	2024	10.3897/mycokeys.102.117067	38356850	https://openalex.org/W4391530619		https://openalex.org/W4391530619
openalex	Q16	homoplasy	W4391609706	publication	Phylogeny, biogeography, and character evolution of Anaphalis (Gnaphalieae, Asteraceae)	2024	10.3389/fpls.2024.1336229	38384761	https://openalex.org/W4391609706		https://openalex.org/W4391609706
openalex	Q16	homoplasy	W4392571080	publication	The origin and evolution of Cynodontia (Synapsida, Therapsida): Reassessment of the phylogeny and systematics of the earliest members of this clade using 3D ‐imaging technologies	2024	10.1002/ar.25394	38444024	https://openalex.org/W4392571080		https://openalex.org/W4392571080
openalex	Q16	homoplasy	W4392621630	publication	Numerical Taxonomic Evaluation of Leaf Architectural Morphology of Vitex L. species (Lamiaceae Martinov) in Peninsular Malaysia	2022	10.37134/jsml.vol10.2.1.2022		https://openalex.org/W4392621630		https://openalex.org/W4392621630
openalex	Q16	homoplasy	W4392928808	publication	Review of the genus Daidalotarsonemus De Leon (Acari: Prostigmata: Tarsonemidae)	2024	10.11646/zootaxa.5426.1.1		https://openalex.org/W4392928808		https://openalex.org/W4392928808
openalex	Q16	homoplasy	W4393022692	publication	Identification and characterization of Colletotrichum species associated with ornamental plants in Southern China	2023	10.5943/mycosphere/14/si2/5		https://openalex.org/W4393022692		https://openalex.org/W4393022692
openalex	Q16	homoplasy	W4393701365	publication	Investigating evolution at the catalytic site of the main SARS-CoV-2 protease using over 15,000 genomes	2020	10.5281/zenodo.3865718		https://openalex.org/W4393701365		https://openalex.org/W4393701365
openalex	Q16	homoplasy	W4394042271	publication	Investigating evolution at the catalytic site of the main SARS-CoV-2 protease using over 15,000 genomes	2020	10.5281/zenodo.3865719		https://openalex.org/W4394042271		https://openalex.org/W4394042271
openalex	Q16	homoplasy	W4394118621	publication	A new odontocete (toothed cetacean) from the Early Miocene of Peru expands the morphological disparity of extinct heterodont dolphins	2017	10.6084/m9.figshare.5398096		https://openalex.org/W4394118621		https://openalex.org/W4394118621
openalex	Q16	homoplasy	W4394490921	publication	Re-assessment of the Late Jurassic eusauropod Mamenchisaurus sinocanadorum Russell and Zheng, 1993, and the evolution of exceptionally long necks in mamenchisaurids	2023	10.6084/m9.figshare.22277149		https://openalex.org/W4394490921		https://openalex.org/W4394490921
openalex	Q16	homoplasy	W4394499295	publication	The evolution of tyrosine-recombinase elements in Nematoda	2014	10.6084/m9.figshare.1009653		https://openalex.org/W4394499295		https://openalex.org/W4394499295
openalex	Q16	homoplasy	W4394526776	publication	New material of the Late Cretaceous marine turtle Ctenochelys acris Zangerl, 1953 and a phylogenetic reassessment of the ‘toxochelyid’-grade taxa	2016	10.6084/m9.figshare.3806781		https://openalex.org/W4394526776		https://openalex.org/W4394526776
openalex	Q16	homoplasy	W4395181220	publication	Taxonomic and phylogenic appraisal of Pestalotiopsis linguae sp. nov., and a new record of P. nanjingensis from Pyrrosia lingua (Polypodiaceae) in Southern China	2023	10.15468/26ps7m		https://openalex.org/W4395181220		https://openalex.org/W4395181220
openalex	Q16	homoplasy	W4395327844	publication	Phylogenetic analysis of the red algal tribe Ceramieae reveals multiple morphological homoplasies but defines new genera	2023	10.15468/2e4qcm		https://openalex.org/W4395327844		https://openalex.org/W4395327844
openalex	Q16	homoplasy	W4395482511	publication	DATA SET INCONGRUENCE, MISLEADING CHARACTERS, AND INSIGHTS FROM THE FOSSIL RECORD: THE CANID PHYLOGENY	2011			https://openalex.org/W4395482511		https://openalex.org/W4395482511
openalex	Q16	homoplasy	W4396861549	publication	Leaf anatomy of seven endemic species of Glicophyllum (Malpighiaceae) in Brazil	2024	10.1590/0001-3765202420230207	38747833	https://openalex.org/W4396861549		https://openalex.org/W4396861549
openalex	Q16	homoplasy	W4396883638	publication	Devonian Harpetidae from the central and eastern Anti–Atlas, Morocco	2024	10.11646/zootaxa.5450.1.1	39646233	https://openalex.org/W4396883638		https://openalex.org/W4396883638
openalex	Q16	homoplasy	W4399266357	publication	Comparative analysis of the processes involved in the loss of elaiophores in two species of the christianelloid clade (Malpighiaceae)	2024	10.1007/s00709-024-01960-z	38822209	https://openalex.org/W4399266357		https://openalex.org/W4399266357
openalex	Q16	homoplasy	W4399973091	publication	Towards Reliable Detection of Introgression in the Presence of Among-Species Rate Variation	2024	10.1093/sysbio/syae028	38912803	https://openalex.org/W4399973091		https://openalex.org/W4399973091
openalex	Q16	homoplasy	W4400694336	publication	Rate variation and recurrent sequence errors in pandemic-scale phylogenetics	2024	10.1101/2024.07.12.603240		https://openalex.org/W4400694336		https://openalex.org/W4400694336
openalex	Q16	homoplasy	W4401199727	publication	Charting Taxa in Amanita Section Amidella ( Basidiomycota : Amanitaceae )	2024	10.1101/2024.07.30.605754		https://openalex.org/W4401199727		https://openalex.org/W4401199727
openalex	Q16	homoplasy	W4402855355	publication	Sturnidae sensu lato Mitogenomics: Novel Insights into Codon Aversion, Selection, and Phylogeny	2024	10.3390/ani14192777	39409726	https://openalex.org/W4402855355		https://openalex.org/W4402855355
openalex	Q16	homoplasy	W4403249375	publication	Phylogeny of Lumbricidae based on mitochondrial genomes with emphasis on the genus Dendrobaena	2024	10.1007/s13127-024-00656-9		https://openalex.org/W4403249375		https://openalex.org/W4403249375
openalex	Q16	homoplasy	W4403424812	publication	Genome-wide species delimitation and quantification of the extent of introgression in eriophyoid mite Epitrimerus sabinae complex (Acariformes: Eriophyoidea)	2024	10.1016/j.ympev.2024.108220	39414099	https://openalex.org/W4403424812		https://openalex.org/W4403424812
openalex	Q16	homoplasy	W4404281961	publication	Three New Species and Five New Host Records from Chaetomiaceae with Anti-Phytopathogenic Potential from Cover Crops Astragalus sinicus and Vicia villosa	2024	10.3390/jof10110776	39590695	https://openalex.org/W4404281961		https://openalex.org/W4404281961
openalex	Q16	homoplasy	W4405292796	publication	Body size and evolutionary rate analyses reveal complex evolutionary history of Alvarezsauria	2024	10.1111/cla.12600	39660404	https://openalex.org/W4405292796		https://openalex.org/W4405292796
openalex	Q16	homoplasy	W4405686978	publication	Cranial anatomy and holotype reconstruction of the Late Cretaceous turtle, Australobaena chilensis from the Quiriquina Formation, Chile	2024	10.11646/mesozoic.1.4.5		https://openalex.org/W4405686978		https://openalex.org/W4405686978
openalex	Q16	homoplasy	W4406205593	publication	Generic delimitation in the Cyphotheca-Plagiopetalum-Sporoxeia clade	2025	10.1016/j.ympev.2025.108290	39798631	https://openalex.org/W4406205593		https://openalex.org/W4406205593
openalex	Q16	homoplasy	W4406606407	publication	A systematic review of the genus Tyzzeria Allen, 1936 (Chromista: Apicomplexa), including the molecular phylogenetic position of Tyzzeria parvula (Kotlán, 1933) Klimeš, 1963	2025	10.1016/j.parint.2025.103037	39842710	https://openalex.org/W4406606407		https://openalex.org/W4406606407
openalex	Q16	homoplasy	W4406710206	publication	Towards a comprehensive anatomical matrix for crown birds: phylogenetic insights from the pectoral girdle and forelimb skeleton	2025	10.1101/2025.01.17.633553		https://openalex.org/W4406710206		https://openalex.org/W4406710206
openalex	Q16	homoplasy	W4407009585	publication	Ontogeny of Inflorescences and Flowers in the Brownea Clade (Fabaceae: Detarioideae): A morphologically diverse lineage of legumes	2025	10.21203/rs.3.rs-5914372/v1		https://openalex.org/W4407009585		https://openalex.org/W4407009585
openalex	Q16	homoplasy	W4407245627	publication	Plastome phylogenomics of the Diverse Neotropical Orchid Genus Lepanthes with Emphasis on Subgenus Marsipanthes (Pleurothallidinae: Orchidaceae)	2025	10.21203/rs.3.rs-5738250/v1		https://openalex.org/W4407245627		https://openalex.org/W4407245627
openalex	Q16	homoplasy	W4407685843	publication	Three Novel Species of Earthworms of Genus Metaphire Sims and Easton, 1972 from Manipur, India	2025	10.11646/zootaxa.5589.1.14	40173784	https://openalex.org/W4407685843		https://openalex.org/W4407685843
openalex	Q16	homoplasy	W4408227205	publication	Novel genus and species of Diaporthostomataceae (Diaporthales) in China	2025	10.3897/imafungus.16.145422	40093758	https://openalex.org/W4408227205		https://openalex.org/W4408227205
openalex	Q16	homoplasy	W4408290847	publication	Unveiling fungal diversity associated with coffee trees in China using a polyphasic approach and a global review of coffee saprobic fungi	2025	10.3897/imafungus.16.144874	40104159	https://openalex.org/W4408290847		https://openalex.org/W4408290847
openalex	Q16	homoplasy	W4409016124	publication	The first 100 Trichoderma species characterized by molecular data	2006	10.47371/mycosci.myc47055		https://openalex.org/W4409016124		https://openalex.org/W4409016124
openalex	Q16	homoplasy	W4409457822	publication	Morphological and molecular characterisation of the parasitoid complex of Liriomyza leafminer (Diptera: Agromyzidae) species in the small-scale vegetable production sector of Zimbabwe	2025	10.1007/s42690-025-01489-5		https://openalex.org/W4409457822		https://openalex.org/W4409457822
openalex	Q16	homoplasy	W4410105599	publication	A phylogenetic perspective on the evolution of early hominin foot morphology	2025	10.1016/j.jhevol.2025.103682	40334434	https://openalex.org/W4410105599		https://openalex.org/W4410105599
openalex	Q16	homoplasy	W4410523417	publication	Classification of Urticaceae based on morphology and phylogenetic inference	2025	10.1101/2025.05.16.651835		https://openalex.org/W4410523417		https://openalex.org/W4410523417
openalex	Q16	homoplasy	W4410998216	publication	Mitogenomic evidence for the monophyly of blackcurrant gall mite subfamily Cecidophyinae (Eriophyoidea, Eriophyidae)	2025	10.1007/s10493-025-01027-5	40459610	https://openalex.org/W4410998216		https://openalex.org/W4410998216
openalex	Q16	homoplasy	W4411276756	publication	Morphological and phylogenetic analyses reveal Conidiobolus longivillosus sp. nov., a new cryptic species with long villose conidia in the Conidiobolus coronatus species complex	2025	10.1099/ijsem.0.006808	40512540	https://openalex.org/W4411276756		https://openalex.org/W4411276756
openalex	Q16	homoplasy	W4411500293	publication	Chloroplast genome diversity and phylogenetic insights of Saccharum spontaneum across Southeast Asia	2025	10.1002/ppp3.70056		https://openalex.org/W4411500293		https://openalex.org/W4411500293
openalex	Q16	homoplasy	W4411919607	publication	Phylogenetic and Morphological Characterization of Beltraniaceae Species from Litchi and Longan Litter in Southern China	2025	10.12982/cmjs.2025.045		https://openalex.org/W4411919607		https://openalex.org/W4411919607
openalex	Q16	homoplasy	W4412628626	publication	Toward a Comprehensive Anatomical Matrix for Crown Birds: Phylogenetic Insights from the Pectoral Girdle and Forelimb Skeleton	2025	10.1093/iob/obaf029	40917309	https://openalex.org/W4412628626		https://openalex.org/W4412628626
openalex	Q16	homoplasy	W4412739192	publication	Dataset on some chloroplast DNA regions of Strobilanthes bantonensis Lindau in Vietnam	2025	10.1016/j.dib.2025.111932	41143268	https://openalex.org/W4412739192		https://openalex.org/W4412739192
openalex	Q16	homoplasy	W4413035951	publication	Plastome phylogenomics of the diverse neotropical orchid genus Lepanthes with emphasis on subgenus Marsipanthes (Pleurothallidinae: Orchidaceae)	2025	10.1186/s12862-025-02396-6	40775299	https://openalex.org/W4413035951		https://openalex.org/W4413035951
openalex	Q16	homoplasy	W4413121707	publication	Four New Species of Haplocauda, with Notes on the Evolutionary Convergence of Copulation Clamps in Lucidotini (Coleoptera: Lampyridae: Lampyrinae)	2025	10.3390/insects16080824	40870625	https://openalex.org/W4413121707		https://openalex.org/W4413121707
openalex	Q16	homoplasy	W4413283547	publication	Phylogenetic profiling of miRNAs based on targeted ortholog searches	2025	10.21248/gups.92137		https://openalex.org/W4413283547		https://openalex.org/W4413283547
openalex	Q16	homoplasy	W4413887453	publication	Multilocus phylogenetics of Pinus subsection Ponderosae using the Hyb-Seq method	2025	10.17129/botsci.3721		https://openalex.org/W4413887453		https://openalex.org/W4413887453
openalex	Q16	homoplasy	W4414079764	publication	Charting taxa in Amanita section Amidella (Basidiomycota: Amanitaceae)	2025	10.1007/s11557-025-02081-4		https://openalex.org/W4414079764		https://openalex.org/W4414079764
openalex	Q16	homoplasy	W4414162001	publication	Whole genome sequencing of Yersinia pestis isolates from Central Asian natural plague foci revealed the role of adaptation to different hosts and environmental conditions in shaping specific genotypes	2025	10.1371/journal.pntd.0013533	40938972	https://openalex.org/W4414162001		https://openalex.org/W4414162001
openalex	Q16	homoplasy	W4414321100	publication	A search for meaning in convergent evolution (homoplasy) in brachiopod shell shape among North American species of Glyptorthis (Orthida)	2025	10.2139/ssrn.5503848		https://openalex.org/W4414321100		https://openalex.org/W4414321100
openalex	Q16	homoplasy	W4414519108	publication	Phylogeny of Athyridida (Brachiopoda): a comparison of methods of inference	2025	10.1017/jpa.2025.10159		https://openalex.org/W4414519108		https://openalex.org/W4414519108
openalex	Q16	homoplasy	W4414920607	publication	Phylogenomics insights into the evolution of pronotal leaf mimicry in Hierodulinae (Mantodea: Mantidae)	2025	10.1016/j.ympev.2025.108475	41061913	https://openalex.org/W4414920607		https://openalex.org/W4414920607
openalex	Q16	homoplasy	W4415023742	publication	Phylogeny-based morphological evolution and species complex circumscription in Rosa sections Synstylae and Chinenses (Rosaceae), with description of one new species	2025	10.1093/botlinnean/boaf071		https://openalex.org/W4415023742		https://openalex.org/W4415023742
openalex	Q16	homoplasy	W4416290927	publication	Paradictyoarthrinium chiangmaiense (Paradictyoarthriniaceae, Pleosporales), a novel microfungus from northern Thailand	2025	10.11646/phytotaxa.730.1.4		https://openalex.org/W4416290927		https://openalex.org/W4416290927
openalex	Q16	homoplasy	W4416768159	publication	Tadpole Morphology of Pithecopus Cope 1866 and a Review of Larval Characters in Phyllomedusinae Günther 1858 (Anura: Hylidae)	2025	10.1655/0733-1347-39.1.4		https://openalex.org/W4416768159		https://openalex.org/W4416768159
openalex	Q16	homoplasy	W4416947035	publication	Species diversity of Diaporthe on mangroves: Taxonomic novelties, pathogenic associations, and phylogenetic reassessment of endophytes	2025	10.1080/00275514.2025.2550907	41327839	https://openalex.org/W4416947035		https://openalex.org/W4416947035
openalex	Q16	homoplasy	W4417114759	publication	Decoding positive selection in Mycobacterium tuberculosis with phylogeny-guided graph attention models	2026	10.1186/s12859-026-06583-0		https://openalex.org/W4417114759		https://openalex.org/W4417114759
openalex	Q16	homoplasy	W4417258947	publication	No discovery without exploration: Deep-sea sampling across the Pacific reveals three new genera of Typhlotanaidae (Crustacea: Tanaidacea)	2025	10.1016/j.pocean.2025.103644		https://openalex.org/W4417258947		https://openalex.org/W4417258947
openalex	Q16	homoplasy	W57924583	publication	Mammalian Chromosomal Evolution: From Ancestral States to Evolutionary Regions	2010	10.1007/978-3-642-12340-5_9		https://openalex.org/W57924583		https://openalex.org/W57924583
openalex	Q16	homoplasy	W60463350	publication	Systematics and biogeography of selected genera in Lejeuneaceae subfamily Lejeuneoideae	2014	10.53846/goediss-4320		https://openalex.org/W60463350		https://openalex.org/W60463350
openalex	Q16	homoplasy	W7106134979	publication	Lepanthes nasariana J. S. Moreno & Hazzi 2025, sp. nov.	2025	10.5281/zenodo.17652301		https://openalex.org/W7106134979		https://openalex.org/W7106134979
openalex	Q16	homoplasy	W7106151035	publication	Lepanthes nasariana J. S. Moreno & Hazzi 2025, sp. nov.	2025	10.5281/zenodo.17652302		https://openalex.org/W7106151035		https://openalex.org/W7106151035
openalex	Q16	homoplasy	W7107859966	publication	The Phylogenomic Imperative: Resolving Deep-Time Divergences and Cryptic Lineages Across the Tree of Life	2025	10.5281/zenodo.17735108		https://openalex.org/W7107859966		https://openalex.org/W7107859966
openalex	Q16	homoplasy	W7107861312	publication	The Phylogenomic Imperative: Resolving Deep-Time Divergences and Cryptic Lineages Across the Tree of Life	2025	10.5281/zenodo.17735109		https://openalex.org/W7107861312		https://openalex.org/W7107861312
openalex	Q16	homoplasy	W7108220868	publication	Species diversity of Diaporthe on mangroves: Taxonomic novelties, pathogenic associations, and phylogenetic reassessment of endophytes	2025	10.6084/m9.figshare.30756751		https://openalex.org/W7108220868		https://openalex.org/W7108220868
openalex	Q16	homoplasy	W7108221210	publication	Species diversity of Diaporthe on mangroves: Taxonomic novelties, pathogenic associations, and phylogenetic reassessment of endophytes	2025	10.6084/m9.figshare.30756751.v1		https://openalex.org/W7108221210		https://openalex.org/W7108221210
openalex	Q16	homoplasy	W7111610157	publication	No evidence for increased transmissibility from recurrent mutations in SARS-CoV-2				https://openalex.org/W7111610157		https://openalex.org/W7111610157
openalex	Q16	homoplasy	W7112491840	publication	ClustHP: An Unsupervised Learning Pipeline for the Homoplasy Scoring of Single Nucleotide Variants	2022			https://openalex.org/W7112491840		https://openalex.org/W7112491840
openalex	Q16	homoplasy	W7115583820	publication	"Supplementary files 1-14 for ""Diversity of enzymes for exopolysaccharide synthesis in the fructophilic honeybee symbiont Apilactobacillus kunkeei"""	2025	10.17044/scilifelab.29366774.v1		https://openalex.org/W7115583820		https://openalex.org/W7115583820
openalex	Q16	homoplasy	W7115597849	publication	"Supplementary files 1-14 for ""Diversity of enzymes for exopolysaccharide synthesis in the fructophilic honeybee symbiont Apilactobacillus kunkeei"""	2025	10.17044/scilifelab.29366774		https://openalex.org/W7115597849		https://openalex.org/W7115597849
openalex	Q16	homoplasy	W7120278728	publication	Sistemática dos porcos-espinhos do gênero Coendou Lacépède, 1799 (Rodentia: Erethizontidae)	2023			https://openalex.org/W7120278728		https://openalex.org/W7120278728
openalex	Q16	homoplasy	W7120399674	publication	Evolução floral em espécies de Croton L. (Euphorbiaceae): ontogênese e perfil global da expressão gênica	2018			https://openalex.org/W7120399674		https://openalex.org/W7120399674
openalex	Q16	homoplasy	W7120739480	publication	Ferramentas metabolômicas para estudos quimiossistemáticos e identificação de produtos naturais bioativos em espécies de Malpighiaceae	2022			https://openalex.org/W7120739480		https://openalex.org/W7120739480
openalex	Q16	homoplasy	W7124718604	publication	In Silico Phylogenetic Analysis of Lamiaceae Based on ITS, matK, and rbcL DNA Barcodes	2026	10.5614/3bio.2026.8.1.4		https://openalex.org/W7124718604		https://openalex.org/W7124718604
openalex	Q16	homoplasy	W7125808620	publication	Redescription of Prognathodon waiparaensis and comments on its phylogenetic position	2026	10.1080/03115518.2025.2607629		https://openalex.org/W7125808620		https://openalex.org/W7125808620
openalex	Q16	homoplasy	W7126253829	publication	Phylogenetic Reconstructions Based on Mitogenomes Reveal the Paraphyly of the Subfamily Isotominae of Isotomidae (Collembola: Entomobryomorpha)	2026	10.3390/genes17020166	41751550	https://openalex.org/W7126253829		https://openalex.org/W7126253829
openalex	Q16	homoplasy	W7127156963	publication	Morphometric Analysis of the Distal Epiphyses of the Radius and Ulna of Titanosaurs: A Case from Central India	2025	10.1134/s0031030125600015		https://openalex.org/W7127156963		https://openalex.org/W7127156963
openalex	Q16	homoplasy	W7128424578	publication	Rate variation and recurrent sequence errors in pandemic-scale phylogenetics	2026	10.1038/s41592-025-02932-8	41663576	https://openalex.org/W7128424578		https://openalex.org/W7128424578
openalex	Q16	homoplasy	W7128740643	publication	Integrative taxonomy reveals 10 new species, new records, new combinations, exotic and cryptogenic species of Tropical South-western Atlantic Chalinidae (Porifera: Demospongiae: Haplosclerida)	2025	10.1093/zoolinnean/zlaf162		https://openalex.org/W7128740643		https://openalex.org/W7128740643
openalex	Q16	homoplasy	W7128922550	publication	Outgroup Dilution: separating the effects of incomplete lineage sorting (ILS), introgression (INT), and homoplasy arising from long-branch attraction (OGA)	2026	10.2139/ssrn.6239469		https://openalex.org/W7128922550		https://openalex.org/W7128922550
openalex	Q16	homoplasy	W7129300960	publication	Reappraisal of the phylogenetic relationships of hirsutella-like fungi across Ophiocordycipitaceae and Polycephalomycetaceae (Hypocreales, Sordariomycetes), and the description of seven new species	2026	10.15468/b5cc5v		https://openalex.org/W7129300960		https://openalex.org/W7129300960
openalex	Q16	homoplasy	W7130195426	publication	Reappraisal of the phylogenetic relationships of hirsutella-like fungi across Ophiocordycipitaceae and Polycephalomycetaceae (Hypocreales, Sordariomycetes), and the description of seven new species	2026	10.3897/imafungus.17.171084	41757250	https://openalex.org/W7130195426		https://openalex.org/W7130195426
openalex	Q16	homoplasy	W7131541823	publication	Epigenetic Constraint Landscapes and Repair-Mediated Genome Evolution in Human Lineages	2026			https://openalex.org/W7131541823		https://openalex.org/W7131541823
openalex	Q16	homoplasy	W7136210654	publication	Redescription of Prognathodon waiparaensis and comments on its phylogenetic position	2026	10.6084/m9.figshare.31768422.v1		https://openalex.org/W7136210654		https://openalex.org/W7136210654
openalex	Q16	homoplasy	W7136979200	publication	Redescription of Prognathodon waiparaensis and comments on its phylogenetic position	2026	10.6084/m9.figshare.31768422		https://openalex.org/W7136979200		https://openalex.org/W7136979200
openalex	Q16	homoplasy	W7140207004	publication	Phylogeny and species delimitation in Trigonella (Fabaceae) based on molecular, anatomical, and micromorphological data	2026	10.1080/23818107.2026.2627491		https://openalex.org/W7140207004		https://openalex.org/W7140207004
openalex	Q16	homoplasy	W7140208560	publication	Transmission of rifampicin-resistant tuberculosis in Ho Chi Minh City, Viet Nam: a prospective genomic epidemiology study	2026	10.64898/2026.03.21.26348963		https://openalex.org/W7140208560		https://openalex.org/W7140208560
openalex	Q16	homoplasy	W7141454730	publication	Constraint relaxation and repair flexibility under long-term environmental stress: a lineage-specific epigenetic framework for rare cross-lineage SNP emergence on the human Y chromosome	2026	10.1186/s43682-026-00048-4		https://openalex.org/W7141454730		https://openalex.org/W7141454730
openalex	Q16	homoplasy	W7144197065	publication	TSSF: Enhanced Phylogenetic Inference through Optimized Feature Selection and Computational Efficiency Analysis	2026	10.24996/ijs.2026.67.3.34		https://openalex.org/W7144197065		https://openalex.org/W7144197065
openalex	Q16	homoplasy	W7145991514	publication	Systematic studies of plant pathogenic Coelomycetes	2024			https://openalex.org/W7145991514		https://openalex.org/W7145991514
openalex	Q16	homoplasy	W7146790912	publication	Contribution of homoplasy and of ancestral polymorphism to the evolution of genes in anthropoid primates	2002			https://openalex.org/W7146790912		https://openalex.org/W7146790912
openalex	Q16	homoplasy	W7152688162	publication	Phylogeny, morphological evolution, and taxonomic diversity of the mycoheterotrophic genus Epirixanthes (Polygalaceae)	2026	10.1093/botlinnean/boag020		https://openalex.org/W7152688162		https://openalex.org/W7152688162
openalex	Q16	homoplasy	W7155379576	publication	Reclassification of ankylosaurs with ambiguous taxonomy using tooth morphometrics	2026	10.1093/zoolinnean/zlag068		https://openalex.org/W7155379576		https://openalex.org/W7155379576
openalex	Q16	homoplasy	W7155524953	publication	A comprehensive evolutionary history of Peradectidae (Mammalia: Metatheria) revealed by a new dental morphology-based phylogenetic framework, with insights from late early Eocene French specimens	2026	10.1080/14772019.2026.2665303		https://openalex.org/W7155524953		https://openalex.org/W7155524953
openalex	Q16	homoplasy	W7159786251	publication	Dismantling Argument No. 1: Shovel‑Shaped Incisors Are Not a Legacy	2026	10.5281/zenodo.19980234		https://openalex.org/W7159786251		https://openalex.org/W7159786251
openalex	Q16	homoplasy	W7159811511	publication	Dismantling Argument No. 1: Shovel‑Shaped Incisors Are Not a Legacy	2026	10.5281/zenodo.19980233		https://openalex.org/W7159811511		https://openalex.org/W7159811511
openalex	Q16	homoplasy	W7160922672	publication	Expanded Genomic Surveillance and Seasonal Comparisons of Human Respiratory Syncytial Virus Infections in Minnesota, USA, 2023–2025	2026	10.1111/irv.70257	42116720	https://openalex.org/W7160922672		https://openalex.org/W7160922672
openalex	Q16	homoplasy	W7162113633	publication	The Eocene cichlids (Perciformes:Labroidei) of Mahenge, Tanzania /	2000	10.82308/41174		https://openalex.org/W7162113633		https://openalex.org/W7162113633
openalex	Q16	homoplasy	W7162563046	publication	Multilocus phylogeny, species delimitation, and pathogenicity reveal a novel Botrytis species causing gray mold of Cordyline fruticosa	2026	10.1016/j.pmpp.2026.103532		https://openalex.org/W7162563046		https://openalex.org/W7162563046
openalex	Q16	homoplasy	W7163426444	publication	Cladosporium from caves of the Brazilian savannah (Cerrado) and the description of six new species	2026	10.15468/3bvv77		https://openalex.org/W7163426444		https://openalex.org/W7163426444
openalex	Q16	homoplasy	W7163428693	publication	Cladosporium from caves of the Brazilian savannah (Cerrado) and the description of six new species	2026	10.3897/imafungus.17.191673	42291507	https://openalex.org/W7163428693		https://openalex.org/W7163428693
openalex	Q16	homoplasy	W7163669719	publication	Lamproblattidae McKittrick 1964	2026	10.5281/zenodo.20561231		https://openalex.org/W7163669719		https://openalex.org/W7163669719
openalex	Q16	homoplasy	W7163714572	publication	Lamproblattidae McKittrick 1964	2026	10.5281/zenodo.20561232		https://openalex.org/W7163714572		https://openalex.org/W7163714572
openalex	Q16	homoplasy	W7163735348	publication	Bayesian Time-Calibrated Phylogeny of Bhoyari (Pawari): BEAST2, PPC and ABC Evidence for Rajasthani Origin - Shivani Barange Pawar, Rajesh barange Pawar, Pranay Chopde	2026	10.5281/zenodo.20567981		https://openalex.org/W7163735348		https://openalex.org/W7163735348
openalex	Q16	homoplasy	W7163745607	publication	Bayesian Time-Calibrated Phylogeny of Bhoyari (Pawari): BEAST2, PPC and ABC Evidence for Rajasthani Origin - Shivani Barange Pawar, Rajesh barange Pawar, Pranay Chopde	2026	10.5281/zenodo.20567980		https://openalex.org/W7163745607		https://openalex.org/W7163745607
openalex	Q16	homoplasy	W7163757757	publication	Bayesian Time-Calibrated Phylogeny of Bhoyari (Pawari): BEAST2, PPC and ABC Evidence for Rajasthani Origin - Shivani Barange Pawar, Rajesh barange Pawar, Pranay Chopde	2026	10.5281/zenodo.20568371		https://openalex.org/W7163757757		https://openalex.org/W7163757757
openalex	Q16	homoplasy	W7164912380	publication	Better data, better trees: GenBank-GISAID deduplication and source-specific artifact masking in viral genomics	2026	10.64898/2026.06.12.731931		https://openalex.org/W7164912380		https://openalex.org/W7164912380
openalex	Q16	homoplasy	W7165189695	publication	Insights from the Endoskeleton on the Evolutionary Radiation of Paleozoic Actinopterygii	2025	10.6082/r8kk0-5jg97		https://openalex.org/W7165189695		https://openalex.org/W7165189695
openalex	Q16	homoplasy	W7165491040	publication	Population genetic tracking of the transmission and adaptation of Severe Acute Respiratory Syndrome Coronavirus 2 sampled across species and environments	2026	10.82308/55851		https://openalex.org/W7165491040		https://openalex.org/W7165491040
openalex	Q16	homoplasy	W7165635634	publication	No silver bullet: Patterns of macrosynteny recapitulate systemic conflicts in the higher-level relationships of the arachnids	2026	10.64898/2026.06.22.733561		https://openalex.org/W7165635634		https://openalex.org/W7165635634
openalex	Q16	homoplasy	W7165811509	publication	Comparative morphology and evolutionary implications of larval mouthparts in ten lineages of Scarabaeoidea (Coleoptera)	2026	10.3897/asp.84.e178495		https://openalex.org/W7165811509		https://openalex.org/W7165811509
openalex	Q16	homoplasy	W7166522159	publication	Seed Diversity and Evolutionary Trends in Boraginaceae from Pakistan	2026	10.21203/rs.3.rs-9767085/v1		https://openalex.org/W7166522159		https://openalex.org/W7166522159
openalex	Q16	homoplasy	W7166578711	publication	"Supplementary files 1-14 for ""Diversity of enzymes for exopolysaccharide synthesis in the fructophilic honeybee symbiont Apilactobacillus kunkeei"""	2025	10.17044/scilifelab.29366774.v2		https://openalex.org/W7166578711		https://openalex.org/W7166578711
openalex	Q16	homoplasy	W7167268334	publication	A comprehensive evolutionary history of Peradectidae (Mammalia: Metatheria) revealed by a new dental morphology-based phylogenetic framework, with insights from late early Eocene French specimens	2026	10.6084/m9.figshare.32896815.v1		https://openalex.org/W7167268334		https://openalex.org/W7167268334
openalex	Q16	homoplasy	W7167286229	publication	A comprehensive evolutionary history of Peradectidae (Mammalia: Metatheria) revealed by a new dental morphology-based phylogenetic framework, with insights from late early Eocene French specimens	2026	10.6084/m9.figshare.32896815		https://openalex.org/W7167286229		https://openalex.org/W7167286229
openalex	Q16	homoplasy	W7167577414	publication	Genomic variations driving the transmission of multidrug-resistant Mycobacterium tuberculosis Lineage 2	2026	10.21203/rs.3.rs-10134899/v1		https://openalex.org/W7167577414		https://openalex.org/W7167577414
openalex	Q16	homoplasy	W7167929623	publication	On the usage of the squamate integumentary system in a phylogenetic context, and a call to action	2026	10.1093/zoolinnean/zlag091		https://openalex.org/W7167929623		https://openalex.org/W7167929623
openalex	Q16	homoplasy	W7168181093	publication	Plastome phylogenomics of the tribe Spermacoceae (Rubiaceae): taxonomic implications and a key to the genera	2026	10.64898/2026.07.10.737747		https://openalex.org/W7168181093		https://openalex.org/W7168181093
openalex	Q16	homoplasy	W7168403845	publication	Three phylogenetic metrics are compatible with natural evolution of the earliest SARS-CoV-2 sequence	2026	10.64898/2026.07.08.737272		https://openalex.org/W7168403845		https://openalex.org/W7168403845
openalex	Q16	homoplasy	W7169782958	publication	Glyphocrangon holthuisi Kensley, Tranter & Griffin 1987	2026	10.5281/zenodo.21456514		https://openalex.org/W7169782958		https://openalex.org/W7169782958
openalex	Q16	homoplasy	W7169788298	publication	Glyphocrangon holthuisi Kensley, Tranter & Griffin 1987	2026	10.5281/zenodo.21456513		https://openalex.org/W7169788298		https://openalex.org/W7169788298
openalex	Q16	homoplasy	W7169796003	publication	Whole-genome analysis of two evolutionary radiations within the frog family Dicroglossidae	2026	10.21248/gups.98572		https://openalex.org/W7169796003		https://openalex.org/W7169796003
openalex	Q16	homoplasy	W7169832513	publication	The Effects of Missing Data and Homoplasy on Phylogenetic Stability in Macronarian Sauropod Datasets	2026	10.31233/osf.io/dbtm3_v1		https://openalex.org/W7169832513		https://openalex.org/W7169832513
openalex	Q16	homoplasy	W7170179208	publication	Systematics of Proscopiini Serville, 1838 (Orthoptera: Proscopiidae: Proscopiinae), with description of four new genera	2026	10.11646/zootaxa.5855.1.1		https://openalex.org/W7170179208		https://openalex.org/W7170179208
openalex	Q16	homoplasy	W7170634237	publication	Dactylopisthes Simon 1884	2026	10.5281/zenodo.21540434		https://openalex.org/W7170634237		https://openalex.org/W7170634237
openalex	Q16	homoplasy	W7170634626	publication	Dactylopisthes Simon 1884	2026	10.5281/zenodo.21540433		https://openalex.org/W7170634626		https://openalex.org/W7170634626
openalex	Q16	homoplasy	W7170637530	publication	Statistical Inconsistency of Error-correction Objectives for Perfect Phylogenies	2026	10.64898/2026.07.20.739615	42538904	https://openalex.org/W7170637530		https://openalex.org/W7170637530
openalex	Q16	homoplasy	W7171058774	publication	Phylogeny of the subtribe Asterinae (Asteraceae: Astereae): new circumscription for Asterinae and Aster and implications for pappus evolution	2026	10.1093/aob/mcag225	42500979	https://openalex.org/W7171058774		https://openalex.org/W7171058774
openalex	Q16	homoplasy	W7172243328	publication	Unexpected diversity of flower-associated Aureobasidium reveals sixteen novel species from northern Thailand	2026	10.15468/k25y6n		https://openalex.org/W7172243328		https://openalex.org/W7172243328
openalex	Q16	homoplasy	W7172321892	publication	Unexpected diversity of flower-associated Aureobasidium reveals sixteen novel species from northern Thailand	2026	10.3897/imafungus.17.188009	42582557	https://openalex.org/W7172321892		https://openalex.org/W7172321892
openalex	Q16	homoplasy	W7172329820	publication	Systematics of giant neotropical fireflies and their kin (Lampyridae: Lampyrinae)	2026	10.1371/journal.pone.0354465	42545981	https://openalex.org/W7172329820		https://openalex.org/W7172329820
openalex	Q16	homoplasy	W7172400013	publication	Molecular phylogenetic analysis sheds light on the diversity and evolutionary history of the Neotropical and African Triplophyllum (Tectariaceae)	2026	10.1111/jse.70088		https://openalex.org/W7172400013		https://openalex.org/W7172400013
openalex	Q16	homoplasy	W7202049048	publication	Systematic bias undermines mitochondrial phylogenomics of deep divergences of Diptera	2026	10.1038/s41598-026-63009-w		https://openalex.org/W7202049048		https://openalex.org/W7202049048
openalex	Q16	homoplasy	W7203658539	publication	Into the Abyss: Mitogenomic Phylogeny of Deep-sea Holasteroid Sea Urchins	2026			https://openalex.org/W7203658539		https://openalex.org/W7203658539
openalex	Q16	homoplasy	W7203908148	publication	Comment on “Life history and evolution of the enigmatic Cretaceous-Eocene Alienopteridae: A critical review”	2026	10.1016/j.earscirev.2026.105653		https://openalex.org/W7203908148		https://openalex.org/W7203908148
openalex	Q16	homoplasy	W7203967043	publication	Comparative plastid genomics of five Ormosia species (fabaceae): insights into structural variation and morphological homoplasy	2026	10.1007/s00606-026-02023-x		https://openalex.org/W7203967043		https://openalex.org/W7203967043
openalex	Q16	homoplasy	W7206155476	publication	Preliminary molecular phylogeny of Iranian Isotomidae (Collembola): DNA barcoding reveals taxonomic incongruence within Isotominae	2026	10.2139/ssrn.7396917		https://openalex.org/W7206155476		https://openalex.org/W7206155476
openalex	Q16	homoplasy	W7207569372	publication	Comparative genomics, phylogenomic reconstruction and divergence time analysis of 32 Delphinium species based on complete chloroplast genomes	2026	10.3389/fpls.2026.1925719	42756017	https://openalex.org/W7207569372		https://openalex.org/W7207569372
openalex	Q16	homoplasy	W7211868179	publication	Saprobic Melomastia taxa from Bauhinia variegata and Litchi chinensis: a new species and a new host record from southern China	2026	10.11646/phytotaxa.773.2.1		https://openalex.org/W7211868179		https://openalex.org/W7211868179
openalex	Q16	homoplasy	W7211906894	publication	Genetic Diversity, Phylogenetic Lineages, and Antigenic Features of the PRRSV-1 GP5 Gene in China	2026	10.3390/microorganisms14091963		https://openalex.org/W7211906894		https://openalex.org/W7211906894
openalex	Q16	homoplasy	W7211963425	publication	Comparative and phylogenomic analyses of 19 Petrocodon (Gesneriaceae) species from the Guizhou karst plateau, China, featuring 13 newly assembled chloroplast genomes	2026	10.1186/s12870-026-09891-y		https://openalex.org/W7211963425		https://openalex.org/W7211963425
openalex	Q16	homoplasy	W7212239643	publication	Phylogenetic Signal, Taxonomic Resolution, and Food Authentication Potential of Orthologous miRNAs in Mammals	2026	10.6084/m9.figshare.33615073		https://openalex.org/W7212239643		https://openalex.org/W7212239643
openalex	Q16	homoplasy	W7212271351	publication	Unexpected diversity of flower-associated Aureobasidium reveals sixteen novel species from northern Thailand	2026	10.15468/7jckxc		https://openalex.org/W7212271351		https://openalex.org/W7212271351
openalex	Q16	homoplasy	W7212282966	publication	Phylogenetic Signal, Taxonomic Resolution, and Food Authentication Potential of Orthologous miRNAs in Mammals	2026	10.6084/m9.figshare.33615073.v1		https://openalex.org/W7212282966		https://openalex.org/W7212282966
openalex	Q16	homoplasy	W830118795	publication	Evolution in the genus Arum : a comparative analysis of morphological and genetic variation	2005			https://openalex.org/W830118795		https://openalex.org/W830118795
openalex	Q16	homoplasy	W853196295	publication	Patterns of homoplasy in North American Astragalus L. (Fabaceae).	1989			https://openalex.org/W853196295		https://openalex.org/W853196295
openalex	Q16	homoplasy	W86241556	publication	Protein structure, distribution of homoplasy and phylogenetic inference	2003	10.31274/rtd-180813-12689		https://openalex.org/W86241556		https://openalex.org/W86241556
openalex	Q16	homoplasy	W896469184	publication	Molecular phylogeny and morphological reconstructions of Plagiochilaceae (Jungermanniopsida) with hypotheses on biogeography and divergence times	2006	10.53846/goediss-167		https://openalex.org/W896469184		https://openalex.org/W896469184
openalex	Q16	homoplasy	W9438363	publication	Molecular polymorphisms for phylogeny, pedigree and population structure studies	2006			https://openalex.org/W9438363		https://openalex.org/W9438363
openalex	Q16	homoplasy	W960904610	publication	Changing views of flower evolution and new questions	2011	10.1017/cbo9781139013321.005		https://openalex.org/W960904610		https://openalex.org/W960904610
openalex	Q16	homoplasy	W991019309	publication	HOMOPLASY AND THE EVOLUTIONARY PROCESS: AN AFTERWORD	1996	10.1016/b978-012618030-5/50015-0		https://openalex.org/W991019309		https://openalex.org/W991019309
openalex	Q17	homoplasy	W1549202508	publication	A Fundamental Decomposition Theory for Phylogenetic Networks and Incompatible Characters	2005	10.1007/11415770_17		https://openalex.org/W1549202508		https://openalex.org/W1549202508
openalex	Q17	homoplasy	W1981310899	publication	Mitochondrial profiling of dog hairs	2003	10.1016/s0379-0738(03)00076-8	12787657	https://openalex.org/W1981310899		https://openalex.org/W1981310899
openalex	Q17	homoplasy	W2003758349	publication	Reply to Repping et al.	2004	10.1086/423395		https://openalex.org/W2003758349		https://openalex.org/W2003758349
openalex	Q17	homoplasy	W2029991569	publication	A Decomposition Theory for Phylogenetic Networks and Incompatible Characters	2007	10.1089/cmb.2006.0137	18047426	https://openalex.org/W2029991569		https://openalex.org/W2029991569
openalex	Q17	homoplasy	W2082118300	publication	Optimal, efficient reconstruction of root-unknown phylogenetic networks with constrained and structured recombination	2005	10.1016/j.jcss.2004.12.009		https://openalex.org/W2082118300		https://openalex.org/W2082118300
openalex	Q17	homoplasy	W2117562588	publication	The Role of Selection in the Evolution of Human Mitochondrial Genomes	2005	10.1534/genetics.105.043901	16172508	https://openalex.org/W2117562588		https://openalex.org/W2117562588
openalex	Q17	homoplasy	W2125229037	publication	Tracing European Founder Lineages in the Near Eastern mtDNA Pool	2000	10.1016/s0002-9297(07)62954-1	11032788	https://openalex.org/W2125229037		https://openalex.org/W2125229037
openalex	Q17	homoplasy	W2160581437	publication	AMY-tree: an algorithm to use whole genome SNP calling for Y chromosomal phylogenetic applications	2013	10.1186/1471-2164-14-101	23405914	https://openalex.org/W2160581437		https://openalex.org/W2160581437
openalex	Q17	homoplasy	W2170771205	publication	Sequence-Repeat Polymorphisms Exhibit the Signature of Recombination in Lodgepole Pine Chloroplast DNA	2001	10.1093/oxfordjournals.molbev.a003757	11606712	https://openalex.org/W2170771205		https://openalex.org/W2170771205
openalex	Q17	homoplasy	W2795579181	publication	The tales genes tell (or not): A century of exploration	2018	10.1002/ajpa.23333	29574847	https://openalex.org/W2795579181		https://openalex.org/W2795579181
openalex	Q17	homoplasy	W3034307906	publication	Stability of SARS-CoV-2 Phylogenies	2020	10.1101/2020.06.08.141127		https://openalex.org/W3034307906		https://openalex.org/W3034307906
openalex	Q17	homoplasy	W3103754182	publication	Stability of SARS-CoV-2 phylogenies	2020	10.1371/journal.pgen.1009175	33206635	https://openalex.org/W3103754182		https://openalex.org/W3103754182
openalex	Q17	homoplasy	W3124319342	publication	Ongoing recombination in SARS-CoV-2 revealed through genealogical reconstruction	2021	10.1101/2021.01.21.427579		https://openalex.org/W3124319342		https://openalex.org/W3124319342
openalex	Q17	homoplasy	W4210735121	publication	Ongoing Recombination in SARS-CoV-2 Revealed through Genealogical Reconstruction	2022	10.1093/molbev/msac028	35106601	https://openalex.org/W4210735121		https://openalex.org/W4210735121
openalex	Q17	homoplasy	W4248412223	publication	Tracing European Founder Lineages in the Near Eastern mtDNA Pool	2000	10.1086/321197		https://openalex.org/W4248412223		https://openalex.org/W4248412223
openalex	Q17	homoplasy	W4417001759	publication	Inference of complex evolutionary histories of somatic mutations using bayesian stochastic character mapping	2025	10.1182/blood-2025-116		https://openalex.org/W4417001759		https://openalex.org/W4417001759
openalex	Q17	homoplasy	W7131790704	publication	POTTR: Identifying Recurrent Trajectories in Evolutionary and Developmental Processes using Posets	2026	10.64898/2026.02.25.707960		https://openalex.org/W7131790704		https://openalex.org/W7131790704
openalex	Q17	homoplasy	W7162135509	publication	Discrete and statistical approaches to genetics	2006	10.82308/22427		https://openalex.org/W7162135509		https://openalex.org/W7162135509
openalex	Q17	homoplasy	W7170145391	publication	Cumulative disruption of regulatory genes precedes whole-chromosome gains in acute myeloid leukemia	2026	10.1038/s41375-026-03069-z	42493556	https://openalex.org/W7170145391		https://openalex.org/W7170145391
pubmed	Q02	clade_marker	20220173	publication	Identification and genotyping of Mycobacterium tuberculosis complex species by use of a SNaPshot Minisequencing-based assay.	2010	10.1128/jcm.02255-09	20220173			https://pubmed.ncbi.nlm.nih.gov/20220173/
pubmed	Q02	clade_marker	25995264	publication	Naturally Occurring Capsid Protein Variants of Human Papillomavirus Genotype 31 Represent a Single L1 Serotype.	2015	10.1128/jvi.00842-15	25995264			https://pubmed.ncbi.nlm.nih.gov/25995264/
pubmed	Q02	clade_marker	26350969	publication	Origin and Possible Genetic Recombination of the Middle East Respiratory Syndrome Coronavirus from the First Imported Case in China: Phylogenetics and Coalescence Analysis.	2015	10.1128/mbio.01280-15	26350969			https://pubmed.ncbi.nlm.nih.gov/26350969/
pubmed	Q02	clade_marker	26423522	publication	A single-nucleotide-polymorphism real-time PCR assay for genotyping of Mycobacterium tuberculosis complex in peri-urban Kampala.	2015	10.1186/s12879-015-1121-7	26423522			https://pubmed.ncbi.nlm.nih.gov/26423522/
pubmed	Q02	clade_marker	28338924	publication	A Nonsynonymous SNP Catalog of Mycobacterium tuberculosis Virulence Genes and Its Use for Detecting New Potentially Virulent Sublineages.	2017	10.1093/gbe/evx053	28338924			https://pubmed.ncbi.nlm.nih.gov/28338924/
pubmed	Q02	clade_marker	30415003	publication	Groups of coevolving positions provide drug resistance to Mycobacterium tuberculosis: A study using targets of first-line antituberculosis drugs.	2019	10.1016/j.ijantimicag.2018.10.027	30415003			https://pubmed.ncbi.nlm.nih.gov/30415003/
pubmed	Q02	clade_marker	31706080	publication	Genotyping of Mycobacterium tuberculosis spreading in Hanoi, Vietnam using conventional and whole genome sequencing methods.	2020	10.1016/j.meegid.2019.104107	31706080			https://pubmed.ncbi.nlm.nih.gov/31706080/
pubmed	Q02	clade_marker	33364506	publication	Identification and in silico functional prediction of lineage-specific SNPs distributed in DosR-related proteins and resuscitation-promoting factor proteins of Mycobacterium tuberculosis.	2020	10.1016/j.heliyon.2020.e05744	33364506			https://pubmed.ncbi.nlm.nih.gov/33364506/
pubmed	Q02	clade_marker	35321556	publication	Highly Sensitive Lineage Discrimination of SARS-CoV-2 Variants through Allele-Specific Probe PCR.	2022	10.1128/jcm.02283-21	35321556			https://pubmed.ncbi.nlm.nih.gov/35321556/
pubmed	Q02	clade_marker	35481627	publication	A lineage-specific arginine in POS1 is required for fruit size control in Physaleae (Solanaceae) via gene co-option.	2022	10.1111/tpj.15786	35481627			https://pubmed.ncbi.nlm.nih.gov/35481627/
pubmed	Q02	clade_marker	35814487	publication	A Straightforward HPV16 Lineage Classification Based on Machine Learning.	2022	10.3389/frai.2022.851841	35814487			https://pubmed.ncbi.nlm.nih.gov/35814487/
pubmed	Q02	clade_marker	42582359	publication	Comparative chloroplast genomics clarifies the taxonomic status and supports molecular identification of Viburnum keteleeri 'Sterile' and Viburnum keteleeri.	2026	10.3389/fpls.2026.1908462	42582359			https://pubmed.ncbi.nlm.nih.gov/42582359/
pubmed	Q03	clade_marker	19251856	publication	Phylogeography of Francisella tularensis: global expansion of a highly fit clone.	2009	10.1128/jb.01786-08	19251856			https://pubmed.ncbi.nlm.nih.gov/19251856/
pubmed	Q03	clade_marker	19368722	publication	Bacillus anthracis in China and its relationship to worldwide lineages.	2009	10.1186/1471-2180-9-71	19368722			https://pubmed.ncbi.nlm.nih.gov/19368722/
pubmed	Q03	clade_marker	21801397	publication	Anthrax phylogenetic structure in Northern Italy.	2011	10.1186/1756-0500-4-273	21801397			https://pubmed.ncbi.nlm.nih.gov/21801397/
pubmed	Q03	clade_marker	21998431	publication	Characterization of genetic diversity of Bacillus anthracis in France by using high-resolution melting assays and multilocus variable-number tandem-repeat analysis.	2011	10.1128/jcm.05439-11	21998431			https://pubmed.ncbi.nlm.nih.gov/21998431/
pubmed	Q03	clade_marker	22814512	publication	Bangladesh anthrax outbreaks are probably caused by contaminated livestock feed.	2013	10.1017/s0950268812001227	22814512			https://pubmed.ncbi.nlm.nih.gov/22814512/
pubmed	Q03	clade_marker	23271180	publication	Genetic populations of Bacillus anthracis isolates from Korea.	2012	10.4142/jvs.2012.13.4.385	23271180			https://pubmed.ncbi.nlm.nih.gov/23271180/
pubmed	Q03	clade_marker	23599294	publication	Draft Genome Sequences of Two Bulgarian Bacillus anthracis Strains.	2013	10.1128/genomea.00152-13	23599294			https://pubmed.ncbi.nlm.nih.gov/23599294/
pubmed	Q03	clade_marker	24244535	publication	Rapid differentiation between livestock-associated and livestock-independent Staphylococcus aureus CC398 clades.	2013	10.1371/journal.pone.0079645	24244535			https://pubmed.ncbi.nlm.nih.gov/24244535/
pubmed	Q03	clade_marker	24533573	publication	High prevalence and two dominant host-specific genotypes of Coxiella burnetii in U.S. milk.	2014	10.1186/1471-2180-14-41	24533573			https://pubmed.ncbi.nlm.nih.gov/24533573/
pubmed	Q03	clade_marker	25073769	publication	Source tracking of an anthrax outbreak in northeastern China using complete genome analysis and MLVA genotyping.	2015	10.1007/s10096-014-2195-7	25073769			https://pubmed.ncbi.nlm.nih.gov/25073769/
pubmed	Q03	clade_marker	25103761	publication	Complete Genome Sequence of Bacillus anthracis HYU01, Isolated from Soil Samples in the Korean Peninsula.	2014	10.1128/genomea.00769-14	25103761			https://pubmed.ncbi.nlm.nih.gov/25103761/
pubmed	Q03	clade_marker	25843650	publication	Molecular diversity of Bacillus anthracis in the Netherlands: investigating the relationship to the worldwide population using whole-genome SNP discovery.	2015	10.1016/j.meegid.2015.03.030	25843650			https://pubmed.ncbi.nlm.nih.gov/25843650/
pubmed	Q03	clade_marker	26062561	publication	Genomic analyses of Francisella tularensis strains confirm disease transmission from drinking water sources, Turkey, 2008, 2009 and 2012.	2015	10.2807/1560-7917.es2015.20.21.21136	26062561			https://pubmed.ncbi.nlm.nih.gov/26062561/
pubmed	Q03	clade_marker	26317972	publication	Whole Genome-Sequencing and Phylogenetic Analysis of a Historical Collection of Bacillus anthracis Strains from Danish Cattle.	2015	10.1371/journal.pone.0134699	26317972			https://pubmed.ncbi.nlm.nih.gov/26317972/
pubmed	Q03	clade_marker	27082248	publication	Genotype Analysis of Bacillus anthracis Strains Circulating in Bangladesh.	2016	10.1371/journal.pone.0153548	27082248			https://pubmed.ncbi.nlm.nih.gov/27082248/
pubmed	Q03	clade_marker	27790972	publication	Introduction and persistence of tularemia in Bulgaria.	2016	10.3402/iee.v6.32838	27790972			https://pubmed.ncbi.nlm.nih.gov/27790972/
pubmed	Q03	clade_marker	30050151	publication	The identification of novel single nucleotide polymorphisms to assist in mapping the spread of Bacillus anthracis across the Southern Caucasus.	2018	10.1038/s41598-018-29738-3	30050151			https://pubmed.ncbi.nlm.nih.gov/30050151/
pubmed	Q03	clade_marker	30065876	publication	Use of Canonical Single Nucleotide Polymorphism (CanSNPs) to characterize Bacillus anthracis outbreak strains in Zambia between 1990 and 2014.	2018	10.7717/peerj.5270	30065876			https://pubmed.ncbi.nlm.nih.gov/30065876/
pubmed	Q03	clade_marker	30161194	publication	Investigation and source-tracing of an anthrax outbreak in Gansu Province, China.	2018	10.1371/journal.pone.0203267	30161194			https://pubmed.ncbi.nlm.nih.gov/30161194/
pubmed	Q03	clade_marker	30418972	publication	Genetic characteristics of Bacillus anthracis isolated from northwestern China from 1990 to 2016.	2018	10.1371/journal.pntd.0006908	30418972			https://pubmed.ncbi.nlm.nih.gov/30418972/
pubmed	Q03	clade_marker	30928604	publication	Comparative genomics and phylogenetic analysis of Bacillus anthracis strains isolated from domestic animals in Japan.	2019	10.1016/j.meegid.2019.03.022	30928604			https://pubmed.ncbi.nlm.nih.gov/30928604/
pubmed	Q03	clade_marker	31936409	publication	Whole Genome Sequencing for Studying Bacillus anthracis from an Outbreak in the Abruzzo Region of Italy.	2020	10.3390/microorganisms8010087	31936409			https://pubmed.ncbi.nlm.nih.gov/31936409/
pubmed	Q03	clade_marker	31970271	publication	Genomic sequence data and single nucleotide polymorphism genotyping of Bacillus anthracis strains isolated from animal anthrax outbreaks in Northern Cape Province, South Africa.	2020	10.1016/j.dib.2019.105040	31970271			https://pubmed.ncbi.nlm.nih.gov/31970271/
pubmed	Q03	clade_marker	31981903	publication	Genotyping and population diversity of Bacillus anthracis in China based on MLVA and canSNP analysis.	2020	10.1016/j.micres.2020.126414	31981903			https://pubmed.ncbi.nlm.nih.gov/31981903/
pubmed	Q03	clade_marker	32194525	publication	Phylogeography and Genetic Diversity of Francisella tularensis subsp. holarctica in France (1947-2018).	2020	10.3389/fmicb.2020.00287	32194525			https://pubmed.ncbi.nlm.nih.gov/32194525/
pubmed	Q03	clade_marker	32269982	publication	Epidemiological Investigation and Etiological Analysis of a Cutaneous Anthrax Epidemic Caused by Butchering Sick Cattle in Guizhou, China.	2020	10.3389/fpubh.2020.00065	32269982			https://pubmed.ncbi.nlm.nih.gov/32269982/
pubmed	Q03	clade_marker	32736522	publication	Molecular characterization of B. anthracis isolates from the anthrax outbreak among cattle in Karnataka, India.	2020	10.1186/s12866-020-01917-1	32736522			https://pubmed.ncbi.nlm.nih.gov/32736522/
pubmed	Q03	clade_marker	33291395	publication	Genotyping of Francisella tularensis subsp. holarctica from Hares in Germany.	2020	10.3390/microorganisms8121932	33291395			https://pubmed.ncbi.nlm.nih.gov/33291395/
pubmed	Q03	clade_marker	33303664	publication	Retrospective Analysis of the Relationship between Two Anthrax Outbreaks in Kazakhstan Based on Genomic Data.	2020	10.1128/mra.01126-20	33303664			https://pubmed.ncbi.nlm.nih.gov/33303664/
pubmed	Q03	clade_marker	33827898	publication	A Whole-Genome-Based Gene-by-Gene Typing System for Standardized High-Resolution Strain Typing of Bacillus anthracis.	2021	10.1128/jcm.02889-20	33827898			https://pubmed.ncbi.nlm.nih.gov/33827898/
pubmed	Q03	clade_marker	35698492	publication	Identification of the molecular characteristics of Bacillus anthracis (1982-2020) isolates in East Indonesia using multilocus variable-number tandem repeat analysis.	2022	10.14202/vetworld.2022.953-961	35698492			https://pubmed.ncbi.nlm.nih.gov/35698492/
pubmed	Q03	clade_marker	37110312	publication	Spanish Outbreak Isolates Bridge Phylogenies of European and American Bacillus anthracis.	2023	10.3390/microorganisms11040889	37110312			https://pubmed.ncbi.nlm.nih.gov/37110312/
pubmed	Q03	clade_marker	37113234	publication	Phylogeography of Francisella tularensis subspecies holarctica and epidemiology of tularemia in Switzerland.	2023	10.3389/fmicb.2023.1151049	37113234			https://pubmed.ncbi.nlm.nih.gov/37113234/
pubmed	Q03	clade_marker	37331050	publication	Phenotypic and genotypic discrimination of Francisella tularensis ssp. holarctica clades.	2023	10.1016/j.ijmm.2023.151583	37331050			https://pubmed.ncbi.nlm.nih.gov/37331050/
pubmed	Q03	clade_marker	37678701	publication	Spatial and phylogenetic patterns reveal hidden infection sources of Bacillus anthracis in an anthrax outbreak in Son La province, Vietnam.	2023	10.1016/j.meegid.2023.105496	37678701			https://pubmed.ncbi.nlm.nih.gov/37678701/
pubmed	Q03	clade_marker	39057820	publication	"New Insights into the Phylogeny of the A.Br.161 (""A.Br.Heroin"") Clade of Bacillus anthracis."	2024	10.3390/pathogens13070593	39057820			https://pubmed.ncbi.nlm.nih.gov/39057820/
pubmed	Q03	clade_marker	39918319	publication	Persistence in time: the hunt for Bacillus anthracis at a historic tannery site in Austria reveals genetic diversity thought extinct.	2025	10.1128/aem.01732-24	39918319			https://pubmed.ncbi.nlm.nih.gov/39918319/
pubmed	Q03	clade_marker	40616916	publication	New insights into the evolutionary origin of Francisella tularensis subsp. holarctica.	2025	10.1016/j.jiph.2025.102878	40616916			https://pubmed.ncbi.nlm.nih.gov/40616916/
pubmed	Q03	clade_marker	41259777	publication	Comparative genome analysis of virulent strains of Bacillus anthracis causing anthrax outbreaks in animals.	2025	10.1139/gen-2025-0045	41259777			https://pubmed.ncbi.nlm.nih.gov/41259777/
pubmed	Q03	clade_marker	42363858	publication	"The genome sequence of Bacillus anthracis strain ""Bundesheer"" isolated from a postal sack in the US embassy Vienna in 2001 during the Amerithrax incident in the US."	2026	10.1128/mra.00215-26	42363858			https://pubmed.ncbi.nlm.nih.gov/42363858/
pubmed	Q03	clade_marker	42513989	publication	Molecular Characterization, SNP-Based Strain Profiling, and Seroprevalence of Bacillus anthracis in Ruminants in Jordan.	2026	10.3390/microorganisms14071483	42513989			https://pubmed.ncbi.nlm.nih.gov/42513989/
pubmed	Q03	clade_marker	42745988	publication	Epidemiological Characteristics of Anthrax and Bacillus anthracis Strains - China, 2020-2024.	2026	10.46234/ccdcw2026.167	42745988			https://pubmed.ncbi.nlm.nih.gov/42745988/
pubmed	Q04	clade_marker	35354436	publication	Distribution and identification of Mycobacterium tuberculosis lineage in Kashgar prefecture.	2022	10.1186/s12879-022-07307-4	35354436			https://pubmed.ncbi.nlm.nih.gov/35354436/
pubmed	Q09	genotyping	34787541	publication	Revised nomenclature and SNP barcode for Mycobacterium tuberculosis lineage 2.	2021	10.1099/mgen.0.000697	34787541			https://pubmed.ncbi.nlm.nih.gov/34787541/
pubmed	Q09	genotyping	35205308	publication	Snapshot of Mycobacterium tuberculosis Phylogenetics from an Indian State of Arunachal Pradesh Bordering China.	2022	10.3390/genes13020263	35205308			https://pubmed.ncbi.nlm.nih.gov/35205308/
pubmed	Q11	ancestral_reconstruction	16103173	publication	Human immunodeficiency virus type 1 subtype B ancestral envelope protein is functional and elicits neutralizing antibodies in rabbits similar to those elicited by a circulating subtype B envelope.	2005	10.1128/jvi.79.17.11214-11224.2005	16103173			https://pubmed.ncbi.nlm.nih.gov/16103173/
pubmed	Q11	ancestral_reconstruction	18300027	publication	The limitations of ancestral state reconstruction and the evolution of the ascus in the Lecanorales (lichenized Ascomycota).	2008	10.1080/10635150801910451	18300027			https://pubmed.ncbi.nlm.nih.gov/18300027/
pubmed	Q11	ancestral_reconstruction	18852097	publication	Modelling heterotachy in phylogenetic inference by reversible-jump Markov chain Monte Carlo.	2008	10.1098/rstb.2008.0178	18852097			https://pubmed.ncbi.nlm.nih.gov/18852097/
pubmed	Q11	ancestral_reconstruction	19200389	publication	Optimized ancestral state reconstruction using Sankoff parsimony.	2009	10.1186/1471-2105-10-51	19200389			https://pubmed.ncbi.nlm.nih.gov/19200389/
pubmed	Q11	ancestral_reconstruction	19371160	publication	Phylogenomic dating--a method of constraining the age of microbial taxa that lack a conventional fossil record.	2009	10.1089/ast.2008.0247	19371160			https://pubmed.ncbi.nlm.nih.gov/19371160/
pubmed	Q11	ancestral_reconstruction	20140213	publication	Greedy selection of species for ancestral state reconstruction on phylogenies: elimination is better than insertion.	2010	10.1371/journal.pone.0008985	20140213			https://pubmed.ncbi.nlm.nih.gov/20140213/
pubmed	Q11	ancestral_reconstruction	20646272	publication	The evolution of antennal courtship in diplazontine parasitoid wasps (Hymenoptera, Ichneumonidae, Diplazontinae).	2010	10.1186/1471-2148-10-218	20646272			https://pubmed.ncbi.nlm.nih.gov/20646272/
pubmed	Q11	ancestral_reconstruction	22745529	publication	PhyloTempo: A Set of R Scripts for Assessing and Visualizing Temporal Clustering in Genealogies Inferred from Serially Sampled Viral Sequences.	2012	10.4137/ebo.s9738	22745529			https://pubmed.ncbi.nlm.nih.gov/22745529/
pubmed	Q11	ancestral_reconstruction	22796530	publication	A molecular phylogenetic analysis of the vampire moths and their fruit-piercing relatives (Lepidoptera: Erebidae: Calpinae).	2012	10.1016/j.ympev.2012.06.029	22796530			https://pubmed.ncbi.nlm.nih.gov/22796530/
pubmed	Q11	ancestral_reconstruction	23064000	publication	A counting renaissance: combining stochastic mapping and empirical Bayes to quickly detect amino acid sites under positive selection.	2012	10.1093/bioinformatics/bts580	23064000			https://pubmed.ncbi.nlm.nih.gov/23064000/
pubmed	Q11	ancestral_reconstruction	23474179	publication	A comparative study of the hyobranchial apparatus in Hynobiidae (Amphibia: Urodela).	2013	10.1016/j.zool.2012.10.004	23474179			https://pubmed.ncbi.nlm.nih.gov/23474179/
pubmed	Q11	ancestral_reconstruction	23792935	publication	Subgenotype A1 of HBV--tracing human migrations in and out of Africa.	2013	10.3851/imp2657	23792935			https://pubmed.ncbi.nlm.nih.gov/23792935/
pubmed	Q11	ancestral_reconstruction	23966548	publication	Reconstruction of ancestral 16S rRNA reveals mutation bias in the evolution of optimal growth temperature in the Thermotogae phylum.	2013	10.1093/molbev/mst145	23966548			https://pubmed.ncbi.nlm.nih.gov/23966548/
pubmed	Q11	ancestral_reconstruction	23975157	publication	Predictive functional profiling of microbial communities using 16S rRNA marker gene sequences.	2013	10.1038/nbt.2676	23975157			https://pubmed.ncbi.nlm.nih.gov/23975157/
pubmed	Q11	ancestral_reconstruction	23992299	publication	Analysis of metabolic evolution in bacteria using whole-genome metabolic models.	2013	10.1089/cmb.2013.0079	23992299			https://pubmed.ncbi.nlm.nih.gov/23992299/
pubmed	Q11	ancestral_reconstruction	24152239	publication	Ancestral character estimation under the threshold model from quantitative genetics.	2014	10.1111/evo.12300	24152239			https://pubmed.ncbi.nlm.nih.gov/24152239/
pubmed	Q11	ancestral_reconstruction	24312438	publication	Understanding phenotypical character evolution in parmelioid lichenized fungi (Parmeliaceae, Ascomycota).	2013	10.1371/journal.pone.0083115	24312438			https://pubmed.ncbi.nlm.nih.gov/24312438/
pubmed	Q11	ancestral_reconstruction	24473288	publication	Placing environmental next-generation sequencing amplicons from microbial eukaryotes into a phylogenetic context.	2014	10.1093/molbev/msu055	24473288			https://pubmed.ncbi.nlm.nih.gov/24473288/
pubmed	Q11	ancestral_reconstruction	25040486	publication	Complete forelimb myology of the basal theropod dinosaur Tawa hallae based on a novel robust muscle reconstruction method.	2014	10.1111/joa.12216	25040486			https://pubmed.ncbi.nlm.nih.gov/25040486/
pubmed	Q11	ancestral_reconstruction	25253713	publication	Phylogenetic relationships and character evolution in Heuchera (Saxifragaceae) on the basis of multiple nuclear loci.	2014	10.3732/ajb.1400290	25253713			https://pubmed.ncbi.nlm.nih.gov/25253713/
pubmed	Q11	ancestral_reconstruction	25616375	publication	Ancestral state reconstruction, rate heterogeneity, and the evolution of reptile viviparity.	2015	10.1093/sysbio/syv005	25616375			https://pubmed.ncbi.nlm.nih.gov/25616375/
pubmed	Q11	ancestral_reconstruction	25672902	publication	Phylogenetic Comparative Methods for Evaluating the Evolutionary History of Function-Valued Traits.	2015	10.1093/sysbio/syv012	25672902			https://pubmed.ncbi.nlm.nih.gov/25672902/
pubmed	Q11	ancestral_reconstruction	25819445	publication	RASP (Reconstruct Ancestral State in Phylogenies): a tool for historical biogeography.	2015	10.1016/j.ympev.2015.03.008	25819445			https://pubmed.ncbi.nlm.nih.gov/25819445/
pubmed	Q11	ancestral_reconstruction	25994295	publication	An integrative method for testing form-function linkages and reconstructed evolutionary pathways of masticatory specialization.	2015	10.1098/rsif.2015.0184	25994295			https://pubmed.ncbi.nlm.nih.gov/25994295/
pubmed	Q11	ancestral_reconstruction	26173578	publication	Phylogenetic uncertainty can bias the number of evolutionary transitions estimated from ancestral state reconstruction methods.	2015	10.1002/jez.b.22638	26173578			https://pubmed.ncbi.nlm.nih.gov/26173578/
pubmed	Q11	ancestral_reconstruction	26227660	publication	Which came first: The lizard or the egg? Robustness in phylogenetic reconstruction of ancestral states.	2015	10.1002/jez.b.22642	26227660			https://pubmed.ncbi.nlm.nih.gov/26227660/
pubmed	Q11	ancestral_reconstruction	26359911	publication	16Stimator: statistical estimation of ribosomal gene copy numbers from draft genome assemblies.	2016	10.1038/ismej.2015.161	26359911			https://pubmed.ncbi.nlm.nih.gov/26359911/
pubmed	Q11	ancestral_reconstruction	26714661	publication	Treelink: data integration, clustering and visualization of phylogenetic trees.	2015	10.1186/s12859-015-0860-1	26714661			https://pubmed.ncbi.nlm.nih.gov/26714661/
pubmed	Q11	ancestral_reconstruction	27056412	publication	Efficient Recycled Algorithms for Quantitative Trait Models on Phylogenies.	2016	10.1093/gbe/evw064	27056412			https://pubmed.ncbi.nlm.nih.gov/27056412/
pubmed	Q11	ancestral_reconstruction	27234644	publication	A comparison of ancestral state reconstruction methods for quantitative characters.	2016	10.1016/j.jtbi.2016.05.029	27234644			https://pubmed.ncbi.nlm.nih.gov/27234644/
pubmed	Q11	ancestral_reconstruction	27412711	publication	Bayesian Inference of the Evolution of a Phenotype Distribution on a Phylogenetic Tree.	2016	10.1534/genetics.116.190496	27412711			https://pubmed.ncbi.nlm.nih.gov/27412711/
pubmed	Q11	ancestral_reconstruction	27611687	publication	The Impact of Reconstruction Methods, Phylogenetic Uncertainty and Branch Lengths on Inference of Chromosome Number Evolution in American Daisies (Melampodium, Asteraceae).	2016	10.1371/journal.pone.0162299	27611687			https://pubmed.ncbi.nlm.nih.gov/27611687/
pubmed	Q11	ancestral_reconstruction	27792262	publication	Rate heterogeneity across Squamata, misleading ancestral state reconstruction and the importance of proper null model specification.	2017	10.1111/jeb.13004	27792262			https://pubmed.ncbi.nlm.nih.gov/27792262/
pubmed	Q11	ancestral_reconstruction	28170397	publication	Bayesian phylogeography of influenza A/H3N2 for the 2014-15 season in the United States using three frameworks of ancestral state reconstruction.	2017	10.1371/journal.pcbi.1005389	28170397			https://pubmed.ncbi.nlm.nih.gov/28170397/
pubmed	Q11	ancestral_reconstruction	28228094	publication	SFREEMAP - A simulation-free tool for stochastic mapping.	2017	10.1186/s12859-017-1554-7	28228094			https://pubmed.ncbi.nlm.nih.gov/28228094/
pubmed	Q11	ancestral_reconstruction	28428869	publication	Rapid maximum likelihood ancestral state reconstruction of continuous characters: A rerooting-free algorithm.	2017	10.1002/ece3.2837	28428869			https://pubmed.ncbi.nlm.nih.gov/28428869/
pubmed	Q11	ancestral_reconstruction	28439466	publication	Arrival and diversification of mabuyine skinks (Squamata: Scincidae) in the Neotropics based on a fossil-calibrated timetree.	2017	10.7717/peerj.3194	28439466			https://pubmed.ncbi.nlm.nih.gov/28439466/
pubmed	Q11	ancestral_reconstruction	28819749	publication	Time-Dependent-Asymmetric-Linear-Parsimonious Ancestral State Reconstruction.	2017	10.1007/s11538-017-0332-z	28819749			https://pubmed.ncbi.nlm.nih.gov/28819749/
pubmed	Q11	ancestral_reconstruction	28966093	publication	Rates of Molecular Evolution Suggest Natural History of Life History Traits and a Post-K-Pg Nocturnal Bottleneck of Placentals.	2017	10.1016/j.cub.2017.08.043	28966093			https://pubmed.ncbi.nlm.nih.gov/28966093/
pubmed	Q11	ancestral_reconstruction	29476399	publication	On the Accuracy of Ancestral Sequence Reconstruction for Ultrametric Trees with Parsimony.	2018	10.1007/s11538-018-0407-5	29476399			https://pubmed.ncbi.nlm.nih.gov/29476399/
pubmed	Q11	ancestral_reconstruction	29573405	publication	Inferring the evolutionary reduction of corm lobation in Isoëtes using Bayesian model-averaged ancestral state reconstruction.	2018	10.1002/ajb2.1024	29573405			https://pubmed.ncbi.nlm.nih.gov/29573405/
pubmed	Q11	ancestral_reconstruction	29795540	publication	Methods for phylogenetic analysis of microbiome data.	2018	10.1038/s41564-018-0156-0	29795540			https://pubmed.ncbi.nlm.nih.gov/29795540/
pubmed	Q11	ancestral_reconstruction	29930308	publication	Testing the impact of morphological rate heterogeneity on ancestral state reconstruction of five floral traits in angiosperms.	2018	10.1038/s41598-018-27750-1	29930308			https://pubmed.ncbi.nlm.nih.gov/29930308/
pubmed	Q11	ancestral_reconstruction	30298254	publication	Predicting the Functional Potential of the Microbiome from Marker Genes Using PICRUSt.	2018	10.1007/978-1-4939-8728-3_11	30298254			https://pubmed.ncbi.nlm.nih.gov/30298254/
pubmed	Q11	ancestral_reconstruction	30641072	publication	Multi-task learning improves ancestral state reconstruction.	2019	10.1016/j.tpb.2019.01.001	30641072			https://pubmed.ncbi.nlm.nih.gov/30641072/
pubmed	Q11	ancestral_reconstruction	30758663	publication	Quantifying the accuracy of ancestral state prediction in a phylogenetic tree under maximum parsimony.	2019	10.1007/s00285-019-01330-x	30758663			https://pubmed.ncbi.nlm.nih.gov/30758663/
pubmed	Q11	ancestral_reconstruction	30813627	publication	ProtParCon: A Framework for Processing Molecular Data and Identifying Parallel and Convergent Amino Acid Replacements.	2019	10.3390/genes10030181	30813627			https://pubmed.ncbi.nlm.nih.gov/30813627/
pubmed	Q11	ancestral_reconstruction	30870968	publication	Potential Functions of the Gastrointestinal Microbiome Inhabiting the Length of the Rat Digest Tract.	2019	10.3390/ijms20051232	30870968			https://pubmed.ncbi.nlm.nih.gov/30870968/
pubmed	Q11	ancestral_reconstruction	31127303	publication	A Fast Likelihood Method to Reconstruct and Visualize Ancestral Scenarios.	2019	10.1093/molbev/msz131	31127303			https://pubmed.ncbi.nlm.nih.gov/31127303/
pubmed	Q11	ancestral_reconstruction	31135923	publication	Biogeographical Network Analysis of Cretaceous Terrestrial Tetrapods: A Phylogeny-Based Approach.	2019	10.1093/sysbio/syz024	31135923			https://pubmed.ncbi.nlm.nih.gov/31135923/
pubmed	Q11	ancestral_reconstruction	31175350	publication	What is the nature of petals in Caryophyllaceae? Developmental evidence clarifies their evolutionary origin.	2019	10.1093/aob/mcz075	31175350			https://pubmed.ncbi.nlm.nih.gov/31175350/
pubmed	Q11	ancestral_reconstruction	31670774	publication	RASP 4: Ancestral State Reconstruction Tool for Multiple Genes and Characters.	2020	10.1093/molbev/msz257	31670774			https://pubmed.ncbi.nlm.nih.gov/31670774/
pubmed	Q11	ancestral_reconstruction	31773908	publication	Challenges in estimating ancestral state reconstructions: the evolution of migration in Sylvia warblers as a study case.	2020	10.1111/1749-4877.12418	31773908			https://pubmed.ncbi.nlm.nih.gov/31773908/
pubmed	Q11	ancestral_reconstruction	32376845	publication	Accuracy of ancestral state reconstruction for non-neutral traits.	2020	10.1038/s41598-020-64647-4	32376845			https://pubmed.ncbi.nlm.nih.gov/32376845/
pubmed	Q11	ancestral_reconstruction	32488122	publication	A new viewpoint on antlers reveals the evolutionary history of deer (Cervidae, Mammalia).	2020	10.1038/s41598-020-64555-7	32488122			https://pubmed.ncbi.nlm.nih.gov/32488122/
pubmed	Q11	ancestral_reconstruction	32646372	publication	What makes a fang? Phylogenetic and ecological controls on tooth evolution in rear-fanged snakes.	2020	10.1186/s12862-020-01645-0	32646372			https://pubmed.ncbi.nlm.nih.gov/32646372/
pubmed	Q11	ancestral_reconstruction	32924924	publication	Ancestral state reconstruction of metabolic pathways across pangenome ensembles.	2020	10.1099/mgen.0.000429	32924924			https://pubmed.ncbi.nlm.nih.gov/32924924/
pubmed	Q11	ancestral_reconstruction	33240289	publication	Phylogeny, Diversification Rate, and Divergence Time of Agave sensu lato (Asparagaceae), a Group of Recent Origin in the Process of Diversification.	2020	10.3389/fpls.2020.536135	33240289			https://pubmed.ncbi.nlm.nih.gov/33240289/
pubmed	Q11	ancestral_reconstruction	33659537	publication	High-resolution and Deep Phylogenetic Reconstruction of Ancestral States from Large Transcriptomic Data Sets.	2020	10.21769/bioprotoc.3566	33659537			https://pubmed.ncbi.nlm.nih.gov/33659537/
pubmed	Q11	ancestral_reconstruction	33677478	publication	BAli-Phy version 3: model-based co-estimation of alignment and phylogeny.	2021	10.1093/bioinformatics/btab129	33677478			https://pubmed.ncbi.nlm.nih.gov/33677478/
pubmed	Q11	ancestral_reconstruction	33720363	publication	A New Method for Integrating Ecological Niche Modeling with Phylogenetics to Estimate Ancestral Distributions.	2021	10.1093/sysbio/syab016	33720363			https://pubmed.ncbi.nlm.nih.gov/33720363/
pubmed	Q11	ancestral_reconstruction	33962008	publication	Evolution of host use in fungivorous ciid beetles (Coleoptera: Ciidae): Molecular phylogeny focusing on Japanese taxa.	2021	10.1016/j.ympev.2021.107197	33962008			https://pubmed.ncbi.nlm.nih.gov/33962008/
pubmed	Q11	ancestral_reconstruction	34874243	publication	SNPPar: identifying convergent evolution and other homoplasies from microbial whole-genome alignments.	2021	10.1099/mgen.0.000694	34874243			https://pubmed.ncbi.nlm.nih.gov/34874243/
pubmed	Q11	ancestral_reconstruction	34892878	publication	Is ACCTRAN better than DELTRAN?	2008	10.1111/j.1096-0031.2008.00229.x	34892878			https://pubmed.ncbi.nlm.nih.gov/34892878/
pubmed	Q11	ancestral_reconstruction	35212761	publication	Modeling Pulsed Evolution and Time-Independent Variation Improves the Confidence Level of Ancestral and Hidden State Predictions.	2022	10.1093/sysbio/syac016	35212761			https://pubmed.ncbi.nlm.nih.gov/35212761/
pubmed	Q11	ancestral_reconstruction	35295748	publication	Phycova - a tool for exploring covariates of pathogen spread.	2022	10.1093/ve/veac015	35295748			https://pubmed.ncbi.nlm.nih.gov/35295748/
pubmed	Q11	ancestral_reconstruction	35350249	publication	Phylogeographical and evolutionary history of variola major virus; a question of timescales?	2022	10.53854/liim-3001-13	35350249			https://pubmed.ncbi.nlm.nih.gov/35350249/
pubmed	Q11	ancestral_reconstruction	35906916	publication	Detailed seed cone morpho-anatomy of the Prumnopityoid clade: an insight into the origin and evolution of Podocarpaceae seed cones.	2022	10.1093/aob/mcac097	35906916			https://pubmed.ncbi.nlm.nih.gov/35906916/
pubmed	Q11	ancestral_reconstruction	36009845	publication	Keeping 21st Century Paleontology Grounded: Quantitative Genetic Analyses and Ancestral State Reconstruction Re-Emphasize the Essentiality of Fossils.	2022	10.3390/biology11081218	36009845			https://pubmed.ncbi.nlm.nih.gov/36009845/
pubmed	Q11	ancestral_reconstruction	36012777	publication	The Early Terrestrial Fungal Lineage of Conidiobolus-Transition from Saprotroph to Parasitic Lifestyle.	2022	10.3390/jof8080789	36012777			https://pubmed.ncbi.nlm.nih.gov/36012777/
pubmed	Q11	ancestral_reconstruction	36083452	publication	Ancestral State Reconstruction Using BayesTraits.	2022	10.1007/978-1-0716-2691-7_12	36083452			https://pubmed.ncbi.nlm.nih.gov/36083452/
pubmed	Q11	ancestral_reconstruction	36167107	publication	When can we reconstruct the ancestral state? A unified theory.	2022	10.1016/j.tpb.2022.09.001	36167107			https://pubmed.ncbi.nlm.nih.gov/36167107/
pubmed	Q11	ancestral_reconstruction	37142869	publication	When can we reconstruct the ancestral state? Beyond Brownian motion.	2023	10.1007/s00285-023-01922-8	37142869			https://pubmed.ncbi.nlm.nih.gov/37142869/
pubmed	Q11	ancestral_reconstruction	37216509	publication	Phylogenomic comparative methods: Accurate evolutionary inferences in the presence of gene tree discordance.	2023	10.1073/pnas.2220389120	37216509			https://pubmed.ncbi.nlm.nih.gov/37216509/
pubmed	Q11	ancestral_reconstruction	37376544	publication	Modeling Drug Resistance Emergence and Transmission in HIV-1 in the UK.	2023	10.3390/v15061244	37376544			https://pubmed.ncbi.nlm.nih.gov/37376544/
pubmed	Q11	ancestral_reconstruction	37631973	publication	Distinguishing Genetic Drift from Selection in Papillomavirus Evolution.	2023	10.3390/v15081631	37631973			https://pubmed.ncbi.nlm.nih.gov/37631973/
pubmed	Q11	ancestral_reconstruction	38106136	publication	RERconverge Expansion: Using Relative Evolutionary Rates to Study Complex Categorical Trait Evolution.	2023	10.1101/2023.12.06.570425	38106136			https://pubmed.ncbi.nlm.nih.gov/38106136/
pubmed	Q11	ancestral_reconstruction	38853833	publication	Evaluating methods for B-cell clonal family assignment.	2024	10.1101/2024.05.29.596491	38853833			https://pubmed.ncbi.nlm.nih.gov/38853833/
pubmed	Q11	ancestral_reconstruction	39191284	publication	The rise of dietary diversity in coral reef fishes.	2024	10.1098/rspb.2024.1004	39191284			https://pubmed.ncbi.nlm.nih.gov/39191284/
pubmed	Q11	ancestral_reconstruction	39368617	publication	Molecular phylogenetic and estimation of evolutionary divergence and biogeography of the family Schizoparmaceae and allied families (Diaporthales, Ascomycota).	2024	10.1016/j.ympev.2024.108211	39368617			https://pubmed.ncbi.nlm.nih.gov/39368617/
pubmed	Q11	ancestral_reconstruction	39404101	publication	RERconverge Expansion: Using Relative Evolutionary Rates to Study Complex Categorical Trait Evolution.	2024	10.1093/molbev/msae210	39404101			https://pubmed.ncbi.nlm.nih.gov/39404101/
pubmed	Q11	ancestral_reconstruction	39882857	publication	Distribution of early-branching Cyanobacteriia and the potential habitats that gave rise to the earliest oxygenic phototrophs.	2025	10.1128/msphere.01013-24	39882857			https://pubmed.ncbi.nlm.nih.gov/39882857/
pubmed	Q11	ancestral_reconstruction	40329824	publication	Strong bat predation and weak environmental constraints predict longer moth tails.	2025	10.1098/rspb.2024.2824	40329824			https://pubmed.ncbi.nlm.nih.gov/40329824/
pubmed	Q11	ancestral_reconstruction	40502560	publication	Phylogenetic context of antibiotic resistance provides insights into the dynamics of resistance emergence and spread.	2025	10.1101/2025.06.04.25328982	40502560			https://pubmed.ncbi.nlm.nih.gov/40502560/
pubmed	Q11	ancestral_reconstruction	40875493	publication	FUSE-PhyloTree: linking functions and sequence conservation modules of a protein family through phylogenomic analysis.	2025	10.1093/bioinformatics/btaf479	40875493			https://pubmed.ncbi.nlm.nih.gov/40875493/
pubmed	Q11	ancestral_reconstruction	40966588	publication	Introducing the Y-chromosomal Ancestral-like Reference Sequence-Improving the Capture of Human Evolutionary Information.	2025	10.1093/molbev/msaf222	40966588			https://pubmed.ncbi.nlm.nih.gov/40966588/
pubmed	Q11	ancestral_reconstruction	40971902	publication	Phylogenetic Context of Antibiotic Resistance Provides Insights into the Dynamics of Resistance Emergence and Spread.	2025	10.1093/infdis/jiaf478	40971902			https://pubmed.ncbi.nlm.nih.gov/40971902/
pubmed	Q11	ancestral_reconstruction	41201258	publication	Function inference of million-scale microbiomes using multi-GPU acceleration.	2025	10.1128/spectrum.02072-25	41201258			https://pubmed.ncbi.nlm.nih.gov/41201258/
pubmed	Q11	ancestral_reconstruction	41279858	publication	Uncertainty in joint Ancestral State Reconstruction: Improving accuracy and biological interpretability of ancestral state prediction.	2025	10.1101/2025.10.09.681367	41279858			https://pubmed.ncbi.nlm.nih.gov/41279858/
pubmed	Q11	ancestral_reconstruction	41622108	publication	TreeProfiler: large-scale metadata profiling along gene and species trees.	2026	10.1093/molbev/msag028	41622108			https://pubmed.ncbi.nlm.nih.gov/41622108/
pubmed	Q11	ancestral_reconstruction	41666946	publication	Limitations of molecular dating using constant birth-death rate priors in deep time reflected in Brachiopoda evolution.	2026	10.1016/j.ympev.2026.108557	41666946			https://pubmed.ncbi.nlm.nih.gov/41666946/
pubmed	Q11	ancestral_reconstruction	41746276	publication	Automatic Discovery of Optimal Discrete Character Models.	2026	10.1093/sysbio/syag018	41746276			https://pubmed.ncbi.nlm.nih.gov/41746276/
pubmed	Q11	ancestral_reconstruction	41757683	publication	Diffeomorphic Independent Contrasts for Ancestral Reconstruction of Shapes.	2026	10.1093/sysbio/syag019	41757683			https://pubmed.ncbi.nlm.nih.gov/41757683/
pubmed	Q11	ancestral_reconstruction	41890074	publication	Ancestral state reconstruction with discrete characters using deep learning.	2026	10.64898/2026.03.19.712918	41890074			https://pubmed.ncbi.nlm.nih.gov/41890074/
pubmed	Q11	ancestral_reconstruction	41915010	publication	Stochastic Character Mapping of Continuous Traits on Phylogenies.	2026	10.1093/sysbio/syag031	41915010			https://pubmed.ncbi.nlm.nih.gov/41915010/
pubmed	Q11	ancestral_reconstruction	41940667	publication	From clinics to sewers: leveraging environmental surveillance and whole genome sequencing to inform transmission of ESBL-Escherichia coli in Switzerland.	2026	10.1128/aem.01848-25	41940667			https://pubmed.ncbi.nlm.nih.gov/41940667/
pubmed	Q11	ancestral_reconstruction	41955119	publication	Resolving competing evolutionary histories in joint ancestral state reconstruction.	2026	10.1073/pnas.2528064123	41955119			https://pubmed.ncbi.nlm.nih.gov/41955119/
pubmed	Q11	ancestral_reconstruction	42187701	publication	Molecular Phylogeny, Divergence Time Estimation, and Biogeography of Moelleriella (Clavicipitaceae, Hypocreales) with Taxonomic Insights.	2026	10.3390/biology15100739	42187701			https://pubmed.ncbi.nlm.nih.gov/42187701/
pubmed	Q11	ancestral_reconstruction	42213652	publication	What did the dove sing to Pope Gregory? Ancestral melody reconstruction in Gregorian chant using Bayesian phylogenetics.	2026	10.1371/journal.pone.0350014	42213652			https://pubmed.ncbi.nlm.nih.gov/42213652/
pubmed	Q11	ancestral_reconstruction	42248848	publication	Quantification of molar sub-regions suggests increasing herbivory during primate origins.	2026	10.1038/s41467-026-73688-8	42248848			https://pubmed.ncbi.nlm.nih.gov/42248848/
pubmed	Q11	ancestral_reconstruction	42327602	publication	Multilocus phylogeny, morphology and taxonomy of Microdochium (Microdochiaceae): insights into evolutionary divergence times and historical biogeography.	2026	10.3897/imafungus.17.191909	42327602			https://pubmed.ncbi.nlm.nih.gov/42327602/
pubmed	Q12	ancestral_reconstruction	15377393	publication	Reconstruction of ancestral protein sequences and its applications.	2004	10.1186/1471-2148-4-33	15377393			https://pubmed.ncbi.nlm.nih.gov/15377393/
pubmed	Q12	ancestral_reconstruction	16293191	publication	Ancestral sequence alignment under optimal conditions.	2005	10.1186/1471-2105-6-273	16293191			https://pubmed.ncbi.nlm.nih.gov/16293191/
pubmed	Q12	ancestral_reconstruction	16989858	publication	Using evolutionary information and ancestral sequences to understand the sequence-function relationship in GLP-1 agonists.	2006	10.1016/j.jmb.2006.08.066	16989858			https://pubmed.ncbi.nlm.nih.gov/16989858/
pubmed	Q12	ancestral_reconstruction	19455202	publication	Sources of variation in ancestral sequence reconstruction for HIV-1 envelope genes.	2007		19455202			https://pubmed.ncbi.nlm.nih.gov/19455202/
pubmed	Q12	ancestral_reconstruction	19850756	publication	Ancestors 1.0: a web server for ancestral sequence reconstruction.	2010	10.1093/bioinformatics/btp600	19850756			https://pubmed.ncbi.nlm.nih.gov/19850756/
pubmed	Q12	ancestral_reconstruction	19908355	publication	A practical algorithm for estimation of the maximum likelihood ancestral reconstruction error.	2010	10.1142/9789814295291_0005	19908355			https://pubmed.ncbi.nlm.nih.gov/19908355/
pubmed	Q12	ancestral_reconstruction	20368266	publication	Robustness of ancestral sequence reconstruction to phylogenetic uncertainty.	2010	10.1093/molbev/msq081	20368266			https://pubmed.ncbi.nlm.nih.gov/20368266/
pubmed	Q12	ancestral_reconstruction	21048002	publication	Genome-wide influence of indel Substitutions on evolution of bacteria of the PVC superphylum, revealed using a novel computational method.	2010	10.1093/gbe/evq071	21048002			https://pubmed.ncbi.nlm.nih.gov/21048002/
pubmed	Q12	ancestral_reconstruction	22661579	publication	FastML: a web server for probabilistic reconstruction of ancestral sequences.	2012	10.1093/nar/gks498	22661579			https://pubmed.ncbi.nlm.nih.gov/22661579/
pubmed	Q12	ancestral_reconstruction	22693624	publication	Developing and applying heterogeneous phylogenetic models with XRate.	2012	10.1371/journal.pone.0036898	22693624			https://pubmed.ncbi.nlm.nih.gov/22693624/
pubmed	Q12	ancestral_reconstruction	22976081	publication	Phylogenetics, likelihood, evolution and complexity.	2012	10.1093/bioinformatics/bts555	22976081			https://pubmed.ncbi.nlm.nih.gov/22976081/
pubmed	Q12	ancestral_reconstruction	23966548	publication	Reconstruction of ancestral 16S rRNA reveals mutation bias in the evolution of optimal growth temperature in the Thermotogae phylum.	2013	10.1093/molbev/mst145	23966548			https://pubmed.ncbi.nlm.nih.gov/23966548/
pubmed	Q12	ancestral_reconstruction	24371824	publication	Algorithms of ancestral gene length reconstruction.	2013	10.1155/2013/472163	24371824			https://pubmed.ncbi.nlm.nih.gov/24371824/
pubmed	Q12	ancestral_reconstruction	24391933	publication	Reconstructed ancestral Myo-inositol-3-phosphate synthases indicate that ancestors of the Thermococcales and Thermotoga species were more thermophilic than their descendants.	2013	10.1371/journal.pone.0084300	24391933			https://pubmed.ncbi.nlm.nih.gov/24391933/
pubmed	Q12	ancestral_reconstruction	25117263	publication	Tracing ancestral specificity of lectins: ancestral sequence reconstruction method as a new approach in protein engineering.	2014	10.1007/978-1-4939-1292-6_44	25117263			https://pubmed.ncbi.nlm.nih.gov/25117263/
pubmed	Q12	ancestral_reconstruction	25948563	publication	Evaluation of Ancestral Sequence Reconstruction Methods to Infer Nonstationary Patterns of Nucleotide Substitution.	2015	10.1534/genetics.115.177386	25948563			https://pubmed.ncbi.nlm.nih.gov/25948563/
pubmed	Q12	ancestral_reconstruction	26275856	publication	Assessing the prediction fidelity of ancestral reconstruction by a library approach.	2015	10.1093/protein/gzv038	26275856			https://pubmed.ncbi.nlm.nih.gov/26275856/
pubmed	Q12	ancestral_reconstruction	27342116	publication	HU histone-like DNA-binding protein from Thermus thermophilus: structural and evolutionary analyses.	2016	10.1007/s00792-016-0859-1	27342116			https://pubmed.ncbi.nlm.nih.gov/27342116/
pubmed	Q12	ancestral_reconstruction	27472806	publication	PhyloBot: A Web Portal for Automated Phylogenetics, Ancestral Sequence Reconstruction, and Exploration of Mutational Trajectories.	2016	10.1371/journal.pcbi.1004976	27472806			https://pubmed.ncbi.nlm.nih.gov/27472806/
pubmed	Q12	ancestral_reconstruction	27614546	publication	An optimised phylogenetic method sheds more light on the main branching events of rhodopsin-like superfamily.	2016	10.1016/j.cbd.2016.08.005	27614546			https://pubmed.ncbi.nlm.nih.gov/27614546/
pubmed	Q12	ancestral_reconstruction	27628687	publication	An experimental phylogeny to benchmark ancestral sequence reconstruction.	2016	10.1038/ncomms12847	27628687			https://pubmed.ncbi.nlm.nih.gov/27628687/
pubmed	Q12	ancestral_reconstruction	27795231	publication	Robustness of Reconstructed Ancestral Protein Functions to Statistical Uncertainty.	2017	10.1093/molbev/msw223	27795231			https://pubmed.ncbi.nlm.nih.gov/27795231/
pubmed	Q12	ancestral_reconstruction	28008088	publication	Exploring the past and the future of protein evolution with ancestral sequence reconstruction: the 'retro' approach to protein engineering.	2017	10.1042/bcj20160507	28008088			https://pubmed.ncbi.nlm.nih.gov/28008088/
pubmed	Q12	ancestral_reconstruction	28416654	publication	Reconstructed ancestral enzymes suggest long-term cooling of Earth's photic zone since the Archean.	2017	10.1073/pnas.1702729114	28416654			https://pubmed.ncbi.nlm.nih.gov/28416654/
pubmed	Q12	ancestral_reconstruction	28627478	publication	A glimpse into the specialization history of the lipases/acyltransferases family of CpLIP2.	2017	10.1016/j.bbapap.2017.06.004	28627478			https://pubmed.ncbi.nlm.nih.gov/28627478/
pubmed	Q12	ancestral_reconstruction	28993971	publication	Ancestral Sequence Reconstruction with Maximum Parsimony.	2017	10.1007/s11538-017-0354-6	28993971			https://pubmed.ncbi.nlm.nih.gov/28993971/
pubmed	Q12	ancestral_reconstruction	29178386	publication	A new parameter-rich structure-aware mechanistic model for amino acid substitution during evolution.	2018	10.1002/prot.25429	29178386			https://pubmed.ncbi.nlm.nih.gov/29178386/
pubmed	Q12	ancestral_reconstruction	29276038	publication	Structural and Dynamics Comparison of Thermostability in Ancient, Modern, and Consensus Elongation Factor Tus.	2018	10.1016/j.str.2017.11.018	29276038			https://pubmed.ncbi.nlm.nih.gov/29276038/
pubmed	Q12	ancestral_reconstruction	29476399	publication	On the Accuracy of Ancestral Sequence Reconstruction for Ultrametric Trees with Parsimony.	2018	10.1007/s11538-018-0407-5	29476399			https://pubmed.ncbi.nlm.nih.gov/29476399/
pubmed	Q12	ancestral_reconstruction	29497023	publication	Crystal structure of an inferred ancestral bacterial pyruvate decarboxylase.	2018	10.1107/s2053230x18002819	29497023			https://pubmed.ncbi.nlm.nih.gov/29497023/
pubmed	Q12	ancestral_reconstruction	29787243	publication	Benchmark Analysis of Native and Artificial NAD(+)-Dependent Enzymes Generated by a Sequence-Based Design Method with or without Phylogenetic Data.	2018	10.1021/acs.biochem.8b00339	29787243			https://pubmed.ncbi.nlm.nih.gov/29787243/
pubmed	Q12	ancestral_reconstruction	30298392	publication	Computational Prediction of De Novo Emerged Protein-Coding Genes.	2019	10.1007/978-1-4939-8736-8_4	30298392			https://pubmed.ncbi.nlm.nih.gov/30298392/
pubmed	Q12	ancestral_reconstruction	30298397	publication	Ancestral Sequence Reconstruction as a Tool for the Elucidation of a Stepwise Evolutionary Adaptation.	2019	10.1007/978-1-4939-8736-8_9	30298397			https://pubmed.ncbi.nlm.nih.gov/30298397/
pubmed	Q12	ancestral_reconstruction	30590382	publication	Ancestral sequence reconstruction: accounting for structural information by averaging over replacement matrices.	2019	10.1093/bioinformatics/bty1031	30590382			https://pubmed.ncbi.nlm.nih.gov/30590382/
pubmed	Q12	ancestral_reconstruction	30763032	publication	Sequence selection by FitSS4ASR alleviates ancestral sequence reconstruction as exemplified for geranylgeranylglyceryl phosphate synthase.	2019	10.1515/hsz-2018-0344	30763032			https://pubmed.ncbi.nlm.nih.gov/30763032/
pubmed	Q12	ancestral_reconstruction	30977781	publication	Accounting for ambiguity in ancestral sequence reconstruction.	2019	10.1093/bioinformatics/btz249	30977781			https://pubmed.ncbi.nlm.nih.gov/30977781/
pubmed	Q12	ancestral_reconstruction	30979835	publication	Following the Evolutionary Track of a Highly Specific l-Arginine Oxidase by Reconstruction and Biochemical Analysis of Ancestral and Native Enzymes.	2019	10.1128/aem.00459-19	30979835			https://pubmed.ncbi.nlm.nih.gov/30979835/
pubmed	Q12	ancestral_reconstruction	31218882	publication	SeqScrub: a web tool for automatic cleaning and annotation of FASTA file headers for bioinformatic applications.	2019	10.2144/btn-2018-0188	31218882			https://pubmed.ncbi.nlm.nih.gov/31218882/
pubmed	Q12	ancestral_reconstruction	31799431	publication	Highly thermostable carboxylic acid reductases generated by ancestral sequence reconstruction.	2019	10.1038/s42003-019-0677-y	31799431			https://pubmed.ncbi.nlm.nih.gov/31799431/
pubmed	Q12	ancestral_reconstruction	31871208	publication	Analysis of allosteric communication in a multienzyme complex by ancestral sequence reconstruction.	2020	10.1073/pnas.1912132117	31871208			https://pubmed.ncbi.nlm.nih.gov/31871208/
pubmed	Q12	ancestral_reconstruction	31992763	publication	Exploring the therapeutic potential of modern and ancestral phenylalanine/tyrosine ammonia-lyases as supplementary treatment of hereditary tyrosinemia.	2020	10.1038/s41598-020-57913-y	31992763			https://pubmed.ncbi.nlm.nih.gov/31992763/
pubmed	Q12	ancestral_reconstruction	32391793	publication	AirID, a novel proximity biotinylation enzyme, for analysis of protein-protein interactions.	2020	10.7554/elife.54983	32391793			https://pubmed.ncbi.nlm.nih.gov/32391793/
pubmed	Q12	ancestral_reconstruction	32637047	publication	Structures of hyperstable ancestral haloalkane dehalogenases show restricted conformational dynamics.	2020	10.1016/j.csbj.2020.06.021	32637047			https://pubmed.ncbi.nlm.nih.gov/32637047/
pubmed	Q12	ancestral_reconstruction	33346815	publication	FireProtASR: A Web Server for Fully Automated Ancestral Sequence Reconstruction.	2021	10.1093/bib/bbaa337	33346815			https://pubmed.ncbi.nlm.nih.gov/33346815/
pubmed	Q12	ancestral_reconstruction	33496585	publication	Engineering of Ancestors as a Tool to Elucidate Structure, Mechanism, and Specificity of Extant Terpene Cyclase.	2021	10.1021/jacs.0c10214	33496585			https://pubmed.ncbi.nlm.nih.gov/33496585/
pubmed	Q12	ancestral_reconstruction	34668516	publication	AncestralClust: clustering of divergent nucleotide sequences by ancestral sequence reconstruction using phylogenetic trees.	2022	10.1093/bioinformatics/btab723	34668516			https://pubmed.ncbi.nlm.nih.gov/34668516/
pubmed	Q12	ancestral_reconstruction	34769421	publication	Structural Analysis of the Ancestral Haloalkane Dehalogenase AncLinB-DmbA.	2021	10.3390/ijms222111992	34769421			https://pubmed.ncbi.nlm.nih.gov/34769421/
pubmed	Q12	ancestral_reconstruction	34813061	publication	Using the Evolutionary History of Proteins to Engineer Insertion-Deletion Mutants from Robust, Ancestral Templates Using Graphical Representation of Ancestral Sequence Predictions (GRASP).	2022	10.1007/978-1-0716-1826-4_6	34813061			https://pubmed.ncbi.nlm.nih.gov/34813061/
pubmed	Q12	ancestral_reconstruction	34968679	publication	Ancestral sequence reconstruction of ancient lipase from family I.3 bacterial lipolytic enzymes.	2022	10.1016/j.ympev.2021.107381	34968679			https://pubmed.ncbi.nlm.nih.gov/34968679/
pubmed	Q12	ancestral_reconstruction	34984867	publication	[Enzyme ancestral sequence reconstruction and directed evolution].	2021	10.13345/j.cjb.200791	34984867			https://pubmed.ncbi.nlm.nih.gov/34984867/
pubmed	Q12	ancestral_reconstruction	35134708	publication	Ancestral sequence reconstruction and spatial structure analysis guided alteration of longer-chain substrate catalysis for Thermomicrobium roseum lipase.	2022	10.1016/j.enzmictec.2022.109989	35134708			https://pubmed.ncbi.nlm.nih.gov/35134708/
pubmed	Q12	ancestral_reconstruction	35174855	publication	The stability and dynamics of computationally designed proteins.	2022	10.1093/protein/gzac001	35174855			https://pubmed.ncbi.nlm.nih.gov/35174855/
pubmed	Q12	ancestral_reconstruction	35245020	publication	Efficient Exploration of Sequence Space by Sequence-Guided Protein Engineering and Design.	2023	10.1021/acs.biochem.1c00757	35245020			https://pubmed.ncbi.nlm.nih.gov/35245020/
pubmed	Q12	ancestral_reconstruction	35482185	publication	Ancestral Sequence Reconstruction and Alternate Amino Acid States Guide Protein Library Design for Directed Evolution.	2022	10.1007/978-1-0716-2285-8_4	35482185			https://pubmed.ncbi.nlm.nih.gov/35482185/
pubmed	Q12	ancestral_reconstruction	35732944	publication	Ancestral Sequence Reconstruction for Exploring Alkaloid Evolution.	2022	10.1007/978-1-0716-2349-7_12	35732944			https://pubmed.ncbi.nlm.nih.gov/35732944/
pubmed	Q12	ancestral_reconstruction	35866991	publication	ARPIP: Ancestral Sequence Reconstruction with Insertions and Deletions under the Poisson Indel Process.	2023	10.1093/sysbio/syac050	35866991			https://pubmed.ncbi.nlm.nih.gov/35866991/
pubmed	Q12	ancestral_reconstruction	36083453	publication	An Integrated Method to Reconstruct Ancient Proteins.	2022	10.1007/978-1-0716-2691-7_13	36083453			https://pubmed.ncbi.nlm.nih.gov/36083453/
pubmed	Q12	ancestral_reconstruction	36083454	publication	Methodologies for Microbial Ancestral Sequence Reconstruction.	2022	10.1007/978-1-0716-2691-7_14	36083454			https://pubmed.ncbi.nlm.nih.gov/36083454/
pubmed	Q12	ancestral_reconstruction	36260513	publication	Early Nitrogenase Ancestors Encompassed Novel Active Site Diversity.	2022	10.1093/molbev/msac226	36260513			https://pubmed.ncbi.nlm.nih.gov/36260513/
pubmed	Q12	ancestral_reconstruction	36409584	publication	Substrate Affinity Versus Catalytic Efficiency: Ancestral Sequence Reconstruction of tRNA Nucleotidyltransferases Solves an Enzyme Puzzle.	2022	10.1093/molbev/msac250	36409584			https://pubmed.ncbi.nlm.nih.gov/36409584/
pubmed	Q12	ancestral_reconstruction	36565302	publication	Topiary: Pruning the manual labor from ancestral sequence reconstruction.	2023	10.1002/pro.4551	36565302			https://pubmed.ncbi.nlm.nih.gov/36565302/
pubmed	Q12	ancestral_reconstruction	36926836	publication	Immunoanalytical Approach for Detecting and Identifying Ancestral Peptide Biomarkers in Early Earth Analogue Environments.	2023	10.1021/acs.analchem.2c05386	36926836			https://pubmed.ncbi.nlm.nih.gov/36926836/
pubmed	Q12	ancestral_reconstruction	37746217	publication	Ancestral sequence reconstruction as a tool to study the evolution of wood decaying fungi.	2022	10.3389/ffunb.2022.1003489	37746217			https://pubmed.ncbi.nlm.nih.gov/37746217/
pubmed	Q12	ancestral_reconstruction	38018911	publication	FireProt 2.0: web-based platform for the fully automated design of thermostable proteins.	2023	10.1093/bib/bbad425	38018911			https://pubmed.ncbi.nlm.nih.gov/38018911/
pubmed	Q12	ancestral_reconstruction	38134334	publication	Ancestral Reconstruction and the Evolution of Protein Energy Landscapes.	2024	10.1146/annurev-biophys-030722-125440	38134334			https://pubmed.ncbi.nlm.nih.gov/38134334/
pubmed	Q12	ancestral_reconstruction	38163289	publication	Engineering Biocatalysts for the C-H Activation of Fatty Acids by Ancestral Sequence Reconstruction.	2024	10.1002/anie.202314869	38163289			https://pubmed.ncbi.nlm.nih.gov/38163289/
pubmed	Q12	ancestral_reconstruction	38236018	publication	Engineering the thermal stability of a polyphosphate kinase by ancestral sequence reconstruction to expand the temperature boundary for an industrially applicable ATP regeneration system.	2024	10.1128/aem.01574-23	38236018			https://pubmed.ncbi.nlm.nih.gov/38236018/
pubmed	Q12	ancestral_reconstruction	38502220	publication	Extant Sequence Reconstruction: The Accuracy of Ancestral Sequence Reconstructions Evaluated by Extant Sequence Cross-Validation.	2024	10.1007/s00239-024-10162-3	38502220			https://pubmed.ncbi.nlm.nih.gov/38502220/
pubmed	Q12	ancestral_reconstruction	38842253	publication	Please Mind the Gap: Indel-Aware Parsimony for Fast and Accurate Ancestral Sequence Reconstruction and Multiple Sequence Alignment Including Long Indels.	2024	10.1093/molbev/msae109	38842253			https://pubmed.ncbi.nlm.nih.gov/38842253/
pubmed	Q12	ancestral_reconstruction	38869090	publication	COATi: Statistical Pairwise Alignment of Protein-Coding Sequences.	2024	10.1093/molbev/msae117	38869090			https://pubmed.ncbi.nlm.nih.gov/38869090/
pubmed	Q12	ancestral_reconstruction	38869277	publication	Ancient nitrogenases are ATP dependent.	2024	10.1128/mbio.01271-24	38869277			https://pubmed.ncbi.nlm.nih.gov/38869277/
pubmed	Q12	ancestral_reconstruction	38913681	publication	Deciphering Structural Traits for Thermal and Kinetic Stability across Protein Family Evolution through Ancestral Sequence Reconstruction.	2024	10.1093/molbev/msae127	38913681			https://pubmed.ncbi.nlm.nih.gov/38913681/
pubmed	Q12	ancestral_reconstruction	38942509	publication	Ancestral terpene cyclases: From fundamental science to applications in biosynthesis.	2024	10.1016/bs.mie.2024.04.025	38942509			https://pubmed.ncbi.nlm.nih.gov/38942509/
pubmed	Q12	ancestral_reconstruction	39004885	publication	Ancestral Sequence Reconstruction as a Tool to Detect and Study De Novo Gene Emergence.	2024	10.1093/gbe/evae151	39004885			https://pubmed.ncbi.nlm.nih.gov/39004885/
pubmed	Q12	ancestral_reconstruction	39172135	publication	Engineering the Substrate Specificity of UDP-Glycosyltransferases for Synthesizing Triterpenoid Glycosides with a Linear Trisaccharide as Aided by Ancestral Sequence Reconstruction.	2024	10.1002/anie.202409867	39172135			https://pubmed.ncbi.nlm.nih.gov/39172135/
pubmed	Q12	ancestral_reconstruction	39417589	publication	SUPREM: an engineered non-site-specific m6A RNA methyltransferase with highly improved efficiency.	2024	10.1093/nar/gkae887	39417589			https://pubmed.ncbi.nlm.nih.gov/39417589/
pubmed	Q12	ancestral_reconstruction	39617897	publication	Single-character insertion-deletion model preserves long indels in ancestral sequence reconstruction.	2024	10.1186/s12859-024-05986-1	39617897			https://pubmed.ncbi.nlm.nih.gov/39617897/
pubmed	Q12	ancestral_reconstruction	39670334	publication	Stable and Promiscuous Galactose Oxidases Engineered by Directed Evolution, Atomistic Design, and Ancestral Sequence Reconstruction.	2025	10.1021/acssynbio.4c00653	39670334			https://pubmed.ncbi.nlm.nih.gov/39670334/
pubmed	Q12	ancestral_reconstruction	39735918	publication	Ancestral Sequence Reconstruction for Designing Biocatalysts and Investigating their Functional Mechanisms.	2024	10.1021/jacsau.4c00653	39735918			https://pubmed.ncbi.nlm.nih.gov/39735918/
pubmed	Q12	ancestral_reconstruction	39798812	publication	Ancestral carbonic anhydrase with significantly enhanced stability and activity for CO(2) capture and utilization.	2025	10.1016/j.biortech.2025.132054	39798812			https://pubmed.ncbi.nlm.nih.gov/39798812/
pubmed	Q12	ancestral_reconstruction	40119373	publication	Anticipating protein evolution with successor sequence predictor.	2025	10.1186/s13321-025-00971-z	40119373			https://pubmed.ncbi.nlm.nih.gov/40119373/
pubmed	Q12	ancestral_reconstruction	40139916	publication	Reconstruction of Ancestral Protein Sequences Using Autoregressive Generative Models.	2025	10.1093/molbev/msaf070	40139916			https://pubmed.ncbi.nlm.nih.gov/40139916/
pubmed	Q12	ancestral_reconstruction	40177810	publication	Correction to: Ancestral Sequence Reconstruction as a Tool to Detect and Study De Novo Gene Emergence.	2025	10.1093/gbe/evaf059	40177810			https://pubmed.ncbi.nlm.nih.gov/40177810/
pubmed	Q12	ancestral_reconstruction	40504859	publication	Impact of Phylogenetic Method Choice on Indel Analyses in HIV-1 Subtype B.	2025	10.1093/gbe/evaf119	40504859			https://pubmed.ncbi.nlm.nih.gov/40504859/
pubmed	Q12	ancestral_reconstruction	40592352	publication	Fluctuations and the limit of predictability in protein evolution.	2025	10.1088/1361-6633/adea92	40592352			https://pubmed.ncbi.nlm.nih.gov/40592352/
pubmed	Q12	ancestral_reconstruction	40715098	publication	Ancestral sequence reconstruction as a tool for structural analysis of modular polyketide synthases.	2025	10.1038/s41467-025-62168-0	40715098			https://pubmed.ncbi.nlm.nih.gov/40715098/
pubmed	Q12	ancestral_reconstruction	40720545	publication	Algorithms to reconstruct past indels: The deletion-only parsimony problem.	2025	10.1371/journal.pcbi.1012585	40720545			https://pubmed.ncbi.nlm.nih.gov/40720545/
pubmed	Q12	ancestral_reconstruction	40945575	publication	Learning About Protein Stability and Functional Activity From Ancestral Reconstruction.	2026	10.1016/j.jmb.2025.169435	40945575			https://pubmed.ncbi.nlm.nih.gov/40945575/
pubmed	Q12	ancestral_reconstruction	41460170	publication	Efficient algorithms for simulating sequences along a phylogenetic tree.	2026	10.1093/bioinformatics/btaf686	41460170			https://pubmed.ncbi.nlm.nih.gov/41460170/
pubmed	Q12	ancestral_reconstruction	41589451	publication	Screening and Engineering of Ancestral Sortase Es That Enable High-Fidelity Enzyme Design with Activity Trade-Off.	2026	10.1021/acs.bioconjchem.5c00576	41589451			https://pubmed.ncbi.nlm.nih.gov/41589451/
pubmed	Q12	ancestral_reconstruction	41734857	publication	Structural evolution-based ancestral sequence reconstruction of medium-chain alcohol dehydrogenase for efficient synthesis of fused-ring chiral alcohols.	2026	10.1016/j.biortech.2026.134261	41734857			https://pubmed.ncbi.nlm.nih.gov/41734857/
pubmed	Q12	ancestral_reconstruction	41757065	publication	Deep models of protein evolution in time generate realistic evolutionary trajectories and functional proteins.	2026	10.64898/2026.02.19.706898	41757065			https://pubmed.ncbi.nlm.nih.gov/41757065/
pubmed	Q12	ancestral_reconstruction	41871341	publication	Characterization of ancestral l-arginine and l-lysine oxidase.	2026	10.1093/bbb/zbag040	41871341			https://pubmed.ncbi.nlm.nih.gov/41871341/
pubmed	Q12	ancestral_reconstruction	42265172	publication	Lineage-specific selection signals in the Growth arrest-specific protein 8 (GAS8) domain protein of Trypanosoma melophagium.	2026	10.1038/s41598-026-56233-x	42265172			https://pubmed.ncbi.nlm.nih.gov/42265172/
pubmed	Q12	ancestral_reconstruction	42298372	publication	Substrate scope of ancestral versus modern family-1 glycosidases.	2026	10.1002/pro.70676	42298372			https://pubmed.ncbi.nlm.nih.gov/42298372/
pubmed	Q12	ancestral_reconstruction	42368557	publication	Structural insights into pterocarpan reductases unveil a universal ring-opening mechanism in plant biosynthesis of 4-(furan-2-yl) phenol derivatives.	2026	10.1016/j.apsb.2026.01.005	42368557			https://pubmed.ncbi.nlm.nih.gov/42368557/
pubmed	Q12	ancestral_reconstruction	42439796	publication	Geographical Variation in Thermal Adaptation of the Asiatic Toad (Bufo gargarizans).	2026	10.1111/1749-4877.70151	42439796			https://pubmed.ncbi.nlm.nih.gov/42439796/
pubmed	Q12	ancestral_reconstruction	42649115	publication	FireProtASR 2.0: evolution-guided Design of Protein Ancestors and Successors with phylogenetics and machine learning.	2026	10.1093/bib/bbag436	42649115			https://pubmed.ncbi.nlm.nih.gov/42649115/
pubmed	Q13	branch_mapping	11560914	publication	Mutations as missing data: inferences on the ages and distributions of nonsynonymous and synonymous mutations.	2001	10.1093/genetics/159.1.401	11560914			https://pubmed.ncbi.nlm.nih.gov/11560914/
pubmed	Q13	branch_mapping	12396587	publication	Mapping mutations on phylogenies.	2002	10.1080/10635150290102393	12396587			https://pubmed.ncbi.nlm.nih.gov/12396587/
pubmed	Q13	branch_mapping	17846819	publication	Exploring variation in the d(N)/d(S) ratio among sites and lineages using mutational mappings: applications to the influenza virus.	2007	10.1007/s00239-007-9019-7	17846819			https://pubmed.ncbi.nlm.nih.gov/17846819/
pubmed	Q13	branch_mapping	27013429	publication	Zika virus in the Americas: Early epidemiological and genetic findings.	2016	10.1126/science.aaf5036	27013429			https://pubmed.ncbi.nlm.nih.gov/27013429/
pubmed	Q13	branch_mapping	30997155	publication	The discovery of three new hare lagoviruses reveals unexplored viral diversity in this genus.	2019	10.1093/ve/vez005	30997155			https://pubmed.ncbi.nlm.nih.gov/30997155/
pubmed	Q13	branch_mapping	35095827	publication	Molecular Characterization of Severe Acute Respiratory Syndrome Coronavirus 2 Isolates From Central Inner Sardinia.	2021	10.3389/fmicb.2021.827799	35095827			https://pubmed.ncbi.nlm.nih.gov/35095827/
pubmed	Q13	branch_mapping	38600480	publication	Mutation mapping of a variegated EMS tomato reveals an FtsH-like protein precursor potentially causing patches of four phenotype classes in the leaves with distinctive internal morphology.	2024	10.1186/s12870-024-04973-1	38600480			https://pubmed.ncbi.nlm.nih.gov/38600480/
pubmed	Q13	branch_mapping	40382899	publication	Coevolutionary dynamics of 53BP1 and its impact on TP53 interaction for DNA damage repair.	2025	10.1016/j.compbiolchem.2025.108508	40382899			https://pubmed.ncbi.nlm.nih.gov/40382899/
pubmed	Q13	branch_mapping	41016597	publication	In vitro activity and resistance mechanisms of sulbactam/durlobactam against Acinetobacter baumannii clinical isolates in China (2019-2020).	2026	10.1016/j.cmi.2025.09.016	41016597			https://pubmed.ncbi.nlm.nih.gov/41016597/
pubmed	Q14	branch_mapping	18053141	publication	Detecting groups of coevolving positions in a molecule: a clustering approach.	2007	10.1186/1471-2148-7-242	18053141			https://pubmed.ncbi.nlm.nih.gov/18053141/
pubmed	Q14	branch_mapping	22319139	publication	Efficient selection of branch-specific models of sequence evolution.	2012	10.1093/molbev/mss059	22319139			https://pubmed.ncbi.nlm.nih.gov/22319139/
pubmed	Q14	branch_mapping	35349721	publication	The Structural Determinants of Intra-Protein Compensatory Substitutions.	2022	10.1093/molbev/msac063	35349721			https://pubmed.ncbi.nlm.nih.gov/35349721/
pubmed	Q14	branch_mapping	41714946	publication	Genetic characterization of influenza A (A/H3N2) viruses reveals antigenic drift in receptor binding domain and possible vaccine mismatch in strains circulating in Riyadh, Saudi Arabia, 2024-2025.	2026	10.1186/s12879-026-12928-0	41714946			https://pubmed.ncbi.nlm.nih.gov/41714946/
pubmed	Q14	branch_mapping	41902266	publication	Genomic Characterization and Phylogenetic Analysis of HA and NA Genes of Influenza B Virus in Riyadh (2024-2025): Implications for Vaccine Strain Match.	2026	10.3390/v18030358	41902266			https://pubmed.ncbi.nlm.nih.gov/41902266/
pubmed	Q15	branch_mapping	32081764	publication	The temporal dynamics of evolutionary diversification in Ipomoea.	2020	10.1016/j.ympev.2020.106768	32081764			https://pubmed.ncbi.nlm.nih.gov/32081764/
pubmed	Q15	branch_mapping	40671951	publication	Detecting Evolutionary Change-Points with Branch-Specific Substitution Models and Shrinkage Priors.	2025		40671951			https://pubmed.ncbi.nlm.nih.gov/40671951/
pubmed	Q15	branch_mapping	40678224	publication	Detecting Evolutionary Change-Points with Branch-Specific Substitution Models and Shrinkage Priors.	2025	10.21203/rs.3.rs-6926809/v1	40678224			https://pubmed.ncbi.nlm.nih.gov/40678224/
pubmed	Q15	branch_mapping	8139777	publication	[Aortoenteric fistulae. Diagnosis, therapy, results].	1993		8139777			https://pubmed.ncbi.nlm.nih.gov/8139777/
pubmed	Q16	homoplasy	10028294	publication	Interaction of process partitions in phylogenetic analysis: an example from the swallowtail butterfly genus Papilio.	1999	10.1093/oxfordjournals.molbev.a026110	10028294			https://pubmed.ncbi.nlm.nih.gov/10028294/
pubmed	Q16	homoplasy	10028295	publication	"Evolutionary dynamics of a mitochondrial rearrangement ""hot spot"" in the Hymenoptera."	1999	10.1093/oxfordjournals.molbev.a026111	10028295			https://pubmed.ncbi.nlm.nih.gov/10028295/
pubmed	Q16	homoplasy	10229389	publication	Homoplasy and adaptation in the atelid postcranium.	1999	10.1002/(sici)1096-8644(199904)108:4<459::aid-ajpa6>3.0.co;2-r	10229389			https://pubmed.ncbi.nlm.nih.gov/10229389/
pubmed	Q16	homoplasy	10331262	publication	Incongruence in the diploid B-genome species complex of Glycine (Leguminosae) revisited: histone H3-D alleles versus chloroplast haplotypes.	1999	10.1093/oxfordjournals.molbev.a026116	10331262			https://pubmed.ncbi.nlm.nih.gov/10331262/
pubmed	Q16	homoplasy	10332760	publication	Natural history and behavioural homology.	1999	10.1002/9780470515655.ch12	10332760			https://pubmed.ncbi.nlm.nih.gov/10332760/
pubmed	Q16	homoplasy	10563014	publication	Molecular evolution of a tandemly repeated trnF(GAA) gene in the chloroplast genomes of Microseris (Asteraceae) and the use of structural mutations in phylogenetic analyses.	1999	10.1093/oxfordjournals.molbev.a026043	10563014			https://pubmed.ncbi.nlm.nih.gov/10563014/
pubmed	Q16	homoplasy	10563017	publication	Detecting and characterizing gene conversions between multigene family members.	1999	10.1093/oxfordjournals.molbev.a026047	10563017			https://pubmed.ncbi.nlm.nih.gov/10563017/
pubmed	Q16	homoplasy	10594177	publication	Phylogenetic analysis of Mos1-like transposable elements in the Drosophilidae.	1999	10.1007/pl00006598	10594177			https://pubmed.ncbi.nlm.nih.gov/10594177/
pubmed	Q16	homoplasy	10679155	publication	Molecular phylogenetics of subfamily Calamoideae (Palmae) based on nrDNA ITS and cpDNA rps16 intron sequence data.	2000	10.1006/mpev.1999.0696	10679155			https://pubmed.ncbi.nlm.nih.gov/10679155/
pubmed	Q16	homoplasy	10712215	publication	Phylogenetic network of the mtDNA haplogroup U in Northern Finland based on sequence analysis of the complete coding region by conformation-sensitive gel electrophoresis.	2000	10.1086/302802	10712215			https://pubmed.ncbi.nlm.nih.gov/10712215/
pubmed	Q16	homoplasy	10948273	publication	Evolution of microsatellite alleles in four species of mice (genus Apodemus).	2000	10.1007/s002390010077	10948273			https://pubmed.ncbi.nlm.nih.gov/10948273/
pubmed	Q16	homoplasy	10984175	publication	Hairpins involving both inverted and direct repeats are associated with homoplasious indels in non-coding chloroplast DNA of Taraxacum (Lactuceae: Asteraceae).	2000	10.1139/g99-135	10984175			https://pubmed.ncbi.nlm.nih.gov/10984175/
pubmed	Q16	homoplasy	11123700	publication	The microsatellites of Escherichia coli: rapidly evolving repetitive DNAs in a non-pathogenic prokaryote.	2001	10.1046/j.1365-2958.2001.02245.x	11123700			https://pubmed.ncbi.nlm.nih.gov/11123700/
pubmed	Q16	homoplasy	11160014	publication	Allelic Variation within Helicobacter pylori babA and babB.	2001	10.1128/iai.69.2.1160-1171.2001	11160014			https://pubmed.ncbi.nlm.nih.gov/11160014/
pubmed	Q16	homoplasy	11175296	publication	Y chromosome analysis reveals a sharp genetic boundary in the Carpathian region.	2001	10.1038/sj.ejhg.5200580	11175296			https://pubmed.ncbi.nlm.nih.gov/11175296/
pubmed	Q16	homoplasy	11246451	publication	Molecular instability of the mitochondrial haplogroup T sequences at nucleotide positions 16292 and 16296.	1999	10.1017/s0003480099007794	11246451			https://pubmed.ncbi.nlm.nih.gov/11246451/
pubmed	Q16	homoplasy	11286488	publication	Partial combination applied to phylogeny of European cyprinids using the mitochondrial control region.	2001	10.1006/mpev.2000.0916	11286488			https://pubmed.ncbi.nlm.nih.gov/11286488/
pubmed	Q16	homoplasy	11349229	publication	Phylogenetic network for European mtDNA.	2001	10.1086/320591	11349229			https://pubmed.ncbi.nlm.nih.gov/11349229/
pubmed	Q16	homoplasy	11404340	publication	An ancient retrovirus-like element contains hot spots for SINE insertion.	2001	10.1093/genetics/158.2.769	11404340			https://pubmed.ncbi.nlm.nih.gov/11404340/
pubmed	Q16	homoplasy	11470833	publication	A novel approach to detecting and measuring recombination: new insights into evolution in viruses, bacteria, and mitochondria.	2001	10.1093/oxfordjournals.molbev.a003928	11470833			https://pubmed.ncbi.nlm.nih.gov/11470833/
pubmed	Q16	homoplasy	11687391	publication	Molecular phylogeny of the model annelid Ophryotrocha.	2001	10.2307/1543334	11687391			https://pubmed.ncbi.nlm.nih.gov/11687391/
pubmed	Q16	homoplasy	11697920	publication	Detection of homologous recombination among bacteriophage P2 relatives.	2001	10.1006/mpev.2001.1020	11697920			https://pubmed.ncbi.nlm.nih.gov/11697920/
pubmed	Q16	homoplasy	11796033	publication	Multiple genes and the monophyly of Ischnocera (Insecta: Phthiraptera).	2002	10.1006/mpev.2001.1028	11796033			https://pubmed.ncbi.nlm.nih.gov/11796033/
pubmed	Q16	homoplasy	11813106	publication	Phylogeny of bovine species based on AFLP fingerprinting.	2002	10.1038/sj.hdy.6800007	11813106			https://pubmed.ncbi.nlm.nih.gov/11813106/
pubmed	Q16	homoplasy	11883881	publication	Organelle DNA phylogeography of Cycas taitungensis, a relict species in Taiwan.	2001	10.1046/j.0962-1083.2001.01395.x	11883881			https://pubmed.ncbi.nlm.nih.gov/11883881/
pubmed	Q16	homoplasy	11883883	publication	Phylogeography of Kandelia candel in East Asiatic mangroves based on nucleotide variation of chloroplast and mitochondrial DNAs.	2001	10.1046/j.0962-1083.2001.01399.x	11883883			https://pubmed.ncbi.nlm.nih.gov/11883883/
pubmed	Q16	homoplasy	11938495	publication	Reduced-median-network analysis of complete mitochondrial DNA coding-region sequences for the major African, Asian, and European haplogroups.	2002	10.1086/339933	11938495			https://pubmed.ncbi.nlm.nih.gov/11938495/
pubmed	Q16	homoplasy	11943094	publication	A molecular phylogenetic study of the Palmae (Arecaceae) based on atpB, rbcL, and 18S nrDNA sequences.	2002	10.1080/106351502753475899	11943094			https://pubmed.ncbi.nlm.nih.gov/11943094/
pubmed	Q16	homoplasy	11969297	publication	Patterns of cranial shape variation in the Papionini (Primates: Cercopithecinae).	2002	10.1006/jhev.2001.0539	11969297			https://pubmed.ncbi.nlm.nih.gov/11969297/
pubmed	Q16	homoplasy	12066302	publication	Combining data sets with different phylogenetic histories.	1998	10.1080/106351598260581	12066302			https://pubmed.ncbi.nlm.nih.gov/12066302/
pubmed	Q16	homoplasy	12066303	publication	Step matrices and the interpretation of homoplasy.	1998	10.1080/106351598260590	12066303			https://pubmed.ncbi.nlm.nih.gov/12066303/
pubmed	Q16	homoplasy	12116937	publication	Inferring and testing hypotheses of cladistic character dependence by using character compatibility.	2001	10.1080/106351501753328794	12116937			https://pubmed.ncbi.nlm.nih.gov/12116937/
pubmed	Q16	homoplasy	12200478	publication	Contribution of homoplasy and of ancestral polymorphism to the evolution of genes in anthropoid primates.	2002	10.1093/oxfordjournals.molbev.a004213	12200478			https://pubmed.ncbi.nlm.nih.gov/12200478/
pubmed	Q16	homoplasy	12399930	publication	Detecting recombination in TT virus: a phylogenetic approach.	2002	10.1007/s00239-002-2352-y	12399930			https://pubmed.ncbi.nlm.nih.gov/12399930/
pubmed	Q16	homoplasy	12436255	publication	Sequence divergence of rice microsatellites in Oryza and other plant species.	2002	10.1007/s00438-002-0739-5	12436255			https://pubmed.ncbi.nlm.nih.gov/12436255/
pubmed	Q16	homoplasy	12446821	publication	The colugo (Cynocephalus variegatus, Dermoptera): the primates' gliding sister?	2002	10.1093/oxfordjournals.molbev.a004054	12446821			https://pubmed.ncbi.nlm.nih.gov/12446821/
pubmed	Q16	homoplasy	12454140	publication	Genetic diversity of intimin genes of attaching and effacing Escherichia coli strains.	2002	10.1128/jcm.40.12.4486-4492.2002	12454140			https://pubmed.ncbi.nlm.nih.gov/12454140/
pubmed	Q16	homoplasy	12571803	publication	The pedigree rate of sequence divergence in the human mitochondrial genome: there is a difference between phylogenetic and pedigree rates.	2003	10.1086/368264	12571803			https://pubmed.ncbi.nlm.nih.gov/12571803/
pubmed	Q16	homoplasy	12574867	publication	"When being ""most likely"" is not enough: examining the performance of three uses of the parametric bootstrap in phylogenetics."	2003	10.1007/s00239-002-2394-1	12574867			https://pubmed.ncbi.nlm.nih.gov/12574867/
pubmed	Q16	homoplasy	12750772	publication	Characterization of a mosaic minisatellite locus in the mitochondrial DNA of Norway spruce [Picea abies (L.) Karst.].	2003	10.1007/s00122-003-1284-2	12750772			https://pubmed.ncbi.nlm.nih.gov/12750772/
pubmed	Q16	homoplasy	12775524	publication	Failed refutations: further comments on parsimony and likelihood methods and their relationship to Popper's degree of corroboration.	2003		12775524			https://pubmed.ncbi.nlm.nih.gov/12775524/
pubmed	Q16	homoplasy	12777521	publication	Phylogenetic network and physicochemical properties of nonsynonymous mutations in the protein-coding genes of human mitochondrial DNA.	2003	10.1093/molbev/msg121	12777521			https://pubmed.ncbi.nlm.nih.gov/12777521/
pubmed	Q16	homoplasy	12777535	publication	Assessing the phylogenetic utility of four mitochondrial genes and a nuclear intron in the asian pit viper genus, Trimeresurus: separate, simultaneous, and conditional data combination analyses.	2003	10.1093/molbev/msg136	12777535			https://pubmed.ncbi.nlm.nih.gov/12777535/
pubmed	Q16	homoplasy	12803640	publication	The demographic history of the New Zealand short-tailed bat Mystacina tuberculata inferred from modified control region sequences.	2003	10.1046/j.1365-294x.2003.01879.x	12803640			https://pubmed.ncbi.nlm.nih.gov/12803640/
pubmed	Q16	homoplasy	12812373	publication	Phylogeny and taxonomic revision of plastid-containing euglenophytes based on SSU rDNA sequence comparisons and synapomorphic signatures in the SSU rRNA secondary structure.	2003	10.1078/143446103764928521	12812373			https://pubmed.ncbi.nlm.nih.gov/12812373/
pubmed	Q16	homoplasy	12832633	publication	Patterns and relative rates of nucleotide and insertion/deletion evolution at six chloroplast intergenic regions in new world species of the Lecythidaceae.	2003	10.1093/molbev/msg190	12832633			https://pubmed.ncbi.nlm.nih.gov/12832633/
pubmed	Q16	homoplasy	14530129	publication	Identifying conflicting signal in a multigene analysis reveals a highly resolved tree: the phylogeny of Rodentia (Mammalia).	2003	10.1080/10635150390235403	14530129			https://pubmed.ncbi.nlm.nih.gov/14530129/
pubmed	Q16	homoplasy	14558591	publication	Descent with modification: the unity underlying homology and homoplasy as seen through an analysis of development and evolution.	2003	10.1017/s1464793102006097	14558591			https://pubmed.ncbi.nlm.nih.gov/14558591/
pubmed	Q16	homoplasy	14558593	publication	Review of the ultrastructure of the nematode body cuticle and its phylogenetic interpretation.	2003	10.1017/s1464793102006115	14558593			https://pubmed.ncbi.nlm.nih.gov/14558593/
pubmed	Q16	homoplasy	14635912	publication	Structure and evolution of the horizontal septum in vertebrates.	2003	10.1046/j.1420-9101.2003.00588.x	14635912			https://pubmed.ncbi.nlm.nih.gov/14635912/
pubmed	Q16	homoplasy	14673095	publication	Changing identities: tRNA duplication and remolding within animal mitochondrial genomes.	2003	10.1073/pnas.2535036100	14673095			https://pubmed.ncbi.nlm.nih.gov/14673095/
pubmed	Q16	homoplasy	15062799	publication	Phylogeography of Aglais urticae (Lepidoptera) based on DNA sequences of the mitochondrial COI gene and control region.	2004	10.1016/j.ympev.2003.09.007	15062799			https://pubmed.ncbi.nlm.nih.gov/15062799/
pubmed	Q16	homoplasy	15278763	publication	Phylogeographic analysis of mitochondrial DNA haplogroup F2 in China reveals T12338C in the initiation codon of the ND5 gene not to be pathogenic.	2004	10.1007/s10038-004-0170-3	15278763			https://pubmed.ncbi.nlm.nih.gov/15278763/
pubmed	Q16	homoplasy	15475163	publication	Lateral gene transfer and the complex distribution of insertions in eukaryotic enolase.	2004	10.1016/j.gene.2004.06.048	15475163			https://pubmed.ncbi.nlm.nih.gov/15475163/
pubmed	Q16	homoplasy	15503672	publication	A molecular supermatrix of the rabbits and hares (Leporidae) allows for the identification of five intercontinental exchanges during the Miocene.	2004	10.1080/10635150490445715	15503672			https://pubmed.ncbi.nlm.nih.gov/15503672/
pubmed	Q16	homoplasy	15522786	publication	Widespread polyphyly among Alopiinae snail genera: when phylogeny mirrors biogeography more closely than morphology.	2004	10.1016/j.ympev.2004.07.010	15522786			https://pubmed.ncbi.nlm.nih.gov/15522786/
pubmed	Q16	homoplasy	15548289	publication	New evidence for parallel evolution of colour patterns in Malagasy poison frogs (Mantella).	2004	10.1111/j.1365-294x.2004.02367.x	15548289			https://pubmed.ncbi.nlm.nih.gov/15548289/
pubmed	Q16	homoplasy	15579682	publication	Mutation and evolution of microsatellite loci in Neurospora.	2004	10.1534/genetics.104.029322	15579682			https://pubmed.ncbi.nlm.nih.gov/15579682/
pubmed	Q16	homoplasy	15646283	publication	Functional adaptations in the craniofacial morphology of Malagasy primates: shape variations associated with gummivory in the family Cheirogaleidae.	2004	10.1016/s0940-9602(04)80093-1	15646283			https://pubmed.ncbi.nlm.nih.gov/15646283/
pubmed	Q16	homoplasy	15647518	publication	Widespread recombination in published animal mtDNA sequences.	2005	10.1093/molbev/msi084	15647518			https://pubmed.ncbi.nlm.nih.gov/15647518/
pubmed	Q16	homoplasy	15647521	publication	Protein structural influences in rhodopsin evolution.	2005	10.1093/molbev/msi081	15647521			https://pubmed.ncbi.nlm.nih.gov/15647521/
pubmed	Q16	homoplasy	15805013	publication	Ontogeny discombobulates phylogeny: paedomorphosis and higher-level salamander relationships.	2005	10.1080/10635150590906037	15805013			https://pubmed.ncbi.nlm.nih.gov/15805013/
pubmed	Q16	homoplasy	15807412	publication	Detecting the historical signature of key innovations using stochastic models of character evolution and cladogenesis.	2005		15807412			https://pubmed.ncbi.nlm.nih.gov/15807412/
pubmed	Q16	homoplasy	15930153	publication	A nuclear DNA phylogenetic perspective on the evolution of echolocation and historical biogeography of extant bats (chiroptera).	2005	10.1093/molbev/msi180	15930153			https://pubmed.ncbi.nlm.nih.gov/15930153/
pubmed	Q16	homoplasy	15936216	publication	A mobile element based phylogeny of Old World monkeys.	2005	10.1016/j.ympev.2005.04.015	15936216			https://pubmed.ncbi.nlm.nih.gov/15936216/
pubmed	Q16	homoplasy	16118182	publication	Emergence of species-specific transporters during evolution of the hemiascomycete phylum.	2006	10.1534/genetics.105.046813	16118182			https://pubmed.ncbi.nlm.nih.gov/16118182/
pubmed	Q16	homoplasy	16290033	publication	Radiation and diversification within the Ligularia-Cremanthodium-Parasenecio complex (Asteraceae) triggered by uplift of the Qinghai-Tibetan Plateau.	2006	10.1016/j.ympev.2005.09.010	16290033			https://pubmed.ncbi.nlm.nih.gov/16290033/
pubmed	Q16	homoplasy	16354751	publication	Mutation hot spots in mammalian mitochondrial DNA.	2006	10.1101/gr.4305906	16354751			https://pubmed.ncbi.nlm.nih.gov/16354751/
pubmed	Q16	homoplasy	16418878	publication	De novo COX2 mutation in a LHON family of Caucasian origin: implication for the role of mtDNA polymorphism in human pathology.	2006	10.1007/s10038-005-0340-y	16418878			https://pubmed.ncbi.nlm.nih.gov/16418878/
pubmed	Q16	homoplasy	16434216	publication	Systematics of Chaetognatha under the light of molecular data, using duplicated ribosomal 18S DNA sequences.	2006	10.1016/j.ympev.2005.12.004	16434216			https://pubmed.ncbi.nlm.nih.gov/16434216/
pubmed	Q16	homoplasy	16557341	publication	Testing introgressive hybridization hypotheses using statistical network analysis of nuclear and cytoplasmic haplotypes in the leaf beetle Timarcha goettingensis species complex.	2006	10.1007/s00239-004-0329-8	16557341			https://pubmed.ncbi.nlm.nih.gov/16557341/
pubmed	Q16	homoplasy	16612536	publication	Evolution of structural shape in bacterial globin-related proteins.	2006	10.1007/s00239-005-0025-3	16612536			https://pubmed.ncbi.nlm.nih.gov/16612536/
pubmed	Q16	homoplasy	16721719	publication	Structural analysis of the unique insecticidal activity of novel mungbean defensin VrD1 reveals possibility of homoplasy evolution between plant defensins and scorpion neurotoxins.	2006	10.1002/jmr.779	16721719			https://pubmed.ncbi.nlm.nih.gov/16721719/
pubmed	Q16	homoplasy	16750400	publication	Phylogeny of Cephalobina (Nematoda): molecular evidence for recurrent evolution of probolae and incongruence with traditional classifications.	2006	10.1016/j.ympev.2006.04.005	16750400			https://pubmed.ncbi.nlm.nih.gov/16750400/
pubmed	Q16	homoplasy	16790472	publication	Phylum-wide analysis of SSU rDNA reveals deep phylogenetic relationships among nematodes and accelerated evolution toward crown Clades.	2006	10.1093/molbev/msl044	16790472			https://pubmed.ncbi.nlm.nih.gov/16790472/
pubmed	Q16	homoplasy	16904914	publication	Phylogenetic utility of rapidly evolving DNA at high taxonomical levels: contrasting matK, trnT-F, and rbcL in basal angiosperms.	2006	10.1016/j.ympev.2006.06.017	16904914			https://pubmed.ncbi.nlm.nih.gov/16904914/
pubmed	Q16	homoplasy	17077154	publication	Insertion events of CR1 retrotransposable elements elucidate the phylogenetic branching order in galliform birds.	2007	10.1093/molbev/msl164	17077154			https://pubmed.ncbi.nlm.nih.gov/17077154/
pubmed	Q16	homoplasy	17131765	publication	[Phylogeographic approach in the interpretation of mitochondrial DNA sequencing results in forensics].	2006		17131765			https://pubmed.ncbi.nlm.nih.gov/17131765/
pubmed	Q16	homoplasy	17147839	publication	Morphologically defined subgenera of Plasmodium from avian hosts: test of monophyly by phylogenetic analysis of two mitochondrial genes.	2007	10.1017/s0031182006001922	17147839			https://pubmed.ncbi.nlm.nih.gov/17147839/
pubmed	Q16	homoplasy	17189424	publication	Microinversions in mammalian evolution.	2006	10.1073/pnas.0603984103	17189424			https://pubmed.ncbi.nlm.nih.gov/17189424/
pubmed	Q16	homoplasy	17197201	publication	Molecular phylogenetics and delimitation of species in Cortinarius section Calochroi (Basidiomycota, Agaricales) in Europe.	2007	10.1016/j.ympev.2006.11.013	17197201			https://pubmed.ncbi.nlm.nih.gov/17197201/
pubmed	Q16	homoplasy	17266768	publication	A mobile element-based evolutionary history of guenons (tribe Cercopithecini).	2007	10.1186/1741-7007-5-5	17266768			https://pubmed.ncbi.nlm.nih.gov/17266768/
pubmed	Q16	homoplasy	17371400	publication	When two equals three: developmental osteology and homology of the caudal skeleton in carangid fishes (Perciformes: Carangidae).	2007	10.1111/j.1525-142x.2007.00148.x	17371400			https://pubmed.ncbi.nlm.nih.gov/17371400/
pubmed	Q16	homoplasy	17386938	publication	Masticatory biomechanics and its relevance to early hominid phylogeny: an examination of palatal thickness using finite-element analysis.	2007	10.1016/j.jhevol.2006.11.019	17386938			https://pubmed.ncbi.nlm.nih.gov/17386938/
pubmed	Q16	homoplasy	17434573	publication	Taking phylogenetics beyond pattern analysis: can models of genome dynamics guide predictions about homoplasy in morphological and behavioral data sets?	2007	10.1016/j.jhevol.2006.11.015	17434573			https://pubmed.ncbi.nlm.nih.gov/17434573/
pubmed	Q16	homoplasy	17434574	publication	How to identify (as opposed to define) a homoplasy: examples from fossil and living great apes.	2007	10.1016/j.jhevol.2006.11.017	17434574			https://pubmed.ncbi.nlm.nih.gov/17434574/
pubmed	Q16	homoplasy	17486978	publication	Systematics of the Pezizomycetes--the operculate discomycetes.	2006	10.3852/mycologia.98.6.1029	17486978			https://pubmed.ncbi.nlm.nih.gov/17486978/
pubmed	Q16	homoplasy	17555597	publication	ZPS: visualization of recent adaptive evolution of proteins.	2007	10.1186/1471-2105-8-187	17555597			https://pubmed.ncbi.nlm.nih.gov/17555597/
pubmed	Q16	homoplasy	17637808	publication	Whole mitochondrial genome screening in maternally inherited non-syndromic hearing impairment using a microarray resequencing mitochondrial DNA chip.	2007	10.1038/sj.ejhg.5201891	17637808			https://pubmed.ncbi.nlm.nih.gov/17637808/
pubmed	Q16	homoplasy	17697335	publication	Nuclear and mitochondrial data reveal different evolutionary processes in the Lake Tanganyika cichlid genus Tropheus.	2007	10.1186/1471-2148-7-137	17697335			https://pubmed.ncbi.nlm.nih.gov/17697335/
pubmed	Q16	homoplasy	17712542	publication	Complex mutational patterns and size homoplasy at maize microsatellite loci.	2007	10.1007/s00122-007-0625-y	17712542			https://pubmed.ncbi.nlm.nih.gov/17712542/
pubmed	Q16	homoplasy	17893400	publication	Support for the Coelomata clade of animals from a rigorous analysis of the pattern of intron conservation.	2007	10.1093/molbev/msm207	17893400			https://pubmed.ncbi.nlm.nih.gov/17893400/
pubmed	Q16	homoplasy	17940208	publication	Alternative methods for concatenation of core genes indicate a lack of resolution in deep nodes of the prokaryotic phylogeny.	2008	10.1093/molbev/msm229	17940208			https://pubmed.ncbi.nlm.nih.gov/17940208/
pubmed	Q16	homoplasy	17962053	publication	"The evolution of transposon repeat-induced point mutation in the genome of Colletotrichum cereale: reconciling sex, recombination and homoplasy in an ''asexual"" pathogen."	2008	10.1016/j.fgb.2007.08.004	17962053			https://pubmed.ncbi.nlm.nih.gov/17962053/
pubmed	Q16	homoplasy	17996110	publication	Mitochondrial matR sequences help to resolve deep phylogenetic relationships in rosids.	2007	10.1186/1471-2148-7-217	17996110			https://pubmed.ncbi.nlm.nih.gov/17996110/
pubmed	Q16	homoplasy	18042407	publication	The phylogenetic problem of Huia (Amphibia: Ranidae).	2008	10.1016/j.ympev.2007.09.016	18042407			https://pubmed.ncbi.nlm.nih.gov/18042407/
pubmed	Q16	homoplasy	18262799	publication	Phylogeny and classification of the Grimmiaceae/Ptychomitriaceae complex (Bryophyta) inferred from cpDNA.	2008	10.1016/j.ympev.2007.12.017	18262799			https://pubmed.ncbi.nlm.nih.gov/18262799/
pubmed	Q16	homoplasy	18288621	publication	The relative importance of body size and paleoclimatic change as explanatory variables influencing lineage diversification rate: an evolutionary analysis of bullhead catfishes (Siluriformes: Ictaluridae).	2008	10.1080/10635150801902193	18288621			https://pubmed.ncbi.nlm.nih.gov/18288621/
pubmed	Q16	homoplasy	18293110	publication	Comparative cytogenetics of bats (Chiroptera): the prevalence of Robertsonian translocations limits the power of chromosomal characters in resolving interfamily phylogenetic relationships.	2008	10.1007/s10577-007-1206-2	18293110			https://pubmed.ncbi.nlm.nih.gov/18293110/
pubmed	Q16	homoplasy	18343847	publication	Occurrence, function and evolutionary origins of '2A-like' sequences in virus genomes.	2008	10.1099/vir.0.83428-0	18343847			https://pubmed.ncbi.nlm.nih.gov/18343847/
pubmed	Q16	homoplasy	18346278	publication	Homoplasy in genome-wide analysis of rare amino acid replacements: the molecular-evolutionary basis for Vavilov's law of homologous series.	2008	10.1186/1745-6150-3-7	18346278			https://pubmed.ncbi.nlm.nih.gov/18346278/
pubmed	Q16	homoplasy	18385219	publication	Parallel rate heterogeneity in chloroplast and mitochondrial genomes of Brazil nut trees (Lecythidaceae) is consistent with lineage effects.	2008	10.1093/molbev/msn074	18385219			https://pubmed.ncbi.nlm.nih.gov/18385219/
pubmed	Q16	homoplasy	18572419	publication	Detecting possibly saturated positions in 18S and 28S sequences and their influence on phylogenetic reconstruction of Annelida (Lophotrochozoa).	2008	10.1016/j.ympev.2008.05.015	18572419			https://pubmed.ncbi.nlm.nih.gov/18572419/
pubmed	Q16	homoplasy	18577231	publication	Noisy: identification of problematic columns in multiple sequence alignments.	2008	10.1186/1748-7188-3-7	18577231			https://pubmed.ncbi.nlm.nih.gov/18577231/
pubmed	Q16	homoplasy	18808440	publication	Cranial shape and correlated characters in crocodilian evolution.	2008	10.1111/j.1420-9101.2008.01602.x	18808440			https://pubmed.ncbi.nlm.nih.gov/18808440/
pubmed	Q16	homoplasy	18824111	publication	Phylogenetic relationships of Ruteae (Rutaceae): new evidence from the chloroplast genome and comparisons with non-molecular data.	2008	10.1016/j.ympev.2008.09.004	18824111			https://pubmed.ncbi.nlm.nih.gov/18824111/
pubmed	Q16	homoplasy	18855041	publication	PCA and clustering reveal alternate mtDNA phylogeny of N and M clades.	2008	10.1007/s00239-008-9148-7	18855041			https://pubmed.ncbi.nlm.nih.gov/18855041/
pubmed	Q16	homoplasy	18929650	publication	Towards a new classification of the Arthoniales (Ascomycota) based on a three-gene phylogeny focussing on the genus Opegrapha.	2009	10.1016/j.mycres.2008.09.002	18929650			https://pubmed.ncbi.nlm.nih.gov/18929650/
pubmed	Q16	homoplasy	18944511	publication	Gene Genealogies and AFLP Analyses in the Fusarium oxysporum Complex Identify Monophyletic and Nonmonophyletic Formae Speciales Causing Wilt and Rot Disease.	2000	10.1094/phyto.2000.90.8.891	18944511			https://pubmed.ncbi.nlm.nih.gov/18944511/
pubmed	Q16	homoplasy	19036132	publication	Suprafamilial relationships among Rodentia and the phylogenetic effect of removing fast-evolving nucleotides in mitochondrial, exon and intron fragments.	2008	10.1186/1471-2148-8-321	19036132			https://pubmed.ncbi.nlm.nih.gov/19036132/
pubmed	Q16	homoplasy	19102731	publication	Evolutionary history of the fish genus Astyanax Baird & Girard (1854) (Actinopterygii, Characidae) in Mesoamerica reveals multiple morphological homoplasies.	2008	10.1186/1471-2148-8-340	19102731			https://pubmed.ncbi.nlm.nih.gov/19102731/
pubmed	Q16	homoplasy	19141325	publication	Reconstructing the phylogenetic relationships of the earth's most diverse clade of freshwater fishes--order Cypriniformes (Actinopterygii: Ostariophysi): a case study using multiple nuclear loci and the mitochondrial genome.	2009	10.1016/j.ympev.2008.12.015	19141325			https://pubmed.ncbi.nlm.nih.gov/19141325/
pubmed	Q16	homoplasy	19245549	publication	Evolution of ossification sequences in salamanders and urodele origins assessed through event-pairing and new methods.	2009	10.1111/j.1525-142x.2009.00318.x	19245549			https://pubmed.ncbi.nlm.nih.gov/19245549/
pubmed	Q16	homoplasy	19468313	publication	Phylogenomic analysis reveals extensive phylogenetic mosaicism in the human GPCR superfamily.	2007		19468313			https://pubmed.ncbi.nlm.nih.gov/19468313/
pubmed	Q16	homoplasy	19497354	publication	Phylogeny of the macaques (Cercopithecidae: Macaca) based on Alu elements.	2009	10.1016/j.gene.2009.05.013	19497354			https://pubmed.ncbi.nlm.nih.gov/19497354/
pubmed	Q16	homoplasy	19578158	publication	Mitochondrial insertions into primate nuclear genomes suggest the use of numts as a tool for phylogeny.	2009	10.1093/molbev/msp131	19578158			https://pubmed.ncbi.nlm.nih.gov/19578158/
pubmed	Q16	homoplasy	19607672	publication	OrthoSelect: a protocol for selecting orthologous groups in phylogenomics.	2009	10.1186/1471-2105-10-219	19607672			https://pubmed.ncbi.nlm.nih.gov/19607672/
pubmed	Q16	homoplasy	19750944	publication	What is the value of ITS sequence data in Colletotrichum systematics and species diagnosis? A case study using the falcate-spored graminicolous Colletotrichum group.	2009	10.3852/08-231	19750944			https://pubmed.ncbi.nlm.nih.gov/19750944/
pubmed	Q16	homoplasy	19915672	publication	Genotyping of genetically monomorphic bacteria: DNA sequencing in Mycobacterium tuberculosis highlights the limitations of current methodologies.	2009	10.1371/journal.pone.0007815	19915672			https://pubmed.ncbi.nlm.nih.gov/19915672/
pubmed	Q16	homoplasy	19945537	publication	High nrDNA ITS polymorphism in the ancient extant seed plant Cycas: incomplete concerted evolution and the origin of pseudogenes.	2010	10.1016/j.ympev.2009.11.020	19945537			https://pubmed.ncbi.nlm.nih.gov/19945537/
pubmed	Q16	homoplasy	20002391	publication	Global interrelationships of Plesiosauria (Reptilia, Sauropterygia) and the pivotal role of taxon sampling in determining the outcome of phylogenetic analyses.	2010	10.1111/j.1469-185x.2009.00107.x	20002391			https://pubmed.ncbi.nlm.nih.gov/20002391/
pubmed	Q16	homoplasy	20004727	publication	Phylogeny and DNA barcoding of inquiline oak gallwasps (Hymenoptera: Cynipidae) of the Western Palaearctic.	2010	10.1016/j.ympev.2009.12.004	20004727			https://pubmed.ncbi.nlm.nih.gov/20004727/
pubmed	Q16	homoplasy	20005168	publication	Molecular phylogeny and classification of the Mamiellophyceae class. nov. (Chlorophyta) based on sequence comparisons of the nuclear- and plastid-encoded rRNA operons.	2010	10.1016/j.protis.2009.10.002	20005168			https://pubmed.ncbi.nlm.nih.gov/20005168/
pubmed	Q16	homoplasy	20062529	publication	Population structure of a hybrid clonal group of methicillin-resistant Staphylococcus aureus, ST239-MRSA-III.	2010	10.1371/journal.pone.0008582	20062529			https://pubmed.ncbi.nlm.nih.gov/20062529/
pubmed	Q16	homoplasy	20100329	publication	Molecular diversity of antimicrobial effectors in the oyster Crassostrea gigas.	2010	10.1186/1471-2148-10-23	20100329			https://pubmed.ncbi.nlm.nih.gov/20100329/
pubmed	Q16	homoplasy	20374410	publication	Developmental homoplasy: convergence in cellular differentiation.	2010	10.1111/j.1469-7580.2010.01232.x	20374410			https://pubmed.ncbi.nlm.nih.gov/20374410/
pubmed	Q16	homoplasy	20534528	publication	Phylogenetic incongruence arising from fragmented speciation in enteric bacteria.	2010	10.1073/pnas.1001291107	20534528			https://pubmed.ncbi.nlm.nih.gov/20534528/
pubmed	Q16	homoplasy	20539788	publication	Adaptive molecular convergence: Molecular evolution versus molecular phylogenetics.	2010	10.4161/cib.3.1.10174	20539788			https://pubmed.ncbi.nlm.nih.gov/20539788/
pubmed	Q16	homoplasy	20545002	publication	A new problem with cross-species amplification of microsatellites: generation of non-homologous products.	2010	10.3724/sp.j.1141.2010.02131	20545002			https://pubmed.ncbi.nlm.nih.gov/20545002/
pubmed	Q16	homoplasy	20723606	publication	Elucidating the evolutionary history of the Southeast Asian, holoparasitic, giant-flowered Rafflesiaceae: pliocene vicariance, morphological convergence and character displacement.	2010	10.1016/j.ympev.2010.08.005	20723606			https://pubmed.ncbi.nlm.nih.gov/20723606/
pubmed	Q16	homoplasy	20801225	publication	Genetic variation and phylogeny of the cosmopolitan marine genus Tubificoides (Annelida: Clitellata: Naididae: Tubificinae).	2010	10.1016/j.ympev.2010.08.018	20801225			https://pubmed.ncbi.nlm.nih.gov/20801225/
pubmed	Q16	homoplasy	20813043	publication	Distinct patterns of mitochondrial genome diversity in bonobos (Pan paniscus) and humans.	2010	10.1186/1471-2148-10-270	20813043			https://pubmed.ncbi.nlm.nih.gov/20813043/
pubmed	Q16	homoplasy	20816977	publication	Plumage patterns are good indicators of taxonomic diversity, but not of phylogenetic affinities, in Australian grasswrens Amytornis (Aves: Maluridae).	2010	10.1016/j.ympev.2010.08.029	20816977			https://pubmed.ncbi.nlm.nih.gov/20816977/
pubmed	Q16	homoplasy	20822538	publication	A six-generation Chinese family in haplogroup B4C1C exhibits high penetrance of 1555A > G-induced hearing Loss.	2010	10.1186/1471-2350-11-129	20822538			https://pubmed.ncbi.nlm.nih.gov/20822538/
pubmed	Q16	homoplasy	20971037	publication	A study of conflict between molecular phylogeny and taxonomy in the Desmidiaceae (Streptophyta, Viridiplantae): analyses of 291 rbcL sequences.	2011	10.1016/j.protis.2010.08.003	20971037			https://pubmed.ncbi.nlm.nih.gov/20971037/
pubmed	Q16	homoplasy	21236350	publication	Molecular phylogeny of tribe Rhipsalideae (Cactaceae) and taxonomic implications for Schlumbergera and Hatiora.	2011	10.1016/j.ympev.2011.01.001	21236350			https://pubmed.ncbi.nlm.nih.gov/21236350/
pubmed	Q16	homoplasy	21237902	publication	Microsatellites, from molecules to populations and back.	1996	10.1016/0169-5347(96)10049-5	21237902			https://pubmed.ncbi.nlm.nih.gov/21237902/
pubmed	Q16	homoplasy	21276309	publication	Strain classification of Mycobacterium tuberculosis: congruence between large sequence polymorphisms and spoligotypes.	2011		21276309			https://pubmed.ncbi.nlm.nih.gov/21276309/
pubmed	Q16	homoplasy	21350170	publication	Homoplasy: from detecting pattern to determining process and mechanism of evolution.	2011	10.1126/science.1188545	21350170			https://pubmed.ncbi.nlm.nih.gov/21350170/
pubmed	Q16	homoplasy	21350638	publication	Sequence Analysis of SSR-Flanking Regions Identifies Genome Affinities between Pasture Grass Fungal Endophyte Taxa.	2011	10.4061/2011/921312	21350638			https://pubmed.ncbi.nlm.nih.gov/21350638/
pubmed	Q16	homoplasy	21538474	publication	Deciphering morphological variation in the braincase of caecilian amphibians (Gymnophiona).	2011	10.1002/jmor.10953	21538474			https://pubmed.ncbi.nlm.nih.gov/21538474/
pubmed	Q16	homoplasy	21573169	publication	Lack of phylogeographic structure in the freshwater cyanobacterium Microcystis aeruginosa suggests global dispersal.	2011	10.1371/journal.pone.0019561	21573169			https://pubmed.ncbi.nlm.nih.gov/21573169/
pubmed	Q16	homoplasy	21612607	publication	Homoplastic microinversions and the avian tree of life.	2011	10.1186/1471-2148-11-141	21612607			https://pubmed.ncbi.nlm.nih.gov/21612607/
pubmed	Q16	homoplasy	21622411	publication	Are spurred cyathia a key innovation? Molecular systematics and trait evolution in the slipper spurges (Pedilanthus clade: Euphorbia, Euphorbiaceae).	2010	10.3732/ajb.0900090	21622411			https://pubmed.ncbi.nlm.nih.gov/21622411/
pubmed	Q16	homoplasy	21628294	publication	Stem architecture in Eleocharis subgenus Limnochloa (Cyperaceae): Evidence of dynamic morphological evolution in a group of pantropical sedges.	2009	10.3732/ajb.0800252	21628294			https://pubmed.ncbi.nlm.nih.gov/21628294/
pubmed	Q16	homoplasy	21636405	publication	Origin and evolution of North American polyploid Silene (Caryophyllaceae).	2007	10.3732/ajb.94.3.330	21636405			https://pubmed.ncbi.nlm.nih.gov/21636405/
pubmed	Q16	homoplasy	21636427	publication	Delimitation of major lineages within Cuscuta subgenus Grammica (Convolvulaceae) using plastid and nuclear DNA sequences.	2007	10.3732/ajb.94.4.568	21636427			https://pubmed.ncbi.nlm.nih.gov/21636427/
pubmed	Q16	homoplasy	21636456	publication	A molecular phylogeny of scaly tree ferns (Cyatheaceae).	2007	10.3732/ajb.94.5.873	21636456			https://pubmed.ncbi.nlm.nih.gov/21636456/
pubmed	Q16	homoplasy	21646128	publication	The evolution of unisexual flowers: morphological and functional convergence results from diverse developmental transitions.	2005	10.3732/ajb.92.7.1068	21646128			https://pubmed.ncbi.nlm.nih.gov/21646128/
pubmed	Q16	homoplasy	21647370	publication	SNP-based typing: a useful tool to study Bordetella pertussis populations.	2011	10.1371/journal.pone.0020340	21647370			https://pubmed.ncbi.nlm.nih.gov/21647370/
pubmed	Q16	homoplasy	21669624	publication	Molecular phylogeny of Coelogyne (Epidendroideae; Orchidaceae) based on plastid RFLPS, matK, and nuclear ribosomal ITS sequences: evidence for polyphyly.	2001		21669624			https://pubmed.ncbi.nlm.nih.gov/21669624/
pubmed	Q16	homoplasy	21669634	publication	Myrtaceae revisited: a reassessment of infrafamilial groups.	2001		21669634			https://pubmed.ncbi.nlm.nih.gov/21669634/
pubmed	Q16	homoplasy	21669661	publication	Phylogenetic relationships in Pleurothallidinae (Orchidaceae): combined evidence from nuclear and plastid DNA sequences.	2001		21669661			https://pubmed.ncbi.nlm.nih.gov/21669661/
pubmed	Q16	homoplasy	21690127	publication	Neural mechanisms underlying the evolvability of behaviour.	2011	10.1098/rstb.2010.0336	21690127			https://pubmed.ncbi.nlm.nih.gov/21690127/
pubmed	Q16	homoplasy	21704667	publication	Diversity of factor H-binding protein in Neisseria meningitidis carriage isolates.	2011	10.1016/j.vaccine.2011.06.025	21704667			https://pubmed.ncbi.nlm.nih.gov/21704667/
pubmed	Q16	homoplasy	21708550	publication	Evaluation of atpB nucleotide sequences for phylogenetic studies of ferns and other pteridophytes.	1997		21708550			https://pubmed.ncbi.nlm.nih.gov/21708550/
pubmed	Q16	homoplasy	21769669	publication	Estimation of pea (Pisum sativum L.) microsatellite mutation rate based on pedigree and single-seed descent analyses.	2011	10.1007/s13353-011-0058-9	21769669			https://pubmed.ncbi.nlm.nih.gov/21769669/
pubmed	Q16	homoplasy	21826786	publication	Levels of biological organization and the origin of novelty.	2012	10.1002/jez.b.21425	21826786			https://pubmed.ncbi.nlm.nih.gov/21826786/
pubmed	Q16	homoplasy	21945533	publication	Resolving phylogenetic signal from noise when divergence is rapid: a new look at the old problem of echinoderm class relationships.	2012	10.1016/j.ympev.2011.08.028	21945533			https://pubmed.ncbi.nlm.nih.gov/21945533/
pubmed	Q16	homoplasy	22053617	publication	Revision of Khawia spp. (Cestoda: Caryophyllidea), parasites of cyprinid fish, including a key to their identification and molecular phylogeny.	2011		22053617			https://pubmed.ncbi.nlm.nih.gov/22053617/
pubmed	Q16	homoplasy	22102902	publication	Data partitions, Bayesian analysis and phylogeny of the zygomycetous fungal family Mortierellaceae, inferred from nuclear ribosomal DNA sequences.	2011	10.1371/journal.pone.0027507	22102902			https://pubmed.ncbi.nlm.nih.gov/22102902/
pubmed	Q16	homoplasy	22114219	publication	Phytogeographic implications of fossil endocarps of Menispermaceae from the Paleocene of Colombia.	2011	10.3732/ajb.1000461	22114219			https://pubmed.ncbi.nlm.nih.gov/22114219/
pubmed	Q16	homoplasy	22126902	publication	Allopolyploid origin of highly invasive Centaurea stoebe s.l. (Asteraceae).	2012	10.1016/j.ympev.2011.11.006	22126902			https://pubmed.ncbi.nlm.nih.gov/22126902/
pubmed	Q16	homoplasy	22210193	publication	Reconstruction of structural evolution in the trnL intron P6b loop of symbiotic Nostoc (Cyanobacteria).	2012	10.1007/s00294-011-0364-0	22210193			https://pubmed.ncbi.nlm.nih.gov/22210193/
pubmed	Q16	homoplasy	2221023	publication	Cladistics and the hominid fossil record.	1990	10.1002/ajpa.1330830102	2221023			https://pubmed.ncbi.nlm.nih.gov/2221023/
pubmed	Q16	homoplasy	22319163	publication	Retroposon insertion patterns of neoavian birds: strong evidence for an extensive incomplete lineage sorting era.	2012	10.1093/molbev/msr319	22319163			https://pubmed.ncbi.nlm.nih.gov/22319163/
pubmed	Q16	homoplasy	22354957	publication	Staphylococcus aureus CC398: host adaptation and emergence of methicillin resistance in livestock.	2012	10.1128/mbio.00305-11	22354957			https://pubmed.ncbi.nlm.nih.gov/22354957/
pubmed	Q16	homoplasy	22425730	publication	Arnica (Asteraceae) phylogeny revisited using RPB2: complex patterns and multiple d-paralogues.	2012	10.1016/j.ympev.2012.02.032	22425730			https://pubmed.ncbi.nlm.nih.gov/22425730/
pubmed	Q16	homoplasy	22438331	publication	The pipid root.	2012	10.1093/sysbio/sys039	22438331			https://pubmed.ncbi.nlm.nih.gov/22438331/
pubmed	Q16	homoplasy	22465308	publication	The gonangulum: a reassessment of its morphology, homology, and phylogenetic significance.	2012	10.1016/j.asd.2012.03.001	22465308			https://pubmed.ncbi.nlm.nih.gov/22465308/
pubmed	Q16	homoplasy	22475488	publication	Heteroplasmy levels of mtDNA1555A>G mutation is positively associated with diverse phenotypes and mutation transmission in a Chinese family.	2012	10.1016/j.bbrc.2012.03.100	22475488			https://pubmed.ncbi.nlm.nih.gov/22475488/
pubmed	Q16	homoplasy	22491068	publication	Multiple rearrangements in mitochondrial genomes of Isopoda and phylogenetic implications.	2012	10.1016/j.ympev.2012.03.013	22491068			https://pubmed.ncbi.nlm.nih.gov/22491068/
pubmed	Q16	homoplasy	22545153	publication	The hepatitis E virus polyproline region is involved in viral adaptation.	2012	10.1371/journal.pone.0035974	22545153			https://pubmed.ncbi.nlm.nih.gov/22545153/
pubmed	Q16	homoplasy	22683814	publication	An Alu-based phylogeny of gibbons (hylobatidae).	2012	10.1093/molbev/mss149	22683814			https://pubmed.ncbi.nlm.nih.gov/22683814/
pubmed	Q16	homoplasy	22711695	publication	New insights into Trimezieae (Iridaceae) phylogeny: what do molecular data tell us?	2012	10.1093/aob/mcs127	22711695			https://pubmed.ncbi.nlm.nih.gov/22711695/
pubmed	Q16	homoplasy	22723353	publication	Homology and homoplasy of swimming behaviors and neural circuits in the Nudipleura (Mollusca, Gastropoda, Opisthobranchia).	2012	10.1073/pnas.1201877109	22723353			https://pubmed.ncbi.nlm.nih.gov/22723353/
pubmed	Q16	homoplasy	22728915	publication	Large Sequence Polymorphisms of the Euro-American lineage of Mycobacterium tuberculosis: a phylogenetic reconstruction and evidence for convergent evolution in the DR locus.	2012	10.1016/j.meegid.2012.06.008	22728915			https://pubmed.ncbi.nlm.nih.gov/22728915/
pubmed	Q16	homoplasy	22768315	publication	High resolution discrimination of clinical Mycobacterium tuberculosis complex strains based on single nucleotide polymorphisms.	2012	10.1371/journal.pone.0039855	22768315			https://pubmed.ncbi.nlm.nih.gov/22768315/
pubmed	Q16	homoplasy	22911768	publication	Two new rapid SNP-typing methods for classifying Mycobacterium tuberculosis complex into the main phylogenetic lineages.	2012	10.1371/journal.pone.0041253	22911768			https://pubmed.ncbi.nlm.nih.gov/22911768/
pubmed	Q16	homoplasy	23114769	publication	Characterization of recombinant fluoroquinolone-resistant pneumococcus-like isolates.	2013	10.1128/aac.01357-12	23114769			https://pubmed.ncbi.nlm.nih.gov/23114769/
pubmed	Q16	homoplasy	23159894	publication	Combining multiple autosomal introns for studying shallow phylogeny and taxonomy of Laurasiatherian mammals: Application to the tribe Bovini (Cetartiodactyla, Bovidae).	2013	10.1016/j.ympev.2012.11.003	23159894			https://pubmed.ncbi.nlm.nih.gov/23159894/
pubmed	Q16	homoplasy	23236161	publication	Genome-scale comparative analysis of gene fusions, gene fissions, and the fungal tree of life.	2012	10.1073/pnas.1210909110	23236161			https://pubmed.ncbi.nlm.nih.gov/23236161/
pubmed	Q16	homoplasy	23248024	publication	Analysis of phylogenetic signal in protostomial intron patterns using Mutual Information.	2013	10.1007/s12064-012-0173-0	23248024			https://pubmed.ncbi.nlm.nih.gov/23248024/
pubmed	Q16	homoplasy	23256547	publication	Mitochondrial COX2 G7598A mutation may have a modifying role in the phenotypic manifestation of aminoglycoside antibiotic-induced deafness associated with 12S rRNA A1555G mutation in a Han Chinese pedigree.	2013	10.1089/gtmb.2012.0251	23256547			https://pubmed.ncbi.nlm.nih.gov/23256547/
pubmed	Q16	homoplasy	23454469	publication	Molecular phylogeny of kinorhynchs.	2013	10.1016/j.ympev.2013.02.016	23454469			https://pubmed.ncbi.nlm.nih.gov/23454469/
pubmed	Q16	homoplasy	23603312	publication	Testing the use of ITS rDNA and protein-coding genes in the generic and species delimitation of the lichen genus Usnea (Parmeliaceae, Ascomycota).	2013	10.1016/j.ympev.2013.04.005	23603312			https://pubmed.ncbi.nlm.nih.gov/23603312/
pubmed	Q16	homoplasy	23606766	publication	Soral synapomorphies are significant for the systematics of the Ustilago-Sporisorium-Macalpinomyces complex (Ustilaginaceae).	2012	10.3767/003158512x660562	23606766			https://pubmed.ncbi.nlm.nih.gov/23606766/
pubmed	Q16	homoplasy	23638061	publication	Homology of the fifth epibranchial and accessory elements of the ceratobranchials among gnathostomes: insights from the development of ostariophysans.	2013	10.1371/journal.pone.0062389	23638061			https://pubmed.ncbi.nlm.nih.gov/23638061/
pubmed	Q16	homoplasy	23826714	publication	Evolution of protein indels in plants, animals and fungi.	2013	10.1186/1471-2148-13-140	23826714			https://pubmed.ncbi.nlm.nih.gov/23826714/
pubmed	Q16	homoplasy	23878813	publication	Evaluating phylogenetic informativeness as a predictor of phylogenetic signal for metazoan, fungal, and mammalian phylogenomic data sets.	2013	10.1155/2013/621604	23878813			https://pubmed.ncbi.nlm.nih.gov/23878813/
pubmed	Q16	homoplasy	23981863	publication	Evolution of life history and behavior in Hominidae: towards phylogenetic reconstruction of the chimpanzee-human last common ancestor.	2013	10.1016/j.jhevol.2013.07.009	23981863			https://pubmed.ncbi.nlm.nih.gov/23981863/
pubmed	Q16	homoplasy	24040349	publication	Fast-evolving homoplastic traits are best for species identification in a group of neotropical wasps.	2013	10.1371/journal.pone.0074837	24040349			https://pubmed.ncbi.nlm.nih.gov/24040349/
pubmed	Q16	homoplasy	24113537	publication	Strong heterogeneity in mutation rate causes misleading hallmarks of natural selection on indel mutations in the human genome.	2014	10.1093/molbev/mst185	24113537			https://pubmed.ncbi.nlm.nih.gov/24113537/
pubmed	Q16	homoplasy	24148262	publication	Different evolutionary pathways underlie the morphology of wrist bones in hominoids.	2013	10.1186/1471-2148-13-229	24148262			https://pubmed.ncbi.nlm.nih.gov/24148262/
pubmed	Q16	homoplasy	24164419	publication	Evolution of carotenoid pigmentation in caciques and meadowlarks (Icteridae): repeated gains of red plumage coloration by carotenoid C4-oxygenation.	2014	10.1111/evo.12304	24164419			https://pubmed.ncbi.nlm.nih.gov/24164419/
pubmed	Q16	homoplasy	24197753	publication	Stasis and convergence characterize morphological evolution in eupolypod II ferns.	2014	10.1093/aob/mct247	24197753			https://pubmed.ncbi.nlm.nih.gov/24197753/
pubmed	Q16	homoplasy	24516191	publication	Molecular phylogeny and chromosomal evolution of Alcelaphini (Antilopinae).	2014	10.1093/jhered/esu004	24516191			https://pubmed.ncbi.nlm.nih.gov/24516191/
pubmed	Q16	homoplasy	24637883	publication	Evaluating rare amino acid substitutions (RGC_CAMs) in a yeast model clade.	2014	10.1371/journal.pone.0092213	24637883			https://pubmed.ncbi.nlm.nih.gov/24637883/
pubmed	Q16	homoplasy	24699540	publication	A comparison of 16 DNA regions for use as phylogenetic markers in the pleurocarpous moss genus Plagiothecium (Hypnales).	2014	10.3732/ajb.1300269	24699540			https://pubmed.ncbi.nlm.nih.gov/24699540/
pubmed	Q16	homoplasy	24723737	publication	Evolution of advertisement calls in African clawed frogs.	2011	10.1163/000579511x569435	24723737			https://pubmed.ncbi.nlm.nih.gov/24723737/
pubmed	Q16	homoplasy	24724974	publication	Recombinant mitochondrial genome with standard transmission route from Mediterranean mussel Mytilus galloprovincialis.	2016	10.3109/19401736.2014.908356	24724974			https://pubmed.ncbi.nlm.nih.gov/24724974/
pubmed	Q16	homoplasy	24816835	publication	Assessment of modularity in the urodele skull: an exploratory analysis using ossification sequence data.	2014	10.1002/jez.b.22575	24816835			https://pubmed.ncbi.nlm.nih.gov/24816835/
pubmed	Q16	homoplasy	24817532	publication	Integrating incomplete fossils by isolating conflicting signal in saturated and non-independent morphological characters.	2014	10.1093/sysbio/syu022	24817532			https://pubmed.ncbi.nlm.nih.gov/24817532/
pubmed	Q16	homoplasy	24851862	publication	The chloroplast genome of Hyoscyamus niger and a phylogenetic study of the tribe Hyoscyameae (Solanaceae).	2014	10.1371/journal.pone.0098353	24851862			https://pubmed.ncbi.nlm.nih.gov/24851862/
pubmed	Q16	homoplasy	24869965	publication	Abelisauridae (Dinosauria: Theropoda) from the Late Jurassic of Portugal and dentition-based phylogeny as a contribution for the identification of isolated theropod teeth.	2014	10.11646/zootaxa.3759.1.1	24869965			https://pubmed.ncbi.nlm.nih.gov/24869965/
pubmed	Q16	homoplasy	25014493	publication	The enigmatic marine reptile nanchangosaurus from the lower triassic of Hubei, China and the phylogenetic affinities of Hupehsuchia.	2014	10.1371/journal.pone.0102361	25014493			https://pubmed.ncbi.nlm.nih.gov/25014493/
pubmed	Q16	homoplasy	25065346	publication	Phylogeny of Comatulidae (Echinodermata: Crinoidea: Comatulida): a new classification and an assessment of morphological characters for crinoid taxonomy.	2014	10.1016/j.ympev.2014.06.030	25065346			https://pubmed.ncbi.nlm.nih.gov/25065346/
pubmed	Q16	homoplasy	25194324	publication	Identifying possible sister groups of Cryptocercidae+Isoptera: a combined molecular and morphological phylogeny of Dictyoptera.	2015	10.1016/j.ympev.2014.08.019	25194324			https://pubmed.ncbi.nlm.nih.gov/25194324/
pubmed	Q16	homoplasy	25197791	publication	The evolution of tyrosine-recombinase elements in Nematoda.	2014	10.1371/journal.pone.0106630	25197791			https://pubmed.ncbi.nlm.nih.gov/25197791/
pubmed	Q16	homoplasy	25252772	publication	Complex patterns of gene fission in the eukaryotic folate biosynthesis pathway.	2014	10.1093/gbe/evu213	25252772			https://pubmed.ncbi.nlm.nih.gov/25252772/
pubmed	Q16	homoplasy	25416769	publication	Population genetic analysis of Streptomyces albidoflavus reveals habitat barriers to homologous recombination in the diversification of streptomycetes.	2015	10.1128/aem.02925-14	25416769			https://pubmed.ncbi.nlm.nih.gov/25416769/
pubmed	Q16	homoplasy	25451518	publication	The size of the character state space affects the occurrence and detection of homoplasy: modelling the probability of incompatibility for unordered phylogenetic characters.	2015	10.1016/j.jtbi.2014.10.033	25451518			https://pubmed.ncbi.nlm.nih.gov/25451518/
pubmed	Q16	homoplasy	25480682	publication	Is it an ant or a butterfly? Convergent evolution in the mitochondrial gene order of Hymenoptera and Lepidoptera.	2014	10.1093/gbe/evu265	25480682			https://pubmed.ncbi.nlm.nih.gov/25480682/
pubmed	Q16	homoplasy	25634097	publication	Circumstances in which parsimony but not compatibility will be provably misleading.	2015	10.1093/sysbio/syv008	25634097			https://pubmed.ncbi.nlm.nih.gov/25634097/
pubmed	Q16	homoplasy	25696823	publication	Convergent evolution of neural systems in ctenophores.	2015	10.1242/jeb.110692	25696823			https://pubmed.ncbi.nlm.nih.gov/25696823/
pubmed	Q16	homoplasy	25733206	publication	The decapod red pigment-concentrating hormone (Panbo-RPCH) is the first identified neuropeptide of the order Plecoptera and is interpreted as homoplastic character state.	2015	10.1016/j.ygcen.2015.02.011	25733206			https://pubmed.ncbi.nlm.nih.gov/25733206/
pubmed	Q16	homoplasy	25800252	publication	Systematics of the Cosmospora viliuscula species complex.	2015	10.3852/14-122	25800252			https://pubmed.ncbi.nlm.nih.gov/25800252/
pubmed	Q16	homoplasy	25878086	publication	Apparent similarity, underlying homoplasy: Morphology and molecular phylogeny of the North American clade of Manihot.	2015	10.3732/ajb.1500063	25878086			https://pubmed.ncbi.nlm.nih.gov/25878086/
pubmed	Q16	homoplasy	25947840	publication	Molecular phylogeny of Metanoeina net-winged beetles identifies Ochinoeus, a new genus from China and Laos (Coleoptera: Lycidae).	2015	10.11646/zootaxa.3955.1.6	25947840			https://pubmed.ncbi.nlm.nih.gov/25947840/
pubmed	Q16	homoplasy	25968460	publication	Utility of characters evolving at diverse rates of evolution to resolve quartet trees with unequal branch lengths: analytical predictions of long-branch effects.	2015	10.1186/s12862-015-0364-7	25968460			https://pubmed.ncbi.nlm.nih.gov/25968460/
pubmed	Q16	homoplasy	25995065	publication	The Root of Flowering Plants and Total Evidence.	2015	10.1093/sysbio/syv028	25995065			https://pubmed.ncbi.nlm.nih.gov/25995065/
pubmed	Q16	homoplasy	26134044	publication	The tRNA(Gly) T10003C mutation in mitochondrial haplogroup M11b in a Chinese family with diabetes decreases the steady-state level of tRNA(Gly), increases aberrant reactive oxygen species production, and reduces mitochondrial membrane potential.	2015	10.1007/s11010-015-2493-0	26134044			https://pubmed.ncbi.nlm.nih.gov/26134044/
pubmed	Q16	homoplasy	26299886	publication	Genetic and resistance phenotypic subtyping of Salmonella Saintpaul isolates from various food sources and humans: Phylogenetic concordance in combinatory analyses.	2015	10.1016/j.meegid.2015.08.022	26299886			https://pubmed.ncbi.nlm.nih.gov/26299886/
pubmed	Q16	homoplasy	26319627	publication	Draft genome assemblies and predicted microRNA complements of the intertidal lophotrochozoans Patella vulgata (Mollusca, Patellogastropoda) and Spirobranchus (Pomatoceros) lamarcki (Annelida, Serpulida).	2015	10.1016/j.margen.2015.07.004	26319627			https://pubmed.ncbi.nlm.nih.gov/26319627/
pubmed	Q16	homoplasy	26337548	publication	Exploring Massive Incomplete Lineage Sorting in Arctoids (Laurasiatheria, Carnivora).	2015	10.1093/molbev/msv188	26337548			https://pubmed.ncbi.nlm.nih.gov/26337548/
pubmed	Q16	homoplasy	26462752	publication	Phylogenetic and genomic diversity in isolates from the globally distributed Acinetobacter baumannii ST25 lineage.	2015	10.1038/srep15188	26462752			https://pubmed.ncbi.nlm.nih.gov/26462752/
pubmed	Q16	homoplasy	26476530	publication	SSR markers: a tool for species identification in Psidium (Myrtaceae).	2015	10.1007/s11033-015-3927-1	26476530			https://pubmed.ncbi.nlm.nih.gov/26476530/
pubmed	Q16	homoplasy	26527652	publication	Determining the Position of Storks on the Phylogenetic Tree of Waterbirds by Retroposon Insertion Analysis.	2015	10.1093/gbe/evv213	26527652			https://pubmed.ncbi.nlm.nih.gov/26527652/
pubmed	Q16	homoplasy	26529598	publication	Ancestral State Reconstruction Reveals Rampant Homoplasy of Diagnostic Morphological Characters in Urticaceae, Conflicting with Current Classification Schemes.	2015	10.1371/journal.pone.0141821	26529598			https://pubmed.ncbi.nlm.nih.gov/26529598/
pubmed	Q16	homoplasy	26573574	publication	Recombination elevates the effective evolutionary rate and facilitates the establishment of HIV-1 infection in infants after mother-to-child transmission.	2015	10.1186/s12977-015-0222-0	26573574			https://pubmed.ncbi.nlm.nih.gov/26573574/
pubmed	Q16	homoplasy	26590163	publication	Full genome characterization of the first G3P[24] rotavirus strain detected in humans provides evidence of interspecies reassortment and mutational saturation in the VP7 gene.	2016	10.1099/jgv.0.000349	26590163			https://pubmed.ncbi.nlm.nih.gov/26590163/
pubmed	Q16	homoplasy	26819408	publication	ALVIS: interactive non-aggregative visualization and explorative analysis of multiple sequence alignments.	2016	10.1093/nar/gkw022	26819408			https://pubmed.ncbi.nlm.nih.gov/26819408/
pubmed	Q16	homoplasy	26819845	publication	Revised phylogenetic analysis of the Aetosauria (Archosauria: Pseudosuchia); assessing the effects of incongruent morphological character sets.	2016	10.7717/peerj.1583	26819845			https://pubmed.ncbi.nlm.nih.gov/26819845/
pubmed	Q16	homoplasy	26932796	publication	Quantification provides a conceptual basis for convergent evolution.	2017	10.1111/brv.12257	26932796			https://pubmed.ncbi.nlm.nih.gov/26932796/
pubmed	Q16	homoplasy	26965984	publication	Three routes to crypsis: Stasis, convergence, and parallelism in the Mastigias species complex (Scyphozoa, Rhizostomeae).	2016	10.1016/j.ympev.2016.02.013	26965984			https://pubmed.ncbi.nlm.nih.gov/26965984/
pubmed	Q16	homoplasy	26967525	publication	Incomplete Lineage Sorting and Hybridization Statistics for Large-Scale Retroposon Insertion Data.	2016	10.1371/journal.pcbi.1004812	26967525			https://pubmed.ncbi.nlm.nih.gov/26967525/
pubmed	Q16	homoplasy	27047538	publication	Extinction in Phylogenetics and Biogeography: From Timetrees to Patterns of Biotic Assemblage.	2016	10.3389/fgene.2016.00035	27047538			https://pubmed.ncbi.nlm.nih.gov/27047538/
pubmed	Q16	homoplasy	27066216	publication	HEXT, a software supporting tree-based screens for hybrid taxa in multilocus data sets, and an evaluation of the homoplasy excess test.	2015	10.1111/2041-210x.12490	27066216			https://pubmed.ncbi.nlm.nih.gov/27066216/
pubmed	Q16	homoplasy	27069785	publication	When homoplasy mimics hybridization: a case study of Cape hakes (Merluccius capensis and M. paradoxus).	2016	10.7717/peerj.1827	27069785			https://pubmed.ncbi.nlm.nih.gov/27069785/
pubmed	Q16	homoplasy	27129899	publication	Phylogeny and biogeography of Poecilia (Cyprinodontiformes: Poeciliinae) across Central and South America based on mitochondrial and nuclear DNA markers.	2016	10.1016/j.ympev.2016.04.032	27129899			https://pubmed.ncbi.nlm.nih.gov/27129899/
pubmed	Q16	homoplasy	27321092	publication	Species delimitation in the coral genus Goniopora (Scleractinia, Poritidae) from the Saudi Arabian Red Sea.	2016	10.1016/j.ympev.2016.06.003	27321092			https://pubmed.ncbi.nlm.nih.gov/27321092/
pubmed	Q16	homoplasy	27497315	publication	Did Viruses Evolve As a Distinct Supergroup from Common Ancestors of Cells?	2016	10.1093/gbe/evw175	27497315			https://pubmed.ncbi.nlm.nih.gov/27497315/
pubmed	Q16	homoplasy	27640952	publication	Phylogeny of Helieae (Gentianaceae): Resolving taxonomic chaos in a Neotropical clade.	2017	10.1016/j.ympev.2016.09.013	27640952			https://pubmed.ncbi.nlm.nih.gov/27640952/
pubmed	Q16	homoplasy	27736882	publication	Phylogenetic Systematics, Biogeography, and Ecology of the Electric Fish Genus Brachyhypopomus (Ostariophysi: Gymnotiformes).	2016	10.1371/journal.pone.0161680	27736882			https://pubmed.ncbi.nlm.nih.gov/27736882/
pubmed	Q16	homoplasy	27855191	publication	Identification of Hybrids in Potamogeton: Incongruence between Plastid and ITS Regions Solved by a Novel Barcoding Marker PHYB.	2016	10.1371/journal.pone.0166177	27855191			https://pubmed.ncbi.nlm.nih.gov/27855191/
pubmed	Q16	homoplasy	27989673	publication	Phylogenomics and Morphology of Extinct Paleognaths Reveal the Origin and Evolution of the Ratites.	2017	10.1016/j.cub.2016.10.029	27989673			https://pubmed.ncbi.nlm.nih.gov/27989673/
pubmed	Q16	homoplasy	28043876	publication	The Syllis gracilis species complex: A molecular approach to a difficult taxonomic problem (Annelida, Syllidae).	2017	10.1016/j.ympev.2016.12.036	28043876			https://pubmed.ncbi.nlm.nih.gov/28043876/
pubmed	Q16	homoplasy	28231758	publication	A practical exact maximum compatibility algorithm for reconstruction of recent evolutionary history.	2017	10.1186/s12859-017-1520-4	28231758			https://pubmed.ncbi.nlm.nih.gov/28231758/
pubmed	Q16	homoplasy	28254474	publication	New insights on the sister lineage of percomorph fishes with an anchored hybrid enrichment dataset.	2017	10.1016/j.ympev.2017.02.017	28254474			https://pubmed.ncbi.nlm.nih.gov/28254474/
pubmed	Q16	homoplasy	28279810	publication	Madagascar sheds new light on the molecular systematics and biogeography of grammitid ferns: New unexpected lineages and numerous long-distance dispersal events.	2017	10.1016/j.ympev.2017.03.005	28279810			https://pubmed.ncbi.nlm.nih.gov/28279810/
pubmed	Q16	homoplasy	28564108	publication	COMPARATIVE PATTERNS OF GROWTH AND DEVELOPMENT IN CRICETINE RODENTS AND THE EVOLUTION OF ONTOGENY.	1986	10.1111/j.1558-5646.1986.tb05721.x	28564108			https://pubmed.ncbi.nlm.nih.gov/28564108/
pubmed	Q16	homoplasy	28564424	publication	PHYLOGENETIC ANALYSIS OF CHLOROPLAST DNA RESTRICTION SITE DATA AT HIGHER TAXONOMIC LEVELS: AN EXAMPLE FROM THE ASTERACEAE.	1990	10.1111/j.1558-5646.1990.tb04314.x	28564424			https://pubmed.ncbi.nlm.nih.gov/28564424/
pubmed	Q16	homoplasy	28565180	publication	PATTERNS OF DESCENT IN CLONAL LINEAGES AND THEIR MULTILOCUS FINGERPRINTS ARE RESOLVED WITH COMBINED GENE GENEALOGIES.	1999	10.1111/j.1558-5646.1999.tb05329.x	28565180			https://pubmed.ncbi.nlm.nih.gov/28565180/
pubmed	Q16	homoplasy	28642542	publication	The highly rearranged mitochondrial genomes of the crabs Maja crispata and Maja squinado (Majidae) and gene order evolution in Brachyura.	2017	10.1038/s41598-017-04168-9	28642542			https://pubmed.ncbi.nlm.nih.gov/28642542/
pubmed	Q16	homoplasy	28676809	publication	Phylogenomic Analysis and Dynamic Evolution of Chloroplast Genomes in Salicaceae.	2017	10.3389/fpls.2017.01050	28676809			https://pubmed.ncbi.nlm.nih.gov/28676809/
pubmed	Q16	homoplasy	28709395	publication	Karyotype differentiation in tellin shells (Bivalvia: Tellinidae).	2017	10.1186/s12863-017-0535-1	28709395			https://pubmed.ncbi.nlm.nih.gov/28709395/
pubmed	Q16	homoplasy	28718921	publication	Homology, homoplasy and cusp variability at the enamel-dentine junction of hominoid molars.	2017	10.1111/joa.12649	28718921			https://pubmed.ncbi.nlm.nih.gov/28718921/
pubmed	Q16	homoplasy	28729554	publication	Comparison of traditional and new generation DNA markers declares high genetic diversity and differentiated population structure of wild almond species.	2017	10.1038/s41598-017-06084-4	28729554			https://pubmed.ncbi.nlm.nih.gov/28729554/
pubmed	Q16	homoplasy	28775310	publication	Phylogenetic relationships among tribes of the green lacewing subfamily Chrysopinae recovered based on mitochondrial phylogenomics.	2017	10.1038/s41598-017-07431-1	28775310			https://pubmed.ncbi.nlm.nih.gov/28775310/
pubmed	Q16	homoplasy	28789640	publication	The purplish bifurcate mussel Mytilisepta virgata gene expression atlas reveals a remarkable tissue functional specialization.	2017	10.1186/s12864-017-4012-z	28789640			https://pubmed.ncbi.nlm.nih.gov/28789640/
pubmed	Q16	homoplasy	29028580	publication	Revision of the Genus Micromonas Manton et Parke (Chlorophyta, Mamiellophyceae), of the Type Species M. pusilla (Butcher) Manton & Parke and of the Species M. commoda van Baren, Bachy and Worden and Description of Two New Species Based on the Genetic and Phenotypic Characterization of Cultured Isolates.	2017	10.1016/j.protis.2017.09.002	29028580			https://pubmed.ncbi.nlm.nih.gov/29028580/
pubmed	Q16	homoplasy	29122650	publication	Phylogeny, new generic-level classification, and historical biogeography of the Eucera complex (Hymenoptera: Apidae).	2018	10.1016/j.ympev.2017.10.007	29122650			https://pubmed.ncbi.nlm.nih.gov/29122650/
pubmed	Q16	homoplasy	29128545	publication	Massive parallel sequencing of mitochondrial DNA genomes from mother-child pairs using the ion torrent personal genome machine (PGM).	2018	10.1016/j.fsigen.2017.11.001	29128545			https://pubmed.ncbi.nlm.nih.gov/29128545/
pubmed	Q16	homoplasy	29178825	publication	Phylogenetic relationships of cone snails endemic to Cabo Verde based on mitochondrial genomes.	2017	10.1186/s12862-017-1069-x	29178825			https://pubmed.ncbi.nlm.nih.gov/29178825/
pubmed	Q16	homoplasy	29183286	publication	First gene-ontology enrichment analysis based on bacterial coregenome variants: insights into adaptations of Salmonella serovars to mammalian- and avian-hosts.	2017	10.1186/s12866-017-1132-1	29183286			https://pubmed.ncbi.nlm.nih.gov/29183286/
pubmed	Q16	homoplasy	29208140	publication	Suspected cases of intracontinental Burkholderia pseudomallei sequence type homoplasy resolved using whole-genome sequencing.	2017	10.1099/mgen.0.000139	29208140			https://pubmed.ncbi.nlm.nih.gov/29208140/
pubmed	Q16	homoplasy	29222065	publication	Testing the monophyly of Simaba (Simaroubaceae): Evidence from five molecular regions and morphology.	2018	10.1016/j.ympev.2017.11.024	29222065			https://pubmed.ncbi.nlm.nih.gov/29222065/
pubmed	Q16	homoplasy	29239487	publication	Evolution of skull shape in the family Salamandridae (Amphibia: Caudata).	2018	10.1111/joa.12759	29239487			https://pubmed.ncbi.nlm.nih.gov/29239487/
pubmed	Q16	homoplasy	29265676	publication	New Species of Saprobic Labyrinthulea (=Labyrinthulomycota) and the Erection of a gen. nov. to Resolve Molecular Polyphyly within the Aplanochytrids.	2018	10.1111/jeu.12494	29265676			https://pubmed.ncbi.nlm.nih.gov/29265676/
pubmed	Q16	homoplasy	29280147	publication	The origins of the circumventricular organs.	2018	10.1111/joa.12771	29280147			https://pubmed.ncbi.nlm.nih.gov/29280147/
pubmed	Q16	homoplasy	29281674	publication	Convergent evolution and topologically disruptive polymorphisms among multidrug-resistant tuberculosis in Peru.	2017	10.1371/journal.pone.0189838	29281674			https://pubmed.ncbi.nlm.nih.gov/29281674/
pubmed	Q16	homoplasy	29402222	publication	Large-scale genomic analysis shows association between homoplastic genetic variation in Mycobacterium tuberculosis genes and meningeal or pulmonary tuberculosis.	2018	10.1186/s12864-018-4498-z	29402222			https://pubmed.ncbi.nlm.nih.gov/29402222/
pubmed	Q16	homoplasy	29452203	publication	Morphology of the elytral base sclerites.	2018	10.1016/j.asd.2018.02.004	29452203			https://pubmed.ncbi.nlm.nih.gov/29452203/
pubmed	Q16	homoplasy	29458722	publication	Molecular phylogeny of the Laboulbeniomycetes (Ascomycota).	2018	10.1016/j.funbio.2017.11.004	29458722			https://pubmed.ncbi.nlm.nih.gov/29458722/
pubmed	Q16	homoplasy	29503475	publication	Cortinarius section Bicolores and section Saturnini (Basidiomycota, Agaricales), a morphogenetic overview of European and North American species.	2017	10.3767/persoonia.2017.39.08	29503475			https://pubmed.ncbi.nlm.nih.gov/29503475/
pubmed	Q16	homoplasy	29559245	publication	Phylogenetic systematics, morphological evolution, and natural groups in neotropical Phlegmariurus (Lycopodiaceae).	2018	10.1016/j.ympev.2018.03.016	29559245			https://pubmed.ncbi.nlm.nih.gov/29559245/
pubmed	Q16	homoplasy	29763665	publication	Selection and paucity of phylogenetic signal challenge the utility of alpha-tubulin in reconstruction of evolutionary history of free-living litostomateans (Protista, Ciliophora).	2018	10.1016/j.ympev.2018.05.011	29763665			https://pubmed.ncbi.nlm.nih.gov/29763665/
pubmed	Q16	homoplasy	29868283	publication	Cranial anatomy of Bellusaurus sui (Dinosauria: Eusauropoda) from the Middle-Late Jurassic Shishugou Formation of northwest China and a review of sauropod cranial ontogeny.	2018	10.7717/peerj.4881	29868283			https://pubmed.ncbi.nlm.nih.gov/29868283/
pubmed	Q16	homoplasy	29969656	publication	Topological support and data quality can only be assessed through multiple tests in reviewing Blattodea phylogeny.	2018	10.1016/j.ympev.2018.05.007	29969656			https://pubmed.ncbi.nlm.nih.gov/29969656/
pubmed	Q16	homoplasy	30051855	publication	Tip-dating and homoplasy: reconciling the shallow molecular divergences of modern gharials with their long fossil record.	2018	10.1098/rspb.2018.1071	30051855			https://pubmed.ncbi.nlm.nih.gov/30051855/
pubmed	Q16	homoplasy	30066663	publication	Comparison of metaheuristics to measure gene effects on phylogenetic supports and topologies.	2018	10.1186/s12859-018-2172-8	30066663			https://pubmed.ncbi.nlm.nih.gov/30066663/
pubmed	Q16	homoplasy	30285626	publication	Environmentally-driven gene content convergence and the Bacillus phylogeny.	2018	10.1186/s12862-018-1261-7	30285626			https://pubmed.ncbi.nlm.nih.gov/30285626/
pubmed	Q16	homoplasy	30313748	publication	Phylogenetic relationships of the Balkan Moitessieriidae (Caenogastropoda: Truncatelloidea).	2018	10.11646/zootaxa.4486.3.5	30313748			https://pubmed.ncbi.nlm.nih.gov/30313748/
pubmed	Q16	homoplasy	30326286	publication	Phylogeny of Schinus L. (Anacardiaceae) with a new infrageneric classification and insights into evolution of spinescence and floral traits.	2019	10.1016/j.ympev.2018.10.013	30326286			https://pubmed.ncbi.nlm.nih.gov/30326286/
pubmed	Q16	homoplasy	30455217	publication	Specimen-based analysis of morphology and the environment in ecologically dominant grasses: the power of the herbarium.	2018	10.1098/rstb.2017.0403	30455217			https://pubmed.ncbi.nlm.nih.gov/30455217/
pubmed	Q16	homoplasy	30466385	publication	A statistical method to identify recombination in bacterial genomes based on SNP incompatibility.	2018	10.1186/s12859-018-2456-z	30466385			https://pubmed.ncbi.nlm.nih.gov/30466385/
pubmed	Q16	homoplasy	30482861	publication	Quantifying the risk of hemiplasy in phylogenetic inference.	2018	10.1073/pnas.1811268115	30482861			https://pubmed.ncbi.nlm.nih.gov/30482861/
pubmed	Q16	homoplasy	30535172	publication	An algorithm for Morphological Phylogenetic Analysis with Inapplicable Data.	2019	10.1093/sysbio/syy083	30535172			https://pubmed.ncbi.nlm.nih.gov/30535172/
pubmed	Q16	homoplasy	30663960	publication	HomoplasyFinder: a simple tool to identify homoplasies on a phylogeny.	2019	10.1099/mgen.0.000245	30663960			https://pubmed.ncbi.nlm.nih.gov/30663960/
pubmed	Q16	homoplasy	30865720	publication	Evolution of anatomical characters in Acianthera section Pleurobotryae (Orchidaceae: Pleurothallidinae).	2019	10.1371/journal.pone.0212677	30865720			https://pubmed.ncbi.nlm.nih.gov/30865720/
pubmed	Q16	homoplasy	30874558	publication	Pervasive function and evidence for selection across standing genetic variation in S. cerevisiae.	2019	10.1038/s41467-019-09166-1	30874558			https://pubmed.ncbi.nlm.nih.gov/30874558/
pubmed	Q16	homoplasy	30924235	publication	The phylogenetic origin and evolution of acellular bone in teleost fishes: insights into osteocyte function in bone metabolism.	2019	10.1111/brv.12505	30924235			https://pubmed.ncbi.nlm.nih.gov/30924235/
pubmed	Q16	homoplasy	31166941	publication	Species delimitation of neotropical Characins (Stevardiinae): Implications for taxonomy of complex groups.	2019	10.1371/journal.pone.0216786	31166941			https://pubmed.ncbi.nlm.nih.gov/31166941/
pubmed	Q16	homoplasy	31170912	publication	A next generation approach to species delimitation reveals the role of hybridization in a cryptic species complex of corals.	2019	10.1186/s12862-019-1427-y	31170912			https://pubmed.ncbi.nlm.nih.gov/31170912/
pubmed	Q16	homoplasy	31172524	publication	The evolution of betalain biosynthesis in Caryophyllales.	2019	10.1111/nph.15980	31172524			https://pubmed.ncbi.nlm.nih.gov/31172524/
pubmed	Q16	homoplasy	31198631	publication	Plastome phylogenomics and characterization of rare genomic changes as taxonomic markers in plastome groups 1 and 2 Poeae (Pooideae; Poaceae).	2019	10.7717/peerj.6959	31198631			https://pubmed.ncbi.nlm.nih.gov/31198631/
pubmed	Q16	homoplasy	31303494	publication	Microraptor with Ingested Lizard Suggests Non-specialized Digestive Function.	2019	10.1016/j.cub.2019.06.020	31303494			https://pubmed.ncbi.nlm.nih.gov/31303494/
pubmed	Q16	homoplasy	31433287	publication	A cluster of melioidosis infections in hatchling saltwater crocodiles (Crocodylus porosus) resolved using genome-wide comparison of a common north Australian strain of Burkholderia pseudomallei.	2019	10.1099/mgen.0.000288	31433287			https://pubmed.ncbi.nlm.nih.gov/31433287/
pubmed	Q16	homoplasy	31641165	publication	Phylogenetic comparative methods improve the selection of characters for generic delimitations in a hyperdiverse Neotropical orchid clade.	2019	10.1038/s41598-019-51360-0	31641165			https://pubmed.ncbi.nlm.nih.gov/31641165/
pubmed	Q16	homoplasy	31675370	publication	Characterization of 20 complete plastomes from the tribe Laureae (Lauraceae) and distribution of small inversions.	2019	10.1371/journal.pone.0224622	31675370			https://pubmed.ncbi.nlm.nih.gov/31675370/
pubmed	Q16	homoplasy	31681462	publication	Recurrent variation in the active NOR sites in the monkey frogs of the genus Pithecopus Cope, 1866 (Phyllomedusidae, Anura).	2019	10.3897/compcytogen.v13i4.37687	31681462			https://pubmed.ncbi.nlm.nih.gov/31681462/
pubmed	Q16	homoplasy	31754929	publication	Molecular strategies for identification and characterization of some wild edible mushrooms of Nagaland, India.	2020	10.1007/s11033-019-05170-2	31754929			https://pubmed.ncbi.nlm.nih.gov/31754929/
pubmed	Q16	homoplasy	31824584	publication	Phylogenetic re-evaluation of Thielavia with the introduction of a new family Podosporaceae.	2019	10.1016/j.simyco.2019.08.002	31824584			https://pubmed.ncbi.nlm.nih.gov/31824584/
pubmed	Q16	homoplasy	31827108	publication	Probable basal allosauroid from the early Middle Jurassic Cañadón Asfalto Formation of Argentina highlights phylogenetic uncertainty in tetanuran theropod dinosaurs.	2019	10.1038/s41598-019-53672-7	31827108			https://pubmed.ncbi.nlm.nih.gov/31827108/
pubmed	Q16	homoplasy	31837265	publication	ILS-Aware Analysis of Low-Homoplasy Retroelement Insertions: Inference of Species Trees and Introgression Using Quartets.	2020	10.1093/jhered/esz076	31837265			https://pubmed.ncbi.nlm.nih.gov/31837265/
pubmed	Q16	homoplasy	31881941	publication	The phylogenetic significance of the morphology of the syrinx, hyoid and larynx, of the southern cassowary, Casuarius casuarius (Aves, Palaeognathae).	2019	10.1186/s12862-019-1544-7	31881941			https://pubmed.ncbi.nlm.nih.gov/31881941/
pubmed	Q16	homoplasy	32073641	publication	Morphological Phylogenetics Evaluated Using Novel Evolutionary Simulations.	2020	10.1093/sysbio/syaa012	32073641			https://pubmed.ncbi.nlm.nih.gov/32073641/
pubmed	Q16	homoplasy	32122463	publication	The evolution of the vestibular apparatus in apes and humans.	2020	10.7554/elife.51261	32122463			https://pubmed.ncbi.nlm.nih.gov/32122463/
pubmed	Q16	homoplasy	32134991	publication	Pathogen to commensal? Longitudinal within-host population dynamics, evolution, and adaptation during a chronic >16-year Burkholderia pseudomallei infection.	2020	10.1371/journal.ppat.1008298	32134991			https://pubmed.ncbi.nlm.nih.gov/32134991/
pubmed	Q16	homoplasy	32153618	publication	Origin, Diversity, and Evolution of Telomere Sequences in Plants.	2020	10.3389/fpls.2020.00117	32153618			https://pubmed.ncbi.nlm.nih.gov/32153618/
pubmed	Q16	homoplasy	32387564	publication	Emergence of genomic diversity and recurrent mutations in SARS-CoV-2.	2020	10.1016/j.meegid.2020.104351	32387564			https://pubmed.ncbi.nlm.nih.gov/32387564/
pubmed	Q16	homoplasy	32641486	publication	Genomic Analysis of Early SARS-CoV-2 Variants Introduced in Mexico.	2020	10.1128/jvi.01056-20	32641486			https://pubmed.ncbi.nlm.nih.gov/32641486/
pubmed	Q16	homoplasy	32774343	publication	Conflict Resolution for Mesozoic Mammals: Reconciling Phylogenetic Incongruence Among Anatomical Regions.	2020	10.3389/fgene.2020.00651	32774343			https://pubmed.ncbi.nlm.nih.gov/32774343/
pubmed	Q16	homoplasy	32974265	publication	Extensive Homoplasy but No Evidence of Convergent Evolution of Repeat Numbers at MIRU Loci in Modern Mycobacterium tuberculosis Lineages.	2020	10.3389/fpubh.2020.00455	32974265			https://pubmed.ncbi.nlm.nih.gov/32974265/
pubmed	Q16	homoplasy	33059066	publication	Ripe for reassessment: A synthesis of available molecular data for the speciose diatom family Bacillariaceae.	2021	10.1016/j.ympev.2020.106985	33059066			https://pubmed.ncbi.nlm.nih.gov/33059066/
pubmed	Q16	homoplasy	33201392	publication	Molecular phylogeny of the phytoparasitic mite family Phytoptidae (Acariformes: Eriophyoidea) identified the female genitalic anatomy as a major macroevolutionary factor and revealed multiple origins of gall induction.	2021	10.1007/s10493-020-00571-6	33201392			https://pubmed.ncbi.nlm.nih.gov/33201392/
pubmed	Q16	homoplasy	33239633	publication	No evidence for increased transmissibility from recurrent mutations in SARS-CoV-2.	2020	10.1038/s41467-020-19818-2	33239633			https://pubmed.ncbi.nlm.nih.gov/33239633/
pubmed	Q16	homoplasy	33337483	publication	Detecting Phylogenetic Signal and Adaptation in Papionin Cranial Shape by Decomposing Variation at Different Spatial Scales.	2021	10.1093/sysbio/syaa093	33337483			https://pubmed.ncbi.nlm.nih.gov/33337483/
pubmed	Q16	homoplasy	33400131	publication	European context of the diversity and phylogenetic position of SARS-CoV-2 sequences from Polish COVID-19 patients.	2021	10.1007/s13353-020-00603-2	33400131			https://pubmed.ncbi.nlm.nih.gov/33400131/
pubmed	Q16	homoplasy	33422741	publication	A comparative analysis of the vestibular apparatus in Epipliopithecus vindobonensis: Phylogenetic implications.	2021	10.1016/j.jhevol.2020.102930	33422741			https://pubmed.ncbi.nlm.nih.gov/33422741/
pubmed	Q16	homoplasy	33604162	publication	A molecular phylogeny of Geotrochus and Trochomorpha species (Gastropoda: Trochomorphidae) in Sabah, Malaysia reveals convergent evolution of shell morphology driven by environmental influences.	2021	10.7717/peerj.10526	33604162			https://pubmed.ncbi.nlm.nih.gov/33604162/
pubmed	Q16	homoplasy	33679173	publication	Evolutionary relationships, biogeography and morphological characters of Glinus (Molluginaceae), with special emphasis on the genus composition in Sub-Saharan Africa.	2021	10.3897/phytokeys.173.60898	33679173			https://pubmed.ncbi.nlm.nih.gov/33679173/
pubmed	Q16	homoplasy	33843573	publication	Genome-wide analysis in Escherichia coli unravels a high level of genetic homoplasy associated with cefotaxime resistance.	2021	10.1099/mgen.0.000556	33843573			https://pubmed.ncbi.nlm.nih.gov/33843573/
pubmed	Q16	homoplasy	33888057	publication	Chloroplast phylogenomic insights into the evolution of Distylium (Hamamelidaceae).	2021	10.1186/s12864-021-07590-6	33888057			https://pubmed.ncbi.nlm.nih.gov/33888057/
pubmed	Q16	homoplasy	33905491	publication	Large-Scale Annotation and Evolution Analysis of MiRNA in Insects.	2021	10.1093/gbe/evab083	33905491			https://pubmed.ncbi.nlm.nih.gov/33905491/
pubmed	Q16	homoplasy	34061905	publication	Extensive C->U transition biases in the genomes of a wide range of mammalian RNA viruses; potential associations with transcriptional mutations, damage- or host-mediated editing of viral RNA.	2021	10.1371/journal.ppat.1009596	34061905			https://pubmed.ncbi.nlm.nih.gov/34061905/
pubmed	Q16	homoplasy	34075377	publication	Identification of evolutionary trajectories shared across human betacoronaviruses.	2023	10.1101/2021.05.24.445313	34075377			https://pubmed.ncbi.nlm.nih.gov/34075377/
pubmed	Q16	homoplasy	34208107	publication	Gene Conversion amongst Alu SINE Elements.	2021	10.3390/genes12060905	34208107			https://pubmed.ncbi.nlm.nih.gov/34208107/
pubmed	Q16	homoplasy	34208444	publication	Molecular and Morphological Assessment of Septoria Species Associated with Ornamental Plants in Yunnan Province, China.	2021	10.3390/jof7060483	34208444			https://pubmed.ncbi.nlm.nih.gov/34208444/
pubmed	Q16	homoplasy	34321524	publication	Characterizing chloroplast genomes and inferring maternal divergence of the Triticum-Aegilops complex.	2021	10.1038/s41598-021-94649-9	34321524			https://pubmed.ncbi.nlm.nih.gov/34321524/
pubmed	Q16	homoplasy	34387545	publication	Patterns of within-host genetic diversity in SARS-CoV-2.	2021	10.7554/elife.66857	34387545			https://pubmed.ncbi.nlm.nih.gov/34387545/
pubmed	Q16	homoplasy	34436287	publication	A Soft Spot for Chemistry-Current Taxonomic and Evolutionary Implications of Sponge Secondary Metabolite Distribution.	2021	10.3390/md19080448	34436287			https://pubmed.ncbi.nlm.nih.gov/34436287/
pubmed	Q16	homoplasy	34581786	publication	Androgen-Binding Protein (Abp) Evolutionary History: Has Positive Selection Caused Fixation of Different Paralogs in Different Taxa of the Genus Mus?	2021	10.1093/gbe/evab220	34581786			https://pubmed.ncbi.nlm.nih.gov/34581786/
pubmed	Q16	homoplasy	34690488	publication	Njoerdichthys dyckerhoffi gen. et sp. nov. (Pycnodontiformes, lower Turonian) northward migration caused by the Cretaceous Thermal Maximum.	2020	10.1016/j.cretres.2020.104590	34690488			https://pubmed.ncbi.nlm.nih.gov/34690488/
pubmed	Q16	homoplasy	34810677	publication	Character correlation and its use for identification.	2021	10.11646/zootaxa.5071.1.7	34810677			https://pubmed.ncbi.nlm.nih.gov/34810677/
pubmed	Q16	homoplasy	34814380	publication	Phylogenetic relationships of the Australasian shrubby everlastings Ozothamnus and Cassinia (Asteraceae: Asteroideae: Gnaphalieae).	2013	10.1111/cla.12007	34814380			https://pubmed.ncbi.nlm.nih.gov/34814380/
pubmed	Q16	homoplasy	34841511	publication	Femoral specializations to locomotor habits in early archosauriforms.	2022	10.1111/joa.13598	34841511			https://pubmed.ncbi.nlm.nih.gov/34841511/
pubmed	Q16	homoplasy	34874243	publication	SNPPar: identifying convergent evolution and other homoplasies from microbial whole-genome alignments.	2021	10.1099/mgen.0.000694	34874243			https://pubmed.ncbi.nlm.nih.gov/34874243/
pubmed	Q16	homoplasy	34875753	publication	A formula for maximum possible steps in multistate characters: isolating matrix parameter effects on measures of evolutionary convergence.	2010	10.1111/j.1096-0031.2009.00270.x	34875753			https://pubmed.ncbi.nlm.nih.gov/34875753/
pubmed	Q16	homoplasy	34880150	publication	DNA Barcoding: Molecular Identification and Phylogenetic Analysis of Pheretimoid Earthworm (Metaphire sp. and Amynthas sp.) Based on Mitochondrial Partial COI Gene from Sialkot, Pakistan.	2022	10.5650/jos.ess21246	34880150			https://pubmed.ncbi.nlm.nih.gov/34880150/
pubmed	Q16	homoplasy	34892862	publication	Phylogeny, character evolution, and classification of Sapotaceae (Ericales).	2005	10.1111/j.1096-0031.2005.00056.x	34892862			https://pubmed.ncbi.nlm.nih.gov/34892862/
pubmed	Q16	homoplasy	34892907	publication	Convergence and parallelism: is a new life ahead of old concepts?	2005	10.1111/j.1096-0031.2004.00047.x	34892907			https://pubmed.ncbi.nlm.nih.gov/34892907/
pubmed	Q16	homoplasy	34911236	publication	Parsimony with and without Scientific Justification.	2001	10.1111/j.1096-0031.2001.tb00117.x	34911236			https://pubmed.ncbi.nlm.nih.gov/34911236/
pubmed	Q16	homoplasy	34920643	publication	THE PHYLOGENY OF ELATEROIDEA (COLEOPTERA), OR WHICH TREE IS BEST TODAY?	1995	10.1111/j.1096-0031.1995.tb00093.x	34920643			https://pubmed.ncbi.nlm.nih.gov/34920643/
pubmed	Q16	homoplasy	34933464	publication	HOMOPLASY AS PATTERN: MULTIVARIATE ANALYSIS OF MORPHOLOGICAL CONVERGENCE IN ANSERIFORMES.	1989	10.1111/j.1096-0031.1989.tb00488.x	34933464			https://pubmed.ncbi.nlm.nih.gov/34933464/
pubmed	Q16	homoplasy	35031462	publication	Molecular phylogenetics, speciation, and long distance dispersal in tardigrade evolution: A case study of the genus Milnesium.	2022	10.1016/j.ympev.2022.107401	35031462			https://pubmed.ncbi.nlm.nih.gov/35031462/
pubmed	Q16	homoplasy	35242361	publication	Limited genomic reconstruction of SARS-CoV-2 transmission history within local epidemiological clusters.	2022	10.1093/ve/veac008	35242361			https://pubmed.ncbi.nlm.nih.gov/35242361/
pubmed	Q16	homoplasy	35289914	publication	Reunion of Australasian Possums by Shared SINE Insertions.	2022	10.1093/sysbio/syac025	35289914			https://pubmed.ncbi.nlm.nih.gov/35289914/
pubmed	Q16	homoplasy	35330245	publication	Taxonomic Reappraisal of Periconiaceae with the Description of Three New Periconia Species from China.	2022	10.3390/jof8030243	35330245			https://pubmed.ncbi.nlm.nih.gov/35330245/
pubmed	Q16	homoplasy	35438532	publication	Small Insertions and Deletions Drive Genomic Plasticity during Adaptive Evolution of Yersinia pestis.	2022	10.1128/spectrum.02242-21	35438532			https://pubmed.ncbi.nlm.nih.gov/35438532/
pubmed	Q16	homoplasy	35709353	publication	Incomplete lineage sorting and reticulate evolution mask species relationships in Brunelliaceae, an Andean family with rapid, recent diversification.	2022	10.1002/ajb2.16025	35709353			https://pubmed.ncbi.nlm.nih.gov/35709353/
pubmed	Q16	homoplasy	35810973	publication	Out of chaos: Phylogenomics of Asian Sonerileae.	2022	10.1016/j.ympev.2022.107581	35810973			https://pubmed.ncbi.nlm.nih.gov/35810973/
pubmed	Q16	homoplasy	35887474	publication	Identification and Characterization of Calonectria Species Associated with Plant Diseases in Southern China.	2022	10.3390/jof8070719	35887474			https://pubmed.ncbi.nlm.nih.gov/35887474/
pubmed	Q16	homoplasy	36111957	publication	Phylotranscriptomics reveal the spatio-temporal distribution and morphological evolution of Macrozamia, an Australian endemic genus of Cycadales.	2022	10.1093/aob/mcac117	36111957			https://pubmed.ncbi.nlm.nih.gov/36111957/
pubmed	Q16	homoplasy	36445077	publication	Genetic Features of Mycobacterium avium subsp. paratuberculosis Strains Circulating in the West of France Deciphered by Whole-Genome Sequencing.	2022	10.1128/spectrum.03392-22	36445077			https://pubmed.ncbi.nlm.nih.gov/36445077/
pubmed	Q16	homoplasy	36636427	publication	Correlation with a limited set of behavioral niches explains the convergence of somatic morphology in mygalomorph spiders.	2023	10.1002/ece3.9706	36636427			https://pubmed.ncbi.nlm.nih.gov/36636427/
pubmed	Q16	homoplasy	36701490	publication	Total-evidence phylogeny and evolutionary morphology of New World pitvipers (Serpentes: Viperidae: Crotalinae).	2023	10.1111/cla.12522	36701490			https://pubmed.ncbi.nlm.nih.gov/36701490/
pubmed	Q16	homoplasy	36754337	publication	Phylogeny of sea spiders (Arthropoda: Pycnogonida) inferred from mitochondrial genome and 18S ribosomal RNA gene sequences.	2023	10.1016/j.ympev.2023.107726	36754337			https://pubmed.ncbi.nlm.nih.gov/36754337/
pubmed	Q16	homoplasy	36762007	publication	﻿Phylogenomic analysis of 997 nuclear genes reveals the need for extensive generic re-delimitation in Caesalpinioideae (Leguminosae).	2022	10.3897/phytokeys.205.85866	36762007			https://pubmed.ncbi.nlm.nih.gov/36762007/
pubmed	Q16	homoplasy	36825999	publication	Conflicts in Mitochondrial Phylogenomics of Branchiopoda, with the First Complete Mitogenome of Laevicaudata (Crustacea: Branchiopoda).	2023	10.3390/cimb45020054	36825999			https://pubmed.ncbi.nlm.nih.gov/36825999/
pubmed	Q16	homoplasy	37122949	publication	Evolution of stridulatory mechanisms: vibroacoustic communication may be common in leaf-footed bugs and allies (Heteroptera: Coreoidea).	2023	10.1098/rsos.221348	37122949			https://pubmed.ncbi.nlm.nih.gov/37122949/
pubmed	Q16	homoplasy	37167330	publication	A minisatellite-based MLVA for deciphering the global epidemiology of the bacterial cassava pathogen Xanthomonas phaseoli pv. manihotis.	2023	10.1371/journal.pone.0285491	37167330			https://pubmed.ncbi.nlm.nih.gov/37167330/
pubmed	Q16	homoplasy	37172461	publication	A European perspective of phylogenomics, sublineages, geographical distribution, epidemiology, and mutational landscape of mpox virus: Emergence pattern may help to fight the next public health emergency in Europe.	2023	10.1016/j.jiph.2023.04.017	37172461			https://pubmed.ncbi.nlm.nih.gov/37172461/
pubmed	Q16	homoplasy	37220645	publication	Identification of Evolutionary Trajectories Shared across Human Betacoronaviruses.	2023	10.1093/gbe/evad076	37220645			https://pubmed.ncbi.nlm.nih.gov/37220645/
pubmed	Q16	homoplasy	37335140	publication	Resolving Marine-Freshwater Transitions by Diatoms Through a Fog of Gene Tree Discordance.	2023	10.1093/sysbio/syad038	37335140			https://pubmed.ncbi.nlm.nih.gov/37335140/
pubmed	Q16	homoplasy	37365751	publication	Comparative morphology of the avian bony columella.	2024	10.1002/ar.25278	37365751			https://pubmed.ncbi.nlm.nih.gov/37365751/
pubmed	Q16	homoplasy	37367539	publication	Integrative Taxonomy of Novel Diaporthe Species Associated with Medicinal Plants in Thailand.	2023	10.3390/jof9060603	37367539			https://pubmed.ncbi.nlm.nih.gov/37367539/
pubmed	Q16	homoplasy	37392528	publication	Response to Tcherkez and Farquhar: Rubisco adaptation is more limited by phylogenetic constraint than by catalytic trade-off.	2023	10.1016/j.jplph.2023.154021	37392528			https://pubmed.ncbi.nlm.nih.gov/37392528/
pubmed	Q16	homoplasy	37445747	publication	Exploring the Mitogenomes of Mantodea: New Insights from Structural Diversity and Higher-Level Phylogenomic Analyses.	2023	10.3390/ijms241310570	37445747			https://pubmed.ncbi.nlm.nih.gov/37445747/
pubmed	Q16	homoplasy	37486083	publication	Repeated evolution of similar phenotypes: Integrating comparative methods with developmental pathways.	2023	10.1590/1678-4685-gmb-2022-0384	37486083			https://pubmed.ncbi.nlm.nih.gov/37486083/
pubmed	Q16	homoplasy	37526649	publication	Pangenomic analyses of antibiotic-resistant Campylobacter jejuni reveal unique lineage distributions and epidemiological associations.	2023	10.1099/mgen.0.001073	37526649			https://pubmed.ncbi.nlm.nih.gov/37526649/
pubmed	Q16	homoplasy	37761970	publication	Homoplasy of Retrotransposon Insertions in Toothed Whales.	2023	10.3390/genes14091830	37761970			https://pubmed.ncbi.nlm.nih.gov/37761970/
pubmed	Q16	homoplasy	37860599	publication	﻿Generic concepts and species diversity within the Gynoxyoid clade (Senecioneae, Compositae).	2023	10.3897/phytokeys.234.107750	37860599			https://pubmed.ncbi.nlm.nih.gov/37860599/
pubmed	Q16	homoplasy	38103706	publication	Systematics of deep-sea starfish order Brisingida (Echinodermata: Asteroidea), with a revised classification and assessments of morphological characters.	2024	10.1016/j.ympev.2023.107993	38103706			https://pubmed.ncbi.nlm.nih.gov/38103706/
pubmed	Q16	homoplasy	38124251	publication	A plurality of morphological characters need not equate with phylogenetic accuracy: A rare genomic change refutes the placement of Solifugae and Pseudoscorpiones in Haplocnemata.	2024	10.1111/ede.12467	38124251			https://pubmed.ncbi.nlm.nih.gov/38124251/
pubmed	Q16	homoplasy	38298405	publication	﻿Complete mitochondrial genome of Guigarracailaoensis Wang, Chen & Zheng, 2022 (Cypriniformes, Cyprinidae) and its phylogenetic implications.	2024	10.3897/zookeys.1190.113808	38298405			https://pubmed.ncbi.nlm.nih.gov/38298405/
pubmed	Q16	homoplasy	38334302	publication	Embracing uncertainty: The way forward in plant fossil phylogenetics.	2024	10.1002/ajb2.16282	38334302			https://pubmed.ncbi.nlm.nih.gov/38334302/
pubmed	Q16	homoplasy	38356850	publication	﻿New species of Tropicoporus (Basidiomycota, Hymenochaetales, Hymenochaetaceae) from India, with a key to Afro-Asian Tropicoporus species.	2024	10.3897/mycokeys.102.117067	38356850			https://pubmed.ncbi.nlm.nih.gov/38356850/
pubmed	Q16	homoplasy	38384761	publication	Phylogeny, biogeography, and character evolution of Anaphalis (Gnaphalieae, Asteraceae).	2024	10.3389/fpls.2024.1336229	38384761			https://pubmed.ncbi.nlm.nih.gov/38384761/
pubmed	Q16	homoplasy	38444024	publication	The origin and evolution of Cynodontia (Synapsida, Therapsida): Reassessment of the phylogeny and systematics of the earliest members of this clade using 3D-imaging technologies.	2024	10.1002/ar.25394	38444024			https://pubmed.ncbi.nlm.nih.gov/38444024/
pubmed	Q16	homoplasy	38747833	publication	Leaf anatomy of seven endemic species of Glicophyllum (Malpighiaceae) in Brazil.	2024	10.1590/0001-3765202420230207	38747833			https://pubmed.ncbi.nlm.nih.gov/38747833/
pubmed	Q16	homoplasy	38822209	publication	Comparative analysis of the processes involved in the loss of elaiophores in two species of the christianelloid clade (Malpighiaceae).	2024	10.1007/s00709-024-01960-z	38822209			https://pubmed.ncbi.nlm.nih.gov/38822209/
pubmed	Q16	homoplasy	38912803	publication	Towards Reliable Detection of Introgression in the Presence of Among-Species Rate Variation.	2024	10.1093/sysbio/syae028	38912803			https://pubmed.ncbi.nlm.nih.gov/38912803/
pubmed	Q16	homoplasy	39132669	publication	Phylogenetic signatures reveal multilevel selection and fitness costs in SARS-CoV-2.	2024	10.12688/wellcomeopenres.20704.2	39132669			https://pubmed.ncbi.nlm.nih.gov/39132669/
pubmed	Q16	homoplasy	39409726	publication	Sturnidae sensu lato Mitogenomics: Novel Insights into Codon Aversion, Selection, and Phylogeny.	2024	10.3390/ani14192777	39409726			https://pubmed.ncbi.nlm.nih.gov/39409726/
pubmed	Q16	homoplasy	39414099	publication	Genome-wide species delimitation and quantification of the extent of introgression in eriophyoid mite Epitrimerus sabinae complex (Acariformes: Eriophyoidea).	2024	10.1016/j.ympev.2024.108220	39414099			https://pubmed.ncbi.nlm.nih.gov/39414099/
pubmed	Q16	homoplasy	39474076	publication	Smiling underwater: Exploring playful signals and rapid mimicry in bottlenose dolphins.	2024	10.1016/j.isci.2024.110966	39474076			https://pubmed.ncbi.nlm.nih.gov/39474076/
pubmed	Q16	homoplasy	39564165	publication	Major depressive disorder is associated with mitochondrial ND6 T14502C mutation in two Han Chinese families.	2024	10.5498/wjp.v14.i11.1746	39564165			https://pubmed.ncbi.nlm.nih.gov/39564165/
pubmed	Q16	homoplasy	39590695	publication	Three New Species and Five New Host Records from Chaetomiaceae with Anti-Phytopathogenic Potential from Cover Crops Astragalus sinicus and Vicia villosa.	2024	10.3390/jof10110776	39590695			https://pubmed.ncbi.nlm.nih.gov/39590695/
pubmed	Q16	homoplasy	39646233	publication	Devonian Harpetidae from the central and eastern Anti-Atlas, Morocco.	2024	10.11646/zootaxa.5450.1.1	39646233			https://pubmed.ncbi.nlm.nih.gov/39646233/
pubmed	Q16	homoplasy	39660404	publication	Body size and evolutionary rate analyses reveal complex evolutionary history of Alvarezsauria.	2025	10.1111/cla.12600	39660404			https://pubmed.ncbi.nlm.nih.gov/39660404/
pubmed	Q16	homoplasy	39776895	publication	The Association of Mitochondrial tRNA(Cys) G5783A Mutation with Major Depressive Disorder in Two Han Chinese Families.	2025	10.2147/ndt.s465744	39776895			https://pubmed.ncbi.nlm.nih.gov/39776895/
pubmed	Q16	homoplasy	39798631	publication	Generic delimitation in the Cyphotheca-Plagiopetalum-Sporoxeia clade.	2025	10.1016/j.ympev.2025.108290	39798631			https://pubmed.ncbi.nlm.nih.gov/39798631/
pubmed	Q16	homoplasy	39842710	publication	A systematic review of the genus Tyzzeria Allen, 1936 (Chromista: Apicomplexa), including the molecular phylogenetic position of Tyzzeria parvula (Kotlán, 1933) Klimeš, 1963.	2025	10.1016/j.parint.2025.103037	39842710			https://pubmed.ncbi.nlm.nih.gov/39842710/
pubmed	Q16	homoplasy	39896455	publication	A phylogenetic method identifies candidate drivers of the evolution of the SARS-CoV-2 mutation spectrum.	2025	10.1101/2025.01.17.633662	39896455			https://pubmed.ncbi.nlm.nih.gov/39896455/
pubmed	Q16	homoplasy	40093758	publication	﻿Novel genus and species of Diaporthostomataceae (Diaporthales) in China.	2025	10.3897/imafungus.16.145422	40093758			https://pubmed.ncbi.nlm.nih.gov/40093758/
pubmed	Q16	homoplasy	40100755	publication	A Phylogenetic Method Identifies Candidate Drivers of the Evolution of the SARS-CoV-2 Mutation Spectrum.	2025	10.1093/molbev/msaf059	40100755			https://pubmed.ncbi.nlm.nih.gov/40100755/
pubmed	Q16	homoplasy	40104159	publication	﻿Unveiling fungal diversity associated with coffee trees in China using a polyphasic approach and a global review of coffee saprobic fungi.	2025	10.3897/imafungus.16.144874	40104159			https://pubmed.ncbi.nlm.nih.gov/40104159/
pubmed	Q16	homoplasy	40173784	publication	Three Novel Species of Earthworms of Genus Metaphire Sims and Easton, 1972 from Manipur, India.	2025	10.11646/zootaxa.5589.1.14	40173784			https://pubmed.ncbi.nlm.nih.gov/40173784/
pubmed	Q16	homoplasy	40334434	publication	A phylogenetic perspective on the evolution of early hominin foot morphology.	2025	10.1016/j.jhevol.2025.103682	40334434			https://pubmed.ncbi.nlm.nih.gov/40334434/
pubmed	Q16	homoplasy	40459610	publication	Mitogenomic evidence for the monophyly of blackcurrant gall mite subfamily Cecidophyinae (Eriophyoidea, Eriophyidae).	2025	10.1007/s10493-025-01027-5	40459610			https://pubmed.ncbi.nlm.nih.gov/40459610/
pubmed	Q16	homoplasy	40508081	publication	High Molecular Diversity of Mycobacterium avium subsp. paratuberculosis in Germany Revealed by Multitarget Genotyping.	2025	10.3390/ijms26115273	40508081			https://pubmed.ncbi.nlm.nih.gov/40508081/
pubmed	Q16	homoplasy	40512540	publication	Morphological and phylogenetic analyses reveal Conidiobolus longivillosus sp. nov., a new cryptic species with long villose conidia in the Conidiobolus coronatus species complex.	2025	10.1099/ijsem.0.006808	40512540			https://pubmed.ncbi.nlm.nih.gov/40512540/
pubmed	Q16	homoplasy	40775299	publication	Plastome phylogenomics of the diverse neotropical orchid genus Lepanthes with emphasis on subgenus Marsipanthes (Pleurothallidinae: Orchidaceae).	2025	10.1186/s12862-025-02396-6	40775299			https://pubmed.ncbi.nlm.nih.gov/40775299/
pubmed	Q16	homoplasy	40870625	publication	Four New Species of Haplocauda, with Notes on the Evolutionary Convergence of Copulation Clamps in Lucidotini (Coleoptera: Lampyridae: Lampyrinae).	2025	10.3390/insects16080824	40870625			https://pubmed.ncbi.nlm.nih.gov/40870625/
pubmed	Q16	homoplasy	40917309	publication	Toward a Comprehensive Anatomical Matrix for Crown Birds: Phylogenetic Insights from the Pectoral Girdle and Forelimb Skeleton.	2025	10.1093/iob/obaf029	40917309			https://pubmed.ncbi.nlm.nih.gov/40917309/
pubmed	Q16	homoplasy	40938972	publication	Whole genome sequencing of Yersinia pestis isolates from Central Asian natural plague foci revealed the role of adaptation to different hosts and environmental conditions in shaping specific genotypes.	2025	10.1371/journal.pntd.0013533	40938972			https://pubmed.ncbi.nlm.nih.gov/40938972/
pubmed	Q16	homoplasy	41061913	publication	Phylogenomics insights into the evolution of pronotal leaf mimicry in Hierodulinae (Mantodea: Mantidae).	2026	10.1016/j.ympev.2025.108475	41061913			https://pubmed.ncbi.nlm.nih.gov/41061913/
pubmed	Q16	homoplasy	41143268	publication	Dataset on some chloroplast DNA regions of Strobilanthes bantonensis Lindau in Vietnam.	2025	10.1016/j.dib.2025.111932	41143268			https://pubmed.ncbi.nlm.nih.gov/41143268/
pubmed	Q16	homoplasy	41327839	publication	Species diversity of Diaporthe on mangroves: Taxonomic novelties, pathogenic associations, and phylogenetic reassessment of endophytes.	2026	10.1080/00275514.2025.2550907	41327839			https://pubmed.ncbi.nlm.nih.gov/41327839/
pubmed	Q16	homoplasy	41663576	publication	Rate variation and recurrent sequence errors in pandemic-scale phylogenetics.	2026	10.1038/s41592-025-02932-8	41663576			https://pubmed.ncbi.nlm.nih.gov/41663576/
pubmed	Q16	homoplasy	41751550	publication	Phylogenetic Reconstructions Based on Mitogenomes Reveal the Paraphyly of the Subfamily Isotominae of Isotomidae (Collembola: Entomobryomorpha).	2026	10.3390/genes17020166	41751550			https://pubmed.ncbi.nlm.nih.gov/41751550/
pubmed	Q16	homoplasy	41757250	publication	Reappraisal of the phylogenetic relationships of hirsutella-like fungi across Ophiocordycipitaceae and Polycephalomycetaceae (Hypocreales, Sordariomycetes), and the description of seven new species.	2026	10.3897/imafungus.17.171084	41757250			https://pubmed.ncbi.nlm.nih.gov/41757250/
pubmed	Q16	homoplasy	41811160	publication	Rust fungi (Pucciniales, Basidiomycota) of the Brazilian Cerrado: Taxonomic advances and new taxa in a threatened biome.	2026	10.1080/00275514.2025.2607811	41811160			https://pubmed.ncbi.nlm.nih.gov/41811160/
pubmed	Q16	homoplasy	41888659	publication	Comparative phylotranscriptomics of four sympatric tetrigids provides implications for convergent evolution and morphological discordance.	2026	10.1186/s12864-026-12789-6	41888659			https://pubmed.ncbi.nlm.nih.gov/41888659/
pubmed	Q16	homoplasy	41901384	publication	Applying Target Capture Sequencing to Unravel the Anthurium Section Pachyneurium (Araceae), with Emphasis on Brazilian Species.	2026	10.3390/plants15060866	41901384			https://pubmed.ncbi.nlm.nih.gov/41901384/
pubmed	Q16	homoplasy	42116720	publication	Expanded Genomic Surveillance and Seasonal Comparisons of Human Respiratory Syncytial Virus Infections in Minnesota, USA, 2023-2025.	2026	10.1111/irv.70257	42116720			https://pubmed.ncbi.nlm.nih.gov/42116720/
pubmed	Q16	homoplasy	42183159	publication	Morphological and molecular identification of three new bamboo-inhabiting species of Nigrochaete (Auriculariales, Basidiomycota) from China.	2026	10.3897/mycokeys.132.184839	42183159			https://pubmed.ncbi.nlm.nih.gov/42183159/
pubmed	Q16	homoplasy	42291507	publication	Cladosporium from caves of the Brazilian savannah (Cerrado) and the description of six new species.	2026	10.3897/imafungus.17.191673	42291507			https://pubmed.ncbi.nlm.nih.gov/42291507/
pubmed	Q16	homoplasy	42489722	publication	Mitochondrial tRNA(Gly) A10055G mutation contributes to non-syndromic hearing loss: a study of three Han Chinese pedigrees.	2026	10.1080/24701394.2026.2706011	42489722			https://pubmed.ncbi.nlm.nih.gov/42489722/
pubmed	Q16	homoplasy	42500979	publication	Phylogeny of the subtribe Asterinae (Asteraceae: Astereae): new circumscription for Asterinae and Aster and implications for pappus evolution.	2026	10.1093/aob/mcag225	42500979			https://pubmed.ncbi.nlm.nih.gov/42500979/
pubmed	Q16	homoplasy	42538904	publication	Statistical Inconsistency of Error-correction Objectives for Perfect Phylogenies.	2026	10.64898/2026.07.20.739615	42538904			https://pubmed.ncbi.nlm.nih.gov/42538904/
pubmed	Q16	homoplasy	42545981	publication	Systematics of giant neotropical fireflies and their kin (Lampyridae: Lampyrinae).	2026	10.1371/journal.pone.0354465	42545981			https://pubmed.ncbi.nlm.nih.gov/42545981/
pubmed	Q16	homoplasy	42582557	publication	Unexpected diversity of flower-associated Aureobasidium reveals sixteen novel species from northern Thailand.	2026	10.3897/imafungus.17.188009	42582557			https://pubmed.ncbi.nlm.nih.gov/42582557/
pubmed	Q16	homoplasy	42712934	publication	Inflorescence architecture and development in the megadiverse Eugenia (Myrteae, Myrtaceae): an evolutionary perspective.	2026	10.1093/aobpla/plag037	42712934			https://pubmed.ncbi.nlm.nih.gov/42712934/
pubmed	Q16	homoplasy	42756017	publication	Comparative genomics, phylogenomic reconstruction and divergence time analysis of 32 Delphinium species based on complete chloroplast genomes.	2026	10.3389/fpls.2026.1925719	42756017			https://pubmed.ncbi.nlm.nih.gov/42756017/
pubmed	Q16	homoplasy	7882153	publication	[Molecular phylogenies and nucleotide insertion-deletion].	1994		7882153			https://pubmed.ncbi.nlm.nih.gov/7882153/
pubmed	Q16	homoplasy	8355599	publication	Mitochondrial phylogeny of the endemic mouthbrooding lineages of cichlid fishes from Lake Tanganyika in eastern Africa.	1993	10.1093/oxfordjournals.molbev.a040042	8355599			https://pubmed.ncbi.nlm.nih.gov/8355599/
pubmed	Q16	homoplasy	8865663	publication	Character congruence and phylogenetic signal in molecular and morphological data sets: a case study in the living Iguanas (Squamata, Iguanidae).	1996	10.1093/oxfordjournals.molbev.a025671	8865663			https://pubmed.ncbi.nlm.nih.gov/8865663/
pubmed	Q16	homoplasy	8867842	publication	Improving the analysis of phylogenetic data.	1996	10.1016/s0097-8485(96)80008-8	8867842			https://pubmed.ncbi.nlm.nih.gov/8867842/
pubmed	Q16	homoplasy	8978067	publication	Effects of character weighting and species sampling on phylogeny reconstruction: a case study based on DNA sequence data in cetaceans.	1996	10.1093/genetics/144.4.1817	8978067			https://pubmed.ncbi.nlm.nih.gov/8978067/
pubmed	Q16	homoplasy	9023989	publication	Substitution rate variation in closely related rodent species.	1997	10.1038/hdy.1997.3	9023989			https://pubmed.ncbi.nlm.nih.gov/9023989/
pubmed	Q16	homoplasy	9060400	publication	Microsatellite allelic homoplasy due to variable flanking sequences.	1997	10.1007/pl00006151	9060400			https://pubmed.ncbi.nlm.nih.gov/9060400/
pubmed	Q16	homoplasy	9115176	publication	Analysis of ribosomal RNA genes suggests that trypanosomes are monophyletic.	1997	10.1007/pl00006176	9115176			https://pubmed.ncbi.nlm.nih.gov/9115176/
pubmed	Q16	homoplasy	9664695	publication	Variation of microsatellite size homoplasy across electromorphs, loci, and populations in three invertebrate species.	1998	10.1007/pl00006361	9664695			https://pubmed.ncbi.nlm.nih.gov/9664695/
pubmed	Q16	homoplasy	9718727	publication	Patterns of molecular evolution in avian microsatellites.	1998	10.1093/oxfordjournals.molbev.a026015	9718727			https://pubmed.ncbi.nlm.nih.gov/9718727/
pubmed	Q16	homoplasy	9787219	publication	Crustacean-insect relationships: the use of brain characters to derive phylogeny amongst segmented invertebrates.	1998	10.1159/000006563	9787219			https://pubmed.ncbi.nlm.nih.gov/9787219/
pubmed	Q16	homoplasy	9878233	publication	Ribosomal DNA and phylogeny of the Ascaridoidea (Nemata: Secernentea): implications for morphological evolution and classification.	1998	10.1006/mpev.1998.0514	9878233			https://pubmed.ncbi.nlm.nih.gov/9878233/
pubmed	Q17	homoplasy	11032788	publication	Tracing European founder lineages in the Near Eastern mtDNA pool.	2000		11032788			https://pubmed.ncbi.nlm.nih.gov/11032788/
pubmed	Q17	homoplasy	12787657	publication	Mitochondrial profiling of dog hairs.	2003	10.1016/s0379-0738(03)00076-8	12787657			https://pubmed.ncbi.nlm.nih.gov/12787657/
pubmed	Q17	homoplasy	16172508	publication	The role of selection in the evolution of human mitochondrial genomes.	2006	10.1534/genetics.105.043901	16172508			https://pubmed.ncbi.nlm.nih.gov/16172508/
pubmed	Q17	homoplasy	18047426	publication	A decomposition theory for phylogenetic networks and incompatible characters.	2007	10.1089/cmb.2006.0137	18047426			https://pubmed.ncbi.nlm.nih.gov/18047426/
pubmed	Q17	homoplasy	23405914	publication	AMY-tree: an algorithm to use whole genome SNP calling for Y chromosomal phylogenetic applications.	2013	10.1186/1471-2164-14-101	23405914			https://pubmed.ncbi.nlm.nih.gov/23405914/
pubmed	Q17	homoplasy	35106601	publication	Ongoing Recombination in SARS-CoV-2 Revealed through Genealogical Reconstruction.	2022	10.1093/molbev/msac028	35106601			https://pubmed.ncbi.nlm.nih.gov/35106601/
