candidate_fraction_numerator	candidate_fraction_denominator	candidate_review_fraction	reviewed_record_count	pooled_review_fraction	minimum_batch_recall	median_batch_recall	unweighted_mean_batch_recall	pooled_development_recall	unweighted_mean_batch_precision
0	1	0	0	0	0	0	0	0	
1	500	0.002	9	0.0021479713603818618	0	0.14285714285714285	0.13728447708547209	0.047619047619047616	0.88888888888888884
1	499	0.002004008016032064	10	0.0023866348448687352	0	0.14285714285714285	0.13728447708547209	0.047619047619047616	0.88888888888888884
1	497	0.002012072434607646	11	0.0026252983293556086	0	0.14285714285714285	0.15580299560399063	0.053571428571428568	0.88888888888888884
1	491	0.0020366598778004071	12	0.0028639618138424821	0	0.14285714285714285	0.19284003264102767	0.059523809523809521	0.88888888888888884
1	475	0.0021052631578947368	13	0.0031026252983293555	0	0.16666666666666666	0.20395114375213877	0.065476190476190479	0.88888888888888884
1	471	0.0021231422505307855	14	0.0033412887828162289	0	0.16666666666666666	0.22617336597436097	0.071428571428571425	0.88888888888888884
1	454	0.0022026431718061676	15	0.0035799522673031028	0	0.20000000000000001	0.23851904498670665	0.077380952380952384	0.88888888888888884
1	423	0.0023640661938534278	16	0.0038186157517899762	0	0.20000000000000001	0.24017741977940985	0.083333333333333329	0.88888888888888884
1	380	0.002631578947368421	17	0.0040572792362768492	0	0.22222222222222221	0.25869593829792836	0.089285714285714288	0.88888888888888884
1	250	0.0040000000000000001	18	0.0042959427207637235	0	0.2857142857142857	0.27456895417094418	0.095238095238095233	0.88888888888888884
2	499	0.0040080160320641279	19	0.004534606205250597	0	0.2857142857142857	0.27456895417094418	0.095238095238095233	0.88888888888888884
2	497	0.0040241448692152921	20	0.0047732696897374704	0	0.2857142857142857	0.29308747268946278	0.10119047619047619	0.88888888888888884
2	491	0.0040733197556008143	21	0.0050119331742243438	0	0.2857142857142857	0.29308747268946278	0.10119047619047619	0.85185185185185186
2	475	0.0042105263157894736	22	0.0052505966587112173	0	0.29999999999999999	0.30419858380057385	0.10714285714285714	0.85185185185185186
2	471	0.004246284501061571	23	0.0054892601431980907	0	0.29999999999999999	0.32642080602279605	0.1130952380952381	0.85185185185185186
1	227	0.0044052863436123352	24	0.0057279236276849641	0	0.33333333333333331	0.33876648503514173	0.11904761904761904	0.85185185185185186
2	423	0.0047281323877068557	25	0.0059665871121718375	0	0.33333333333333331	0.34042485982784487	0.125	0.85185185185185186
1	190	0.005263157894736842	26	0.006205250596658711	0	0.33333333333333331	0.34042485982784487	0.125	0.81481481481481477
3	500	0.0060000000000000001	27	0.0064439140811455844	0	0.33333333333333331	0.35629787570086074	0.13095238095238096	0.81481481481481477
3	499	0.0060120240480961923	28	0.0066825775656324578	0	0.33333333333333331	0.35629787570086074	0.13095238095238096	0.81481481481481477
3	497	0.0060362173038229373	29	0.0069212410501193321	0	0.33333333333333331	0.35629787570086074	0.13095238095238096	0.78703703703703698
3	491	0.0061099796334012219	30	0.0071599045346062056	0	0.33333333333333331	0.35629787570086074	0.13095238095238096	0.7685185185185186
3	475	0.0063157894736842104	31	0.007398568019093079	0	0.40000000000000002	0.36740898681197187	0.13690476190476192	0.7685185185185186
1	157	0.006369426751592357	32	0.0076372315035799524	0	0.40000000000000002	0.36740898681197187	0.13690476190476192	0.74074074074074081
3	454	0.0066079295154185024	33	0.0078758949880668259	0	0.42857142857142855	0.37975466582431755	0.14285714285714285	0.74074074074074081
1	141	0.0070921985815602835	34	0.0081145584725536984	0	0.42857142857142855	0.38141304061702069	0.14880952380952381	0.74074074074074081
3	380	0.0078947368421052634	35	0.0083532219570405727	0	0.42857142857142855	0.38141304061702069	0.14880952380952381	0.72222222222222221
1	125	0.0080000000000000002	36	0.008591885441527447	0	0.44444444444444442	0.39728605649003657	0.15476190476190477	0.72222222222222221
4	499	0.0080160320641282558	37	0.0088305489260143196	0.018181818181818181	0.44444444444444442	0.3993062585102386	0.16071428571428573	0.74444444444444446
4	497	0.0080482897384305842	38	0.0090692124105011939	0.018181818181818181	0.44444444444444442	0.3993062585102386	0.16071428571428573	0.72777777777777775
4	491	0.0081466395112016286	39	0.0093078758949880665	0.018181818181818181	0.44444444444444442	0.3993062585102386	0.16071428571428573	0.71666666666666667
4	475	0.0084210526315789472	40	0.0095465393794749408	0.018181818181818181	0.44444444444444442	0.3993062585102386	0.16071428571428573	0.69444444444444442
4	471	0.0084925690021231421	41	0.0097852028639618133	0.018181818181818181	0.44444444444444442	0.4215284807324608	0.16666666666666666	0.69999999999999996
2	227	0.0088105726872246704	42	0.010023866348448688	0.018181818181818181	0.44444444444444442	0.4215284807324608	0.16666666666666666	0.67777777777777781
4	423	0.0094562647754137114	43	0.01026252983293556	0.018181818181818181	0.44444444444444442	0.423186855525164	0.17261904761904762	0.67777777777777781
1	100	0.01	44	0.010501193317422435	0.018181818181818181	0.5	0.44170537404368249	0.17857142857142858	0.68888888888888888
5	499	0.01002004008016032	45	0.010739856801909307	0.036363636363636362	0.5	0.44372557606388452	0.18452380952380953	0.70370370370370372
5	497	0.010060362173038229	46	0.010978520286396181	0.036363636363636362	0.5	0.44372557606388452	0.18452380952380953	0.69259259259259265
5	491	0.010183299389002037	47	0.011217183770883056	0.036363636363636362	0.5	0.44372557606388452	0.18452380952380953	0.68518518518518523
1	95	0.010526315789473684	48	0.011455847255369928	0.036363636363636362	0.5	0.45483668717499565	0.19047619047619047	0.68888888888888888
5	471	0.010615711252653927	50	0.011933174224343675	0.036363636363636362	0.5	0.47070970304801146	0.19642857142857142	0.67407407407407405
5	454	0.011013215859030838	51	0.012171837708830549	0.036363636363636362	0.5	0.4830553820603572	0.20238095238095238	0.6777777777777777
5	423	0.011820330969267139	52	0.012410501193317422	0.036363636363636362	0.5	0.48471375685306028	0.20833333333333334	0.6777777777777777
3	250	0.012	53	0.012649164677804296	0.036363636363636362	0.5	0.48471375685306028	0.20833333333333334	0.66666666666666663
6	499	0.012024048096192385	54	0.012887828162291169	0.054545454545454543	0.5	0.48673395887326237	0.21428571428571427	0.67724867724867721
6	497	0.012072434607645875	55	0.013126491646778043	0.054545454545454543	0.5	0.48673395887326237	0.21428571428571427	0.6693121693121693
6	491	0.012219959266802444	56	0.013365155131264916	0.054545454545454543	0.5	0.48673395887326237	0.21428571428571427	0.66402116402116407
6	475	0.012631578947368421	57	0.01360381861575179	0.054545454545454543	0.5	0.48673395887326237	0.21428571428571427	0.6507936507936507
2	157	0.012738853503184714	58	0.013842482100238664	0.054545454545454543	0.5	0.48673395887326237	0.21428571428571427	0.64021164021164023
1	76	0.013157894736842105	59	0.014081145584725537	0.054545454545454543	0.5	0.48673395887326237	0.21428571428571427	0.62698412698412698
3	227	0.013215859030837005	60	0.014319809069212411	0.054545454545454543	0.5	0.50260697474627825	0.22023809523809523	0.62698412698412698
7	500	0.014	61	0.014558472553699284	0.054545454545454543	0.5	0.50426534953898139	0.22619047619047619	0.62698412698412698
7	499	0.014028056112224449	62	0.014797136038186158	0.072727272727272724	0.5	0.50628555155918342	0.23214285714285715	0.63492063492063489
1	71	0.014084507042253521	63	0.015035799522673031	0.072727272727272724	0.5	0.50628555155918342	0.23214285714285715	0.62896825396825395
2	141	0.014184397163120567	64	0.015274463007159905	0.072727272727272724	0.5	0.50628555155918342	0.23214285714285715	0.625
7	491	0.014256619144602852	65	0.015513126491646777	0.072727272727272724	0.5	0.50628555155918342	0.23214285714285715	0.61706349206349209
7	475	0.014736842105263158	66	0.015751789976133652	0.072727272727272724	0.5	0.50628555155918342	0.23214285714285715	0.60714285714285721
7	471	0.014861995753715499	67	0.015990453460620526	0.072727272727272724	0.5	0.50628555155918342	0.23214285714285715	0.5992063492063493
7	454	0.015418502202643172	68	0.016229116945107397	0.072727272727272724	0.5	0.50628555155918342	0.23214285714285715	0.5892857142857143
3	190	0.015789473684210527	69	0.016467780429594271	0.072727272727272724	0.5	0.50794392635188657	0.23809523809523808	0.5892857142857143
2	125	0.016	70	0.016706443914081145	0.072727272727272724	0.5	0.50794392635188657	0.23809523809523808	0.57341269841269837
8	499	0.016032064128256512	71	0.01694510739856802	0.090909090909090912	0.5	0.5099641283720886	0.24404761904761904	0.57958553791887124
8	497	0.016096579476861168	72	0.017183770883054894	0.090909090909090912	0.55555555555555558	0.52848264689060709	0.25	0.58730158730158732
8	491	0.016293279022403257	73	0.017422434367541765	0.090909090909090912	0.55555555555555558	0.52848264689060709	0.25	0.58421516754850089
7	423	0.016548463356973995	74	0.017661097852028639	0.090909090909090912	0.55555555555555558	0.52848264689060709	0.25	0.57649911816578481
8	475	0.016842105263157894	75	0.017899761336515514	0.090909090909090912	0.55555555555555558	0.52848264689060709	0.25	0.57054673721340388
8	471	0.016985138004246284	76	0.018138424821002388	0.090909090909090912	0.55555555555555558	0.52848264689060709	0.25	0.56437389770723101
4	227	0.017621145374449341	77	0.018377088305489259	0.090909090909090912	0.55555555555555558	0.52848264689060709	0.25	0.55665784832451493
9	500	0.017999999999999999	78	0.018615751789976133	0.090909090909090912	0.55555555555555558	0.53014102168331023	0.25595238095238093	0.55665784832451493
9	499	0.018036072144288578	79	0.018854415274463007	0.10909090909090909	0.55555555555555558	0.53216122370351227	0.26190476190476192	0.56159611992945324
9	497	0.018108651911468814	80	0.019093078758949882	0.10909090909090909	0.55555555555555558	0.53216122370351227	0.26190476190476192	0.55665784832451493
9	491	0.018329938900203666	81	0.019331742243436756	0.10909090909090909	0.55555555555555558	0.53216122370351227	0.26190476190476192	0.55418871252204582
7	380	0.018421052631578946	82	0.019570405727923627	0.10909090909090909	0.55555555555555558	0.53216122370351227	0.26190476190476192	0.54801587301587296
8	423	0.018912529550827423	83	0.019809069212410501	0.10909090909090909	0.55555555555555558	0.53216122370351227	0.26190476190476192	0.53611111111111109
9	475	0.018947368421052633	84	0.020047732696897375	0.10909090909090909	0.55555555555555558	0.53216122370351227	0.26190476190476192	0.53148148148148144
3	157	0.019108280254777069	85	0.02028639618138425	0.10909090909090909	0.55555555555555558	0.53216122370351227	0.26190476190476192	0.52654320987654324
9	454	0.019823788546255508	86	0.02052505966587112	0.10909090909090909	0.55555555555555558	0.53216122370351227	0.26190476190476192	0.52037037037037037
1	50	0.02	87	0.020763723150357995	0.10909090909090909	0.55555555555555558	0.53381959849621541	0.26785714285714285	0.52037037037037037
10	499	0.02004008016032064	88	0.021002386634844869	0.12727272727272726	0.55555555555555558	0.53583980051641733	0.27380952380952384	0.52441077441077444
10	497	0.020120724346076459	89	0.021241050119331743	0.12727272727272726	0.55555555555555558	0.53583980051641733	0.27380952380952384	0.52037037037037037
10	491	0.020366598778004074	90	0.021479713603818614	0.12727272727272726	0.55555555555555558	0.57287683755345453	0.27976190476190477	0.52845117845117839
2	95	0.021052631578947368	91	0.021718377088305488	0.12727272727272726	0.55555555555555558	0.57287683755345453	0.27976190476190477	0.52340067340067342
10	471	0.021231422505307854	93	0.022195704057279237	0.12727272727272726	0.55555555555555558	0.57287683755345453	0.27976190476190477	0.51010101010101006
1	47	0.021276595744680851	94	0.022434367541766111	0.12727272727272726	0.55555555555555558	0.57287683755345453	0.27976190476190477	0.50505050505050497
11	500	0.021999999999999999	95	0.022673031026252982	0.12727272727272726	0.55555555555555558	0.57287683755345453	0.27976190476190477	0.50134680134680132
5	227	0.022026431718061675	96	0.022911694510739856	0.14545454545454545	0.55555555555555558	0.57489703957365645	0.2857142857142857	0.50471380471380467
11	499	0.022044088176352707	97	0.023150357995226731	0.14545454545454545	0.55555555555555558	0.5765554143663596	0.29166666666666669	0.50471380471380467
11	497	0.022132796780684104	98	0.023389021479713605	0.14545454545454545	0.55555555555555558	0.5765554143663596	0.29166666666666669	0.50134680134680132
11	491	0.022403258655804479	99	0.023627684964200476	0.14545454545454545	0.55555555555555558	0.5765554143663596	0.29166666666666669	0.49882154882154883
11	475	0.023157894736842106	100	0.02386634844868735	0.14545454545454545	0.59999999999999998	0.58766652547747078	0.29761904761904762	0.50387205387205392
11	471	0.023354564755838639	101	0.024105011933174224	0.14545454545454545	0.59999999999999998	0.58766652547747078	0.29761904761904762	0.50050505050505045
10	423	0.023640661938534278	102	0.024343675417661099	0.14545454545454545	0.66666666666666663	0.6000122044898164	0.30357142857142855	0.50555555555555554
9	380	0.02368421052631579	103	0.02458233890214797	0.14545454545454545	0.66666666666666663	0.6000122044898164	0.30357142857142855	0.50252525252525249
3	125	0.024	104	0.024821002386634844	0.14545454545454545	0.66666666666666663	0.6000122044898164	0.30357142857142855	0.49511784511784512
12	499	0.024048096192384769	105	0.025059665871121718	0.14545454545454545	0.66666666666666663	0.6000122044898164	0.30357142857142855	0.48941983941983946
12	497	0.024144869215291749	106	0.025298329355608593	0.14545454545454545	0.66666666666666663	0.6000122044898164	0.30357142857142855	0.48657083657083661
11	454	0.024229074889867842	107	0.025536992840095467	0.14545454545454545	0.66666666666666663	0.6000122044898164	0.30357142857142855	0.48443408443408448
12	491	0.024439918533604887	108	0.025775656324582338	0.14545454545454545	0.66666666666666663	0.60167057928251966	0.30952380952380953	0.48443408443408448
12	475	0.025263157894736842	109	0.026014319809069212	0.14545454545454545	0.66666666666666663	0.60167057928251966	0.30952380952380953	0.48016058016058022
4	157	0.025477707006369428	110	0.026252983293556086	0.14545454545454545	0.66666666666666663	0.60167057928251966	0.30952380952380953	0.47731157731157725
13	500	0.025999999999999999	111	0.026491646778042961	0.14545454545454545	0.66666666666666663	0.60167057928251966	0.30952380952380953	0.47303807303807299
11	423	0.026004728132387706	112	0.026730310262529831	0.16363636363636364	0.66666666666666663	0.60369078130272158	0.31547619047619047	0.47609057609057603
13	499	0.026052104208416832	113	0.026968973747016706	0.16363636363636364	0.66666666666666663	0.60369078130272158	0.31547619047619047	0.47356532356532355
13	497	0.026156941649899398	114	0.02720763723150358	0.16363636363636364	0.66666666666666663	0.60369078130272158	0.31547619047619047	0.47112332112332111
1	38	0.026315789473684209	115	0.027446300715990454	0.16363636363636364	0.66666666666666663	0.60369078130272158	0.31547619047619047	0.46929181929181929
6	227	0.02643171806167401	116	0.027684964200477329	0.16363636363636364	0.66666666666666663	0.61956379717573751	0.32142857142857145	0.4733322233322233
13	491	0.026476578411405296	117	0.027923627684964199	0.16363636363636364	0.66666666666666663	0.62122217196844065	0.32738095238095238	0.4733322233322233
13	475	0.02736842105263158	118	0.028162291169451074	0.16363636363636364	0.66666666666666663	0.62122217196844065	0.32738095238095238	0.46966921966921965
13	471	0.027600849256900213	119	0.028400954653937948	0.16363636363636364	0.66666666666666663	0.62122217196844065	0.32738095238095238	0.46722721722721722
7	250	0.028000000000000001	120	0.028639618138424822	0.16363636363636364	0.66666666666666663	0.62122217196844065	0.32738095238095238	0.46356421356421357
14	499	0.028056112224448898	121	0.028878281622911693	0.16363636363636364	0.66666666666666663	0.62122217196844065	0.32738095238095238	0.45880230880230877
2	71	0.028169014084507043	122	0.029116945107398567	0.16363636363636364	0.66666666666666663	0.62122217196844065	0.32738095238095238	0.45668590668590664
4	141	0.028368794326241134	123	0.029355608591885442	0.16363636363636364	0.66666666666666663	0.62122217196844065	0.32738095238095238	0.45509860509860506
14	491	0.028513238289205704	124	0.029594272076372316	0.16363636363636364	0.66666666666666663	0.62122217196844065	0.32738095238095238	0.45296185296185293
13	454	0.028634361233480177	125	0.029832935560859187	0.16363636363636364	0.66666666666666663	0.62122217196844065	0.32738095238095238	0.44978724978724977
11	380	0.028947368421052631	126	0.030071599045346061	0.16363636363636364	0.66666666666666663	0.62288054676114379	0.33333333333333331	0.44978724978724977
14	475	0.029473684210526315	127	0.030310262529832935	0.16363636363636364	0.66666666666666663	0.62288054676114379	0.33333333333333331	0.44389499389499387
14	471	0.029723991507430998	128	0.03054892601431981	0.16363636363636364	0.66666666666666663	0.64510276898336594	0.3392857142857143	0.44918599918599916
3	100	0.029999999999999999	129	0.030787589498806684	0.16363636363636364	0.66666666666666663	0.65744844799571167	0.34523809523809523	0.45341880341880336
15	499	0.030060120240480961	130	0.031026252983293555	0.16363636363636364	0.66666666666666663	0.65744844799571167	0.34523809523809523	0.44925213675213677
15	497	0.030181086519114688	131	0.031264916467780429	0.16363636363636364	0.66666666666666663	0.65744844799571167	0.34523809523809523	0.44740028490028494
15	491	0.030549898167006109	132	0.031503579952267304	0.16363636363636364	0.66666666666666663	0.65744844799571167	0.34523809523809523	0.446011396011396
13	423	0.030732860520094562	133	0.031742243436754178	0.16363636363636364	0.66666666666666663	0.65744844799571167	0.34523809523809523	0.44323361823361823
7	227	0.030837004405286344	134	0.031980906921241052	0.16363636363636364	0.66666666666666663	0.65744844799571167	0.34523809523809523	0.44140211640211641
3	95	0.031578947368421054	135	0.032219570405727926	0.16363636363636364	0.66666666666666663	0.65910682278841481	0.35119047619047616	0.44140211640211641
5	157	0.031847133757961783	137	0.032696897374701668	0.16363636363636364	0.66666666666666663	0.65910682278841481	0.35119047619047616	0.4341015466015466
4	125	0.032000000000000001	138	0.032935560859188542	0.16363636363636364	0.66666666666666663	0.65910682278841481	0.35119047619047616	0.43086080586080588
16	499	0.032064128256513023	139	0.033174224343675417	0.18181818181818182	0.66666666666666663	0.66112702480861685	0.35714285714285715	0.43372028298498888
16	497	0.032193158953722337	140	0.033412887828162291	0.18181818181818182	0.66666666666666663	0.66112702480861685	0.35714285714285715	0.43208629605688431
16	491	0.032586558044806514	141	0.033651551312649165	0.18181818181818182	0.66666666666666663	0.66112702480861685	0.35714285714285715	0.43086080586080588
15	454	0.033039647577092511	142	0.03389021479713604	0.18181818181818182	0.69999999999999996	0.67223813591972792	0.36309523809523808	0.43494577318106731
14	423	0.03309692671394799	143	0.034128878281622914	0.18181818181818182	0.69999999999999996	0.67389651071243106	0.36904761904761907	0.43494577318106731
16	475	0.033684210526315789	144	0.034367541766109788	0.18181818181818182	0.69999999999999996	0.69241502923094966	0.375	0.44076587900117314
16	471	0.033970276008492568	145	0.034606205250596656	0.18181818181818182	0.69999999999999996	0.69241502923094966	0.375	0.43872339534104238
17	500	0.034000000000000002	146	0.03484486873508353	0.18181818181818182	0.69999999999999996	0.69241502923094966	0.375	0.43586391821685938
17	499	0.03406813627254509	147	0.035083532219570404	0.20000000000000001	0.69999999999999996	0.69443523125115159	0.38095238095238093	0.43840567566057764
17	497	0.034205231388329982	148	0.035322195704057278	0.20000000000000001	0.69999999999999996	0.69443523125115159	0.38095238095238093	0.43695324283559578
13	380	0.034210526315789476	149	0.035560859188544153	0.20000000000000001	0.69999999999999996	0.69443523125115159	0.38095238095238093	0.43586391821685938
17	491	0.034623217922606926	150	0.035799522673031027	0.20000000000000001	0.69999999999999996	0.69443523125115159	0.38095238095238093	0.43159041394335512
8	227	0.035242290748898682	151	0.036038186157517901	0.20000000000000001	0.69999999999999996	0.69443523125115159	0.38095238095238093	0.42904865649963692
5	141	0.035460992907801421	152	0.036276849642004776	0.20000000000000001	0.69999999999999996	0.69609360604385484	0.38690476190476192	0.42904865649963692
17	475	0.035789473684210524	153	0.03651551312649165	0.20000000000000001	0.69999999999999996	0.69609360604385484	0.38690476190476192	0.42719680464778503
9	250	0.035999999999999997	154	0.036754176610978517	0.20000000000000001	0.69999999999999996	0.69609360604385484	0.38690476190476192	0.42538126361655776
18	499	0.036072144288577156	155	0.036992840095465392	0.20000000000000001	0.69999999999999996	0.69609360604385484	0.38690476190476192	0.42180751442877346
17	471	0.036093418259023353	156	0.037231503579952266	0.20000000000000001	0.69999999999999996	0.69609360604385484	0.38690476190476192	0.42050796926957917
18	497	0.036217303822937627	157	0.03747016706443914	0.20000000000000001	0.69999999999999996	0.69609360604385484	0.38690476190476192	0.41796621182586091
18	491	0.036659877800407331	158	0.037708830548926014	0.20000000000000001	0.69999999999999996	0.69609360604385484	0.38690476190476192	0.41699155295646523
7	190	0.036842105263157891	159	0.037947494033412889	0.20000000000000001	0.77777777777777779	0.70720471715496591	0.39285714285714285	0.42056530214424953
17	454	0.037444933920704845	160	0.038186157517899763	0.20000000000000001	0.77777777777777779	0.70720471715496591	0.39285714285714285	0.41686159844054582
16	423	0.037825059101654845	161	0.038424821002386637	0.20000000000000001	0.77777777777777779	0.70886309194766906	0.39880952380952384	0.41686159844054582
18	475	0.037894736842105266	162	0.038663484486873512	0.20000000000000001	0.77777777777777779	0.70886309194766906	0.39880952380952384	0.4152276115124412
19	500	0.037999999999999999	163	0.038902147971360379	0.20000000000000001	0.77777777777777779	0.70886309194766906	0.39880952380952384	0.41360318006344837
19	499	0.038076152304609222	164	0.039140811455847253	0.21818181818181817	0.77777777777777779	0.71088329396787109	0.40476190476190477	0.41594236134999807
6	157	0.038216560509554139	165	0.039379474940334128	0.21818181818181817	0.77777777777777779	0.71088329396787109	0.40476190476190477	0.41477277070672325
19	497	0.038229376257545272	166	0.039618138424821002	0.21818181818181817	0.77777777777777779	0.71088329396787109	0.40476190476190477	0.41249856667813323
19	491	0.038696537678207736	167	0.039856801909307876	0.21818181818181817	0.77777777777777779	0.71088329396787109	0.40476190476190477	0.41162137369567708
3	76	0.039473684210526314	168	0.040095465393794751	0.21818181818181817	0.77777777777777779	0.72199440507898216	0.4107142857142857	0.41483774796468292
9	227	0.039647577092511016	169	0.040334128878281625	0.21818181818181817	0.77777777777777779	0.72199440507898216	0.4107142857142857	0.41159700722394221
1	25	0.040000000000000001	170	0.040572792362768499	0.21818181818181817	0.77777777777777779	0.72365277987168541	0.41666666666666669	0.41159700722394221
20	499	0.040080160320641281	172	0.041050119331742241	0.23636363636363636	0.77777777777777779	0.72567298189188734	0.42261904761904762	0.41225142103625079
17	423	0.040189125295508277	173	0.041288782816229115	0.23636363636363636	0.77777777777777779	0.72567298189188734	0.42261904761904762	0.4111932199780497
20	497	0.040241448692152917	174	0.041527446300715989	0.23636363636363636	0.77777777777777779	0.72567298189188734	0.42261904761904762	0.40974078715306783
19	471	0.040339702760084924	175	0.041766109785202864	0.23636363636363636	0.77777777777777779	0.72567298189188734	0.42261904761904762	0.40894713635941704
20	491	0.040733197556008148	176	0.042004773269689738	0.23636363636363636	0.77777777777777779	0.72567298189188734	0.42261904761904762	0.40690035273368608
19	454	0.04185022026431718	177	0.042243436754176612	0.23636363636363636	0.77777777777777779	0.72567298189188734	0.42261904761904762	0.4045194003527337
21	500	0.042000000000000003	178	0.042482100238663487	0.23636363636363636	0.77777777777777779	0.72733135668459048	0.42857142857142855	0.4045194003527337
21	499	0.042084168336673347	179	0.042720763723150361	0.25454545454545452	0.77777777777777779	0.72935155870479251	0.43452380952380953	0.40644340227673559
4	95	0.042105263157894736	180	0.042959427207637228	0.25454545454545452	0.83333333333333337	0.747870077223311	0.44047619047619047	0.41053190636523973
3	71	0.042253521126760563	182	0.043436754176610977	0.25454545454545452	0.83333333333333337	0.747870077223311	0.44047619047619047	0.40634967791830534
20	471	0.042462845010615709	183	0.043675417661097851	0.25454545454545452	0.83333333333333337	0.747870077223311	0.44047619047619047	0.40562817719680466
2	47	0.042553191489361701	184	0.043914081145584725	0.25454545454545452	0.83333333333333337	0.747870077223311	0.44047619047619047	0.40377632534495278
21	491	0.042769857433808553	185	0.0441527446300716	0.25454545454545452	0.83333333333333337	0.747870077223311	0.44047619047619047	0.4024767801857585
11	250	0.043999999999999997	186	0.044391408114558474	0.25454545454545452	0.83333333333333337	0.747870077223311	0.44047619047619047	0.40031227802125635
10	227	0.04405286343612335	187	0.044630071599045348	0.25454545454545452	0.83333333333333337	0.747870077223311	0.44047619047619047	0.39723805755573155
22	499	0.044088176352705413	188	0.044868735083532223	0.25454545454545452	0.83333333333333337	0.74952845201601415	0.44642857142857145	0.39723805755573155
21	475	0.044210526315789471	189	0.04510739856801909	0.25454545454545452	0.83333333333333337	0.74952845201601415	0.44642857142857145	0.39614012167518697
22	497	0.044265593561368208	190	0.045346062052505964	0.25454545454545452	0.83333333333333337	0.74952845201601415	0.44642857142857145	0.39493762047268577
7	157	0.044585987261146494	191	0.045584725536992839	0.25454545454545452	0.83333333333333337	0.74952845201601415	0.44642857142857145	0.39427885894435899
17	380	0.044736842105263158	192	0.045823389021479713	0.25454545454545452	0.83333333333333337	0.74952845201601415	0.44642857142857145	0.39259535726085731
22	491	0.044806517311608958	193	0.046062052505966587	0.25454545454545452	0.83333333333333337	0.74952845201601415	0.44642857142857145	0.39005359981713911
19	423	0.044917257683215132	194	0.046300715990453462	0.25454545454545452	0.83333333333333337	0.74952845201601415	0.44642857142857145	0.38807731523215883
23	500	0.045999999999999999	195	0.046539379474940336	0.25454545454545452	0.83333333333333337	0.74952845201601415	0.44642857142857145	0.38690772458888401
23	499	0.046092184368737472	196	0.04677804295942721	0.27272727272727271	0.83333333333333337	0.75154865403621629	0.45238095238095238	0.38871931879178256
21	454	0.046255506607929514	197	0.047016706443914084	0.27272727272727271	0.83333333333333337	0.75154865403621629	0.45238095238095238	0.38771287756795003
23	497	0.046277665995975853	198	0.047255369928400952	0.27272727272727271	0.83333333333333337	0.75154865403621629	0.45238095238095238	0.38266237251744495
22	475	0.046315789473684213	199	0.047494033412887826	0.27272727272727271	0.83333333333333337	0.75154865403621629	0.45238095238095238	0.38205850778314548
22	471	0.046709129511677279	200	0.0477326968973747	0.27272727272727271	0.83333333333333337	0.75154865403621629	0.45238095238095238	0.38096057190260091
23	491	0.04684317718940937	201	0.047971360381861575	0.27272727272727271	0.88888888888888884	0.76389433304856191	0.45833333333333331	0.38425437954423464
20	423	0.047281323877068557	202	0.048210023866348449	0.27272727272727271	0.88888888888888884	0.76389433304856191	0.45833333333333331	0.38244278534133608
9	190	0.04736842105263158	203	0.048448687350835323	0.27272727272727271	0.88888888888888884	0.76389433304856191	0.45833333333333331	0.38138458428313504
6	125	0.048000000000000001	204	0.048687350835322198	0.27272727272727271	0.88888888888888884	0.76389433304856191	0.45833333333333331	0.37911038025454502
24	499	0.048096192384769539	205	0.048926014319809072	0.29090909090909089	0.88888888888888884	0.76591453506876395	0.4642857142857143	0.38077704692121173
24	497	0.048289738430583498	206	0.049164677804295939	0.29090909090909089	0.88888888888888884	0.76591453506876395	0.4642857142857143	0.37985112099528578
23	475	0.048421052631578948	207	0.049403341288782814	0.29090909090909089	0.88888888888888884	0.76591453506876395	0.4642857142857143	0.3792955654397302
11	227	0.048458149779735685	208	0.049642004773269688	0.29090909090909089	0.88888888888888884	0.76591453506876395	0.4642857142857143	0.37828912421589767
23	471	0.048832271762208071	209	0.049880668257756562	0.29090909090909089	0.88888888888888884	0.76757290986146698	0.47023809523809523	0.37850871139200659
24	491	0.048879837067209775	210	0.050119331742243436	0.29090909090909089	0.88888888888888884	0.76757290986146698	0.47023809523809523	0.37689840543387454
7	141	0.049645390070921988	211	0.050357995226730311	0.29090909090909089	0.88888888888888884	0.76757290986146698	0.47023809523809523	0.37523173876720789
1	20	0.050000000000000003	212	0.050596658711217185	0.29090909090909089	0.88888888888888884	0.76757290986146698	0.47023809523809523	0.37426973780520689
25	499	0.050100200400801605	214	0.051073985680190934	0.30909090909090908	0.88888888888888884	0.76959311188166912	0.47619047619047616	0.37376141571793747
25	497	0.05030181086519115	215	0.051312649164677801	0.30909090909090908	0.88888888888888884	0.76959311188166912	0.47619047619047616	0.37290671486323662
24	475	0.050526315789473683	216	0.051551312649164675	0.30909090909090908	0.88888888888888884	0.76959311188166912	0.47619047619047616	0.37239389435041609
23	454	0.050660792951541848	217	0.05178997613365155	0.30909090909090908	0.88888888888888884	0.76959311188166912	0.47619047619047616	0.37146796842449015
25	491	0.050916496945010187	218	0.052028639618138424	0.30909090909090908	0.88888888888888884	0.76959311188166912	0.47619047619047616	0.36703962703962706
8	157	0.050955414012738856	219	0.052267303102625298	0.30909090909090908	0.88888888888888884	0.76959311188166912	0.47619047619047616	0.36550116550116551
13	250	0.051999999999999998	220	0.052505966587112173	0.30909090909090908	0.88888888888888884	0.76959311188166912	0.47619047619047616	0.36401968401968404
22	423	0.052009456264775412	221	0.052744630071599047	0.32727272727272727	0.88888888888888884	0.77161331390187116	0.48214285714285715	0.36544418544418544
26	499	0.052104208416833664	222	0.052983293556085921	0.32727272727272727	0.88888888888888884	0.77161331390187116	0.48214285714285715	0.36456583673974979
26	497	0.052313883299798795	223	0.053221957040572795	0.32727272727272727	0.88888888888888884	0.77161331390187116	0.48214285714285715	0.36377444705947121
1	19	0.052631578947368418	224	0.053460620525059663	0.32727272727272727	0.88888888888888884	0.77161331390187116	0.48214285714285715	0.36329961325130405
12	227	0.052863436123348019	226	0.053937947494033411	0.32727272727272727	0.88888888888888884	0.77161331390187116	0.48214285714285715	0.36059306054475138
26	491	0.052953156822810592	227	0.054176610978520286	0.32727272727272727	0.88888888888888884	0.77327168869457419	0.48809523809523808	0.36096343091512173
25	471	0.053078556263269641	228	0.05441527446300716	0.32727272727272727	0.88888888888888884	0.77327168869457419	0.48809523809523808	0.35953892949062033
27	500	0.053999999999999999	229	0.054653937947494034	0.32727272727272727	0.88888888888888884	0.77327168869457419	0.48809523809523808	0.35817140812309894
27	499	0.05410821643286573	230	0.054892601431980909	0.34328358208955223	0.88888888888888884	0.77529189071477633	0.49404761904761907	0.35949415944585028
27	497	0.054325955734406441	231	0.055131264916467783	0.34328358208955223	0.88888888888888884	0.77529189071477633	0.49404761904761907	0.35875929759987735
23	423	0.054373522458628844	232	0.055369928400954657	0.34328358208955223	0.88888888888888884	0.77529189071477633	0.49404761904761907	0.35831838049229359
26	475	0.05473684210526316	233	0.055608591885441525	0.34328358208955223	0.88888888888888884	0.77529189071477633	0.49404761904761907	0.35751322751322756
27	491	0.054989816700610997	234	0.055847255369928399	0.34328358208955223	0.88888888888888884	0.77529189071477633	0.49404761904761907	0.35672183783294892
25	454	0.055066079295154183	235	0.056085918854415273	0.34328358208955223	0.88888888888888884	0.77529189071477633	0.49404761904761907	0.35539908651019764
26	471	0.055201698513800426	236	0.056324582338902147	0.34328358208955223	0.88888888888888884	0.77529189071477633	0.49404761904761907	0.3514674625785737
21	380	0.05526315789473684	237	0.056563245823389022	0.34328358208955223	0.88888888888888884	0.77529189071477633	0.49404761904761907	0.35020123909012796
7	125	0.056000000000000001	238	0.056801909307875896	0.34328358208955223	0.88888888888888884	0.77529189071477633	0.49404761904761907	0.34851773740662628
28	499	0.056112224448897796	239	0.05704057279236277	0.34328358208955223	0.88888888888888884	0.77529189071477633	0.49404761904761907	0.34591784687570126
4	71	0.056338028169014086	240	0.057279236276849645	0.34328358208955223	0.88888888888888884	0.77529189071477633	0.49404761904761907	0.3452336651570368
8	141	0.056737588652482268	241	0.057517899761336519	0.34328358208955223	0.88888888888888884	0.77529189071477633	0.49404761904761907	0.34482315612583814
27	475	0.056842105263157895	242	0.057756563245823386	0.34328358208955223	0.88888888888888884	0.77529189071477633	0.49404761904761907	0.34408241538509737
28	491	0.057026476578411409	243	0.057995226730310261	0.34328358208955223	0.88888888888888884	0.77529189071477633	0.49404761904761907	0.34334755353912444
13	227	0.057268722466960353	244	0.058233890214797135	0.34328358208955223	0.88888888888888884	0.77529189071477633	0.49404761904761907	0.34211602644552835
9	157	0.057324840764331211	245	0.058472553699284009	0.34545454545454546	0.88888888888888884	0.77695026550747948	0.5	0.34259086025369551
11	190	0.057894736842105263	246	0.058711217183770883	0.34545454545454546	0.88888888888888884	0.77695026550747948	0.5	0.34141508130013876
29	500	0.058000000000000003	247	0.058949880668257758	0.34545454545454546	0.88888888888888884	0.77695026550747948	0.5	0.33987797106737638
29	499	0.058116232464929862	248	0.059188544152744632	0.34545454545454546	0.88888888888888884	0.77695026550747948	0.5	0.33745140657184636
29	497	0.058350100603621731	249	0.059427207637231506	0.34545454545454546	0.88888888888888884	0.77695026550747948	0.5	0.33681283696775949
28	475	0.05894736842105263	250	0.059665871121718374	0.34545454545454546	0.88888888888888884	0.77695026550747948	0.5	0.33642969520530741
29	491	0.059063136456211814	251	0.059904534606205248	0.34545454545454546	0.88888888888888884	0.77695026550747948	0.5	0.33574551348664294
25	423	0.059101654846335699	252	0.060143198090692122	0.34545454545454546	0.88888888888888884	0.77695026550747948	0.5	0.3345960881992866
28	471	0.059447983014861996	253	0.060381861575178997	0.34545454545454546	0.88888888888888884	0.77695026550747948	0.5	0.33391232751552591
27	454	0.059471365638766517	254	0.060620525059665871	0.34545454545454546	0.88888888888888884	0.77695026550747948	0.5	0.33281763676566273
3	50	0.059999999999999998	255	0.060859188544152745	0.34545454545454546	0.88888888888888884	0.77860864030018251	0.50595238095238093	0.33325855387324654
30	499	0.060120240480961921	256	0.06109785202863962	0.36363636363636365	0.88888888888888884	0.78062884232038465	0.51190476190476186	0.33457277131649626
30	497	0.060362173038229376	257	0.061336515513126494	0.36363636363636365	0.88888888888888884	0.78062884232038465	0.51190476190476186	0.33397539975138274
23	380	0.060526315789473685	258	0.061575178997613368	0.36363636363636365	0.88888888888888884	0.78062884232038465	0.51190476190476186	0.33361697681231461
29	475	0.061052631578947365	259	0.061813842482100236	0.36363636363636365	0.88888888888888884	0.78062884232038465	0.51190476190476186	0.33220795909894907
30	491	0.061099796334012219	260	0.06205250596658711	0.36363636363636365	0.88888888888888884	0.78062884232038465	0.51190476190476186	0.33156938949486225
26	423	0.061465721040189124	261	0.062291169451073984	0.36363636363636365	0.88888888888888884	0.78062884232038465	0.51190476190476186	0.33049412067765793
29	471	0.061571125265392782	262	0.062529832935560858	0.36363636363636365	0.88888888888888884	0.78062884232038465	0.51190476190476186	0.32986100893343512
14	227	0.061674008810572688	263	0.062768496420047726	0.36363636363636365	0.88888888888888884	0.78062884232038465	0.51190476190476186	0.32883929756689612
31	500	0.062	264	0.063007159904534607	0.36363636363636365	0.88888888888888884	0.78062884232038465	0.51190476190476186	0.32541838897357372
31	499	0.062124248496993988	265	0.063245823389021474	0.36363636363636365	0.88888888888888884	0.78062884232038465	0.51190476190476186	0.32317824560439812
31	497	0.062374245472837021	266	0.063484486873508356	0.36363636363636365	0.88888888888888884	0.78062884232038465	0.51190476190476186	0.3226182097621042
31	491	0.06313645621181263	267	0.063723150357995223	0.36363636363636365	0.88888888888888884	0.78062884232038465	0.51190476190476186	0.32228218825672783
6	95	0.063157894736842107	268	0.063961813842482104	0.36363636363636365	0.88888888888888884	0.78062884232038465	0.51190476190476186	0.32127412374059883
10	157	0.063694267515923567	270	0.064439140811455853	0.36363636363636365	0.88888888888888884	0.78062884232038465	0.51190476190476186	0.31938045587918906
3	47	0.063829787234042548	271	0.06467780429594272	0.36363636363636365	0.88888888888888884	0.78062884232038465	0.51190476190476186	0.31842466137500741
29	454	0.063876651982378851	272	0.064916467780429588	0.36363636363636365	0.88888888888888884	0.78062884232038465	0.51190476190476186	0.31783677189822906
8	125	0.064000000000000001	273	0.065155131264916469	0.36363636363636365	0.88888888888888884	0.78062884232038465	0.51190476190476186	0.31464392387779483
32	499	0.064128256513026047	274	0.065393794749403336	0.36363636363636365	0.88888888888888884	0.78062884232038465	0.51190476190476186	0.31253954677341772
32	497	0.064386317907444673	275	0.065632458233890217	0.36363636363636365	0.88888888888888884	0.78062884232038465	0.51190476190476186	0.31201345249732348
32	491	0.065173116089613028	276	0.065871121718377085	0.36363636363636365	0.88888888888888884	0.78062884232038465	0.51190476190476186	0.31169779593166691
31	475	0.065263157894736842	277	0.066109785202863966	0.36363636363636365	0.88888888888888884	0.78062884232038465	0.51190476190476186	0.31075082623469719
5	76	0.065789473684210523	278	0.066348448687350833	0.36363636363636365	0.88888888888888884	0.78062884232038465	0.51190476190476186	0.31019079039240327
31	471	0.065817409766454352	279	0.066587112171837715	0.36363636363636365	0.88888888888888884	0.78062884232038465	0.51190476190476186	0.3089942091958221
33	500	0.066000000000000003	280	0.066825775656324582	0.36363636363636365	0.88888888888888884	0.78062884232038465	0.51190476190476186	0.30809815184815181
15	227	0.066079295154185022	281	0.067064439140811449	0.36363636363636365	0.88888888888888884	0.78062884232038465	0.51190476190476186	0.30611756163226755
33	499	0.066132264529058113	282	0.067303102625298331	0.36363636363636365	0.88888888888888884	0.7822872171130878	0.5178571428571429	0.30671493319738102
28	423	0.066193853427895979	283	0.067541766109785198	0.36363636363636365	0.88888888888888884	0.7822872171130878	0.5178571428571429	0.30621978564340996
33	497	0.066398390342052319	284	0.067780429594272079	0.36363636363636365	0.88888888888888884	0.7822872171130878	0.5178571428571429	0.30567244026847834
33	491	0.06720977596741344	285	0.068019093078758947	0.36363636363636365	0.88888888888888884	0.7822872171130878	0.5178571428571429	0.3053753517360957
32	475	0.067368421052631577	286	0.068257756563245828	0.36363636363636365	0.88888888888888884	0.7822872171130878	0.5178571428571429	0.30448408613894773
32	471	0.067940552016985137	287	0.068496420047732695	0.36363636363636365	0.88888888888888884	0.7822872171130878	0.5178571428571429	0.30395799186285344
17	250	0.068000000000000005	288	0.068735083532219576	0.36363636363636365	0.88888888888888884	0.7822872171130878	0.5178571428571429	0.30311624102110263
34	499	0.068136272545090179	289	0.068973747016706444	0.36363636363636365	0.88888888888888884	0.7822872171130878	0.5178571428571429	0.30124882738898312
31	454	0.068281938325991193	290	0.069212410501193311	0.36363636363636365	0.88888888888888884	0.7822872171130878	0.5178571428571429	0.30078197398095324
34	497	0.068410462776659964	291	0.069451073985680192	0.36363636363636365	0.88888888888888884	0.78394559190579083	0.52380952380952384	0.30134200982324716
13	190	0.068421052631578952	292	0.06968973747016706	0.36363636363636365	0.88888888888888884	0.78394559190579083	0.52380952380952384	0.30106189777842923
29	423	0.068557919621749411	293	0.069928400954653941	0.36363636363636365	0.88888888888888884	0.78394559190579083	0.52380952380952384	0.29995395222603921
34	491	0.069246435845213852	294	0.070167064439140808	0.36363636363636365	0.88888888888888884	0.78394559190579083	0.52380952380952384	0.29944309654276974
33	475	0.069473684210526312	295	0.07040572792362769	0.36363636363636365	0.88888888888888884	0.78394559190579083	0.52380952380952384	0.29860276040831596
7	100	0.070000000000000007	296	0.070644391408114557	0.36363636363636365	0.88888888888888884	0.78394559190579083	0.52380952380952384	0.29810761285434484
11	157	0.070063694267515922	297	0.070883054892601438	0.38181818181818183	0.88888888888888884	0.78596579392599297	0.52976190476190477	0.29943036417709623
35	499	0.070140280561122245	298	0.071121718377088305	0.38181818181818183	0.88888888888888884	0.78596579392599297	0.52976190476190477	0.29863812809074247
5	71	0.070422535211267609	299	0.071360381861575173	0.38181818181818183	0.88888888888888884	0.78596579392599297	0.52976190476190477	0.29819721098315871
16	227	0.070484581497797363	300	0.071599045346062054	0.38181818181818183	0.88888888888888884	0.78596579392599297	0.52976190476190477	0.29793266071860841
10	141	0.070921985815602842	301	0.071837708830548921	0.38181818181818183	0.88888888888888884	0.78762416871869612	0.5357142857142857	0.2984587549947027
27	380	0.071052631578947367	302	0.072076372315035803	0.38181818181818183	0.88888888888888884	0.78762416871869612	0.5357142857142857	0.2979808577426119
35	491	0.07128309572301425	303	0.07231503579952267	0.38181818181818183	0.88888888888888884	0.78762416871869612	0.5357142857142857	0.2969520511582498
34	475	0.071578947368421048	304	0.072553699284009551	0.38181818181818183	0.88888888888888884	0.78762416871869612	0.5357142857142857	0.29615840036459901
9	125	0.071999999999999995	305	0.072792362768496419	0.38181818181818183	0.88888888888888884	0.78762416871869612	0.5357142857142857	0.29569154695656913
36	499	0.072144288577154311	306	0.0730310262529833	0.38181818181818183	0.88888888888888884	0.78762416871869612	0.5357142857142857	0.29393979520481733
34	471	0.072186836518046707	307	0.073269689737470167	0.38181818181818183	0.88888888888888884	0.78762416871869612	0.5357142857142857	0.29352271145440029
36	497	0.072434607645875254	308	0.073508353221957035	0.38181818181818183	0.88888888888888884	0.78762416871869612	0.5357142857142857	0.29277574600155248
33	454	0.07268722466960352	309	0.073747016706443916	0.38181818181818183	0.88888888888888884	0.78762416871869612	0.5357142857142857	0.29252549575130221
31	423	0.07328605200945626	310	0.073985680190930783	0.38181818181818183	0.88888888888888884	0.78928254351139915	0.54166666666666663	0.29302064330527328
36	491	0.073319755600814662	311	0.074224343675417664	0.38181818181818183	0.88888888888888884	0.78928254351139915	0.54166666666666663	0.29257261463143819
7	95	0.073684210526315783	312	0.074463007159904532	0.38181818181818183	0.88888888888888884	0.78928254351139915	0.54166666666666663	0.29182186388068737
37	500	0.073999999999999996	314	0.07494033412887828	0.38181818181818183	0.88888888888888884	0.78928254351139915	0.54166666666666663	0.29042309236697339
37	499	0.074148296593186377	315	0.075178997613365162	0.40000000000000002	0.88888888888888884	0.79130274553160129	0.54761904761904767	0.29168751468402726
35	471	0.074309978768577492	316	0.075417661097852029	0.40000000000000002	0.88888888888888884	0.79130274553160129	0.54761904761904767	0.29129238270994789
37	497	0.074446680080482899	317	0.075656324582338896	0.40000000000000002	0.88888888888888884	0.79130274553160129	0.54761904761904767	0.29058691533781389
17	227	0.074889867841409691	318	0.075894988066825778	0.40000000000000002	0.88888888888888884	0.79130274553160129	0.54761904761904767	0.29034983615336629
37	491	0.075356415478615074	319	0.076133651551312645	0.40000000000000002	0.88888888888888884	0.79130274553160129	0.54761904761904767	0.28764208638679301
32	423	0.075650118203309691	320	0.076372315035799526	0.40000000000000002	0.88888888888888884	0.79130274553160129	0.54761904761904767	0.28693084883345016
36	475	0.075789473684210532	321	0.076610978520286394	0.40000000000000002	0.88888888888888884	0.79130274553160129	0.54761904761904767	0.28650997341257478
19	250	0.075999999999999998	322	0.076849642004773275	0.40000000000000002	0.88888888888888884	0.79130274553160129	0.54761904761904767	0.28609288966215768
38	499	0.076152304609218444	323	0.077088305489260142	0.41818181818181815	0.88888888888888884	0.79332294755180333	0.5535714285714286	0.28729246980910622
29	380	0.076315789473684212	324	0.077326968973747023	0.41818181818181815	0.88888888888888884	0.79332294755180333	0.5535714285714286	0.28691760101318481
12	157	0.076433121019108277	325	0.077565632458233891	0.41818181818181815	0.88888888888888884	0.79332294755180333	0.5535714285714286	0.2860236035674632
38	497	0.076458752515090544	326	0.077804295942720758	0.41818181818181815	0.90000000000000002	0.80566862656414895	0.55952380952380953	0.28835927256979887
35	454	0.077092511013215861	327	0.078042959427207639	0.41818181818181815	0.90000000000000002	0.80566862656414895	0.55952380952380953	0.28813435129224607
38	491	0.077393075356415472	328	0.078281622911694507	0.41818181818181815	0.90000000000000002	0.80732700135685209	0.56547619047619047	0.28866345182134656
37	475	0.077894736842105267	329	0.078520286396181388	0.41818181818181815	0.90000000000000002	0.80732700135685209	0.56547619047619047	0.28798868798868799
39	500	0.078	330	0.078758949880668255	0.41818181818181815	0.90000000000000002	0.80732700135685209	0.56547619047619047	0.28759355601460862
11	141	0.078014184397163122	331	0.078997613365155137	0.41818181818181815	0.90000000000000002	0.80732700135685209	0.56547619047619047	0.28595537937643201
39	499	0.078156312625250496	332	0.079236276849642004	0.41818181818181815	0.90000000000000002	0.80732700135685209	0.56547619047619047	0.28555926133325515
39	497	0.07847082494969819	333	0.079474940334128885	0.41818181818181815	0.90000000000000002	0.80732700135685209	0.56547619047619047	0.28520313597712982
37	471	0.078556263269639062	334	0.079713603818615753	0.41818181818181815	0.90000000000000002	0.80732700135685209	0.56547619047619047	0.28498946076345461
3	38	0.078947368421052627	335	0.07995226730310262	0.41818181818181815	0.90000000000000002	0.80732700135685209	0.56547619047619047	0.28427822321011176
18	227	0.079295154185022032	336	0.080190930787589501	0.41818181818181815	0.90000000000000002	0.80732700135685209	0.56547619047619047	0.28344190301895283
39	491	0.079429735234215884	337	0.080429594272076368	0.41818181818181815	0.90000000000000002	0.80898537614955535	0.5714285714285714	0.28394240351945332
2	25	0.080000000000000002	338	0.08066825775656325	0.41818181818181815	0.90000000000000002	0.80898537614955535	0.5714285714285714	0.28330137787842768
40	499	0.080160320641282562	340	0.081145584725536998	0.43636363636363634	0.90000000000000002	0.81100557816975727	0.57738095238095233	0.28407827060012147
34	423	0.080378250591016553	341	0.081384248210023866	0.43636363636363634	0.90000000000000002	0.81100557816975727	0.57738095238095233	0.28373951721258756
40	497	0.080482897384305835	342	0.081622911694510733	0.43636363636363634	0.90000000000000002	0.82952409668827576	0.58333333333333337	0.28654063766076687
38	471	0.080679405520169847	343	0.081861575178997614	0.43636363636363634	0.90000000000000002	0.82952409668827576	0.58333333333333337	0.28633738562824651
40	491	0.081466395112016296	344	0.082100238663484482	0.43636363636363634	0.90000000000000002	0.82952409668827576	0.58333333333333337	0.28566262179558799
37	454	0.081497797356828189	345	0.082338902147971363	0.43636363636363634	0.90000000000000002	0.82952409668827576	0.58333333333333337	0.28505286569802701
31	380	0.081578947368421056	346	0.08257756563245823	0.43636363636363634	0.90000000000000002	0.83118247148097901	0.5892857142857143	0.28552702406692215
41	500	0.082000000000000003	347	0.082816229116945111	0.43636363636363634	0.90000000000000002	0.83118247148097901	0.5892857142857143	0.28474297388771075
39	475	0.082105263157894737	348	0.083054892601431979	0.45454545454545453	0.90000000000000002	0.83320267350118093	0.59523809523809523	0.28583988961877282
41	499	0.082164328657314628	349	0.08329355608591886	0.45454545454545453	0.90000000000000002	0.83320267350118093	0.59523809523809523	0.28548376426264743
41	497	0.08249496981891348	350	0.083532219570405727	0.45454545454545453	0.90000000000000002	0.83320267350118093	0.59523809523809523	0.28516114198880566
35	423	0.082742316784869971	351	0.083770883054892595	0.45454545454545453	0.90000000000000002	0.83320267350118093	0.59523809523809523	0.28496756862450057
13	157	0.082802547770700632	352	0.084009546539379476	0.45454545454545453	0.90000000000000002	0.83320267350118093	0.59523809523809523	0.28452665151691681
41	491	0.083503054989816694	353	0.084248210023866343	0.45454545454545453	0.90000000000000002	0.83320267350118093	0.59523809523809523	0.28388562587589117
19	227	0.083700440528634359	354	0.084486873508353225	0.45454545454545453	1	0.84431378461229212	0.60119047619047616	0.28595040842847858
21	250	0.084000000000000005	355	0.084725536992840092	0.45454545454545453	1	0.84597215940499515	0.6071428571428571	0.28640025098358435
42	499	0.084168336673346694	356	0.084964200477326973	0.47272727272727272	1	0.84799236142519729	0.61309523809523814	0.28744614737831792
8	95	0.084210526315789472	357	0.085202863961813841	0.47272727272727272	1	0.84799236142519729	0.61309523809523814	0.28713853079163154
6	71	0.084507042253521125	359	0.085680190930787589	0.47272727272727272	1	0.84799236142519729	0.61309523809523814	0.28606324541756567
40	471	0.084925690021231418	360	0.085918854415274457	0.47272727272727272	1	0.84799236142519729	0.61309523809523814	0.2858786754655539
4	47	0.085106382978723402	361	0.086157517899761338	0.47272727272727272	1	0.84799236142519729	0.61309523809523814	0.28526891936799292
42	491	0.085539714867617106	362	0.086396181384248205	0.47272727272727272	1	0.86651087994371578	0.61904761904761907	0.28785483862057881
39	454	0.08590308370044053	363	0.086634844868735086	0.47272727272727272	1	0.86651087994371578	0.61904761904761907	0.28723960544720611
43	500	0.085999999999999993	364	0.086873508353221954	0.47272727272727272	1	0.86816925473641893	0.625	0.28766695587455654
43	499	0.08617234468937876	365	0.087112171837708835	0.47272727272727272	1	0.86816925473641893	0.625	0.2861400589988225
41	475	0.086315789473684207	366	0.087350835322195702	0.47272727272727272	1	0.86816925473641893	0.625	0.28584642498425822
43	497	0.08651911468812877	367	0.087589498806682584	0.47272727272727272	1	0.86816925473641893	0.625	0.28552380271041644
33	380	0.086842105263157901	368	0.087828162291169451	0.47272727272727272	1	0.86816925473641893	0.625	0.28534762230167787
41	471	0.087048832271762203	369	0.088066825775656318	0.47272727272727272	1	0.86816925473641893	0.625	0.28465441572611838
37	423	0.087470449172576833	370	0.0883054892601432	0.47272727272727272	1	0.86816925473641893	0.625	0.28407369563320312
43	491	0.087576374745417518	371	0.088544152744630067	0.47272727272727272	1	0.86816925473641893	0.625	0.28359953726430798
11	125	0.087999999999999995	372	0.088782816229116948	0.47272727272727272	1	0.86816925473641893	0.625	0.28301226923517947
20	227	0.088105726872246701	373	0.089021479713603816	0.49090909090909091	1	0.87018945675662096	0.63095238095238093	0.28402237024528043
44	499	0.088176352705410826	374	0.089260143198090697	0.49090909090909091	1	0.8718478315493241	0.63690476190476186	0.2844288743103211
42	475	0.088421052631578942	375	0.089498806682577564	0.49090909090909091	1	0.8718478315493241	0.63690476190476186	0.28414829069640413
44	497	0.088531187122736416	376	0.089737470167064445	0.49090909090909091	1	0.8718478315493241	0.63690476190476186	0.28384067410971781
14	157	0.089171974522292988	377	0.089976133651551313	0.49090909090909091	1	0.8718478315493241	0.63690476190476186	0.28367232394136765
17	190	0.089473684210526316	378	0.09021479713603818	0.49090909090909091	1	0.8718478315493241	0.63690476190476186	0.28311861408533218
44	491	0.089613034623217916	379	0.090453460620525061	0.49090909090909091	1	0.8718478315493241	0.63690476190476186	0.28246501931409035
38	423	0.089834515366430265	380	0.090692124105011929	0.49090909090909091	1	0.8718478315493241	0.63690476190476186	0.28190385208625646
9	100	0.089999999999999997	381	0.09093078758949881	0.49090909090909091	1	0.8718478315493241	0.63690476190476186	0.2814540095311508
45	499	0.090180360721442893	382	0.091169451073985677	0.50909090909090904	1	0.87386803356952614	0.6428571428571429	0.28242019310603
41	454	0.090308370044052858	383	0.091408114558472559	0.50909090909090904	1	0.87386803356952614	0.6428571428571429	0.28215180877967466
43	475	0.090526315789473691	384	0.091646778042959426	0.50909090909090904	1	0.87552640836222928	0.64880952380952384	0.28253895550828484
45	497	0.090543259557344061	385	0.091885441527446307	0.50909090909090904	1	0.87552640836222928	0.64880952380952384	0.28224532149372056
43	471	0.091295116772823773	386	0.092124105011933174	0.50909090909090904	1	0.87552640836222928	0.64880952380952384	0.28208429089790737
45	491	0.091649694501018328	387	0.092362768496420042	0.50909090909090904	1	0.87552640836222928	0.64880952380952384	0.28155574967169167
23	250	0.091999999999999998	388	0.092601431980906923	0.50909090909090904	1	0.87552640836222928	0.64880952380952384	0.28101898101898098
7	76	0.092105263157894732	389	0.09284009546539379	0.50909090909090904	1	0.87552640836222928	0.64880952380952384	0.27957998420533109
46	499	0.092184368737474945	390	0.093078758949880672	0.50909090909090904	1	0.87552640836222928	0.64880952380952384	0.27896270025471381
13	141	0.092198581560283682	391	0.093317422434367539	0.50909090909090904	1	0.87552640836222928	0.64880952380952384	0.27870573653799063
21	227	0.092511013215859028	392	0.09355608591885442	0.50909090909090904	1	0.87552640836222928	0.64880952380952384	0.27827838611064021
46	497	0.092555331991951706	393	0.093794749403341288	0.50909090909090904	1	0.87718478315493242	0.65476190476190477	0.2786475260146638
44	475	0.092631578947368426	394	0.094033412887828169	0.50909090909090904	1	0.87718478315493242	0.65476190476190477	0.27849334778462986
44	471	0.093418259023354558	395	0.094272076372315036	0.50909090909090904	1	0.87718478315493242	0.65476190476190477	0.27821276417071295
46	491	0.09368635437881874	396	0.094510739856801904	0.50909090909090904	1	0.87718478315493242	0.65476190476190477	0.27770771366566244
47	500	0.094	397	0.094749403341288785	0.50909090909090904	1	0.87718478315493242	0.65476190476190477	0.27719378623221602
47	499	0.094188376753507011	398	0.094988066825775652	0.52727272727272723	1	0.87920498517513446	0.6607142857142857	0.27812956243394971
40	423	0.094562647754137114	399	0.095226730310262533	0.52727272727272723	1	0.87920498517513446	0.6607142857142857	0.27788330553875662
47	497	0.094567404426559351	400	0.095465393794749401	0.52727272727272723	1	0.87920498517513446	0.6607142857142857	0.27747680147371601
43	454	0.094713656387665199	401	0.095704057279236282	0.52727272727272723	1	0.87920498517513446	0.6607142857142857	0.27732904733660013
9	95	0.094736842105263161	402	0.095942720763723149	0.52727272727272723	1	0.8808633599678376	0.66666666666666663	0.27768140815407727
15	157	0.095541401273885357	404	0.096420047732696898	0.52727272727272723	1	0.8808633599678376	0.66666666666666663	0.276829106577138
47	491	0.095723014256619138	405	0.096658711217183765	0.52727272727272723	1	0.8808633599678376	0.66666666666666663	0.27634601478969834
12	125	0.096000000000000002	406	0.096897374701670647	0.52727272727272723	1	0.8808633599678376	0.66666666666666663	0.27585350099931222
48	499	0.096192384769539077	407	0.097136038186157514	0.52727272727272723	1	0.8808633599678376	0.66666666666666663	0.27448350855789122
48	497	0.096579476861166996	408	0.097374701670644395	0.52727272727272723	1	0.8808633599678376	0.66666666666666663	0.27424730296454281
46	475	0.096842105263157896	409	0.097613365155131263	0.52727272727272723	1	0.8808633599678376	0.66666666666666663	0.27410557960853371
22	227	0.096916299559471369	410	0.097852028639618144	0.52727272727272723	1	0.8808633599678376	0.66666666666666663	0.27384861589181053
41	423	0.096926713947990545	411	0.098090692124105011	0.52727272727272723	1	0.88252173476054074	0.67261904761904767	0.27418531622851083
37	380	0.097368421052631576	412	0.098329355608591879	0.52727272727272723	1	0.88252173476054074	0.67261904761904767	0.27379816949990071
46	471	0.097664543524416142	413	0.09856801909307876	0.52727272727272723	1	0.88252173476054074	0.67261904761904767	0.27324498473618963
48	491	0.09775967413441955	414	0.098806682577565627	0.52727272727272723	1	0.88252173476054074	0.67261904761904767	0.27278245004608787
49	500	0.098000000000000004	415	0.099045346062052508	0.52727272727272723	1	0.88252173476054074	0.67261904761904767	0.27231003885939098
49	499	0.098196392785571143	416	0.099284009546539376	0.54545454545454541	1	0.88454193678074278	0.6785714285714286	0.27321706833784903
7	71	0.098591549295774641	417	0.099522673031026257	0.54545454545454541	1	0.88454193678074278	0.6785714285714286	0.27299031096823451
47	475	0.098947368421052631	418	0.099761336515513124	0.54545454545454541	1	0.88454193678074278	0.6785714285714286	0.27285425654646578
45	454	0.099118942731277526	419	0.10000000000000001	0.54545454545454541	1	0.88454193678074278	0.6785714285714286	0.27260799965127275
14	141	0.099290780141843976	420	0.10023866348448687	0.54545454545454541	1	0.88454193678074278	0.6785714285714286	0.27051460190570104
47	471	0.099787685774946927	421	0.10047732696897374	0.54545454545454541	1	0.88454193678074278	0.6785714285714286	0.27014546200167744
49	491	0.099796334012219962	422	0.10071599045346062	0.54545454545454541	1	0.88454193678074278	0.6785714285714286	0.26970219959032993
1	10	0.10000000000000001	423	0.10095465393794749	0.54545454545454541	1	0.88454193678074278	0.6785714285714286	0.26924868485110093
50	499	0.10020040080160321	425	0.10143198090692124	0.54545454545454541	1	0.88454193678074278	0.6785714285714286	0.26741667899432725
50	497	0.1006036217303823	426	0.10167064439140812	0.54545454545454541	1	0.88454193678074278	0.6785714285714286	0.26719881407057999
48	475	0.10105263157894737	427	0.10190930787589499	0.54545454545454541	1	0.88454193678074278	0.6785714285714286	0.26706809511633156
23	227	0.1013215859030837	428	0.10214797136038187	0.54545454545454541	1	0.88454193678074278	0.6785714285714286	0.26683188952298315
43	423	0.10165484633569739	429	0.10238663484486873	0.54545454545454541	1	0.88454193678074278	0.6785714285714286	0.26482757253254219
50	491	0.10183299389002037	430	0.1026252983293556	0.54545454545454541	1	0.88454193678074278	0.6785714285714286	0.26447521171506511
16	157	0.10191082802547771	431	0.10286396181384248	0.54545454545454541	1	0.88454193678074278	0.6785714285714286	0.26403948186757054
51	500	0.10199999999999999	432	0.10310262529832935	0.54545454545454541	1	0.88454193678074278	0.6785714285714286	0.26361431179954331
51	499	0.10220440881763528	433	0.10334128878281623	0.5636363636363636	1	0.88656213880094481	0.68452380952380953	0.26449415091467654
51	497	0.10261569416498995	434	0.1035799522673031	0.5636363636363636	1	0.88656213880094481	0.68452380952380953	0.26428466541107343
39	380	0.10263157894736842	435	0.10381861575178998	0.5636363636363636	1	0.88656213880094481	0.68452380952380953	0.26415897410891154
49	475	0.1031578947368421	436	0.10405727923627685	0.5636363636363636	1	0.88656213880094481	0.68452380952380953	0.26366039861033602
47	454	0.10352422907488987	437	0.10429594272076373	0.5636363636363636	1	0.88656213880094481	0.68452380952380953	0.26343364124072155
51	491	0.10386965376782077	438	0.1045346062052506	0.5636363636363636	1	0.88822051359364784	0.69047619047619047	0.26382765227303046
13	125	0.104	439	0.10477326968973746	0.5636363636363636	1	0.88822051359364784	0.69047619047619047	0.26340868126582412
44	423	0.10401891252955082	440	0.10501193317422435	0.5636363636363636	1	0.88822051359364784	0.69047619047619047	0.26215888284621441
49	471	0.1040339702760085	441	0.10525059665871121	0.5636363636363636	1	0.88822051359364784	0.69047619047619047	0.26182218250951406
52	499	0.10420841683366733	442	0.10548926014319809	0.5636363636363636	1	0.88822051359364784	0.69047619047619047	0.26141401924420793
52	497	0.10462776659959759	443	0.10572792362768496	0.5636363636363636	1	0.88822051359364784	0.69047619047619047	0.26121243885394829
2	19	0.10526315789473684	444	0.10596658711217184	0.5636363636363636	1	0.88822051359364784	0.69047619047619047	0.26109149061979253
24	227	0.10572687224669604	446	0.10644391408114559	0.5636363636363636	1	0.88822051359364784	0.69047619047619047	0.2603993709534978
52	491	0.10590631364562118	447	0.10668257756563246	0.5636363636363636	1	0.88822051359364784	0.69047619047619047	0.2585097262067102
53	500	0.106	448	0.10692124105011933	0.5636363636363636	1	0.88822051359364784	0.69047619047619047	0.25810656542619093
50	471	0.10615711252653928	449	0.10715990453460621	0.58181818181818179	1	0.89024071561384999	0.6964285714285714	0.25896066900566139
53	499	0.10621242484969939	450	0.10739856801909307	0.58181818181818179	1	0.89024071561384999	0.6964285714285714	0.25856851214291626
5	47	0.10638297872340426	451	0.10763723150357996	0.58181818181818179	1	0.89024071561384999	0.6964285714285714	0.25837439769303666
53	497	0.10663983903420524	452	0.10787589498806682	0.58181818181818179	1	0.89024071561384999	0.6964285714285714	0.25805233650141024
51	475	0.10736842105263159	453	0.1081145584725537	0.58181818181818179	1	0.89024071561384999	0.6964285714285714	0.25793586783148242
41	380	0.10789473684210527	454	0.10835322195704057	0.58181818181818179	1	0.89024071561384999	0.6964285714285714	0.25772638232787926
49	454	0.10792951541850221	455	0.10859188544152745	0.58181818181818179	1	0.89024071561384999	0.6964285714285714	0.25727471114450079
53	491	0.1079429735234216	456	0.10883054892601432	0.58181818181818179	1	0.89024071561384999	0.6964285714285714	0.25546065218758468
27	250	0.108	457	0.10906921241050119	0.58181818181818179	1	0.89024071561384999	0.6964285714285714	0.25507242328782537
54	499	0.10821643286573146	458	0.10930787589498807	0.59701492537313428	1	0.89226091763405202	0.70238095238095233	0.25589546855531509
17	157	0.10828025477707007	459	0.10954653937947494	0.59701492537313428	1	0.89226091763405202	0.70238095238095233	0.25570841281270379
54	497	0.10865191146881288	460	0.10978520286396182	0.59701492537313428	1	0.89226091763405202	0.70238095238095233	0.25533133890621812
46	423	0.10874704491725769	461	0.11002386634844868	0.59701492537313428	1	0.89226091763405202	0.70238095238095233	0.25521910546065135
52	475	0.10947368421052632	462	0.11026252983293557	0.59701492537313428	1	0.89226091763405202	0.70238095238095233	0.25491074900058353
54	491	0.10997963340122199	463	0.11050119331742243	0.59701492537313428	1	0.89226091763405202	0.70238095238095233	0.25470916861032389
11	100	0.11	464	0.11073985680190931	0.59701492537313428	1	0.89226091763405202	0.70238095238095233	0.25433505712510129
25	227	0.11013215859030837	465	0.11097852028639618	0.59701492537313428	1	0.89226091763405202	0.70238095238095233	0.25314458093462511
55	499	0.11022044088176353	466	0.11121718377088305	0.59999999999999998	1	0.89391929242675516	0.70833333333333337	0.25358031078211968
52	471	0.11040339702760085	467	0.11145584725536993	0.59999999999999998	1	0.89391929242675516	0.70833333333333337	0.25339993560174445
21	190	0.11052631578947368	468	0.1116945107398568	0.59999999999999998	1	0.89391929242675516	0.70833333333333337	0.25303709089927717
55	497	0.11066398390342053	469	0.11193317422434368	0.59999999999999998	1	0.89391929242675516	0.70833333333333337	0.25260642767791625
1	9	0.1111111111111111	470	0.11217183770883055	0.59999999999999998	1	0.89391929242675516	0.70833333333333337	0.25249820256969113
53	475	0.11157894736842106	471	0.11241050119331743	0.59999999999999998	1	0.89391929242675516	0.70833333333333337	0.25220269429545944
14	125	0.112	472	0.11264916467780429	0.59999999999999998	1	0.89391929242675516	0.70833333333333337	0.25200857984557978
55	491	0.11201629327902241	473	0.11288782816229118	0.59999999999999998	1	0.89391929242675516	0.70833333333333337	0.25085987474950627
56	499	0.11222444889779559	474	0.11312649164677804	0.59999999999999998	1	0.89391929242675516	0.70833333333333337	0.25049912438875593
51	454	0.11233480176211454	475	0.11336515513126491	0.59999999999999998	1	0.89391929242675516	0.70833333333333337	0.25032507816207811
53	471	0.11252653927813164	476	0.11360381861575179	0.59999999999999998	1	0.89557766721945831	0.7142857142857143	0.25074404916928444
8	71	0.11267605633802817	477	0.11384248210023866	0.59999999999999998	1	0.89557766721945831	0.7142857142857143	0.250394643159501
43	380	0.11315789473684211	478	0.11408114558472554	0.59999999999999998	1	0.89557766721945831	0.7142857142857143	0.25029021542349439
16	141	0.11347517730496454	479	0.11431980906921241	0.59999999999999998	1	0.89557766721945831	0.7142857142857143	0.24987912780310439
54	475	0.11368421052631579	480	0.11455847255369929	0.59999999999999998	1	0.89557766721945831	0.7142857142857143	0.24959568109108629
57	500	0.114	481	0.11479713603818616	0.59999999999999998	1	0.89557766721945831	0.7142857142857143	0.24940862534847497
56	491	0.11405295315682282	482	0.11503579952267304	0.61818181818181817	1	0.89759786923966034	0.72023809523809523	0.25021523958521624
57	499	0.11422845691382766	483	0.11527446300715991	0.61818181818181817	1	0.89759786923966034	0.72023809523809523	0.24986714713186065
26	227	0.11453744493392071	484	0.11551312649164677	0.61818181818181817	1	0.89759786923966034	0.72023809523809523	0.24969910249920624
18	157	0.11464968152866242	485	0.11575178997613365	0.61818181818181817	1	0.89759786923966034	0.72023809523809523	0.24800582722102524
57	497	0.11468812877263582	486	0.11599045346062052	0.61818181818181817	1	0.89759786923966034	0.72023809523809523	0.24766912688432491
11	95	0.11578947368421053	487	0.1162291169451074	0.61818181818181817	1	0.89759786923966034	0.72023809523809523	0.24756830010473227
49	423	0.11583924349881797	489	0.11670644391408115	0.61818181818181817	1	0.89759786923966034	0.72023809523809523	0.24699510786487336
29	250	0.11600000000000001	490	0.11694510739856802	0.61818181818181817	1	0.89759786923966034	0.72023809523809523	0.24672299902133593
57	491	0.11608961303462322	491	0.11718377088305489	0.61818181818181817	1	0.89759786923966034	0.72023809523809523	0.24561903123121973
58	499	0.11623246492985972	492	0.11742243436754177	0.61818181818181817	1	0.89759786923966034	0.72023809523809523	0.24528294196591086
58	497	0.11670020120724346	493	0.11766109785202863	0.61818181818181817	1	0.89759786923966034	0.72023809523809523	0.24512059376148201
53	454	0.11674008810572688	494	0.11789976133651552	0.61818181818181817	1	0.89759786923966034	0.72023809523809523	0.24502318483882465
55	471	0.11677282377919321	495	0.11813842482100238	0.61818181818181817	1	0.89759786923966034	0.72023809523809523	0.24339262345983562
56	475	0.11789473684210526	496	0.11837708830548926	0.61818181818181817	1	0.89759786923966034	0.72023809523809523	0.24306794813516028
59	500	0.11799999999999999	497	0.11861575178997613	0.61818181818181817	1	0.89759786923966034	0.72023809523809523	0.24289390190848248
58	491	0.11812627291242363	498	0.11885441527446301	0.61818181818181817	1	0.89759786923966034	0.72023809523809523	0.24182673304470345
50	423	0.1182033096926714	499	0.11909307875894988	0.61818181818181817	1	0.89759786923966034	0.72023809523809523	0.24150203663584571
59	499	0.11823647294589178	500	0.11933174224343675	0.61818181818181817	1	0.89759786923966034	0.72023809523809523	0.24124059872734899
9	76	0.11842105263157894	501	0.11957040572792363	0.61818181818181817	1	0.89759786923966034	0.72023809523809523	0.24108366212973445
59	497	0.11871227364185111	502	0.1198090692124105	0.61818181818181817	1	0.89759786923966034	0.72023809523809523	0.24070792407283698
56	471	0.11889596602972399	503	0.12004773269689738	0.61818181818181817	1	0.89759786923966034	0.72023809523809523	0.24061376211426821
27	227	0.11894273127753303	504	0.12028639618138424	0.61818181818181817	1	0.89759786923966034	0.72023809523809523	0.2403004789062482
3	25	0.12	505	0.12052505966587113	0.61818181818181817	1	0.89925624403236348	0.72619047619047616	0.24074941268851527
59	491	0.12016293279022404	507	0.12100238663484487	0.63636363636363635	1	0.90127644605256541	0.7321428571428571	0.24137068195992889
60	499	0.12024048096192384	508	0.12124105011933174	0.63636363636363635	1	0.90127644605256541	0.7321428571428571	0.24105680876469973
17	141	0.12056737588652482	509	0.12147971360381861	0.63636363636363635	1	0.90127644605256541	0.7321428571428571	0.24090501762930203
60	497	0.12072434607645875	510	0.12171837708830549	0.63636363636363635	1	0.90127644605256541	0.7321428571428571	0.24065363502497825
19	157	0.12101910828025478	511	0.12195704057279236	0.63636363636363635	1	0.90127644605256541	0.7321428571428571	0.24056256034373963
23	190	0.12105263157894737	512	0.12219570405727924	0.63636363636363635	1	0.90127644605256541	0.7321428571428571	0.24026008000496166
55	454	0.1211453744493392	513	0.12243436754176611	0.63636363636363635	1	0.90127644605256541	0.7321428571428571	0.23990033080154916
61	500	0.122	514	0.12267303102625299	0.63636363636363635	1	0.90293482084526866	0.73809523809523814	0.24033323123444961
58	475	0.12210526315789473	515	0.12291169451073986	0.63636363636363635	1	0.90293482084526866	0.73809523809523814	0.23930496870433624
60	491	0.12219959266802444	516	0.12315035799522674	0.63636363636363635	1	0.90293482084526866	0.73809523809523814	0.23914262049990734
61	499	0.12224448897795591	517	0.1233890214797136	0.63636363636363635	1	0.90293482084526866	0.73809523809523814	0.23883903822911196
61	497	0.1227364185110664	518	0.12362768496420047	0.63636363636363635	1	0.90293482084526866	0.73809523809523814	0.2386921435819529
52	423	0.12293144208037825	519	0.12386634844868735	0.63636363636363635	1	0.90293482084526866	0.73809523809523814	0.23860400679365748
58	471	0.12314225053078556	520	0.12410501193317422	0.63636363636363635	1	0.90293482084526866	0.73809523809523814	0.23836211032534591
28	227	0.12334801762114538	521	0.1243436754176611	0.63636363636363635	1	0.90293482084526866	0.73809523809523814	0.23806988355737399
47	380	0.12368421052631579	522	0.12458233890214797	0.63636363636363635	1	0.9045931956379718	0.74404761904761907	0.23848759450140072
31	250	0.124	523	0.12482100238663485	0.63636363636363635	1	0.9045931956379718	0.74404761904761907	0.23814283484813042
59	475	0.12421052631578948	524	0.12505966587112172	0.65454545454545454	1	0.90661339765817373	0.75	0.23891088400327634
61	491	0.12423625254582485	525	0.12529832935560858	0.65454545454545454	1	0.90661339765817373	0.75	0.23875394740566178
62	499	0.12424849699398798	526	0.12553699284009545	0.65454545454545454	1	0.90661339765817373	0.75	0.23846015811134366
62	497	0.12474849094567404	527	0.12577565632458235	0.65454545454545454	1	0.90661339765817373	0.75	0.23831792678631661
59	471	0.12526539278131635	528	0.12601431980906921	0.65454545454545454	1	0.90661339765817373	0.75	0.23823258799130043
53	423	0.12529550827423167	529	0.12625298329355608	0.65454545454545454	1	0.90661339765817373	0.75	0.2379501021155942
57	454	0.12555066079295155	530	0.12649164677804295	0.65454545454545454	1	0.90661339765817373	0.75	0.23771716477573865
63	500	0.126	531	0.12673031026252984	0.65454545454545454	1	0.90827177245087698	0.75595238095238093	0.23812047189410926
63	499	0.12625250501002003	532	0.12696897374701671	0.67272727272727273	1	0.9102919744710789	0.76190476190476186	0.2388645195131569
62	491	0.12627291242362526	533	0.12720763723150358	0.67272727272727273	1	0.9102919744710789	0.76190476190476186	0.23872673291703694
12	95	0.12631578947368421	534	0.12744630071599045	0.67272727272727273	1	0.9102919744710789	0.76190476190476186	0.23844227026698292
9	71	0.12676056338028169	536	0.12792362768496421	0.67272727272727273	1	0.9102919744710789	0.76190476190476186	0.23795979130089739
20	157	0.12738853503184713	537	0.12816229116945108	0.67272727272727273	1	0.9102919744710789	0.76190476190476186	0.23787711934322545
6	47	0.1276595744680851	538	0.12840095465393794	0.67272727272727273	1	0.9102919744710789	0.76190476190476186	0.23760389529950959
29	227	0.1277533039647577	539	0.12863961813842481	0.67272727272727273	1	0.9102919744710789	0.76190476190476186	0.237379428408376
16	125	0.128	540	0.12887828162291171	0.67272727272727273	1	0.91195034926378205	0.7678571428571429	0.23776906409900528
64	499	0.12825651302605209	541	0.12911694510739857	0.69090909090909092	1	0.91397055128398408	0.77380952380952384	0.23849021794515915
63	491	0.12830957230142567	542	0.12935560859188544	0.69090909090909092	1	0.91397055128398408	0.77380952380952384	0.23835667093661211
61	475	0.12842105263157894	543	0.12959427207637231	0.69090909090909092	1	0.91397055128398408	0.77380952380952384	0.23808109774437225
64	497	0.12877263581488935	544	0.12983293556085918	0.69090909090909092	1	0.91397055128398408	0.77380952380952384	0.23793420309721322
49	380	0.12894736842105264	545	0.13007159904534607	0.69090909090909092	1	0.91397055128398408	0.77380952380952384	0.23785407489208499
61	471	0.12951167728237792	546	0.13031026252983294	0.69090909090909092	1	0.91397055128398408	0.77380952380952384	0.23753661457462469
59	454	0.12995594713656389	547	0.1305489260143198	0.69090909090909092	1	0.91397055128398408	0.77380952380952384	0.23727220420973838
13	100	0.13	548	0.13078758949880667	0.69090909090909092	1	0.91562892607668722	0.77976190476190477	0.23764885204401334
55	423	0.13002364066193853	549	0.13102625298329357	0.69090909090909092	1	0.91562892607668722	0.77976190476190477	0.23666465105981235
65	499	0.13026052104208416	550	0.13126491646778043	0.69090909090909092	1	0.91562892607668722	0.77976190476190477	0.23644820084336216
64	491	0.13034623217922606	551	0.1315035799522673	0.69090909090909092	1	0.91562892607668722	0.77976190476190477	0.23631870071386199
62	475	0.13052631578947368	552	0.13174224343675417	0.69090909090909092	1	0.91562892607668722	0.77976190476190477	0.23605160669676803
65	497	0.13078470824949698	553	0.13198090692124104	0.69090909090909092	1	0.91562892607668722	0.77976190476190477	0.23590937537174098
5	38	0.13157894736842105	554	0.13221957040572793	0.69090909090909092	1	0.91562892607668722	0.77976190476190477	0.23583167529404092
62	471	0.1316348195329087	555	0.1324582338902148	0.69090909090909092	1	0.91562892607668722	0.77976190476190477	0.2355266644007947
33	250	0.13200000000000001	556	0.13269689737470167	0.69090909090909092	1	0.91562892607668722	0.77976190476190477	0.23527064801574607
30	227	0.13215859030837004	557	0.13293556085918853	0.70909090909090911	1	0.91764912809688937	0.7857142857142857	0.23597420095810495
66	499	0.13226452905811623	558	0.13317422434367543	0.70909090909090911	1	0.9193075028895924	0.79166666666666663	0.23633849968305942
65	491	0.13238289205702647	559	0.1334128878281623	0.70909090909090911	1	0.9193075028895924	0.79166666666666663	0.23621286522906676
56	423	0.13238770685579196	560	0.13365155131264916	0.70909090909090911	1	0.9193075028895924	0.79166666666666663	0.23595386497006648
63	475	0.13263157894736843	561	0.13389021479713603	0.70909090909090911	1	0.9193075028895924	0.79166666666666663	0.23574500949805316
66	497	0.13279678068410464	562	0.1341288782816229	0.70909090909090911	1	0.9193075028895924	0.79166666666666663	0.2356072229019332
21	157	0.13375796178343949	563	0.13436754176610979	0.70909090909090911	1	0.9193075028895924	0.79166666666666663	0.2355318422295376
67	500	0.13400000000000001	564	0.13460620525059666	0.70909090909090911	1	0.9193075028895924	0.79166666666666663	0.23528382635652173
51	380	0.13421052631578947	565	0.13484486873508353	0.70909090909090911	1	0.9193075028895924	0.79166666666666663	0.23433269963717729
67	499	0.13426853707414829	566	0.1350835322195704	0.70909090909090911	1	0.9193075028895924	0.79166666666666663	0.23403941993213287
61	454	0.1343612334801762	567	0.13532219570405729	0.70909090909090911	1	0.9193075028895924	0.79166666666666663	0.23391748060913997
66	491	0.13441955193482688	568	0.13556085918854416	0.70909090909090911	1	0.9193075028895924	0.79166666666666663	0.23247791306698121
64	475	0.13473684210526315	569	0.13579952267303103	0.70909090909090911	1	0.9193075028895924	0.79166666666666663	0.23222664415899588
19	141	0.13475177304964539	570	0.13603818615751789	0.70909090909090911	1	0.9193075028895924	0.79166666666666663	0.2320930971504489
67	497	0.13480885311871227	571	0.13627684964200476	0.70909090909090911	1	0.9193075028895924	0.79166666666666663	0.2318914435912636
64	471	0.13588110403397027	572	0.13651551312649166	0.70909090909090911	1	0.9193075028895924	0.79166666666666663	0.23181827999746785
17	125	0.13600000000000001	573	0.13675417661097852	0.70909090909090911	1	0.9193075028895924	0.79166666666666663	0.23157789538208323
68	499	0.13627254509018036	574	0.13699284009546539	0.70909090909090911	1	0.9193075028895924	0.79166666666666663	0.23065433755315456
67	491	0.13645621181262729	575	0.13723150357995226	0.70909090909090911	1	0.9193075028895924	0.79166666666666663	0.2305359327032919
31	227	0.13656387665198239	576	0.13747016706443915	0.70909090909090911	1	0.9193075028895924	0.79166666666666663	0.23029205405730613
68	497	0.13682092555331993	577	0.13770883054892602	0.70909090909090911	1	0.9193075028895924	0.79166666666666663	0.22889818707204132
13	95	0.1368421052631579	578	0.13794749403341289	0.70909090909090911	1	0.9193075028895924	0.79166666666666663	0.22882714416212371
58	423	0.13711583924349882	580	0.13842482100238662	0.70909090909090911	1	0.9193075028895924	0.79166666666666663	0.22841543148626009
69	500	0.13800000000000001	581	0.13866348448687352	0.70909090909090911	1	0.9193075028895924	0.79166666666666663	0.22822061364094548
65	471	0.13800424628450106	582	0.13890214797136038	0.72727272727272729	1	0.92132770490979454	0.79761904761904767	0.22891074476585921
69	499	0.13827655310621242	583	0.13914081145584725	0.72727272727272729	1	0.92132770490979454	0.79761904761904767	0.22867764453275896
68	491	0.1384928716904277	584	0.13937947494033412	0.72727272727272729	1	0.92132770490979454	0.79761904761904767	0.22856262267860672
63	454	0.13876651982378854	585	0.13961813842482101	0.72727272727272729	1	0.92132770490979454	0.79761904761904767	0.22832581297888138
69	497	0.13883299798792756	586	0.13985680190930788	0.72727272727272729	1	0.92132770490979454	0.79761904761904767	0.22697550433690608
66	475	0.13894736842105262	587	0.14009546539379475	0.72727272727272729	1	0.92132770490979454	0.79761904761904767	0.22690649122441472
53	380	0.13947368421052631	588	0.14033412887828162	0.72727272727272729	1	0.92132770490979454	0.79761904761904767	0.22678085677042203
59	423	0.13947990543735225	589	0.14057279236276848	0.72727272727272729	1	0.92132770490979454	0.79761904761904767	0.22650909654059057
7	50	0.14000000000000001	590	0.14081145584725538	0.72727272727272729	1	0.92132770490979454	0.79761904761904767	0.22632077262345307
22	157	0.14012738853503184	591	0.14105011933174225	0.73134328358208955	1	0.92334790692999646	0.8035714285714286	0.22699146343498894
70	499	0.14028056112224449	592	0.14128878281622911	0.73134328358208955	1	0.92334790692999646	0.8035714285714286	0.22676532141780215
69	491	0.14052953156822812	593	0.14152744630071598	0.73134328358208955	1	0.92334790692999646	0.8035714285714286	0.2266535396158795
10	71	0.14084507042253522	594	0.14176610978520288	0.73134328358208955	1	0.92334790692999646	0.8035714285714286	0.22642349590757493
32	227	0.14096916299559473	595	0.14200477326968974	0.73134328358208955	1	0.92334790692999646	0.8035714285714286	0.22635642682642132
67	475	0.14105263157894737	596	0.14224343675417661	0.73134328358208955	1	0.92334790692999646	0.8035714285714286	0.22504766614266064
20	141	0.14184397163120568	597	0.14248210023866348	0.73134328358208955	1	0.92334790692999646	0.8035714285714286	0.22492572681966777
71	500	0.14199999999999999	598	0.14272076372315035	0.73134328358208955	1	0.92334790692999646	0.8035714285714286	0.22474357745719054
27	190	0.14210526315789473	599	0.14295942720763724	0.73134328358208955	1	0.92334790692999646	0.8035714285714286	0.22385242809186279
67	471	0.14225053078556263	600	0.14319809069212411	0.73134328358208955	1	0.92334790692999646	0.8035714285714286	0.22359055005220696
71	499	0.14228456913827656	601	0.14343675417661098	0.73134328358208955	1	0.92334790692999646	0.8035714285714286	0.22337105927081977
70	491	0.1425661914460285	602	0.14367541766109784	0.73134328358208955	1	0.92334790692999646	0.8035714285714286	0.2232623825189505
1	7	0.14285714285714285	603	0.14391408114558474	0.73134328358208955	1	0.92334790692999646	0.8035714285714286	0.22303881891510524
68	475	0.1431578947368421	604	0.14415274463007161	0.73134328358208955	1	0.92334790692999646	0.8035714285714286	0.22297361286398371
65	454	0.14317180616740088	605	0.14439140811455847	0.73134328358208955	1	0.92334790692999646	0.8035714285714286	0.22285520801412106
18	125	0.14399999999999999	606	0.14463007159904534	0.74545454545454548	1	0.92500628172269961	0.80952380952380953	0.22326960842852145
61	423	0.14420803782505912	607	0.14486873508353221	0.74545454545454548	1	0.92500628172269961	0.80952380952380953	0.2224028741142986
72	499	0.14428857715430862	608	0.1451073985680191	0.74545454545454548	1	0.92500628172269961	0.80952380952380953	0.22222660053770771
68	471	0.14437367303609341	609	0.14534606205250597	0.74545454545454548	1	0.92500628172269961	0.80952380952380953	0.22212090123109515
71	491	0.14460285132382891	610	0.14558472553699284	0.74545454545454548	1	0.92500628172269961	0.80952380952380953	0.22190777250134239
11	76	0.14473684210526316	611	0.1458233890214797	0.74545454545454548	1	0.92500628172269961	0.80952380952380953	0.22169041899760389
72	497	0.14486921529175051	612	0.1460620525059666	0.74545454545454548	1	0.92500628172269961	0.80952380952380953	0.22143789374507863
69	475	0.14526315789473684	613	0.14630071599045347	0.74545454545454548	1	0.92500628172269961	0.80952380952380953	0.22137447416111111
33	227	0.14537444933920704	614	0.14653937947494033	0.74545454545454548	1	0.92500628172269961	0.80952380952380953	0.22125945230695881
73	500	0.14599999999999999	615	0.1467780429594272	0.74545454545454548	1	0.92666465651540286	0.81547619047619047	0.22166148255973533
73	499	0.14629258517034069	616	0.14701670644391407	0.74545454545454548	1	0.92666465651540286	0.81547619047619047	0.22081817349724819
23	157	0.1464968152866242	617	0.14725536992840096	0.74545454545454548	1	0.92666465651540286	0.81547619047619047	0.2207153309286522
62	423	0.14657210401891252	618	0.14749403341288783	0.74545454545454548	1	0.92666465651540286	0.81547619047619047	0.2205082915911781
72	491	0.14663951120162932	619	0.1477326968973747	0.74545454545454548	1	0.92666465651540286	0.81547619047619047	0.22033761400114565
73	497	0.14688128772635814	620	0.14797136038186157	0.74545454545454548	1	0.92666465651540286	0.81547619047619047	0.22012621538792054
14	95	0.14736842105263157	621	0.14821002386634846	0.74545454545454548	1	0.92666465651540286	0.81547619047619047	0.22006450984676296
67	454	0.14757709251101322	623	0.1486873508353222	0.74545454545454548	1	0.92666465651540286	0.81547619047619047	0.21970906332749138
37	250	0.14799999999999999	624	0.14892601431980906	0.74545454545454548	1	0.92666465651540286	0.81547619047619047	0.21846528223296402
74	499	0.14829659318637275	625	0.14916467780429593	0.76119402985074625	1	0.92868485853560478	0.8214285714285714	0.21912594289362469
70	471	0.14861995753715498	626	0.14940334128878283	0.76119402985074625	1	0.92868485853560478	0.8214285714285714	0.21902584279352461
73	491	0.14867617107942974	627	0.14964200477326969	0.76119402985074625	1	0.92868485853560478	0.8214285714285714	0.21882463555006382
74	497	0.1488933601609658	628	0.14988066825775656	0.76119402985074625	1	0.92868485853560478	0.8214285714285714	0.21861895041287183
7	47	0.14893617021276595	629	0.15011933174224343	0.76119402985074625	1	0.92868485853560478	0.8214285714285714	0.21855889035281179
71	475	0.14947368421052631	630	0.15035799522673032	0.76119402985074625	1	0.92868485853560478	0.8214285714285714	0.21839354643746789
34	227	0.14977973568281938	631	0.15059665871121719	0.76119402985074625	1	0.92868485853560478	0.8214285714285714	0.21828486968559863
3	20	0.14999999999999999	632	0.15083532219570406	0.76363636363636367	1	0.93034323332830793	0.82738095238095233	0.21868744617513164
75	499	0.15030060120240482	634	0.15131264916467779	0.77611940298507465	1	0.93236343534850996	0.83333333333333337	0.2190954585432166
74	491	0.15071283095723015	635	0.15155131264916469	0.77611940298507465	1	0.93236343534850996	0.83333333333333337	0.21899799265627701
71	471	0.15074309978768577	636	0.15178997613365156	0.77611940298507465	1	0.93236343534850996	0.83333333333333337	0.21879779245607681
75	497	0.15090543259557343	637	0.15202863961813842	0.77611940298507465	1	0.93236343534850996	0.83333333333333337	0.2186021743027122
64	423	0.15130023640661938	638	0.15226730310262529	0.77611940298507465	1	0.93236343534850996	0.83333333333333337	0.21854369477054847
72	475	0.15157894736842106	639	0.15250596658711219	0.77611940298507465	1	0.93236343534850996	0.83333333333333337	0.21838343836029203
69	454	0.15198237885462554	640	0.15274463007159905	0.77611940298507465	1	0.93236343534850996	0.83333333333333337	0.2182777390536795
19	125	0.152	641	0.15298329355608592	0.77611940298507465	1	0.93236343534850996	0.83333333333333337	0.2170815117704957
76	499	0.15230460921843689	642	0.15322195704057279	0.77611940298507465	1	0.93236343534850996	0.83333333333333337	0.21626507674353435
29	190	0.15263157894736842	643	0.15346062052505965	0.77611940298507465	1	0.93236343534850996	0.83333333333333337	0.21617014243807373
75	491	0.15274949083503056	644	0.15369928400954655	0.77611940298507465	1	0.93236343534850996	0.83333333333333337	0.21594285495187332
24	157	0.15286624203821655	645	0.15393794749403342	0.77611940298507465	1	0.93236343534850996	0.83333333333333337	0.21574792317799418
76	497	0.15291750503018109	646	0.15417661097852028	0.77611940298507465	1	0.93236343534850996	0.83333333333333337	0.21555766442609159
65	423	0.15366430260047281	647	0.15441527446300715	0.77611940298507465	1	0.93236343534850996	0.83333333333333337	0.21550070384281522
73	475	0.15368421052631578	648	0.15465393794749405	0.77611940298507465	1	0.93236343534850996	0.83333333333333337	0.21534530368741506
77	500	0.154	649	0.15489260143198091	0.77611940298507465	1	0.93236343534850996	0.83333333333333337	0.21524246111881906
35	227	0.15418502202643172	650	0.15513126491646778	0.77611940298507465	1	0.93236343534850996	0.83333333333333337	0.21444696032331828
77	499	0.15430861723446893	651	0.15536992840095465	0.77611940298507465	1	0.93236343534850996	0.83333333333333337	0.21328442958332275
76	491	0.15478615071283094	652	0.15560859188544152	0.77611940298507465	1	0.93236343534850996	0.83333333333333337	0.21319192949082266
11	71	0.15492957746478872	653	0.15584725536992841	0.77611940298507465	1	0.93236343534850996	0.83333333333333337	0.21300206087990139
73	471	0.15498938428874734	654	0.15608591885441528	0.77611940298507465	1	0.93236343534850996	0.83333333333333337	0.21294656082440136
59	380	0.15526315789473685	655	0.15632458233890215	0.77611940298507465	1	0.93236343534850996	0.83333333333333337	0.21276144420092857
74	475	0.15578947368421053	656	0.15656324582338901	0.77611940298507465	1	0.93236343534850996	0.83333333333333337	0.21254173296426818
39	250	0.156	657	0.15680190930787591	0.77611940298507465	1	0.93236343534850996	0.83333333333333337	0.21244163286416809
22	141	0.15602836879432624	658	0.15704057279236278	0.77611940298507465	1	0.93236343534850996	0.83333333333333337	0.21166627132931287
78	499	0.15631262525050099	659	0.15727923627684964	0.77611940298507465	1	0.93236343534850996	0.83333333333333337	0.21151550998452168
71	454	0.15638766519823788	660	0.15751789976133651	0.77611940298507465	1	0.93236343534850996	0.83333333333333337	0.21142535166651527
77	491	0.15682281059063136	661	0.15775656324582338	0.77611940298507465	1	0.93236343534850996	0.83333333333333337	0.21029511344707516
78	497	0.15694164989939638	662	0.15799522673031027	0.77611940298507465	1	0.93236343534850996	0.83333333333333337	0.21011011326207496
74	471	0.15711252653927812	663	0.15823389021479714	0.77611940298507465	1	0.93236343534850996	0.83333333333333337	0.2100560182712711
3	19	0.15789473684210525	664	0.15847255369928401	0.77611940298507465	1	0.93236343534850996	0.83333333333333337	0.20987583809109092
79	500	0.158	666	0.15894988066825777	0.77611940298507465	1	0.93236343534850996	0.83333333333333337	0.20956586461459459
79	499	0.15831663326653306	667	0.15918854415274464	0.77611940298507465	1	0.93236343534850996	0.83333333333333337	0.20880988711811077
67	423	0.15839243498817968	668	0.15942720763723151	0.77611940298507465	1	0.93236343534850996	0.83333333333333337	0.20872198275805451
36	227	0.15859030837004406	669	0.15966587112171837	0.77611940298507465	1	0.93236343534850996	0.83333333333333337	0.20857565557046306
78	491	0.15885947046843177	670	0.15990453460620524	0.78181818181818186	1	0.9340218101412131	0.8392857142857143	0.20899845279691326
79	497	0.15895372233400401	671	0.16014319809069213	0.78181818181818186	1	0.9340218101412131	0.8392857142857143	0.20881813616090042
25	157	0.15923566878980891	672	0.160381861575179	0.78181818181818186	1	0.9340218101412131	0.8392857142857143	0.20876539354486667
4	25	0.16	673	0.16062052505966587	0.78181818181818186	1	0.9340218101412131	0.8392857142857143	0.20858995494837543
80	499	0.16032064128256512	675	0.1610978520286396	0.78181818181818186	1	0.9340218101412131	0.8392857142857143	0.20775770925745529
61	380	0.16052631578947368	676	0.1613365155131265	0.78181818181818186	1	0.9340218101412131	0.8392857142857143	0.20767197537542512
68	423	0.16075650118203311	677	0.16157517899761337	0.78181818181818186	1	0.9340218101412131	0.8392857142857143	0.20746632286940242
73	454	0.16079295154185022	678	0.16181384248210023	0.78181818181818186	1	0.9340218101412131	0.8392857142857143	0.20732423704956726
79	491	0.16089613034623218	679	0.1620525059665871	0.78181818181818186	1	0.9340218101412131	0.8392857142857143	0.20623410582244972
80	497	0.16096579476861167	680	0.162291169451074	0.78181818181818186	1	0.9340218101412131	0.8392857142857143	0.2060582971023372
76	471	0.16135881104033969	681	0.16252983293556086	0.78181818181818186	1	0.9340218101412131	0.8392857142857143	0.20600685677311908
81	500	0.16200000000000001	682	0.16276849642004773	0.78181818181818186	1	0.9340218101412131	0.8392857142857143	0.20583597502328999
77	475	0.16210526315789472	683	0.1630071599045346	0.78181818181818186	1	0.9340218101412131	0.8392857142857143	0.20511664684235384
81	499	0.16232464929859719	684	0.16324582338902147	0.78181818181818186	1	0.9340218101412131	0.8392857142857143	0.20502414674985375
80	491	0.16293279022403259	685	0.16348448687350836	0.78181818181818186	1	0.9340218101412131	0.8392857142857143	0.204940503938117
81	497	0.16297786720321933	686	0.16372315035799523	0.78181818181818186	1	0.9340218101412131	0.8392857142857143	0.20476903617405665
37	227	0.16299559471365638	687	0.1639618138424821	0.78181818181818186	1	0.9340218101412131	0.8392857142857143	0.20471885048701458
23	141	0.16312056737588654	688	0.16420047732696896	0.78181818181818186	1	0.9340218101412131	0.8392857142857143	0.20365778942595353
31	190	0.16315789473684211	689	0.16443914081145586	0.78181818181818186	1	0.9340218101412131	0.8392857142857143	0.20351976320097076
77	471	0.16348195329087048	690	0.16467780429594273	0.78181818181818186	1	0.9340218101412131	0.8392857142857143	0.20332063934593292
41	250	0.16400000000000001	691	0.16491646778042959	0.78181818181818186	1	0.9340218101412131	0.8392857142857143	0.20315413917943279
78	475	0.16421052631578947	692	0.16515513126491646	0.78181818181818186	1	0.9340218101412131	0.8392857142857143	0.20245214420767582
82	499	0.16432865731462926	693	0.16539379474940333	0.78181818181818186	1	0.9340218101412131	0.8392857142857143	0.20236198588966939
81	491	0.164969450101833	694	0.16563245823389022	0.78181818181818186	1	0.9340218101412131	0.8392857142857143	0.20228035856737209
82	497	0.16498993963782696	695	0.16587112171837709	0.78181818181818186	1	0.9340218101412131	0.8392857142857143	0.20211307294389858
75	454	0.16519823788546256	696	0.16610978520286396	0.78181818181818186	1	0.9340218101412131	0.8392857142857143	0.20206409655052016
70	423	0.16548463356973994	697	0.16634844868735083	0.78181818181818186	1	0.9340218101412131	0.8392857142857143	0.20103095814896071
26	157	0.16560509554140126	698	0.16658711217183772	0.78181818181818186	1	0.9340218101412131	0.8392857142857143	0.20089681998665354
63	380	0.16578947368421051	699	0.16682577565632459	0.78181818181818186	1	0.9340218101412131	0.8392857142857143	0.20073453501424199
83	500	0.16600000000000001	700	0.16706443914081145	0.78181818181818186	1	0.9340218101412131	0.8392857142857143	0.20054163377967407
79	475	0.16631578947368422	701	0.16730310262529832	0.78181818181818186	1	0.9340218101412131	0.8392857142857143	0.19985635297391136
83	499	0.16633266533066132	702	0.16754176610978519	0.78181818181818186	1	0.9340218101412131	0.8392857142857143	0.19976844861385507
83	497	0.16700201207243462	703	0.16778042959427208	0.78181818181818186	1	0.9340218101412131	0.8392857142857143	0.19968876479923151
82	491	0.16700610997963339	704	0.16801909307875895	0.78181818181818186	1	0.9340218101412131	0.8392857142857143	0.19964095451045735
38	227	0.16740088105726872	705	0.16825775656324582	0.78181818181818186	1	0.9340218101412131	0.8392857142857143	0.19947769986586272
79	471	0.16772823779193205	706	0.16849642004773269	0.78181818181818186	1	0.93568018493391625	0.84523809523809523	0.19991439767098157
71	423	0.16784869976359337	707	0.16873508353221958	0.78181818181818186	1	0.93568018493391625	0.84523809523809523	0.19975616982288033
21	125	0.16800000000000001	708	0.16897374701670645	0.78181818181818186	1	0.93568018493391625	0.84523809523809523	0.19962575772063723
84	499	0.16833667334669339	709	0.16921241050119332	0.78181818181818186	1	0.93568018493391625	0.84523809523809523	0.19895660116912775
16	95	0.16842105263157894	710	0.16945107398568018	0.78181818181818186	1	0.93568018493391625	0.84523809523809523	0.19887879226778943
12	71	0.16901408450704225	712	0.16992840095465395	0.78181818181818186	1	0.93568018493391625	0.84523809523809523	0.19860609257379344
83	491	0.1690427698574338	713	0.17016706443914081	0.78181818181818186	1	0.93568018493391625	0.84523809523809523	0.19855940723299045
77	454	0.1696035242290749	714	0.17040572792362768	0.78181818181818186	1	0.93568018493391625	0.84523809523809523	0.19840003960374331
80	471	0.16985138004246284	715	0.17064439140811455	0.78181818181818186	1	0.93568018493391625	0.84523809523809523	0.19740103860474231
17	100	0.17000000000000001	716	0.17088305489260144	0.78181818181818186	1	0.93568018493391625	0.84523809523809523	0.19724671761708798
8	47	0.1702127659574468	717	0.17112171837708831	0.80000000000000004	1	0.93770038695411828	0.85119047619047616	0.19788511250992885
85	499	0.17034068136272545	718	0.17136038186157518	0.80000000000000004	1	0.93770038695411828	0.85119047619047616	0.19775827334199378
81	475	0.17052631578947369	719	0.17159904534606205	0.80000000000000004	1	0.93770038695411828	0.85119047619047616	0.19768227394998894
85	497	0.17102615694164991	720	0.17183770883054891	0.80000000000000004	1	0.93770038695411828	0.85119047619047616	0.19759863113825216
13	76	0.17105263157894737	721	0.17207637231503581	0.80000000000000004	1	0.93770038695411828	0.85119047619047616	0.19755303150304926
84	491	0.17107942973523421	722	0.17231503579952268	0.80000000000000004	1	0.93770038695411828	0.85119047619047616	0.19737173132174907
39	227	0.17180616740088106	723	0.17255369928400954	0.80000000000000004	1	0.93770038695411828	0.85119047619047616	0.19721611351907245
27	157	0.17197452229299362	724	0.17279236276849641	0.80000000000000004	1	0.93770038695411828	0.85119047619047616	0.19624240368460311
43	250	0.17199999999999999	725	0.17303102625298331	0.80000000000000004	1	0.93770038695411828	0.85119047619047616	0.19609184662347695
86	499	0.17234468937875752	726	0.17326968973747017	0.80597014925373134	1	0.93972058897432043	0.8571428571428571	0.19671556577165478
73	423	0.17257683215130024	727	0.17350835322195704	0.80597014925373134	1	0.93972058897432043	0.8571428571428571	0.19664131349210981
82	475	0.17263157894736841	728	0.17374701670644391	0.80597014925373134	1	0.93972058897432043	0.8571428571428571	0.19651790240979461
86	497	0.17303822937625754	729	0.17398568019093077	0.80597014925373134	1	0.93972058897432043	0.8571428571428571	0.19643627508749731
85	491	0.17311608961303462	730	0.17422434367541767	0.80597014925373134	1	0.93972058897432043	0.8571428571428571	0.19639172371977032
33	190	0.1736842105263158	731	0.17446300715990454	0.80597014925373134	1	0.93972058897432043	0.8571428571428571	0.19623972493576058
87	500	0.17399999999999999	732	0.1747016706443914	0.80597014925373134	1	0.93972058897432043	0.8571428571428571	0.19606383670017086
79	454	0.17400881057268722	733	0.17494033412887827	0.80597014925373134	1	0.94174079099452235	0.86309523809523814	0.19667338041316285
82	471	0.17409766454352441	734	0.17517899761336517	0.80597014925373134	1	0.94174079099452235	0.86309523809523814	0.19572401332455525
87	499	0.17434869739478959	735	0.17541766109785203	0.80597014925373134	1	0.94174079099452235	0.86309523809523814	0.1955770841444201
83	475	0.17473684210526316	736	0.1756563245823389	0.80597014925373134	1	0.94174079099452235	0.86309523809523814	0.19550451941668293
74	423	0.17494089834515367	737	0.17589498806682577	0.80597014925373134	1	0.94174079099452235	0.86309523809523814	0.19542483560205937
87	497	0.1750503018108652	738	0.17613365155131264	0.80597014925373134	1	0.94174079099452235	0.86309523809523814	0.19530471548193926
86	491	0.17515274949083504	739	0.17637231503579953	0.80597014925373134	1	0.94174079099452235	0.86309523809523814	0.19526117664529696
22	125	0.17599999999999999	740	0.1766109785202864	0.80597014925373134	1	0.94174079099452235	0.86309523809523814	0.19511267208620697
40	227	0.1762114537444934	741	0.17684964200477327	0.80597014925373134	1	0.94376099301472438	0.86904761904761907	0.19570851818767107
83	471	0.17622080679405519	742	0.17708830548926013	0.80597014925373134	1	0.94376099301472438	0.86904761904761907	0.19478259226174513
67	380	0.1763157894736842	743	0.17732696897374703	0.80597014925373134	1	0.94376099301472438	0.86904761904761907	0.1946391613954227
88	499	0.17635270541082165	744	0.1775656324582339	0.80597014925373134	1	0.94376099301472438	0.86904761904761907	0.19446844634323265
84	475	0.17684210526315788	745	0.17780429594272076	0.80597014925373134	1	0.94376099301472438	0.86904761904761907	0.19439751228353455
88	497	0.17706237424547283	746	0.17804295942720763	0.80597014925373134	1	0.94376099301472438	0.86904761904761907	0.19431970338219626
87	491	0.17718940936863545	747	0.1782816229116945	0.80597014925373134	1	0.94376099301472438	0.86904761904761907	0.19427714294637738
25	141	0.1773049645390071	748	0.17852028639618139	0.80597014925373134	1	0.94376099301472438	0.86904761904761907	0.19413201349090312
89	500	0.17799999999999999	749	0.17875894988066826	0.80597014925373134	1	0.94376099301472438	0.86904761904761907	0.19401505442657563
28	157	0.17834394904458598	750	0.17899761336515513	0.80597014925373134	1	0.9457811950349263	0.875	0.19459765950356273
89	499	0.17835671342685372	751	0.179236276849642	0.80597014925373134	1	0.9457811950349263	0.875	0.19445760348115376
81	454	0.17841409691629956	752	0.17947494033412889	0.80597014925373134	1	0.9457811950349263	0.875	0.19438824573389338
17	95	0.17894736842105263	753	0.17971360381861576	0.80597014925373134	1	0.9457811950349263	0.875	0.19348490336713639
89	497	0.17907444668008049	755	0.18019093078758949	0.80597014925373134	1	0.9457811950349263	0.875	0.19324313718532382
88	491	0.17922606924643583	756	0.18042959427207636	0.80597014925373134	1	0.9457811950349263	0.875	0.1932015225369676
76	423	0.17966903073286053	757	0.18066825775656326	0.80597014925373134	1	0.9457811950349263	0.875	0.19305965441757139
9	50	0.17999999999999999	758	0.18090692124105012	0.80597014925373134	1	0.9457811950349263	0.875	0.19294573325101863
90	499	0.18036072144288579	759	0.18114558472553699	0.80597014925373134	1	0.94780139705512845	0.88095238095238093	0.19351553382081921
85	471	0.18046709129511676	760	0.18138424821002386	0.80597014925373134	1	0.94780139705512845	0.88095238095238093	0.19344770041965248
41	227	0.18061674008810572	761	0.18162291169451075	0.80597014925373134	1	0.94780139705512845	0.88095238095238093	0.19331090151404373
86	475	0.18105263157894738	762	0.18186157517899762	0.80597014925373134	1	0.94780139705512845	0.88095238095238093	0.19242932643323268
90	497	0.18108651911468812	763	0.18210023866348449	0.80597014925373134	1	0.94780139705512845	0.88095238095238093	0.19235507415368769
89	491	0.18126272912423624	764	0.18233890214797135	0.80597014925373134	1	0.94780139705512845	0.88095238095238093	0.19231437411298766
69	380	0.18157894736842106	765	0.18257756563245822	0.80597014925373134	1	0.94780139705512845	0.88095238095238093	0.19217565861846692
91	500	0.182	766	0.18281622911694512	0.80597014925373134	1	0.94780139705512845	0.88095238095238093	0.1920146280226537
77	423	0.18203309692671396	767	0.18305489260143198	0.80597014925373134	1	0.94982159907533037	0.88690476190476186	0.19257204162354558
91	499	0.18236472945891782	768	0.18329355608591885	0.80597014925373134	1	0.94982159907533037	0.88690476190476186	0.19246104151254548
86	471	0.18259023354564755	769	0.18353221957040572	0.80597014925373134	1	0.94982159907533037	0.88690476190476186	0.19239468275053453
83	454	0.1828193832599119	770	0.18377088305489261	0.80597014925373134	1	0.94982159907533037	0.88690476190476186	0.19226102864735353
13	71	0.18309859154929578	771	0.18400954653937948	0.80597014925373134	1	0.94982159907533037	0.88690476190476186	0.19140044344941895
87	475	0.1831578947368421	772	0.18424821002386635	0.80597014925373134	1	0.94982159907533037	0.88690476190476186	0.19136062819221239
90	491	0.18329938900203666	773	0.18448687350835322	0.80597014925373134	1	0.94982159907533037	0.88690476190476186	0.19128806346447524
23	125	0.184	774	0.18472553699284008	0.80597014925373134	1	0.94982159907533037	0.88690476190476186	0.19115239666214179
7	38	0.18421052631578946	775	0.18496420047732698	0.80597014925373134	1	0.94982159907533037	0.88690476190476186	0.19050307974354017
92	499	0.18436873747494989	776	0.18520286396181385	0.80597014925373134	1	0.94982159907533037	0.88690476190476186	0.19034658522084846
26	141	0.18439716312056736	777	0.18544152744630071	0.80597014925373134	1	0.94982159907533037	0.88690476190476186	0.19028165352898829
29	157	0.18471337579617833	778	0.18568019093078758	0.80597014925373134	1	0.94982159907533037	0.88690476190476186	0.19017346354738057
42	227	0.18502202643171806	779	0.18591885441527448	0.80597014925373134	1	0.94982159907533037	0.88690476190476186	0.19004284703745372
92	497	0.18511066398390341	780	0.18615751789976134	0.80597014925373134	1	0.94982159907533037	0.88690476190476186	0.18920251090299994
88	475	0.18526315789473685	781	0.18639618138424821	0.80597014925373134	1	0.94982159907533037	0.88690476190476186	0.18916355188788384
91	491	0.18533604887983707	782	0.18663484486873508	0.80597014925373134	1	0.94982159907533037	0.88690476190476186	0.18909261782818573
93	500	0.186	783	0.18687350835322195	0.80597014925373134	1	0.94982159907533037	0.88690476190476186	0.18895990030416387
93	499	0.18637274549098196	784	0.18711217183770884	0.80597014925373134	1	0.94982159907533037	0.88690476190476186	0.18832439863914952
79	423	0.1867612293144208	785	0.18735083532219571	0.80597014925373134	1	0.94982159907533037	0.88690476190476186	0.18826084847264807
88	471	0.18683651804670912	786	0.18758949880668258	0.80597014925373134	1	0.94982159907533037	0.88690476190476186	0.18815536324058055
71	380	0.18684210526315789	787	0.18782816229116944	0.80597014925373134	1	0.94982159907533037	0.88690476190476186	0.18802768193312397
93	497	0.18712273641851107	788	0.18806682577565634	0.80597014925373134	1	0.94982159907533037	0.88690476190476186	0.18787553448050703
85	454	0.18722466960352424	789	0.18830548926014321	0.80597014925373134	1	0.94982159907533037	0.88690476190476186	0.18783740438060617
89	475	0.18736842105263157	790	0.18854415274463007	0.80597014925373134	1	0.94982159907533037	0.88690476190476186	0.18701661094695365
92	491	0.18737270875763748	791	0.18878281622911694	0.80597014925373134	1	0.94982159907533037	0.88690476190476186	0.1869472531996933
47	250	0.188	792	0.18902147971360381	0.80597014925373134	1	0.94982159907533037	0.88690476190476186	0.18681738981597296
94	499	0.18837675350701402	793	0.1892601431980907	0.80597014925373134	1	0.9518418010955324	0.8928571428571429	0.18736485777665479
89	471	0.18895966029723993	794	0.18949880668257757	0.80597014925373134	1	0.9518418010955324	0.8928571428571429	0.18730264550839551
80	423	0.18912529550827423	795	0.18973747016706444	0.80597014925373134	1	0.9518418010955324	0.8928571428571429	0.18717780156332683
94	497	0.1891348088531187	796	0.1899761336515513	0.80597014925373134	1	0.9518418010955324	0.8928571428571429	0.18707492090489064
93	491	0.18940936863543789	797	0.1902147971360382	0.80597014925373134	1	0.9518418010955324	0.8928571428571429	0.18703759354393504
43	227	0.1894273127753304	798	0.19045346062052507	0.80597014925373134	1	0.9518418010955324	0.8928571428571429	0.18691049321093217
18	95	0.18947368421052632	799	0.19069212410501193	0.80597014925373134	1	0.9518418010955324	0.8928571428571429	0.18610856859184635
19	100	0.19	801	0.19116945107398567	0.80597014925373134	1	0.9518418010955324	0.8928571428571429	0.18589275616142206
95	499	0.19038076152304609	802	0.19140811455847256	0.80597014925373134	1	0.9518418010955324	0.8928571428571429	0.18527141113218229
30	157	0.19108280254777071	803	0.19164677804295943	0.80597014925373134	1	0.9518418010955324	0.8928571428571429	0.18521049495284506
95	497	0.19114688128772636	804	0.1918854415274463	0.80597014925373134	1	0.9518418010955324	0.8928571428571429	0.18508839483074493
94	491	0.19144602851323828	805	0.19212410501193317	0.80597014925373134	1	0.9518418010955324	0.8928571428571429	0.1850518451231426
9	47	0.19148936170212766	806	0.19236276849642006	0.80597014925373134	1	0.9518418010955324	0.8928571428571429	0.18492742058662401
91	475	0.19157894736842104	807	0.19260143198090693	0.80597014925373134	1	0.9518418010955324	0.8928571428571429	0.1848270492125399
87	454	0.19162995594713655	808	0.1928400954653938	0.80597014925373134	1	0.9518418010955324	0.8928571428571429	0.18476069045052895
24	125	0.192	809	0.19307875894988066	0.80597014925373134	1	0.9518418010955324	0.8928571428571429	0.18397699139096782
73	380	0.19210526315789472	810	0.19331742243436753	0.80597014925373134	1	0.9518418010955324	0.8928571428571429	0.18336845759944434
96	499	0.19238476953907815	811	0.19355608591885443	0.80597014925373134	1	0.9518418010955324	0.8928571428571429	0.18322447800340994
96	497	0.19315895372233399	812	0.19379474940334129	0.80597014925373134	1	0.9518418010955324	0.8928571428571429	0.18316481782777039
91	471	0.1932059447983015	813	0.19403341288782816	0.80597014925373134	1	0.9518418010955324	0.8928571428571429	0.18312902172238665
95	491	0.19348268839103869	814	0.19427207637231503	0.80597014925373134	1	0.9518418010955324	0.8928571428571429	0.18300957595076697
92	475	0.19368421052631579	815	0.19451073985680192	0.80597014925373134	1	0.9518418010955324	0.8928571428571429	0.18288774359209251
44	227	0.19383259911894274	816	0.19474940334128879	0.80597014925373134	1	0.9518418010955324	0.8928571428571429	0.18282281190023233
82	423	0.19385342789598109	817	0.19498806682577566	0.80597014925373134	1	0.9518418010955324	0.8928571428571429	0.18205672405549281
97	500	0.19400000000000001	818	0.19522673031026253	0.80597014925373134	1	0.9518418010955324	0.8928571428571429	0.18195877126873605
97	499	0.19438877755511022	819	0.19546539379474939	0.80597014925373134	1	0.9518418010955324	0.8928571428571429	0.18136265653418243
37	190	0.19473684210526315	820	0.19570405727923629	0.80597014925373134	1	0.9518418010955324	0.8928571428571429	0.18130421391314777
97	497	0.19517102615694165	821	0.19594272076372315	0.80597014925373134	1	0.9518418010955324	0.8928571428571429	0.18116407377300761
92	471	0.19532908704883228	822	0.19618138424821002	0.80597014925373134	1	0.9518418010955324	0.8928571428571429	0.1811290082003868
96	491	0.1955193482688391	823	0.19642004773269689	0.80597014925373134	1	0.9518418010955324	0.8928571428571429	0.18101213115503853
93	475	0.19578947368421051	824	0.19665871121718376	0.80597014925373134	1	0.9518418010955324	0.8928571428571429	0.18089281080375941
49	250	0.19600000000000001	825	0.19689737470167065	0.80597014925373134	1	0.9518418010955324	0.8928571428571429	0.18082926063725799
89	454	0.1960352422907489	826	0.19713603818615752	0.80597014925373134	1	0.9518418010955324	0.8928571428571429	0.18024518862461453
83	423	0.19621749408983452	827	0.19737470167064439	0.80597014925373134	1	0.9518418010955324	0.8928571428571429	0.17949612495420253
98	499	0.19639278557114229	828	0.19761336515513125	0.80597014925373134	1	0.9518418010955324	0.8928571428571429	0.17940050437665425
14	71	0.19718309859154928	829	0.19785202863961815	0.80597014925373134	1	0.9518418010955324	0.8928571428571429	0.17934324241463037
15	76	0.19736842105263158	830	0.19809069212410502	0.80597014925373134	1	0.9518418010955324	0.8928571428571429	0.17930888523741606
31	157	0.19745222929936307	831	0.19832935560859188	0.80597014925373134	1	0.9518418010955324	0.8928571428571429	0.17917243299570065
97	491	0.19755600814663951	832	0.19856801909307875	0.80597014925373134	1	0.9518418010955324	0.8928571428571429	0.17905804269599809
94	475	0.19789473684210526	833	0.19880668257756562	0.80597014925373134	1	0.9518418010955324	0.8928571428571429	0.17894115745392872
99	500	0.19800000000000001	834	0.19904534606205251	0.80597014925373134	1	0.9518418010955324	0.8928571428571429	0.17887894518566944
45	227	0.19823788546255505	835	0.19928400954653938	0.80597014925373134	1	0.9518418010955324	0.8928571428571429	0.17830655461327885
99	499	0.19839679358717435	836	0.19952267303102625	0.82089552238805974	1	0.95350017588823555	0.89880952380952384	0.17879495510167934
28	141	0.19858156028368795	837	0.19976133651551312	0.82089552238805974	1	0.95350017588823555	0.89880952380952384	0.17873883837889598
99	497	0.19919517102615694	838	0.20000000000000001	0.82089552238805974	1	0.95350017588823555	0.89880952380952384	0.17864546769729001
94	471	0.19957537154989385	839	0.20023866348448688	0.82089552238805974	1	0.95350017588823555	0.89880952380952384	0.17861179766361995
98	491	0.19959266802443992	840	0.20047732696897375	0.82089552238805974	1	0.95350017588823555	0.89880952380952384	0.17849981558075323
1	5	0.20000000000000001	841	0.20071599045346061	0.82089552238805974	1	0.95350017588823555	0.89880952380952384	0.17838529165670547
100	499	0.20040080160320642	844	0.20143198090692124	0.82089552238805974	1	0.95552037790843769	0.90476190476190477	0.17873052135511391
91	454	0.20044052863436124	845	0.20167064439140811	0.82089552238805974	1	0.95552037790843769	0.90476190476190477	0.17867551585456387
85	423	0.20094562647754138	846	0.20190930787589498	0.82089552238805974	1	0.95552037790843769	0.90476190476190477	0.17794556947244355
100	497	0.2012072434607646	847	0.20214797136038187	0.82089552238805974	1	0.95552037790843769	0.90476190476190477	0.17785437020203776
99	491	0.20162932790224034	848	0.20238663484486874	0.82089552238805974	1	0.95552037790843769	0.90476190476190477	0.17782136690170772
95	471	0.20169851380042464	849	0.20262529832935561	0.82089552238805974	1	0.95552037790843769	0.90476190476190477	0.17770913345614092
101	500	0.20200000000000001	850	0.20286396181384247	0.82089552238805974	1	0.95552037790843769	0.90476190476190477	0.17759948433333389
96	475	0.20210526315789473	851	0.20310262529832934	0.82089552238805974	1	0.95552037790843769	0.90476190476190477	0.17703864393556862
101	499	0.20240480961923848	852	0.20334128878281624	0.82089552238805974	1	0.95552037790843769	0.90476190476190477	0.17697898375992907
77	380	0.20263157894736841	853	0.2035799522673031	0.82089552238805974	1	0.95552037790843769	0.90476190476190477	0.17692505679860548
46	227	0.20264317180616739	854	0.20381861575178997	0.82089552238805974	1	0.95552037790843769	0.90476190476190477	0.17679555666910537
101	497	0.20321931589537223	855	0.20405727923627684	0.82089552238805974	1	0.95552037790843769	0.90476190476190477	0.17608130805864355
86	423	0.20330969267139479	856	0.20429594272076373	0.82089552238805974	1	0.95552037790843769	0.90476190476190477	0.17604895188184944
100	491	0.20366598778004075	857	0.2045346062052506	0.82089552238805974	1	0.95552037790843769	0.90476190476190477	0.17595984914639545
32	157	0.20382165605095542	858	0.20477326968973747	0.82089552238805974	1	0.95552037790843769	0.90476190476190477	0.17584983814529534
51	250	0.20399999999999999	859	0.20501193317422434	0.82089552238805974	1	0.95552037790843769	0.90476190476190477	0.17574244982914411
97	475	0.20421052631578948	860	0.2052505966587112	0.82089552238805974	1	0.95552037790843769	0.90476190476190477	0.17519249953618987
102	499	0.20440881763527055	861	0.2054892601431981	0.82089552238805974	1	0.95552037790843769	0.90476190476190477	0.17513405691515518
93	454	0.20484581497797358	862	0.20572792362768497	0.82089552238805974	1	0.95552037790843769	0.90476190476190477	0.17508117707929419
102	497	0.20523138832997989	863	0.20596658711217183	0.82089552238805974	1	0.95552037790843769	0.90476190476190477	0.17438212524777838
39	190	0.20526315789473684	864	0.2062052505966587	0.82089552238805974	1	0.95552037790843769	0.90476190476190477	0.17435039734626179
29	141	0.20567375886524822	865	0.2064439140811456	0.82089552238805974	1	0.95552037790843769	0.90476190476190477	0.17422417570105281
101	491	0.20570264765784113	866	0.20668257756563246	0.82089552238805974	1	0.95552037790843769	0.90476190476190477	0.17413709802776822
97	471	0.20594479830148621	867	0.20692124105011933	0.82089552238805974	1	0.95552037790843769	0.90476190476190477	0.17402924410512108
103	500	0.20599999999999999	868	0.2071599045346062	0.82089552238805974	1	0.95552037790843769	0.90476190476190477	0.17392404738725867
98	475	0.2063157894736842	869	0.20739856801909307	0.82089552238805974	1	0.95552037790843769	0.90476190476190477	0.17338467306147659
103	499	0.20641282565130262	870	0.20763723150357996	0.82089552238805974	1	0.95552037790843769	0.90476190476190477	0.17332741109945271
47	227	0.20704845814977973	871	0.20787589498806683	0.82089552238805974	1	0.95552037790843769	0.90476190476190477	0.17327554818351212
103	497	0.20724346076458752	872	0.2081145584725537	0.82089552238805974	1	0.95552037790843769	0.90476190476190477	0.1725912132326598
102	491	0.20773930753564154	873	0.20835322195704056	0.82089552238805974	1	0.95552037790843769	0.90476190476190477	0.17256009548309548
79	380	0.20789473684210527	874	0.20859188544152746	0.82089552238805974	1	0.95552037790843769	0.90476190476190477	0.17245433581137348
26	125	0.20799999999999999	875	0.20883054892601433	0.82089552238805974	1	0.95552037790843769	0.90476190476190477	0.17233126970729473
88	423	0.20803782505910165	876	0.20906921241050119	0.82089552238805974	1	0.95754057992863961	0.9107142857142857	0.17286037023639525
98	471	0.20806794055201699	877	0.20930787589498806	0.82089552238805974	1	0.95754057992863961	0.9107142857142857	0.17277524936475752
104	499	0.20841683366733466	878	0.20954653937947493	0.82089552238805974	1	0.95754057992863961	0.9107142857142857	0.17267217783311456
99	475	0.20842105263157895	879	0.20978520286396182	0.82089552238805974	1	0.95754057992863961	0.9107142857142857	0.17262130278223953
95	454	0.20925110132158589	880	0.21002386634844869	0.82089552238805974	1	0.95754057992863961	0.9107142857142857	0.17256518605945612
104	497	0.20925553319919518	881	0.21026252983293556	0.82089552238805974	1	0.95754057992863961	0.9107142857142857	0.17189510808674657
103	491	0.20977596741344195	882	0.21050119331742242	0.82089552238805974	1	0.95754057992863961	0.9107142857142857	0.17186458305622154
21	100	0.20999999999999999	883	0.21073985680190932	0.82089552238805974	1	0.95754057992863961	0.9107142857142857	0.17176085722434037
33	157	0.21019108280254778	884	0.21097852028639619	0.82089552238805974	1	0.95754057992863961	0.9107142857142857	0.17123175669523982
89	423	0.21040189125295508	885	0.21121718377088305	0.82089552238805974	1	0.95754057992863961	0.9107142857142857	0.17113074659422972
105	499	0.21042084168336672	886	0.21145584725536992	0.82089552238805974	1	0.95754057992863961	0.9107142857142857	0.1710475172975173
4	19	0.21052631578947367	887	0.21169451073985679	0.82089552238805974	1	0.95754057992863961	0.9107142857142857	0.17099760215326254
15	71	0.21126760563380281	889	0.21217183770883055	0.82089552238805974	1	0.95754057992863961	0.9107142857142857	0.17082256921787023
48	227	0.21145374449339208	890	0.21241050119331742	0.82089552238805974	1	0.95754057992863961	0.9107142857142857	0.17079262013131735
104	491	0.21181262729124237	891	0.21264916467780429	0.82089552238805974	1	0.95754057992863961	0.9107142857142857	0.17013635819928222
53	250	0.21199999999999999	892	0.21288782816229118	0.82089552238805974	1	0.95754057992863961	0.9107142857142857	0.17003460809753213
100	471	0.21231422505307856	893	0.21312649164677805	0.82089552238805974	1	0.95754057992863961	0.9107142857142857	0.16951539729794751
106	499	0.21242484969939879	894	0.21336515513126492	0.82089552238805974	1	0.95754057992863961	0.9107142857142857	0.16941638739695741
101	475	0.21263157894736842	895	0.21360381861575178	0.82089552238805974	1	0.95754057992863961	0.9107142857142857	0.16936740524605318
10	47	0.21276595744680851	896	0.21384248210023865	0.82089552238805974	1	0.95754057992863961	0.9107142857142857	0.16931347828472959
81	380	0.2131578947368421	897	0.21408114558472555	0.82089552238805974	1	0.95754057992863961	0.9107142857142857	0.16923207820332953
106	497	0.21327967806841047	898	0.21431980906921241	0.82089552238805974	1	0.95754057992863961	0.9107142857142857	0.16911497826689806
97	454	0.21365638766519823	899	0.21455847255369928	0.82089552238805974	1	0.95754057992863961	0.9107142857142857	0.16908558897635553
105	491	0.21384928716904278	900	0.21479713603818615	0.83333333333333337	1	0.95919895472134287	0.91666666666666663	0.16957650699304674
107	500	0.214	901	0.21503579952267304	0.83333333333333337	1	0.95919895472134287	0.91666666666666663	0.1694766767045372
107	499	0.21442885771543085	902	0.21527446300715991	0.83333333333333337	1	0.95919895472134287	0.91666666666666663	0.1689670809197597
101	471	0.21443736730360935	903	0.21551312649164678	0.83333333333333337	1	0.95919895472134287	0.91666666666666663	0.16891900584572409
102	475	0.21473684210526317	904	0.21575178997613365	0.83333333333333337	1	0.95919895472134287	0.91666666666666663	0.16882193731534165
91	423	0.21513002364066194	905	0.21599045346062051	0.83333333333333337	1	0.95919895472134287	0.91666666666666663	0.16876905747948065
107	497	0.2152917505030181	906	0.21622911694510741	0.83333333333333337	1	0.95919895472134287	0.91666666666666663	0.16868942696506753
41	190	0.21578947368421053	907	0.21646778042959428	0.83333333333333337	1	0.95919895472134287	0.91666666666666663	0.16866058192064617
49	227	0.21585903083700442	908	0.21670644391408114	0.83333333333333337	1	0.95919895472134287	0.91666666666666663	0.16854630366942991
106	491	0.21588594704684319	909	0.21694510739856801	0.83333333333333337	1	0.95919895472134287	0.91666666666666663	0.16790496969476262
27	125	0.216	910	0.21718377088305491	0.83333333333333337	1	0.95919895472134287	0.91666666666666663	0.16780700539295421
108	499	0.21643286573146292	911	0.21742243436754177	0.83333333333333337	1	0.95919895472134287	0.91666666666666663	0.16730675998954875
34	157	0.21656050955414013	912	0.21766109785202864	0.83333333333333337	1	0.95919895472134287	0.91666666666666663	0.16725956702696332
103	475	0.21684210526315789	913	0.21789976133651551	0.83333333333333337	1	0.95919895472134287	0.91666666666666663	0.16716438332241357
108	497	0.21730382293762576	914	0.21813842482100237	0.83333333333333337	1	0.95919895472134287	0.91666666666666663	0.16711252040647295
92	423	0.21749408983451538	915	0.21837708830548927	0.83333333333333337	1	0.95919895472134287	0.91666666666666663	0.16708420462892171
107	491	0.21792260692464357	916	0.21861575178997614	0.83333333333333337	1	0.95919895472134287	0.91666666666666663	0.16700628659868952
109	500	0.218	917	0.218854415274463	0.83333333333333337	1	0.95919895472134287	0.91666666666666663	0.16691013645061828
99	454	0.21806167400881057	918	0.21909307875894987	0.83333333333333337	1	0.95919895472134287	0.91666666666666663	0.16641898641818387
83	380	0.21842105263157896	919	0.21933174224343677	0.83333333333333337	1	0.95919895472134287	0.91666666666666663	0.1657904791230099
109	499	0.21843687374749499	920	0.21957040572792363	0.83333333333333337	1	0.95919895472134287	0.91666666666666663	0.16567892178253688
103	471	0.21868365180467092	921	0.2198090692124105	0.83333333333333337	1	0.95919895472134287	0.91666666666666663	0.16563258687381666
104	475	0.21894736842105264	922	0.22004773269689737	0.83333333333333337	1	0.95919895472134287	0.91666666666666663	0.1655392336251236
109	497	0.21931589537223339	923	0.22028639618138424	0.83333333333333337	1	0.95919895472134287	0.91666666666666663	0.16548835857424854
31	141	0.21985815602836881	924	0.22052505966587113	0.83333333333333337	1	0.95919895472134287	0.91666666666666663	0.1654605576290164
108	491	0.21995926680244399	925	0.220763723150358	0.83333333333333337	1	0.95919895472134287	0.91666666666666663	0.16538429742921468
11	50	0.22	926	0.22100238663484487	0.83333333333333337	1	0.95919895472134287	0.91666666666666663	0.16528991150404385
50	227	0.22026431718061673	927	0.22124105011933173	0.83333333333333337	1	0.96121915674154479	0.92261904761904767	0.16580861202274436
110	499	0.22044088176352705	928	0.22147971360381863	0.83333333333333337	1	0.96121915674154479	0.92261904761904767	0.16519255041658376
104	471	0.2208067940552017	929	0.2217183770883055	0.83333333333333337	1	0.96121915674154479	0.92261904761904767	0.16514705037108371
21	95	0.22105263157894736	930	0.22195704057279236	0.83333333333333337	1	0.96121915674154479	0.92261904761904767	0.16505547527950862
110	497	0.22132796780684105	932	0.2224343675417661	0.83333333333333337	1	0.96121915674154479	0.92261904761904767	0.1648966276733802
109	491	0.2219959266802444	933	0.22267303102625299	0.83333333333333337	1	0.96121915674154479	0.92261904761904767	0.1648693276460802
111	500	0.222	934	0.22291169451073986	0.83333333333333337	1	0.96121915674154479	0.92261904761904767	0.16477665782863971
2	9	0.22222222222222221	935	0.22315035799522673	0.83333333333333337	1	0.96121915674154479	0.92261904761904767	0.16429403234601425
111	499	0.22244488977955912	936	0.2233890214797136	0.83333333333333337	1	0.96121915674154479	0.92261904761904767	0.1642193776241031
101	454	0.22246696035242292	937	0.22362768496420049	0.83333333333333337	1	0.96121915674154479	0.92261904761904767	0.16417469007941554
35	157	0.22292993630573249	938	0.22386634844868736	0.83333333333333337	1	0.96121915674154479	0.92261904761904767	0.16357070811259139
106	475	0.22315789473684211	939	0.22410501193317423	0.83333333333333337	1	0.96121915674154479	0.92261904761904767	0.16348086085293284
111	497	0.22334004024144868	940	0.22434367541766109	0.83333333333333337	1	0.96121915674154479	0.92261904761904767	0.16343187870202863
17	76	0.22368421052631579	941	0.22458233890214796	0.83333333333333337	1	0.96121915674154479	0.92261904761904767	0.16340506617521611
28	125	0.224	942	0.22482100238663486	0.83333333333333337	1	0.96121915674154479	0.92261904761904767	0.16329866702640927
110	491	0.22403258655804481	943	0.22505966587112172	0.83333333333333337	1	0.96121915674154479	0.92261904761904767	0.16282458358772409
112	499	0.22444889779559118	944	0.22529832935560859	0.83333333333333337	1	0.96121915674154479	0.92261904761904767	0.16273358349672398
95	423	0.22458628841607564	945	0.22553699284009546	0.83333333333333337	1	0.96121915674154479	0.92261904761904767	0.16268968688203092
51	227	0.22466960352422907	946	0.22577565632458235	0.83333333333333337	1	0.96121915674154479	0.92261904761904767	0.16261658746682622
106	471	0.22505307855626328	947	0.22601431980906922	0.83333333333333337	1	0.96121915674154479	0.92261904761904767	0.16202433330518312
107	475	0.22526315789473683	948	0.22625298329355609	0.83333333333333337	1	0.96121915674154479	0.92261904761904767	0.16193616543355555
16	71	0.22535211267605634	949	0.22649164677804295	0.83333333333333337	1	0.96121915674154479	0.92261904761904767	0.16188809035951995
113	500	0.22600000000000001	950	0.22673031026252982	0.83333333333333337	1	0.96121915674154479	0.92261904761904767	0.16186175239070411
111	491	0.22606924643584522	951	0.22696897374701672	0.83333333333333337	1	0.96121915674154479	0.92261904761904767	0.16139598620532916
43	190	0.22631578947368422	952	0.22720763723150358	0.83333333333333337	1	0.96121915674154479	0.92261904761904767	0.16130661111595407
113	499	0.22645290581162325	953	0.22744630071599045	0.83333333333333337	1	0.96121915674154479	0.92261904761904767	0.1612026579245911
103	454	0.22687224669603523	954	0.22768496420047732	0.83333333333333337	1	0.96121915674154479	0.92261904761904767	0.16115953142594525
32	141	0.22695035460992907	955	0.22792362768496421	0.83333333333333337	1	0.96287753153424793	0.9285714285714286	0.16164704283578676
107	471	0.22717622080679406	956	0.22816229116945108	0.83333333333333337	1	0.96287753153424793	0.9285714285714286	0.1615754506250193
113	497	0.22736418511066397	957	0.22840095465393795	0.83333333333333337	1	0.96287753153424793	0.9285714285714286	0.1614889154917552
108	475	0.22736842105263158	958	0.22863961813842482	0.83333333333333337	1	0.96287753153424793	0.9285714285714286	0.16146303959256769
57	250	0.22800000000000001	959	0.22887828162291168	0.83333333333333337	1	0.96287753153424793	0.9285714285714286	0.16141584662998229
112	491	0.22810590631364563	960	0.22911694510739858	0.83333333333333337	1	0.96287753153424793	0.9285714285714286	0.16095818072609214
114	499	0.22845691382765532	961	0.22935560859188545	0.83333333333333337	1	0.96287753153424793	0.9285714285714286	0.16087038749670599
87	380	0.22894736842105262	962	0.22959427207637231	0.83333333333333337	1	0.96287753153424793	0.9285714285714286	0.16082801102412356
52	227	0.22907488986784141	963	0.22983293556085918	0.83333333333333337	1	0.96287753153424793	0.9285714285714286	0.16072642040529156
36	157	0.22929936305732485	964	0.23007159904534608	0.83333333333333337	1	0.96287753153424793	0.9285714285714286	0.16014644482531595
97	423	0.2293144208037825	965	0.23031026252983294	0.83333333333333337	1	0.96287753153424793	0.9285714285714286	0.16006149749266221
114	497	0.22937625754527163	966	0.23054892601431981	0.83333333333333337	1	0.96287753153424793	0.9285714285714286	0.15999136634742062
109	475	0.2294736842105263	967	0.23078758949880668	0.83333333333333337	1	0.96287753153424793	0.9285714285714286	0.15996594046387116
23	100	0.23000000000000001	968	0.23102625298329355	0.83333333333333337	1	0.96287753153424793	0.9285714285714286	0.15991960555515095
113	491	0.23014256619144602	969	0.23126491646778044	0.83333333333333337	1	0.96287753153424793	0.9285714285714286	0.15946983044270716
115	499	0.23046092184368738	970	0.23150357995226731	0.83333333333333337	1	0.96287753153424793	0.9285714285714286	0.15938357744541548
105	454	0.23127753303964757	971	0.23174224343675418	0.83333333333333337	1	0.96287753153424793	0.9285714285714286	0.15934193160167071
115	497	0.23138832997987926	972	0.23198090692124104	0.83333333333333337	1	0.96287753153424793	0.9285714285714286	0.15877289895716634
109	471	0.23142250530785563	973	0.23221957040572791	0.83333333333333337	1	0.96287753153424793	0.9285714285714286	0.15874791145091949
22	95	0.23157894736842105	974	0.2324582338902148	0.83333333333333337	1	0.96287753153424793	0.9285714285714286	0.15866450861522308
98	423	0.23167848699763594	976	0.23293556085918854	0.83333333333333337	1	0.96287753153424793	0.9285714285714286	0.15851970088614567
29	125	0.23200000000000001	977	0.23317422434367541	0.83333333333333337	1	0.96287753153424793	0.9285714285714286	0.15845098653171705
114	491	0.23217922606924643	978	0.2334128878281623	0.83333333333333337	1	0.96287753153424793	0.9285714285714286	0.15800889988273384
116	499	0.23246492985971945	979	0.23365155131264917	0.83333333333333337	1	0.96287753153424793	0.9285714285714286	0.15792414693756901
116	497	0.23340040241448692	980	0.23389021479713604	0.83333333333333337	1	0.96287753153424793	0.9285714285714286	0.15788321298858909
53	227	0.23348017621145375	981	0.2341288782816229	0.83333333333333337	1	0.96287753153424793	0.9285714285714286	0.1578586526192011
110	471	0.23354564755838642	982	0.23436754176610977	0.83333333333333337	1	0.96287753153424793	0.9285714285714286	0.15730025609889309
111	475	0.2336842105263158	983	0.23460620525059667	0.83333333333333337	1	0.96287753153424793	0.9285714285714286	0.15721835601699302
117	500	0.23400000000000001	984	0.23484486873508353	0.83333333333333337	1	0.96287753153424793	0.9285714285714286	0.15717366847230549
11	47	0.23404255319148937	985	0.2350835322195704	0.83333333333333337	1	0.96287753153424793	0.9285714285714286	0.15673907481737284
89	380	0.23421052631578948	986	0.23532219570405727	0.83333333333333337	1	0.96287753153424793	0.9285714285714286	0.15667173475003277
115	491	0.23421588594704684	987	0.23556085918854416	0.83333333333333337	1	0.96287753153424793	0.9285714285714286	0.15657463390386825
117	499	0.23446893787575152	988	0.23579952267303103	0.83333333333333337	1	0.96287753153424793	0.9285714285714286	0.15649134221637867
117	497	0.23541247484909456	989	0.2360381861575179	0.83333333333333337	1	0.96287753153424793	0.9285714285714286	0.15645110206314417
37	157	0.2356687898089172	990	0.23627684964200477	0.83333333333333337	1	0.96287753153424793	0.9285714285714286	0.15642695797120348
107	454	0.23568281938325991	991	0.23651551312649163	0.83333333333333337	1	0.96287753153424793	0.9285714285714286	0.15634652039076588
112	475	0.23578947368421052	992	0.23675417661097853	0.83333333333333337	1	0.96453590632695119	0.93452380952380953	0.15682727113112205
59	250	0.23599999999999999	993	0.2369928400954654	0.83333333333333337	1	0.96453590632695119	0.93452380952380953	0.15678337451642899
116	491	0.23625254582484725	994	0.23723150357995226	0.83333333333333337	1	0.96453590632695119	0.93452380952380953	0.15635608495653719
100	423	0.2364066193853428	995	0.23747016706443913	0.83333333333333337	1	0.96453590632695119	0.93452380952380953	0.15627421705857736
118	499	0.23647294589178355	996	0.23770883054892603	0.83333333333333337	1	0.96453590632695119	0.93452380952380953	0.1562082104579173
9	38	0.23684210526315788	997	0.23794749403341289	0.83333333333333337	1	0.96453590632695119	0.93452380952380953	0.15616864660977917
118	497	0.23742454728370221	998	0.23818615751789976	0.83333333333333337	1	0.96453590632695119	0.93452380952380953	0.15607367984814574
112	471	0.23779193205944799	999	0.23842482100238663	0.83333333333333337	1	0.96453590632695119	0.93452380952380953	0.15604994153926285
54	227	0.23788546255506607	1000	0.2386634844868735	0.83333333333333337	1	0.96453590632695119	0.93452380952380953	0.15597092763281531
113	475	0.23789473684210527	1001	0.23890214797136039	0.83333333333333337	1	0.96453590632695119	0.93452380952380953	0.15542348926682445
119	500	0.23799999999999999	1002	0.23914081145584726	0.83333333333333337	1	0.96453590632695119	0.93452380952380953	0.15538036276817863
117	491	0.23828920570264767	1003	0.23937947494033412	0.83333333333333337	1	0.96453590632695119	0.93452380952380953	0.15496019470095174
119	499	0.23847695390781562	1004	0.23961813842482099	0.83333333333333337	1	0.96453590632695119	0.93452380952380953	0.15487971439448275
101	423	0.23877068557919623	1005	0.23985680190930789	0.83333333333333337	1	0.96453590632695119	0.93452380952380953	0.15484080994381358
17	71	0.23943661971830985	1006	0.24009546539379475	0.83333333333333337	1	0.96453590632695119	0.93452380952380953	0.15477609759022529
91	380	0.23947368421052631	1007	0.24033412887828162	0.83333333333333337	1	0.96453590632695119	0.93452380952380953	0.15475275491982379
113	471	0.23991507430997877	1008	0.24057279236276849	0.83333333333333337	1	0.96453590632695119	0.93452380952380953	0.15465985265300847
6	25	0.23999999999999999	1009	0.24081145584725536	0.83333333333333337	1	0.96453590632695119	0.93452380952380953	0.15458222495544596
109	454	0.24008810572687225	1011	0.24128878281622912	0.83333333333333337	1	0.96453590632695119	0.93452380952380953	0.15412662534236771
118	491	0.24032586558044808	1012	0.24152744630071599	0.83333333333333337	1	0.96453590632695119	0.93452380952380953	0.15358914040121302
120	499	0.24048096192384769	1013	0.24176610978520285	0.83333333333333337	1	0.96453590632695119	0.93452380952380953	0.15351001270493678
34	141	0.24113475177304963	1014	0.24200477326968975	0.83333333333333337	1	0.96453590632695119	0.93452380952380953	0.153471751303039
120	497	0.2414486921529175	1015	0.24224343675417662	0.83333333333333337	1	0.96453590632695119	0.93452380952380953	0.15340829550000581
121	500	0.24199999999999999	1016	0.24248210023866348	0.83333333333333337	1	0.96453590632695119	0.93452380952380953	0.15338533865886717
38	157	0.24203821656050956	1017	0.24272076372315035	0.83333333333333337	1	0.96453590632695119	0.93452380952380953	0.15297888966821549
23	95	0.24210526315789474	1018	0.24295942720763722	0.83333333333333337	1	0.96453590632695119	0.93452380952380953	0.15290261201756711
55	227	0.24229074889867841	1020	0.24343675417661098	0.83333333333333337	1	0.96453590632695119	0.93452380952380953	0.1527700618052181
119	491	0.24236252545824846	1021	0.24367541766109785	0.83333333333333337	1	0.96453590632695119	0.93452380952380953	0.15224226127741758
121	499	0.24248496993987975	1022	0.24391408114558472	0.83333333333333337	1	0.96453590632695119	0.93452380952380953	0.15216445237607926
121	497	0.24346076458752516	1023	0.24415274463007161	0.83333333333333337	1	0.96453590632695119	0.93452380952380953	0.15212681821027818
103	423	0.24349881796690306	1024	0.24439140811455848	0.83333333333333337	1	0.96453590632695119	0.93452380952380953	0.15210423771079754
61	250	0.24399999999999999	1025	0.24463007159904535	0.83333333333333337	1	0.96453590632695119	0.93452380952380953	0.15204200221166883
115	471	0.24416135881104034	1026	0.24486873508353221	0.83333333333333337	1	0.96453590632695119	0.93452380952380953	0.15164216214769441
116	475	0.24421052631578946	1027	0.24510739856801908	0.83333333333333337	1	0.96453590632695119	0.93452380952380953	0.15156719962895379
120	491	0.24439918533604887	1028	0.24534606205250598	0.83333333333333337	1	0.96453590632695119	0.93452380952380953	0.15152626567997388
122	499	0.24448897795591182	1029	0.24558472553699284	0.83333333333333337	1	0.96453590632695119	0.93452380952380953	0.15144974287617835
111	454	0.24449339207048459	1030	0.24582338902147971	0.83333333333333337	1	0.96453590632695119	0.93452380952380953	0.15141272064803257
93	380	0.24473684210526317	1031	0.24606205250596658	0.83333333333333337	1	0.96453590632695119	0.93452380952380953	0.15089434512965705
122	497	0.24547283702213279	1032	0.24630071599045347	0.83333333333333337	1	0.96453590632695119	0.93452380952380953	0.15080537489655504
104	423	0.2458628841607565	1033	0.24653937947494034	0.83333333333333337	1	0.96453590632695119	0.93452380952380953	0.15078316155966756
123	500	0.246	1034	0.24677804295942721	0.83333333333333337	1	0.96453590632695119	0.93452380952380953	0.1507221114986175
116	471	0.24628450106157113	1035	0.24701670644391407	0.83333333333333337	1	0.96453590632695119	0.93452380952380953	0.150328720467933
117	475	0.24631578947368421	1036	0.24725536992840094	0.83333333333333337	1	0.96453590632695119	0.93452380952380953	0.15025503935976914
121	491	0.24643584521384929	1037	0.24749403341288784	0.83333333333333337	1	0.96453590632695119	0.93452380952380953	0.15021479920653463
123	499	0.24649298597194388	1038	0.2477326968973747	0.83333333333333337	1	0.96453590632695119	0.93452380952380953	0.15013953087493248
56	227	0.24669603524229075	1039	0.24797136038186157	0.83333333333333337	1	0.96453590632695119	0.93452380952380953	0.1501031057794987
47	190	0.24736842105263157	1040	0.24821002386634844	0.83333333333333337	1	0.96453590632695119	0.93452380952380953	0.14959390504905903
123	497	0.24748490945674045	1041	0.24844868735083533	0.83333333333333337	1	0.96453590632695119	0.93452380952380953	0.14950680787349602
31	125	0.248	1042	0.2486873508353222	0.83333333333333337	1	0.96453590632695119	0.93452380952380953	0.14948495281623578
35	141	0.24822695035460993	1043	0.24892601431980907	0.83333333333333337	1	0.96453590632695119	0.93452380952380953	0.14909785604204223
39	157	0.24840764331210191	1044	0.24916467780429594	0.83333333333333337	1	0.96453590632695119	0.93452380952380953	0.1490379578689365
118	475	0.24842105263157896	1045	0.2494033412887828	0.83333333333333337	1	0.96453590632695119	0.93452380952380953	0.14896552559311441
122	491	0.2484725050916497	1046	0.2496420047732697	0.83333333333333337	1	0.96453590632695119	0.93452380952380953	0.14892596174497627
124	499	0.24849699398797595	1047	0.24988066825775657	0.83333333333333337	1	0.96453590632695119	0.93452380952380953	0.14885191728868474
113	454	0.24889867841409691	1048	0.25011933174224343	0.83333333333333337	1	0.96453590632695119	0.93452380952380953	0.14881607499477789
124	497	0.24949698189134809	1049	0.2503579952267303	0.83333333333333337	1	0.96619428111965433	0.94047619047619047	0.14929046647988203
1	4	0.25	1050	0.25059665871121717	0.83333333333333337	1	0.96619428111965433	0.94047619047619047	0.14926896110353793
125	499	0.25050100200400799	1052	0.2510739856801909	0.83333333333333337	1	0.96619428111965433	0.94047619047619047	0.14880272607151343
123	491	0.25050916496945008	1053	0.25131264916467783	0.83333333333333337	1	0.96619428111965433	0.94047619047619047	0.14876745270290673
119	475	0.25052631578947371	1054	0.25155131264916469	0.83333333333333337	1	0.96619428111965433	0.94047619047619047	0.14869460251203923
118	471	0.2505307855626327	1055	0.25178997613365156	0.83333333333333337	1	0.96619428111965433	0.94047619047619047	0.14865569806137008
106	423	0.25059101654846333	1056	0.25202863961813843	0.83333333333333337	1	0.96619428111965433	0.94047619047619047	0.14858448313472145
57	227	0.25110132158590309	1057	0.2522673031026253	0.83333333333333337	1	0.96619428111965433	0.94047619047619047	0.1485257045536364
125	497	0.25150905432595572	1058	0.25250596658711216	0.83333333333333337	1	0.96619428111965433	0.94047619047619047	0.14802566217716381
63	250	0.252	1059	0.25274463007159903	0.83333333333333337	1	0.96619428111965433	0.94047619047619047	0.14800449815599978
126	499	0.25250501002004005	1060	0.2529832935560859	0.83333333333333337	1	0.96619428111965433	0.94047619047619047	0.14762954502514114
124	491	0.25254582484725052	1061	0.25322195704057276	0.83333333333333337	1	0.96619428111965433	0.94047619047619047	0.14759482714265426
24	95	0.25263157894736843	1062	0.25346062052505969	0.83333333333333337	1	0.96619428111965433	0.94047619047619047	0.14752314255484061
119	471	0.25265392781316348	1064	0.25393794749403342	0.83333333333333337	1	0.96619428111965433	0.94047619047619047	0.14740135690704748
107	423	0.25295508274231676	1065	0.25417661097852029	0.83333333333333337	1	0.96619428111965433	0.94047619047619047	0.14733132889584299
115	454	0.25330396475770928	1066	0.25441527446300716	0.83333333333333337	1	0.96619428111965433	0.94047619047619047	0.14727363880700026
18	71	0.25352112676056338	1067	0.25465393794749402	0.83333333333333337	1	0.96619428111965433	0.94047619047619047	0.14678221785081169
127	500	0.254	1068	0.25489260143198089	0.83333333333333337	1	0.96619428111965433	0.94047619047619047	0.14676138712131953
127	499	0.25450901803607212	1069	0.25513126491646776	0.83333333333333337	1	0.96619428111965433	0.94047619047619047	0.14639229263313056
125	491	0.25458248472505091	1070	0.25536992840095463	0.83333333333333337	1	0.96619428111965433	0.94047619047619047	0.14635811721755751
121	475	0.25473684210526315	1071	0.25560859188544155	0.83333333333333337	1	0.96619428111965433	0.94047619047619047	0.14628757048034408
40	157	0.25477707006369427	1072	0.25584725536992842	0.83333333333333337	1	0.96619428111965433	0.94047619047619047	0.146249936314543
97	380	0.25526315789473686	1073	0.25608591885441528	0.83333333333333337	1	0.96619428111965433	0.94047619047619047	0.14618106579112702
12	47	0.25531914893617019	1074	0.25632458233890215	0.83333333333333337	1	0.96619428111965433	0.94047619047619047	0.14609924612167849
58	227	0.25550660792951541	1075	0.25656324582338902	0.83333333333333337	1	0.96619428111965433	0.94047619047619047	0.14604261456657597
127	497	0.25553319919517103	1076	0.25680190930787589	0.83333333333333337	1	0.96619428111965433	0.94047619047619047	0.14555959396861284
32	125	0.25600000000000001	1077	0.25704057279236275	0.83333333333333337	1	0.96619428111965433	0.94047619047619047	0.14553908871926902
128	499	0.25651302605210419	1078	0.25727923627684962	0.83333333333333337	1	0.96619428111965433	0.94047619047619047	0.14517571662624579
126	491	0.25661914460285135	1079	0.25751789976133649	0.83333333333333337	1	0.96619428111965433	0.94047619047619047	0.14514207106207697
122	475	0.25684210526315787	1080	0.25775656324582341	0.83333333333333337	1	0.96619428111965433	0.94047619047619047	0.14507263529710313
121	471	0.25690021231422505	1081	0.25799522673031028	0.83333333333333337	1	0.96619428111965433	0.94047619047619047	0.14503561306895735
128	497	0.25754527162977869	1082	0.25823389021479715	0.83333333333333337	1	0.96619428111965433	0.94047619047619047	0.14496787157051541
109	423	0.25768321513002362	1083	0.25847255369928401	0.83333333333333337	1	0.96619428111965433	0.94047619047619047	0.14494768423201412
117	454	0.25770925110132159	1084	0.25871121718377088	0.83333333333333337	1	0.96619428111965433	0.94047619047619047	0.14489208234154985
49	190	0.25789473684210529	1085	0.25894988066825775	0.83333333333333337	1	0.96619428111965433	0.94047619047619047	0.1444172485333827
129	500	0.25800000000000001	1086	0.25918854415274462	0.83333333333333337	1	0.96619428111965433	0.94047619047619047	0.1443370817865493
129	499	0.25851703406813625	1087	0.25942720763723148	0.83333333333333337	1	0.96619428111965433	0.94047619047619047	0.14397930003341872
127	491	0.25865580448065173	1088	0.25966587112171835	0.83333333333333337	1	0.96619428111965433	0.94047619047619047	0.14394617209331403
123	475	0.25894736842105265	1089	0.25990453460620527	0.83333333333333337	1	0.96619428111965433	0.94047619047619047	0.14387782126216792
122	471	0.25902335456475584	1090	0.26014319809069214	0.83333333333333337	1	0.96619428111965433	0.94047619047619047	0.14384139616673416
129	497	0.2595573440643863	1091	0.26038186157517901	0.83333333333333337	1	0.96619428111965433	0.94047619047619047	0.14377475615607174
59	227	0.25991189427312777	1092	0.26062052505966588	0.83333333333333337	1	0.96619428111965433	0.94047619047619047	0.14375487939200896
13	50	0.26000000000000001	1093	0.26085918854415274	0.83333333333333337	1	0.96619428111965433	0.94047619047619047	0.14328802598397908
110	423	0.26004728132387706	1094	0.26109785202863961	0.83333333333333337	1	0.96619428111965433	0.94047619047619047	0.14293570654769017
130	499	0.26052104208416832	1095	0.26133651551312648	0.83333333333333337	1	0.96619428111965433	0.94047619047619047	0.1428811064930901
99	380	0.26052631578947366	1096	0.26157517899761334	0.83333333333333337	1	0.96619428111965433	0.94047619047619047	0.14284848432306338
128	491	0.26069246435845211	1097	0.26181384248210021	0.83333333333333337	1	0.96619428111965433	0.94047619047619047	0.14276992091116664
124	475	0.26105263157894737	1098	0.26205250596658713	0.83333333333333337	1	0.96619428111965433	0.94047619047619047	0.14270262978282899
41	157	0.26114649681528662	1099	0.262291169451074	0.83333333333333337	1	0.96619428111965433	0.94047619047619047	0.14266678748892217
130	497	0.26156941649899396	1100	0.26252983293556087	0.83333333333333337	1	0.96619428111965433	0.94047619047619047	0.14260122231714142
131	500	0.26200000000000001	1101	0.26276849642004774	0.83333333333333337	1	0.96619428111965433	0.94047619047619047	0.14258164901512538
119	454	0.2621145374449339	1102	0.2630071599045346	0.83333333333333337	1	0.96619428111965433	0.94047619047619047	0.14223466775211357
37	141	0.26241134751773049	1103	0.26324582338902147	0.83333333333333337	1	0.96785265591235736	0.9464285714285714	0.14270152116014345
131	499	0.26252505010020039	1104	0.26348448687350834	0.83333333333333337	1	0.96785265591235736	0.9464285714285714	0.1426478961065184
129	491	0.26272912423625255	1105	0.26372315035799521	0.89552238805970152	1	0.98637117443087596	0.95238095238095233	0.14345751905354592
5	19	0.26315789473684209	1106	0.26396181384248207	0.89552238805970152	1	0.98637117443087596	0.95238095238095233	0.14339126317333656
124	471	0.26326963906581741	1108	0.26443914081145586	0.89552238805970152	1	0.98637117443087596	0.95238095238095233	0.14327898210395978
131	497	0.26358148893360162	1109	0.26467780429594273	0.89552238805970152	1	0.98637117443087596	0.95238095238095233	0.14321446597492751
33	125	0.26400000000000001	1110	0.2649164677804296	0.89552238805970152	1	0.98637117443087596	0.95238095238095233	0.14319518923809352
60	227	0.26431718061674009	1111	0.26515513126491647	0.89552238805970152	1	0.98637117443087596	0.95238095238095233	0.14285342573843529
132	499	0.26452905811623245	1112	0.26539379474940333	0.89552238805970152	1	0.98637117443087596	0.95238095238095233	0.14239428891566208
130	491	0.26476578411405294	1113	0.2656324582338902	0.89552238805970152	1	0.98637117443087596	0.95238095238095233	0.14235631519347786
112	423	0.26477541371158392	1114	0.26587112171837707	0.89552238805970152	1	0.98637117443087596	0.95238095238095233	0.14229107085342435
126	475	0.26526315789473687	1115	0.26610978520286394	0.89552238805970152	1	0.98637117443087596	0.95238095238095233	0.14223839491579268
125	471	0.26539278131634819	1116	0.26634844868735086	0.89552238805970152	1	0.98637117443087596	0.95238095238095233	0.14220367703330575
132	497	0.26559356136820927	1117	0.26658711217183773	0.89552238805970152	1	0.98637117443087596	0.95238095238095233	0.1421401849698137
101	380	0.26578947368421052	1118	0.26682577565632459	0.89552238805970152	1	0.98637117443087596	0.95238095238095233	0.14212119810872156
133	500	0.26600000000000001	1119	0.26706443914081146	0.89552238805970152	1	0.98637117443087596	0.95238095238095233	0.14204570036286854
121	454	0.26651982378854627	1120	0.26730310262529833	0.89552238805970152	1	0.98637117443087596	0.95238095238095233	0.14170903781096642
133	499	0.26653306613226452	1121	0.2675417661097852	0.91044776119402981	1	0.98802954922357911	0.95833333333333337	0.1421681746337396
131	491	0.26680244399185338	1122	0.26778042959427206	0.91044776119402981	1	0.98802954922357911	0.95833333333333337	0.14213076768352825
113	423	0.26713947990543735	1123	0.26801909307875893	0.91044776119402981	1	0.98802954922357911	0.95833333333333337	0.14206651189408162
127	475	0.26736842105263159	1124	0.2682577565632458	0.91044776119402981	1	0.98802954922357911	0.95833333333333337	0.14201476009570663
42	157	0.26751592356687898	1125	0.26849642004773272	0.91044776119402981	1	0.98802954922357911	0.95833333333333337	0.14198058468013355
19	71	0.26760563380281688	1126	0.26873508353221959	0.91044776119402981	1	0.98802954922357911	0.95833333333333337	0.14191809249165713
67	250	0.26800000000000002	1127	0.26897374701670645	0.91044776119402981	1	0.98802954922357911	0.95833333333333337	0.14189938901655147
51	190	0.26842105263157895	1128	0.26921241050119332	0.91044776119402981	1	0.98802954922357911	0.95833333333333337	0.14156771405801083
134	499	0.26853707414829658	1129	0.26945107398568019	0.91044776119402981	1	0.98802954922357911	0.95833333333333337	0.14149368228780543
61	227	0.2687224669603524	1130	0.26968973747016706	0.91044776119402981	1	0.98802954922357911	0.95833333333333337	0.14145682951463426
132	491	0.26883910386965376	1131	0.26992840095465392	0.91044776119402981	1	0.98802954922357911	0.95833333333333337	0.14100515833125576
128	475	0.26947368421052631	1132	0.27016706443914079	0.91044776119402981	1	0.98802954922357911	0.95833333333333337	0.140941868794282
38	141	0.26950354609929078	1133	0.27040572792362766	0.91044776119402981	1	0.98802954922357911	0.95833333333333337	0.14090822323011321
134	497	0.26961770623742454	1134	0.27064439140811458	0.91044776119402981	1	0.98802954922357911	0.95833333333333337	0.14085737146301427
127	471	0.26963906581740976	1135	0.27088305489260145	0.91044776119402981	1	0.98802954922357911	0.95833333333333337	0.14083894507642869
27	100	0.27000000000000002	1136	0.27112171837708832	0.91044776119402981	1	0.98802954922357911	0.95833333333333337	0.14077742932839718
135	499	0.27054108216432865	1137	0.27136038186157518	0.91044776119402981	1	0.98802954922357911	0.95833333333333337	0.14045063194277627
133	491	0.2708757637474542	1138	0.27159904534606205	0.91044776119402981	1	0.98802954922357911	0.95833333333333337	0.14041432112215171
123	454	0.27092511013215859	1139	0.27183770883054892	0.91044776119402981	1	0.98802954922357911	0.95833333333333337	0.14035197620513282
103	380	0.27105263157894738	1140	0.27207637231503579	0.91044776119402981	1	0.98802954922357911	0.95833333333333337	0.13990759004084105
129	475	0.27157894736842103	1141	0.27231503579952265	0.91044776119402981	1	0.98802954922357911	0.95833333333333337	0.13983498195852423
135	497	0.2716297786720322	1142	0.27255369928400952	0.91044776119402981	1	0.98802954922357911	0.95833333333333337	0.13980185401841955
128	471	0.27176220806794055	1143	0.27279236276849644	0.91044776119402981	1	0.98802954922357911	0.95833333333333337	0.13978369860810727
115	423	0.27186761229314421	1144	0.27303102625298331	0.91044776119402981	1	0.98802954922357911	0.95833333333333337	0.13972313659260341
34	125	0.27200000000000002	1145	0.27326968973747018	0.91044776119402981	1	0.98802954922357911	0.95833333333333337	0.13967316158010964
136	499	0.27254509018036072	1146	0.27350835322195705	0.91044776119402981	1	0.98802954922357911	0.95833333333333337	0.13935113495924234
134	491	0.27291242362525459	1147	0.27374701670644391	0.91044776119402981	1	0.98802954922357911	0.95833333333333337	0.13931535422359043
62	227	0.27312775330396477	1148	0.27398568019093078	0.91044776119402981	1	0.98802954922357911	0.95833333333333337	0.13925393293497179
136	497	0.27364185110663986	1149	0.27422434367541765	0.91044776119402981	1	0.98802954922357911	0.95833333333333337	0.1388166569493087
26	95	0.27368421052631581	1150	0.27446300715990452	0.91044776119402981	1	0.98802954922357911	0.95833333333333337	0.13879876658148274
43	157	0.27388535031847133	1152	0.27494033412887831	0.91044776119402981	1	0.98802954922357911	0.95833333333333337	0.1386949193402309
137	500	0.27400000000000002	1153	0.27517899761336517	0.91044776119402981	1	0.98802954922357911	0.95833333333333337	0.13863528904804248
116	423	0.27423167848699764	1154	0.27541766109785204	0.91044776119402981	1	0.98802954922357911	0.95833333333333337	0.13831792947965149
137	499	0.27454909819639278	1155	0.27565632458233891	0.91044776119402981	1	0.98802954922357911	0.95833333333333337	0.13826880874087558
135	491	0.27494908350305497	1156	0.27589498806682577	0.91044776119402981	1	0.98802954922357911	0.95833333333333337	0.13823354656660991
125	454	0.2753303964757709	1157	0.27613365155131264	0.91044776119402981	1	0.98802954922357911	0.95833333333333337	0.13817302853223568
137	497	0.27565392354124746	1158	0.27637231503579951	0.91044776119402981	1	0.98802954922357911	0.95833333333333337	0.1377426934352339
131	475	0.27578947368421053	1159	0.27661097852028638	0.91044776119402981	1	0.98802954922357911	0.95833333333333337	0.13772506234810108
69	250	0.27600000000000002	1160	0.27684964200477324	0.91044776119402981	1	0.98802954922357911	0.95833333333333337	0.13769293445337777
130	471	0.27600849256900212	1161	0.27708830548926017	0.91044776119402981	1	0.98802954922357911	0.95833333333333337	0.13738014120971184
21	76	0.27631578947368424	1162	0.27732696897374703	0.91044776119402981	1	0.98802954922357911	0.95833333333333337	0.13732142130366368
138	499	0.27655310621242485	1163	0.2775656324582339	0.91044776119402981	1	0.98802954922357911	0.95833333333333337	0.13725154010170701
13	47	0.27659574468085107	1164	0.27780429594272077	0.91044776119402981	1	0.98802954922357911	0.95833333333333337	0.13721678529685521
136	491	0.27698574338085541	1165	0.27804295942720764	0.91044776119402981	1	0.98802954922357911	0.95833333333333337	0.13716849711297383
63	227	0.27753303964757708	1166	0.2782816229116945	0.91044776119402981	1	0.98802954922357911	0.95833333333333337	0.13710886255355395
138	497	0.27766599597585512	1167	0.27852028639618137	0.91044776119402981	1	0.98802954922357911	0.95833333333333337	0.13668530438721363
132	475	0.27789473684210525	1168	0.27875894988066824	0.91044776119402981	1	0.98802954922357911	0.95833333333333337	0.13666792698478775
139	500	0.27800000000000002	1169	0.27899761336515511	0.91044776119402981	1	0.98802954922357911	0.95833333333333337	0.13663628221630086
131	471	0.2781316348195329	1170	0.27923627684964203	0.91044776119402981	1	0.98802954922357911	0.95833333333333337	0.13632795744754445
139	499	0.27855711422845691	1171	0.2794749403341289	0.91044776119402981	1	0.98802954922357911	0.95833333333333337	0.13627012723704246
53	190	0.27894736842105261	1172	0.27971360381861576	0.91044776119402981	1	0.98802954922357911	0.95833333333333337	0.13623586892940287
118	423	0.27895981087470451	1173	0.27995226730310263	0.91044776119402981	1	0.98802954922357911	0.95833333333333337	0.13616729391813698
137	491	0.27902240325865579	1174	0.2801909307875895	0.91044776119402981	1	0.98802954922357911	0.95833333333333337	0.13611981730037123
139	497	0.27967806841046278	1175	0.28042959427207637	0.91044776119402981	1	0.98802954922357911	0.95833333333333337	0.13606104700992847
127	454	0.27973568281938327	1176	0.28066825775656323	0.91044776119402981	1	0.98802954922357911	0.95833333333333337	0.13604391785610867
7	25	0.28000000000000003	1177	0.2809069212410501	0.91044776119402981	1	0.98802954922357911	0.95833333333333337	0.1356269777861174
44	157	0.28025477707006369	1179	0.28138424821002389	0.91044776119402981	1	0.98802954922357911	0.95833333333333337	0.13529185395982679
140	499	0.28056112224448898	1180	0.28162291169451076	0.91044776119402981	1	0.98802954922357911	0.95833333333333337	0.13523489337655042
138	491	0.28105906313645623	1181	0.28186157517899763	0.91044776119402981	1	0.98802954922357911	0.95833333333333337	0.13520112100235251
119	423	0.28132387706855794	1182	0.28210023866348449	0.91044776119402981	1	0.98802954922357911	0.95833333333333337	0.13514319632759958
107	380	0.28157894736842104	1183	0.28233890214797136	0.91044776119402981	1	0.98802954922357911	0.95833333333333337	0.13509651098679659
20	71	0.28169014084507044	1184	0.28257756563245823	0.91044776119402981	1	0.98802954922357911	0.95833333333333337	0.13502920588314671
64	227	0.28193832599118945	1185	0.28281622911694509	0.91044776119402981	1	0.98802954922357911	0.95833333333333337	0.13501231969604777
141	500	0.28199999999999997	1186	0.28305489260143196	0.92537313432835822	1	0.98968792401628214	0.9642857142857143	0.13546317025590995
134	475	0.28210526315789475	1187	0.28329355608591883	0.92537313432835822	1	0.98968792401628214	0.9642857142857143	0.13516349989330881
133	471	0.28237791932059447	1188	0.28353221957040575	0.92537313432835822	1	0.98968792401628214	0.9642857142857143	0.13513278924899949
141	499	0.28256513026052105	1189	0.28377088305489262	0.92537313432835822	1	0.98968792401628214	0.9642857142857143	0.13507667882368246
139	491	0.28309572301425662	1190	0.28400954653937949	0.92537313432835822	1	0.98968792401628214	0.9642857142857143	0.13504338211672678
40	141	0.28368794326241137	1191	0.28424821002386635	0.92537313432835822	1	0.98968792401628214	0.9642857142857143	0.13498628493732745
141	497	0.28370221327967809	1192	0.28448687350835322	0.92537313432835822	1	0.98968792401628214	0.9642857142857143	0.13494037125505015
71	250	0.28399999999999997	1193	0.28472553699284009	0.92537313432835822	1	0.98968792401628214	0.9642857142857143	0.13492372290157228
129	454	0.28414096916299558	1194	0.28496420047732696	0.92537313432835822	1	0.98968792401628214	0.9642857142857143	0.1346282437328537
27	95	0.28421052631578947	1195	0.28520286396181382	0.92537313432835822	1	0.98968792401628214	0.9642857142857143	0.13421745727555559
134	471	0.28450106157112526	1197	0.28568019093078761	0.92537313432835822	1	0.98968792401628214	0.9642857142857143	0.13412112811074889
142	499	0.28456913827655311	1198	0.28591885441527448	0.92537313432835822	1	0.98968792401628214	0.9642857142857143	0.13406584895099213
140	491	0.285132382892057	1199	0.28615751789976135	0.92537313432835822	1	0.98968792401628214	0.9642857142857143	0.13403301793224562
2	7	0.2857142857142857	1200	0.28639618138424822	0.92537313432835822	1	0.98968792401628214	0.9642857142857143	0.13397673064191576
143	500	0.28599999999999998	1201	0.28663484486873508	0.92537313432835822	1	0.98968792401628214	0.9642857142857143	0.1339603151325425
121	423	0.2860520094562648	1202	0.28687350835322195	0.92537313432835822	1	0.98968792401628214	0.9642857142857143	0.13366893984116723
136	475	0.28631578947368419	1203	0.28711217183770882	0.92537313432835822	1	0.98968792401628214	0.9642857142857143	0.13362377884220594
65	227	0.28634361233480177	1204	0.28735083532219569	0.92537313432835822	1	0.98968792401628214	0.9642857142857143	0.13359396156249601
143	499	0.28657314629258518	1205	0.28758949880668255	0.94029850746268662	1	0.99134629880898528	0.97023809523809523	0.13403762307485978
45	157	0.28662420382165604	1206	0.28782816229116948	0.94029850746268662	1	0.99134629880898528	0.97023809523809523	0.13400524804248476
109	380	0.2868421052631579	1207	0.28806682577565634	0.94029850746268662	1	0.99134629880898528	0.97023809523809523	0.13395078181154793
141	491	0.28716904276985744	1208	0.28830548926014321	0.94029850746268662	1	0.99134629880898528	0.97023809523809523	0.1338859129393396
143	497	0.28772635814889336	1209	0.28854415274463008	0.94029850746268662	1	0.99134629880898528	0.97023809523809523	0.13383041842774682
36	125	0.28799999999999998	1210	0.28878281622911695	0.94029850746268662	1	0.99134629880898528	0.97023809523809523	0.13381423091155931
122	423	0.28841607565011823	1211	0.28902147971360381	0.94029850746268662	1	0.99134629880898528	0.97023809523809523	0.13352687458972021
137	475	0.28842105263157897	1212	0.28926014319809068	0.94029850746268662	1	0.99134629880898528	0.97023809523809523	0.13348244791594527
131	454	0.28854625550660795	1213	0.28949880668257755	0.94029850746268662	1	0.99134629880898528	0.97023809523809523	0.13345306277072388
144	499	0.28857715430861725	1214	0.28973747016706441	0.94029850746268662	1	0.99134629880898528	0.97023809523809523	0.13304825129721012
136	471	0.28874734607218683	1215	0.28997613365155134	0.94029850746268662	1	0.99134629880898528	0.97023809523809523	0.13301632281700579
142	491	0.28920570264765783	1216	0.29021479713603821	0.94029850746268662	1	0.99134629880898528	0.97023809523809523	0.13296265171352792
11	38	0.28947368421052633	1217	0.29045346062052507	0.94029850746268662	1	0.99134629880898528	0.97023809523809523	0.13290793334895037
144	497	0.28973843058350102	1218	0.29069212410501194	0.94029850746268662	1	0.99134629880898528	0.97023809523809523	0.1328442332852503
29	100	0.28999999999999998	1219	0.29093078758949881	0.94029850746268662	1	0.99134629880898528	0.97023809523809523	0.13282826904514816
138	475	0.29052631578947369	1220	0.29116945107398567	0.94029850746268662	1	0.99134629880898528	0.97023809523809523	0.13254484911127945
145	499	0.29058116232464931	1221	0.29140811455847254	0.94029850746268662	1	0.99134629880898528	0.97023809523809523	0.132515886773903
66	227	0.29074889867841408	1222	0.29164677804295941	0.94029850746268662	1	0.99134629880898528	0.97023809523809523	0.13248439567013981
41	141	0.29078014184397161	1223	0.29188544152744628	0.94029850746268662	1	0.99134629880898528	0.97023809523809523	0.13208567158720519
137	471	0.29087048832271761	1224	0.2921241050119332	0.94029850746268662	1	0.99134629880898528	0.97023809523809523	0.13204196147268468
143	491	0.29124236252545826	1225	0.29236276849642007	0.94029850746268662	1	0.99134629880898528	0.97023809523809523	0.1319890682112862
145	497	0.29175050301810868	1226	0.29260143198090693	0.94029850746268662	1	0.99134629880898528	0.97023809523809523	0.13193510982399445
73	250	0.29199999999999998	1227	0.2928400954653938	0.94029850746268662	1	0.99134629880898528	0.97023809523809523	0.13191936427211287
111	380	0.29210526315789476	1228	0.29307875894988067	0.94029850746268662	1	0.99134629880898528	0.97023809523809523	0.1316398003917662
146	499	0.29258517034068138	1229	0.29331742243436754	0.94029850746268662	1	0.99134629880898528	0.97023809523809523	0.13157723782920364
139	475	0.29263157894736841	1230	0.2935560859188544	0.94029850746268662	1	0.99134629880898528	0.97023809523809523	0.13154617517583181
133	454	0.29295154185022027	1231	0.29379474940334127	0.94029850746268662	1	0.99134629880898528	0.97023809523809523	0.13151762658613211
46	157	0.2929936305732484	1232	0.29403341288782814	0.94029850746268662	1	0.99134629880898528	0.97023809523809523	0.13112485360891299
124	423	0.29314420803782504	1233	0.29427207637231506	0.94029850746268662	1	0.99134629880898528	0.97023809523809523	0.13107272140163531
144	491	0.29327902240325865	1234	0.29451073985680193	0.94029850746268662	1	0.99134629880898528	0.97023809523809523	0.13102971064894714
146	497	0.29376257545271628	1235	0.2947494033412888	0.94029850746268662	1	0.99134629880898528	0.97023809523809523	0.13097649651527324
147	500	0.29399999999999998	1236	0.29498806682577566	0.94029850746268662	1	0.99134629880898528	0.97023809523809523	0.13096096518858732
147	499	0.29458917835671344	1237	0.29522673031026253	0.94029850746268662	1	0.99134629880898528	0.97023809523809523	0.13068517919851561
28	95	0.29473684210526313	1238	0.2954653937947494	0.94029850746268662	1	0.99134629880898528	0.97023809523809523	0.13065453631072987
139	471	0.29511677282377918	1240	0.29594272076372313	0.94029850746268662	1	0.99134629880898528	0.97023809523809523	0.13056493740499464
67	227	0.29515418502202645	1241	0.29618138424821	0.94029850746268662	1	0.99134629880898528	0.97023809523809523	0.13051354994353523
145	491	0.29531568228105909	1242	0.29642004773269692	0.94029850746268662	1	0.99134629880898528	0.97023809523809523	0.13012659582523783
125	423	0.29550827423167847	1243	0.29665871121718379	0.94029850746268662	1	0.99134629880898528	0.97023809523809523	0.13007411065229918
21	71	0.29577464788732394	1244	0.29689737470167066	0.94029850746268662	1	0.99134629880898528	0.97023809523809523	0.13003178260997114
37	125	0.29599999999999999	1245	0.29713603818615753	0.94029850746268662	1	0.99134629880898528	0.97023809523809523	0.13001646116607826
148	499	0.29659318637274551	1246	0.29737470167064439	0.94029850746268662	1	0.99134629880898528	0.97023809523809523	0.12974437700137664
141	475	0.29684210526315791	1247	0.29761336515513126	0.94029850746268662	1	0.99134629880898528	0.97023809523809523	0.12971414542752091
140	471	0.29723991507430997	1248	0.29785202863961813	0.94029850746268662	1	0.99134629880898528	0.97023809523809523	0.12968639817172453
146	491	0.29735234215885947	1249	0.29809069212410499	0.94029850746268662	1	0.99134629880898528	0.97023809523809523	0.12963573961042765
135	454	0.29735682819383258	1250	0.29832935560859186	0.94029850746268662	1	0.99134629880898528	0.97023809523809523	0.12958396852147458
113	380	0.29736842105263156	1251	0.29856801909307878	0.94029850746268662	1	0.99134629880898528	0.97023809523809523	0.12920270490491684
148	497	0.2977867203219316	1252	0.29880668257756565	0.94029850746268662	1	0.99134629880898528	0.97023809523809523	0.12914232780681267
14	47	0.2978723404255319	1253	0.29904534606205252	0.94029850746268662	1	0.99134629880898528	0.97023809523809523	0.12912721201988481
149	500	0.29799999999999999	1254	0.29928400954653939	0.94029850746268662	1	0.99134629880898528	0.97023809523809523	0.12908555056090051
149	499	0.29859719438877758	1255	0.29952267303102625	0.94029850746268662	1	0.99134629880898528	0.97023809523809523	0.1288170941850616
142	475	0.29894736842105263	1256	0.29976133651551312	0.94029850746268662	1	0.99134629880898528	0.97023809523809523	0.12878726569885726
47	157	0.29936305732484075	1257	0.29999999999999999	0.94029850746268662	1	0.99134629880898528	0.97023809523809523	0.12875990651656852
147	491	0.29938900203665986	1258	0.30023866348448686	0.94029850746268662	1	0.99134629880898528	0.97023809523809523	0.128709961456135
68	227	0.29955947136563876	1259	0.30047732696897372	0.94029850746268662	1	0.99134629880898528	0.97023809523809523	0.12865888997649208
149	497	0.29979879275653926	1260	0.30071599045346065	0.94029850746268662	1	0.99134629880898528	0.97023809523809523	0.12828319225214688
3	10	0.29999999999999999	1261	0.30095465393794751	0.94029850746268662	1	0.99134629880898528	0.97023809523809523	0.1282682780090447
127	423	0.30023640661938533	1263	0.30143198090692125	0.94029850746268662	1	0.99336650082918743	0.97619047619047616	0.12867988545809894
150	499	0.30060120240480964	1264	0.30167064439140812	0.94029850746268662	1	0.99336650082918743	0.97619047619047616	0.12863887495941126
143	475	0.30105263157894735	1265	0.30190930787589498	0.94029850746268662	1	0.99336650082918743	0.97619047619047616	0.1286094415524944
148	491	0.3014256619144603	1266	0.30214797136038185	0.94029850746268662	1	0.99336650082918743	0.97619047619047616	0.12858246235884854
142	471	0.30148619957537154	1267	0.30238663484486872	0.94029850746268662	1	0.99336650082918743	0.97619047619047616	0.12853207640242231
137	454	0.30176211453744495	1268	0.30262529832935559	0.94029850746268662	1	0.99336650082918743	0.97619047619047616	0.12848282987430254
150	497	0.30181086519114686	1269	0.30286396181384251	0.94029850746268662	1	0.99336650082918743	0.97619047619047616	0.12811257704451307
151	500	0.30199999999999999	1270	0.30310262529832938	0.94029850746268662	1	0.99336650082918743	0.97619047619047616	0.12809786034105464
128	423	0.30260047281323876	1271	0.30334128878281624	0.94029850746268662	1	0.99336650082918743	0.97619047619047616	0.12783160419295814
151	499	0.30260521042084171	1272	0.30357995226730311	0.94029850746268662	1	0.99336650082918743	0.97619047619047616	0.12779122951595553
23	76	0.30263157894736842	1273	0.30381861575178998	0.94029850746268662	1	0.99336650082918743	0.97619047619047616	0.12776218339070866
144	475	0.30315789473684213	1274	0.30405727923627685	0.94029850746268662	1	0.99336650082918743	0.97619047619047616	0.12770387920946594
149	491	0.30346232179226068	1275	0.30429594272076371	0.94029850746268662	1	0.99336650082918743	0.97619047619047616	0.127677272142629
143	471	0.30360934182590232	1276	0.30453460620525058	0.94029850746268662	1	0.99336650082918743	0.97619047619047616	0.12762755799895512
151	497	0.30382293762575452	1277	0.30477326968973745	0.94029850746268662	1	0.99336650082918743	0.97619047619047616	0.12757899545039258
69	227	0.30396475770925108	1278	0.30501193317422437	0.94029850746268662	1	0.99336650082918743	0.97619047619047616	0.12756447238776911
38	125	0.30399999999999999	1279	0.30525059665871124	0.94029850746268662	1	0.99336650082918743	0.97619047619047616	0.12719954693682553
152	499	0.30460921843687377	1280	0.3054892601431981	0.94029850746268662	1	0.99336650082918743	0.97619047619047616	0.12693677126125313
43	141	0.30496453900709219	1281	0.30572792362768497	0.94029850746268662	1	0.99336650082918743	0.97619047619047616	0.12690810482391798
29	95	0.30526315789473685	1282	0.30596658711217184	0.94029850746268662	1	0.99336650082918743	0.97619047619047616	0.12686835129579235
150	491	0.30549898167006112	1284	0.30644391408114557	0.94029850746268662	1	0.99336650082918743	0.97619047619047616	0.12678480118075117
48	157	0.30573248407643311	1285	0.30668257756563244	0.94029850746268662	1	0.99336650082918743	0.97619047619047616	0.1267357455025564
152	497	0.30583501006036218	1286	0.30692124105011931	0.94029850746268662	1	0.99336650082918743	0.97619047619047616	0.12668785278224989
153	500	0.30599999999999999	1287	0.30715990453460623	0.94029850746268662	1	0.99336650082918743	0.97619047619047616	0.1266735195635823
139	454	0.30616740088105726	1288	0.3073985680190931	0.94029850746268662	1	0.99336650082918743	0.97619047619047616	0.12641415655912125
153	499	0.30661322645290578	1289	0.30763723150357997	0.94029850746268662	1	0.99336650082918743	0.97619047619047616	0.12605444432890545
130	423	0.30732860520094563	1290	0.30787589498806683	0.94029850746268662	1	0.99336650082918743	0.97619047619047616	0.12602615018296423
146	475	0.30736842105263157	1291	0.3081145584725537	0.94029850746268662	1	0.99336650082918743	0.97619047619047616	0.12598700357893214
151	491	0.3075356415478615	1292	0.30835322195704057	0.94029850746268662	1	0.99336650082918743	0.97619047619047616	0.12596111803445559
153	497	0.30784708249496984	1293	0.30859188544152744	0.94029850746268662	1	0.99336650082918743	0.97619047619047616	0.12591270782571076
145	471	0.30785562632696389	1294	0.3088305489260143	0.94029850746268662	1	0.99336650082918743	0.97619047619047616	0.12589856075274017
117	380	0.30789473684210528	1295	0.30906921241050117	0.94029850746268662	1	0.99336650082918743	0.97619047619047616	0.1258513240970954
77	250	0.308	1296	0.30930787589498809	0.94029850746268662	1	0.99336650082918743	0.97619047619047616	0.12579498788256707
70	227	0.30837004405286345	1297	0.30954653937947496	0.94029850746268662	1	0.99336650082918743	0.97619047619047616	0.12553897149751844
154	499	0.30861723446893785	1298	0.30978520286396183	0.94029850746268662	1	0.99336650082918743	0.97619047619047616	0.1251843615684404
147	475	0.30947368421052629	1299	0.3100238663484487	0.94029850746268662	1	0.99336650082918743	0.97619047619047616	0.12515643250825328
152	491	0.30957230142566189	1300	0.31026252983293556	0.94029850746268662	1	0.99336650082918743	0.97619047619047616	0.12513089676843184
131	423	0.30969267139479906	1301	0.31050119331742243	0.94029850746268662	1	0.99336650082918743	0.97619047619047616	0.12508311937287322
22	71	0.30985915492957744	1302	0.3107398568019093	0.94029850746268662	1	0.99336650082918743	0.97619047619047616	0.12504456589920526
146	471	0.30997876857749468	1303	0.31097852028639617	0.94029850746268662	1	0.99336650082918743	0.97619047619047616	0.1250306013691117
31	100	0.31	1304	0.31121718377088303	0.94029850746268662	1	0.99336650082918743	0.97619047619047616	0.12498400738905392
59	190	0.31052631578947371	1305	0.31145584725536996	0.94029850746268662	1	0.99336650082918743	0.97619047619047616	0.12473127326535205
141	454	0.31057268722466963	1306	0.31169451073985682	0.94029850746268662	1	0.99336650082918743	0.97619047619047616	0.12467588387795867
155	499	0.31062124248496992	1307	0.31193317422434369	0.94029850746268662	1	0.99336650082918743	0.97619047619047616	0.124326268454924
148	475	0.31157894736842107	1308	0.31217183770883056	0.94029850746268662	1	0.99336650082918743	0.97619047619047616	0.12429869745961107
153	491	0.31160896130346233	1309	0.31241050119331742	0.94029850746268662	1	0.99336650082918743	0.97619047619047616	0.12427350448139797
155	497	0.3118712273641851	1310	0.31264916467780429	0.94029850746268662	1	0.99336650082918743	0.97619047619047616	0.12422634757149595
39	125	0.312	1311	0.31288782816229116	0.94029850746268662	1	0.99336650082918743	0.97619047619047616	0.12421256207383949
44	141	0.31205673758865249	1312	0.31312649164677803	0.94029850746268662	1	0.99336650082918743	0.97619047619047616	0.12396304749311472
49	157	0.31210191082802546	1313	0.31336515513126489	0.94029850746268662	1	0.99336650082918743	0.97619047619047616	0.12392507377093047
156	499	0.31262525050100198	1314	0.31360381861575182	0.94029850746268662	1	0.99336650082918743	0.97619047619047616	0.12387910943925186
71	227	0.31277533039647576	1315	0.31384248210023868	0.94029850746268662	1	0.99336650082918743	0.97619047619047616	0.12385188966680914
119	380	0.31315789473684208	1316	0.31408114558472555	0.94029850746268662	1	0.99336650082918743	0.97619047619047616	0.12350716396997077
154	491	0.31364562118126271	1317	0.31431980906921242	0.94029850746268662	1	0.99336650082918743	0.97619047619047616	0.12345269773903395
149	475	0.31368421052631579	1318	0.31455847255369929	0.94029850746268662	1	0.99336650082918743	0.97619047619047616	0.12340614930538875
156	497	0.31388329979879276	1319	0.31479713603818615	0.94029850746268662	1	0.99336650082918743	0.97619047619047616	0.12338129223355182
157	500	0.314	1320	0.31503579952267302	0.94029850746268662	1	0.99336650082918743	0.97619047619047616	0.12336768234733048
148	471	0.31422505307855625	1321	0.31527446300715989	0.94029850746268662	1	0.99336650082918743	0.97619047619047616	0.12312132617901993
133	423	0.31442080378250592	1322	0.31551312649164676	0.94029850746268662	1	0.99336650082918743	0.97619047619047616	0.12307597881823634
157	499	0.31462925851703405	1323	0.31575178997613368	0.94029850746268662	1	0.99336650082918743	0.97619047619047616	0.12303857186802498
143	454	0.31497797356828194	1324	0.31599045346062055	0.94029850746268662	1	0.99336650082918743	0.97619047619047616	0.12301169664966384
155	491	0.31568228105906315	1325	0.31622911694510741	0.94029850746268662	1	0.99336650082918743	0.97619047619047616	0.12267175880972599
6	19	0.31578947368421051	1326	0.31646778042959428	0.94029850746268662	1	0.99336650082918743	0.97619047619047616	0.12262580715087111
157	497	0.31589537223340042	1328	0.31694510739856802	0.94029850746268662	1	0.99336650082918743	0.97619047619047616	0.12254771334911685
79	250	0.316	1329	0.31718377088305488	0.94029850746268662	1	0.99336650082918743	0.97619047619047616	0.12253427573993629
149	471	0.31634819532908703	1330	0.31742243436754175	0.94029850746268662	1	0.99336650082918743	0.97619047619047616	0.12229101839135291
158	499	0.31663326653306612	1331	0.31766109785202862	0.94029850746268662	1	0.99336650082918743	0.97619047619047616	0.12224627566204643
134	423	0.31678486997635935	1332	0.31789976133651554	0.94029850746268662	1	0.99336650082918743	0.97619047619047616	0.12221973849674643
72	227	0.31718061674008813	1333	0.31813842482100241	0.94029850746268662	1	0.99336650082918743	0.97619047619047616	0.12218288572357523
156	491	0.31771894093686354	1334	0.31837708830548928	0.94029850746268662	1	0.99336650082918743	0.97619047619047616	0.12184763668142964
151	475	0.31789473684210529	1335	0.31861575178997614	0.94029850746268662	1	0.99336650082918743	0.97619047619047616	0.12180227039402514
158	497	0.31790744466800802	1336	0.31885441527446301	0.94029850746268662	1	0.99336650082918743	0.97619047619047616	0.12177806528965274
159	500	0.318	1337	0.31909307875894988	0.94029850746268662	1	0.99336650082918743	0.97619047619047616	0.12176479670700273
121	380	0.31842105263157894	1338	0.31933174224343674	0.94029850746268662	1	0.99336650082918743	0.97619047619047616	0.12152458007527667
50	157	0.31847133757961782	1339	0.31957040572792361	0.94029850746268662	1	0.99336650082918743	0.97619047619047616	0.12147189224315517
159	499	0.31863727454909818	1340	0.31980906921241048	0.94029850746268662	1	0.99336650082918743	0.97619047619047616	0.12142774213277988
15	47	0.31914893617021278	1341	0.3200477326968974	0.94029850746268662	1	0.99336650082918743	0.97619047619047616	0.12140153668204613
145	454	0.31938325991189426	1342	0.32028639618138427	0.94029850746268662	1	0.99336650082918743	0.97619047619047616	0.12136522586142158
157	491	0.31975560081466398	1343	0.32052505966587114	0.94029850746268662	1	0.99336650082918743	0.97619047619047616	0.12103456927190812
159	497	0.31991951710261568	1344	0.320763723150358	0.94029850746268662	1	0.99336650082918743	0.97619047619047616	0.12098977724130622
8	25	0.32000000000000001	1345	0.32100238663484487	0.94029850746268662	1	0.99336650082918743	0.97619047619047616	0.12097667451593933
151	471	0.3205944798301486	1347	0.32147971360381861	0.94029850746268662	1	0.99336650082918743	0.97619047619047616	0.12071555324397093
160	499	0.32064128256513025	1348	0.32171837708830547	0.94029850746268662	1	0.99336650082918743	0.97619047619047616	0.12067198405610061
61	190	0.32105263157894737	1349	0.32195704057279234	0.94029850746268662	1	0.99336650082918743	0.97619047619047616	0.12064610413891634
136	423	0.32151300236406621	1350	0.32219570405727921	0.94029850746268662	1	0.99336650082918743	0.97619047619047616	0.12059427301951223
73	227	0.32158590308370044	1351	0.32243436754176613	0.94029850746268662	1	0.99336650082918743	0.97619047619047616	0.12055849228386031
158	491	0.32179226069246436	1352	0.322673031026253	0.94029850746268662	1	0.99336650082918743	0.97619047619047616	0.12023233442345588
160	497	0.32193158953722334	1353	0.32291169451073987	0.94029850746268662	1	0.99336650082918743	0.97619047619047616	0.12018810581462253
161	500	0.32200000000000001	1354	0.32315035799522673	0.94029850746268662	1	0.99336650082918743	0.97619047619047616	0.12017516585603041
153	475	0.32210526315789473	1355	0.3233890214797136	0.94029850746268662	1	0.99336650082918743	0.97619047619047616	0.11994086207905351
161	499	0.32264529058116231	1356	0.32362768496420047	0.94029850746268662	1	0.99336650082918743	0.97619047619047616	0.11991728362410253
152	471	0.32271762208067939	1357	0.32386634844868734	0.94029850746268662	1	0.99336650082918743	0.97619047619047616	0.11989172321206867
123	380	0.3236842105263158	1358	0.3241050119331742	0.94029850746268662	1	0.99336650082918743	0.97619047619047616	0.11984872355606593
147	454	0.32378854625550663	1359	0.32434367541766107	0.94029850746268662	1	0.99336650082918743	0.97619047619047616	0.11979772842245867
159	491	0.32382892057026474	1360	0.32458233890214799	0.94029850746268662	1	0.99336650082918743	0.97619047619047616	0.11947597810070835
137	423	0.32387706855791965	1361	0.32482100238663486	0.94029850746268662	1	0.99336650082918743	0.97619047619047616	0.11943230234948543
23	71	0.323943661971831	1362	0.32505966587112173	0.94029850746268662	1	0.99336650082918743	0.97619047619047616	0.11939704017521977
81	250	0.32400000000000001	1363	0.3252983293556086	0.94029850746268662	1	0.99336650082918743	0.97619047619047616	0.11938425996920284
154	475	0.32421052631578945	1364	0.32553699284009546	0.94029850746268662	1	0.99336650082918743	0.97619047619047616	0.119152831085195
162	499	0.32464929859719438	1365	0.32577565632458233	0.94029850746268662	1	0.99336650082918743	0.97619047619047616	0.1191295568683724
51	157	0.32484076433121017	1366	0.3260143198090692	0.94029850746268662	1	0.99336650082918743	0.97619047619047616	0.11910431008102609
160	491	0.32586558044806518	1367	0.32625298329355606	0.94029850746268662	1	0.99336650082918743	0.97619047619047616	0.11906186886211427
162	497	0.32595573440643866	1368	0.32649164677804293	0.94029850746268662	1	0.99336650082918743	0.97619047619047616	0.11901873566680717
74	227	0.32599118942731276	1369	0.32673031026252985	0.94029850746268662	1	0.99336650082918743	0.97619047619047616	0.11900611227313401
163	500	0.32600000000000001	1370	0.32696897374701672	0.94029850746268662	1	0.99336650082918743	0.97619047619047616	0.11868868074764879
46	141	0.32624113475177308	1371	0.32720763723150359	0.94029850746268662	1	0.99336650082918743	0.97619047619047616	0.11846007416710447
31	95	0.32631578947368423	1372	0.32744630071599046	0.94029850746268662	1	0.99336650082918743	0.97619047619047616	0.1184253193622527
163	499	0.32665330661322645	1374	0.32792362768496419	0.94029850746268662	1	0.99336650082918743	0.97619047619047616	0.11835216432135572
154	471	0.32696390658174096	1375	0.32816229116945106	0.94029850746268662	1	0.99336650082918743	0.97619047619047616	0.11832722542165998
161	491	0.32790224032586557	1376	0.32840095465393793	0.94029850746268662	1	0.99336650082918743	0.97619047619047616	0.11828533183137929
163	497	0.32796780684104626	1377	0.32863961813842479	0.94029850746268662	1	0.99336650082918743	0.97619047619047616	0.11824273114465621
41	125	0.32800000000000001	1378	0.32887828162291172	0.94029850746268662	1	0.99336650082918743	0.97619047619047616	0.11823026169480835
149	454	0.32819383259911894	1379	0.32911694510739858	0.94029850746268662	1	0.99336650082918743	0.97619047619047616	0.11800442610311908
156	475	0.32842105263157895	1380	0.32935560859188545	0.94029850746268662	1	0.99336650082918743	0.97619047619047616	0.11769122699797367
139	423	0.32860520094562645	1381	0.32959427207637232	0.94029850746268662	1	0.99336650082918743	0.97619047619047616	0.11766854385427143
164	499	0.32865731462925851	1382	0.32983293556085919	0.94029850746268662	1	0.99336650082918743	0.97619047619047616	0.11763428554663181
25	76	0.32894736842105265	1383	0.33007159904534605	0.94029850746268662	1	0.99336650082918743	0.97619047619047616	0.11760964893662934
155	471	0.32908704883227174	1384	0.33031026252983292	0.94029850746268662	1	0.99336650082918743	0.97619047619047616	0.11756026622057998
162	491	0.32993890020366601	1385	0.33054892601431979	0.94029850746268662	1	0.99336650082918743	0.97619047619047616	0.11751890972761059
164	497	0.32997987927565392	1386	0.33078758949880666	0.94029850746268662	1	0.99336650082918743	0.97619047619047616	0.11747683174870005
33	100	0.33000000000000002	1387	0.33102625298329358	0.94029850746268662	1	0.99336650082918743	0.97619047619047616	0.11746451344369883
75	227	0.33039647577092512	1388	0.33126491646778045	0.94029850746268662	1	0.99336650082918743	0.97619047619047616	0.11724139876275282
157	475	0.33052631578947367	1389	0.33150357995226731	0.94029850746268662	1	0.99336650082918743	0.97619047619047616	0.11693234799012592
165	499	0.33066132264529058	1390	0.33174224343675418	0.94029850746268662	1	0.99336650082918743	0.97619047619047616	0.11690995197482495
140	423	0.33096926713947988	1391	0.33198090692124105	0.94029850746268662	1	0.99336650082918743	0.97619047619047616	0.11688561219144902
52	157	0.33121019108280253	1392	0.33221957040572792	0.94029850746268662	1	0.99336650082918743	0.97619047619047616	0.11685183981725111
63	190	0.33157894736842103	1393	0.33245823389021478	0.94029850746268662	1	0.99336650082918743	0.97619047619047616	0.11681101015858705
163	491	0.33197556008146639	1394	0.33269689737470165	0.94029850746268662	1	0.99336650082918743	0.97619047619047616	0.11676240512310537
165	497	0.33199195171026158	1395	0.33293556085918852	0.94029850746268662	1	0.99336650082918743	0.97619047619047616	0.11672084029027914
83	250	0.33200000000000002	1396	0.33317422434367544	0.94029850746268662	1	0.99336650082918743	0.97619047619047616	0.11670867039859117
151	454	0.33259911894273125	1397	0.33341288782816231	0.94029850746268662	1	0.99336650082918743	0.97619047619047616	0.11648822774975229
158	475	0.33263157894736844	1398	0.33365155131264917	0.94029850746268662	1	0.99336650082918743	0.97619047619047616	0.11618324343465994
166	499	0.33266533066132264	1399	0.33389021479713604	0.94029850746268662	1	0.99336650082918743	0.97619047619047616	0.11616112913024328
1	3	0.33333333333333331	1400	0.33412887828162291	0.94029850746268662	1	0.99336650082918743	0.97619047619047616	0.11613708084127901
167	500	0.33400000000000002	1402	0.33460620525059664	0.94029850746268662	1	0.99336650082918743	0.97619047619047616	0.11606347130678163
166	497	0.33400402414486924	1403	0.33484486873508351	0.94029850746268662	1	0.99336650082918743	0.97619047619047616	0.11584565297519084
164	491	0.33401221995926678	1404	0.33508353221957038	0.94029850746268662	1	0.99336650082918743	0.97619047619047616	0.11583362883070872
127	380	0.33421052631578946	1405	0.3353221957040573	0.94029850746268662	1	0.99336650082918743	0.97619047619047616	0.11579256781403793
167	499	0.33466933867735471	1406	0.33556085918854417	0.94029850746268662	1	0.99336650082918743	0.97619047619047616	0.11574472223223567
159	475	0.33473684210526317	1407	0.33579952267303104	0.94029850746268662	1	0.99336650082918743	0.97619047619047616	0.11572096023242577
76	227	0.33480176211453744	1408	0.3360381861575179	0.94029850746268662	1	0.99336650082918743	0.97619047619047616	0.1156991223568143
158	471	0.3354564755838641	1409	0.33627684964200477	0.94029850746268662	1	0.99336650082918743	0.97619047619047616	0.11539812476479502
142	423	0.33569739952718675	1410	0.33651551312649164	0.94029850746268662	1	0.99336650082918743	0.97619047619047616	0.11535831901684504
42	125	0.33600000000000002	1411	0.33675417661097851	0.94029850746268662	1	0.99336650082918743	0.97619047619047616	0.11532548799809852
167	497	0.33601609657947684	1412	0.33699284009546537	0.94029850746268662	1	0.99336650082918743	0.97619047619047616	0.11511024739824254
165	491	0.33604887983706722	1413	0.33723150357995224	0.94029850746268662	1	0.99336650082918743	0.97619047619047616	0.11509836639833759
168	499	0.33667334669338678	1414	0.33747016706443916	0.94029850746268662	1	0.99336650082918743	0.97619047619047616	0.11505780009271104
32	95	0.33684210526315789	1415	0.33770883054892603	0.94029850746268662	1	0.99336650082918743	0.97619047619047616	0.11503431929999948
153	454	0.33700440528634362	1417	0.33818615751789977	0.94029850746268662	1	0.99336650082918743	0.97619047619047616	0.11496564891250956
53	157	0.33757961783439489	1418	0.33842482100238663	0.94029850746268662	1	0.99336650082918743	0.97619047619047616	0.11466856038012693
169	500	0.33800000000000002	1419	0.3386634844868735	0.94029850746268662	1	0.99336650082918743	0.97619047619047616	0.1146292522040263
24	71	0.3380281690140845	1420	0.33890214797136037	0.94029850746268662	1	0.99336650082918743	0.97619047619047616	0.11441654384652157
143	423	0.33806146572104018	1421	0.33914081145584724	0.94029850746268662	1	0.99336650082918743	0.97619047619047616	0.11440480345016578
166	491	0.3380855397148676	1422	0.3393794749403341	0.94029850746268662	1	0.99336650082918743	0.97619047619047616	0.11437242841779074
169	499	0.33867735470941884	1423	0.33961813842482103	0.94029850746268662	1	0.99336650082918743	0.97619047619047616	0.11433234793618369
161	475	0.33894736842105261	1424	0.33985680190930789	0.94029850746268662	1	0.99336650082918743	0.97619047619047616	0.11430914338809225
77	227	0.33920704845814981	1425	0.34009546539379476	0.94029850746268662	1	0.99336650082918743	0.97619047619047616	0.11428784304473072
129	380	0.33947368421052632	1426	0.34033412887828163	0.94029850746268662	1	0.99336650082918743	0.97619047619047616	0.1139945879127659
160	471	0.33970276008492567	1427	0.34057279236276849	0.94029850746268662	1	0.99336650082918743	0.97619047619047616	0.11394820879661934
17	50	0.34000000000000002	1428	0.34081145584725536	0.94029850746268662	1	0.99336650082918743	0.97619047619047616	0.11390938892084296
169	497	0.34004024144869216	1429	0.34105011933174223	0.94029850746268662	1	0.99336650082918743	0.97619047619047616	0.11369916838038503
167	491	0.34012219959266804	1430	0.3412887828162291	0.94029850746268662	1	0.99336650082918743	0.97619047619047616	0.11368756610633933
16	47	0.34042553191489361	1431	0.34152744630071596	0.94029850746268662	1	0.99336650082918743	0.97619047619047616	0.11364796277332283
170	499	0.34068136272545091	1432	0.34176610978520289	0.94029850746268662	1	0.99336650082918743	0.97619047619047616	0.11361603429311848
162	475	0.34105263157894739	1433	0.34200477326968975	0.94029850746268662	1	0.99336650082918743	0.97619047619047616	0.11359310114325034
155	454	0.34140969162995594	1434	0.34224343675417662	0.94029850746268662	1	0.99336650082918743	0.97619047619047616	0.1135720621537951
161	471	0.34182590233545646	1435	0.34248210023866349	0.94029850746268662	1	0.99336650082918743	0.97619047619047616	0.11328256670300932
171	500	0.34200000000000003	1436	0.34272076372315036	0.94029850746268662	1	0.99336650082918743	0.97619047619047616	0.11324422608495856
170	497	0.34205231388329982	1437	0.34295942720763722	0.94029850746268662	1	0.99336650082918743	0.97619047619047616	0.11303644996938972
13	38	0.34210526315789475	1438	0.34319809069212409	0.94029850746268662	1	0.99336650082918743	0.97619047619047616	0.11302498339445563
168	491	0.34215885947046842	1439	0.34343675417661096	0.94029850746268662	1	0.99336650082918743	0.97619047619047616	0.1129793123564182
171	499	0.34268537074148298	1440	0.34367541766109783	0.94029850746268662	1	0.99336650082918743	0.97619047619047616	0.11294017770189892
145	423	0.34278959810874704	1441	0.34391408114558475	0.94029850746268662	1	0.99336650082918743	0.97619047619047616	0.11291751121656413
163	475	0.34315789473684211	1442	0.34415274463007162	0.94029850746268662	1	0.99336650082918743	0.97619047619047616	0.11288602011280095
78	227	0.34361233480176212	1443	0.34439140811455848	0.94029850746268662	1	0.99336650082918743	0.97619047619047616	0.11286523769638783
54	157	0.34394904458598724	1444	0.34463007159904535	0.94029850746268662	1	0.99336650082918743	0.97619047619047616	0.11257943008573945
43	125	0.34399999999999997	1445	0.34486873508353222	0.94029850746268662	1	0.99336650082918743	0.97619047619047616	0.11254155990471999
171	497	0.34406438631790742	1446	0.34510739856801909	0.94029850746268662	1	0.99336650082918743	0.97619047619047616	0.11233618582516927
169	491	0.34419551934826886	1447	0.34534606205250595	0.94029850746268662	1	0.99336650082918743	0.97619047619047616	0.11232485258250187
172	499	0.34468937875751504	1448	0.34558472553699282	0.94029850746268662	1	0.99336650082918743	0.97619047619047616	0.11228617833568284
131	380	0.34473684210526317	1449	0.34582338902147969	0.94029850746268662	1	0.99336650082918743	0.97619047619047616	0.11226377389064096
146	423	0.34515366430260047	1450	0.34606205250596661	0.94029850746268662	1	0.99336650082918743	0.97619047619047616	0.11221879483802831
164	475	0.34526315789473683	1451	0.34630071599045348	0.94029850746268662	1	0.99336650082918743	0.97619047619047616	0.11218773218465644
157	454	0.3458149779735683	1452	0.34653937947494035	0.94029850746268662	1	0.99336650082918743	0.97619047619047616	0.11216720167632105
173	500	0.34599999999999997	1453	0.34677804295942721	0.94029850746268662	1	0.99336650082918743	0.97619047619047616	0.11188501188352899
163	471	0.34607218683651803	1454	0.34701670644391408	0.94029850746268662	1	0.99336650082918743	0.97619047619047616	0.1116819984255823
172	497	0.34607645875251508	1455	0.34725536992840095	0.94029850746268662	1	0.99336650082918743	0.97619047619047616	0.1116445900760387
170	491	0.34623217922606925	1456	0.34749403341288781	0.94029850746268662	1	0.99336650082918743	0.97619047619047616	0.11163338785351774
173	499	0.34669338677354711	1457	0.34773269689737468	0.94029850746268662	1	0.99336650082918743	0.97619047619047616	0.11159516593707086
33	95	0.3473684210526316	1458	0.34797136038186155	0.94029850746268662	1	0.99336650082918743	0.97619047619047616	0.11157301901438577
49	141	0.3475177304964539	1460	0.34844868735083534	0.94029850746268662	1	0.99336650082918743	0.97619047619047616	0.11150843318569087
87	250	0.34799999999999998	1461	0.34868735083532221	0.94029850746268662	1	0.99336650082918743	0.97619047619047616	0.11147779029790511
79	227	0.34801762114537443	1462	0.34892601431980907	0.94029850746268662	1	0.99336650082918743	0.97619047619047616	0.11127709699376354
173	497	0.34808853118712274	1463	0.34916467780429594	0.94029850746268662	1	0.99336650082918743	0.97619047619047616	0.11099845675811351
164	471	0.34819532908704881	1464	0.34940334128878281	0.94029850746268662	1	0.99336650082918743	0.97619047619047616	0.11098738329677096
171	491	0.34826883910386963	1465	0.34964200477326968	0.94029850746268662	1	0.99336650082918743	0.97619047619047616	0.11095042838176727
174	499	0.34869739478957917	1466	0.34988066825775654	0.94029850746268662	1	0.99336650082918743	0.97619047619047616	0.1109126509062093
166	475	0.34947368421052633	1467	0.35011933174224341	0.94029850746268662	1	0.99336650082918743	0.97619047619047616	0.11089075709121204
148	423	0.34988179669030733	1468	0.35035799522673033	0.94029850746268662	1	0.99336650082918743	0.97619047619047616	0.1108707168504085
7	20	0.34999999999999998	1469	0.3505966587112172	0.94029850746268662	1	0.99336650082918743	0.97619047619047616	0.11084048527655277
174	497	0.3501006036217304	1471	0.35107398568019094	0.94029850746268662	1	0.99336650082918743	0.97619047619047616	0.11059843113622683
159	454	0.35022026431718062	1472	0.3513126491646778	0.94029850746268662	1	0.99336650082918743	0.97619047619047616	0.11058748422872819
172	491	0.35030549898167007	1473	0.35155131264916467	0.94029850746268662	1	0.99336650082918743	0.97619047619047616	0.11031232699602379
55	157	0.3503184713375796	1474	0.35178997613365154	0.94029850746268662	1	0.99336650082918743	0.97619047619047616	0.11027498625428729
175	499	0.35070140280561124	1475	0.35202863961813841	0.94029850746268662	1	0.99336650082918743	0.97619047619047616	0.11023847657922341
167	475	0.35157894736842105	1476	0.35226730310262527	0.94029850746268662	1	0.99336650082918743	0.97619047619047616	0.11021683155757839
44	125	0.35199999999999998	1477	0.3525059665871122	0.94029850746268662	1	0.99336650082918743	0.97619047619047616	0.11019702989107012
25	71	0.352112676056338	1478	0.35274463007159906	0.94029850746268662	1	0.99336650082918743	0.97619047619047616	0.11000085914405193
149	423	0.35224586288416077	1479	0.35298329355608593	0.94029850746268662	1	0.99336650082918743	0.97619047619047616	0.10999003663322943
173	491	0.35234215885947046	1480	0.3532219570405728	0.94029850746268662	1	0.99336650082918743	0.97619047619047616	0.10996020814702509
80	227	0.3524229074889868	1481	0.35346062052505967	0.94029850746268662	1	0.99336650082918743	0.97619047619047616	0.1099232966092166
166	471	0.35244161358811038	1482	0.35369928400954653	0.94029850746268662	1	0.99336650082918743	0.97619047619047616	0.10965155747878182
67	190	0.35263157894736841	1483	0.3539379474940334	0.94029850746268662	1	0.99336650082918743	0.97619047619047616	0.10961548504533546
176	499	0.35270541082164331	1484	0.35417661097852027	0.94029850746268662	1	0.99336650082918743	0.97619047619047616	0.10957249014330242
168	475	0.35368421052631577	1485	0.35441527446300713	0.94029850746268662	1	0.99336650082918743	0.97619047619047616	0.10955108969817316
177	500	0.35399999999999998	1486	0.35465393794749406	0.94029850746268662	1	0.99336650082918743	0.97619047619047616	0.10953152237091351
176	497	0.35412474849094566	1487	0.35489260143198093	0.94029850746268662	1	0.99336650082918743	0.97619047619047616	0.10933755578959214
174	491	0.3543788187372709	1488	0.35513126491646779	0.94029850746268662	1	0.99336650082918743	0.97619047619047616	0.10932685556702752
167	471	0.35456475583864117	1489	0.35536992840095466	0.94029850746268662	1	0.99336650082918743	0.97619047619047616	0.10929036587536541
50	141	0.3546099290780142	1490	0.35560859188544153	0.94029850746268662	1	0.99336650082918743	0.97619047619047616	0.10925472287565056
161	454	0.35462555066079293	1491	0.35584725536992839	0.94029850746268662	1	0.99336650082918743	0.97619047619047616	0.10922528946873371
177	499	0.35470941883767537	1492	0.35608591885441526	0.94029850746268662	1	0.99336650082918743	0.97619047619047616	0.10895690514237837
27	76	0.35526315789473684	1493	0.35632458233890213	0.94029850746268662	1	0.99336650082918743	0.97619047619047616	0.10893574515168876
169	475	0.35578947368421054	1494	0.356563245823389	0.94029850746268662	1	0.99336650082918743	0.97619047619047616	0.10889338252762679
89	250	0.35599999999999998	1495	0.35680190930787592	0.94029850746268662	1	0.99336650082918743	0.97619047619047616	0.10887404540421726
177	497	0.35613682092555332	1496	0.35704057279236279	0.94029850746268662	1	0.99336650082918743	0.97619047619047616	0.10868224604726821
175	491	0.35641547861507128	1497	0.35727923627684965	0.94029850746268662	1	0.99336650082918743	0.97619047619047616	0.10867166605192341
56	157	0.35668789808917195	1498	0.35751789976133652	0.94029850746268662	1	0.99336650082918743	0.97619047619047616	0.10863559101584837
178	499	0.35671342685370744	1499	0.35775656324582339	0.94029850746268662	1	0.99336650082918743	0.97619047619047616	0.10860036982678103
81	227	0.35682819383259912	1500	0.35799522673031026	0.94029850746268662	1	0.99336650082918743	0.97619047619047616	0.10857944626056841
151	423	0.35697399527186763	1501	0.35823389021479712	0.94029850746268662	1	0.99336650082918743	0.97619047619047616	0.10831435499343214
34	95	0.35789473684210527	1502	0.35847255369928399	0.94029850746268662	1	0.99336650082918743	0.97619047619047616	0.10828530886818526
179	500	0.35799999999999998	1504	0.35894988066825778	0.94029850746268662	1	0.99336650082918743	0.97619047619047616	0.10822445371836789
178	497	0.35814889336016098	1505	0.35918854415274465	0.94029850746268662	1	0.99336650082918743	0.97619047619047616	0.10803478546538493
176	491	0.35845213849287166	1506	0.35942720763723152	0.94029850746268662	1	0.99336650082918743	0.97619047619047616	0.10802432368227861
179	499	0.3587174348697395	1507	0.35966587112171838	0.94029850746268662	1	0.99336650082918743	0.97619047619047616	0.10798865627372985
169	471	0.35881104033970274	1508	0.35990453460620525	0.94029850746268662	1	0.99336650082918743	0.97619047619047616	0.10796796519158626
163	454	0.3590308370044053	1509	0.36014319809069212	0.94029850746268662	1	0.99336650082918743	0.97619047619047616	0.10793315836944911
152	423	0.35933806146572106	1510	0.36038186157517899	0.94029850746268662	1	0.99336650082918743	0.97619047619047616	0.10767129992264379
9	25	0.35999999999999999	1511	0.36062052505966585	0.94029850746268662	1	0.99336650082918743	0.97619047619047616	0.10764263348530861
179	497	0.36016096579476864	1513	0.36109785202863964	0.94029850746268662	1	0.99336650082918743	0.97619047619047616	0.10743617227634758
177	491	0.3604887983706721	1514	0.36133651551312651	0.94029850746268662	1	0.99336650082918743	0.97619047619047616	0.10742582673527579
137	380	0.36052631578947369	1515	0.36157517899761338	0.94029850746268662	1	0.99336650082918743	0.97619047619047616	0.10739056008412645
180	499	0.36072144288577157	1516	0.36181384248210025	0.94029850746268662	1	0.99336650082918743	0.97619047619047616	0.1073494208808165
170	471	0.36093418259023352	1517	0.36205250596658711	0.94029850746268662	1	0.99336650082918743	0.97619047619047616	0.10732895842941484
82	227	0.36123348017621143	1518	0.36229116945107398	0.94029850746268662	1	0.99336650082918743	0.97619047619047616	0.10729455870461263
17	47	0.36170212765957449	1519	0.36252983293556085	0.94029850746268662	1	0.99336650082918743	0.97619047619047616	0.10703587429958676
181	500	0.36199999999999999	1520	0.36276849642004771	0.94029850746268662	1	0.99336650082918743	0.97619047619047616	0.10700758015364556
172	475	0.36210526315789476	1521	0.36300715990453458	0.94029850746268662	1	0.99336650082918743	0.97619047619047616	0.10682206891841056
180	497	0.36217303822937624	1522	0.3632458233890215	0.94029850746268662	1	0.99336650082918743	0.97619047619047616	0.10680339854754232
178	491	0.36252545824847249	1523	0.36348448687350837	0.94029850746268662	1	0.99336650082918743	0.97619047619047616	0.10679316732184146
181	499	0.36272545090180358	1524	0.36372315035799524	0.94029850746268662	1	0.99336650082918743	0.97619047619047616	0.1067582947114871
57	157	0.36305732484076431	1525	0.36396181384248211	0.94029850746268662	1	0.99336650082918743	0.97619047619047616	0.10673805712218873
69	190	0.36315789473684212	1526	0.36420047732696897	0.94029850746268662	1	0.99336650082918743	0.97619047619047616	0.10670405739418656
165	454	0.36343612334801761	1527	0.36443914081145584	0.94029850746268662	1	0.99336650082918743	0.97619047619047616	0.1066635101218595
91	250	0.36399999999999999	1528	0.36467780429594271	0.94029850746268662	1	0.99336650082918743	0.97619047619047616	0.10640794239641224
154	423	0.36406619385342792	1529	0.36491646778042958	0.94029850746268662	1	0.99336650082918743	0.97619047619047616	0.10622445860637109
181	497	0.3641851106639839	1530	0.36515513126491644	0.94029850746268662	1	0.99336650082918743	0.97619047619047616	0.10619652954618396
173	475	0.36421052631578948	1531	0.36539379474940337	0.94029850746268662	1	0.99336650082918743	0.97619047619047616	0.10618641075153477
179	491	0.36456211812627293	1532	0.36563245823389023	0.94029850746268662	1	0.99336650082918743	0.97619047619047616	0.10616795498263054
182	499	0.36472945891783565	1533	0.3658711217183771	0.94029850746268662	1	0.99336650082918743	0.97619047619047616	0.10613346984572454
172	471	0.36518046709129509	1534	0.36610978520286397	0.94029850746268662	1	0.99336650082918743	0.97619047619047616	0.1061134534322655
83	227	0.3656387665198238	1535	0.36634844868735084	0.94029850746268662	1	0.99336650082918743	0.97619047619047616	0.10607984676470267
139	380	0.36578947368421055	1536	0.3665871121718377	0.94029850746268662	1	0.99336650082918743	0.97619047619047616	0.10582733973057813
183	500	0.36599999999999999	1537	0.36682577565632457	0.94029850746268662	1	0.99336650082918743	0.97619047619047616	0.10578737170499859
26	71	0.36619718309859156	1538	0.36706443914081144	0.94029850746268662	1	0.99336650082918743	0.97619047619047616	0.10560588230397962
174	475	0.36631578947368421	1539	0.36730310262529831	0.94029850746268662	1	0.99336650082918743	0.97619047619047616	0.1055958740972501
155	423	0.3664302600472813	1540	0.36754176610978523	0.94029850746268662	1	0.99336650082918743	0.97619047619047616	0.10557762925141906
180	491	0.36659877800407331	1541	0.3677804295942721	0.94029850746268662	1	0.99336650082918743	0.97619047619047616	0.10555005825610612
183	499	0.36673346693386771	1542	0.36801909307875896	0.94029850746268662	1	0.99336650082918743	0.97619047619047616	0.10551595417043665
173	471	0.36730360934182588	1543	0.36825775656324583	0.94029850746268662	1	0.99336650082918743	0.97619047619047616	0.10549615532668913
167	454	0.36784140969162998	1544	0.3684964200477327	0.94029850746268662	1	0.99336650082918743	0.97619047619047616	0.1054629349426615
46	125	0.36799999999999999	1545	0.36873508353221957	0.94029850746268662	1	0.99336650082918743	0.97619047619047616	0.1052134339446575
183	497	0.36820925553319922	1546	0.36897374701670643	0.94029850746268662	1	0.99336650082918743	0.97619047619047616	0.1050339065912171
7	19	0.36842105263157893	1547	0.3692124105011933	0.94029850746268662	1	0.99336650082918743	0.97619047619047616	0.10502400716934335
181	491	0.36863543788187375	1549	0.36968973747016709	0.94029850746268662	1	0.99336650082918743	0.97619047619047616	0.10496656854807493
184	499	0.36873747494989978	1550	0.36992840095465396	0.94029850746268662	1	0.99336650082918743	0.97619047619047616	0.10493283923257767
52	141	0.36879432624113473	1551	0.37016706443914082	0.94029850746268662	1	0.99336650082918743	0.97619047619047616	0.10491325443038417
58	157	0.36942675159235666	1552	0.37040572792362769	0.94029850746268662	1	0.99336650082918743	0.97619047619047616	0.10488603465794147
37	100	0.37	1553	0.37064439140811456	0.94029850746268662	1	0.99336650082918743	0.97619047619047616	0.10485319393544557
84	227	0.37004405286343611	1554	0.37088305489260143	0.94029850746268662	1	0.99336650082918743	0.97619047619047616	0.10467559698365507
184	497	0.37022132796780682	1555	0.37112171837708829	0.94029850746268662	1	0.99336650082918743	0.97619047619047616	0.10442904866018367
176	475	0.3705263157894737	1556	0.37136038186157516	0.94029850746268662	1	0.99336650082918743	0.97619047619047616	0.10441925625908692
182	491	0.37067209775967414	1557	0.37159904534606203	0.94029850746268662	1	0.99336650082918743	0.97619047619047616	0.10440142255481254
185	499	0.37074148296593185	1558	0.37183770883054895	0.94029850746268662	1	0.99336650082918743	0.97619047619047616	0.10436806186571415
141	380	0.37105263157894736	1559	0.37207637231503582	0.94029850746268662	1	0.99336650082918743	0.97619047619047616	0.10434868765279154
157	423	0.37115839243498816	1560	0.37231503579952269	0.94029850746268662	1	0.99336650082918743	0.97619047619047616	0.10430984149467658
175	471	0.37154989384288745	1561	0.37255369928400955	0.94029850746268662	1	0.99336650082918743	0.97619047619047616	0.10428296627631543
93	250	0.372	1562	0.37279236276849642	0.94029850746268662	1	0.99336650082918743	0.97619047619047616	0.1042504987438479
185	497	0.37223340040241448	1563	0.37303102625298329	0.94029850746268662	1	0.99336650082918743	0.97619047619047616	0.10407480122469687
169	454	0.3722466960352423	1564	0.37326968973747016	0.94029850746268662	1	0.99336650082918743	0.97619047619047616	0.10406511411823556
177	475	0.37263157894736842	1565	0.37350835322195702	0.94029850746268662	1	0.99336650082918743	0.97619047619047616	0.10382146636327559
183	491	0.37270875763747452	1566	0.37374701670644389	0.94029850746268662	1	0.99336650082918743	0.97619047619047616	0.10380383303770092
186	499	0.37274549098196391	1567	0.37398568019093081	0.94029850746268662	1	0.99336650082918743	0.97619047619047616	0.10377083496478839
158	423	0.37352245862884159	1568	0.37422434367541768	0.94029850746268662	1	0.99336650082918743	0.97619047619047616	0.10375166796269918
176	471	0.37367303609341823	1569	0.37446300715990455	0.94029850746268662	1	0.99336650082918743	0.97619047619047616	0.10372513079739917
71	190	0.37368421052631579	1570	0.37470167064439142	0.94029850746268662	1	0.99336650082918743	0.97619047619047616	0.10369303012970529
187	500	0.374	1571	0.37494033412887828	0.94029850746268662	1	0.99336650082918743	0.97619047619047616	0.10365472727450104
186	497	0.37424547283702214	1572	0.37517899761336515	0.94029850746268662	1	0.99336650082918743	0.97619047619047616	0.10348089887789416
85	227	0.37444933920704848	1573	0.37541766109785202	0.94029850746268662	1	0.99336650082918743	0.97619047619047616	0.10347131537684956
178	475	0.37473684210526315	1574	0.37565632458233889	0.94029850746268662	1	0.99336650082918743	0.97619047619047616	0.10323051730323414
184	491	0.37474541751527496	1575	0.37589498806682575	0.94029850746268662	1	0.99336650082918743	0.97619047619047616	0.10321308099805696
187	499	0.37474949899799598	1576	0.37613365155131268	0.94029850746268662	1	0.99336650082918743	0.97619047619047616	0.10318043966106778
59	157	0.37579617834394907	1577	0.37637231503579954	0.94029850746268662	1	0.99336650082918743	0.97619047619047616	0.10316147656325612
53	141	0.37588652482269502	1578	0.37661097852028641	0.94029850746268662	1	0.99336650082918743	0.97619047619047616	0.10312973657722173
47	125	0.376	1579	0.37684964200477328	0.94029850746268662	1	0.99336650082918743	0.97619047619047616	0.10310353112648797
187	497	0.3762575452716298	1580	0.37708830548926014	0.94029850746268662	1	0.99336650082918743	0.97619047619047616	0.10293154218381345
143	380	0.37631578947368421	1581	0.37732696897374701	0.94029850746268662	1	0.99336650082918743	0.97619047619047616	0.10292206063490762
171	454	0.37665198237885461	1582	0.37756563245823388	0.94029850746268662	1	0.99336650082918743	0.97619047619047616	0.10288428976380341
188	499	0.37675350701402804	1583	0.37780429594272075	0.94029850746268662	1	0.99336650082918743	0.97619047619047616	0.10264629166778819
185	491	0.37678207739307534	1584	0.37804295942720761	0.94029850746268662	1	0.99336650082918743	0.97619047619047616	0.10262752923767823
179	475	0.37684210526315787	1585	0.37828162291169454	0.94029850746268662	1	0.99336650082918743	0.97619047619047616	0.10259523888280724
178	471	0.37791932059447986	1586	0.3785202863961814	0.94029850746268662	1	0.99336650082918743	0.97619047619047616	0.10257799631435423
189	500	0.378	1587	0.37875894988066827	0.94029850746268662	1	0.99336650082918743	0.97619047619047616	0.10254661096503531
160	423	0.37825059101654845	1588	0.37899761336515514	0.94029850746268662	1	0.99336650082918743	0.97619047619047616	0.10237643243228367
188	497	0.3782696177062374	1589	0.37923627684964201	0.94029850746268662	1	0.99336650082918743	0.97619047619047616	0.1023505525150994
189	499	0.37875751503006011	1590	0.37947494033412887	0.94029850746268662	1	0.99336650082918743	0.97619047619047616	0.10234117130004444
186	491	0.37881873727087578	1591	0.37971360381861574	0.94029850746268662	1	0.99336650082918743	0.97619047619047616	0.10232260636919881
86	227	0.3788546255506608	1592	0.37995226730310261	0.94029850746268662	1	0.99336650082918743	0.97619047619047616	0.1022906613657168
36	95	0.37894736842105264	1593	0.38019093078758948	0.94029850746268662	1	0.99336650082918743	0.97619047619047616	0.10205541469277689
19	50	0.38	1595	0.38066825775656327	0.94029850746268662	1	0.99336650082918743	0.97619047619047616	0.10200111275637042
179	471	0.38004246284501064	1596	0.38090692124105013	0.94029850746268662	1	0.99336650082918743	0.97619047619047616	0.10183271619778372
27	71	0.38028169014084506	1597	0.381145584725537	0.94029850746268662	1	0.99336650082918743	0.97619047619047616	0.10180167957456833
161	423	0.38061465721040189	1598	0.38138424821002387	0.94029850746268662	1	0.99336650082918743	0.97619047619047616	0.10179239710914552
190	499	0.38076152304609218	1599	0.38162291169451074	0.94029850746268662	1	0.99336650082918743	0.97619047619047616	0.10176683669711167
187	491	0.38085539714867617	1600	0.3818615751789976	0.94029850746268662	1	0.99336650082918743	0.97619047619047616	0.10174846616344767
181	475	0.38105263157894737	1601	0.38210023866348447	0.94029850746268662	1	0.99336650082918743	0.97619047619047616	0.10171686100042825
173	454	0.38105726872246698	1602	0.38233890214797134	0.94029850746268662	1	0.99336650082918743	0.97619047619047616	0.10169999634267961
29	76	0.38157894736842107	1603	0.38257756563245826	0.94029850746268662	1	0.99336650082918743	0.97619047619047616	0.10146745365448613
191	500	0.38200000000000001	1604	0.38281622911694513	0.94029850746268662	1	0.99336650082918743	0.97619047619047616	0.10143071403342908
60	157	0.38216560509554143	1605	0.383054892601432	0.94029850746268662	1	0.99336650082918743	0.97619047619047616	0.10126407160566099
190	497	0.38229376257545272	1606	0.38329355608591886	0.94029850746268662	1	0.99336650082918743	0.97619047619047616	0.10123337792855848
191	499	0.38276553106212424	1607	0.38353221957040573	0.94029850746268662	1	0.99336650082918743	0.97619047619047616	0.10122419266172648
188	491	0.38289205702647655	1608	0.3837708830548926	0.94029850746268662	1	0.99336650082918743	0.97619047619047616	0.10120601348778814
18	47	0.38297872340425532	1609	0.38400954653937946	0.94029850746268662	1	0.99336650082918743	0.97619047619047616	0.10117474277093823
182	475	0.38315789473684209	1610	0.38424821002386633	0.94029850746268662	1	0.99336650082918743	0.97619047619047616	0.10114949598359192
87	227	0.38325991189427311	1611	0.3844868735083532	0.94029850746268662	1	0.99336650082918743	0.97619047619047616	0.10113281563904271
48	125	0.38400000000000001	1612	0.38472553699284012	0.94029850746268662	1	0.99336650082918743	0.97619047619047616	0.10090293058157146
73	190	0.38421052631578945	1613	0.38496420047732699	0.94029850746268662	1	0.99336650082918743	0.97619047619047616	0.10073801501833983
181	471	0.38428874734607221	1614	0.38520286396181386	0.94029850746268662	1	0.99336650082918743	0.97619047619047616	0.10070177525607267
191	497	0.38430583501006038	1615	0.38544152744630072	0.94029850746268662	1	0.99336650082918743	0.97619047619047616	0.10067141887212512
192	499	0.38476953907815631	1616	0.38568019093078759	0.94029850746268662	1	0.99336650082918743	0.97619047619047616	0.10066232928515596
189	491	0.38492871690427699	1617	0.38591885441527446	0.94029850746268662	1	0.99336650082918743	0.97619047619047616	0.10064433849643978
183	475	0.38526315789473686	1618	0.38615751789976133	0.94029850746268662	1	0.99336650082918743	0.97619047619047616	0.10061339694503039
163	423	0.38534278959810875	1619	0.38639618138424819	0.94029850746268662	1	0.99336650082918743	0.97619047619047616	0.10059689790857412
175	454	0.38546255506607929	1620	0.38663484486873506	0.94029850746268662	1	0.99336650082918743	0.97619047619047616	0.10057195900887837
193	500	0.38600000000000001	1621	0.38687350835322198	0.94029850746268662	1	0.99336650082918743	0.97619047619047616	0.10034468628160566
192	497	0.38631790744466799	1622	0.38711217183770885	0.94029850746268662	1	0.99336650082918743	0.97619047619047616	0.10018147087881972
182	471	0.386411889596603	1623	0.38735083532219572	0.94029850746268662	1	0.99336650082918743	0.97619047619047616	0.10017247548446162
193	499	0.38677354709418837	1624	0.38758949880668259	0.94029850746268662	1	0.99336650082918743	0.97619047619047616	0.10014245086427306
147	380	0.38684210526315788	1625	0.38782816229116945	0.94029850746268662	1	0.99336650082918743	0.97619047619047616	0.10012464554760551
190	491	0.38696537678207737	1626	0.38806682577565632	0.94029850746268662	1	0.99336650082918743	0.97619047619047616	0.10008889551185547
184	475	0.38736842105263158	1627	0.38830548926014319	0.94029850746268662	1	0.99336650082918743	0.97619047619047616	0.1000582779557488
88	227	0.38766519823788548	1628	0.38854415274463006	0.94029850746268662	1	0.99336650082918743	0.97619047619047616	0.10004195728725424
164	423	0.38770685579196218	1629	0.38878281622911692	0.94029850746268662	1	0.99336650082918743	0.97619047619047616	0.099817252613397009
97	250	0.38800000000000001	1630	0.38902147971360385	0.94029850746268662	1	0.99336650082918743	0.97619047619047616	0.099792616003394549
193	497	0.38832997987927564	1631	0.38926014319809071	0.94029850746268662	1	0.99336650082918743	0.97619047619047616	0.099631074604739744
61	157	0.38853503184713378	1632	0.38949880668257758	0.94029850746268662	1	0.99336650082918743	0.97619047619047616	0.099622171946405963
194	499	0.38877755511022044	1633	0.38973747016706445	0.94029850746268662	1	0.99336650082918743	0.97619047619047616	0.099592473680784666
191	491	0.38900203665987781	1634	0.38997613365155132	0.94029850746268662	1	0.99336650082918743	0.97619047619047616	0.099574850982749596
37	95	0.38947368421052631	1635	0.39021479713603818	0.94029850746268662	1	0.99336650082918743	0.97619047619047616	0.099544552359519034
177	454	0.38986784140969161	1637	0.39069212410501192	0.94029850746268662	1	0.99336650082918743	0.97619047619047616	0.099493137012585178
39	100	0.39000000000000001	1638	0.39093078758949878	0.94029850746268662	1	0.99336650082918743	0.97619047619047616	0.099270957110344338
55	141	0.39007092198581561	1639	0.39116945107398571	0.94029850746268662	1	0.99336650082918743	0.97619047619047616	0.099111064093308457
194	497	0.3903420523138833	1640	0.39140811455847258	0.94029850746268662	1	0.99336650082918743	0.97619047619047616	0.099086724309932539
184	471	0.39065817409766457	1641	0.39164677804295944	0.94029850746268662	1	0.99336650082918743	0.97619047619047616	0.099077912960915004
195	499	0.39078156312625251	1642	0.39188544152744631	0.94029850746268662	1	0.99336650082918743	0.97619047619047616	0.099048535757624762
192	491	0.3910386965376782	1643	0.39212410501193318	0.94029850746268662	1	0.99336650082918743	0.97619047619047616	0.099031092883039032
186	475	0.39157894736842103	1644	0.39236276849642004	0.94029850746268662	1	0.99336650082918743	0.97619047619047616	0.099001108235178728
49	125	0.39200000000000002	1645	0.39260143198090691	0.94029850746268662	1	0.99336650082918743	0.97619047619047616	0.098985135733437729
89	227	0.39207048458149779	1646	0.39284009546539378	0.94029850746268662	1	0.99336650082918743	0.97619047619047616	0.098826865995762625
149	380	0.39210526315789473	1647	0.39307875894988065	0.94029850746268662	1	0.99336650082918743	0.97619047619047616	0.098607168550530061
195	497	0.39235412474849096	1648	0.39331742243436751	0.94029850746268662	1	0.99336650082918743	0.97619047619047616	0.098572368649958358
166	423	0.39243498817966904	1649	0.39355608591885444	0.94029850746268662	1	0.99336650082918743	0.97619047619047616	0.098563647212665487
185	471	0.39278131634819535	1650	0.3937947494033413	0.94029850746268662	1	0.99336650082918743	0.97619047619047616	0.098539598923701247
196	499	0.39278557114228457	1651	0.39403341288782817	0.94029850746268662	1	0.99336650082918743	0.97619047619047616	0.098510537604317341
193	491	0.39307535641547864	1652	0.39427207637231504	0.94029850746268662	1	0.99336650082918743	0.97619047619047616	0.0984932718147528
187	475	0.3936842105263158	1653	0.39451073985680191	0.94029850746268662	1	0.99336650082918743	0.97619047619047616	0.098463596286973529
197	500	0.39400000000000002	1654	0.39474940334128877	0.94029850746268662	1	0.99336650082918743	0.97619047619047616	0.098447793705463804
179	454	0.39427312775330398	1655	0.39498806682577564	0.94029850746268662	1	0.99336650082918743	0.97619047619047616	0.098291122652007651
28	71	0.39436619718309857	1656	0.39522673031026251	0.94029850746268662	1	0.99336650082918743	0.97619047619047616	0.098073866289499892
15	38	0.39473684210526316	1657	0.39546539379474938	0.94029850746268662	1	0.99336650082918743	0.97619047619047616	0.098065233394717607
197	499	0.39478957915831664	1658	0.3957040572792363	0.94029850746268662	1	0.99336650082918743	0.97619047619047616	0.098030894419981279
167	423	0.39479905437352247	1659	0.39594272076372317	0.94029850746268662	1	0.99336650082918743	0.97619047619047616	0.098013803032331523
62	157	0.39490445859872614	1660	0.39618138424821003	0.94029850746268662	1	0.99336650082918743	0.97619047619047616	0.09799004103252161
194	491	0.39511201629327902	1661	0.3964200477326969	0.94029850746268662	1	0.99336650082918743	0.97619047619047616	0.097961290529387804
188	475	0.39578947368421052	1662	0.39665871121718377	0.94029850746268662	1	0.99336650082918743	0.97619047619047616	0.097931919365996031
99	250	0.39600000000000002	1663	0.39689737470167064	0.94029850746268662	1	0.99336650082918743	0.97619047619047616	0.097916284007571075
197	497	0.39637826961770622	1664	0.3971360381861575	0.94029850746268662	1	0.99336650082918743	0.97619047619047616	0.097761187537566727
90	227	0.3964757709251101	1665	0.39737470167064437	0.94029850746268662	1	0.99336650082918743	0.97619047619047616	0.097752641843741842
198	499	0.39679358717434871	1666	0.39761336515513124	0.94029850746268662	1	0.99336650082918743	0.97619047619047616	0.097537786104024235
187	471	0.39702760084925692	1667	0.39785202863961816	0.94029850746268662	1	0.99336650082918743	0.97619047619047616	0.097520866489114663
195	491	0.39714867617107941	1668	0.39809069212410503	0.94029850746268662	1	0.99336650082918743	0.97619047619047616	0.097492421842397176
56	141	0.3971631205673759	1669	0.3983293556085919	0.94029850746268662	1	0.99336650082918743	0.97619047619047616	0.097463350384754288
151	380	0.39736842105263159	1670	0.39856801909307876	0.94029850746268662	1	0.99336650082918743	0.97619047619047616	0.097439869592042719
189	475	0.39789473684210525	1671	0.39880668257756563	0.94029850746268662	1	0.99336650082918743	0.97619047619047616	0.097405982445921357
199	500	0.39800000000000002	1672	0.3990453460620525	0.94029850746268662	1	0.99336650082918743	0.97619047619047616	0.097390511670216659
198	497	0.39839034205231388	1673	0.39928400954653936	0.94029850746268662	1	0.99336650082918743	0.97619047619047616	0.097236966164912356
181	454	0.39867841409691629	1674	0.39952267303102623	0.94029850746268662	1	0.99336650082918743	0.97619047619047616	0.097228506357457584
199	499	0.39879759519038077	1675	0.3997613365155131	0.94029850746268662	1	0.99336650082918743	0.97619047619047616	0.097016011669824778
188	471	0.39915074309978771	1676	0.40000000000000002	0.94029850746268662	1	0.99336650082918743	0.97619047619047616	0.096999261251064312
196	491	0.39918533604887985	1677	0.40023866348448689	0.94029850746268662	1	0.99336650082918743	0.97619047619047616	0.096971117605899382
169	423	0.39952718676122934	1678	0.40047732696897376	0.94029850746268662	1	0.99336650082918743	0.97619047619047616	0.096942341289958447
2	5	0.40000000000000002	1679	0.40071599045346062	0.94029850746268662	1	0.99336650082918743	0.97619047619047616	0.096919136741867029
199	497	0.40040241448692154	1682	0.40143198090692123	0.94029850746268662	1	0.99336650082918743	0.97619047619047616	0.096718366097591532
200	499	0.40080160320641284	1683	0.40167064439140809	0.94029850746268662	1	0.99336650082918743	0.97619047619047616	0.096709990888211306
91	227	0.40088105726872247	1684	0.40190930787589496	0.94029850746268662	1	0.99336650082918743	0.97619047619047616	0.096693407140284265
197	491	0.40122199592668023	1685	0.40214797136038188	0.94029850746268662	1	0.99336650082918743	0.97619047619047616	0.096483234798964396
63	157	0.40127388535031849	1686	0.40238663484486875	0.94029850746268662	1	0.99336650082918743	0.97619047619047616	0.09645474915288145
170	423	0.40189125295508277	1687	0.40262529832935562	0.94029850746268662	1	0.99336650082918743	0.97619047619047616	0.096426901756613004
201	500	0.40200000000000002	1688	0.40286396181384249	0.94029850746268662	1	0.99336650082918743	0.97619047619047616	0.096403968606744869
191	475	0.40210526315789474	1689	0.40310262529832935	0.94029850746268662	1	0.99336650082918743	0.97619047619047616	0.096253456043050689
200	497	0.4024144869215292	1690	0.40334128878281622	0.94029850746268662	1	0.99336650082918743	0.97619047619047616	0.096238306731435408
153	380	0.4026315789473684	1691	0.40357995226730309	0.94029850746268662	1	0.99336650082918743	0.97619047619047616	0.096230014857471902
201	499	0.4028056112224449	1692	0.40381861575178996	0.94029850746268662	1	0.99336650082918743	0.97619047619047616	0.096197005020540488
183	454	0.40308370044052866	1693	0.40405727923627682	0.94029850746268662	1	0.99336650082918743	0.97619047619047616	0.096180585468137486
198	491	0.40325865580448067	1694	0.40429594272076375	0.94029850746268662	1	0.99336650082918743	0.97619047619047616	0.095972697608788474
190	471	0.40339702760084928	1695	0.40453460620525061	0.94029850746268662	1	0.99336650082918743	0.97619047619047616	0.095944498250605859
101	250	0.40400000000000003	1696	0.40477326968973748	0.94029850746268662	1	0.99336650082918743	0.97619047619047616	0.095916942450109871
192	475	0.40421052631578946	1697	0.40501193317422435	0.94029850746268662	1	0.99336650082918743	0.97619047619047616	0.095767912768816618
19	47	0.40425531914893614	1698	0.40525059665871122	0.94029850746268662	1	0.99336650082918743	0.97619047619047616	0.095752920444886466
201	497	0.40442655935613681	1699	0.40548926014319808	0.94029850746268662	1	0.99336650082918743	0.97619047619047616	0.095730253959551675
202	499	0.40480961923847697	1700	0.40572792362768495	0.94029850746268662	1	0.99336650082918743	0.97619047619047616	0.095722044183350175
77	190	0.40526315789473683	1701	0.40596658711217182	0.94029850746268662	1	0.99336650082918743	0.97619047619047616	0.095705786399936377
92	227	0.40528634361233479	1702	0.40620525059665868	0.94029850746268662	1	0.99336650082918743	0.97619047619047616	0.095673202496384724
199	491	0.40529531568228105	1703	0.40644391408114561	0.94029850746268662	1	0.99336650082918743	0.97619047619047616	0.095467562073352996
191	471	0.40552016985138006	1704	0.40668257756563247	0.94029850746268662	1	0.99336650082918743	0.97619047619047616	0.095439644708752214
203	500	0.40600000000000003	1705	0.40692124105011934	0.94029850746268662	1	0.99336650082918743	0.97619047619047616	0.095412375947844713
193	475	0.40631578947368419	1706	0.40715990453460621	0.94029850746268662	1	0.99336650082918743	0.97619047619047616	0.095264807341858243
202	497	0.40643863179074446	1707	0.40739856801909308	0.94029850746268662	1	0.99336650082918743	0.97619047619047616	0.095249969577968621
172	423	0.40661938534278957	1708	0.40763723150357994	0.94029850746268662	1	0.99336650082918743	0.97619047619047616	0.095241840686261708
203	499	0.40681362725450904	1709	0.40787589498806681	0.94029850746268662	1	0.99336650082918743	0.97619047619047616	0.095219436241219813
200	491	0.40733197556008149	1710	0.40811455847255368	0.94029850746268662	1	0.99336650082918743	0.97619047619047616	0.095203337847839478
185	454	0.40748898678414097	1711	0.40835322195704055	0.94029850746268662	1	0.99336650082918743	0.97619047619047616	0.095175698267961087
64	157	0.40764331210191085	1712	0.40859188544152747	0.94029850746268662	1	0.99336650082918743	0.97619047619047616	0.094972269032273793
31	76	0.40789473684210525	1713	0.40883054892601434	0.94029850746268662	1	0.99336650082918743	0.97619047619047616	0.094945282849199522
51	125	0.40799999999999997	1714	0.4090692124105012	0.94029850746268662	1	0.99336650082918743	0.97619047619047616	0.094913116688001106
194	475	0.40842105263157896	1715	0.40930787589498807	0.94029850746268662	1	0.99336650082918743	0.97619047619047616	0.094766987775731601
29	71	0.40845070422535212	1716	0.40954653937947494	0.94029850746268662	1	0.99336650082918743	0.97619047619047616	0.094752302194035701
204	499	0.4088176352705411	1717	0.40978520286396181	0.94029850746268662	1	0.99336650082918743	0.97619047619047616	0.094744252997345527
173	423	0.40898345153664301	1718	0.41002386634844867	0.94029850746268662	1	0.99336650082918743	0.97619047619047616	0.094728311661461589
201	491	0.40936863543788188	1719	0.41026252983293554	0.94029850746268662	1	0.99336650082918743	0.97619047619047616	0.094706164738776494
93	227	0.40969162995594716	1720	0.41050119331742241	0.94029850746268662	1	0.99336650082918743	0.97619047619047616	0.094678798818104815
193	471	0.40976645435244163	1721	0.41073985680190933	0.94029850746268662	1	0.99336650082918743	0.97619047619047616	0.094477545296168197
41	100	0.40999999999999998	1722	0.4109785202863962	0.94029850746268662	1	0.99336650082918743	0.97619047619047616	0.094450837321166853
204	497	0.41046277665995978	1723	0.41121718377088307	0.94029850746268662	1	0.99336650082918743	0.97619047619047616	0.094306127136200929
39	95	0.41052631578947368	1724	0.41145584725536993	0.94029850746268662	1	0.99336650082918743	0.97619047619047616	0.094298156468258953
205	499	0.41082164328657317	1726	0.41193317422434367	0.94029850746268662	1	0.99336650082918743	0.97619047619047616	0.094251864338254346
58	141	0.41134751773049644	1727	0.41217183770883054	0.94029850746268662	1	0.99336650082918743	0.97619047619047616	0.094236077772621718
202	491	0.41140529531568226	1728	0.4124105011933174	0.94029850746268662	1	0.99336650082918743	0.97619047619047616	0.094214183957624445
194	471	0.41188959660297242	1729	0.41264916467780427	0.94029850746268662	1	0.99336650082918743	0.97619047619047616	0.094187087651934773
187	454	0.41189427312775329	1730	0.41288782816229119	0.94029850746268662	1	0.99336650082918743	0.97619047619047616	0.094160653604882169
103	250	0.41199999999999998	1731	0.41312649164677806	0.94029850746268662	1	0.99336650082918743	0.97619047619047616	0.093961541077859756
205	497	0.41247484909456739	1732	0.41336515513126493	0.94029850746268662	1	0.99336650082918743	0.97619047619047616	0.09381822905893214
196	475	0.4126315789473684	1733	0.41360381861575179	0.94029850746268662	1	0.99336650082918743	0.97619047619047616	0.093810335776115805
206	499	0.41282565130260523	1734	0.41384248210023866	0.94029850746268662	1	0.99336650082918743	0.97619047619047616	0.093795947618145345
157	380	0.41315789473684211	1735	0.41408114558472553	0.94029850746268662	1	0.99336650082918743	0.97619047619047616	0.09378031357971689
203	491	0.4134419551934827	1736	0.4143198090692124	0.94029850746268662	1	0.99336650082918743	0.97619047619047616	0.09374895915829555
175	423	0.41371158392434987	1737	0.41455847255369926	0.94029850746268662	1	0.99336650082918743	0.97619047619047616	0.09372212850266165
207	500	0.41399999999999998	1738	0.41479713603818613	0.94029850746268662	1	0.99336650082918743	0.97619047619047616	0.093700483481016617
65	157	0.4140127388535032	1739	0.41503579952267305	0.94029850746268662	1	0.99336650082918743	0.97619047619047616	0.093558549462271004
94	227	0.41409691629955947	1740	0.41527446300715992	0.94029850746268662	1	0.99336650082918743	0.97619047619047616	0.093532385150392403
206	497	0.41448692152917505	1741	0.41551312649164679	0.94029850746268662	1	0.99336650082918743	0.97619047619047616	0.09333537963423795
197	475	0.41473684210526318	1742	0.41575178997613366	0.94029850746268662	1	0.99336650082918743	0.97619047619047616	0.093327562615023715
207	499	0.4148296593186373	1743	0.41599045346062052	0.94029850746268662	1	0.99336650082918743	0.97619047619047616	0.093313319791982263
204	491	0.41547861507128309	1744	0.41622911694510739	0.94029850746268662	1	0.99336650082918743	0.97619047619047616	0.093297836080846366
79	190	0.41578947368421054	1745	0.41646778042959426	0.94029850746268662	1	0.99336650082918743	0.97619047619047616	0.093271267187706453
52	125	0.41599999999999998	1746	0.41670644391408113	0.94029850746268662	1	0.99336650082918743	0.97619047619047616	0.093240307161523123
176	423	0.4160756501182033	1747	0.41694510739856799	0.94029850746268662	1	0.99336650082918743	0.97619047619047616	0.093099731363052579
196	471	0.41613588110403399	1748	0.41718377088305492	0.94029850746268662	1	0.99336650082918743	0.97619047619047616	0.093078330917923321
189	454	0.41629955947136565	1749	0.41742243436754178	0.94029850746268662	1	0.99336650082918743	0.97619047619047616	0.093052432233576482
207	497	0.4164989939637827	1750	0.41766109785202865	0.94029850746268662	1	0.99336650082918743	0.97619047619047616	0.092857500459697345
208	499	0.41683366733466931	1751	0.41789976133651552	0.94029850746268662	1	0.99336650082918743	0.97619047619047616	0.092849758604129404
198	475	0.4168421052631579	1752	0.41813842482100239	0.94029850746268662	1	0.99336650082918743	0.97619047619047616	0.092834423062478078
205	491	0.41751527494908353	1753	0.41837708830548925	0.94029850746268662	1	0.99336650082918743	0.97619047619047616	0.092820323383386763
209	500	0.41799999999999998	1754	0.41861575178997612	0.94029850746268662	1	0.99336650082918743	0.97619047619047616	0.092794012440665694
197	471	0.41825902335456477	1755	0.41885441527446299	0.94029850746268662	1	0.99336650082918743	0.97619047619047616	0.092654775459323449
159	380	0.41842105263157897	1756	0.41909307875894986	0.94029850746268662	1	0.99336650082918743	0.97619047619047616	0.092629138377848808
59	141	0.41843971631205673	1757	0.41933174224343678	0.94029850746268662	1	0.99336650082918743	0.97619047619047616	0.092598565351992762
95	227	0.41850220264317178	1758	0.41957040572792365	0.94029850746268662	1	0.99336650082918743	0.97619047619047616	0.092577405361303156
208	497	0.41851106639839036	1759	0.41980906921241051	0.94029850746268662	1	0.99336650082918743	0.97619047619047616	0.092384514757831118
209	499	0.41883767535070138	1760	0.42004773269689738	0.94029850746268662	1	0.99336650082918743	0.97619047619047616	0.092376846987005462
199	475	0.41894736842105262	1761	0.42028639618138425	0.94029850746268662	1	0.99336650082918743	0.97619047619047616	0.092361657498131758
206	491	0.41955193482688391	1762	0.42052505966587111	0.94029850746268662	1	0.99336650082918743	0.97619047619047616	0.092347698815831367
21	50	0.41999999999999998	1763	0.42076372315035798	0.94029850746268662	1	0.99336650082918743	0.97619047619047616	0.092321642085117256
66	157	0.42038216560509556	1764	0.42100238663484485	0.94029850746268662	1	0.99336650082918743	0.97619047619047616	0.092183724885588694
209	497	0.42052313883299797	1765	0.42124105011933172	0.94029850746268662	1	0.99336650082918743	0.97619047619047616	0.092158345463224337
191	454	0.42070484581497797	1766	0.42147971360381864	0.94029850746268662	1	0.99336650082918743	0.97619047619047616	0.092150750718787491
178	423	0.42080378250591016	1767	0.42171837708830551	0.94029850746268662	1	0.99336650082918743	0.97619047619047616	0.091959869392434959
210	499	0.42084168336673344	1768	0.42195704057279237	0.94029850746268662	1	0.99336650082918743	0.97619047619047616	0.091938945826222335
8	19	0.42105263157894735	1769	0.42219570405727924	0.94029850746268662	1	0.99336650082918743	0.97619047619047616	0.091923900313546497
207	491	0.42158859470468429	1771	0.42267303102625298	0.94029850746268662	1	0.99336650082918743	0.97619047619047616	0.091879887286892323
211	500	0.42199999999999999	1772	0.42291169451073984	0.94029850746268662	1	0.99336650082918743	0.97619047619047616	0.091854081101665846
199	471	0.42250530785562634	1773	0.42315035799522671	0.94029850746268662	1	0.99336650082918743	0.97619047619047616	0.091717465007793195
30	71	0.42253521126760563	1774	0.42338902147971358	0.94029850746268662	1	0.99336650082918743	0.97619047619047616	0.091692339379652502
211	499	0.42284569138276551	1775	0.4236276849642005	0.94029850746268662	1	0.99336650082918743	0.97619047619047616	0.091684816623314569
96	227	0.42290748898678415	1776	0.42386634844868737	0.94029850746268662	1	0.99336650082918743	0.97619047619047616	0.091669913049437557
201	475	0.42315789473684212	1777	0.42410501193317424	0.94029850746268662	1	0.99336650082918743	0.97619047619047616	0.09148100976791769
179	423	0.42316784869976359	1778	0.4243436754176611	0.94029850746268662	1	0.99336650082918743	0.97619047619047616	0.091467326807581864
208	491	0.42362525458248473	1779	0.42458233890214797	0.94029850746268662	1	0.99336650082918743	0.97619047619047616	0.091446635725438263
161	380	0.42368421052631577	1780	0.42482100238663484	0.94029850746268662	1	0.99336650082918743	0.97619047619047616	0.091421076489352715
53	125	0.42399999999999999	1781	0.42505966587112171	0.94029850746268662	1	0.99336650082918743	0.97619047619047616	0.09139125600864656
211	497	0.42454728370221329	1782	0.42529832935560857	0.94029850746268662	1	0.99336650082918743	0.97619047619047616	0.091255922694998076
200	471	0.42462845010615713	1783	0.42553699284009544	0.94029850746268662	1	0.99336650082918743	0.97619047619047616	0.09124847090805957
212	499	0.42484969939879758	1784	0.42577565632458236	0.94029850746268662	1	0.99336650082918743	0.97619047619047616	0.091223595286169024
193	454	0.42511013215859028	1785	0.42601431980906923	0.94029850746268662	1	0.99336650082918743	0.97619047619047616	0.091208831651952829
202	475	0.42526315789473684	1786	0.4262529832935561	0.94029850746268662	1	0.99336650082918743	0.97619047619047616	0.091021875826943488
20	47	0.42553191489361702	1787	0.42649164677804297	0.94029850746268662	1	0.99336650082918743	0.97619047619047616	0.091008327674098638
209	491	0.42566191446028512	1788	0.42673031026252983	0.94029850746268662	1	0.99336650082918743	0.97619047619047616	0.090987865222696959
213	500	0.42599999999999999	1789	0.4269689737470167	0.94029850746268662	1	0.99336650082918743	0.97619047619047616	0.090962549407907448
81	190	0.4263157894736842	1790	0.42720763723150357	0.94029850746268662	1	0.99336650082918743	0.97619047619047616	0.090828480891582783
212	497	0.42655935613682094	1791	0.42744630071599043	0.94029850746268662	1	0.99336650082918743	0.97619047619047616	0.090799026306345426
67	157	0.42675159235668791	1792	0.4276849642004773	0.94029850746268662	1	0.99336650082918743	0.97619047619047616	0.090791644489237322
213	499	0.42685370741482964	1793	0.42792362768496423	0.94029850746268662	1	0.99336650082918743	0.97619047619047616	0.090767015160632819
97	227	0.42731277533039647	1794	0.42816229116945109	0.94029850746268662	1	0.99336650082918743	0.97619047619047616	0.090752389504306488
203	475	0.42736842105263156	1795	0.42840095465393796	0.94029850746268662	1	0.99336650082918743	0.97619047619047616	0.090567351174938263
210	491	0.42769857433808556	1796	0.42863961813842483	0.94029850746268662	1	0.99336650082918743	0.97619047619047616	0.09055393584712132
181	423	0.42789598108747046	1797	0.42887828162291169	0.94029850746268662	1	0.99336650082918743	0.97619047619047616	0.090528859992661581
107	250	0.42799999999999999	1798	0.42911694510739856	0.94029850746268662	1	0.99336650082918743	0.97619047619047616	0.090508622403363215
3	7	0.42857142857142855	1799	0.42935560859188543	0.94029850746268662	1	0.99336650082918743	0.97619047619047616	0.090375801036027617
214	499	0.42885771543086171	1800	0.4295942720763723	0.94029850746268662	1	0.99336650082918743	0.97619047619047616	0.090368488207864445
202	471	0.4288747346072187	1801	0.42983293556085916	0.94029850746268662	1	0.99336650082918743	0.97619047619047616	0.090353998604155106
163	380	0.42894736842105263	1802	0.43007159904534609	0.94029850746268662	1	0.99336650082918743	0.97619047619047616	0.090329611929034395
204	475	0.42947368421052634	1803	0.43031026252983295	0.94029850746268662	1	0.99336650082918743	0.97619047619047616	0.090300516546056031
195	454	0.42951541850220265	1804	0.43054892601431982	0.94029850746268662	1	0.99336650082918743	0.97619047619047616	0.090287232099486067
211	491	0.42973523421588594	1805	0.43078758949880669	0.94029850746268662	1	0.99336650082918743	0.97619047619047616	0.090104081916335885
43	100	0.42999999999999999	1806	0.43102625298329356	0.94029850746268662	1	0.99336650082918743	0.97619047619047616	0.090079242626540865
182	423	0.43026004728132389	1807	0.43126491646778042	0.94029850746268662	1	0.99336650082918743	0.97619047619047616	0.089947651086680597
214	497	0.43058350100603621	1808	0.43150357995226729	0.94029850746268662	1	0.99336650082918743	0.97619047619047616	0.089927634673221568
215	499	0.43086172344689377	1809	0.43174224343675416	0.94029850746268662	1	0.99336650082918743	0.97619047619047616	0.089920389871366885
203	471	0.43099787685774948	1810	0.43198090692124103	0.94029850746268662	1	0.99336650082918743	0.97619047619047616	0.089906034430654869
41	95	0.43157894736842106	1811	0.43221957040572795	0.94029850746268662	1	0.99336650082918743	0.97619047619047616	0.089881886840584346
98	227	0.43171806167400884	1813	0.43269689737470168	0.94029850746268662	1	0.99336650082918743	0.97619047619047616	0.089839988657554271
212	491	0.43177189409368638	1814	0.43293556085918855	0.94029850746268662	1	0.99336650082918743	0.97619047619047616	0.089658697867126422
54	125	0.432	1815	0.43317422434367542	0.94029850746268662	1	0.99336650082918743	0.97619047619047616	0.089634091810099417
215	497	0.43259557344064387	1816	0.43341288782816229	0.94029850746268662	1	0.99336650082918743	0.97619047619047616	0.089503713095491308
61	141	0.43262411347517732	1817	0.43365155131264915	0.94029850746268662	1	0.99336650082918743	0.97619047619047616	0.0894965353751353
216	499	0.43286573146292584	1818	0.43389021479713602	0.94029850746268662	1	0.99336650082918743	0.97619047619047616	0.089476736531387768
68	157	0.43312101910828027	1819	0.43412887828162289	0.94029850746268662	1	0.99336650082918743	0.97619047619047616	0.089462513398885071
206	475	0.43368421052631578	1820	0.43436754176610981	0.94029850746268662	1	0.99336650082918743	0.97619047619047616	0.089438601395059159
213	491	0.43380855397148677	1821	0.43460620525059668	0.94029850746268662	1	0.99336650082918743	0.97619047619047616	0.089425573029702096
197	454	0.43392070484581496	1822	0.43484486873508355	0.94029850746268662	1	0.99336650082918743	0.97619047619047616	0.089401196935824878
217	500	0.434	1823	0.43508353221957041	0.94029850746268662	1	0.99336650082918743	0.97619047619047616	0.089221737365502374
33	76	0.43421052631578949	1824	0.43532219570405728	0.94029850746268662	1	0.99336650082918743	0.97619047619047616	0.089092554785890662
216	497	0.43460764587525152	1825	0.43556085918854415	0.94029850746268662	1	0.99336650082918743	0.97619047619047616	0.089064158371952085
217	499	0.43486973947895791	1826	0.43579952267303101	0.94029850746268662	1	0.99336650082918743	0.97619047619047616	0.089057046805700729
184	423	0.43498817966903075	1827	0.43603818615751788	0.94029850746268662	1	0.99336650082918743	0.97619047619047616	0.08904295416065218
205	471	0.43524416135881105	1828	0.43627684964200475	0.94029850746268662	1	0.99336650082918743	0.97619047619047616	0.089023369358458684
207	475	0.4357894736842105	1829	0.43651551312649167	0.94029850746268662	1	0.99336650082918743	0.97619047619047616	0.088999689510009708
214	491	0.43584521384928715	1830	0.43675417661097854	0.94029850746268662	1	0.99336650082918743	0.97619047619047616	0.088986786417396477
109	250	0.436	1831	0.43699284009546541	0.94029850746268662	1	0.99336650082918743	0.97619047619047616	0.088962637077880921
99	227	0.43612334801762115	1832	0.43723150357995227	0.94029850746268662	1	0.99336650082918743	0.97619047619047616	0.088834634247854705
31	71	0.43661971830985913	1833	0.43747016706443914	0.94029850746268662	1	0.99336650082918743	0.97619047619047616	0.088656978291304284
83	190	0.43684210526315792	1834	0.43770883054892601	0.94029850746268662	1	0.99336650082918743	0.97619047619047616	0.088649931968780002
218	499	0.43687374749498997	1835	0.43794749403341288	0.94029850746268662	1	0.99336650082918743	0.97619047619047616	0.08862187563165505
185	423	0.43735224586288418	1836	0.43818615751789974	0.94029850746268662	1	0.99336650082918743	0.97619047619047616	0.088607911686561291
206	471	0.43736730360934184	1837	0.43842482100238661	0.94029850746268662	1	0.99336650082918743	0.97619047619047616	0.088588537473638679
215	491	0.43788187372708759	1838	0.43866348448687353	0.94029850746268662	1	0.99336650082918743	0.97619047619047616	0.088565086415995975
208	475	0.43789473684210528	1839	0.4389021479713604	0.94029850746268662	1	0.99336650082918743	0.97619047619047616	0.088541160681475939
219	500	0.438	1840	0.43914081145584727	0.94029850746268662	1	0.99336650082918743	0.97619047619047616	0.088528381063433151
199	454	0.43832599118942733	1841	0.43937947494033414	0.94029850746268662	1	0.99336650082918743	0.97619047619047616	0.088401541895498106
218	497	0.43863179074446679	1842	0.439618138424821	0.94029850746268662	1	0.99336650082918743	0.97619047619047616	0.088225662498513185
219	499	0.43887775551102204	1843	0.43985680190930787	0.94029850746268662	1	0.99336650082918743	0.97619047619047616	0.088218680525966306
167	380	0.43947368421052629	1844	0.44009546539379474	0.94029850746268662	1	0.99336650082918743	0.97619047619047616	0.088204843525827928
69	157	0.43949044585987262	1845	0.44033412887828161	0.94029850746268662	1	0.99336650082918743	0.97619047619047616	0.088177121192716368
62	141	0.43971631205673761	1846	0.44057279236276847	0.94029850746268662	1	0.99336650082918743	0.97619047619047616	0.088153895626012543
216	491	0.43991853360488797	1847	0.4408114558472554	0.94029850746268662	1	0.99336650082918743	0.97619047619047616	0.088134728623923339
11	25	0.44	1848	0.44105011933174226	0.94029850746268662	1	0.99336650082918743	0.97619047619047616	0.088111023403085506
100	227	0.44052863436123346	1850	0.441527446300716	0.94029850746268662	1	0.99336650082918743	0.97619047619047616	0.087972674193528874
219	497	0.44064386317907445	1851	0.44176610978520287	0.94029850746268662	1	0.99336650082918743	0.97619047619047616	0.087798544840295034
220	499	0.4408817635270541	1852	0.44200477326968973	0.94029850746268662	1	0.99336650082918743	0.97619047619047616	0.087791626340225845
208	471	0.44161358811040341	1853	0.4422434367541766	0.94029850746268662	1	0.99336650082918743	0.97619047619047616	0.087777914561808196
217	491	0.44195519348268841	1854	0.44248210023866347	0.94029850746268662	1	0.99336650082918743	0.97619047619047616	0.087754911249331186
221	500	0.442	1855	0.44272076372315033	0.94029850746268662	1	0.99336650082918743	0.97619047619047616	0.087731423507583617
187	423	0.44208037825059104	1856	0.44295942720763726	0.94029850746268662	1	0.99336650082918743	0.97619047619047616	0.087606864559495248
42	95	0.44210526315789472	1857	0.44319809069212412	0.94029850746268662	1	0.99336650082918743	0.97619047619047616	0.08758790146168359
220	497	0.44265593561368211	1859	0.44367541766109786	0.94029850746268662	1	0.99336650082918743	0.97619047619047616	0.08754796927629023
201	454	0.44273127753303965	1860	0.44391408114558473	0.94029850746268662	1	0.99336650082918743	0.97619047619047616	0.087541113387081412
221	499	0.44288577154308617	1861	0.44415274463007159	0.94029850746268662	1	0.99336650082918743	0.97619047619047616	0.087368708086849878
209	471	0.4437367303609342	1862	0.44439140811455846	0.94029850746268662	1	0.99336650082918743	0.97619047619047616	0.087355119837967524
218	491	0.4439918533604888	1863	0.44463007159904533	0.94029850746268662	1	0.99336650082918743	0.97619047619047616	0.087332335604656974
111	250	0.44400000000000001	1864	0.4448687350835322	0.94029850746268662	1	0.99336650082918743	0.97619047619047616	0.087309062362834033
211	475	0.4442105263157895	1865	0.44510739856801912	0.94029850746268662	1	0.99336650082918743	0.97619047619047616	0.08718562053535632
4	9	0.44444444444444442	1866	0.44534606205250599	0.94029850746268662	1	0.99336650082918743	0.97619047619047616	0.08717320089045881
221	497	0.44466800804828976	1867	0.44558472553699285	0.94029850746268662	1	0.99336650082918743	0.97619047619047616	0.087154438460348857
169	380	0.44473684210526315	1868	0.44582338902147972	0.94029850746268662	1	0.99336650082918743	0.97619047619047616	0.087147644335907673
222	499	0.44488977955911824	1869	0.44606205250596659	0.94029850746268662	1	0.99336650082918743	0.97619047619047616	0.087120572363134349
101	227	0.44493392070484583	1870	0.44630071599045346	0.94029850746268662	1	0.99336650082918743	0.97619047619047616	0.087107105981954966
70	157	0.44585987261146498	1871	0.44653937947494032	0.94029850746268662	1	0.99336650082918743	0.97619047619047616	0.086936399256109964
223	500	0.44600000000000001	1872	0.44677804295942719	0.94029850746268662	1	0.99336650082918743	0.97619047619047616	0.086913830987096194
219	491	0.44602851323828918	1873	0.44701670644391406	0.94029850746268662	1	0.99336650082918743	0.97619047619047616	0.086791491318792408
212	475	0.44631578947368422	1874	0.44725536992840098	0.94029850746268662	1	0.99336650082918743	0.97619047619047616	0.086768429651895115
222	497	0.44668008048289737	1875	0.44749403341288785	0.94029850746268662	1	0.99336650082918743	0.97619047619047616	0.086756126623381613
21	47	0.44680851063829785	1876	0.44773269689737472	0.94029850746268662	1	0.99336650082918743	0.97619047619047616	0.086749393432791921
223	499	0.4468937875751503	1877	0.44797136038186158	0.94029850746268662	1	0.99336650082918743	0.97619047619047616	0.0867308285019463
203	454	0.44713656387665196	1878	0.44821002386634845	0.94029850746268662	1	0.99336650082918743	0.97619047619047616	0.086717482356313158
17	38	0.44736842105263158	1879	0.44844868735083532	0.94029850746268662	1	0.99336650082918743	0.97619047619047616	0.086548449225819571
211	471	0.44798301486199577	1880	0.44868735083532219	0.94029850746268662	1	0.99336650082918743	0.97619047619047616	0.08652169388430675
56	125	0.44800000000000001	1881	0.44892601431980905	0.94029850746268662	1	0.99336650082918743	0.97619047619047616	0.086499338523491232
220	491	0.44806517311608962	1882	0.44916467780429592	0.94029850746268662	1	0.99336650082918743	0.97619047619047616	0.0863780863189057
213	475	0.44842105263157894	1883	0.44940334128878284	0.94029850746268662	1	0.99336650082918743	0.97619047619047616	0.086355233354876257
223	497	0.44869215291750503	1884	0.44964200477326971	0.94029850746268662	1	0.99336650082918743	0.97619047619047616	0.086343045307937641
224	499	0.44889779559118237	1885	0.44988066825775658	0.94029850746268662	1	0.99336650082918743	0.97619047619047616	0.086336372235121084
190	423	0.44917257683215128	1886	0.45011933174224344	0.94029850746268662	1	0.99336650082918743	0.97619047619047616	0.086323144721893563
102	227	0.44933920704845814	1887	0.45035799522673031	0.94029850746268662	1	0.99336650082918743	0.97619047619047616	0.086304774188229558
9	20	0.45000000000000001	1888	0.45059665871121718	0.94029850746268662	1	0.99336650082918743	0.97619047619047616	0.086137390161448113
221	491	0.45010183299389001	1890	0.45107398568019091	0.94029850746268662	1	0.99336650082918743	0.97619047619047616	0.085990766752331152
212	471	0.45010615711252655	1891	0.45131264916467778	0.94029850746268662	1	0.99336650082918743	0.97619047619047616	0.085968119670860543
214	475	0.45052631578947366	1892	0.4515513126491647	0.94029850746268662	1	0.99336650082918743	0.97619047619047616	0.085945974219536259
32	71	0.45070422535211269	1893	0.45178997613365157	0.94029850746268662	1	0.99336650082918743	0.97619047619047616	0.085933899549778467
225	499	0.45090180360721444	1894	0.45202863961813844	0.94029850746268662	1	0.99336650082918743	0.97619047619047616	0.08592728579316472
191	423	0.45153664302600471	1895	0.45226730310262531	0.94029850746268662	1	0.99336650082918743	0.97619047619047616	0.085914175337576379
205	454	0.45154185022026433	1896	0.45250596658711217	0.94029850746268662	1	0.99336650082918743	0.97619047619047616	0.085895996163638036
113	250	0.45200000000000001	1897	0.45274463007159904	0.94029850746268662	1	0.99336650082918743	0.97619047619047616	0.085730237224495257
222	491	0.45213849287169044	1898	0.45298329355608591	0.94029850746268662	1	0.99336650082918743	0.97619047619047616	0.08561111689563651
71	157	0.45222929936305734	1899	0.45322195704057278	0.94029850746268662	1	0.99336650082918743	0.97619047619047616	0.0855886729270042
43	95	0.45263157894736844	1900	0.45346062052505964	0.94029850746268662	1	0.99336650082918743	0.97619047619047616	0.085566734442514711
225	497	0.45271629778672035	1902	0.45393794749403343	0.94029850746268662	1	0.99336650082918743	0.97619047619047616	0.085528633056039138
226	499	0.4529058116232465	1903	0.4541766109785203	0.94029850746268662	1	0.99336650082918743	0.97619047619047616	0.085522077828244975
103	227	0.45374449339207046	1904	0.45441527446300717	0.94029850746268662	1	0.99336650082918743	0.97619047619047616	0.085509082883278575
64	141	0.45390070921985815	1905	0.45465393794749404	0.94029850746268662	1	0.99336650082918743	0.97619047619047616	0.085344925479779676
227	500	0.45400000000000001	1906	0.4548926014319809	0.94029850746268662	1	0.99336650082918743	0.97619047619047616	0.085326934691063505
223	491	0.45417515274949083	1907	0.45513126491646777	0.94029850746268662	1	0.99336650082918743	0.97619047619047616	0.08520885927737018
214	471	0.45435244161358812	1908	0.45536992840095464	0.94029850746268662	1	0.99336650082918743	0.97619047619047616	0.085186615701314958
226	497	0.45472837022132795	1909	0.45560859188544151	0.94029850746268662	1	0.99336650082918743	0.97619047619047616	0.085164881295750949
216	475	0.45473684210526316	1910	0.45584725536992843	0.94029850746268662	1	0.99336650082918743	0.97619047619047616	0.085158383823267736
227	499	0.45490981963927857	1911	0.4560859188544153	0.94029850746268662	1	0.99336650082918743	0.97619047619047616	0.085146531212848819
173	380	0.45526315789473687	1912	0.45632458233890216	0.94029850746268662	1	0.99336650082918743	0.97619047619047616	0.085133650258627735
207	454	0.45594713656387664	1913	0.45656324582338903	0.94029850746268662	1	0.99336650082918743	0.97619047619047616	0.085107812182161791
57	125	0.45600000000000002	1914	0.4568019093078759	0.94029850746268662	1	0.99336650082918743	0.97619047619047616	0.084945233215234991
224	491	0.45621181262729127	1915	0.45704057279236276	0.94029850746268662	1	0.99336650082918743	0.97619047619047616	0.084828189027862141
193	423	0.45626477541371158	1916	0.45727923627684963	0.94029850746268662	1	0.99336650082918743	0.97619047619047616	0.084806143172482959
215	471	0.45647558386411891	1917	0.4575178997613365	0.94029850746268662	1	0.99336650082918743	0.97619047619047616	0.084788337855815396
227	497	0.45674044265593561	1918	0.45775656324582337	0.94029850746268662	1	0.99336650082918743	0.97619047619047616	0.084766804694747344
217	475	0.45684210526315788	1919	0.45799522673031029	0.94029850746268662	1	0.99336650082918743	0.97619047619047616	0.084760364217636816
228	499	0.45691382765531063	1920	0.45823389021479716	0.94029850746268662	1	0.99336650082918743	0.97619047619047616	0.084748620346763018
87	190	0.45789473684210524	1921	0.45847255369928402	0.94029850746268662	1	0.99336650082918743	0.97619047619047616	0.084735851889958705
229	500	0.45800000000000002	1922	0.45871121718377089	0.94029850746268662	1	0.99336650082918743	0.97619047619047616	0.084710309105795231
104	227	0.45814977973568283	1923	0.45894988066825776	0.94029850746268662	1	0.99336650082918743	0.97619047619047616	0.084594282693964767
225	491	0.45824847250509165	1924	0.45918854415274463	0.94029850746268662	1	0.99336650082918743	0.97619047619047616	0.08443325950662578
72	157	0.45859872611464969	1925	0.45942720763723149	0.94029850746268662	1	0.99336650082918743	0.97619047619047616	0.0844114087473119
194	423	0.45862884160756501	1926	0.45966587112171836	0.94029850746268662	1	0.99336650082918743	0.97619047619047616	0.084390074048557848
228	497	0.45875251509054327	1927	0.45990453460620523	0.94029850746268662	1	0.99336650082918743	0.97619047619047616	0.084372451350522779
229	499	0.4589178356713427	1928	0.46014319809069215	0.94029850746268662	1	0.99336650082918743	0.97619047619047616	0.084366067122120636
218	475	0.4589473684210526	1929	0.46038186157517902	0.94029850746268662	1	0.99336650082918743	0.97619047619047616	0.08435340969537547
23	50	0.46000000000000002	1930	0.46062052505966589	0.94029850746268662	1	0.99336650082918743	0.97619047619047616	0.084341773074464013
226	491	0.46028513238289204	1931	0.46085918854415275	0.94029850746268662	1	0.99336650082918743	0.97619047619047616	0.084226751220311716
209	454	0.46035242290748901	1932	0.46109785202863962	0.94029850746268662	1	0.99336650082918743	0.97619047619047616	0.084205092978701032
35	76	0.46052631578947367	1933	0.46133651551312649	0.95522388059701491	1	0.99502487562189046	0.9821428571428571	0.084574703874627719
217	471	0.46072186836518048	1934	0.46157517899761336	0.95522388059701491	1	0.99502487562189046	0.9821428571428571	0.084549451349375193
229	497	0.46076458752515093	1935	0.46181384248210022	0.95522388059701491	1	0.99502487562189046	0.9821428571428571	0.084528312381802376
230	499	0.46092184368737477	1936	0.46205250596658709	0.95522388059701491	1	0.99502487562189046	0.9821428571428571	0.084521983668429806
65	141	0.46099290780141844	1937	0.46229116945107401	0.95522388059701491	1	0.99502487562189046	0.9821428571428571	0.084509435829795018
219	475	0.46105263157894738	1938	0.46252983293556088	0.95522388059701491	1	0.99502487562189046	0.9821428571428571	0.084491992955209275
231	500	0.46200000000000002	1939	0.46276849642004775	0.95522388059701491	1	0.99502487562189046	0.9821428571428571	0.084480462121760636
227	491	0.46232179226069248	1940	0.46300715990453462	0.95522388059701491	1	0.99502487562189046	0.9821428571428571	0.084366431835316558
105	227	0.46255506607929514	1941	0.46324582338902148	0.95522388059701491	1	0.99502487562189046	0.9821428571428571	0.084344963578281418
230	497	0.46277665995975853	1942	0.46348448687350835	0.95522388059701491	1	0.99502487562189046	0.9821428571428571	0.084184478109739072
218	471	0.46284501061571126	1943	0.46372315035799522	0.95522388059701491	1	0.99502487562189046	0.9821428571428571	0.084178204190421671
231	499	0.46292585170340683	1944	0.46396181384248208	0.95522388059701491	1	0.99502487562189046	0.9821428571428571	0.084157258272781019
44	95	0.4631578947368421	1945	0.46420047732696895	0.95522388059701491	1	0.99502487562189046	0.9821428571428571	0.084144818605168925
196	423	0.46335697399527187	1947	0.46467780429594274	0.95522388059701491	1	0.99502487562189046	0.9821428571428571	0.084108424937170079
58	125	0.46400000000000002	1948	0.46491646778042961	0.95522388059701491	1	0.99502487562189046	0.9821428571428571	0.084091159147605524
228	491	0.46435845213849286	1949	0.46515513126491648	0.95522388059701491	1	0.99502487562189046	0.9821428571428571	0.083978107661903445
211	454	0.46475770925110133	1950	0.46539379474940334	0.95522388059701491	1	0.99502487562189046	0.9821428571428571	0.083956826900562942
33	71	0.46478873239436619	1951	0.46563245823389021	0.95522388059701491	1	0.99502487562189046	0.9821428571428571	0.083797855445874758
232	499	0.4649298597194389	1952	0.46587112171837708	0.95522388059701491	1	0.99502487562189046	0.9821428571428571	0.083791635612068732
73	157	0.46496815286624205	1953	0.46610978520286395	0.95522388059701491	1	0.99502487562189046	0.9821428571428571	0.083779302722719412
221	475	0.46526315789473682	1954	0.46634844868735081	0.95522388059701491	1	0.99502487562189046	0.9821428571428571	0.083758547222511859
197	423	0.4657210401891253	1955	0.46658711217183768	0.95522388059701491	1	0.99502487562189046	0.9821428571428571	0.083747223681776548
177	380	0.46578947368421053	1956	0.4668257756563246	0.95522388059701491	1	0.99502487562189046	0.9821428571428571	0.083730132294126791
233	500	0.46600000000000003	1957	0.46706443914081147	0.95522388059701491	1	0.99502487562189046	0.9821428571428571	0.083705445638322246
229	491	0.4663951120162933	1958	0.46730310262529834	0.95522388059701491	1	0.99502487562189046	0.9821428571428571	0.08359336040463472
232	497	0.46680080482897385	1959	0.46754176610978521	0.95522388059701491	1	0.99502487562189046	0.9821428571428571	0.083572264693392823
233	499	0.46693386773547096	1960	0.46778042959427207	0.95522388059701491	1	0.99502487562189046	0.9821428571428571	0.083566098248718163
106	227	0.46696035242290751	1961	0.46801909307875894	0.95522388059701491	1	0.99502487562189046	0.9821428571428571	0.083553870768679525
220	471	0.46709129511677283	1962	0.46825775656324581	0.95522388059701491	1	0.99502487562189046	0.9821428571428571	0.083396392003706743
222	475	0.4673684210526316	1963	0.46849642004773268	0.95522388059701491	1	0.99502487562189046	0.9821428571428571	0.083375824336080248
117	250	0.46800000000000003	1964	0.46873508353221954	0.95522388059701491	1	0.99502487562189046	0.9821428571428571	0.083364602351764086
22	47	0.46808510638297873	1965	0.46897374701670647	0.95522388059701491	1	0.99502487562189046	0.9821428571428571	0.083253471034959017
89	190	0.46842105263157896	1966	0.46921241050119333	0.95522388059701491	1	0.99502487562189046	0.9821428571428571	0.083236551420049446
230	491	0.46843177189409368	1967	0.4694510739856802	0.95522388059701491	1	0.99502487562189046	0.9821428571428571	0.083212140592801395
233	497	0.46881287726358151	1968	0.46968973747016707	0.95522388059701491	1	0.99502487562189046	0.9821428571428571	0.083191227528410072
234	499	0.46893787575150303	1969	0.46992840095465394	0.95522388059701491	1	0.99502487562189046	0.9821428571428571	0.083185113788390747
213	454	0.46916299559471364	1970	0.4701670644391408	0.95522388059701491	1	0.99502487562189046	0.9821428571428571	0.083172990372012021
221	471	0.46921443736730362	1971	0.47040572792362767	0.95522388059701491	1	0.99502487562189046	0.9821428571428571	0.083016983371197839
223	475	0.46947368421052632	1972	0.47064439140811454	0.95522388059701491	1	0.99502487562189046	0.9821428571428571	0.082996600997874301
47	100	0.46999999999999997	1973	0.4708830548926014	0.95522388059701491	1	0.99502487562189046	0.9821428571428571	0.082985479209846683
199	423	0.47044917257683216	1974	0.47112171837708833	0.95522388059701491	1	0.99502487562189046	0.9821428571428571	0.082875289683861986
231	491	0.47046843177189407	1975	0.4713603818615752	0.95522388059701491	1	0.99502487562189046	0.9821428571428571	0.082858539265101505
234	497	0.47082494969818911	1976	0.47159904534606206	0.95522388059701491	1	0.99502487562189046	0.9821428571428571	0.082837806485748053
235	499	0.4709418837675351	1977	0.47183770883054893	0.95522388059701491	1	0.99502487562189046	0.9821428571428571	0.082831744777558669
179	380	0.47105263157894739	1978	0.4720763723150358	0.95522388059701491	1	0.99502487562189046	0.9821428571428571	0.082819724101996714
74	157	0.4713375796178344	1979	0.47231503579952266	0.95522388059701491	1	0.99502487562189046	0.9821428571428571	0.08279558450616252
107	227	0.47136563876651982	1980	0.47255369928400953	0.95522388059701491	1	0.99502487562189046	0.9821428571428571	0.082775384934393445
224	475	0.47157894736842104	1981	0.4727923627684964	0.95522388059701491	1	0.99502487562189046	0.9821428571428571	0.082620829161493825
59	125	0.47199999999999998	1982	0.47303102625298327	0.95522388059701491	1	0.99502487562189046	0.9821428571428571	0.082609806233804234
232	491	0.47250509164969451	1983	0.47326968973747019	0.95522388059701491	1	0.99502487562189046	0.9821428571428571	0.082500546577237127
200	423	0.4728132387706856	1984	0.47350835322195706	0.95522388059701491	1	0.99502487562189046	0.9821428571428571	0.082479991761654936
235	497	0.47283702213279677	1985	0.47374701670644392	0.95522388059701491	1	0.99502487562189046	0.9821428571428571	0.08246340801372791
236	499	0.47294589178356711	1986	0.47398568019093079	0.95522388059701491	1	0.99502487562189046	0.9821428571428571	0.082457397675946925
223	471	0.47346072186836519	1987	0.47422434367541766	0.95522388059701491	1	0.99502487562189046	0.9821428571428571	0.08244547844068506
215	454	0.47356828193832601	1988	0.47446300715990453	0.95522388059701491	1	0.99502487562189046	0.9821428571428571	0.082425459222235348
9	19	0.47368421052631576	1989	0.47470167064439139	0.95522388059701491	1	0.99502487562189046	0.9821428571428571	0.082272334521307028
237	500	0.47399999999999998	1991	0.47517899761336513	0.95522388059701491	1	0.99502487562189046	0.9821428571428571	0.082237536281681456
233	491	0.47454175152749489	1992	0.47541766109785205	0.95522388059701491	1	0.99502487562189046	0.9821428571428571	0.082129194773488873
236	497	0.47484909456740443	1993	0.47565632458233892	0.95522388059701491	1	0.99502487562189046	0.9821428571428571	0.082108815640091148
237	499	0.47494989979959917	1994	0.47589498806682579	0.95522388059701491	1	0.99502487562189046	0.9821428571428571	0.082102856022460202
67	141	0.47517730496453903	1995	0.47613365155131265	0.95522388059701491	1	0.99502487562189046	0.9821428571428571	0.082091036948839194
224	471	0.47558386411889597	1996	0.47637231503579952	0.95522388059701491	1	0.99502487562189046	0.9821428571428571	0.082074617396436206
108	227	0.47577092511013214	1997	0.47661097852028639	0.95522388059701491	1	0.99502487562189046	0.9821428571428571	0.082054776126594925
226	475	0.47578947368421054	1998	0.47684964200477326	0.95522388059701491	1	0.99502487562189046	0.9821428571428571	0.081903062713232777
119	250	0.47599999999999998	1999	0.47708830548926012	0.95522388059701491	1	0.99502487562189046	0.9821428571428571	0.081892233592427421
181	380	0.47631578947368419	2000	0.47732696897374699	0.95522388059701491	1	0.99502487562189046	0.9821428571428571	0.081784798707734363
234	491	0.47657841140529533	2001	0.47756563245823391	0.95522388059701491	1	0.99502487562189046	0.9821428571428571	0.081761188186886269
237	497	0.47686116700201209	2002	0.47780429594272078	0.95522388059701491	1	0.99502487562189046	0.9821428571428571	0.081740982492921707
238	499	0.47695390781563124	2003	0.47804295942720765	0.95522388059701491	1	0.99502487562189046	0.9821428571428571	0.08173507295611121
202	423	0.47754137115839246	2004	0.47828162291169452	0.95522388059701491	1	0.99502487562189046	0.9821428571428571	0.081723352786871969
75	157	0.47770700636942676	2005	0.47852028639618138	0.95522388059701491	1	0.99502487562189046	0.9821428571428571	0.081707095003458144
227	475	0.47789473684210526	2006	0.47875894988066825	0.95522388059701491	1	0.99502487562189046	0.9821428571428571	0.081687429320075652
217	454	0.47797356828193832	2007	0.47899761336515512	0.95522388059701491	1	0.99502487562189046	0.9821428571428571	0.081676695191558082
239	500	0.47799999999999998	2008	0.47923627684964198	0.95522388059701491	1	0.99502487562189046	0.9821428571428571	0.081526373644373568
235	491	0.47861507128309572	2009	0.47947494033412885	0.95522388059701491	1	0.99502487562189046	0.9821428571428571	0.081419834050386275
34	71	0.47887323943661969	2010	0.47971360381861577	0.95522388059701491	1	0.99502487562189046	0.9821428571428571	0.081399799591116317
91	190	0.47894736842105262	2011	0.47995226730310264	0.95522388059701491	1	0.99502487562189046	0.9821428571428571	0.081393939506496704
239	499	0.47895791583166331	2012	0.48019093078758951	0.95522388059701491	1	0.99502487562189046	0.9821428571428571	0.081370587024127833
226	471	0.47983014861995754	2013	0.48042959427207638	0.95522388059701491	1	0.99502487562189046	0.9821428571428571	0.081358964522965579
203	423	0.47990543735224589	2014	0.48066825775656324	0.95522388059701491	1	0.99502487562189046	0.9821428571428571	0.081339472105515967
12	25	0.47999999999999998	2015	0.48090692124105011	0.95522388059701491	1	0.99502487562189046	0.9821428571428571	0.081323373712135619
109	227	0.48017621145374451	2017	0.48138424821002385	0.95522388059701491	1	0.99502487562189046	0.9821428571428571	0.081207077883486273
236	491	0.48065173116089616	2018	0.48162291169451071	0.95522388059701491	1	0.99502487562189046	0.9821428571428571	0.081058129135819404
239	497	0.48088531187122735	2019	0.48186157517899764	0.95522388059701491	1	0.99502487562189046	0.9821428571428571	0.081038263743716296
240	499	0.48096192384769537	2020	0.4821002386634845	0.95522388059701491	1	0.99502487562189046	0.9821428571428571	0.081032452493135163
183	380	0.48157894736842105	2021	0.48233890214797137	0.95522388059701491	1	0.99502487562189046	0.9821428571428571	0.081020926444264715
227	471	0.48195329087048833	2022	0.48257756563245824	0.95522388059701491	1	0.99502487562189046	0.9821428571428571	0.080997827793225938
241	500	0.48199999999999998	2023	0.48281622911694511	0.95522388059701491	1	0.99502487562189046	0.9821428571428571	0.080978506361894312
229	475	0.48210526315789476	2024	0.48305489260143197	0.95522388059701491	1	0.99502487562189046	0.9821428571428571	0.08087372409943569
68	141	0.48226950354609927	2025	0.48329355608591884	0.95522388059701491	1	0.99502487562189046	0.9821428571428571	0.080863176243814741
219	454	0.48237885462555063	2026	0.48353221957040571	0.95522388059701491	1	0.99502487562189046	0.9821428571428571	0.080847234907930804
237	491	0.48268839103869654	2027	0.48377088305489258	0.95522388059701491	1	0.99502487562189046	0.9821428571428571	0.080699640239788192
240	497	0.48289738430583501	2028	0.4840095465393795	0.95522388059701491	1	0.99502487562189046	0.9821428571428571	0.080679941783753178
241	499	0.48296593186372744	2029	0.48424821002386637	0.95522388059701491	1	0.99502487562189046	0.9821428571428571	0.080674178759317955
121	250	0.48399999999999999	2030	0.48448687350835323	0.95522388059701491	1	0.99502487562189046	0.9821428571428571	0.080662747967049739
76	157	0.48407643312101911	2031	0.4847255369928401	0.95522388059701491	1	0.99502487562189046	0.9821428571428571	0.080558828110043459
46	95	0.48421052631578948	2032	0.48496420047732697	0.95522388059701491	1	0.99502487562189046	0.9821428571428571	0.08053967542483699
110	227	0.48458149779735682	2034	0.4854415274463007	0.95522388059701491	1	0.99502487562189046	0.9821428571428571	0.080506369956748924
205	423	0.4846335697399527	2035	0.48568019093078757	0.95522388059701491	1	0.99502487562189046	0.9821428571428571	0.08036011098696054
238	491	0.48472505091649692	2036	0.48591885441527444	0.95522388059701491	1	0.99502487562189046	0.9821428571428571	0.080344324421327898
241	497	0.48490945674044267	2037	0.48615751789976136	0.95522388059701491	1	0.99502487562189046	0.9821428571428571	0.08032479080592915
242	499	0.4849699398797595	2038	0.48639618138424823	0.95522388059701491	1	0.99502487562189046	0.9821428571428571	0.080319075409795049
243	500	0.48599999999999999	2039	0.48663484486873509	0.95522388059701491	1	0.99502487562189046	0.9821428571428571	0.080307738698121633
229	471	0.4861995753715499	2040	0.48687350835322196	0.95522388059701491	1	0.99502487562189046	0.9821428571428571	0.080204670643221967
231	475	0.4863157894736842	2041	0.48711217183770883	0.95522388059701491	1	0.99502487562189046	0.9821428571428571	0.080185684503104246
239	491	0.48676171079429736	2042	0.4873508353221957	0.95522388059701491	1	0.99502487562189046	0.9821428571428571	0.080175318113427527
221	454	0.486784140969163	2043	0.48758949880668256	0.95522388059701491	1	0.99502487562189046	0.9821428571428571	0.0801559472781571
37	76	0.48684210526315791	2044	0.48782816229116943	0.95522388059701491	1	0.99502487562189046	0.9821428571428571	0.080011005956745193
242	497	0.48692152917505033	2045	0.4880668257756563	0.95522388059701491	1	0.99502487562189046	0.9821428571428571	0.079988402708335488
243	499	0.48697394789579157	2046	0.48830548926014322	0.95522388059701491	1	0.99502487562189046	0.9821428571428571	0.07998273435249878
206	423	0.48699763593380613	2047	0.48854415274463009	0.95522388059701491	1	0.99502487562189046	0.9821428571428571	0.07997149056469155
61	125	0.48799999999999999	2048	0.48878281622911696	0.95522388059701491	1	0.99502487562189046	0.9821428571428571	0.07995585652626308
230	471	0.48832271762208068	2049	0.48902147971360382	0.95522388059701491	1	0.99502487562189046	0.9821428571428571	0.07985362984324014
232	475	0.48842105263157892	2050	0.48926014319809069	0.95522388059701491	1	0.99502487562189046	0.9821428571428571	0.07983480808528795
240	491	0.48879837067209775	2051	0.48949880668257756	0.95522388059701491	1	0.99502487562189046	0.9821428571428571	0.079824530677496855
243	497	0.48893360160965793	2052	0.48973747016706443	0.95522388059701491	1	0.99502487562189046	0.9821428571428571	0.079805320596046114
244	499	0.48897795591182364	2053	0.48997613365155129	0.95522388059701491	1	0.99502487562189046	0.9821428571428571	0.079799698702142485
111	227	0.48898678414096919	2054	0.49021479713603816	0.95522388059701491	1	0.99502487562189046	0.9821428571428571	0.079788546700358162
23	47	0.48936170212765956	2055	0.49045346062052508	0.95522388059701491	1	0.99502487562189046	0.9821428571428571	0.079644905301111388
93	190	0.48947368421052634	2056	0.49069212410501195	0.95522388059701491	1	0.99502487562189046	0.9821428571428571	0.079629421589975491
49	100	0.48999999999999999	2057	0.49093078758949882	0.95522388059701491	1	0.99502487562189046	0.9821428571428571	0.079607060087538095
77	157	0.49044585987261147	2058	0.49116945107398569	0.95522388059701491	1	0.99502487562189046	0.9821428571428571	0.079505664515759258
233	475	0.4905263157894737	2059	0.49140811455847255	0.95522388059701491	1	0.99502487562189046	0.9821428571428571	0.079487005014341125
241	491	0.49083503054989819	2060	0.49164677804295942	0.95522388059701491	1	0.99502487562189046	0.9821428571428571	0.079476815447642263
244	497	0.49094567404426559	2061	0.49188544152744629	0.95522388059701491	1	0.99502487562189046	0.9821428571428571	0.079457764127195241
245	499	0.4909819639278557	2062	0.49212410501193316	0.95522388059701491	1	0.99502487562189046	0.9821428571428571	0.079452188126303086
223	454	0.49118942731277532	2063	0.49236276849642002	0.95522388059701491	1	0.99502487562189046	0.9821428571428571	0.07944112679119994
208	423	0.49172576832151299	2064	0.49260143198090695	0.95522388059701491	1	0.99502487562189046	0.9821428571428571	0.079298767904446427
123	250	0.49199999999999999	2065	0.49284009546539381	0.95522388059701491	1	0.99502487562189046	0.9821428571428571	0.0792834323627951
187	380	0.49210526315789471	2066	0.49307875894988068	0.95522388059701491	1	0.99502487562189046	0.9821428571428571	0.079182857807791787
232	471	0.49256900212314225	2067	0.49331742243436755	0.95522388059701491	1	0.99502487562189046	0.9821428571428571	0.079160734193678181
234	475	0.49263157894736842	2068	0.49355608591885441	0.95522388059701491	1	0.99502487562189046	0.9821428571428571	0.079142234859654215
242	491	0.49287169042769857	2069	0.49379474940334128	0.95522388059701491	1	0.99502487562189046	0.9821428571428571	0.079132132012671941
35	71	0.49295774647887325	2070	0.49403341288782815	0.95522388059701491	1	0.99502487562189046	0.9821428571428571	0.079113237493216249
246	499	0.49298597194388777	2071	0.49427207637231502	0.95522388059701491	1	0.99502487562189046	0.9821428571428571	0.079107706825664675
112	227	0.4933920704845815	2072	0.49451073985680188	0.95522388059701491	1	0.99502487562189046	0.9821428571428571	0.079096735056027948
247	500	0.49399999999999999	2073	0.49474940334128881	0.95522388059701491	1	0.99502487562189046	0.9821428571428571	0.078955641581601135
209	423	0.49408983451536642	2074	0.49498806682577567	0.95522388059701491	1	0.99502487562189046	0.9821428571428571	0.078855878111718833
233	471	0.49469214437367304	2075	0.49522673031026254	0.95522388059701491	1	0.99502487562189046	0.9821428571428571	0.078840688622845129
47	95	0.49473684210526314	2076	0.49546539379474941	0.95522388059701491	1	0.99502487562189046	0.9821428571428571	0.078822347402787166
243	491	0.49490835030549896	2078	0.49594272076372314	0.95522388059701491	1	0.99502487562189046	0.9821428571428571	0.078790440671357265
246	497	0.49496981891348091	2079	0.49618138424821001	0.95522388059701491	1	0.99502487562189046	0.9821428571428571	0.078771701025011867
247	499	0.49498997995991983	2080	0.49642004773269688	0.95522388059701491	1	0.99502487562189046	0.9821428571428571	0.078766215140193496
225	454	0.49559471365638769	2081	0.49665871121718375	0.95522388059701491	1	0.99502487562189046	0.9821428571428571	0.078755331852569971
62	125	0.496	2082	0.49689737470167067	0.95522388059701491	1	0.99502487562189046	0.9821428571428571	0.078615486992961114
70	141	0.49645390070921985	2083	0.49713603818615754	0.95522388059701491	1	0.99502487562189046	0.9821428571428571	0.078516524836089896
78	157	0.49681528662420382	2084	0.4973747016706444	0.95522388059701491	1	0.99502487562189046	0.9821428571428571	0.078501479323414058
236	475	0.49684210526315792	2085	0.49761336515513127	0.95522388059701491	1	0.99502487562189046	0.9821428571428571	0.078483294198845949
244	491	0.4969450101832994	2086	0.49785202863961814	0.95522388059701491	1	0.99502487562189046	0.9821428571428571	0.078473361502794395
247	497	0.49698189134808851	2087	0.49809069212410501	0.95522388059701491	1	0.99502487562189046	0.9821428571428571	0.078454774833153856
248	499	0.4969939879759519	2088	0.49832935560859187	0.95522388059701491	1	0.99502487562189046	0.9821428571428571	0.078449333189342094
189	380	0.49736842105263157	2089	0.49856801909307874	0.95522388059701491	1	0.99502487562189046	0.9821428571428571	0.07843853731768341
113	227	0.49779735682819382	2090	0.49880668257756561	0.95522388059701491	1	0.99502487562189046	0.9821428571428571	0.078416878231696838
249	500	0.498	2091	0.49904534606205253	0.95522388059701491	1	0.99502487562189046	0.9821428571428571	0.078278265485388493
211	423	0.49881796690307328	2092	0.4992840095465394	0.95522388059701491	1	0.99502487562189046	0.9821428571428571	0.07818009502577225
235	471	0.49893842887473461	2093	0.49952267303102627	0.95522388059701491	1	0.99502487562189046	0.9821428571428571	0.078165191451895238
237	475	0.49894736842105264	2094	0.49976133651551313	0.95522388059701491	1	0.99502487562189046	0.9821428571428571	0.078147160438552285
245	491	0.49898167006109978	2095	0.5	0.95522388059701491	1	0.99502487562189046	0.9821428571428571	0.078137311210534771
248	497	0.49899396378269617	2096	0.50023866348448687	0.95522388059701491	1	0.99502487562189046	0.9821428571428571	0.078118875652029532
249	499	0.49899799599198397	2097	0.50047732696897373	0.95522388059701491	1	0.99502487562189046	0.9821428571428571	0.078113477716200197
1	2	0.5	2098	0.5007159904534606	0.95522388059701491	1	0.99502487562189046	0.9821428571428571	0.078102768211514795
250	499	0.50100200400801598	2101	0.5014319809069212	0.97014925373134331	1	0.9966832504145936	0.98809523809523814	0.078333880287034752
249	497	0.50100603621730377	2102	0.50167064439140807	0.97014925373134331	1	0.9966832504145936	0.98809523809523814	0.078323256117048032
246	491	0.50101832993890016	2103	0.50190930787589494	0.97014925373134331	1	0.9966832504145936	0.98809523809523814	0.078317901364705345
238	475	0.50105263157894742	2104	0.50214797136038181	0.97014925373134331	1	0.9966832504145936	0.98809523809523814	0.078299615081977456
236	471	0.50106157112526539	2105	0.50238663484486878	0.97014925373134331	1	0.9966832504145936	0.98809523809523814	0.078289848274278095
212	423	0.50118203309692666	2106	0.50262529832935565	0.97014925373134331	1	0.9966832504145936	0.98809523809523814	0.078271969421385298
251	500	0.502	2107	0.50286396181384252	0.97014925373134331	1	0.9966832504145936	0.98809523809523814	0.07825720578716909
114	227	0.50220264317180618	2108	0.50310262529832939	0.97014925373134331	1	0.9966832504145936	0.98809523809523814	0.078160590484710496
191	380	0.50263157894736843	2109	0.50334128878281625	0.97014925373134331	1	0.9966832504145936	0.98809523809523814	0.078022265535997129
251	499	0.50300601202404804	2110	0.50357995226730312	0.97014925373134331	1	0.9966832504145936	0.98809523809523814	0.078001056499735738
250	497	0.50301810865191143	2111	0.50381861575178999	0.97014925373134331	1	0.9966832504145936	0.98809523809523814	0.077990516648558439
247	491	0.5030549898167006	2112	0.50405727923627686	0.97014925373134331	1	0.9966832504145936	0.98809523809523814	0.077985204563565086
239	475	0.50315789473684214	2113	0.50429594272076372	0.97014925373134331	1	0.9966832504145936	0.98809523809523814	0.077967065750859196
79	157	0.50318471337579618	2114	0.50453460620525059	0.97014925373134331	1	0.9966832504145936	0.98809523809523814	0.077957380333223997
71	141	0.50354609929078009	2115	0.50477326968973746	0.97014925373134331	1	0.9966832504145936	0.98809523809523814	0.077939651722792477
63	125	0.504	2116	0.50501193317422433	0.97014925373134331	1	0.9966832504145936	0.98809523809523814	0.07792502606646616
229	454	0.50440528634361237	2117	0.50525059665871119	0.97014925373134331	1	0.9966832504145936	0.98809523809523814	0.077829174521339251
252	499	0.50501002004008011	2118	0.50548926014319806	0.97014925373134331	1	0.9966832504145936	0.98809523809523814	0.077692052398266861
251	497	0.50503018108651909	2119	0.50572792362768493	0.97014925373134331	1	0.9966832504145936	0.98809523809523814	0.077681595866071207
248	491	0.50509164969450104	2120	0.5059665871121718	0.97014925373134331	1	0.9966832504145936	0.98809523809523814	0.077676325940482543
48	95	0.50526315789473686	2121	0.50620525059665866	0.97014925373134331	1	0.9966832504145936	0.98809523809523814	0.077658332821051418
238	471	0.50530785562632696	2123	0.50668257756563251	0.97014925373134331	1	0.9966832504145936	0.98809523809523814	0.077627738526823836
214	423	0.50591016548463352	2124	0.50692124105011938	0.97014925373134331	1	0.9966832504145936	0.98809523809523814	0.077610158272964969
253	500	0.50600000000000001	2125	0.50715990453460624	0.97014925373134331	1	0.9966832504145936	0.98809523809523814	0.077595668669255644
115	227	0.50660792951541855	2126	0.50739856801909311	0.97014925373134331	1	0.9966832504145936	0.98809523809523814	0.077500571860704526
253	499	0.50701402805611218	2127	0.50763723150357998	0.97014925373134331	1	0.9966832504145936	0.98809523809523814	0.077364636942160919
36	71	0.50704225352112675	2128	0.50787589498806684	0.97014925373134331	1	0.9966832504145936	0.98809523809523814	0.077354262744864441
249	491	0.50712830957230137	2129	0.50811455847255371	0.97014925373134331	1	0.9966832504145936	0.98809523809523814	0.077349034478766607
241	475	0.50736842105263158	2130	0.50835322195704058	0.97014925373134331	1	0.9966832504145936	0.98809523809523814	0.077331185304290923
239	471	0.50743099787685775	2131	0.50859188544152745	0.97014925373134331	1	0.9966832504145936	0.98809523809523814	0.077321659644067411
193	380	0.50789473684210529	2132	0.50883054892601431	0.97014925373134331	1	0.9966832504145936	0.98809523809523814	0.077304225892324052
127	250	0.50800000000000001	2133	0.50906921241050118	0.97014925373134331	1	0.9966832504145936	0.98809523809523814	0.077283453022878562
215	423	0.50827423167848695	2134	0.50930787589498805	0.97014925373134331	1	0.9966832504145936	0.98809523809523814	0.077189102071649418
231	454	0.50881057268722463	2135	0.50954653937947492	0.97014925373134331	1	0.9966832504145936	0.98809523809523814	0.077174746630937388
254	499	0.50901803607214424	2136	0.50978520286396178	0.97014925373134331	1	0.9966832504145936	0.98809523809523814	0.07703998356513983
253	497	0.50905432595573441	2137	0.51002386634844865	0.97014925373134331	1	0.9966832504145936	0.98809523809523814	0.077029690734096656
250	491	0.50916496945010181	2138	0.51026252983293552	0.97014925373134331	1	0.9966832504145936	0.98809523809523814	0.07702450363544841
242	475	0.5094736842105263	2139	0.51050119331742239	0.97014925373134331	1	0.9966832504145936	0.98809523809523814	0.077006796685470558
80	157	0.50955414012738853	2140	0.51073985680190925	0.97014925373134331	1	0.9966832504145936	0.98809523809523814	0.076997349425742712
51	100	0.51000000000000001	2141	0.51097852028639623	0.97014925373134331	1	0.9966832504145936	0.98809523809523814	0.076980060352437041
97	190	0.51052631578947372	2142	0.5112171837708831	0.97014925373134331	1	0.9966832504145936	0.98809523809523814	0.076886446518014379
24	47	0.51063829787234039	2143	0.51145584725536997	0.97014925373134331	1	0.9966832504145936	0.98809523809523814	0.076865886703640127
116	227	0.51101321585903081	2144	0.51169451073985683	0.97014925373134331	1	0.9966832504145936	0.98809523809523814	0.07685166357113743
255	499	0.51102204408817631	2145	0.5119331742243437	0.97014925373134331	1	0.9966832504145936	0.98809523809523814	0.076718057269853174
254	497	0.51106639839034207	2146	0.51217183770883057	0.97014925373134331	1	0.9966832504145936	0.98809523809523814	0.07670784485155252
251	491	0.51120162932790225	2147	0.51241050119331744	0.97014925373134331	1	0.9966832504145936	0.98809523809523814	0.076702698436030919
243	475	0.51157894736842102	2148	0.5126491646778043	0.97014925373134331	1	0.9966832504145936	0.98809523809523814	0.076685132017402083
241	471	0.51167728237791932	2149	0.51288782816229117	0.97014925373134331	1	0.9966832504145936	0.98809523809523814	0.076675762194229391
64	125	0.51200000000000001	2150	0.51312649164677804	0.97014925373134331	1	0.9966832504145936	0.98809523809523814	0.076658616005827074
217	423	0.51300236406619382	2151	0.51336515513126491	0.97014925373134331	1	0.9966832504145936	0.98809523809523814	0.076565730683734554
256	499	0.51302605210420837	2152	0.51360381861575177	0.97014925373134331	1	0.9966832504145936	0.98809523809523814	0.07655163803868599
255	497	0.51307847082494973	2153	0.51384248210023864	0.97014925373134331	1	0.9966832504145936	0.98809523809523814	0.076541505094457729
39	76	0.51315789473684215	2154	0.51408114558472551	0.97014925373134331	1	0.9966832504145936	0.98809523809523814	0.076536398885307402
233	454	0.513215859030837	2155	0.51431980906921237	0.97014925373134331	1	0.9966832504145936	0.98809523809523814	0.076516048864957387
252	491	0.51323828920570269	2156	0.51455847255369924	0.97014925373134331	1	0.9966832504145936	0.98809523809523814	0.076383584497872137
244	475	0.51368421052631574	2157	0.51479713603818611	0.97014925373134331	1	0.9966832504145936	0.98809523809523814	0.076366156944212699
242	471	0.5138004246284501	2158	0.51503579952267298	0.97014925373134331	1	0.9966832504145936	0.98809523809523814	0.076356863609392422
257	500	0.51400000000000001	2159	0.51527446300715996	0.97014925373134331	1	0.9966832504145936	0.98809523809523814	0.076339858541882299
257	499	0.51503006012024044	2160	0.51551312649164682	0.97014925373134331	1	0.9966832504145936	0.98809523809523814	0.076247693261046315
256	497	0.51509054325955739	2161	0.51575178997613369	0.97014925373134331	1	0.9966832504145936	0.98809523809523814	0.076237638866773302
253	491	0.51527494908350302	2162	0.51599045346062056	0.97014925373134331	1	0.9966832504145936	0.98809523809523814	0.076232572394659151
218	423	0.51536643026004725	2163	0.51622911694510742	0.97014925373134331	1	0.9966832504145936	0.98809523809523814	0.076215282065831683
117	227	0.51541850220264318	2164	0.51646778042959429	0.97014925373134331	1	0.9966832504145936	0.98809523809523814	0.076201318120737924
49	95	0.51578947368421058	2165	0.51670644391408116	0.97014925373134331	1	0.9966832504145936	0.98809523809523814	0.076069981109968279
81	157	0.51592356687898089	2167	0.51718377088305489	0.97014925373134331	1	0.9966832504145936	0.98809523809523814	0.076040619909557017
129	250	0.51600000000000001	2168	0.51742243436754176	0.97014925373134331	1	0.9966832504145936	0.98809523809523814	0.076023754227846158
258	499	0.51703406813627251	2169	0.51766109785202863	0.97014925373134331	1	0.9966832504145936	0.98809523809523814	0.075932300648020493
257	497	0.51710261569416494	2170	0.5178997613365155	0.97014925373134331	1	0.9966832504145936	0.98809523809523814	0.075922323893857682
254	491	0.51731160896130346	2171	0.51813842482100236	0.97014925373134331	1	0.9966832504145936	0.98809523809523814	0.075917296696721176
235	454	0.51762114537444937	2172	0.51837708830548923	0.97014925373134331	1	0.9966832504145936	0.98809523809523814	0.075900141978315877
73	141	0.51773049645390068	2173	0.5186157517899761	0.97014925373134331	1	0.9966832504145936	0.98809523809523814	0.075769917993061237
246	475	0.5178947368421053	2174	0.51885441527446297	0.97014925373134331	1	0.9966832504145936	0.98809523809523814	0.075756080992922872
259	500	0.51800000000000002	2175	0.51909307875894983	0.97014925373134331	1	0.9966832504145936	0.98809523809523814	0.075746937851558935
244	471	0.51804670912951167	2176	0.5193317422434367	0.97014925373134331	1	0.9966832504145936	0.98809523809523814	0.075656187760808846
197	380	0.51842105263157889	2177	0.51957040572792368	0.97014925373134331	1	0.9966832504145936	0.98809523809523814	0.075639459758132369
259	499	0.51903807615230457	2178	0.51980906921241055	0.97014925373134331	1	0.9966832504145936	0.98809523809523814	0.075619519805874294
258	497	0.51911468812877259	2179	0.52004773269689741	0.97014925373134331	1	0.9966832504145936	0.98809523809523814	0.075609619795974303
255	491	0.5193482688391039	2180	0.52028639618138428	0.97014925373134331	1	0.9966832504145936	0.98809523809523814	0.075604631418892898
118	227	0.51982378854625555	2181	0.52052505966587115	0.97014925373134331	1	0.9966832504145936	0.98809523809523814	0.075587610721725138
13	25	0.52000000000000002	2182	0.52076372315035802	0.97014925373134331	1	0.9966832504145936	0.98809523809523814	0.075458485673054923
220	423	0.52009456264775411	2184	0.52124105011933175	0.97014925373134331	1	0.9966832504145936	0.98809523809523814	0.075359361578946155
245	471	0.52016985138004246	2185	0.52147971360381862	0.97014925373134331	1	0.9966832504145936	0.98809523809523814	0.075345649800528491
260	499	0.52104208416833664	2186	0.52171837708830548	0.97014925373134331	1	0.9966832504145936	0.98809523809523814	0.075329057797873772
99	190	0.52105263157894732	2187	0.52195704057279235	0.97014925373134331	1	0.9966832504145936	0.98809523809523814	0.075319233650118583
37	71	0.52112676056338025	2188	0.52219570405727922	0.97014925373134331	1	0.9966832504145936	0.98809523809523814	0.075299494099390768
256	491	0.52138492871690423	2189	0.52243436754176609	0.97014925373134331	1	0.9966832504145936	0.98809523809523814	0.075294544094440752
261	500	0.52200000000000002	2190	0.52267303102625295	0.97014925373134331	1	0.9966832504145936	0.98809523809523814	0.075277655854060294
237	454	0.52202643171806162	2191	0.52291169451073982	0.97014925373134331	1	0.9966832504145936	0.98809523809523814	0.075188288606668999
248	475	0.52210526315789474	2192	0.52315035799522669	0.97014925373134331	1	0.9966832504145936	0.98809523809523814	0.075060248642441402
82	157	0.52229299363057324	2193	0.52338902147971356	0.97014925373134331	1	0.9966832504145936	0.98809523809523814	0.075051252082725839
221	423	0.52245862884160754	2194	0.52362768496420042	0.97014925373134331	1	0.9966832504145936	0.98809523809523814	0.075034794428270754
261	499	0.5230460921843687	2195	0.5238663484486874	0.97014925373134331	1	0.9966832504145936	0.98809523809523814	0.075021206179388386
260	497	0.52313883299798791	2196	0.52410501193317427	0.97014925373134331	1	0.9966832504145936	0.98809523809523814	0.075011457025127515
257	491	0.52342158859470467	2197	0.52434367541766114	0.97014925373134331	1	0.9966832504145936	0.98809523809523814	0.075006544951249934
199	380	0.52368421052631575	2198	0.524582338902148	0.97014925373134331	1	0.9966832504145936	0.98809523809523814	0.074989787627461571
131	250	0.52400000000000002	2199	0.52482100238663487	0.97014925373134331	1	0.9966832504145936	0.98809523809523814	0.074970245472241015
249	475	0.52421052631578946	2200	0.52505966587112174	0.97014925373134331	1	0.9966832504145936	0.98809523809523814	0.074881557823689215
119	227	0.52422907488986781	2201	0.52529832935560861	0.97014925373134331	1	0.9966832504145936	0.98809523809523814	0.07487263323645138
247	471	0.52441613588110403	2202	0.52553699284009547	0.97014925373134331	1	0.9966832504145936	0.98809523809523814	0.07474566473635956
74	141	0.52482269503546097	2203	0.52577565632458234	0.97014925373134331	1	0.9966832504145936	0.98809523809523814	0.074729339804924286
262	499	0.52505010020040077	2204	0.52601431980906921	0.97014925373134331	1	0.9966832504145936	0.98809523809523814	0.074715873423744888
261	497	0.52515090543259557	2205	0.52625298329355608	0.97014925373134331	1	0.9966832504145936	0.98809523809523814	0.07470619840753924
258	491	0.52545824847250511	2206	0.52649164677804294	0.97014925373134331	1	0.9966832504145936	0.98809523809523814	0.074701323830408797
263	500	0.52600000000000002	2207	0.52673031026252981	0.97014925373134331	1	0.9966832504145936	0.98809523809523814	0.074684695906804127
10	19	0.52631578947368418	2208	0.52696897374701668	0.97014925373134331	1	0.9966832504145936	0.98809523809523814	0.074596680134377716
239	454	0.52643171806167399	2210	0.52744630071599041	0.97014925373134331	1	0.9966832504145936	0.98809523809523814	0.074568478953473905
248	471	0.52653927813163481	2211	0.52768496420047728	0.97014925373134331	1	0.9966832504145936	0.98809523809523814	0.074442568524216213
263	499	0.52705410821643284	2212	0.52792362768496415	0.97014925373134331	1	0.9966832504145936	0.98809523809523814	0.07442637471672818
262	497	0.52716297786720323	2213	0.52816229116945113	0.97014925373134331	1	0.9966832504145936	0.98809523809523814	0.074416772996099848
223	423	0.5271867612293144	2214	0.52840095465393799	0.97014925373134331	1	0.9966832504145936	0.98809523809523814	0.074411935487997016
259	491	0.52749490835030555	2215	0.52863961813842486	0.97014925373134331	1	0.9966832504145936	0.98809523809523814	0.074398589342363888
66	125	0.52800000000000002	2216	0.52887828162291173	0.97014925373134331	1	0.9966832504145936	0.98809523809523814	0.074382089325863862
251	475	0.5284210526315789	2217	0.5291169451073986	0.97014925373134331	1	0.9966832504145936	0.98809523809523814	0.074294737823418028
120	227	0.52863436123348018	2218	0.52935560859188546	0.97014925373134331	1	0.9966832504145936	0.98809523809523814	0.074285954614103603
83	157	0.5286624203821656	2219	0.52959427207637233	0.97014925373134331	1	0.9966832504145936	0.98809523809523814	0.074161089084673754
201	380	0.52894736842105261	2220	0.5298329355608592	0.97014925373134331	1	0.9966832504145936	0.98809523809523814	0.07414502482764565
264	499	0.5290581162324649	2221	0.53007159904534606	0.97014925373134331	1	0.9966832504145936	0.98809523809523814	0.074125868683175472
263	497	0.52917505030181089	2222	0.53031026252983293	0.97014925373134331	1	0.9966832504145936	0.98809523809523814	0.074116339428363209
260	491	0.52953156822810588	2223	0.5305489260143198	0.97014925373134331	1	0.9966832504145936	0.98809523809523814	0.074111538568049029
224	423	0.52955082742316784	2224	0.53078758949880667	0.97014925373134331	1	0.9966832504145936	0.98809523809523814	0.074095164988457071
53	100	0.53000000000000003	2225	0.53102625298329353	0.97014925373134331	1	0.9966832504145936	0.98809523809523814	0.074081937475229565
252	475	0.53052631578947373	2226	0.5312649164677804	0.97014925373134331	1	0.9966832504145936	0.98809523809523814	0.073995242750997586
250	471	0.53078556263269638	2227	0.53150357995226727	0.97014925373134331	1	0.9966832504145936	0.98809523809523814	0.073986528974167867
241	454	0.53083700440528636	2228	0.53174224343675414	0.97014925373134331	1	0.9966832504145936	0.98809523809523814	0.073970592719187794
265	499	0.53106212424849697	2229	0.531980906921241	0.97014925373134331	1	0.9966832504145936	0.98809523809523814	0.073846759136282164
264	497	0.53118712273641855	2230	0.53221957040572787	0.97014925373134331	1	0.9966832504145936	0.98809523809523814	0.0738373015300023
261	491	0.53156822810590632	2231	0.53245823389021485	0.97014925373134331	1	0.9966832504145936	0.98809523809523814	0.073832536902596169
101	190	0.53157894736842104	2232	0.53269689737470172	0.97014925373134331	1	0.9966832504145936	0.98809523809523814	0.073816288312161402
25	47	0.53191489361702127	2233	0.53293556085918858	0.97014925373134331	1	0.9966832504145936	0.98809523809523814	0.073797320898178614
133	250	0.53200000000000003	2234	0.53317422434367545	0.97014925373134331	1	0.9966832504145936	0.98809523809523814	0.073784210442590287
253	475	0.53263157894736846	2235	0.53341288782816232	0.97014925373134331	1	0.9966832504145936	0.98809523809523814	0.073698165117041706
251	471	0.53290870488322717	2236	0.53365155131264919	0.97014925373134331	1	0.9966832504145936	0.98809523809523814	0.073689519952627971
121	227	0.53303964757709255	2237	0.53389021479713605	0.97014925373134331	1	0.9966832504145936	0.98809523809523814	0.073673710175862023
266	499	0.53306613226452904	2238	0.53412887828162292	0.97014925373134331	1	0.9966832504145936	0.98809523809523814	0.073550895799400051
265	497	0.53319919517102621	2239	0.53436754176610979	0.97014925373134331	1	0.9966832504145936	0.98809523809523814	0.07354150903661294
262	491	0.53360488798370675	2240	0.53460620525059666	0.97014925373134331	1	0.9966832504145936	0.98809523809523814	0.073536780233473015
267	500	0.53400000000000003	2241	0.53484486873508352	0.97014925373134331	1	0.9966832504145936	0.98809523809523814	0.0735206552064636
203	380	0.53421052631578947	2242	0.53508353221957039	0.97014925373134331	1	0.9966832504145936	0.98809523809523814	0.073435252010210145
226	423	0.5342789598108747	2243	0.53532219570405726	0.97014925373134331	1	0.9966832504145936	0.98809523809523814	0.073416470551266419
254	475	0.53473684210526318	2244	0.53556085918854412	0.97014925373134331	1	0.9966832504145936	0.98809523809523814	0.07340347560630002
84	157	0.53503184713375795	2245	0.53579952267303099	0.97014925373134331	1	0.9966832504145936	0.98809523809523814	0.07339489824709737
267	499	0.5350701402805611	2246	0.53603818615751786	0.97014925373134331	1	0.9966832504145936	0.98809523809523814	0.073379213448803882
38	71	0.53521126760563376	2247	0.53627684964200473	0.97014925373134331	1	0.9966832504145936	0.98809523809523814	0.073369896736485321
243	454	0.53524229074889873	2248	0.53651551312649159	0.97014925373134331	1	0.9966832504145936	0.98809523809523814	0.073365203355091752
263	491	0.53564154786150708	2249	0.53675417661097857	0.97014925373134331	1	0.9966832504145936	0.98809523809523814	0.073243395653846688
67	125	0.53600000000000003	2250	0.53699284009546544	0.97014925373134331	1	0.9966832504145936	0.98809523809523814	0.073227392786132814
227	423	0.53664302600472813	2251	0.53723150357995231	0.97014925373134331	1	0.9966832504145936	0.98809523809523814	0.073142624557881245
51	95	0.5368421052631579	2252	0.53747016706443917	0.97014925373134331	1	0.9966832504145936	0.98809523809523814	0.073129743603660147
268	499	0.53707414829659317	2254	0.53794749403341291	0.97014925373134331	1	0.9966832504145936	0.98809523809523814	0.073102635029878335
253	471	0.53715498938428874	2255	0.53818615751789978	0.97014925373134331	1	0.9966832504145936	0.98809523809523814	0.073093387586796343
267	497	0.53722334004024141	2256	0.53842482100238664	0.97014925373134331	1	0.9966832504145936	0.98809523809523814	0.073077826290851633
122	227	0.5374449339207048	2257	0.53866348448687351	0.97014925373134331	1	0.9966832504145936	0.98809523809523814	0.073073167934692346
264	491	0.53767820773930752	2258	0.53890214797136038	0.97014925373134331	1	0.9966832504145936	0.98809523809523814	0.07295235458202888
269	500	0.53800000000000003	2259	0.53914081145584725	0.97014925373134331	1	0.9966832504145936	0.98809523809523814	0.072936472490675086
256	475	0.53894736842105262	2260	0.53937947494033411	0.97014925373134331	1	0.9966832504145936	0.98809523809523814	0.072852332175225396
76	141	0.53900709219858156	2261	0.53961813842482098	0.97014925373134331	1	0.9966832504145936	0.98809523809523814	0.072843888055035166
269	499	0.53907815631262523	2262	0.53985680190930785	0.97014925373134331	1	0.9966832504145936	0.98809523809523814	0.072831119598230853
268	497	0.53923541247484907	2263	0.54009546539379472	0.97014925373134331	1	0.9966832504145936	0.98809523809523814	0.07282194065472726
254	471	0.53927813163481952	2264	0.54033412887828158	0.97014925373134331	1	0.9966832504145936	0.98809523809523814	0.072817316933186257
41	76	0.53947368421052633	2265	0.54057279236276845	0.97014925373134331	1	0.9966832504145936	0.98809523809523814	0.072801877686621497
245	454	0.53964757709251099	2266	0.54081145584725532	0.97014925373134331	1	0.9966832504145936	0.98809523809523814	0.072783460026716734
265	491	0.53971486761710796	2267	0.5410501193317423	0.97014925373134331	1	0.9966832504145936	0.98809523809523814	0.072663628896432644
27	50	0.54000000000000004	2268	0.54128878281622916	0.97014925373134331	1	0.9966832504145936	0.98809523809523814	0.072647866219299556
257	475	0.54105263157894734	2269	0.54152744630071603	0.97014925373134331	1	0.9966832504145936	0.98809523809523814	0.072564346865587492
270	499	0.5410821643286573	2270	0.5417661097852029	0.97014925373134331	1	0.9966832504145936	0.98809523809523814	0.072555968203693325
269	497	0.54124748490945673	2271	0.54200477326968977	0.97014925373134331	1	0.9966832504145936	0.98809523809523814	0.072546857001470177
229	423	0.54137115839243499	2272	0.54224343675417663	0.97014925373134331	1	0.9966832504145936	0.98809523809523814	0.072542267529718388
85	157	0.54140127388535031	2273	0.5424821002386635	0.97014925373134331	1	0.9966832504145936	0.98809523809523814	0.072529610102973249
266	491	0.5417515274949084	2274	0.54272076372315037	0.97014925373134331	1	0.9966832504145936	0.98809523809523814	0.072514291475522269
123	227	0.54185022026431717	2275	0.54295942720763724	0.97014925373134331	1	0.9966832504145936	0.98809523809523814	0.072498646870877079
271	500	0.54200000000000004	2276	0.5431980906921241	0.97014925373134331	1	0.9966832504145936	0.98809523809523814	0.07237978603314589
103	190	0.54210526315789476	2277	0.54343675417661097	0.97014925373134331	1	0.9966832504145936	0.98809523809523814	0.072296880792328766
271	499	0.54308617234468937	2278	0.54367541766109784	0.97014925373134331	1	0.9966832504145936	0.98809523809523814	0.07227864108082889
258	475	0.54315789473684206	2279	0.5439140811455847	0.97014925373134331	1	0.9966832504145936	0.98809523809523814	0.072269596872739761
270	497	0.54325955734406439	2280	0.54415274463007157	0.97014925373134331	1	0.9966832504145936	0.98809523809523814	0.072261282910937419
256	471	0.54352441613588109	2281	0.54439140811455844	0.97014925373134331	1	0.9966832504145936	0.98809523809523814	0.072256727309825852
230	423	0.54373522458628842	2282	0.54463007159904531	0.97014925373134331	1	0.9966832504145936	0.98809523809523814	0.07224152789348344
267	491	0.54378818737270873	2283	0.54486873508353217	0.97014925373134331	1	0.9966832504145936	0.98809523809523814	0.072228980054848638
68	125	0.54400000000000004	2284	0.54510739856801904	0.97014925373134331	1	0.9966832504145936	0.98809523809523814	0.072213452200984379
247	454	0.54405286343612336	2285	0.54534606205250602	0.97014925373134331	1	0.9966832504145936	0.98809523809523814	0.072131154324568861
207	380	0.54473684210526319	2286	0.54558472553699289	0.97014925373134331	1	0.9966832504145936	0.98809523809523814	0.072013252041980669
272	499	0.54509018036072143	2287	0.54582338902147975	0.97014925373134331	1	0.9966832504145936	0.98809523809523814	0.071995187712322134
259	475	0.54526315789473689	2288	0.54606205250596662	0.97014925373134331	1	0.9966832504145936	0.98809523809523814	0.071986209762167713
271	497	0.54527162977867205	2289	0.54630071599045349	0.97014925373134331	1	0.9966832504145936	0.98809523809523814	0.0719779597539177
257	471	0.54564755838641188	2290	0.54653937947494036	0.97014925373134331	1	0.9966832504145936	0.98809523809523814	0.071973437649873129
268	491	0.54582484725050917	2291	0.54677804295942722	0.97014925373134331	1	0.9966832504145936	0.98809523809523814	0.071958356058463624
273	500	0.54600000000000004	2292	0.54701670644391409	0.97014925373134331	1	0.9966832504145936	0.98809523809523814	0.071942943653326971
77	141	0.54609929078014185	2293	0.54725536992840096	0.97014925373134331	1	0.9966832504145936	0.98809523809523814	0.071861246491337835
124	227	0.54625550660792954	2294	0.54749403341288783	0.97014925373134331	1	0.9966832504145936	0.98809523809523814	0.071848806823725755
273	499	0.5470941883767535	2295	0.54773269689737469	0.97014925373134331	1	0.9966832504145936	0.98809523809523814	0.071731851547423411
272	497	0.54728370221327971	2296	0.54797136038186156	0.97014925373134331	1	0.9966832504145936	0.98809523809523814	0.071722939129751861
52	95	0.54736842105263162	2297	0.54821002386634843	0.97014925373134331	1	0.9966832504145936	0.98809523809523814	0.071718450154674651
86	157	0.54777070063694266	2299	0.54868735083532216	0.97014925373134331	1	0.9966832504145936	0.98809523809523814	0.071692371899618801
269	491	0.54786150712830961	2300	0.54892601431980903	0.97014925373134331	1	0.9966832504145936	0.98809523809523814	0.071677406768374585
137	250	0.54800000000000004	2301	0.5491646778042959	0.97014925373134331	1	0.9966832504145936	0.98809523809523814	0.071662108529201907
249	454	0.54845814977973573	2302	0.54940334128878276	0.97014925373134331	1	0.9966832504145936	0.98809523809523814	0.07158100552839089
232	423	0.54846335697399529	2303	0.54964200477326974	0.97014925373134331	1	0.9966832504145936	0.98809523809523814	0.071464985894298963
274	499	0.54909819639278556	2304	0.54988066825775661	0.97014925373134331	1	0.9966832504145936	0.98809523809523814	0.071452653004949657
39	71	0.54929577464788737	2305	0.55011933174224348	0.97014925373134331	1	0.9966832504145936	0.98809523809523814	0.071443805404861171
261	475	0.54947368421052634	2306	0.55035799522673035	0.97014925373134331	1	0.9966832504145936	0.98809523809523814	0.071439349196025403
259	471	0.54989384288747345	2307	0.55059665871121721	0.97014925373134331	1	0.9966832504145936	0.98809523809523814	0.071431224900808013
270	491	0.54989816700610994	2308	0.55083532219570408	0.97014925373134331	1	0.9966832504145936	0.98809523809523814	0.071416374885957992
11	20	0.55000000000000004	2309	0.55107398568019095	0.97014925373134331	1	0.9966832504145936	0.98809523809523814	0.071401189548919441
125	227	0.5506607929515418	2311	0.55155131264916468	0.97014925373134331	1	0.9966832504145936	0.98809523809523814	0.071302953180660197
233	423	0.55082742316784872	2312	0.55178997613365155	0.97014925373134331	1	0.9966832504145936	0.98809523809523814	0.071187858005804058
275	499	0.55110220440881763	2313	0.55202863961813842	0.97014925373134331	1	0.9966832504145936	0.98809523809523814	0.071175630525765421
274	497	0.55130784708249492	2314	0.55226730310262528	0.97014925373134331	1	0.9966832504145936	0.98809523809523814	0.071166847038721059
262	475	0.55157894736842106	2315	0.55250596658711215	0.97014925373134331	1	0.9966832504145936	0.98809523809523814	0.071162423238676817
271	491	0.55193482688391038	2316	0.55274463007159902	0.97014925373134331	1	0.9966832504145936	0.98809523809523814	0.071154360725172117
69	125	0.55200000000000005	2317	0.55298329355608589	0.97014925373134331	1	0.9966832504145936	0.98809523809523814	0.071139287045023536
260	471	0.55201698513800423	2318	0.55322195704057275	0.97014925373134331	1	0.9966832504145936	0.98809523809523814	0.071059353085007965
21	38	0.55263157894736847	2319	0.55346062052505962	0.97014925373134331	1	0.9966832504145936	0.98809523809523814	0.071044616863375196
251	454	0.55286343612334798	2320	0.55369928400954649	0.97014925373134331	1	0.9966832504145936	0.98809523809523814	0.071027063765253376
276	499	0.5531062124248497	2321	0.55393794749403347	0.97014925373134331	1	0.9966832504145936	0.98809523809523814	0.070912882044165945
26	47	0.55319148936170215	2322	0.55417661097852033	0.97014925373134331	1	0.9966832504145936	0.98809523809523814	0.0709041619758006
275	497	0.55331991951710258	2323	0.5544152744630072	0.97014925373134331	1	0.9966832504145936	0.98809523809523814	0.070892038559421874
263	475	0.55368421052631578	2324	0.55465393794749407	0.97014925373134331	1	0.9966832504145936	0.98809523809523814	0.070887646815899694
272	491	0.55397148676171082	2325	0.55489260143198094	0.97014925373134331	1	0.9966832504145936	0.98809523809523814	0.07087964538204275
277	500	0.55400000000000005	2326	0.5551312649164678	0.97014925373134331	1	0.9966832504145936	0.98809523809523814	0.070864682131785373
87	157	0.55414012738853502	2327	0.55536992840095467	0.97014925373134331	1	0.9966832504145936	0.98809523809523814	0.070785323236230352
126	227	0.55506607929515417	2328	0.55560859188544154	0.97014925373134331	1	0.9966832504145936	0.98809523809523814	0.070770699504839038
277	499	0.55511022044088176	2329	0.55584725536992841	0.97014925373134331	1	0.9966832504145936	0.98809523809523814	0.07065742040605269
211	380	0.55526315789473679	2330	0.55608591885441527	0.97014925373134331	1	0.9966832504145936	0.98809523809523814	0.070648763071992138
276	497	0.55533199195171024	2331	0.55632458233890214	0.97014925373134331	1	0.9966832504145936	0.98809523809523814	0.070631375569135624
5	9	0.55555555555555558	2332	0.55656324582338901	0.97014925373134331	1	0.9966832504145936	0.98809523809523814	0.070627015534952958
264	475	0.5557894736842105	2333	0.55680190930787588	0.97014925373134331	1	0.9966832504145936	0.98809523809523814	0.070614994859390989
139	250	0.55600000000000005	2334	0.55704057279236274	0.97014925373134331	1	0.9966832504145936	0.98809523809523814	0.070607053813714099
273	491	0.55600814663951115	2335	0.55727923627684961	0.97014925373134331	1	0.9966832504145936	0.98809523809523814	0.070528263799130783
262	471	0.5562632696390658	2336	0.55751789976133648	0.97014925373134331	1	0.9966832504145936	0.98809523809523814	0.070513409769678209
278	499	0.55711422845691383	2337	0.55775656324582334	0.97014925373134331	1	0.9966832504145936	0.98809523809523814	0.070498897245369743
253	454	0.55726872246696035	2338	0.55799522673031021	0.97014925373134331	1	0.9966832504145936	0.98809523809523814	0.070490301971051564
277	497	0.55734406438631789	2339	0.55823389021479719	0.97014925373134331	1	0.9966832504145936	0.98809523809523814	0.070377914833672978
53	95	0.55789473684210522	2340	0.55847255369928406	0.97014925373134331	1	0.9966832504145936	0.98809523809523814	0.070373586166642702
236	423	0.55791962174940901	2342	0.55894988066825779	0.97014925373134331	1	0.9966832504145936	0.98809523809523814	0.070348480588157264
279	500	0.55800000000000005	2343	0.55918854415274466	0.97014925373134331	1	0.9966832504145936	0.98809523809523814	0.070336561352895399
274	491	0.55804480651731159	2344	0.55942720763723153	0.97014925373134331	1	0.9966832504145936	0.98809523809523814	0.070258334124130531
263	471	0.55838641188959659	2345	0.55966587112171839	0.97014925373134331	1	0.9966832504145936	0.98809523809523814	0.07024358812398307
279	499	0.5591182364729459	2346	0.55990453460620526	0.97014925373134331	1	0.9966832504145936	0.98809523809523814	0.070229185543040556
278	497	0.55935613682092555	2347	0.56014319809069213	0.97014925373134331	1	0.9966832504145936	0.98809523809523814	0.070220651663538941
127	227	0.55947136563876654	2348	0.560381861575179	0.97014925373134331	1	0.9966832504145936	0.98809523809523814	0.070216354026379851
14	25	0.56000000000000005	2349	0.56062052505966586	0.9850746268656716	1	0.99834162520729686	0.99404761904761907	0.070540578204239979
275	491	0.56008146639511203	2351	0.5610978520286396	0.9850746268656716	1	0.99834162520729686	0.99404761904761907	0.070455085450581448
79	141	0.56028368794326244	2352	0.56133651551312647	0.9850746268656716	1	0.99834162520729686	0.99404761904761907	0.070440446305507526
88	157	0.56050955414012738	2353	0.56157517899761333	0.9850746268656716	1	0.99834162520729686	0.99404761904761907	0.070428627231886518
213	380	0.56052631578947365	2354	0.5618138424821002	0.9850746268656716	1	0.99834162520729686	0.99404761904761907	0.07041433334966811
280	499	0.56112224448897796	2355	0.56205250596658707	0.9850746268656716	1	0.99834162520729686	0.99404761904761907	0.070397270083954064
279	497	0.56136820925553321	2356	0.56229116945107394	0.9850746268656716	1	0.99834162520729686	0.99404761904761907	0.070388796943808313
255	454	0.56167400881057272	2357	0.56252983293556091	0.9850746268656716	1	0.99834162520729686	0.99404761904761907	0.070384530004057505
281	500	0.56200000000000006	2358	0.56276849642004778	0.9850746268656716	1	0.99834162520729686	0.99404761904761907	0.070272193402750316
267	475	0.56210526315789477	2359	0.56300715990453465	0.9850746268656716	1	0.99834162520729686	0.99404761904761907	0.070195073805679173
276	491	0.56211812627291247	2360	0.56324582338902152	0.9850746268656716	1	0.99834162520729686	0.99404761904761907	0.070187309878747051
265	471	0.56263269639065816	2361	0.56348448687350838	0.9850746268656716	1	0.99834162520729686	0.99404761904761907	0.07017277643147149
238	423	0.56264775413711587	2362	0.56372315035799525	0.9850746268656716	1	0.99834162520729686	0.99404761904761907	0.070158590022051701
281	499	0.56312625250501003	2363	0.56396181384248212	0.9850746268656716	1	0.99834162520729686	0.99404761904761907	0.07014686985281246
107	190	0.56315789473684208	2364	0.56420047732696899	0.9850746268656716	1	0.99834162520729686	0.99404761904761907	0.070138456805859242
40	71	0.56338028169014087	2365	0.56443914081145585	0.9850746268656716	1	0.99834162520729686	0.99404761904761907	0.070121552268198342
128	227	0.56387665198237891	2366	0.56467780429594272	0.9850746268656716	1	0.99834162520729686	0.99404761904761907	0.070117315698125474
141	250	0.56399999999999995	2367	0.56491646778042959	0.9850746268656716	1	0.99834162520729686	0.99404761904761907	0.070005853311614449
277	491	0.56415478615071279	2368	0.56515513126491645	0.9850746268656716	1	0.99834162520729686	0.99404761904761907	0.069929278729363609
268	475	0.5642105263157895	2369	0.56539379474940332	0.9850746268656716	1	0.99834162520729686	0.99404761904761907	0.069914849839262702
266	471	0.56475583864118895	2370	0.56563245823389019	0.9850746268656716	1	0.99834162520729686	0.99404761904761907	0.069907143636694369
239	423	0.56501182033096931	2371	0.56587112171837706	0.9850746268656716	1	0.99834162520729686	0.99404761904761907	0.069893063492513702
282	499	0.56513026052104209	2372	0.56610978520286392	0.9850746268656716	1	0.99834162520729686	0.99404761904761907	0.069881440991351448
281	497	0.56539235412474853	2373	0.56634844868735079	0.9850746268656716	1	0.99834162520729686	0.99404761904761907	0.069873087400560446
43	76	0.56578947368421051	2374	0.56658711217183766	0.9850746268656716	1	0.99834162520729686	0.99404761904761907	0.06986888087708383
283	500	0.56599999999999995	2375	0.56682577565632464	0.9850746268656716	1	0.99834162520729686	0.99404761904761907	0.069852132862919802
257	454	0.56607929515418498	2376	0.5670644391408115	0.9850746268656716	1	0.99834162520729686	0.99404761904761907	0.069776097538290435
278	491	0.56619144602851323	2377	0.56730310262529837	0.9850746268656716	1	0.99834162520729686	0.99404761904761907	0.069665499201287243
269	475	0.56631578947368422	2378	0.56754176610978524	0.9850746268656716	1	0.99834162520729686	0.99404761904761907	0.069651173744090286
89	157	0.56687898089171973	2379	0.56778042959427211	0.9850746268656716	1	0.99834162520729686	0.99404761904761907	0.069643524624503947
283	499	0.56713426853707416	2380	0.56801909307875897	0.9850746268656716	1	0.99834162520729686	0.99404761904761907	0.069629549556026127
80	141	0.56737588652482274	2381	0.56825775656324584	0.9850746268656716	1	0.99834162520729686	0.99404761904761907	0.069621254793339277
282	497	0.56740442655935619	2382	0.56849642004773271	0.9850746268656716	1	0.99834162520729686	0.99404761904761907	0.06960972874446883
71	125	0.56799999999999995	2383	0.56873508353221958	0.9850746268656716	1	0.99834162520729686	0.99404761904761907	0.069605551949073322
279	491	0.56822810590631367	2384	0.56897374701670644	0.9850746268656716	1	0.99834162520729686	0.99404761904761907	0.069530050205669436
129	227	0.56828193832599116	2385	0.56921241050119331	0.9850746268656716	1	0.99834162520729686	0.99404761904761907	0.069515827073166739
54	95	0.56842105263157894	2386	0.56945107398568018	0.9850746268656716	1	0.99834162520729686	0.99404761904761907	0.069406082777375921
268	471	0.56900212314225052	2388	0.56992840095465391	0.9850746268656716	1	0.99834162520729686	0.99404761904761907	0.069381896454270162
284	499	0.56913827655310623	2389	0.57016706443914078	0.9850746268656716	1	0.99834162520729686	0.99404761904761907	0.069368025289647181
283	497	0.56941649899396374	2390	0.57040572792362765	0.9850746268656716	1	0.99834162520729686	0.99404761904761907	0.069359788735821298
241	423	0.56973995271867617	2391	0.57064439140811452	0.9850746268656716	1	0.99834162520729686	0.99404761904761907	0.069355641354477873
57	100	0.56999999999999995	2392	0.57088305489260138	0.9850746268656716	1	0.99834162520729686	0.99404761904761907	0.069344210562209671
280	491	0.570264765784114	2393	0.57112171837708836	0.9850746268656716	1	0.99834162520729686	0.99404761904761907	0.06926923680302538
259	454	0.57048458149779735	2394	0.57136038186157523	0.9850746268656716	1	0.99834162520729686	0.99404761904761907	0.069255114902782494
271	475	0.57052631578947366	2395	0.5715990453460621	0.9850746268656716	1	0.99834162520729686	0.99404761904761907	0.069146214793882374
217	380	0.57105263157894737	2396	0.57183770883054896	0.9850746268656716	1	0.99834162520729686	0.99404761904761907	0.069138677953808084
269	471	0.5711252653927813	2397	0.57207637231503583	0.9850746268656716	1	0.99834162520729686	0.99404761904761907	0.069122236534584783
285	499	0.57114228456913829	2398	0.5723150357995227	0.9850746268656716	1	0.99834162520729686	0.99404761904761907	0.069108468119329386
4	7	0.5714285714285714	2399	0.57255369928400957	0.9850746268656716	1	0.99834162520729686	0.99404761904761907	0.069100289163782011
143	250	0.57199999999999995	2400	0.57279236276849643	0.9850746268656716	1	0.99834162520729686	0.99404761904761907	0.069096170886869077
242	423	0.5721040189125296	2401	0.5730310262529833	0.9850746268656716	1	0.99834162520729686	0.99404761904761907	0.069021719592905581
281	491	0.57230142566191444	2402	0.57326968973747017	0.9850746268656716	1	0.99834162520729686	0.99404761904761907	0.069010382881232166
272	475	0.57263157894736838	2403	0.57350835322195703	0.9850746268656716	1	0.99834162520729686	0.99404761904761907	0.068996361136310136
130	227	0.57268722466960353	2404	0.5737470167064439	0.9850746268656716	1	0.99834162520729686	0.99404761904761907	0.068988879511181447
286	499	0.57314629258517036	2405	0.57398568019093077	0.9850746268656716	1	0.99834162520729686	0.99404761904761907	0.068880813885874456
90	157	0.57324840764331209	2406	0.57422434367541764	0.9850746268656716	1	0.99834162520729686	0.99404761904761907	0.068872691926532975
285	497	0.57344064386317906	2407	0.5744630071599045	0.9850746268656716	1	0.99834162520729686	0.99404761904761907	0.068859025123198275
109	190	0.5736842105263158	2408	0.57470167064439137	0.9850746268656716	1	0.99834162520729686	0.99404761904761907	0.068854935645424595
287	500	0.57399999999999995	2409	0.57494033412887824	0.9850746268656716	1	0.99834162520729686	0.99404761904761907	0.068838644376148533
282	491	0.57433808553971488	2410	0.57517899761336511	0.9850746268656716	1	0.99834162520729686	0.99404761904761907	0.068764710105059787
27	47	0.57446808510638303	2411	0.57541766109785197	0.9850746268656716	1	0.99834162520729686	0.99404761904761907	0.068750787453741455
273	475	0.57473684210526321	2412	0.57565632458233895	0.9850746268656716	1	0.99834162520729686	0.99404761904761907	0.068739543665934211
261	454	0.57488986784140972	2413	0.57589498806682582	0.9850746268656716	1	0.99834162520729686	0.99404761904761907	0.068732116651207931
287	499	0.57515030060120242	2414	0.57613365155131269	0.9850746268656716	1	0.99834162520729686	0.99404761904761907	0.068624875954338374
271	471	0.57537154989384287	2415	0.57637231503579955	0.9850746268656716	1	0.99834162520729686	0.99404761904761907	0.068616810397492331
286	497	0.57545271629778671	2416	0.57661097852028642	0.9850746268656716	1	0.99834162520729686	0.99404761904761907	0.068603244085358617
72	125	0.57599999999999996	2417	0.57684964200477329	0.9850746268656716	1	0.99834162520729686	0.99404761904761907	0.068599183105687883
219	380	0.57631578947368423	2418	0.57708830548926016	0.9850746268656716	1	0.99834162520729686	0.99404761904761907	0.068525760490454432
283	491	0.57637474541751532	2419	0.57732696897374702	0.9850746268656716	1	0.99834162520729686	0.99404761904761907	0.068509617323626329
244	423	0.57683215130023646	2420	0.57756563245823389	0.9850746268656716	1	0.99834162520729686	0.99404761904761907	0.068495792719148269
274	475	0.57684210526315793	2421	0.57780429594272076	0.9850746268656716	1	0.99834162520729686	0.99404761904761907	0.068484640717363945
131	227	0.5770925110132159	2422	0.57804295942720763	0.9850746268656716	1	0.99834162520729686	0.99404761904761907	0.068477267717290222
288	499	0.57715430861723449	2423	0.57828162291169449	0.9850746268656716	1	0.99834162520729686	0.99404761904761907	0.068370842539028046
41	71	0.57746478873239437	2424	0.57852028639618136	0.9850746268656716	1	0.99834162520729686	0.99404761904761907	0.068362832799184398
272	471	0.57749469214437366	2425	0.57875894988066823	0.9850746268656716	1	0.99834162520729686	0.99404761904761907	0.068358800020761376
289	500	0.57799999999999996	2426	0.57899761336515509	0.9850746268656716	1	0.99834162520729686	0.99404761904761907	0.068345333095529745
284	491	0.57841140529531565	2427	0.57923627684964196	0.9850746268656716	1	0.99834162520729686	0.99404761904761907	0.068272416843159961
11	19	0.57894736842105265	2428	0.57947494033412883	0.9850746268656716	1	0.99834162520729686	0.99404761904761907	0.068258689253450161
289	499	0.57915831663326656	2430	0.57995226730310268	0.9850746268656716	1	0.99834162520729686	0.99404761904761907	0.068235372606092595
245	423	0.57919621749408978	2431	0.58019093078758954	0.9850746268656716	1	0.99834162520729686	0.99404761904761907	0.068227418105834076
263	454	0.57929515418502198	2432	0.58042959427207641	0.9850746268656716	1	0.99834162520729686	0.99404761904761907	0.068216356770730929
288	497	0.57947686116700203	2433	0.58066825775656328	0.9850746268656716	1	0.99834162520729686	0.99404761904761907	0.068110737843819227
91	157	0.57961783439490444	2434	0.58090692124105014	0.9850746268656716	1	0.99834162520729686	0.99404761904761907	0.06810673297389741
29	50	0.57999999999999996	2435	0.58114558472553701	0.9850746268656716	1	0.99834162520729686	0.99404761904761907	0.068093364347390092
285	491	0.58044806517311609	2436	0.58138424821002388	0.9850746268656716	1	0.99834162520729686	0.99404761904761907	0.068020949237648287
276	475	0.58105263157894738	2437	0.58162291169451075	0.9850746268656716	1	0.99834162520729686	0.99404761904761907	0.068007317645069329
290	499	0.58116232464929862	2438	0.58186157517899761	0.9850746268656716	1	0.99834162520729686	0.99404761904761907	0.068000050921431535
289	497	0.58148893360160969	2439	0.58210023866348448	0.9850746268656716	1	0.99834162520729686	0.99404761904761907	0.067992151091277889
132	227	0.58149779735682816	2440	0.58233890214797135	0.9850746268656716	1	0.99834162520729686	0.99404761904761907	0.067988173841148636
82	141	0.58156028368794321	2441	0.58257756563245822	0.9850746268656716	1	0.99834162520729686	0.99404761904761907	0.067883352038213621
221	380	0.58157894736842108	2442	0.58281622911694508	0.9850746268656716	1	0.99834162520729686	0.99404761904761907	0.067872380268576893
274	471	0.58174097664543523	2443	0.58305489260143195	0.9850746268656716	1	0.99834162520729686	0.99404761904761907	0.067856527311547468
291	500	0.58199999999999996	2444	0.58329355608591882	0.9850746268656716	1	0.99834162520729686	0.99404761904761907	0.067843255911414754
286	491	0.58248472505091653	2445	0.58353221957040569	0.9850746268656716	1	0.99834162520729686	0.99404761904761907	0.067771336795575288
277	475	0.5831578947368421	2446	0.58377088305489255	0.9850746268656716	1	0.99834162520729686	0.99404761904761907	0.067757800196672824
291	499	0.58316633266533069	2447	0.58400954653937942	0.9850746268656716	1	0.99834162520729686	0.99404761904761907	0.067750585751622378
290	497	0.58350100603621735	2448	0.5842482100238664	0.9850746268656716	1	0.99834162520729686	0.99404761904761907	0.06774274002989443
265	454	0.58370044052863435	2449	0.58448687350835327	0.9850746268656716	1	0.99834162520729686	0.99404761904761907	0.067738790114817607
275	471	0.58386411889596601	2450	0.58472553699284013	0.9850746268656716	1	0.99834162520729686	0.99404761904761907	0.067634756445739255
247	423	0.58392434988179664	2451	0.584964200477327	0.9850746268656716	1	0.99834162520729686	0.99404761904761907	0.067621581215172713
73	125	0.58399999999999996	2452	0.58520286396181387	0.9850746268656716	1	0.99834162520729686	0.99404761904761907	0.067610697927549201
111	190	0.58421052631578951	2453	0.58544152744630074	0.9850746268656716	1	0.99834162520729686	0.99404761904761907	0.067539269727176207
287	491	0.58452138492871686	2454	0.5856801909307876	0.9850746268656716	1	0.99834162520729686	0.99404761904761907	0.067523558949133589
292	499	0.58517034068136276	2455	0.58591885441527447	0.9850746268656716	1	0.99834162520729686	0.99404761904761907	0.067510116354390179
278	475	0.58526315789473682	2456	0.58615751789976134	0.9850746268656716	1	0.99834162520729686	0.99404761904761907	0.067502324187076759
291	497	0.5855130784708249	2457	0.58639618138424821	0.9850746268656716	1	0.99834162520729686	0.99404761904761907	0.067495161458478281
133	227	0.58590308370044053	2458	0.58663484486873507	0.9850746268656716	1	0.99834162520729686	0.99404761904761907	0.067491238597614314
92	157	0.5859872611464968	2459	0.58687350835322194	0.9850746268656716	1	0.99834162520729686	0.99404761904761907	0.06738798420695602
293	500	0.58599999999999997	2460	0.58711217183770881	0.9850746268656716	1	0.99834162520729686	0.99404761904761907	0.067374904104408009
248	423	0.58628841607565008	2461	0.58735083532219567	0.9850746268656716	1	0.99834162520729686	0.99404761904761907	0.067303961810160018
288	491	0.5865580448065173	2462	0.58758949880668254	0.9850746268656716	1	0.99834162520729686	0.99404761904761907	0.067293165938501348
223	380	0.58684210526315794	2463	0.58782816229116941	0.9850746268656716	1	0.99834162520729686	0.99404761904761907	0.067279816372095264
293	499	0.58717434869739482	2464	0.58806682577565628	0.9850746268656716	1	0.99834162520729686	0.99404761904761907	0.067264245868856584
279	475	0.58736842105263154	2465	0.58830548926014314	0.9850746268656716	1	0.99834162520729686	0.99404761904761907	0.067256506709484076
292	497	0.58752515090543256	2466	0.58854415274463012	0.9850746268656716	1	0.99834162520729686	0.99404761904761907	0.067249395143232735
147	250	0.58799999999999997	2467	0.58878281622911699	0.9850746268656716	1	0.99834162520729686	0.99404761904761907	0.067245499059576025
267	454	0.58810572687224671	2468	0.58902147971360386	0.9850746268656716	1	0.99834162520729686	0.99404761904761907	0.06717503773003479
277	471	0.58811040339702758	2469	0.58926014319809072	0.9850746268656716	1	0.99834162520729686	0.99404761904761907	0.067072553894530651
289	491	0.58859470468431774	2470	0.58949880668257759	0.9850746268656716	1	0.99834162520729686	0.99404761904761907	0.067059567893439836
83	141	0.58865248226950351	2471	0.58973747016706446	0.9850746268656716	1	0.99834162520729686	0.99404761904761907	0.067046310393008957
294	499	0.58917835671342689	2472	0.58997613365155133	0.9850746268656716	1	0.99834162520729686	0.99404761904761907	0.067035600888323554
56	95	0.58947368421052626	2473	0.59021479713603819	0.9850746268656716	1	0.99834162520729686	0.99404761904761907	0.067027914197828151
293	497	0.58953722334004022	2475	0.59069212410501193	0.9850746268656716	1	0.99834162520729686	0.99404761904761907	0.067005421148941272
59	100	0.58999999999999997	2476	0.5909307875894988	0.9850746268656716	1	0.99834162520729686	0.99404761904761907	0.067001551569255011
278	471	0.59023354564755837	2477	0.59116945107398566	0.9850746268656716	1	0.99834162520729686	0.99404761904761907	0.066931566329778244
134	227	0.5903083700440529	2478	0.59140811455847253	0.9850746268656716	1	0.99834162520729686	0.99404761904761907	0.066918673418300989
290	491	0.59063136456211818	2479	0.5916467780429594	0.9850746268656716	1	0.99834162520729686	0.99404761904761907	0.066816951544399109
250	423	0.59101654846335694	2480	0.59188544152744627	0.9850746268656716	1	0.99834162520729686	0.99404761904761907	0.066803785160809703
295	499	0.59118236472945895	2481	0.59212410501193313	0.9850746268656716	1	0.99834162520729686	0.99404761904761907	0.066793160990822983
42	71	0.59154929577464788	2482	0.59236276849642	0.9850746268656716	1	0.99834162520729686	0.99404761904761907	0.066785526237425522
281	475	0.59157894736842109	2483	0.59260143198090687	0.9850746268656716	1	0.99834162520729686	0.99404761904761907	0.066781682892177813
74	125	0.59199999999999997	2484	0.59284009546539385	0.9850746268656716	1	0.99834162520729686	0.99404761904761907	0.066774672019716805
45	76	0.59210526315789469	2485	0.59307875894988071	0.9850746268656716	1	0.99834162520729686	0.99404761904761907	0.066705158061313954
93	157	0.59235668789808915	2486	0.59331742243436758	0.9850746268656716	1	0.99834162520729686	0.99404761904761907	0.066689862529794225
269	454	0.59251101321585908	2487	0.59355608591885445	0.9850746268656716	1	0.99834162520729686	0.99404761904761907	0.066677061710541802
291	491	0.59266802443991851	2488	0.59379474940334132	0.9850746268656716	1	0.99834162520729686	0.99404761904761907	0.066576093332002165
296	499	0.59318637274549102	2489	0.59403341288782818	0.9850746268656716	1	0.99834162520729686	0.99404761904761907	0.066563017129122257
251	423	0.59338061465721037	2490	0.59427207637231505	0.9850746268656716	1	0.99834162520729686	0.99404761904761907	0.066555433788205581
295	497	0.59356136820925554	2491	0.59451073985680192	0.9850746268656716	1	0.99834162520729686	0.99404761904761907	0.066544893937028282
282	475	0.59368421052631581	2492	0.59474940334128878	0.9850746268656716	1	0.99834162520729686	0.99404761904761907	0.066541076560329551
297	500	0.59399999999999997	2493	0.59498806682577565	0.9850746268656716	1	0.99834162520729686	0.99404761904761907	0.066534115234670385
280	471	0.59447983014861994	2494	0.59522673031026252	0.9850746268656716	1	0.99834162520729686	0.99404761904761907	0.066465067812901124
292	491	0.59470468431771895	2495	0.59546539379474939	0.9850746268656716	1	0.99834162520729686	0.99404761904761907	0.066452358102682518
135	227	0.59471365638766516	2496	0.59570405727923625	0.9850746268656716	1	0.99834162520729686	0.99404761904761907	0.066439371157160157
113	190	0.59473684210526312	2497	0.59594272076372312	0.9850746268656716	1	0.99834162520729686	0.99404761904761907	0.066339147932705692
297	499	0.59519038076152309	2498	0.59618138424820999	0.9850746268656716	1	0.99834162520729686	0.99404761904761907	0.066323987163578207
296	497	0.59557344064386319	2499	0.59642004773269686	0.9850746268656716	1	0.99834162520729686	0.99404761904761907	0.066316454717567017
28	47	0.5957446808510638	2500	0.59665871121718372	0.9850746268656716	1	0.99834162520729686	0.99404761904761907	0.066312663047108672
283	475	0.59578947368421054	2501	0.59689737470167059	0.9850746268656716	1	0.99834162520729686	0.99404761904761907	0.066302206514913017
149	250	0.59599999999999997	2502	0.59713603818615757	0.9850746268656716	1	0.99834162520729686	0.99404761904761907	0.06629529421267398
281	471	0.59660297239915072	2503	0.59737470167064444	0.9850746268656716	1	0.99834162520729686	0.99404761904761907	0.06622670864656871
293	491	0.59674134419551939	2504	0.5976133651551313	0.9850746268656716	1	0.99834162520729686	0.99404761904761907	0.066214089076138891
271	454	0.59691629955947134	2505	0.59785202863961817	0.9850746268656716	1	0.99834162520729686	0.99404761904761907	0.066201190477184702
298	499	0.59719438877755515	2506	0.59809069212410504	0.9850746268656716	1	0.99834162520729686	0.99404761904761907	0.066101704188204172
227	380	0.59736842105263155	2507	0.59832935560859191	0.9850746268656716	1	0.99834162520729686	0.99404761904761907	0.066094222126447236
297	497	0.59758551307847085	2508	0.59856801909307877	0.9850746268656716	1	0.99834162520729686	0.99404761904761907	0.066079194346522638
284	475	0.59789473684210526	2509	0.59880668257756564	0.9850746268656716	1	0.99834162520729686	0.99404761904761907	0.066075428123517035
299	500	0.59799999999999998	2510	0.59904534606205251	0.9850746268656716	1	0.99834162520729686	0.99404761904761907	0.066068564328662135
253	423	0.59810874704491723	2511	0.59928400954653938	0.9850746268656716	1	0.99834162520729686	0.99404761904761907	0.06600043599966425
94	157	0.59872611464968151	2512	0.59952267303102624	0.9850746268656716	1	0.99834162520729686	0.99404761904761907	0.065990061802367758
294	491	0.59877800407331971	2513	0.59976133651551311	0.9850746268656716	1	0.99834162520729686	0.99404761904761907	0.065977531416181262
136	227	0.59911894273127753	2514	0.59999999999999998	0.9850746268656716	1	0.99834162520729686	0.99404761904761907	0.065964720265355575
299	499	0.59919839679358722	2515	0.60023866348448685	0.9850746268656716	1	0.99834162520729686	0.99404761904761907	0.065865962813656947
298	497	0.59959758551307851	2516	0.60047732696897371	0.9850746268656716	1	0.99834162520729686	0.99404761904761907	0.065858530632311729
3	5	0.59999999999999998	2517	0.60071599045346058	0.9850746268656716	1	0.99834162520729686	0.99404761904761907	0.065854789601433261
254	423	0.60047281323877066	2520	0.60143198090692129	0.9850746268656716	1	0.99834162520729686	0.99404761904761907	0.06576540162313442
295	491	0.60081466395112015	2521	0.60167064439140816	0.9850746268656716	1	0.99834162520729686	0.99404761904761907	0.065755108792091246
283	471	0.60084925690021229	2522	0.60190930787589503	0.9850746268656716	1	0.99834162520729686	0.99404761904761907	0.065742384203095472
300	499	0.60120240480961928	2523	0.6021479713603819	0.9850746268656716	1	0.99834162520729686	0.99404761904761907	0.065729942059065197
273	454	0.60132158590308371	2524	0.60238663484486876	0.9850746268656716	1	0.99834162520729686	0.99404761904761907	0.065722559260984734
299	497	0.60160965794768617	2525	0.60262529832935563	0.9850746268656716	1	0.99834162520729686	0.99404761904761907	0.065624522666597768
301	500	0.60199999999999998	2526	0.6028639618138425	0.9850746268656716	1	0.99834162520729686	0.99404761904761907	0.065620806575925159
286	475	0.6021052631578947	2527	0.60310262529832936	0.9850746268656716	1	0.99834162520729686	0.99404761904761907	0.065553579109960583
229	380	0.60263157894736841	2528	0.60334128878281623	0.9850746268656716	1	0.99834162520729686	0.99404761904761907	0.065546810810509365
85	141	0.6028368794326241	2529	0.6035799522673031	0.9850746268656716	1	0.99834162520729686	0.99404761904761907	0.065532043812640037
296	491	0.60285132382892059	2530	0.60381861575178997	0.9850746268656716	1	0.99834162520729686	0.99404761904761907	0.065521831394339369
284	471	0.60297239915074308	2531	0.60405727923627683	0.9850746268656716	1	0.99834162520729686	0.99404761904761907	0.065509192492811591
301	499	0.60320641282565135	2532	0.6042959427207637	0.9850746268656716	1	0.99834162520729686	0.99404761904761907	0.06549683766207276
137	227	0.6035242290748899	2533	0.60453460620525057	0.9850746268656716	1	0.99834162520729686	0.99404761904761907	0.065489503756694822
300	497	0.60362173038229372	2534	0.60477326968973744	0.9850746268656716	1	0.99834162520729686	0.99404761904761907	0.065392180155721583
151	250	0.60399999999999998	2535	0.6050119331742243	0.9850746268656716	1	0.99834162520729686	0.99404761904761907	0.065388488756681337
287	475	0.60421052631578942	2536	0.60525059665871117	0.9850746268656716	1	0.99834162520729686	0.99404761904761907	0.065321705036366709
297	491	0.60488798370672103	2537	0.60548926014319804	0.9850746268656716	1	0.99834162520729686	0.99404761904761907	0.065314983738994997
95	157	0.60509554140127386	2538	0.60572792362768502	0.9850746268656716	1	0.99834162520729686	0.99404761904761907	0.065302429662309674
256	423	0.60520094562647753	2539	0.60596658711217188	0.9850746268656716	1	0.99834162520729686	0.99404761904761907	0.065290161228988619
302	499	0.60521042084168342	2540	0.60620525059665875	0.9850746268656716	1	0.99834162520729686	0.99404761904761907	0.065280028284760344
23	38	0.60526315789473684	2541	0.60644391408114562	0.9850746268656716	1	0.99834162520729686	0.99404761904761907	0.065272742787998744
43	71	0.60563380281690138	2542	0.60668257756563249	0.9850746268656716	1	0.99834162520729686	0.99404761904761907	0.065258103642924822
275	454	0.60572687224669608	2543	0.60692124105011935	0.9850746268656716	1	0.99834162520729686	0.99404761904761907	0.06525443669023584
303	500	0.60599999999999998	2544	0.60715990453460622	0.9850746268656716	1	0.99834162520729686	0.99404761904761907	0.065157818332747919
288	475	0.60631578947368425	2545	0.60739856801909309	0.9850746268656716	1	0.99834162520729686	0.99404761904761907	0.065091473979014311
298	491	0.60692464358452136	2546	0.60763723150357996	0.9850746268656716	1	0.99834162520729686	0.99404761904761907	0.065084799195811269
303	499	0.60721442885771548	2547	0.60787589498806682	0.9850746268656716	1	0.99834162520729686	0.99404761904761907	0.065072329092883033
286	471	0.60721868365180465	2548	0.60811455847255369	0.9850746268656716	1	0.99834162520729686	0.99404761904761907	0.065065091527021182
257	423	0.60756501182033096	2549	0.60835322195704056	0.9850746268656716	1	0.99834162520729686	0.99404761904761907	0.065052908588008981
302	497	0.60764587525150904	2550	0.60859188544152742	0.9850746268656716	1	0.99834162520729686	0.99404761904761907	0.065042854193735955
231	380	0.60789473684210527	2551	0.60883054892601429	0.9850746268656716	1	0.99834162520729686	0.99404761904761907	0.065039211445355155
138	227	0.60792951541850215	2552	0.60906921241050116	0.9850746268656716	1	0.99834162520729686	0.99404761904761907	0.065024698499807729
76	125	0.60799999999999998	2553	0.60930787589498803	0.9850746268656716	1	0.99834162520729686	0.99404761904761907	0.064928777747789032
289	475	0.60842105263157897	2554	0.60954653937947489	0.9850746268656716	1	0.99834162520729686	0.99404761904761907	0.064862868438997939
299	491	0.6089613034623218	2555	0.60978520286396176	0.9850746268656716	1	0.99834162520729686	0.99404761904761907	0.064856239688782499
304	499	0.60921843687374755	2556	0.61002386634844874	0.9850746268656716	1	0.99834162520729686	0.99404761904761907	0.064843852719873793
287	471	0.60934182590233543	2557	0.61026252983293561	0.9850746268656716	1	0.99834162520729686	0.99404761904761907	0.064836662613460216
303	497	0.6096579476861167	2558	0.61050119331742247	0.9850746268656716	1	0.99834162520729686	0.99404761904761907	0.064824564278191138
86	141	0.60992907801418439	2559	0.61073985680190934	0.9850746268656716	1	0.99834162520729686	0.99404761904761907	0.064820945495260227
61	100	0.60999999999999999	2560	0.61097852028639621	0.9850746268656716	1	0.99834162520729686	0.99404761904761907	0.06481096874109743
277	454	0.61013215859030834	2561	0.61121718377088308	0.9850746268656716	1	0.99834162520729686	0.99404761904761907	0.064745490212102338
58	95	0.61052631578947369	2562	0.61145584725536994	0.9850746268656716	1	0.99834162520729686	0.99404761904761907	0.064650259537436292
300	491	0.61099796334012224	2564	0.61193317422434368	0.9850746268656716	1	0.99834162520729686	0.99404761904761907	0.064629287974734051
305	499	0.6112224448897795	2565	0.61217183770883055	0.9850746268656716	1	0.99834162520729686	0.99404761904761907	0.064616983311266585
96	157	0.61146496815286622	2566	0.61241050119331741	0.9850746268656716	1	0.99834162520729686	0.99404761904761907	0.064609840199012586
304	497	0.61167002012072436	2567	0.61264916467780428	0.9850746268656716	1	0.99834162520729686	0.99404761904761907	0.064597825589247107
153	250	0.61199999999999999	2568	0.61288782816229115	0.9850746268656716	1	0.99834162520729686	0.99404761904761907	0.064594230536040326
259	423	0.61229314420803782	2569	0.61312649164677802	0.9850746268656716	1	0.99834162520729686	0.99404761904761907	0.064529178577266699
139	227	0.61233480176211452	2570	0.61336515513126488	0.9850746268656716	1	0.99834162520729686	0.99404761904761907	0.064519278567366695
291	475	0.61263157894736842	2571	0.61360381861575175	0.9850746268656716	1	0.99834162520729686	0.99404761904761907	0.064424730549866721
301	491	0.61303462321792257	2572	0.61384248210023862	0.9850746268656716	1	0.99834162520729686	0.99404761904761907	0.064418192448426767
233	380	0.61315789473684212	2573	0.61408114558472549	0.9850746268656716	1	0.99834162520729686	0.99404761904761907	0.064405969272796848
306	499	0.61322645290581157	2574	0.61431980906921246	0.9850746268656716	1	0.99834162520729686	0.99404761904761907	0.064391703879418435
289	471	0.613588110403397	2575	0.61455847255369933	0.9850746268656716	1	0.99834162520729686	0.99404761904761907	0.064384607302097677
305	497	0.61368209255533201	2576	0.6147971360381862	0.9850746268656716	1	0.99834162520729686	0.99404761904761907	0.06437267555170989
307	500	0.61399999999999999	2577	0.61503579952267307	0.9850746268656716	1	0.99834162520729686	0.99404761904761907	0.064369103995582877
279	454	0.61453744493392071	2578	0.61527446300715993	0.9850746268656716	1	0.99834162520729686	0.99404761904761907	0.06430447445212599
260	423	0.61465721040189125	2579	0.6155131264916468	0.9850746268656716	1	0.99834162520729686	0.99404761904761907	0.064210601777608137
292	475	0.61473684210526314	2580	0.61575178997613367	0.9850746268656716	1	0.99834162520729686	0.99404761904761907	0.064200777629852962
302	491	0.61507128309572301	2581	0.61599045346062054	0.9850746268656716	1	0.99834162520729686	0.99404761904761907	0.064194284157091774
307	499	0.61523046092184364	2582	0.6162291169451074	0.9850746268656716	1	0.99834162520729686	0.99404761904761907	0.064182141662489117
306	497	0.61569416498993967	2583	0.61646778042959427	0.9850746268656716	1	0.99834162520729686	0.99404761904761907	0.064175091166839282
290	471	0.61571125265392779	2584	0.61670644391408114	0.9850746268656716	1	0.99834162520729686	0.99404761904761907	0.064171542878178889
117	190	0.61578947368421055	2585	0.616945107398568	0.9850746268656716	1	0.99834162520729686	0.99404761904761907	0.06415969313294842
77	125	0.61599999999999999	2586	0.61718377088305487	0.9850746268656716	1	0.99834162520729686	0.99404761904761907	0.064145549147173242
140	227	0.61674008810572689	2587	0.61742243436754174	0.9850746268656716	1	0.99834162520729686	0.99404761904761907	0.064081337917913456
293	475	0.61684210526315786	2588	0.61766109785202861	0.9850746268656716	1	0.99834162520729686	0.99404761904761907	0.063988133376310333
29	47	0.61702127659574468	2589	0.61789976133651547	0.9850746268656716	1	0.99834162520729686	0.99404761904761907	0.063981684076833245
303	491	0.61710794297352345	2590	0.61813842482100234	0.9850746268656716	1	0.99834162520729686	0.99404761904761907	0.063971934922572388
308	499	0.6172344689378757	2591	0.61837708830548921	0.9850746268656716	1	0.99834162520729686	0.99404761904761907	0.063959872312802632
307	497	0.61770623742454733	2592	0.61861575178997619	0.9850746268656716	1	0.99834162520729686	0.99404761904761907	0.063952867451428835
97	157	0.61783439490445857	2593	0.61885441527446305	0.9850746268656716	1	0.99834162520729686	0.99404761904761907	0.063949342203603918
309	500	0.61799999999999999	2594	0.61909307875894992	0.9850746268656716	1	0.99834162520729686	0.99404761904761907	0.063937573621012003
47	76	0.61842105263157898	2595	0.61933174224343679	0.9850746268656716	1	0.99834162520729686	0.99404761904761907	0.063873776657747461
281	454	0.61894273127753308	2596	0.61957040572792366	0.9850746268656716	1	0.99834162520729686	0.99404761904761907	0.063859752536258488
294	475	0.61894736842105258	2597	0.61980906921241052	0.9850746268656716	1	0.99834162520729686	0.99404761904761907	0.063767209019773119
304	491	0.61914460285132378	2598	0.62004773269689739	0.9850746268656716	1	0.99834162520729686	0.99404761904761907	0.063760803444360289
309	499	0.61923847695390777	2599	0.62028639618138426	0.9850746268656716	1	0.99834162520729686	0.99404761904761907	0.063748819933671
262	423	0.61938534278959811	2600	0.62052505966587113	0.9850746268656716	1	0.99834162520729686	0.99404761904761907	0.063741860264951239
44	71	0.61971830985915488	2601	0.62076372315035799	0.9850746268656716	1	0.99834162520729686	0.99404761904761907	0.063732185248745576
292	471	0.61995753715498936	2602	0.62100238663484486	0.9850746268656716	1	0.99834162520729686	0.99404761904761907	0.063728682818058685
31	50	0.62	2603	0.62124105011933173	0.9850746268656716	1	0.99834162520729686	0.99404761904761907	0.063716994567088556
59	95	0.62105263157894741	2604	0.6214797136038186	0.9850746268656716	1	0.99834162520729686	0.99404761904761907	0.063653607873684237
141	227	0.62114537444933926	2606	0.62195704057279233	0.9850746268656716	1	0.99834162520729686	0.99404761904761907	0.063633339804714167
305	491	0.62118126272912422	2607	0.6221957040572792	0.9850746268656716	1	0.99834162520729686	0.99404761904761907	0.063541450306013159
310	499	0.62124248496993983	2608	0.62243436754176606	0.9850746268656716	1	0.99834162520729686	0.99404761904761907	0.063529545118923128
309	497	0.62173038229376254	2609	0.62267303102625293	0.9850746268656716	1	0.99834162520729686	0.99404761904761907	0.063522630206915384
263	423	0.62174940898345155	2610	0.62291169451073991	0.9850746268656716	1	0.99834162520729686	0.99404761904761907	0.063519150372555511
311	500	0.622	2611	0.62315035799522678	0.9850746268656716	1	0.99834162520729686	0.99404761904761907	0.063509548651927164
293	471	0.62208067940552014	2612	0.62338902147971365	0.9850746268656716	1	0.99834162520729686	0.99404761904761907	0.063446568283480553
296	475	0.62315789473684213	2613	0.62362768496420051	0.9850746268656716	1	0.99834162520729686	0.99404761904761907	0.063434959544421798
306	491	0.62321792260692466	2614	0.62386634844868738	0.9850746268656716	1	0.99834162520729686	0.99404761904761907	0.063428640093657909
311	499	0.6232464929859719	2615	0.62410501193317425	0.9850746268656716	1	0.99834162520729686	0.99404761904761907	0.063416812464789973
283	454	0.62334801762114533	2616	0.62434367541766111	0.9850746268656716	1	0.99834162520729686	0.99404761904761907	0.063409941879141243
237	380	0.62368421052631584	2617	0.62458233890214798	0.9850746268656716	1	0.99834162520729686	0.99404761904761907	0.063318699489586017
310	497	0.6237424547283702	2618	0.62482100238663485	0.9850746268656716	1	0.99834162520729686	0.99404761904761907	0.063304910570361514
78	125	0.624	2619	0.62505966587112172	0.9850746268656716	1	0.99834162520729686	0.99404761904761907	0.063301453114357628
88	141	0.62411347517730498	2620	0.62529832935560858	0.9850746268656716	1	0.99834162520729686	0.99404761904761907	0.063238875176380327
98	157	0.62420382165605093	2621	0.62553699284009545	0.9850746268656716	1	0.99834162520729686	0.99404761904761907	0.063229345921568064
312	499	0.62525050100200397	2622	0.62577565632458232	0.9850746268656716	1	0.99834162520729686	0.99404761904761907	0.063217815885824952
307	491	0.6252545824847251	2623	0.62601431980906919	0.9850746268656716	1	0.99834162520729686	0.99404761904761907	0.063210989201681972
297	475	0.62526315789473685	2624	0.62625298329355605	0.9850746268656716	1	0.99834162520729686	0.99404761904761907	0.06319923837559889
142	227	0.62555066079295152	2625	0.62649164677804292	0.9850746268656716	1	0.99834162520729686	0.99404761904761907	0.063192961337256229
311	497	0.62575452716297786	2626	0.62673031026252979	0.9850746268656716	1	0.99834162520729686	0.99404761904761907	0.06310235924517156
313	500	0.626	2627	0.62696897374701666	0.9850746268656716	1	0.99834162520729686	0.99404761904761907	0.063098923952347202
119	190	0.62631578947368416	2628	0.62720763723150363	0.9850746268656716	1	0.99834162520729686	0.99404761904761907	0.063036744599962113
295	471	0.62632696390658171	2629	0.6274463007159905	0.9850746268656716	1	0.99834162520729686	0.99404761904761907	0.063023071069182993
265	423	0.62647754137115841	2630	0.62768496420047737	0.9850746268656716	1	0.99834162520729686	0.99404761904761907	0.0630116189390868
313	499	0.62725450901803603	2631	0.62792362768496424	0.9850746268656716	1	0.99834162520729686	0.99404761904761907	0.06300216133280695
308	491	0.62729124236252543	2632	0.6281622911694511	0.9850746268656716	1	0.99834162520729686	0.99404761904761907	0.062995378130728585
298	475	0.62736842105263158	2633	0.62840095465393797	0.9850746268656716	1	0.99834162520729686	0.99404761904761907	0.062983703361772253
285	454	0.6277533039647577	2634	0.62863961813842484	0.9850746268656716	1	0.99834162520729686	0.99404761904761907	0.062977468310308135
312	497	0.62776659959758552	2635	0.62887828162291171	0.9850746268656716	1	0.99834162520729686	0.99404761904761907	0.062887499799286997
157	250	0.628	2636	0.62911694510739857	0.9850746268656716	1	0.99834162520729686	0.99404761904761907	0.062884086457215507
296	471	0.6284501061571125	2637	0.62935560859188544	0.9850746268656716	1	0.99834162520729686	0.99404761904761907	0.062822301894369381
266	423	0.62884160756501184	2638	0.62959427207637231	0.9850746268656716	1	0.99834162520729686	0.99404761904761907	0.062810926882994361
239	380	0.62894736842105259	2639	0.62983293556085918	0.9850746268656716	1	0.99834162520729686	0.99404761904761907	0.06280154012020725
314	499	0.6292585170340681	2640	0.63007159904534604	0.9850746268656716	1	0.99834162520729686	0.99404761904761907	0.062787980535517957
309	491	0.62932790224032586	2641	0.63031026252983291	0.9850746268656716	1	0.99834162520729686	0.99404761904761907	0.062781240401389285
299	475	0.6294736842105263	2642	0.63054892601431978	0.9850746268656716	1	0.99834162520729686	0.99404761904761907	0.062769640953523012
313	497	0.62977867203219318	2643	0.63078758949880664	0.9850746268656716	1	0.99834162520729686	0.99404761904761907	0.062763447469068645
143	227	0.62995594713656389	2644	0.63102625298329351	0.9850746268656716	1	0.99834162520729686	0.99404761904761907	0.062760055868029463
63	100	0.63	2645	0.63126491646778038	0.9850746268656716	1	0.99834162520729686	0.99404761904761907	0.062670714315273282
99	157	0.63057324840764328	2646	0.63150357995226736	0.9850746268656716	1	0.99834162520729686	0.99404761904761907	0.062609320793964141
89	141	0.63120567375886527	2647	0.63174224343675422	0.9850746268656716	1	0.99834162520729686	0.99404761904761907	0.062598022124947361
315	499	0.63126252505010017	2648	0.63198090692124109	0.9850746268656716	1	0.99834162520729686	0.99404761904761907	0.062588705412628787
310	491	0.6313645621181263	2649	0.63221957040572796	0.9850746268656716	1	0.99834162520729686	0.99404761904761907	0.0625820079375769
12	19	0.63157894736842102	2650	0.63245823389021483	0.9850746268656716	1	0.99834162520729686	0.99404761904761907	0.06257048308423066
314	497	0.63179074446680084	2652	0.63293556085918856	0.9850746268656716	1	0.99834162520729686	0.99404761904761907	0.062550883695481396
79	125	0.63200000000000001	2653	0.63317422434367543	0.9850746268656716	1	0.99834162520729686	0.99404761904761907	0.062547513628417067
287	454	0.63215859030837007	2654	0.6334128878281623	0.9850746268656716	1	0.99834162520729686	0.99404761904761907	0.062486507447936379
298	471	0.63269639065817407	2655	0.63365155131264916	0.9850746268656716	1	0.99834162520729686	0.99404761904761907	0.062397786322629899
316	499	0.63326653306613223	2656	0.63389021479713603	0.9850746268656716	1	0.99834162520729686	0.99404761904761907	0.062386563229994488
311	491	0.63340122199592663	2657	0.6341288782816229	0.9850746268656716	1	0.99834162520729686	0.99404761904761907	0.062379908010305685
268	423	0.6335697399527187	2658	0.63436754176610977	0.9850746268656716	1	0.99834162520729686	0.99404761904761907	0.06236845703422448
301	475	0.63368421052631574	2659	0.63460620525059663	0.9850746268656716	1	0.99834162520729686	0.99404761904761907	0.062359209591142495
45	71	0.63380281690140849	2660	0.6348448687350835	0.9850746268656716	1	0.99834162520729686	0.99404761904761907	0.062353098003327528
317	500	0.63400000000000001	2661	0.63508353221957037	0.9850746268656716	1	0.99834162520729686	0.99404761904761907	0.062349749265801578
241	380	0.63421052631578945	2662	0.63532219570405724	0.9850746268656716	1	0.99834162520729686	0.99404761904761907	0.062289126771990583
144	227	0.63436123348017626	2663	0.6355608591885441	0.9850746268656716	1	0.99834162520729686	0.99404761904761907	0.062275790847677676
299	471	0.63481953290870485	2664	0.63579952267303108	0.9850746268656716	1	0.99834162520729686	0.99404761904761907	0.06218768370939752
317	499	0.6352705410821643	2665	0.63603818615751795	0.9850746268656716	1	0.99834162520729686	0.99404761904761907	0.062176535437379693
312	491	0.63543788187372707	2666	0.63627684964200482	0.9850746268656716	1	0.99834162520729686	0.99404761904761907	0.062169922074418488
302	475	0.63578947368421057	2667	0.63651551312649168	0.9850746268656716	1	0.99834162520729686	0.99404761904761907	0.062158544267513521
316	497	0.63581488933601604	2668	0.63675417661097855	0.9850746268656716	1	0.99834162520729686	0.99404761904761907	0.062152473020212193
269	423	0.63593380614657213	2669	0.63699284009546542	0.9850746268656716	1	0.99834162520729686	0.99404761904761907	0.062149145410367791
159	250	0.63600000000000001	2670	0.63723150357995229	0.9850746268656716	1	0.99834162520729686	0.99404761904761907	0.062139966466864184
289	454	0.63656387665198233	2671	0.63747016706443915	0.9850746268656716	1	0.99834162520729686	0.99404761904761907	0.062079724051384302
121	190	0.63684210526315788	2672	0.63770883054892602	0.9850746268656716	1	0.99834162520729686	0.99404761904761907	0.061992224548540559
100	157	0.63694267515923564	2673	0.63794749403341289	0.9850746268656716	1	0.99834162520729686	0.99404761904761907	0.061978998384921588
318	499	0.63727454909819636	2674	0.63818615751789975	0.9850746268656716	1	0.99834162520729686	0.99404761904761907	0.061967924187800873
313	491	0.63747454175152751	2675	0.63842482100238662	0.9850746268656716	1	0.99834162520729686	0.99404761904761907	0.061961352287930344
317	497	0.6378269617706237	2676	0.63866348448687349	0.9850746268656716	1	0.99834162520729686	0.99404761904761907	0.061950046951133056
303	475	0.63789473684210529	2677	0.63890214797136036	0.9850746268656716	1	0.99834162520729686	0.99404761904761907	0.06194674026965246
319	500	0.63800000000000001	2678	0.63914081145584722	0.9850746268656716	1	0.99834162520729686	0.99404761904761907	0.061940708964767582
30	47	0.63829787234042556	2679	0.63937947494033409	0.9850746268656716	1	0.99834162520729686	0.99404761904761907	0.061880843064384433
145	227	0.63876651982378851	2680	0.63961813842482096	0.9850746268656716	1	0.99834162520729686	0.99404761904761907	0.0618717318621613
301	471	0.63906581740976642	2681	0.63985680190930783	0.9850746268656716	1	0.99834162520729686	0.99404761904761907	0.061784833730471132
319	499	0.63927855711422843	2682	0.6400954653937948	0.9850746268656716	1	0.99834162520729686	0.99404761904761907	0.061773832872404205
243	380	0.63947368421052631	2683	0.64033412887828167	0.9850746268656716	1	0.99834162520729686	0.99404761904761907	0.061767302046907863
314	491	0.63951120162932795	2684	0.64057279236276854	0.9850746268656716	1	0.99834162520729686	0.99404761904761907	0.06175418429446608
318	497	0.63983903420523136	2685	0.64081145584725541	0.9850746268656716	1	0.99834162520729686	0.99404761904761907	0.06174295073758497
16	25	0.64000000000000001	2686	0.64105011933174227	0.9850746268656716	1	0.99834162520729686	0.99404761904761907	0.061739664787649709
271	423	0.640661938534279	2688	0.64152744630071601	0.9850746268656716	1	0.99834162520729686	0.99404761904761907	0.061674180128185992
291	454	0.6409691629955947	2689	0.64176610978520288	0.9850746268656716	1	0.99834162520729686	0.99404761904761907	0.061665135920096849
302	471	0.64118895966029721	2690	0.64200477326968974	0.9850746268656716	1	0.99834162520729686	0.99404761904761907	0.061578832981089487
320	499	0.6412825651302605	2691	0.64224343675417661	0.9850746268656716	1	0.99834162520729686	0.99404761904761907	0.061567904735947088
315	491	0.64154786150712828	2692	0.64248210023866348	0.9850746268656716	1	0.99834162520729686	0.99404761904761907	0.06156141460095229
319	497	0.64185110663983902	2693	0.64272076372315035	0.9850746268656716	1	0.99834162520729686	0.99404761904761907	0.061550252142532437
321	500	0.64200000000000002	2694	0.64295942720763721	0.9850746268656716	1	0.99834162520729686	0.99404761904761907	0.061546986729784266
61	95	0.64210526315789473	2695	0.64319809069212408	0.9850746268656716	1	0.99834162520729686	0.99404761904761907	0.061487863346808794
272	423	0.64302600472813243	2697	0.64367541766109782	0.9850746268656716	1	0.99834162520729686	0.99404761904761907	0.061468900084515408
146	227	0.64317180616740088	2698	0.64391408114558468	0.9850746268656716	1	0.99834162520729686	0.99404761904761907	0.061459922134360988
321	499	0.64328657314629256	2699	0.64415274463007155	0.9850746268656716	1	0.99834162520729686	0.99404761904761907	0.061374208293913407
101	157	0.64331210191082799	2700	0.64439140811455842	0.9850746268656716	1	0.99834162520729686	0.99404761904761907	0.061367758470316086
316	491	0.64358452138492872	2701	0.6446300715990454	0.9850746268656716	1	0.99834162520729686	0.99404761904761907	0.06135690212152331
320	497	0.64386317907444668	2702	0.64486873508353226	0.9850746268656716	1	0.99834162520729686	0.99404761904761907	0.061345810088708638
161	250	0.64400000000000002	2703	0.64510739856801913	0.9850746268656716	1	0.99834162520729686	0.99404761904761907	0.061342565021211236
306	475	0.64421052631578946	2704	0.645346062052506	0.9850746268656716	1	0.99834162520729686	0.99404761904761907	0.061283807727294436
49	76	0.64473684210526316	2705	0.64558472553699287	0.9850746268656716	1	0.99834162520729686	0.99404761904761907	0.061277893912860461
322	499	0.64529058116232463	2706	0.64582338902147973	0.9850746268656716	1	0.99834162520729686	0.99404761904761907	0.061264989021906802
293	454	0.64537444933920707	2707	0.6460620525059666	0.9850746268656716	1	0.99834162520729686	0.99404761904761907	0.06125857913529769
91	141	0.64539007092198586	2708	0.64630071599045347	0.9850746268656716	1	0.99834162520729686	0.99404761904761907	0.061173448382200096
304	471	0.64543524416135878	2709	0.64653937947494033	0.9850746268656716	1	0.99834162520729686	0.99404761904761907	0.061164535964528546
317	491	0.64562118126272916	2710	0.6467780429594272	0.9850746268656716	1	0.99834162520729686	0.99404761904761907	0.061153750804908182
321	497	0.64587525150905434	2711	0.64701670644391407	0.9850746268656716	1	0.99834162520729686	0.99404761904761907	0.061142728533306191
323	500	0.64600000000000002	2712	0.64725536992840094	0.9850746268656716	1	0.99834162520729686	0.99404761904761907	0.061139503621507524
307	475	0.64631578947368418	2713	0.6474940334128878	0.9850746268656716	1	0.99834162520729686	0.99404761904761907	0.061081109026935893
323	499	0.64729458917835669	2714	0.64773269689737467	0.9850746268656716	1	0.99834162520729686	0.99404761904761907	0.061075233613894359
123	190	0.64736842105263159	2715	0.64797136038186154	0.9850746268656716	1	0.99834162520729686	0.99404761904761907	0.06106886329448654
305	471	0.64755838641188956	2716	0.64821002386634841	0.9850746268656716	1	0.99834162520729686	0.99404761904761907	0.061056062896577029
147	227	0.64757709251101325	2717	0.64844868735083527	0.9850746268656716	1	0.99834162520729686	0.99404761904761907	0.06104534822819601
318	491	0.64765784114052949	2718	0.64868735083532214	0.9850746268656716	1	0.99834162520729686	0.99404761904761907	0.060960794632746534
274	423	0.64775413711583929	2719	0.64892601431980912	0.9850746268656716	1	0.99834162520729686	0.99404761904761907	0.060949841466295646
46	71	0.647887323943662	2720	0.64916467780429599	0.9850746268656716	1	0.99834162520729686	0.99404761904761907	0.060940993866207167
81	125	0.64800000000000002	2721	0.64940334128878285	0.9850746268656716	1	0.99834162520729686	0.99404761904761907	0.060937788922902615
308	475	0.6484210526315789	2722	0.64964200477326972	0.9850746268656716	1	0.99834162520729686	0.99404761904761907	0.060879753679682187
324	499	0.64929859719438876	2723	0.64988066825775659	0.9850746268656716	1	0.99834162520729686	0.99404761904761907	0.060873916295204028
102	157	0.64968152866242035	2724	0.65011933174224346	0.9850746268656716	1	0.99834162520729686	0.99404761904761907	0.060867585177761793
319	491	0.64969450101832993	2725	0.65035799522673032	0.9850746268656716	1	0.99834162520729686	0.99404761904761907	0.060856940311780655
295	454	0.64977973568281944	2726	0.65059665871121719	0.9850746268656716	1	0.99834162520729686	0.99404761904761907	0.060846055602620096
323	497	0.64989939637826966	2727	0.65083532219570406	0.9850746268656716	1	0.99834162520729686	0.99404761904761907	0.060762073315247966
13	20	0.65000000000000002	2728	0.65107398568019093	0.9850746268656716	1	0.99834162520729686	0.99404761904761907	0.060758888155544061
275	423	0.65011820330969272	2730	0.65155131264916466	0.9850746268656716	1	0.99834162520729686	0.99404761904761907	0.06068851178786646
309	475	0.65052631578947373	2731	0.65178997613365153	0.9850746268656716	1	0.99834162520729686	0.99404761904761907	0.060679728300822099
325	499	0.65130260521042083	2732	0.65202863961813839	0.9850746268656716	1	0.99834162520729686	0.99404761904761907	0.060673928576888962
320	491	0.65173116089613037	2733	0.65226730310262526	0.9850746268656716	1	0.99834162520729686	0.99404761904761907	0.06066763630065803
307	471	0.65180467091295113	2734	0.65250596658711213	0.9850746268656716	1	0.99834162520729686	0.99404761904761907	0.060656819409000015
324	497	0.65191146881287731	2735	0.652744630071599	0.9850746268656716	1	0.99834162520729686	0.99404761904761907	0.060646243665525255
148	227	0.65198237885462551	2736	0.65298329355608586	0.9850746268656716	1	0.99834162520729686	0.99404761904761907	0.060643078106804138
163	250	0.65200000000000002	2737	0.65322195704057284	0.9850746268656716	1	0.99834162520729686	0.99404761904761907	0.060559661356720723
92	141	0.65248226950354615	2738	0.65346062052505971	0.9850746268656716	1	0.99834162520729686	0.99404761904761907	0.060502334935911443
62	95	0.65263157894736845	2739	0.65369928400954658	0.9850746268656716	1	0.99834162520729686	0.99404761904761907	0.060493614867546106
326	499	0.65330661322645289	2741	0.65417661097852031	0.9850746268656716	1	0.99834162520729686	0.99404761904761907	0.060475257257271195
321	491	0.65376782077393081	2742	0.65441527446300718	0.9850746268656716	1	0.99834162520729686	0.99404761904761907	0.060469003465910186
325	497	0.65392354124748486	2743	0.65465393794749405	0.9850746268656716	1	0.99834162520729686	0.99404761904761907	0.060458253759914635
308	471	0.65392781316348192	2744	0.65489260143198091	0.9850746268656716	1	0.99834162520729686	0.99404761904761907	0.060455107621799176
327	500	0.65400000000000003	2745	0.65513126491646778	0.9850746268656716	1	0.99834162520729686	0.99404761904761907	0.060444600329738481
297	454	0.6541850220264317	2746	0.65536992840095465	0.9850746268656716	1	0.99834162520729686	0.99404761904761907	0.060387623460275597
311	475	0.65473684210526317	2747	0.65560859188544152	0.9850746268656716	1	0.99834162520729686	0.99404761904761907	0.060304766554152477
277	423	0.65484633569739947	2748	0.65584725536992838	0.9850746268656716	1	0.99834162520729686	0.99404761904761907	0.060299041066111871
249	380	0.65526315789473688	2749	0.65608591885441525	0.9850746268656716	1	0.99834162520729686	0.99404761904761907	0.060290383732051325
327	499	0.65531062124248496	2750	0.65632458233890212	0.9850746268656716	1	0.99834162520729686	0.99404761904761907	0.060277889309918349
322	491	0.65580448065173114	2751	0.65656324582338899	0.9850746268656716	1	0.99834162520729686	0.99404761904761907	0.06027167365143149
326	497	0.65593561368209252	2752	0.65680190930787585	0.9850746268656716	1	0.99834162520729686	0.99404761904761907	0.060260990507082973
82	125	0.65600000000000003	2753	0.65704057279236272	0.9850746268656716	1	0.99834162520729686	0.99404761904761907	0.060257863611402472
103	157	0.6560509554140127	2754	0.65727923627684959	0.9850746268656716	1	0.99834162520729686	0.99404761904761907	0.060201233105887687
149	227	0.65638766519823788	2755	0.65751789976133657	0.9850746268656716	1	0.99834162520729686	0.99404761904761907	0.060190793602808039
312	475	0.65684210526315789	2756	0.65775656324582343	0.9850746268656716	1	0.99834162520729686	0.99404761904761907	0.060108490923481722
278	423	0.6572104018912529	2757	0.6579952267303103	0.9850746268656716	1	0.99834162520729686	0.99404761904761907	0.060102802020029239
328	499	0.65731462925851702	2758	0.65823389021479717	0.9850746268656716	1	0.99834162520729686	0.99404761904761907	0.06009420674571106
323	491	0.65784114052953158	2759	0.65847255369928404	0.9850746268656716	1	0.99834162520729686	0.99404761904761907	0.060088028872382168
25	38	0.65789473684210531	2760	0.6587112171837709	0.9850746268656716	1	0.99834162520729686	0.99404761904761907	0.060077411673369142
327	497	0.65794768611670018	2761	0.65894988066825777	0.9850746268656716	1	0.99834162520729686	0.99404761904761907	0.060065016808384643
329	500	0.65800000000000003	2762	0.65918854415274464	0.9850746268656716	1	0.99834162520729686	0.99404761904761907	0.06006190897914121
310	471	0.65817409766454349	2763	0.65942720763723151	0.9850746268656716	1	0.99834162520729686	0.99404761904761907	0.060005621688811371
299	454	0.65859030837004406	2764	0.65966587112171837	0.9850746268656716	1	0.99834162520729686	0.99404761904761907	0.059995249320799755
313	475	0.65894736842105261	2765	0.65990453460620524	0.9850746268656716	1	0.99834162520729686	0.99404761904761907	0.059913495326002285
329	499	0.65931863727454909	2766	0.66014319809069211	0.9850746268656716	1	0.99834162520729686	0.99404761904761907	0.059907842657603641
31	47	0.65957446808510634	2767	0.66038186157517897	0.9850746268656716	1	0.99834162520729686	0.99404761904761907	0.059901702225931289
324	491	0.65987780040733202	2768	0.66062052505966584	0.9850746268656716	1	0.99834162520729686	0.99404761904761907	0.059893168346429673
328	497	0.65995975855130784	2769	0.66085918854415271	0.9850746268656716	1	0.99834162520729686	0.99404761904761907	0.059882616484025958
33	50	0.66000000000000003	2770	0.66109785202863958	0.9850746268656716	1	0.99834162520729686	0.99404761904761907	0.059879527547361512
311	471	0.66029723991507427	2771	0.66133651551312644	0.9850746268656716	1	0.99834162520729686	0.99404761904761907	0.059823580361504959
251	380	0.66052631578947374	2772	0.66157517899761331	0.9850746268656716	1	0.99834162520729686	0.99404761904761907	0.059813274483031878
150	227	0.66079295154185025	2773	0.66181384248210029	0.9850746268656716	1	0.99834162520729686	0.99404761904761907	0.059800977989991698
314	475	0.66105263157894734	2774	0.66205250596658716	0.9850746268656716	1	0.99834162520729686	0.99404761904761907	0.0597197672111065
330	499	0.66132264529058116	2775	0.66229116945107402	0.9850746268656716	1	0.99834162520729686	0.99404761904761907	0.059714150432665938
325	491	0.66191446028513234	2776	0.66252983293556089	0.9850746268656716	1	0.99834162520729686	0.99404761904761907	0.059708047103299772
280	423	0.66193853427895977	2777	0.66276849642004776	0.9850746268656716	1	0.99834162520729686	0.99404761904761907	0.059697559976248225
47	71	0.6619718309859155	2778	0.66300715990453463	0.9850746268656716	1	0.99834162520729686	0.99404761904761907	0.059689086836102488
331	500	0.66200000000000003	2779	0.66324582338902149	0.9850746268656716	1	0.99834162520729686	0.99404761904761907	0.059686016620266319
104	157	0.66242038216560506	2780	0.66348448687350836	0.9850746268656716	1	0.99834162520729686	0.99404761904761907	0.059630406465649863
301	454	0.66299559471365643	2781	0.66372315035799523	0.9850746268656716	1	0.99834162520729686	0.99404761904761907	0.0596201664394354
63	95	0.66315789473684206	2782	0.6639618138424821	0.9850746268656716	1	0.99834162520729686	0.99404761904761907	0.05953949348027792
331	499	0.66332665330661322	2784	0.66443914081145583	0.9850746268656716	1	0.99834162520729686	0.99404761904761907	0.05952171296350639
326	491	0.66395112016293278	2785	0.6646778042959427	0.9850746268656716	1	0.99834162520729686	0.99404761904761907	0.059515646401184591
330	497	0.66398390342052316	2786	0.66491646778042957	0.9850746268656716	1	0.99834162520729686	0.99404761904761907	0.059505223415582904
83	125	0.66400000000000003	2787	0.66515513126491643	0.9850746268656716	1	0.99834162520729686	0.99404761904761907	0.059502171750899814
281	423	0.6643026004728132	2788	0.6653937947494033	0.9850746268656716	1	0.99834162520729686	0.99404761904761907	0.059446895591205987
313	471	0.66454352441613584	2789	0.66563245823389017	0.9850746268656716	1	0.99834162520729686	0.99404761904761907	0.059438482544252783
151	227	0.66519823788546251	2790	0.66587112171837703	0.9850746268656716	1	0.99834162520729686	0.99404761904761907	0.059428307741135215
316	475	0.66526315789473689	2791	0.66610978520286401	0.9850746268656716	1	0.99834162520729686	0.99404761904761907	0.059348167276757652
332	499	0.66533066132264529	2792	0.66634844868735088	0.9850746268656716	1	0.99834162520729686	0.99404761904761907	0.059342621260350316
253	380	0.66578947368421049	2793	0.66658711217183775	0.9850746268656716	1	0.99834162520729686	0.99404761904761907	0.059336591133838254
327	491	0.66598778004073322	2794	0.66682577565632462	0.9850746268656716	1	0.99834162520729686	0.99404761904761907	0.059324487903659039
331	497	0.66599597585513082	2795	0.66706443914081148	0.9850746268656716	1	0.99834162520729686	0.99404761904761907	0.059314128472847595
333	500	0.66600000000000004	2796	0.66730310262529835	0.9850746268656716	1	0.99834162520729686	0.99404761904761907	0.059311095191686695
2	3	0.66666666666666663	2797	0.66754176610978522	0.9850746268656716	1	0.99834162520729686	0.99404761904761907	0.059256150026961087
333	499	0.66733466933867736	2799	0.66801909307875895	0.9850746268656716	1	0.99834162520729686	0.99404761904761907	0.059237686234977084
317	475	0.66736842105263161	2800	0.66825775656324582	0.9850746268656716	1	0.99834162520729686	0.99404761904761907	0.059231692217007019
303	454	0.66740088105726869	2801	0.66849642004773269	0.9850746268656716	1	0.99834162520729686	0.99404761904761907	0.059226181081206017
167	250	0.66800000000000004	2802	0.66873508353221955	0.9850746268656716	1	0.99834162520729686	0.99404761904761907	0.059146567856725688
332	497	0.66800804828973848	2803	0.66897374701670642	0.9850746268656716	1	0.99834162520729686	0.99404761904761907	0.059091950722834269
328	491	0.66802443991853355	2804	0.66921241050119329	0.9850746268656716	1	0.99834162520729686	0.99404761904761907	0.059088935659578241
127	190	0.66842105263157892	2805	0.66945107398568016	0.9850746268656716	1	0.99834162520729686	0.99404761904761907	0.059078639204030087
105	157	0.66878980891719741	2806	0.66968973747016702	0.9850746268656716	1	0.99834162520729686	0.99404761904761907	0.059066630901146389
283	423	0.66903073286052006	2807	0.66992840095465389	0.9850746268656716	1	0.99834162520729686	0.99404761904761907	0.059056584688568524
334	499	0.66933867735470942	2808	0.67016706443914076	0.9850746268656716	1	0.99834162520729686	0.99404761904761907	0.059048289925881688
318	475	0.66947368421052633	2809	0.67040572792362774	0.9850746268656716	1	0.99834162520729686	0.99404761904761907	0.059042331693093537
152	227	0.66960352422907488	2810	0.6706443914081146	0.9850746268656716	1	0.99834162520729686	0.99404761904761907	0.059036855109868086
67	100	0.67000000000000004	2811	0.67088305489260147	0.9850746268656716	1	0.99834162520729686	0.99404761904761907	0.058957763939318765
333	497	0.67002012072434602	2812	0.67112171837708834	0.9850746268656716	1	0.99834162520729686	0.99404761904761907	0.058903471907414788
329	491	0.67006109979633399	2813	0.67136038186157521	0.9850746268656716	1	0.99834162520729686	0.99404761904761907	0.058900474898429755
316	471	0.6709129511677282	2814	0.67159904534606207	0.9850746268656716	1	0.99834162520729686	0.99404761904761907	0.058890240845642511
51	76	0.67105263157894735	2815	0.67183770883054894	0.9850746268656716	1	0.99834162520729686	0.99404761904761907	0.058880258016109313
335	499	0.67134268537074149	2816	0.67207637231503581	0.9850746268656716	1	0.99834162520729686	0.99404761904761907	0.058868343528091879
284	423	0.67139479905437349	2817	0.67231503579952268	0.9850746268656716	1	0.99834162520729686	0.99404761904761907	0.05886242076097508
319	475	0.67157894736842105	2818	0.67255369928400954	0.9850746268656716	1	0.99834162520729686	0.99404761904761907	0.058854184207149197
305	454	0.67180616740088106	2819	0.67279236276849641	0.9850746268656716	1	0.99834162520729686	0.99404761904761907	0.058848741852568914
84	125	0.67200000000000004	2820	0.67303102625298328	1	1	1	1	0.059133275824020282
334	497	0.67203219315895368	2821	0.67326968973747015	1	1	1	1	0.059079306000020787
330	491	0.67209775967413443	2822	0.67350835322195701	1	1	1	1	0.059076326883626705
317	471	0.67303609341825898	2823	0.67374701670644388	1	1	1	1	0.059066154668016423
336	499	0.67334669338677355	2824	0.67398568019093075	1	1	1	1	0.059056234623574629
64	95	0.67368421052631577	2825	0.67422434367541761	1	1	1	1	0.059050347006411048
95	141	0.67375886524822692	2827	0.67470167064439146	1	1	1	1	0.05903311679231571
337	500	0.67400000000000004	2828	0.67494033412887833	1	1	1	1	0.059024937836768335
153	227	0.67400881057268724	2829	0.67517899761336519	1	1	1	1	0.058971287360839848
335	497	0.67404426559356134	2830	0.67541766109785206	1	1	1	1	0.058892042247424711
331	491	0.67413441955193487	2831	0.67565632458233893	1	1	1	1	0.058889080863866315
106	157	0.67515923566878977	2832	0.6758949880668258	1	1	1	1	0.058878969926663319
337	499	0.67535070140280562	2833	0.67613365155131266	1	1	1	1	0.058869112076857522
321	475	0.6757894736842105	2834	0.67637231503579953	1	1	1	1	0.058863259297665324
169	250	0.67600000000000005	2835	0.6766109785202864	1	1	1	1	0.058857884444667552
48	71	0.676056338028169	2836	0.67684964200477327	1	1	1	1	0.05880455049072094
286	423	0.67612293144208035	2837	0.67708830548926013	1	1	1	1	0.05880160668213915
332	491	0.6761710794297352	2838	0.677326968973747	1	1	1	1	0.058793484722797676
307	454	0.67621145374449343	2839	0.67756563245823387	1	1	1	1	0.05878343451194426
257	380	0.6763157894736842	2840	0.67780429594272074	1	1	1	1	0.058704703977187661
319	471	0.67728237791932056	2841	0.6780429594272076	1	1	1	1	0.058692973850535811
338	499	0.67735470941883769	2842	0.67828162291169447	1	1	1	1	0.058683177612291283
322	475	0.67789473684210522	2843	0.67852028639618134	1	1	1	1	0.05867735936276984
339	500	0.67800000000000005	2844	0.67875894988066821	1	1	1	1	0.058672017790595582
337	497	0.67806841046277666	2845	0.67899761336515518	1	1	1	1	0.058618997565789838
333	491	0.67820773930753564	2846	0.67923627684964205	1	1	1	1	0.058616071176193732
154	227	0.67841409691629961	2847	0.67947494033412892	1	1	1	1	0.058606081146243626
287	423	0.67848699763593379	2848	0.67971360381861579	1	1	1	1	0.058527860194236267
129	190	0.67894736842105263	2849	0.67995226730310265	1	1	1	1	0.058519794637390224
339	499	0.67935871743486975	2850	0.68019093078758952	1	1	1	1	0.058508155090866959
320	471	0.67940552016985134	2851	0.68042959427207639	1	1	1	1	0.058502371066342679
17	25	0.68000000000000005	2852	0.68066825775656326	1	1	1	1	0.058492635863850478
338	497	0.68008048289738432	2854	0.68114558472553699	1	1	1	1	0.05843461800859865
334	491	0.68024439918533608	2855	0.68138424821002386	1	1	1	1	0.058431708883837925
309	454	0.68061674008810569	2856	0.68162291169451072	1	1	1	1	0.058421778495857675
32	47	0.68085106382978722	2857	0.68186157517899759	1	1	1	1	0.058344062195153583
340	499	0.68136272545090182	2858	0.68210023866348446	1	1	1	1	0.058336052455309928
107	157	0.68152866242038213	2859	0.68233890214797133	1	1	1	1	0.058330302354683172
259	380	0.68157894736842106	2860	0.68257756563245819	1	1	1	1	0.058320627619287184
341	500	0.68200000000000005	2861	0.68281622911694506	1	1	1	1	0.058309077607737167
339	497	0.68209255533199198	2862	0.68305489260143193	1	1	1	1	0.058256676593253537
324	475	0.68210526315789477	2863	0.68329355608591891	1	1	1	1	0.058253784580991397
335	491	0.68228105906313641	2864	0.68353221957040577	1	1	1	1	0.058248508649789539
155	227	0.68281938325991187	2865	0.68377088305489264	1	1	1	1	0.058238637371261545
289	423	0.68321513002364065	2866	0.68400954653937951	1	1	1	1	0.058161420853841732
341	499	0.68336673346693388	2867	0.68424821002386638	1	1	1	1	0.058153466353583219
322	471	0.68365180467091291	2868	0.68448687350835324	1	1	1	1	0.058147749879275908
171	250	0.68400000000000005	2869	0.68472553699284011	1	1	1	1	0.058138135049362244
340	497	0.68410462776659964	2870	0.68496420047732698	1	1	1	1	0.058086039580152571
13	19	0.68421052631578949	2871	0.68520286396181385	1	1	1	1	0.058083164529839179
336	491	0.68431771894093685	2873	0.68568019093078758	1	1	1	1	0.058066459460599039
311	454	0.68502202643171806	2874	0.68591885441527445	1	1	1	1	0.058056646765326403
342	499	0.68537074148296595	2875	0.68615751789976132	1	1	1	1	0.057979925225582346
290	423	0.68557919621749408	2876	0.68639618138424818	1	1	1	1	0.057974242083486748
323	471	0.6857749469214437	2877	0.68663484486873505	1	1	1	1	0.057966342253333095
343	500	0.68600000000000005	2878	0.68687350835322192	1	1	1	1	0.057956786774221371
341	497	0.6861167002012073	2879	0.68711217183770879	1	1	1	1	0.057904994185646624
326	475	0.68631578947368421	2880	0.68735083532219565	1	1	1	1	0.057902135948492979
337	491	0.68635437881873729	2881	0.68758949880668263	1	1	1	1	0.057896924455692132
261	380	0.68684210526315792	2882	0.6878281622911695	1	1	1	1	0.057887169823705134
156	227	0.68722466960352424	2883	0.68806682577565637	1	1	1	1	0.057875795810400782
343	499	0.68737474949899802	2884	0.68830548926014323	1	1	1	1	0.057799564504137528
108	157	0.68789808917197448	2885	0.6885441527446301	1	1	1	1	0.057793914403565738
97	141	0.68794326241134751	2886	0.68878281622911697	1	1	1	1	0.057784417727402407
86	125	0.68799999999999994	2887	0.68902147971360383	1	1	1	1	0.057776572005674459
342	497	0.68812877263581484	2888	0.6892601431980907	1	1	1	1	0.05772507966399
338	491	0.68839103869653773	2889	0.68949880668257757	1	1	1	1	0.057722238092942205
327	475	0.68842105263157893	2890	0.68973747016706444	1	1	1	1	0.057712541010406446
344	499	0.68937875751503008	2891	0.6899761336515513	1	1	1	1	0.057707361295000731
313	454	0.68942731277533043	2892	0.69021479713603817	1	1	1	1	0.057701743948635156
131	190	0.68947368421052635	2893	0.69045346062052504	1	1	1	1	0.057625998192093325
69	100	0.68999999999999995	2894	0.69069212410501191	1	1	1	1	0.057614710673186735
325	471	0.69002123142250527	2895	0.69093078758949877	1	1	1	1	0.057563515975095826
49	71	0.6901408450704225	2896	0.69116945107398564	1	1	1	1	0.057554077560749435
292	423	0.69030732860520094	2897	0.69140811455847251	1	1	1	1	0.057551252510463544
339	491	0.69042769857433806	2898	0.69164677804295938	1	1	1	1	0.057543460343150131
328	475	0.69052631578947365	2899	0.69188544152744635	1	1	1	1	0.057533820302276356
345	499	0.69138276553106215	2900	0.69212410501193322	1	1	1	1	0.057528672074502282
157	227	0.69162995594713661	2901	0.69236276849642009	1	1	1	1	0.057523087198346916
173	250	0.69199999999999995	2902	0.69260143198090696	1	1	1	1	0.05744782236724344
263	380	0.69210526315789478	2903	0.69284009546539382	1	1	1	1	0.057396922739458539
326	471	0.69214437367303605	2904	0.69307875894988069	1	1	1	1	0.057385720732058804
344	497	0.69215291750503016	2905	0.69331742243436756	1	1	1	1	0.057376340045017286
340	491	0.6924643584521385	2906	0.69355608591885443	1	1	1	1	0.057373531371834506
329	475	0.69263157894736838	2907	0.69379474940334129	1	1	1	1	0.057363947870789897
293	423	0.69267139479905437	2908	0.69403341288782816	1	1	1	1	0.057358830844396275
346	499	0.69338677354709422	2909	0.69427207637231503	1	1	1	1	0.057351091685023774
315	454	0.69383259911894268	2910	0.6945107398568019	1	1	1	1	0.057345538998356323
347	500	0.69399999999999995	2911	0.69474940334128876	1	1	1	1	0.05727075052694338
345	497	0.69416498993963782	2912	0.69498806682577563	1	1	1	1	0.057220143425754939
109	157	0.69426751592356684	2913	0.6952267303102625	1	1	1	1	0.057217350987677253
341	491	0.69450101832993894	2914	0.69546539379474936	1	1	1	1	0.05720802749994696
66	95	0.69473684210526321	2915	0.69570405727923623	1	1	1	1	0.057198500042768129
98	141	0.69503546099290781	2917	0.69618138424821008	1	1	1	1	0.057182296471015331
347	499	0.69539078156312628	2918	0.69642004773269695	1	1	1	1	0.057174609780519928
87	125	0.69599999999999995	2919	0.69665871121718381	1	1	1	1	0.057169089005844817
158	227	0.69603524229074887	2920	0.69689737470167068	1	1	1	1	0.057118771916697578
346	497	0.69617706237424548	2921	0.69713603818615755	1	1	1	1	0.05704445529683929
328	471	0.69639065817409762	2922	0.69737470167064441	1	1	1	1	0.057041678953505565
342	491	0.69653767820773926	2923	0.69761336515513128	1	1	1	1	0.057032412143512241
331	475	0.69684210526315793	2924	0.69785202863961815	1	1	1	1	0.057022940240019561
53	76	0.69736842105263153	2925	0.69809069212410502	1	1	1	1	0.057017884771418066
348	499	0.69739478957915835	2926	0.69832935560859188	1	1	1	1	0.057006850897424917
295	423	0.69739952718676124	2927	0.69856801909307875	1	1	1	1	0.057001361760427027
349	500	0.69799999999999995	2928	0.69880668257756562	1	1	1	1	0.056993727007029565
347	497	0.69818913480885314	2929	0.69904534606205249	1	1	1	1	0.056943697444106017
317	454	0.69823788546255505	2930	0.69928400954653935	1	1	1	1	0.056940937056768469
329	471	0.69851380042462841	2931	0.69952267303102622	1	1	1	1	0.056867087837035077
343	491	0.6985743380855397	2932	0.69976133651551309	1	1	1	1	0.056857877189526555
332	475	0.69894736842105265	2933	0.69999999999999996	1	1	1	1	0.056848460355240243
349	499	0.69939879759519041	2934	0.70023866348448682	1	1	1	1	0.056843435249813529
296	423	0.69976359338061467	2935	0.7004773269689738	1	1	1	1	0.056837977479312775
7	10	0.69999999999999996	2936	0.70071599045346067	1	1	1	1	0.056830394138396106
348	497	0.7002012072434608	2938	0.7011933174224344	1	1	1	1	0.056769698420955535
159	227	0.70044052863436124	2939	0.70143198090692127	1	1	1	1	0.056766953852456586
344	491	0.70061099796334014	2940	0.70167064439140814	1	1	1	1	0.056693567637235626
110	157	0.70063694267515919	2941	0.70190930787589501	1	1	1	1	0.056684205393292997
333	475	0.70105263157894737	2942	0.70214797136038187	1	1	1	1	0.056675050399243747
350	499	0.70140280561122248	2943	0.70238663484486874	1	1	1	1	0.05667005538426869
351	500	0.70199999999999996	2944	0.70262529832935561	1	1	1	1	0.056664628712175355
33	47	0.7021276595744681	2945	0.70286396181384247	1	1	1	1	0.05661516685715795
349	497	0.70221327967806846	2946	0.70310262529832934	1	1	1	1	0.056607634411146752
267	380	0.70263157894736838	2947	0.70334128878281621	1	1	1	1	0.056604905525896379
319	454	0.70264317180616742	2948	0.70357995226730308	1	1	1	1	0.056594036028191387
345	491	0.70264765784114058	2949	0.70381861575178994	1	1	1	1	0.05652110847681556
331	471	0.70276008492568998	2950	0.70405727923627681	1	1	1	1	0.056511800349889944
334	475	0.70315789473684209	2951	0.70429594272076368	1	1	1	1	0.056502700506407252
351	499	0.70340681362725455	2952	0.70453460620525055	1	1	1	1	0.05649773531241712
88	125	0.70399999999999996	2953	0.70477326968973752	1	1	1	1	0.056492339473687953
50	71	0.70422535211267601	2954	0.70501193317422439	1	1	1	1	0.056443157855809445
298	423	0.70449172576832153	2955	0.70525059665871126	1	1	1	1	0.056440444519762788
346	491	0.70468431771894091	2956	0.70548926014319813	1	1	1	1	0.056432962458005852
160	227	0.70484581497797361	2957	0.70572792362768499	1	1	1	1	0.056423707980226764
332	471	0.70488322717622076	2958	0.70596658711217186	1	1	1	1	0.056351234806118082
67	95	0.70526315789473681	2959	0.70620525059665873	1	1	1	1	0.056342189616349993
352	499	0.70541082164328661	2961	0.70668257756563246	1	1	1	1	0.056326465293490356
353	500	0.70599999999999996	2962	0.70692124105011933	1	1	1	1	0.056321100026085417
351	497	0.70623742454728367	2963	0.7071599045346062	1	1	1	1	0.056272196270454829
347	491	0.70672097759674135	2964	0.70739856801909307	1	1	1	1	0.056269498351090234
299	423	0.70685579196217496	2965	0.70763723150357993	1	1	1	1	0.056260297059965075
111	157	0.70700636942675155	2966	0.7078758949880668	1	1	1	1	0.056252864878619836
321	454	0.70704845814977979	2967	0.70811455847255367	1	1	1	1	0.056243873851664739
336	475	0.70736842105263154	2968	0.70835322195704054	1	1	1	1	0.056171850821494625
353	499	0.70741482965931868	2969	0.7085918854415274	1	1	1	1	0.05616694447385831
269	380	0.70789473684210524	2970	0.70883054892601427	1	1	1	1	0.056161609518698606
177	250	0.70799999999999996	2971	0.70906921241050125	1	1	1	1	0.056150900751277738
352	497	0.70824949698189132	2972	0.70930787589498812	1	1	1	1	0.056102272509763358
348	491	0.70875763747454179	2973	0.70954653937947498	1	1	1	1	0.056099589876060896
334	471	0.70912951167728233	2974	0.70978520286396185	1	1	1	1	0.056090441314397749
100	141	0.70921985815602839	2975	0.71002386634844872	1	1	1	1	0.056081503965215523
161	227	0.70925110132158586	2976	0.71026252983293559	1	1	1	1	0.056074121167135046
354	499	0.70941883767535074	2977	0.71050119331742245	1	1	1	1	0.056002544100000037
337	475	0.70947368421052637	2978	0.71073985680190932	1	1	1	1	0.055997239200925732
71	100	0.70999999999999996	2979	0.71097852028639619	1	1	1	1	0.055992361884932236
353	497	0.71026156941649898	2980	0.71121718377088305	1	1	1	1	0.055944006835785931
27	38	0.71052631578947367	2981	0.71145584725536992	1	1	1	1	0.055941339358206076
349	491	0.71079429735234212	2982	0.71169451073985679	1	1	1	1	0.055930709622279084
335	471	0.71125265392781312	2983	0.71193317422434366	1	1	1	1	0.055921613338111173
355	499	0.71142284569138281	2984	0.71217183770883052	1	1	1	1	0.055912729187435978
323	454	0.71145374449339205	2985	0.71241050119331739	1	1	1	1	0.055907454091165459
338	475	0.71157894736842109	2986	0.71264916467780426	1	1	1	1	0.055836318857778205
301	423	0.71158392434988182	2987	0.71288782816229113	1	1	1	1	0.055831470316510319
89	125	0.71199999999999997	2988	0.71312649164677799	1	1	1	1	0.055824136411132375
354	497	0.71227364185110664	2989	0.71336515513126497	1	1	1	1	0.055776052258619938
350	491	0.71283095723014256	2990	0.71360381861575184	1	1	1	1	0.055773399809082788
271	380	0.7131578947368421	2991	0.71384248210023871	1	1	1	1	0.055764355355593889
112	157	0.7133757961783439	2992	0.71408114558472557	1	1	1	1	0.055753803779489894
356	499	0.71342685370741488	2993	0.71431980906921244	1	1	1	1	0.05574497235374451
162	227	0.71365638766519823	2994	0.71455847255369931	1	1	1	1	0.055739726809834064
339	475	0.71368421052631581	2995	0.71479713603818618	1	1	1	1	0.055669029331729188
302	423	0.71394799054373526	2996	0.71503579952267304	1	1	1	1	0.055664209311292297
357	500	0.71399999999999997	2997	0.71527446300715991	1	1	1	1	0.055656923814530704
5	7	0.7142857142857143	2998	0.71551312649164678	1	1	1	1	0.055609108288568611
351	491	0.714867617107943	2999	0.71575178997613365	1	1	1	1	0.055606470740433359
357	499	0.71543086172344694	3000	0.71599045346062051	1	1	1	1	0.055597477675884729
337	471	0.71549893842887469	3001	0.71622911694510738	1	1	1	1	0.055592261436688876
68	95	0.71578947368421053	3002	0.71646778042959425	1	1	1	1	0.05558348226790058
325	454	0.71585903083700442	3004	0.71694510739856798	1	1	1	1	0.055568216242198112
179	250	0.71599999999999997	3005	0.71718377088305485	1	1	1	1	0.055497952490952768
356	497	0.71629778672032196	3006	0.71742243436754172	1	1	1	1	0.055450403346750915
101	141	0.71631205673758869	3007	0.71766109785202858	1	1	1	1	0.055447780574795685
352	491	0.71690427698574333	3008	0.71789976133651556	1	1	1	1	0.055440543008933835
358	499	0.71743486973947901	3009	0.71813842482100243	1	1	1	1	0.055431600896592291
338	471	0.71762208067940547	3010	0.7183770883054893	1	1	1	1	0.055426413717224815
341	475	0.71789473684210525	3011	0.71861575178997616	1	1	1	1	0.05541768634294264
359	500	0.71799999999999997	3012	0.71885441527446303	1	1	1	1	0.055412922614353217
163	227	0.7180616740088106	3013	0.7190930787589499	1	1	1	1	0.055365637632063598
51	71	0.71830985915492962	3014	0.71933174224343677	1	1	1	1	0.055295803628532286
273	380	0.71842105263157896	3015	0.71957040572792363	1	1	1	1	0.055293195508934356
304	423	0.71867612293144212	3016	0.7198090692124105	1	1	1	1	0.055282797688317557
353	491	0.71894093686354377	3017	0.72004773269689737	1	1	1	1	0.055275607581903981
359	499	0.71943887775551107	3018	0.72028639618138424	1	1	1	1	0.055266715989971148
113	157	0.71974522292993626	3019	0.7205250596658711	1	1	1	1	0.055261557628266823
18	25	0.71999999999999997	3020	0.72076372315035797	1	1	1	1	0.055252881591480424
327	454	0.72026431718061679	3022	0.72124105011933171	1	1	1	1	0.055201122624105349
358	497	0.72032193158953728	3023	0.72147971360381857	1	1	1	1	0.055131714437668747
354	491	0.72097759674134421	3024	0.72171837708830544	1	1	1	1	0.055129120847985005
305	423	0.72104018912529555	3025	0.72195704057279231	1	1	1	1	0.055120279349527845
137	190	0.72105263157894739	3026	0.72219570405727929	1	1	1	1	0.05511313623727384
360	499	0.72144288577154314	3027	0.72243436754176615	1	1	1	1	0.055102814037170621
340	471	0.72186836518046704	3028	0.72267303102625302	1	1	1	1	0.055097684253647479
361	500	0.72199999999999998	3029	0.72291169451073989	1	1	1	1	0.055089059102707338
343	475	0.72210526315789469	3030	0.72315035799522676	1	1	1	1	0.055042295882745056
359	497	0.72233400402414483	3031	0.72338902147971362	1	1	1	1	0.055037587465601903
164	227	0.72246696035242286	3032	0.72362768496420049	1	1	1	1	0.055035008284749741
355	491	0.72301425661914465	3033	0.72386634844868736	1	1	1	1	0.054966022032577187
34	47	0.72340425531914898	3034	0.72410501193317423	1	1	1	1	0.054957230205459673
361	499	0.7234468937875751	3035	0.72434367541766109	1	1	1	1	0.054950133628138914
55	76	0.72368421052631582	3036	0.72458233890214796	1	1	1	1	0.054945032185961216
341	471	0.72399150743099783	3037	0.72482100238663483	1	1	1	1	0.054934784784409468
181	250	0.72399999999999998	3038	0.72505966587112169	1	1	1	1	0.054926210072948504
344	475	0.72421052631578953	3039	0.72529832935560856	1	1	1	1	0.054879704501581056
360	497	0.72434607645875249	3040	0.72553699284009543	1	1	1	1	0.054875023379609741
329	454	0.72466960352422904	3041	0.7257756563245823	1	1	1	1	0.054872458487848177
356	491	0.72505091649694497	3042	0.72601431980906916	1	1	1	1	0.054803890334173634
362	499	0.72545090180360716	3043	0.72625298329355603	1	1	1	1	0.054795147760989558
307	423	0.72576832151300241	3044	0.72649164677804301	1	1	1	1	0.054790074425931284
363	500	0.72599999999999998	3045	0.72673031026252988	1	1	1	1	0.054783023930281442
114	157	0.72611464968152861	3046	0.72696897374701674	1	1	1	1	0.054736773884031392
69	95	0.72631578947368425	3047	0.72720763723150361	1	1	1	1	0.054728249170887998
361	497	0.72635814889336014	3049	0.72768496420047735	1	1	1	1	0.054713421694332291
165	227	0.72687224669603523	3050	0.72792362768496421	1	1	1	1	0.054710870973243439
357	491	0.72708757637474541	3051	0.72816229116945108	1	1	1	1	0.054642717128654553
363	499	0.72745490981963923	3052	0.72840095465393795	1	1	1	1	0.054634023396661444
91	125	0.72799999999999998	3053	0.72863961813842482	1	1	1	1	0.054628977937070528
308	423	0.72813238770685584	3054	0.72887828162291168	1	1	1	1	0.054582981315731444
343	471	0.7282377919320594	3055	0.72911694510739855	1	1	1	1	0.054575976454357654
362	497	0.7283702213279678	3056	0.72935560859188542	1	1	1	1	0.054567501303499966
346	475	0.72842105263157897	3057	0.72959427207637229	1	1	1	1	0.054564964635970832
277	380	0.72894736842105268	3058	0.72983293556085915	1	1	1	1	0.054560337397081299
331	454	0.72907488986784141	3059	0.73007159904534602	1	1	1	1	0.054550237174010655
358	491	0.72912423625254585	3060	0.73031026252983289	1	1	1	1	0.054482493894750614
364	499	0.72945891783567129	3061	0.73054892601431975	1	1	1	1	0.05447384859580482
73	100	0.72999999999999998	3062	0.73078758949880673	1	1	1	1	0.054468830782567833
344	471	0.73036093418259018	3063	0.7310262529832936	1	1	1	1	0.054423085508886332
363	497	0.73038229376257546	3064	0.73126491646778047	1	1	1	1	0.054414659489337963
103	141	0.73049645390070927	3065	0.73150357995226734	1	1	1	1	0.054412136759542512
347	475	0.73052631578947369	3066	0.7317422434367542	1	1	1	1	0.054405177090822737
359	491	0.73116089613034618	3067	0.73198090692124107	1	1	1	1	0.054400576445260161
166	227	0.7312775330396476	3068	0.73221957040572794	1	1	1	1	0.054391979175752954
365	499	0.73146292585170336	3069	0.7324582338902148	1	1	1	1	0.05432464276303501
139	190	0.73157894736842111	3070	0.73269689737470167	1	1	1	1	0.054319652369542483
183	250	0.73199999999999998	3071	0.73293556085918854	1	1	1	1	0.054309624549504609
52	71	0.73239436619718312	3072	0.73317422434367541	1	1	1	1	0.054264128568867698
115	157	0.73248407643312097	3073	0.73341288782816227	1	1	1	1	0.054261619662249204
348	475	0.73263157894736841	3074	0.73365155131264914	1	1	1	1	0.054253242348016144
310	423	0.7328605200945626	3075	0.73389021479713601	1	1	1	1	0.054248668067184577
360	491	0.73319755600814662	3076	0.73412887828162288	1	1	1	1	0.054241753155176833
366	499	0.73346693386773543	3077	0.73436754176610974	1	1	1	1	0.054233203515971606
333	454	0.73348017621145378	3078	0.73460620525059661	1	1	1	1	0.054228240318083945
367	500	0.73399999999999999	3079	0.73484486873508348	1	1	1	1	0.054161307117418206
279	380	0.73421052631578942	3080	0.73508353221957046	1	1	1	1	0.05411605839754563
365	497	0.73440643863179078	3081	0.73532219570405732	1	1	1	1	0.054106102204793741
346	471	0.73460721868365175	3082	0.73556085918854419	1	1	1	1	0.054103607008047477
349	475	0.73473684210526313	3083	0.73579952267303106	1	1	1	1	0.054095277978046308
311	423	0.73522458628841603	3084	0.73603818615751793	1	1	1	1	0.054090729835962352
361	491	0.73523421588594706	3085	0.73627684964200479	1	1	1	1	0.054083859250313629
367	499	0.73547094188376749	3086	0.73651551312649166	1	1	1	1	0.054075356846684124
167	227	0.73568281938325997	3087	0.73675417661097853	1	1	1	1	0.054070420622698026
92	125	0.73599999999999999	3088	0.7369928400954654	1	1	1	1	0.054003887023230293
366	497	0.73641851106639844	3089	0.73723150357995226	1	1	1	1	0.053958883553871934
347	471	0.73673036093418254	3090	0.73747016706443913	1	1	1	1	0.053956401954928096
14	19	0.73684210526315785	3091	0.737708830548926	1	1	1	1	0.053948120792915444
362	491	0.7372708757637475	3093	0.73818615751789973	1	1	1	1	0.053933713236000963
368	499	0.73747494989979956	3094	0.7384248210023866	1	1	1	1	0.053925257677570525
104	141	0.73758865248226946	3095	0.73866348448687347	1	1	1	1	0.053920348208185975
335	454	0.73788546255506604	3096	0.73890214797136033	1	1	1	1	0.053913521524042995
369	500	0.73799999999999999	3097	0.7391408114558472	1	1	1	1	0.053847383957905427
367	497	0.73843058350100599	3098	0.73937947494033418	1	1	1	1	0.053802623750543593
116	157	0.73885350318471332	3099	0.73961813842482105	1	1	1	1	0.053800155638550548
351	475	0.73894736842105269	3100	0.73985680190930792	1	1	1	1	0.053791921933053724
363	491	0.73930753564154783	3101	0.74009546539379478	1	1	1	1	0.053787425400779416
281	380	0.73947368421052628	3102	0.74033412887828165	1	1	1	1	0.05377901630146123
369	499	0.73947895791583163	3103	0.74057279236276852	1	1	1	1	0.053769201080015809
313	423	0.73995271867612289	3104	0.74081145584725538	1	1	1	1	0.053764318148303604
37	50	0.73999999999999999	3105	0.74105011933174225	1	1	1	1	0.053757534946225233
168	227	0.74008810572687223	3106	0.74128878281622912	1	1	1	1	0.053713016033781792
368	497	0.74044265593561365	3107	0.74152744630071599	1	1	1	1	0.05364727097545513
349	471	0.74097664543524411	3108	0.74176610978520285	1	1	1	1	0.053644816240762859
352	475	0.74105263157894741	3109	0.74200477326968972	1	1	1	1	0.053636629585011732
364	491	0.74134419551934827	3110	0.74224343675417659	1	1	1	1	0.053632158528840956
370	499	0.74148296593186369	3111	0.74248210023866346	1	1	1	1	0.053623795506779308
371	500	0.74199999999999999	3112	0.74272076372315032	1	1	1	1	0.053618938898149116
141	190	0.74210526315789471	3113	0.74295942720763719	1	1	1	1	0.053574659334697308
337	454	0.74229074889867841	3114	0.74319809069212406	1	1	1	1	0.05356491347877447
314	423	0.74231678486997632	3115	0.74343675417661093	1	1	1	1	0.053499557444461575
369	497	0.74245472837022131	3116	0.7436754176610979	1	1	1	1	0.05349281731033291
350	471	0.74309978768577489	3117	0.74391408114558477	1	1	1	1	0.053490375844476808
353	475	0.74315789473684213	3118	0.74415274463007164	1	1	1	1	0.053482235836336794
365	491	0.74338085539714871	3119	0.74439140811455851	1	1	1	1	0.053477790040370378
371	499	0.74348697394789576	3120	0.74463007159904537	1	1	1	1	0.053469472717882834
93	125	0.74399999999999999	3121	0.74486873508353224	1	1	1	1	0.053464642220051734
370	497	0.74446680080482897	3122	0.74510739856801911	1	1	1	1	0.053420600080532635
169	227	0.74449339207048459	3123	0.74534606205250598	1	1	1	1	0.053418171776217535
35	47	0.74468085106382975	3124	0.74558472553699284	1	1	1	1	0.053353201323228024
283	380	0.74473684210526314	3125	0.74582338902147971	1	1	1	1	0.053346503848176116
117	157	0.74522292993630568	3126	0.74606205250596658	1	1	1	1	0.053336826625041474
354	475	0.74526315789473685	3127	0.74630071599045344	1	1	1	1	0.053328732866947712
366	491	0.74541751527494904	3128	0.74653937947494031	1	1	1	1	0.053324312117719132
372	499	0.74549098196392782	3129	0.74677804295942718	1	1	1	1	0.053316040121239694
373	500	0.746	3130	0.74701670644391405	1	1	1	1	0.05331123552420125
53	71	0.74647887323943662	3131	0.74725536992840091	1	1	1	1	0.053267428904144834
339	454	0.74669603524229078	3132	0.74749403341288778	1	1	1	1	0.053265013655229274
316	423	0.74704491725768318	3133	0.74773269689737465	1	1	1	1	0.053200425381374997
352	471	0.74734607218683646	3134	0.74797136038186163	1	1	1	1	0.053193770161686194
71	95	0.74736842105263157	3135	0.74821002386634849	1	1	1	1	0.053185722260578799
367	491	0.74745417515274948	3137	0.74868735083532223	1	1	1	1	0.053171717034223187
373	499	0.74749498997995989	3138	0.7489260143198091	1	1	1	1	0.053163489994246353
187	250	0.748	3139	0.74916467780429596	1	1	1	1	0.053158711090240202
372	497	0.74849094567404428	3140	0.74940334128878283	1	1	1	1	0.05311513810549074
170	227	0.74889867841409696	3141	0.7496420047732697	1	1	1	1	0.053112735806971519
317	423	0.74940898345153661	3142	0.74988066825775657	1	1	1	1	0.053048526349972688
353	471	0.74946921443736725	3143	0.75011933174224343	1	1	1	1	0.05304191298701149
356	475	0.74947368421052629	3144	0.7503579952267303	1	1	1	1	0.053033910554271937
368	491	0.74949083503054992	3145	0.75059665871121717	1	1	1	1	0.053029539267679893
374	499	0.74949899799599196	3146	0.75083532219570404	1	1	1	1	0.053021356818705651
3	4	0.75	3147	0.7510739856801909	1	1	1	1	0.053016603402187529
373	497	0.75050301810865194	3149	0.75155131264916464	1	1	1	1	0.052963720073828276
341	454	0.75110132158590304	3150	0.75178997613365151	1	1	1	1	0.052961330621825196
375	499	0.75150300601202402	3151	0.75202863961813837	1	1	1	1	0.052897496658726943
369	491	0.75152749490835036	3152	0.75226730310262535	1	1	1	1	0.052892768526339236
357	475	0.75157894736842101	3153	0.75250596658711222	1	1	1	1	0.052884630306818906
118	157	0.75159235668789814	3154	0.75274463007159909	1	1	1	1	0.052880283440822344
106	141	0.75177304964539005	3155	0.75298329355608595	1	1	1	1	0.052872326092210903
94	125	0.752	3156	0.75322195704057282	1	1	1	1	0.052865754192340374
374	497	0.7525150905432596	3157	0.75346062052505969	1	1	1	1	0.052822642905648746
143	190	0.75263157894736843	3158	0.75369928400954656	1	1	1	1	0.052820266197389693
171	227	0.75330396475770922	3159	0.75393794749403342	1	1	1	1	0.052810790578157969
376	499	0.75350701402805609	3160	0.75417661097852029	1	1	1	1	0.052747328824757085
370	491	0.75356415478615069	3161	0.75441527446300716	1	1	1	1	0.052742625775299812
358	475	0.75368421052631573	3162	0.75465393794749402	1	1	1	1	0.052734531427582824
355	471	0.75371549893842893	3163	0.75489260143198089	1	1	1	1	0.052730208778109931
377	500	0.754	3164	0.75513126491646776	1	1	1	1	0.052722296133704168
319	423	0.75413711583924348	3165	0.75536992840095463	1	1	1	1	0.052679412949058528
375	497	0.75452716297786715	3166	0.75560859188544149	1	1	1	1	0.052672882123562186
287	380	0.75526315789473686	3167	0.75584725536992836	1	1	1	1	0.052670518057368332
343	454	0.75550660792951541	3168	0.75608591885441523	1	1	1	1	0.052661108241047944
377	499	0.75551102204408815	3169	0.7563245823389021	1	1	1	1	0.052598015451329624
371	491	0.75560081466395113	3170	0.75656324582338907	1	1	1	1	0.052593337285731928
359	475	0.75578947368421057	3171	0.75680190930787594	1	1	1	1	0.05258528645601341
356	471	0.75583864118895971	3172	0.75704057279236281	1	1	1	1	0.052580987821259806
189	250	0.75600000000000001	3173	0.75727923627684968	1	1	1	1	0.052573119505394138
320	423	0.75650118203309691	3174	0.75751789976133654	1	1	1	1	0.0525304626172374
376	497	0.75653923541247481	3175	0.75775656324582341	1	1	1	1	0.052523972482242581
378	499	0.75751503006012022	3176	0.75799522673031028	1	1	1	1	0.052521620957513955
372	491	0.75763747454175157	3177	0.75823389021479715	1	1	1	1	0.052516967478805944
172	227	0.75770925110132159	3178	0.75847255369928401	1	1	1	1	0.0525089598170752
72	95	0.75789473684210529	3179	0.75871121718377088	1	1	1	1	0.052446232782659592
119	157	0.7579617834394905	3181	0.75918854415274462	1	1	1	1	0.052432613266572718
379	500	0.75800000000000001	3182	0.75942720763723148	1	1	1	1	0.052424788907778928
377	497	0.75855130784708247	3183	0.75966587112171835	1	1	1	1	0.052382356529559852
107	141	0.75886524822695034	3184	0.75990453460620522	1	1	1	1	0.052380017446760997
379	499	0.75951903807615229	3185	0.76014319809069208	1	1	1	1	0.052373567623163669
373	491	0.75967413441955189	3186	0.76038186157517895	1	1	1	1	0.052368938636448863
345	454	0.75991189427312777	3187	0.76062052505966582	1	1	1	1	0.052360973796438608
19	25	0.76000000000000001	3188	0.7608591885441528	1	1	1	1	0.052298609346036959
358	471	0.76008492569002128	3190	0.76133651551312653	1	1	1	1	0.052252148508146017
289	380	0.76052631578947372	3191	0.7615751789976134	1	1	1	1	0.052244367739094799
54	71	0.76056338028169013	3192	0.76181384248210027	1	1	1	1	0.052235087488793193
322	423	0.76122931442080377	3193	0.76205250596658713	1	1	1	1	0.052232760749439194
380	499	0.76152304609218435	3194	0.762291169451074	1	1	1	1	0.052226350862830083
374	491	0.76171079429735233	3195	0.76252983293556087	1	1	1	1	0.052221746175258134
381	500	0.76200000000000001	3196	0.76276849642004774	1	1	1	1	0.0522138238143946
362	475	0.76210526315789473	3197	0.7630071599045346	1	1	1	1	0.05217183517117744
173	227	0.76211453744493396	3198	0.76324582338902147	1	1	1	1	0.052167607391962217
359	471	0.76220806794055207	3199	0.76348448687350834	1	1	1	1	0.052105602390842429
379	497	0.76257545271629779	3200	0.76372315035799521	1	1	1	1	0.052097864848285949
29	38	0.76315789473684215	3201	0.76396181384248207	1	1	1	1	0.052095550354928542
381	499	0.76352705410821642	3202	0.76420047732696894	1	1	1	1	0.052086333886415953
323	423	0.7635933806146572	3203	0.76443914081145581	1	1	1	1	0.052081753307155892
375	491	0.76374745417515277	3204	0.76467780429594268	1	1	1	1	0.052075382987748081
191	250	0.76400000000000001	3205	0.76491646778042954	1	1	1	1	0.052067502767101898
363	475	0.76421052631578945	3206	0.76515513126491652	1	1	1	1	0.052025733385729217
347	454	0.76431718061674003	3207	0.76539379474940339	1	1	1	1	0.052021528836070127
120	157	0.76433121019108285	3208	0.76563245823389026	1	1	1	1	0.051959880185531479
380	497	0.76458752515090544	3209	0.76587112171837712	1	1	1	1	0.05195218551024678
382	499	0.76553106212424848	3210	0.76610978520286399	1	1	1	1	0.051949883166460799
376	491	0.7657841140529531	3211	0.76634844868735086	1	1	1	1	0.051945326506674688
291	380	0.76578947368421058	3212	0.76658711217183773	1	1	1	1	0.05193748809091258
36	47	0.76595744680851063	3213	0.76682577565632459	1	1	1	1	0.051928334748896653
383	500	0.76600000000000001	3214	0.76706443914081146	1	1	1	1	0.051922003631454418
364	475	0.76631578947368417	3215	0.76730310262529833	1	1	1	1	0.051880451798943052
361	471	0.76645435244161364	3216	0.7675417661097852	1	1	1	1	0.051876270287912231
174	227	0.76651982378854622	3217	0.76778042959427206	1	1	1	1	0.051868618124645674
381	497	0.7665995975855131	3218	0.76801909307875893	1	1	1	1	0.051807322761502669
383	499	0.76753507014028055	3219	0.7682577565632458	1	1	1	1	0.051805032471872646
377	491	0.76782077393075354	3220	0.76849642004773266	1	1	1	1	0.051800499544689585
96	125	0.76800000000000002	3221	0.76873508353221953	1	1	1	1	0.051792702602026744
325	423	0.76832151300236406	3222	0.7689737470167064	1	1	1	1	0.05175136662319077
73	95	0.76842105263157889	3223	0.76921241050119327	1	1	1	1	0.051745074346959838
362	471	0.76857749469214443	3225	0.76968973747016711	1	1	1	1	0.051731824823850414
382	497	0.76861167002012076	3226	0.76992840095465398	1	1	1	1	0.051724214821263013
349	454	0.7687224669603524	3227	0.77016706443914085	1	1	1	1	0.051721936491369955
384	499	0.76953907815631262	3228	0.77040572792362771	1	1	1	1	0.051660991387444913
378	491	0.76985743380855398	3229	0.77064439140811458	1	1	1	1	0.051656482007935524
77	100	0.77000000000000002	3230	0.77088305489260145	1	1	1	1	0.051648726210088848
366	475	0.77052631578947373	3231	0.77112171837708832	1	1	1	1	0.051607604407309021
383	497	0.77062374245472842	3232	0.77136038186157518	1	1	1	1	0.051603468409069292
326	423	0.7706855791962175	3233	0.77159904534606205	1	1	1	1	0.051601201945477765
121	157	0.77070063694267521	3234	0.77183770883054892	1	1	1	1	0.051594948154116756
175	227	0.77092511013215859	3235	0.77207637231503579	1	1	1	1	0.051587379964730382
293	380	0.77105263157894732	3236	0.77231503579952265	1	1	1	1	0.051526782126354774
385	499	0.77154308617234468	3237	0.77255369928400952	1	1	1	1	0.051517753107086846
379	491	0.77189409368635442	3238	0.77279236276849639	1	1	1	1	0.051513267092238135
193	250	0.77200000000000002	3239	0.77303102625298326	1	1	1	1	0.05150555211438012
367	475	0.77263157894736845	3240	0.77326968973747012	1	1	1	1	0.051464642827376922
384	497	0.77263581488933597	3241	0.77350835322195699	1	1	1	1	0.051460529307388508
364	471	0.772823779193206	3242	0.77374701670644397	1	1	1	1	0.051458274617633817
109	141	0.77304964539007093	3243	0.77398568019093084	1	1	1	1	0.051450747897778336
351	454	0.77312775330396477	3244	0.7742243436754177	1	1	1	1	0.05144453223929147
386	499	0.77354709418837675	3245	0.77446300715990457	1	1	1	1	0.051384278706815716
147	190	0.77368421052631575	3246	0.77470167064439144	1	1	1	1	0.051379815875506274
380	491	0.77393075356415475	3247	0.77494033412887831	1	1	1	1	0.051370848069928303
387	500	0.77400000000000002	3248	0.77517899761336517	1	1	1	1	0.051363173590641721
55	71	0.77464788732394363	3249	0.77541766109785204	1	1	1	1	0.05132247517625195
368	475	0.77473684210526317	3250	0.77565632458233891	1	1	1	1	0.051320232168827591
365	471	0.77494692144373678	3251	0.77589498806682577	1	1	1	1	0.05131614094434047
176	227	0.77533039647577096	3252	0.77613365155131264	1	1	1	1	0.05130865535410168
328	423	0.77541371158392436	3253	0.77637231503579951	1	1	1	1	0.051248743201413323
387	499	0.77555110220440882	3254	0.77661097852028638	1	1	1	1	0.051242565328084438
381	491	0.77596741344195519	3255	0.77684964200477324	1	1	1	1	0.051238125501060092
97	125	0.77600000000000002	3256	0.77708830548926011	1	1	1	1	0.051230491202293338
59	76	0.77631578947368418	3257	0.77732696897374698	1	1	1	1	0.051190002034250039
386	497	0.77665995975855129	3258	0.77756563245823385	1	1	1	1	0.051181094821953002
369	475	0.77684210526315789	3259	0.77780429594272071	1	1	1	1	0.051178863406298278
122	157	0.77707006369426757	3260	0.77804295942720769	1	1	1	1	0.051174794296538116
353	454	0.77753303964757714	3261	0.77828162291169456	1	1	1	1	0.051167349499706617
388	499	0.77755511022044088	3262	0.77852028639618143	1	1	1	1	0.051107775833756613
7	9	0.77777777777777779	3263	0.77875894988066829	1	1	1	1	0.051103358833606435
389	500	0.77800000000000002	3264	0.77899761336515516	1	1	1	1	0.05109721840193409
382	491	0.77800407331975563	3265	0.77923627684964203	1	1	1	1	0.051056936870649987
387	497	0.77867203219315895	3266	0.7794749403341289	1	1	1	1	0.051049342437673138
74	95	0.77894736842105261	3267	0.77971360381861576	1	1	1	1	0.051047122524160965
367	471	0.77919320594479835	3269	0.7801909307875895	1	1	1	1	0.05103422811923302
389	499	0.77955911823647295	3270	0.78042959427207637	1	1	1	1	0.051026823783253877
177	227	0.77973568281938321	3271	0.78066825775656323	1	1	1	1	0.051022429434386514
39	50	0.78000000000000003	3272	0.7809069212410501	1	1	1	1	0.05096319139472355
383	491	0.78004073319755596	3273	0.78114558472553697	1	1	1	1	0.050923115907077737
110	141	0.78014184397163122	3274	0.78138424821002384	1	1	1	1	0.050915561028439305
388	497	0.78068410462776661	3275	0.7816229116945107	1	1	1	1	0.050909457699073138
371	475	0.78105263157894733	3276	0.78186157517899757	1	1	1	1	0.050907249198998049
368	471	0.78131634819532914	3277	0.78210023866348444	1	1	1	1	0.050903223784138786
390	499	0.78156312625250501	3278	0.78233890214797142	1	1	1	1	0.050895859580061965
297	380	0.78157894736842104	3279	0.78257756563245828	1	1	1	1	0.050891487708682424
355	454	0.7819383259911894	3280	0.78281622911694515	1	1	1	1	0.050882699855002697
391	500	0.78200000000000003	3281	0.78305489260143202	1	1	1	1	0.050823794613315369
384	491	0.7820773930753564	3282	0.78329355608591889	1	1	1	1	0.050783923592443249
331	423	0.78250591016548465	3283	0.78353221957040575	1	1	1	1	0.050776407959927619
389	497	0.78269617706237427	3284	0.78377088305489262	1	1	1	1	0.05077034139760582
372	475	0.78315789473684205	3285	0.78400954653937949	1	1	1	1	0.050768144223172142
123	157	0.78343949044585992	3286	0.78424821002386635	1	1	1	1	0.050764140392306777
391	499	0.78356713426853708	3287	0.78448687350835322	1	1	1	1	0.050756815994738476
98	125	0.78400000000000003	3288	0.78472553699284009	1	1	1	1	0.050752466428825152
385	491	0.78411405295315684	3289	0.78496420047732696	1	1	1	1	0.050712798313911671
178	227	0.78414096916299558	3290	0.78520286396181382	1	1	1	1	0.050705321622497156
149	190	0.78421052631578947	3291	0.78544152744630069	1	1	1	1	0.050646746382163821
390	497	0.78470824949698192	3292	0.78568019093078756	1	1	1	1	0.05063801731011406
332	423	0.78486997635933808	3293	0.78591885441527443	1	1	1	1	0.050635831374424289
373	475	0.78526315789473689	3294	0.78615751789976129	1	1	1	1	0.050629801247912234
370	471	0.78556263269639071	3295	0.78639618138424816	1	1	1	1	0.0506258188279071
392	499	0.78557114228456915	3296	0.78663484486873503	1	1	1	1	0.050618533914961815
393	500	0.78600000000000003	3297	0.78687350835322201	1	1	1	1	0.05061420648424398
386	491	0.78615071283095728	3298	0.78711217183770887	1	1	1	1	0.050574739730319909
357	454	0.78634361233480177	3299	0.78735083532219574	1	1	1	1	0.050567301678137506
391	497	0.78672032193158958	3300	0.78758949880668261	1	1	1	1	0.050509053673783687
299	380	0.7868421052631579	3301	0.78782816229116948	1	1	1	1	0.050506878890827028
37	47	0.78723404255319152	3302	0.78806682577565634	1	1	1	1	0.050498208012590931
374	475	0.78736842105263161	3303	0.78830548926014321	1	1	1	1	0.050492213994620866
393	499	0.78757515030060121	3304	0.78854415274463008	1	1	1	1	0.050488252814189095
371	471	0.78768577494692149	3305	0.78878281622911695	1	1	1	1	0.050483947350124653
197	250	0.78800000000000003	3306	0.78902147971360381	1	1	1	1	0.050476701603377992
387	491	0.78818737270875761	3307	0.78926014319809068	1	1	1	1	0.050437434681119359
179	227	0.78854625550660795	3308	0.78949880668257755	1	1	1	1	0.050430034969412126
56	71	0.78873239436619713	3309	0.78973747016706441	1	1	1	1	0.050372111466475321
15	19	0.78947368421052633	3310	0.78997613365155128	1	1	1	1	0.050369947751116403
394	499	0.78957915831663328	3312	0.79045346062052502	1	1	1	1	0.050357394376366098
334	423	0.78959810874704495	3313	0.79069212410501188	1	1	1	1	0.050353110712119703
124	157	0.78980891719745228	3314	0.79093078758949875	1	1	1	1	0.050347152479331546
79	100	0.79000000000000004	3315	0.79116945107398573	1	1	1	1	0.050339945583773874
388	491	0.79022403258655805	3316	0.7914081145584726	1	1	1	1	0.050300876979304431
393	497	0.79074446680080479	3317	0.79164677804295946	1	1	1	1	0.050293515312387467
359	454	0.79074889867841414	3318	0.79188544152744633	1	1	1	1	0.050291362580355242
376	475	0.79157894736842105	3319	0.7921241050119332	1	1	1	1	0.050233760874656974
395	499	0.79158316633266534	3320	0.79236276849642007	1	1	1	1	0.050229841666775916
373	471	0.79193205944798306	3321	0.79260143198090693	1	1	1	1	0.050225579637197433
335	423	0.79196217494089838	3322	0.7928400954653938	1	1	1	1	0.050218411281188195
99	125	0.79200000000000004	3323	0.79307875894988067	1	1	1	1	0.050212488514071403
301	380	0.79210526315789476	3324	0.79331742243436754	1	1	1	1	0.05017361672876805
389	491	0.79226069246435848	3325	0.7935560859188544	1	1	1	1	0.0501650605058271
394	497	0.79275653923541245	3326	0.79379474940334127	1	1	1	1	0.05015773659104817
180	227	0.79295154185022021	3327	0.79403341288782814	1	1	1	1	0.050155594758924976
396	499	0.79358717434869741	3328	0.79427207637231501	1	1	1	1	0.050098312176249965
377	475	0.79368421052631577	3329	0.79451073985680187	1	1	1	1	0.050094071617853231
397	500	0.79400000000000004	3330	0.79474940334128874	1	1	1	1	0.05009017314652181
374	471	0.79405520169851385	3331	0.79498806682577561	1	1	1	1	0.050051496696822989
390	491	0.79429735234215881	3332	0.79522673031026248	1	1	1	1	0.050044366572045806
112	141	0.79432624113475181	3333	0.79546539379474945	1	1	1	1	0.050037080119746571
151	190	0.79473684210526319	3334	0.79570405727923632	1	1	1	1	0.050031192502582991
395	497	0.79476861167002011	3335	0.79594272076372319	1	1	1	1	0.050022692756361127
361	454	0.79515418502202639	3336	0.79618138424821006	1	1	1	1	0.050020561741571885
397	499	0.79559118236472948	3337	0.79642004773269692	1	1	1	1	0.049963595637254193
378	475	0.79578947368421049	3338	0.79665871121718379	1	1	1	1	0.049959376388196142
199	250	0.79600000000000004	3339	0.79689737470167066	1	1	1	1	0.049955498489272804
125	157	0.79617834394904463	3340	0.79713603818615753	1	1	1	1	0.049917015906489767
391	491	0.79633401221995925	3341	0.79737470167064439	1	1	1	1	0.049909923707908206
337	423	0.79669030732860524	3342	0.79761336515513126	1	1	1	1	0.049902674431386004
396	497	0.79678068410462777	3343	0.79785202863961813	1	1	1	1	0.049896821652193807
181	227	0.79735682819383258	3344	0.79809069212410499	1	1	1	1	0.04989470137299544
303	380	0.79736842105263162	3345	0.79832935560859186	1	1	1	1	0.049838049131511457
398	499	0.79759519038076154	3346	0.79856801909307873	1	1	1	1	0.049829605304672633
379	475	0.79789473684210521	3347	0.7988066825775656	1	1	1	1	0.049825407204732663
399	500	0.79800000000000004	3348	0.79904534606205246	1	1	1	1	0.049821549715803659
376	471	0.79830148619957542	3349	0.79928400954653933	1	1	1	1	0.049783259545934544
392	491	0.79837067209775969	3350	0.7995226730310262	1	1	1	1	0.049776204971748644
397	497	0.79879275653923543	3351	0.79976133651551318	1	1	1	1	0.049768992587218917
338	423	0.79905437352245867	3352	0.80000000000000004	1	1	1	1	0.049766882962689891
363	454	0.79955947136563876	3353	0.80023866348448691	1	1	1	1	0.049761064713168442
399	499	0.79959919839679361	3354	0.80047732696897378	1	1	1	1	0.049704723747736566
4	5	0.80000000000000004	3355	0.80071599045346065	1	1	1	1	0.049700546638296296
393	491	0.80040733197556013	3358	0.80143198090692125	1	1	1	1	0.049650221744717199
377	471	0.8004246284501062	3359	0.80167064439140812	1	1	1	1	0.049643045971276452
398	497	0.80080482897384309	3360	0.80190930787589498	1	1	1	1	0.049636028722879894
113	141	0.8014184397163121	3361	0.80214797136038185	1	1	1	1	0.049633929672909909
400	499	0.80160320641282568	3362	0.80238663484486872	1	1	1	1	0.049628145648385649
182	227	0.80176211453744495	3363	0.80262529832935559	1	1	1	1	0.049623989372408923
401	500	0.80200000000000005	3364	0.80286396181384245	1	1	1	1	0.04956795712459585
381	475	0.80210526315789477	3365	0.80310262529832932	1	1	1	1	0.049530047476383593
394	491	0.80244399185336046	3366	0.80334128878281619	1	1	1	1	0.049526230327000223
126	157	0.80254777070063699	3367	0.80357995226730305	1	1	1	1	0.04951909088658956
61	76	0.80263157894736847	3368	0.80381861575178992	1	1	1	1	0.049512110668527544
57	71	0.80281690140845074	3369	0.8040572792362769	1	1	1	1	0.049503777037564541
401	499	0.80360721442885774	3370	0.80429594272076377	1	1	1	1	0.049501688482844398
340	423	0.80378250591016553	3371	0.80453460620525064	1	1	1	1	0.049497552884857611
365	454	0.80396475770925113	3372	0.8047732696897375	1	1	1	1	0.049491802784230848
201	250	0.80400000000000005	3373	0.80501193317422437	1	1	1	1	0.049436076723564301
382	475	0.80421052631578949	3374	0.80525059665871124	1	1	1	1	0.049398355212564027
395	491	0.8044806517311609	3375	0.8054892601431981	1	1	1	1	0.049394557996075603
379	471	0.80467091295116777	3376	0.80572792362768497	1	1	1	1	0.049387454613444792
400	497	0.8048289738430584	3377	0.80596658711217184	1	1	1	1	0.049380511133372579
153	190	0.80526315789473679	3378	0.80620525059665871	1	1	1	1	0.049378432995384219
402	499	0.80561122244488981	3379	0.80644391408114557	1	1	1	1	0.04937015365517667
403	500	0.80600000000000005	3380	0.80668257756563244	1	1	1	1	0.049366038581249362
341	423	0.80614657210401897	3381	0.80692124105011931	1	1	1	1	0.049328503810402553
183	227	0.80616740088105732	3382	0.80715990453460618	1	1	1	1	0.049322787336095249
383	475	0.80631578947368421	3383	0.80739856801909304	1	1	1	1	0.049267364959683008
396	491	0.80651731160896134	3384	0.80763723150357991	1	1	1	1	0.049263587520363791
380	471	0.80679405520169856	3385	0.80787589498806678	1	1	1	1	0.04925651992303591
401	497	0.80684104627766595	3386	0.80811455847255365	1	1	1	1	0.049249612891677987
403	499	0.80761523046092187	3387	0.80835322195704062	1	1	1	1	0.049247545092684593
307	380	0.80789473684210522	3388	0.80859188544152749	1	1	1	1	0.0492434503904104
101	125	0.80800000000000005	3389	0.80883054892601436	1	1	1	1	0.049235224812152242
367	454	0.80837004405286339	3390	0.80906921241050123	1	1	1	1	0.049197875398198504
384	475	0.80842105263157893	3391	0.80930787589498809	1	1	1	1	0.049142754230353719
38	47	0.80851063829787229	3392	0.80954653937947496	1	1	1	1	0.049138996414095908
397	491	0.80855397148676167	3393	0.80978520286396183	1	1	1	1	0.049133313272000302
402	497	0.80885311871227361	3394	0.8100238663484487	1	1	1	1	0.049126281190236883
127	157	0.80891719745222934	3395	0.81026252983293556	1	1	1	1	0.049124223653273229
404	499	0.80961923847695394	3396	0.81050119331742243	1	1	1	1	0.049117352784383152
81	100	0.81000000000000005	3397	0.8107398568019093	1	1	1	1	0.049113278302860927
77	95	0.81052631578947365	3398	0.81097852028639617	1	1	1	1	0.049076112876168046
184	227	0.81057268722466957	3400	0.8114558472553699	1	1	1	1	0.049064202192191354
398	491	0.81059063136456211	3401	0.81169451073985677	1	1	1	1	0.049009379784063896
403	497	0.81086519114688127	3402	0.81193317422434363	1	1	1	1	0.04900238295083062
343	423	0.81087470449172572	3403	0.8121718377088305	1	1	1	1	0.049000335599693516
382	471	0.81104033970276013	3404	0.81241050119331737	1	1	1	1	0.048994685499121726
405	499	0.81162324649298601	3405	0.81264916467780435	1	1	1	1	0.048987850509442564
203	250	0.81200000000000006	3406	0.81288782816229121	1	1	1	1	0.048983796099257883
399	491	0.81262729124236255	3407	0.81312649164677808	1	1	1	1	0.048946813303654399
386	475	0.81263157894736837	3408	0.81336515513126495	1	1	1	1	0.048939851454587284
369	454	0.81277533039647576	3409	0.81360381861575182	1	1	1	1	0.048936132428496086
404	497	0.81287726358148893	3410	0.81384248210023868	1	1	1	1	0.048881606357709856
309	380	0.81315789473684208	3411	0.81408114558472555	1	1	1	1	0.04887956911694874
383	471	0.81316348195329091	3412	0.81431980906921242	1	1	1	1	0.048871449503442341
344	423	0.81323877068557915	3413	0.81455847255369929	1	1	1	1	0.04886465011266776
406	499	0.81362725450901807	3414	0.81479713603818615	1	1	1	1	0.048859032766302185
407	500	0.81399999999999995	3415	0.81503579952267302	1	1	1	1	0.048854998279509072
400	491	0.81466395112016299	3416	0.81527446300715989	1	1	1	1	0.048818196772119328
387	475	0.8147368421052632	3417	0.81551312649164676	1	1	1	1	0.048811269645491456
405	497	0.81488933601609659	3418	0.81575178997613362	1	1	1	1	0.048807569789637836
185	227	0.81497797356828194	3419	0.81599045346062049	1	1	1	1	0.048805542584545503
128	157	0.8152866242038217	3420	0.81622911694510736	1	1	1	1	0.048751310454841677
115	141	0.81560283687943258	3421	0.81646778042959423	1	1	1	1	0.048744546385577597
407	499	0.81563126252505014	3422	0.81670644391408109	1	1	1	1	0.048738961509422231
31	38	0.81578947368421051	3423	0.81694510739856807	1	1	1	1	0.04873494679952517
102	125	0.81599999999999995	3424	0.81718377088305494	1	1	1	1	0.048726879402182802
401	491	0.81670061099796332	3425	0.81742243436754181	1	1	1	1	0.048690257853264397
388	475	0.81684210526315792	3426	0.81766109785202867	1	1	1	1	0.048683365189953087
58	71	0.81690140845070425	3427	0.81789976133651554	1	1	1	1	0.048679684356494599
371	454	0.81718061674008813	3428	0.81813842482100241	1	1	1	1	0.048677667113098046
385	471	0.81740976645435248	3429	0.81837708830548928	1	1	1	1	0.048623726553984031
408	499	0.8176352705410822	3430	0.81861575178997614	1	1	1	1	0.048616997531710962
346	423	0.81796690307328601	3431	0.81885441527446301	1	1	1	1	0.048613002453647136
409	500	0.81799999999999995	3432	0.81909307875894988	1	1	1	1	0.048607449766979699
311	380	0.81842105263157894	3433	0.81933174224343674	1	1	1	1	0.048571006859763337
402	491	0.81873727087576376	3434	0.81957040572792361	1	1	1	1	0.048562991176506497
407	497	0.81891348088531191	3435	0.81980906921241048	1	1	1	1	0.048556132719960989
389	475	0.81894736842105265	3436	0.82004773269689735	1	1	1	1	0.048554125365012454
186	227	0.81938325991189431	3437	0.82028639618138421	1	1	1	1	0.048550463407622993
386	471	0.81953290870488327	3438	0.82052505966587108	1	1	1	1	0.048496812074027007
409	499	0.81963927855711427	3439	0.82076372315035795	1	1	1	1	0.048490117827062848
41	50	0.81999999999999995	3440	0.82100238663484482	1	1	1	1	0.048486142237184698
347	423	0.82033096926713944	3441	0.82124105011933179	1	1	1	1	0.048449876667716357
403	491	0.8207739307535642	3442	0.82147971360381866	1	1	1	1	0.048444355893041254
408	497	0.82092555331991957	3443	0.82171837708830553	1	1	1	1	0.048437531389250922
78	95	0.82105263157894737	3444	0.8219570405727924	1	1	1	1	0.048435533850219009
373	454	0.82158590308370039	3446	0.82243436754176613	1	1	1	1	0.048423926159235915
410	499	0.82164328657314634	3447	0.822673031026253	1	1	1	1	0.048370561731167182
129	157	0.82165605095541405	3448	0.82291169451073987	1	1	1	1	0.048366605487225184
411	500	0.82199999999999995	3449	0.82315035799522673	1	1	1	1	0.048359945746688671
116	141	0.82269503546099287	3450	0.8233890214797136	1	1	1	1	0.04832385622367405
404	491	0.82281059063136452	3451	0.82362768496420047	1	1	1	1	0.048318367086676167
409	497	0.82293762575452711	3452	0.82386634844868734	1	1	1	1	0.048311576284139131
391	475	0.82315789473684209	3453	0.8241050119331742	1	1	1	1	0.048309588489200056
411	499	0.8236472945891784	3454	0.82434367541766107	1	1	1	1	0.048305963850938952
313	380	0.8236842105263158	3455	0.82458233890214794	1	1	1	1	0.048302026812064629
388	471	0.82377919320594484	3456	0.82482100238663481	1	1	1	1	0.048294113076306523
187	227	0.82378854625550657	3457	0.82505966587112167	1	1	1	1	0.048287487576081263
103	125	0.82399999999999995	3458	0.82529832935560854	1	1	1	1	0.048234407758295558
405	491	0.82484725050916496	3459	0.82553699284009552	1	1	1	1	0.048198493002946874
410	497	0.82494969818913477	3460	0.82577565632458239	1	1	1	1	0.048191735652639081
349	423	0.82505910165484631	3461	0.82601431980906925	1	1	1	1	0.048189757530668079
392	475	0.82526315789473681	3462	0.82625298329355612	1	1	1	1	0.048184299760167332
412	499	0.82565130260521047	3463	0.82649164677804299	1	1	1	1	0.048180693567902472
389	471	0.82590233545647562	3464	0.82673031026252985	1	1	1	1	0.0481767755945917
375	454	0.82599118942731276	3465	0.82696897374701672	1	1	1	1	0.048170184071290666
413	500	0.82599999999999996	3466	0.82720763723150359	1	1	1	1	0.048117386592961268
157	190	0.82631578947368423	3467	0.82744630071599046	1	1	1	1	0.048081645338846152
406	491	0.8268839103869654	3468	0.82768496420047732	1	1	1	1	0.048073781849029371
411	497	0.82696177062374243	3469	0.82792362768496419	1	1	1	1	0.048067057704374194
393	475	0.82736842105263153	3470	0.82816229116945106	1	1	1	1	0.048065089184937036
350	423	0.82742316784869974	3471	0.82840095465393793	1	1	1	1	0.048061501298216659
413	499	0.82765531062124253	3472	0.82863961813842479	1	1	1	1	0.048056074626123324
207	250	0.82799999999999996	3473	0.82887828162291166	1	1	1	1	0.048052175580219861
130	157	0.82802547770700641	3474	0.82911694510739853	1	1	1	1	0.048016606573112526
188	227	0.82819383259911894	3475	0.8293556085918854	1	1	1	1	0.048010048766043208
407	491	0.82892057026476573	3476	0.82959427207637226	1	1	1	1	0.047957531380437041
63	76	0.82894736842105265	3477	0.82983293556085924	1	1	1	1	0.047950840197275274
412	497	0.82897384305835009	3478	0.83007159904534611	1	1	1	1	0.047943026476381385
394	475	0.82947368421052636	3479	0.83031026252983298	1	1	1	1	0.047941067489726007
414	499	0.8296593186372746	3480	0.83054892601431984	1	1	1	1	0.047937497769520672
39	47	0.82978723404255317	3481	0.83078758949880671	1	1	1	1	0.047933617514199868
83	100	0.82999999999999996	3482	0.83102625298329358	1	1	1	1	0.0479282216754707
391	471	0.83014861995753719	3483	0.83126491646778045	1	1	1	1	0.047892823673205222
377	454	0.83039647577092512	3484	0.83150357995226731	1	1	1	1	0.047886299324335246
408	491	0.83095723014256617	3485	0.83174224343675418	1	1	1	1	0.047834059808494193
59	71	0.83098591549295775	3486	0.83198090692124105	1	1	1	1	0.04782740134505449
79	95	0.83157894736842108	3487	0.83221957040572792	1	1	1	1	0.047825451822102752
415	499	0.83166332665330667	3489	0.83269689737470165	1	1	1	1	0.047814135707817083
104	125	0.83199999999999996	3490	0.83293556085918852	1	1	1	1	0.047810274107569939
352	423	0.8321513002364066	3491	0.83317422434367538	1	1	1	1	0.047775045879895665
392	471	0.83227176220806798	3492	0.83341288782816225	1	1	1	1	0.047769680612490741
189	227	0.83259911894273131	3493	0.83365155131264912	1	1	1	1	0.047763189466413988
409	491	0.83299389002036661	3494	0.83389021479713599	1	1	1	1	0.047711225620841229
414	497	0.83299798792756541	3495	0.83412887828162297	1	1	1	1	0.047704599637710982
416	499	0.83366733466933862	3496	0.83436754176610983	1	1	1	1	0.047702659510050587
396	475	0.83368421052631581	3497	0.8346062052505967	1	1	1	1	0.047698816430667937
417	500	0.83399999999999996	3498	0.83484486873508357	1	1	1	1	0.047695282632003996
317	380	0.83421052631578951	3499	0.83508353221957043	1	1	1	1	0.047660222960442998
131	157	0.83439490445859876	3500	0.8353221957040573	1	1	1	1	0.047652507370321597
353	423	0.83451536643026003	3501	0.83556085918854417	1	1	1	1	0.047646049174224929
379	454	0.83480176211453749	3502	0.83579952267303104	1	1	1	1	0.047640714219065225
415	497	0.83501006036217307	3503	0.8360381861575179	1	1	1	1	0.047589023867416536
410	491	0.83503054989816705	3504	0.83627684964200477	1	1	1	1	0.047587093067292967
417	499	0.83567134268537069	3505	0.83651551312649164	1	1	1	1	0.047580499327389635
397	475	0.83578947368421053	3506	0.83675417661097851	1	1	1	1	0.047576674635946614
209	250	0.83599999999999997	3507	0.83699284009546537	1	1	1	1	0.047573158595064904
394	471	0.83651804670912955	3508	0.83723150357995224	1	1	1	1	0.047538266272771496
159	190	0.83684210526315794	3509	0.83747016706443911	1	1	1	1	0.047531840776401907
118	141	0.83687943262411346	3510	0.83770883054892598	1	1	1	1	0.047524173559886279
190	227	0.83700440528634357	3511	0.83794749403341284	1	1	1	1	0.047518868660811987
416	497	0.83702213279678073	3512	0.83818615751789971	1	1	1	1	0.047467449649591903
411	491	0.83706720977596738	3513	0.83842482100238669	1	1	1	1	0.047465528109900582
418	499	0.83767535070140275	3514	0.83866348448687356	1	1	1	1	0.047458966378443372
398	475	0.83789473684210525	3515	0.83890214797136042	1	1	1	1	0.047455159943284093
419	500	0.83799999999999997	3516	0.83914081145584729	1	1	1	1	0.047451661526667452
395	471	0.83864118895966033	3517	0.83937947494033416	1	1	1	1	0.047416935358289738
417	497	0.83903420523138827	3518	0.83961813842482103	1	1	1	1	0.047410542313922006
412	491	0.83910386965376782	3519	0.83985680190930789	1	1	1	1	0.0474086299682005
381	454	0.83920704845814975	3520	0.84009546539379476	1	1	1	1	0.047402100012682552
355	423	0.83924349881796689	3521	0.84033412887828163	1	1	1	1	0.047350950210945292
319	380	0.83947368421052626	3522	0.84057279236276849	1	1	1	1	0.04734567511467478
419	499	0.83967935871743482	3523	0.84081145584725536	1	1	1	1	0.047338055818262385
21	25	0.83999999999999997	3524	0.84105011933174223	1	1	1	1	0.047334267508984812
132	157	0.84076433121019112	3526	0.84152744630071596	1	1	1	1	0.047296225385994567
418	497	0.84104627766599593	3527	0.84176610978520283	1	1	1	1	0.04728986454839948
413	491	0.84114052953156826	3528	0.8420047732696897	1	1	1	1	0.047287961330819833
191	227	0.84140969162995594	3529	0.84224343675417657	1	1	1	1	0.047281462920980726
356	423	0.84160756501182032	3530	0.84248210023866343	1	1	1	1	0.047230580220035824
420	499	0.84168336673346689	3531	0.84272076372315041	1	1	1	1	0.047225334676125379
421	500	0.84199999999999997	3532	0.84295942720763728	1	1	1	1	0.047221564363566469
16	19	0.84210526315789469	3533	0.84319809069212415	1	1	1	1	0.047187166962258865
397	471	0.8428874734607219	3535	0.84367541766109788	1	1	1	1	0.04717613157478432
419	497	0.84305835010060359	3536	0.84391408114558475	1	1	1	1	0.047169802701197243
414	491	0.84317718940936859	3537	0.84415274463007162	1	1	1	1	0.04716790854655846
383	454	0.84361233480176212	3538	0.84439140811455848	1	1	1	1	0.047161441454357127
421	499	0.84368737474949895	3539	0.84463007159904535	1	1	1	1	0.047110823767479645
119	141	0.84397163120567376	3540	0.84486873508353222	1	1	1	1	0.047107071323700636
211	250	0.84399999999999997	3541	0.84510739856801909	1	1	1	1	0.047101855084504769
401	475	0.84421052631578952	3542	0.84534606205250595	1	1	1	1	0.047067620318664342
321	380	0.84473684210526312	3543	0.84558472553699282	1	1	1	1	0.047064173987008684
398	471	0.84501061571125269	3544	0.84582338902147969	1	1	1	1	0.0470566491928118
60	71	0.84507042253521125	3545	0.84606205250596656	1	1	1	1	0.047050352042901852
415	491	0.84521384928716903	3546	0.84630071599045342	1	1	1	1	0.047048466886622398
422	499	0.84569138276553102	3547	0.84653937947494029	1	1	1	1	0.047042030886210492
192	227	0.8458149779735683	3548	0.84677804295942716	1	1	1	1	0.047038296184482443
423	500	0.84599999999999997	3549	0.84701670644391414	1	1	1	1	0.046987941446627712
402	475	0.84631578947368424	3550	0.847255369928401	1	1	1	1	0.046953868165531813
358	423	0.84633569739952719	3551	0.84749403341288787	1	1	1	1	0.046950438937259059
421	497	0.84708249496981891	3552	0.84773269689737474	1	1	1	1	0.046945251757891583
133	157	0.84713375796178347	3553	0.84797136038186161	1	1	1	1	0.046943375536002085
416	491	0.84725050916496947	3554	0.84821002386634847	1	1	1	1	0.04693710987184168
161	190	0.84736842105263155	3555	0.84844868735083534	1	1	1	1	0.046930704739537268
423	499	0.84769539078156309	3556	0.84868735083532221	1	1	1	1	0.046923226538493318
106	125	0.84799999999999998	3557	0.84892601431980907	1	1	1	1	0.046919509453282854
385	454	0.84801762114537449	3558	0.84916467780429594	1	1	1	1	0.046885596517039177
403	475	0.84842105263157896	3559	0.84940334128878281	1	1	1	1	0.046835502684561922
359	423	0.84869976359338062	3560	0.84964200477326968	1	1	1	1	0.046832090432666756
422	497	0.84909456740442657	3561	0.84988066825775654	1	1	1	1	0.046826932070962432
400	471	0.84925690021231426	3562	0.85011933174224341	1	1	1	1	0.046825064720098411
417	491	0.84928716904276991	3563	0.85035799522673028	1	1	1	1	0.046818830306133326
424	499	0.84969939879759515	3564	0.85059665871121715	1	1	1	1	0.046812455820394963
17	20	0.84999999999999998	3565	0.85083532219570401	1	1	1	1	0.046808756227350194
193	227	0.85022026431718056	3567	0.85131264916467786	1	1	1	1	0.046767570467460516
404	475	0.85052631578947369	3568	0.85155131264916473	1	1	1	1	0.046717735517838442
40	47	0.85106382978723405	3569	0.85178997613365159	1	1	1	1	0.046714340116569913
423	497	0.85110663983903423	3570	0.85202863961813846	1	1	1	1	0.046709210333046786
418	491	0.85132382892057024	3571	0.85226730310262533	1	1	1	1	0.046707351790441547
401	471	0.85138004246284504	3572	0.8525059665871122	1	1	1	1	0.046701007731842749
425	499	0.85170340681362722	3573	0.85274463007159906	1	1	1	1	0.046694804334862561
213	250	0.85199999999999998	3574	0.85298329355608593	1	1	1	1	0.046691122110799226
387	454	0.85242290748898675	3575	0.8532219570405728	1	1	1	1	0.046657526487270562
81	95	0.85263157894736841	3576	0.85346062052505967	1	1	1	1	0.046607948418832111
424	497	0.85311871227364189	3578	0.8539379474940334	1	1	1	1	0.04659718343999561
419	491	0.85336048879837068	3579	0.85417661097852027	1	1	1	1	0.046595333643473229
361	423	0.85342789598108748	3580	0.85441527446300713	1	1	1	1	0.046589019794677285
134	157	0.85350318471337583	3581	0.854653937947494	1	1	1	1	0.046583918352499573
426	499	0.85370741482965928	3582	0.85489260143198087	1	1	1	1	0.046577745741608625
427	500	0.85399999999999998	3583	0.85513126491646774	1	1	1	1	0.046574080764496401
194	227	0.85462555066079293	3584	0.8553699284009546	1	1	1	1	0.046540642129862732
406	475	0.85473684210526313	3585	0.85560859188544158	1	1	1	1	0.046491318961519076
425	497	0.85513078470824955	3586	0.85584725536992845	1	1	1	1	0.046487956889191488
65	76	0.85526315789473684	3587	0.85608591885441532	1	1	1	1	0.046486115777159824
420	491	0.85539714867617112	3588	0.85632458233890218	1	1	1	1	0.046478774788223737
403	471	0.85562632696390661	3589	0.85656324582338905	1	1	1	1	0.046472490933958888
427	499	0.85571142284569135	3590	0.85680190930787592	1	1	1	1	0.046466348880547598
362	423	0.85579196217494091	3591	0.85704057279236279	1	1	1	1	0.04646270102949665
107	125	0.85599999999999998	3592	0.85727923627684965	1	1	1	1	0.046457627694438376
389	454	0.85682819383259912	3593	0.85751789976133652	1	1	1	1	0.04642434495087526
407	475	0.85684210526315785	3594	0.85775656324582339	1	1	1	1	0.046375274721856451
6	7	0.8571428571428571	3595	0.85799522673031026	1	1	1	1	0.04637192913027556
421	491	0.85743380855397144	3596	0.85823389021479712	1	1	1	1	0.046370096641719455
428	499	0.85771543086172342	3597	0.85847255369928399	1	1	1	1	0.046363842568754435
404	471	0.8577494692144374	3598	0.85871121718377086	1	1	1	1	0.046360211724002093
163	190	0.85789473684210527	3599	0.85894988066825773	1	1	1	1	0.046354100001718752
429	500	0.85799999999999998	3600	0.85918854415274459	1	1	1	1	0.046346803911797574
121	141	0.85815602836879434	3601	0.85942720763723146	1	1	1	1	0.046313675971692891
408	475	0.85894736842105268	3602	0.85966587112171833	1	1	1	1	0.046308630512101975
195	227	0.8590308370044053	3603	0.8599045346062052	1	1	1	1	0.04630530128038212
61	71	0.85915492957746475	3604	0.86014319809069217	1	1	1	1	0.046256482049977211
422	491	0.85947046843177188	3605	0.86038186157517904	1	1	1	1	0.046254658124451745
429	499	0.85971943887775548	3606	0.86062052505966591	1	1	1	1	0.046248433621571668
135	157	0.85987261146496818	3607	0.86085918854415278	1	1	1	1	0.046244819664469333
43	50	0.85999999999999999	3608	0.86109785202863964	1	1	1	1	0.046238738049192318
364	423	0.86052009456264777	3609	0.86133651551312651	1	1	1	1	0.046205763835027794
327	380	0.86052631578947369	3610	0.86157517899761338	1	1	1	1	0.046200746021790799
409	475	0.8610526315789474	3611	0.86181384248210025	1	1	1	1	0.046193494420222796
428	497	0.86116700201207241	3612	0.86205250596658711	1	1	1	1	0.046190181428657676
391	454	0.86123348017621149	3613	0.86229116945107398	1	1	1	1	0.046188366006281505
423	491	0.86150712830957232	3614	0.86252983293556085	1	1	1	1	0.046139795853582743
430	499	0.86172344689378755	3615	0.86276849642004771	1	1	1	1	0.04613360071156531
406	471	0.86199575371549897	3616	0.86300715990453458	1	1	1	1	0.046130003524565547
431	500	0.86199999999999999	3617	0.86324582338902145	1	1	1	1	0.046123951794375881
365	423	0.86288416075650121	3618	0.86348448687350832	1	1	1	1	0.046091130238610264
82	95	0.86315789473684212	3619	0.86372315035799518	1	1	1	1	0.046086139845117745
429	497	0.86317907444668007	3621	0.86420047732696892	1	1	1	1	0.046075635456282377
196	227	0.86343612334801767	3622	0.8644391408114559	1	1	1	1	0.046073828477731206
424	491	0.86354378818737276	3623	0.86467780429594276	1	1	1	1	0.046025505501382062
431	499	0.86372745490981961	3624	0.86491646778042963	1	1	1	1	0.046019339512974121
108	125	0.86399999999999999	3625	0.8651551312649165	1	1	1	1	0.04601575897961787
407	471	0.86411889596602975	3626	0.86539379474940337	1	1	1	1	0.045983089024571731
430	497	0.86519114688128773	3627	0.86563245823389023	1	1	1	1	0.045977066959726136
122	141	0.86524822695035464	3628	0.8658711217183771	1	1	1	1	0.04597526836622625
411	475	0.86526315789473685	3629	0.86610978520286397	1	1	1	1	0.045970305168338582
425	491	0.86558044806517309	3630	0.86634844868735084	1	1	1	1	0.045967024302609988
393	454	0.86563876651982374	3631	0.8665871121718377	1	1	1	1	0.045960887262504434
432	499	0.86573146292585168	3632	0.86682577565632457	1	1	1	1	0.04591280958045147
329	380	0.86578947368421055	3633	0.86706443914081144	1	1	1	1	0.045909245585355529
433	500	0.86599999999999999	3634	0.86730310262529831	1	1	1	1	0.045902081748404461
136	157	0.86624203821656054	3635	0.86754176610978517	1	1	1	1	0.045869562346146545
431	497	0.86720321931589539	3636	0.86778042959427204	1	1	1	1	0.045863569729050806
412	475	0.86736842105263157	3637	0.86801909307875891	1	1	1	1	0.04586177946237268
367	423	0.86761229314420807	3638	0.86825775656324578	1	1	1	1	0.045858514484613713
426	491	0.86761710794297353	3639	0.86849642004773264	1	1	1	1	0.045853578260627609
433	499	0.86773547094188375	3640	0.86873508353221962	1	1	1	1	0.045847469965440583
197	227	0.86784140969162993	3641	0.86897374701670649	1	1	1	1	0.045843922394285169
217	250	0.86799999999999999	3642	0.86921241050119336	1	1	1	1	0.045796088143533746
409	471	0.86836518046709132	3643	0.86945107398568022	1	1	1	1	0.045763718255768977
33	38	0.86842105263157898	3644	0.86968973747016709	1	1	1	1	0.045757754870951753
432	497	0.86921529175050305	3645	0.86992840095465396	1	1	1	1	0.045750634320024554
413	475	0.86947368421052629	3646	0.87016706443914082	1	1	1	1	0.04574885232247658
427	491	0.86965376782077397	3647	0.87040572792362769	1	1	1	1	0.045745603117557022
434	499	0.86973947895791581	3648	0.87064439140811456	1	1	1	1	0.045739523365805453
368	423	0.8699763593380615	3649	0.87088305489260143	1	1	1	1	0.045735992105322018
87	100	0.87	3650	0.87112171837708829	1	1	1	1	0.045731082635937476
395	454	0.87004405286343611	3651	0.87136038186157516	1	1	1	1	0.045698861233896389
410	471	0.87048832271762211	3652	0.87159904534606203	1	1	1	1	0.045651268570269972
331	380	0.87105263157894741	3653	0.8718377088305489	1	1	1	1	0.045645334204356972
433	497	0.87122736418511071	3654	0.87207637231503576	1	1	1	1	0.045638256548314875
414	475	0.87157894736842101	3655	0.87231503579952263	1	1	1	1	0.045636482762737171
428	491	0.8716904276985743	3656	0.8725536992840095	1	1	1	1	0.045633249216636501
435	499	0.87174348697394788	3657	0.87279236276849637	1	1	1	1	0.045627197808715943
109	125	0.872	3658	0.87303102625298334	1	1	1	1	0.045623682746675095
198	227	0.8722466960352423	3659	0.87326968973747021	1	1	1	1	0.045591608811004915
41	47	0.87234042553191493	3660	0.87350835322195708	1	1	1	1	0.0455442559089081
137	157	0.87261146496815289	3661	0.87374701670644395	1	1	1	1	0.045539372977195902
62	71	0.87323943661971826	3662	0.87398568019093081	1	1	1	1	0.045533467418884421
83	95	0.87368421052631584	3663	0.87422434367541768	1	1	1	1	0.045531701788642708
429	491	0.87372708757637474	3665	0.87470167064439142	1	1	1	1	0.04552144864083936
436	499	0.87374749498997994	3666	0.87494033412887828	1	1	1	1	0.04551542537900214
437	500	0.874	3667	0.87517899761336515	1	1	1	1	0.045511926404201757
397	454	0.87444933920704848	3668	0.87541766109785202	1	1	1	1	0.045479998924858836
370	423	0.87470449172576836	3669	0.87565632458233889	1	1	1	1	0.045432883977043911
412	471	0.87473460721868368	3670	0.87589498806682575	1	1	1	1	0.045428027368413719
435	497	0.87525150905432592	3671	0.87613365155131262	1	1	1	1	0.045422150408447569
437	499	0.87575150300601201	3672	0.87637231503579949	1	1	1	1	0.045420392877427142
430	491	0.87576374745417518	3673	0.87661097852028635	1	1	1	1	0.045416909879680646
416	475	0.87578947368421056	3674	0.87684964200477322	1	1	1	1	0.045410914568014368
219	250	0.876	3675	0.87708830548926009	1	1	1	1	0.045407712001862159
333	380	0.87631578947368416	3676	0.87732696897374707	1	1	1	1	0.045375929978005998
199	227	0.87665198237885467	3677	0.87756563245823394	1	1	1	1	0.045368936957040924
413	471	0.87685774946921446	3678	0.8778042959427208	1	1	1	1	0.045322058174377955
371	423	0.87706855791962179	3679	0.87804295942720767	1	1	1	1	0.045316209605522753
436	497	0.87726358148893357	3680	0.87828162291169454	1	1	1	1	0.045311379107691646
438	499	0.87775551102204408	3681	0.8785202863961814	1	1	1	1	0.045309629620291454
431	491	0.87780040733197551	3682	0.87875894988066827	1	1	1	1	0.045306162490416232
417	475	0.87789473684210528	3683	0.87899761336515514	1	1	1	1	0.045300194934822485
439	500	0.878	3684	0.87923627684964201	1	1	1	1	0.045297007691953307
399	454	0.87885462555066074	3685	0.87947494033412887	1	1	1	1	0.045265370131841939
167	190	0.87894736842105259	3686	0.87971360381861574	1	1	1	1	0.045218725743092297
138	157	0.87898089171974525	3687	0.87995226730310261	1	1	1	1	0.045211774471506115
437	497	0.87927565392354123	3688	0.88019093078758948	1	1	1	1	0.045205954088524909
124	141	0.87943262411347523	3689	0.88042959427207634	1	1	1	1	0.045204212589651661
439	499	0.87975951903807614	3690	0.88066825775656321	1	1	1	1	0.045199407992613211
432	491	0.87983706720977595	3691	0.88090692124105008	1	1	1	1	0.045195956622419244
22	25	0.88	3692	0.88114558472553695	1	1	1	1	0.045190016630592675
200	227	0.88105726872246692	3694	0.88162291169451079	1	1	1	1	0.045155350522180143
415	471	0.88110403397027603	3695	0.88186157517899766	1	1	1	1	0.045108938773773387
438	497	0.88128772635814889	3696	0.88210023866348453	1	1	1	1	0.045103146373402674
67	76	0.88157894736842102	3697	0.88233890214797139	1	1	1	1	0.045101412808465059
440	499	0.88176352705410821	3698	0.88257756563245826	1	1	1	1	0.045094502913495468
373	423	0.88179669030732866	3699	0.88281622911694513	1	1	1	1	0.045091067195774034
433	491	0.88187372708757639	3700	0.883054892601432	1	1	1	1	0.045086288291767883
441	500	0.88200000000000001	3701	0.88329355608591886	1	1	1	1	0.045080375673175535
419	475	0.88210526315789473	3702	0.88353221957040573	1	1	1	1	0.045049024101207716
416	471	0.88322717622080682	3703	0.8837708830548926	1	1	1	1	0.045045867176809737
401	454	0.88325991189427311	3704	0.88400954653937946	1	1	1	1	0.045040102557735773
439	497	0.88329979879275655	3705	0.88424821002386633	1	1	1	1	0.044993921713549941
441	499	0.88376753507014028	3706	0.8844868735083532	1	1	1	1	0.044992196028452953
434	491	0.88391038696537683	3707	0.88472553699284007	1	1	1	1	0.044988775856965556
221	250	0.88400000000000001	3708	0.88496420047732693	1	1	1	1	0.044982890422826508
374	423	0.88416075650118209	3709	0.8852028639618138	1	1	1	1	0.044951680392944317
84	95	0.88421052631578945	3710	0.88544152744630067	1	1	1	1	0.044946926976426195
440	497	0.88531187122736421	3712	0.88591885441527451	1	1	1	1	0.044936916162602925
139	157	0.88535031847133761	3713	0.88615751789976138	1	1	1	1	0.044935198303742215
201	227	0.88546255506607929	3714	0.88639618138424825	1	1	1	1	0.04492946126657768
442	499	0.88577154308617234	3715	0.88663484486873512	1	1	1	1	0.044883509607722798
435	491	0.88594704684317716	3716	0.88687350835322198	1	1	1	1	0.044880104877190199
443	500	0.88600000000000001	3717	0.88711217183770885	1	1	1	1	0.044874246440455456
421	475	0.88631578947368417	3718	0.88735083532219572	1	1	1	1	0.044843176996293456
125	141	0.88652482269503541	3719	0.88758949880668259	1	1	1	1	0.044840049959810953
337	380	0.88684210526315788	3720	0.88782816229116945	1	1	1	1	0.044835321827423245
63	71	0.88732394366197187	3721	0.88806682577565632	1	1	1	1	0.044828493585032346
418	471	0.88747346072186839	3722	0.88830548926014319	1	1	1	1	0.044826783499288647
403	454	0.88766519823788548	3723	0.88854415274463006	1	1	1	1	0.044821073846549729
443	499	0.88777555110220441	3724	0.88878281622911692	1	1	1	1	0.04477534967115452
436	491	0.88798370672097759	3725	0.88902147971360379	1	1	1	1	0.044771960277245941
111	125	0.88800000000000001	3726	0.88926014319809066	1	1	1	1	0.044766128652578632
422	475	0.888421052631579	3727	0.88949880668257753	1	1	1	1	0.044735198846367924
8	9	0.88888888888888884	3728	0.88973747016706439	1	1	1	1	0.044732086594927889
442	497	0.88933601609657953	3729	0.88997613365155126	1	1	1	1	0.044727383545470623
169	190	0.88947368421052631	3730	0.89021479713603824	1	1	1	1	0.04472568118020432
419	471	0.88959660297239918	3731	0.89045346062052511	1	1	1	1	0.0447188932224293
444	499	0.88977955911823647	3732	0.89069212410501197	1	1	1	1	0.044713210758512943
202	227	0.88986784140969166	3733	0.89093078758949884	1	1	1	1	0.044709836597835416
89	100	0.89000000000000001	3734	0.89116945107398571	1	1	1	1	0.044664338220837221
437	491	0.89002036659877803	3735	0.89140811455847258	1	1	1	1	0.044633547113309073
423	475	0.89052631578947372	3736	0.89164677804295944	1	1	1	1	0.044627742117064904
377	423	0.89125295508274227	3737	0.89188544152744631	1	1	1	1	0.044624644546056184
443	497	0.89134808853118708	3738	0.89212410501193318	1	1	1	1	0.044619966380458481
140	157	0.89171974522292996	3739	0.89236276849642004	1	1	1	1	0.044618271683504192
445	499	0.89178356713426854	3740	0.89260143198090691	1	1	1	1	0.044612616214665821
223	250	0.89200000000000002	3741	0.89284009546539378	1	1	1	1	0.044609257184753663
438	491	0.89205702647657836	3742	0.89307875894988065	1	1	1	1	0.044578603845044439
405	454	0.89207048458149785	3743	0.89331742243436751	1	1	1	1	0.044572825295252402
339	380	0.89210526315789473	3744	0.89355608591885438	1	1	1	1	0.044527551048190159
424	475	0.89263157894736844	3745	0.89379474940334125	1	1	1	1	0.044520803019578524
444	497	0.89336016096579474	3746	0.89403341288782812	1	1	1	1	0.044517720025374546
42	47	0.8936170212765957	3747	0.89427207637231498	1	1	1	1	0.044516032945035783
446	499	0.89378757515030061	3748	0.89451073985680196	1	1	1	1	0.044511379466327772
421	471	0.89384288747346075	3749	0.89474940334128883	1	1	1	1	0.044508035465632222
447	500	0.89400000000000002	3750	0.8949880668257757	1	1	1	1	0.044502406799963708
439	491	0.8940936863543788	3751	0.89522673031026256	1	1	1	1	0.044471890305521039
203	227	0.89427312775330392	3752	0.89546539379474943	1	1	1	1	0.044466138021864422
17	19	0.89473684210526316	3753	0.8957040572792363	1	1	1	1	0.044421086252674727
445	497	0.8953722334004024	3755	0.89618138424821003	1	1	1	1	0.044411309281890722
447	499	0.89579158316633267	3756	0.8964200477326969	1	1	1	1	0.044409629766934647
422	471	0.89596602972399153	3757	0.89665871121718377	1	1	1	1	0.044406300694813626
379	423	0.89598108747044913	3758	0.89689737470167064	1	1	1	1	0.044400698642221556
112	125	0.89600000000000002	3759	0.8971360381861575	1	1	1	1	0.044396069655506749
440	491	0.89613034623217924	3760	0.89737470167064437	1	1	1	1	0.044365689091997007
407	454	0.8964757709251101	3761	0.89761336515513124	1	1	1	1	0.044359962895794622
426	475	0.89684210526315788	3762	0.8978520286396181	1	1	1	1	0.044315131968610755
341	380	0.89736842105263159	3763	0.89809069212410497	1	1	1	1	0.044312077821017239
446	497	0.89738430583501005	3764	0.89832935560859184	1	1	1	1	0.044305408600992052
448	499	0.89779559118236474	3765	0.89856801909307871	1	1	1	1	0.044303736600644267
449	500	0.89800000000000002	3766	0.89880668257756569	1	1	1	1	0.0443004223573523
141	157	0.89808917197452232	3767	0.89904534606205255	1	1	1	1	0.044270176818569269
441	491	0.89816700610997968	3768	0.89928400954653942	1	1	1	1	0.04426460119075358
380	423	0.89834515366430256	3769	0.89952267303102629	1	1	1	1	0.044258900904941251
204	227	0.89867841409691629	3770	0.89976133651551315	1	1	1	1	0.044254296217369295
427	475	0.89894736842105261	3771	0.90000000000000002	1	1	1	1	0.044209684512323245
447	497	0.89939637826961771	3772	0.90023866348448689	1	1	1	1	0.044206644636447461
449	499	0.8997995991983968	3773	0.90047732696897376	1	1	1	1	0.044204980100386954
9	10	0.90000000000000002	3774	0.90071599045346062	1	1	1	1	0.044201680587065167
442	491	0.90020366598778001	3776	0.90119331742243436	1	1	1	1	0.044164938842395064
424	471	0.9002123142250531	3777	0.90143198090692123	1	1	1	1	0.044159264291507398
127	141	0.900709219858156	3778	0.90167064439140809	1	1	1	1	0.044153714901940248
409	454	0.90088105726872247	3779	0.90190930787589496	1	1	1	1	0.044149134322680195
428	475	0.90105263157894733	3780	0.90214797136038183	1	1	1	1	0.04410474023570754
64	71	0.90140845070422537	3781	0.9023866348448687	1	1	1	1	0.044101714531747258
450	499	0.90180360721442887	3782	0.90262529832935556	1	1	1	1	0.04410005741010127
451	500	0.90200000000000002	3783	0.90286396181384243	1	1	1	1	0.044096772528767612
443	491	0.90224032586558045	3784	0.90310262529832941	1	1	1	1	0.044066794352879655
425	471	0.90233545647558389	3785	0.90334128878281628	1	1	1	1	0.044061145363032024
343	380	0.90263157894736845	3786	0.90357995226730314	1	1	1	1	0.044055622026937018
382	423	0.90307328605200943	3787	0.90381861575179001	1	1	1	1	0.044049030242936597
205	227	0.90308370044052866	3788	0.90405727923627688	1	1	1	1	0.044044473583150487
429	475	0.90315789473684216	3789	0.90429594272076375	1	1	1	1	0.044000295525798136
449	497	0.90342052313883303	3790	0.90453460620525061	1	1	1	1	0.04399728389487953
451	499	0.90380761523046094	3791	0.90477326968973748	1	1	1	1	0.043995634138218637
113	125	0.90400000000000003	3792	0.90501193317422435	1	1	1	1	0.043992363791758131
444	491	0.90427698574338089	3793	0.90525059665871122	1	1	1	1	0.043962517969847605
142	157	0.90445859872611467	3794	0.90548926014319808	1	1	1	1	0.043956894368718386
86	95	0.90526315789473688	3795	0.90572792362768495	1	1	1	1	0.043951396903050062
411	454	0.90528634361233484	3797	0.90620525059665868	1	1	1	1	0.043941845676457085
450	497	0.90543259557344069	3798	0.90644391408114555	1	1	1	1	0.043897882075693825
383	423	0.90543735224586286	3799	0.90668257756563242	1	1	1	1	0.043896239635026993
452	499	0.905811623246493	3800	0.90692124105011929	1	1	1	1	0.043891706707843939
453	500	0.90600000000000003	3801	0.90715990453460615	1	1	1	1	0.043888450799999153
445	491	0.90631364562118122	3802	0.90739856801909313	1	1	1	1	0.043858736457480306
427	471	0.90658174097664546	3803	0.90763723150358	1	1	1	1	0.04385313807429337
431	475	0.9073684210526316	3804	0.90787589498806687	1	1	1	1	0.043847666297716949
451	497	0.90744466800804824	3805	0.90811455847255373	1	1	1	1	0.043844682519920075
206	227	0.90748898678414092	3806	0.9083532219570406	1	1	1	1	0.043843047346689826
128	141	0.90780141843971629	3807	0.90859188544152747	1	1	1	1	0.043799296644719606
453	499	0.90781563126252507	3808	0.90883054892601434	1	1	1	1	0.043794787265210224
69	76	0.90789473684210531	3809	0.9090692124105012	1	1	1	1	0.043791545700571803
227	250	0.90800000000000003	3810	0.90930787589498807	1	1	1	1	0.043785030011723874
446	491	0.90835030549898166	3811	0.90954653937947494	1	1	1	1	0.043755446281699611
428	471	0.90870488322717624	3812	0.90978520286396181	1	1	1	1	0.04374987294720703
452	497	0.9094567404426559	3813	0.91002386634844867	1	1	1	1	0.043744426680078524
432	475	0.90947368421052632	3814	0.91026252983293554	1	1	1	1	0.043742798726156128
413	454	0.9096916299559471	3815	0.91050119331742241	1	1	1	1	0.04373982873024284
454	499	0.90981963927855714	3816	0.91073985680190928	1	1	1	1	0.04369628938432079
91	100	0.91000000000000003	3817	0.91097852028639614	1	1	1	1	0.043693062068318141
385	423	0.91016548463356972	3818	0.91121718377088301	1	1	1	1	0.043663608091495748
447	491	0.9103869653767821	3819	0.91145584725536988	1	1	1	1	0.043659122076647038
173	190	0.91052631578947374	3820	0.91169451073985686	1	1	1	1	0.043653573623112001
143	157	0.91082802547770703	3821	0.91193317422434372	1	1	1	1	0.043647095488666653
453	497	0.91146881287726356	3822	0.91217183770883059	1	1	1	1	0.043641674553013161
433	475	0.91157894736842104	3823	0.91241050119331746	1	1	1	1	0.043640053770693944
455	499	0.9118236472945892	3824	0.91264916467780433	1	1	1	1	0.043637097461397774
207	227	0.91189427312775329	3825	0.91288782816229119	1	1	1	1	0.043633884300289881
114	125	0.91200000000000003	3826	0.91312649164677806	1	1	1	1	0.043590554782540945
448	491	0.91242362525458254	3827	0.91336515513126493	1	1	1	1	0.043561229707148839
386	423	0.91252955082742315	3828	0.91360381861575179	1	1	1	1	0.043555705968328889
430	471	0.91295116772823781	3829	0.91384248210023866	1	1	1	1	0.043551243137019441
347	380	0.91315789473684206	3830	0.91408114558472553	1	1	1	1	0.043545847356519798
454	497	0.91348088531187122	3831	0.9143198090692124	1	1	1	1	0.043539406452732174
434	475	0.91368421052631577	3832	0.91455847255369926	1	1	1	1	0.043537792794730856
456	499	0.91382765531062127	3833	0.91479713603818613	1	1	1	1	0.043534850077661329
457	500	0.91400000000000003	3834	0.915035799522673	1	1	1	1	0.043531650978527646
415	454	0.91409691629955947	3835	0.91527446300715987	1	1	1	1	0.043502453960233327
449	491	0.91446028513238287	3836	0.91551312649164673	1	1	1	1	0.043459332757473573
43	47	0.91489361702127658	3837	0.9157517899761336	1	1	1	1	0.043453833568603925
431	471	0.9150743099787686	3838	0.91599045346062058	1	1	1	1	0.043449393741579592
65	71	0.91549295774647887	3839	0.91622911694510745	1	1	1	1	0.043444022941545216
87	95	0.91578947368421049	3840	0.91646778042959431	1	1	1	1	0.043442416360991269
457	499	0.91583166332665333	3842	0.91694510739856805	1	1	1	1	0.043433083149459699
229	250	0.91600000000000004	3843	0.91718377088305492	1	1	1	1	0.043429898020191232
208	227	0.91629955947136565	3844	0.91742243436754178	1	1	1	1	0.043400828222020196
450	491	0.91649694501018331	3845	0.91766109785202865	1	1	1	1	0.04335791383558063
144	157	0.91719745222929938	3846	0.91789976133651552	1	1	1	1	0.043352439033357865
388	423	0.91725768321513002	3847	0.91813842482100239	1	1	1	1	0.043347093040713949
456	497	0.91750503018108653	3848	0.91837708830548925	1	1	1	1	0.043342676040563771
458	499	0.9178356713426854	3849	0.91861575178997612	1	1	1	1	0.043341076490996923
436	475	0.91789473684210521	3850	0.91885441527446299	1	1	1	1	0.043337905240287355
459	500	0.91800000000000004	3851	0.91909307875894986	1	1	1	1	0.043334989427953705
349	380	0.91842105263157892	3852	0.91933174224343672	1	1	1	1	0.043306046020209502
417	454	0.91850220264317184	3853	0.91957040572792359	1	1	1	1	0.043299678621291957
451	491	0.91853360488798375	3854	0.91980906921241046	1	1	1	1	0.043256969566844924
433	471	0.91932059447983017	3855	0.92004773269689732	1	1	1	1	0.04325151898941075
457	497	0.91951710261569419	3856	0.9202863961813843	1	1	1	1	0.043246197632677646
389	423	0.91962174940898345	3857	0.92052505966587117	1	1	1	1	0.04324460506804341
459	499	0.91983967935871747	3858	0.92076372315035804	1	1	1	1	0.043240210719176046
23	25	0.92000000000000004	3859	0.92100238663484491	1	1	1	1	0.043237053256513044
452	491	0.92057026476578407	3861	0.92147971360381864	1	1	1	1	0.043205332918576235
209	227	0.92070484581497802	3862	0.92171837708830551	1	1	1	1	0.043199906405501594
35	38	0.92105263157894735	3863	0.92195704057279237	1	1	1	1	0.043157401212889628
434	471	0.92144373673036095	3864	0.92219570405727924	1	1	1	1	0.0431510700954474
458	497	0.92152917505030185	3865	0.92243436754176611	1	1	1	1	0.043145773204722258
460	499	0.92184368737474953	3866	0.92267303102625298	1	1	1	1	0.043144187579367471
130	141	0.92198581560283688	3867	0.92291169451073984	1	1	1	1	0.043141043815024052
461	500	0.92200000000000004	3868	0.92315035799522671	1	1	1	1	0.043136671943644504
438	475	0.92210526315789476	3869	0.92338902147971358	1	1	1	1	0.043107978856383088
453	491	0.92260692464358451	3870	0.92362768496420045	1	1	1	1	0.043105089581487073
419	454	0.9229074889867841	3871	0.92386634844868731	1	1	1	1	0.043099686973756372
459	497	0.92354124748490951	3872	0.92410501193317418	1	1	1	1	0.043057384186823512
145	157	0.92356687898089174	3873	0.92434367541766105	1	1	1	1	0.043055805455492008
351	380	0.92368421052631577	3874	0.92458233890214803	1	1	1	1	0.04305053286243074
461	499	0.9238476953907816	3875	0.92482100238663489	1	1	1	1	0.043044237717246712
231	250	0.92400000000000004	3876	0.92505966587112176	1	1	1	1	0.043041107562272737
439	475	0.92421052631578948	3877	0.92529832935560863	1	1	1	1	0.043012538419232756
391	423	0.92434988179669031	3878	0.9255369928400955	1	1	1	1	0.043009662277404451
454	491	0.92464358452138495	3879	0.92577565632458236	1	1	1	1	0.043005312711491127
210	227	0.92511013215859028	3880	0.92601431980906923	1	1	1	1	0.042999933851486712
460	497	0.92555331991951706	3881	0.9262529832935561	1	1	1	1	0.042957832027912209
436	471	0.92569002123142252	3882	0.92649164677804297	1	1	1	1	0.042956260145740492
462	499	0.92585170340681366	3883	0.92673031026252983	1	1	1	1	0.042951011683539916
463	500	0.92600000000000005	3884	0.9269689737470167	1	1	1	1	0.042947895049753743
88	95	0.9263157894736842	3885	0.92720763723150357	1	1	1	1	0.042919449049571685
455	491	0.92668024439918528	3887	0.9276849642004773	1	1	1	1	0.042910326472831412
392	423	0.92671394799054374	3888	0.92792362768496417	1	1	1	1	0.042904971204318243
421	454	0.92731277533039647	3889	0.92816229116945104	1	1	1	1	0.042900643773600408
461	497	0.92756539235412472	3890	0.9284009546539379	1	1	1	1	0.042858741484734786
437	471	0.92781316348195331	3891	0.92863961813842477	1	1	1	1	0.042857176407247802
463	499	0.92785571142284573	3892	0.92887828162291164	1	1	1	1	0.042851951910628044
116	125	0.92800000000000005	3893	0.92911694510739862	1	1	1	1	0.042848848710608192
441	475	0.92842105263157892	3894	0.92935560859188548	1	1	1	1	0.042820525058814014
456	491	0.92871690427698572	3895	0.92959427207637235	1	1	1	1	0.04281767491590785
353	380	0.92894736842105263	3896	0.92983293556085922	1	1	1	1	0.042812343084018378
131	141	0.92907801418439717	3897	0.93007159904534609	1	1	1	1	0.042806118969665387
211	227	0.92951541850220265	3898	0.93031026252983295	1	1	1	1	0.042801813505600944
66	71	0.92957746478873238	3899	0.93054892601431982	1	1	1	1	0.042760109336304433
464	499	0.9298597194388778	3900	0.93078758949880669	1	1	1	1	0.042758551019411339
146	157	0.92993630573248409	3901	0.93102625298329356	1	1	1	1	0.042755461166488339
93	100	0.93000000000000005	3902	0.93126491646778042	1	1	1	1	0.042750260471675509
442	475	0.93052631578947365	3903	0.93150357995226729	1	1	1	1	0.042722058380618648
457	491	0.93075356415478616	3904	0.93174224343675416	1	1	1	1	0.042719221105174815
394	423	0.9314420803782506	3905	0.93198090692124103	1	1	1	1	0.042713912556394035
177	190	0.93157894736842106	3906	0.93221957040572789	1	1	1	1	0.042709628892147633
463	497	0.93158953722334004	3907	0.93245823389021476	1	1	1	1	0.042703439843227622
423	454	0.93171806167400884	3908	0.93269689737470163	1	1	1	1	0.042701888243217689
465	499	0.93186372745490986	3909	0.9329355608591885	1	1	1	1	0.042660380791700869
233	250	0.93200000000000005	3910	0.93317422434367536	1	1	1	1	0.04265730419994921
439	471	0.93205944798301488	3911	0.93341288782816234	1	1	1	1	0.042629222888725574
443	475	0.93263157894736837	3912	0.93365155131264921	1	1	1	1	0.042624045833434626
458	491	0.9327902240325866	3913	0.93389021479713608	1	1	1	1	0.042621221338510804
464	497	0.9336016096579477	3914	0.93412887828162294	1	1	1	1	0.042615935920661527
395	423	0.93380614657210403	3915	0.93436754176610981	1	1	1	1	0.04261439099420003
466	499	0.93386773547094193	3916	0.93460620525059668	1	1	1	1	0.042610128964621546
212	227	0.93392070484581502	3917	0.93484486873508355	1	1	1	1	0.042607065548851693
467	500	0.93400000000000005	3918	0.93508353221957041	1	1	1	1	0.042565753426518485
440	471	0.93418259023354566	3919	0.93532219570405728	1	1	1	1	0.042537792120898359
71	76	0.93421052631578949	3920	0.93556085918854415	1	1	1	1	0.042532638544316215
444	475	0.9347368421052632	3921	0.93579952267303101	1	1	1	1	0.042526484265333953
459	491	0.93482688391038693	3922	0.93603818615751788	1	1	1	1	0.042523672464769346
465	497	0.93561368209255535	3923	0.93627684964200475	1	1	1	1	0.042518410026997668
467	499	0.93587174348697399	3924	0.93651551312649162	1	1	1	1	0.042516871731121841
117	125	0.93600000000000005	3925	0.93675417661097848	1	1	1	1	0.042513821406872376
425	454	0.93612334801762109	3926	0.93699284009546535	1	1	1	1	0.042485979339229311
44	47	0.93617021276595747	3927	0.93723150357995222	1	1	1	1	0.042444861170522076
147	157	0.93630573248407645	3928	0.93747016706443909	1	1	1	1	0.042440620612125349
89	95	0.93684210526315792	3929	0.93770883054892606	1	1	1	1	0.042435490354894252
460	491	0.93686354378818737	3931	0.9381861575178998	1	1	1	1	0.042426571362071924
466	497	0.93762575452716301	3932	0.93842482100238667	1	1	1	1	0.04242133175483289
468	499	0.93787575150300606	3933	0.93866348448687353	1	1	1	1	0.04241980004694796
469	500	0.93799999999999994	3934	0.9389021479713604	1	1	1	1	0.042416762730477807
213	227	0.93832599118942728	3935	0.93914081145584727	1	1	1	1	0.042389039139718337
442	471	0.93842887473460723	3936	0.93937947494033414	1	1	1	1	0.042348113561965238
397	423	0.9385342789598109	3937	0.939618138424821	1	1	1	1	0.04234300646616633
461	491	0.93890020366598781	3938	0.93985680190930787	1	1	1	1	0.042338787217108279
446	475	0.93894736842105264	3939	0.94009546539379474	1	1	1	1	0.042333570292151651
357	380	0.93947368421052635	3940	0.94033412887828161	1	1	1	1	0.04233078362490536
467	497	0.93963782696177067	3941	0.94057279236276847	1	1	1	1	0.042324698012510188
469	499	0.93987975951903813	3942	0.94081145584725534	1	1	1	1	0.042323172850385456
47	50	0.93999999999999995	3943	0.94105011933174221	1	1	1	1	0.042320148458666239
427	454	0.94052863436123346	3944	0.94128878281622907	1	1	1	1	0.04229254259016052
443	471	0.94055201698513802	3945	0.94152744630071594	1	1	1	1	0.042251808253424956
398	423	0.94089834515366433	3946	0.94176610978520281	1	1	1	1	0.042246724162562081
462	491	0.94093686354378814	3947	0.94200477326968979	1	1	1	1	0.042242526062622111
447	475	0.94105263157894736	3948	0.94224343675417666	1	1	1	1	0.042237331672978481
468	497	0.94164989939637822	3949	0.94248210023866352	1	1	1	1	0.04223455744621097
470	499	0.94188376753507019	3950	0.94272076372315039	1	1	1	1	0.042233038787975886
471	500	0.94199999999999995	3951	0.94295942720763726	1	1	1	1	0.04223002723868436
179	190	0.94210526315789478	3952	0.94319809069212412	1	1	1	1	0.042202538344197731
148	157	0.9426751592356688	3953	0.94343675417661099	1	1	1	1	0.042196486634935672
214	227	0.94273127753303965	3954	0.94367541766109786	1	1	1	1	0.042191425393919374
463	491	0.94297352342158858	3955	0.94391408114558473	1	1	1	1	0.042150880960851587
448	475	0.94315789473684208	3956	0.94415274463007159	1	1	1	1	0.042145708960818484
133	141	0.94326241134751776	3957	0.94439140811455846	1	1	1	1	0.042142947091408506
67	71	0.94366197183098588	3958	0.94463007159904533	1	1	1	1	0.042138769981968235
471	499	0.94388777555110226	3959	0.9448687350835322	1	1	1	1	0.042137257786108634
118	125	0.94399999999999995	3960	0.94510739856801906	1	1	1	1	0.042134258997619183
359	380	0.94473684210526321	3961	0.94534606205250593	1	1	1	1	0.042106886335244544
445	471	0.94479830148619959	3962	0.9455847255369928	1	1	1	1	0.042100868246589505
429	454	0.94493392070484583	3963	0.94582338902147967	1	1	1	1	0.042095829701721259
464	491	0.94501018329938902	3964	0.94606205250596653	1	1	1	1	0.042055473847411914
449	475	0.94526315789473681	3965	0.94630071599045351	1	1	1	1	0.042050324092540253
400	423	0.94562647754137119	3966	0.94653937947494038	1	1	1	1	0.042047574498105429
470	497	0.94567404426559354	3967	0.94677804295942725	1	1	1	1	0.042043418222128703
472	499	0.94589178356713421	3968	0.94701670644391411	1	1	1	1	0.042041912447482933
473	500	0.94599999999999995	3969	0.94725536992840098	1	1	1	1	0.04203892633886025
446	471	0.94692144373673037	3970	0.94749403341288785	1	1	1	1	0.042011669172951328
465	491	0.94704684317718946	3971	0.94773269689737472	1	1	1	1	0.042006653171908007
215	227	0.94713656387665202	3972	0.94797136038186158	1	1	1	1	0.042001525518988579
18	19	0.94736842105263153	3973	0.94821002386634845	1	1	1	1	0.04196135693082452
471	497	0.9476861167002012	3975	0.94868735083532219	1	1	1	1	0.041952634782269481
473	499	0.94789579158316628	3976	0.94892601431980905	1	1	1	1	0.041951135388024752
401	423	0.94799054373522462	3977	0.94916467780429592	1	1	1	1	0.04194816187901651
237	250	0.94799999999999995	3978	0.94940334128878279	1	1	1	1	0.041944026281029716
149	157	0.94904458598726116	3979	0.94964200477326965	1	1	1	1	0.041916883882135152
466	491	0.94908350305498979	3980	0.94988066825775652	1	1	1	1	0.041911890273953624
431	454	0.9493392070484582	3981	0.95011933174224339	1	1	1	1	0.041906784581003872
451	475	0.94947368421052636	3982	0.95035799522673026	1	1	1	1	0.041866801958525761
472	497	0.94969818913480886	3983	0.95059665871121724	1	1	1	1	0.041864076669808674
474	499	0.94989979959919835	3984	0.9508353221957041	1	1	1	1	0.041862583615497329
19	20	0.94999999999999996	3985	0.95107398568019097	1	1	1	1	0.04185962262652701
134	141	0.95035460992907805	3987	0.9515513126491647	1	1	1	1	0.041826642588784629
467	491	0.95112016293279023	3988	0.95178997613365157	1	1	1	1	0.041822527514857329
448	471	0.95116772823779194	3989	0.95202863961813844	1	1	1	1	0.041817443641108211
216	227	0.95154185022026427	3990	0.95226730310262531	1	1	1	1	0.041812472276170257
452	475	0.95157894736842108	3991	0.95250596658711217	1	1	1	1	0.041772674330932229
473	497	0.95171026156941652	3992	0.95274463007159904	1	1	1	1	0.041769961074394915
475	499	0.95190380761523041	3993	0.95298329355608591	1	1	1	1	0.041768474319890787
119	125	0.95199999999999996	3994	0.95322195704057278	1	1	1	1	0.041765525772050595
181	190	0.95263157894736838	3995	0.95346062052505964	1	1	1	1	0.041738610743285776
403	423	0.95271867612293148	3996	0.95369928400954651	1	1	1	1	0.041732691852384457
468	491	0.95315682281059066	3997	0.95393794749403338	1	1	1	1	0.041728597150110264
449	471	0.95329087048832273	3998	0.95417661097852025	1	1	1	1	0.04172353495599334
453	475	0.9536842105263158	3999	0.95441527446300711	1	1	1	1	0.041718585686010667
474	497	0.95372233400402417	4000	0.95465393794749398	1	1	1	1	0.041715884382145317
433	454	0.95374449339207046	4001	0.95489260143198096	1	1	1	1	0.041714403887660158
476	499	0.95390781563126248	4002	0.95513126491646783	1	1	1	1	0.041674789343091427
477	500	0.95399999999999996	4003	0.95536992840095469	1	1	1	1	0.041671853158135264
404	423	0.95508274231678492	4004	0.95560859188544156	1	1	1	1	0.041645050744553561
469	491	0.95519348268839099	4005	0.95584725536992843	1	1	1	1	0.041640976263031329
363	380	0.95526315789473681	4006	0.9560859188544153	1	1	1	1	0.041635935610165972
150	157	0.95541401273885351	4007	0.95632458233890216	1	1	1	1	0.041630049240643237
475	497	0.95573440643863183	4008	0.95656324582338903	1	1	1	1	0.041625121918642746
454	475	0.95578947368421052	4009	0.9568019093078759	1	1	1	1	0.04162364764472265
477	499	0.95591182364729455	4010	0.95704057279236276	1	1	1	1	0.041620958214720442
217	227	0.95594713656387664	4011	0.95727923627684963	1	1	1	1	0.041618034315056986
239	250	0.95599999999999996	4012	0.9575178997613365	1	1	1	1	0.041578601906325362
470	491	0.95723014256619143	4013	0.95775656324582337	1	1	1	1	0.041551911402612468
45	47	0.95744680851063835	4014	0.95799522673031023	1	1	1	1	0.041546892153793244
451	471	0.9575371549893843	4015	0.9582338902147971	1	1	1	1	0.04154283774360857
68	71	0.95774647887323938	4016	0.95847255369928397	1	1	1	1	0.041537932223917808
91	95	0.95789473684210524	4017	0.95871121718377084	1	1	1	1	0.041536464131439729
478	499	0.95791583166332661	4019	0.95918854415274468	1	1	1	1	0.04152793238173999
479	500	0.95799999999999996	4020	0.95942720763723155	1	1	1	1	0.041525020690425858
435	454	0.95814977973568283	4021	0.95966587112171842	1	1	1	1	0.041498441397145105
471	491	0.95926680244399187	4022	0.95990453460620528	1	1	1	1	0.041459189871022331
452	471	0.95966029723991508	4023	0.96014319809069215	1	1	1	1	0.041454191890206576
477	497	0.95975855130784704	4024	0.96038186157517902	1	1	1	1	0.041449308028439408
406	423	0.95981087470449178	4025	0.96062052505966589	1	1	1	1	0.041447846078607672
479	499	0.95991983967935868	4026	0.96085918854415275	1	1	1	1	0.041443811591814567
24	25	0.95999999999999996	4027	0.96109785202863962	1	1	1	1	0.041440912032547579
218	227	0.96035242290748901	4029	0.96157517899761336	1	1	1	1	0.041411777340134064
73	76	0.96052631578947367	4030	0.96181384248210022	1	1	1	1	0.041372705454863115
472	491	0.96130346232179231	4031	0.96205250596658709	1	1	1	1	0.041366883329121834
478	497	0.9617706237424547	4032	0.96229116945107396	1	1	1	1	0.041361906481417354
151	157	0.96178343949044587	4033	0.96252983293556083	1	1	1	1	0.041360450635760292
480	499	0.96192384769539074	4034	0.96276849642004769	1	1	1	1	0.041355588288802661
481	500	0.96199999999999997	4035	0.96300715990453456	1	1	1	1	0.041352700785915159
457	475	0.96210526315789469	4036	0.96324582338902143	1	1	1	1	0.041326341838394377
407	423	0.9621749408983451	4037	0.96348448687350841	1	1	1	1	0.041323687564003987
437	454	0.9625550660792952	4038	0.96372315035799527	1	1	1	1	0.041319672854106926
183	190	0.9631578947368421	4039	0.96396181384248214	1	1	1	1	0.041280779379271007
473	491	0.96334012219959264	4040	0.96420047732696901	1	1	1	1	0.0412749889817354
479	497	0.96378269617706236	4041	0.96443914081145588	1	1	1	1	0.041270033133388319
454	471	0.96390658174097665	4042	0.96467780429594274	1	1	1	1	0.041268583353754822
481	499	0.96392785571142281	4043	0.96491646778042961	1	1	1	1	0.041263742379750855
241	250	0.96399999999999997	4044	0.96515513126491648	1	1	1	1	0.041260866858203134
458	475	0.96421052631578952	4045	0.96539379474940334	1	1	1	1	0.04123461705746298
136	141	0.96453900709219853	4046	0.96563245823389021	1	1	1	1	0.041231974348538342
219	227	0.96475770925110127	4047	0.96587112171837708	1	1	1	1	0.041227979270474523
474	491	0.96537678207739308	4048	0.96610978520286395	1	1	1	1	0.041189262986867918
367	380	0.96578947368421053	4049	0.96634844868735081	1	1	1	1	0.041184328005250723
480	497	0.96579476861167002	4050	0.96658711217183768	1	1	1	1	0.041178569077266941
482	499	0.96593186372745488	4051	0.96682577565632455	1	1	1	1	0.041177125325823197
483	500	0.96599999999999997	4052	0.96706443914081142	1	1	1	1	0.041174261711196994
455	471	0.96602972399150744	4053	0.96730310262529828	1	1	1	1	0.041148120380707837
459	475	0.96631578947368424	4054	0.96754176610978515	1	1	1	1	0.04114330063904599
409	423	0.96690307328605196	4055	0.96778042959427213	1	1	1	1	0.041140669420160154
439	454	0.96696035242290745	4056	0.968019093078759	1	1	1	1	0.041136693830282005
475	491	0.96741344195519352	4057	0.96825775656324586	1	1	1	1	0.041098153529782709
481	497	0.96780684104627768	4058	0.96849642004773273	1	1	1	1	0.041093239283382398
483	499	0.96793587174348694	4059	0.9687350835322196	1	1	1	1	0.04109180152260853
121	125	0.96799999999999997	4060	0.96897374701670647	1	1	1	1	0.041088949741100632
152	157	0.96815286624203822	4061	0.96921241050119333	1	1	1	1	0.041062916209912453
92	95	0.96842105263157896	4062	0.9694510739856802	1	1	1	1	0.041058117561211936
220	227	0.96916299559471364	4064	0.96992840095465394	1	1	1	1	0.041049770043310438
410	423	0.96926713947990539	4065	0.9701670644391408	1	1	1	1	0.041011404528754444
476	491	0.96945010183299385	4066	0.97040572792362767	1	1	1	1	0.041007448284812446
482	497	0.96981891348088534	4067	0.97064439140811454	1	1	1	1	0.041002554643218843
484	499	0.96993987975951901	4068	0.9708830548926014	1	1	1	1	0.041001122835905741
97	100	0.96999999999999997	4069	0.97112171837708827	1	1	1	1	0.040998282814321579
457	471	0.97027600849256901	4070	0.97136038186157514	1	1	1	1	0.040972356417006611
461	475	0.97052631578947368	4071	0.97159904534606201	1	1	1	1	0.040967578723103901
369	380	0.97105263157894739	4072	0.97183770883054887	1	1	1	1	0.040964970260625594
441	454	0.97136563876651982	4073	0.97207637231503585	1	1	1	1	0.040959273506961352
477	491	0.97148676171079429	4074	0.97231503579952272	1	1	1	1	0.040921081592018738
137	141	0.97163120567375882	4075	0.97255369928400959	1	1	1	1	0.040916208425912974
69	71	0.971830985915493	4076	0.97279236276849645	1	1	1	1	0.040912271387038651
485	499	0.97194388777555107	4077	0.97303102625298332	1	1	1	1	0.040910845496284695
243	250	0.97199999999999998	4078	0.97326968973747019	1	1	1	1	0.040908017162032156
458	471	0.97239915074309979	4079	0.97350835322195706	1	1	1	1	0.040882197238628133
462	475	0.9726315789473684	4080	0.97374701670644392	1	1	1	1	0.040877440362563779
478	491	0.97352342158859473	4081	0.97398568019093079	1	1	1	1	0.04087484316774196
221	227	0.97356828193832601	4082	0.97422434367541766	1	1	1	1	0.040869990348885075
37	38	0.97368421052631582	4083	0.97446300715990453	1	1	1	1	0.040831970857937688
484	497	0.97384305835010065	4084	0.97470167064439139	1	1	1	1	0.040826304814535794
486	499	0.97394789579158314	4085	0.97494033412887826	1	1	1	1	0.040824884803743716
412	423	0.97399527186761226	4086	0.97517899761336513	1	1	1	1	0.040822068084826912
487	500	0.97399999999999998	4087	0.975417661097852	1	1	1	1	0.040818150111516148
153	157	0.97452229299363058	4088	0.97565632458233886	1	1	1	1	0.040792436007470331
463	475	0.97473684210526312	4089	0.97589498806682573	1	1	1	1	0.040787699813475825
479	491	0.97556008146639506	4090	0.9761336515513126	1	1	1	1	0.040785113813459277
443	454	0.97577092511013219	4091	0.97637231503579958	1	1	1	1	0.040780281214680955
485	497	0.9758551307847082	4092	0.97661097852028644	1	1	1	1	0.040742432982701804
487	499	0.97595190380761521	4093	0.97684964200477331	1	1	1	1	0.040741018815575535
122	125	0.97599999999999998	4094	0.97708830548926018	1	1	1	1	0.040738213640588716
371	380	0.97631578947368425	4095	0.97732696897374705	1	1	1	1	0.040712604706702599
413	423	0.97635933806146569	4096	0.97756563245823391	1	1	1	1	0.040706969125899641
460	471	0.97664543524416136	4097	0.97780429594272078	1	1	1	1	0.040703070079996177
464	475	0.97684210526315784	4098	0.97804295942720765	1	1	1	1	0.040698354433481042
480	491	0.9775967413441955	4099	0.97828162291169452	1	1	1	1	0.040695779556045204
486	497	0.97786720321931586	4100	0.97852028639618138	1	1	1	1	0.0406909670512327
488	499	0.97795591182364727	4101	0.97875894988066825	1	1	1	1	0.040689558691774298
222	227	0.97797356828193838	4102	0.97899761336515512	1	1	1	1	0.040686764989895811
489	500	0.97799999999999998	4103	0.97923627684964198	1	1	1	1	0.040649086862330042
46	47	0.97872340425531912	4104	0.97947494033412885	1	1	1	1	0.040623582454704689
461	471	0.97876857749469215	4105	0.97971360381861572	1	1	1	1	0.040619702199383892
93	95	0.97894736842105268	4106	0.97995226730310259	1	1	1	1	0.040615006966922933
481	491	0.97963340122199594	4108	0.98042959427207632	1	1	1	1	0.040606837777251693
487	497	0.97987927565392352	4109	0.9806682577565633	1	1	1	1	0.040602045241338827
489	499	0.97995991983967934	4110	0.98090692124105017	1	1	1	1	0.040600642653845415
49	50	0.97999999999999998	4111	0.98114558472553703	1	1	1	1	0.04059786035483174
445	454	0.98017621145374445	4112	0.9813842482100239	1	1	1	1	0.040572459834813827
154	157	0.98089171974522293	4113	0.98162291169451077	1	1	1	1	0.040534950667461357
466	475	0.9810526315789474	4114	0.98186157517899764	1	1	1	1	0.04053027571678209
415	423	0.98108747044917255	4115	0.9821002386634845	1	1	1	1	0.04052772287030721
373	380	0.98157894736842111	4116	0.98233890214797137	1	1	1	1	0.040523861270060066
482	491	0.98167006109979638	4117	0.98257756563245824	1	1	1	1	0.04051828588205289
488	497	0.98189134808853118	4118	0.98281622911694511	1	1	1	1	0.040513513191009223
490	499	0.9819639278557114	4119	0.98305489260143197	1	1	1	1	0.040512116340069987
491	500	0.98199999999999998	4120	0.98329355608591884	1	1	1	1	0.040509345374249849
223	227	0.98237885462555063	4121	0.98353221957040571	1	1	1	1	0.040484048108378336
463	471	0.98301486199575372	4122	0.98377088305489258	1	1	1	1	0.040446706767278004
467	475	0.98315789473684212	4123	0.98400954653937944	1	1	1	1	0.040442051967248219
416	423	0.98345153664302598	4124	0.98424821002386631	1	1	1	1	0.04043951003037366
483	491	0.9837067209775967	4125	0.98448687350835318	1	1	1	1	0.040435666950991017
489	497	0.98390342052313884	4126	0.98472553699284004	1	1	1	1	0.040430913981811166
491	499	0.98396793587174347	4127	0.98496420047732702	1	1	1	1	0.040429522832304325
123	125	0.98399999999999999	4128	0.98520286396181389	1	1	1	1	0.04042676313057289
187	190	0.98421052631578942	4129	0.98544152744630076	1	1	1	1	0.040401568490526424
447	454	0.98458149779735682	4130	0.98568019093078763	1	1	1	1	0.040396022837921951
464	471	0.9851380042462845	4131	0.98591885441527449	1	1	1	1	0.040358848199237241
468	475	0.98526315789473684	4132	0.98615751789976136	1	1	1	1	0.040354213419852743
484	491	0.98574338085539714	4133	0.98639618138424823	1	1	1	1	0.040351682322794277
139	141	0.98581560283687941	4134	0.98663484486873509	1	1	1	1	0.040346948953487345
70	71	0.9859154929577465	4135	0.98687350835322196	1	1	1	1	0.040343124262044325
492	499	0.98597194388777554	4136	0.98711217183770883	1	1	1	1	0.040341738779134252
493	500	0.98599999999999999	4137	0.9873508353221957	1	1	1	1	0.040338990272947371
224	227	0.986784140969163	4138	0.98758949880668256	1	1	1	1	0.040313897635492181
75	76	0.98684210526315785	4139	0.98782816229116943	1	1	1	1	0.040276888585398497
155	157	0.98726114649681529	4140	0.9880668257756563	1	1	1	1	0.040271372430946174
469	475	0.98736842105263156	4141	0.98830548926014317	1	1	1	1	0.040266757543318689
485	491	0.98778004073319758	4142	0.98854415274463003	1	1	1	1	0.04026423721688601
491	497	0.98792756539235416	4143	0.9887828162291169	1	1	1	1	0.04025952332646511
493	499	0.9879759519038076	4144	0.98902147971360377	1	1	1	1	0.040258143475599389
247	250	0.98799999999999999	4145	0.98926014319809075	1	1	1	1	0.040255406096967913
418	423	0.98817966903073284	4146	0.98949880668257761	1	1	1	1	0.040230414843906485
449	454	0.98898678414096919	4147	0.98973747016706448	1	1	1	1	0.040226608408747207
466	471	0.98938428874734607	4148	0.98997613365155135	1	1	1	1	0.040189763843320597
94	95	0.98947368421052628	4149	0.99021479713603822	1	1	1	1	0.040185168719665827
486	491	0.98981670061099791	4151	0.99069212410501195	1	1	1	1	0.040177172204222733
492	497	0.98993963782696182	4152	0.99093078758949882	1	1	1	1	0.040172477672694731
494	499	0.98997995991983967	4153	0.99116945107398569	1	1	1	1	0.040171103419601284
99	100	0.98999999999999999	4154	0.99140811455847255	1	1	1	1	0.040168377101085492
419	423	0.99054373522458627	4155	0.99164677804295942	1	1	1	1	0.040143486619205769
225	227	0.99118942731277537	4156	0.99188544152744629	1	1	1	1	0.040139698309928196
467	471	0.99150743099787686	4157	0.99212410501193316	1	1	1	1	0.04010301713503564
471	475	0.991578947368421	4158	0.99236276849642002	1	1	1	1	0.040098441648661436
487	491	0.99185336048879835	4159	0.99260143198090689	1	1	1	1	0.040095942658253565
493	497	0.99195171026156936	4160	0.99284009546539376	1	1	1	1	0.040091267366608868
495	499	0.99198396793587174	4161	0.99307875894988062	1	1	1	1	0.04008989867729313
124	125	0.99199999999999999	4162	0.99331742243436749	1	1	1	1	0.040087183351997159
377	380	0.99210526315789471	4163	0.99355608591885447	1	1	1	1	0.040062393033022378
140	141	0.99290780141843971	4164	0.99379474940334134	1	1	1	1	0.040056935173158392
451	454	0.99339207048458145	4165	0.9940334128878282	1	1	1	1	0.040053164860599483
156	157	0.99363057324840764	4166	0.99427207637231507	1	1	1	1	0.040016645991790521
472	475	0.99368421052631584	4167	0.99451073985680194	1	1	1	1	0.040012090017085292
488	491	0.99389002036659879	4168	0.99474940334128881	1	1	1	1	0.040009601593233052
494	497	0.99396378269617702	4169	0.99498806682577567	1	1	1	1	0.040004945423435578
496	499	0.9939879759519038	4170	0.99522673031026254	1	1	1	1	0.040003582264177683
497	500	0.99399999999999999	4171	0.99546539379474941	1	1	1	1	0.040000877865744064
189	190	0.99473684210526314	4172	0.99570405727923628	1	1	1	1	0.039976187106283242
421	423	0.99527186761229314	4173	0.99594272076372314	1	1	1	1	0.039970758047790572
226	227	0.99559471365638763	4174	0.99618138424821001	1	1	1	1	0.039967005604011556
469	471	0.99575371549893843	4175	0.99642004773269688	1	1	1	1	0.039930647966411464
473	475	0.99578947368421056	4176	0.99665871121718375	1	1	1	1	0.039926111378832639
489	491	0.99592668024439923	4177	0.99689737470167061	1	1	1	1	0.039923633454659102
495	497	0.99597585513078468	4178	0.99713603818615748	1	1	1	1	0.039918996289636313
497	499	0.99599198396793587	4179	0.99737470167064435	1	1	1	1	0.039917638626988321
249	250	0.996	4180	0.99761336515513122	1	1	1	1	0.039914945089592598
379	380	0.99736842105263157	4181	0.99785202863961819	1	1	1	1	0.039890353291091536
422	423	0.99763593380614657	4182	0.99809069212410506	1	1	1	1	0.039884952806590927
453	454	0.99779735682819382	4183	0.99832935560859193	1	1	1	1	0.039881218104862878
470	471	0.99787685774946921	4184	0.9985680190930788	1	1	1	1	0.039845020633067191
474	475	0.99789473684210528	4185	0.99880668257756566	1	1	1	1	0.039840503309129888
490	491	0.99796334012219956	4186	0.99904534606205253	1	1	1	1	0.0398380358183213
496	497	0.99798792756539234	4187	0.9992840095465394	1	1	1	1	0.039833417541954401
498	499	0.99799599198396793	4188	0.99952267303102627	1	1	1	1	0.039832065342737595
499	500	0.998	4189	0.99976133651551313	1	1	1	1	0.039829382601082937
1	1	1	4190	1	1	1	1	1	0.039804889169775877
