component_id	questions	attention_reasons	source_providers	doi_values	pmid_values	openalex_ids	omid_values	assignment_count	logical_lookup_count
publication_component:citation:publication:doi:10.1002/bab.70133	recover_title	missing_title	opencitations_meta	10.1002/bab.70133			br/06013258321	1	1
publication_component:citation:publication:doi:10.1002/bies.201600176	recover_title	missing_title	opencitations_meta	10.1002/bies.201600176	27859467		br/062302205841	1	1
publication_component:citation:publication:doi:10.1002/jse.236	recover_title	missing_title	opencitations_meta	10.1002/jse.236			br/0690673862	1	1
publication_component:citation:publication:doi:10.1002/pro.324	recover_title	missing_title	opencitations_meta	10.1002/pro.324	20054829		br/06160991751	1	1
publication_component:citation:publication:doi:10.1007/0-387-27733-1_6	recover_title	missing_title	opencitations_meta	10.1007/0-387-27733-1_6			br/06603720166	1	1
publication_component:citation:publication:doi:10.1007/bf00160154	recover_title	missing_title	opencitations_meta	10.1007/bf00160154	7932792		br/06140243626	1	1
publication_component:citation:publication:doi:10.1007/bf01732067	recover_title	missing_title	opencitations_meta	10.1007/bf01732067	6449605		br/06140243024	1	1
publication_component:citation:publication:doi:10.1007/bf01734359	recover_title	missing_title	opencitations_meta	10.1007/bf01734359	7288891		br/06140243031	1	1
publication_component:citation:publication:doi:10.1007/bf02100115	recover_title	missing_title	opencitations_meta	10.1007/bf02100115	2509717		br/06130244248	1	1
publication_component:citation:publication:doi:10.1007/bf02101694	recover_title	missing_title	opencitations_meta	10.1007/bf02101694	3934395		br/06130244275	1	1
publication_component:citation:publication:doi:10.1007/bf02352289	recover_title	missing_title	opencitations_meta	10.1007/bf02352289	8662011		br/06120243403	1	1
publication_component:citation:publication:doi:10.1007/bf02407308	recover_title	missing_title	opencitations_meta	10.1007/bf02407308	8433381		br/06120243213	1	1
publication_component:citation:publication:doi:10.1007/bf02498640	recover_title	missing_title	opencitations_meta	10.1007/bf02498640	8642615		br/06120243108	1	1
publication_component:citation:publication:doi:10.1007/pl00006320	recover_title	missing_title	opencitations_meta	10.1007/pl00006320	9541535		br/06120243591	1	1
publication_component:citation:publication:doi:10.1007/pl00006427	recover_title	missing_title	opencitations_meta	10.1007/pl00006427	9847410		br/06130243550	1	1
publication_component:citation:publication:doi:10.1007/s002399910038	recover_title	missing_title	opencitations_meta	10.1007/s002399910038	10795826		br/06110252607	1	1
publication_component:citation:publication:doi:10.1016/0025-5564(87)90074-5	recover_title	missing_title	opencitations_meta	10.1016/0025-5564(87)90074-5			br/0620230219	1	1
publication_component:citation:publication:doi:10.1016/0047-2484(89)90075-4	recover_title	missing_title	opencitations_meta	10.1016/0047-2484(89)90075-4			br/062301455000	1	1
publication_component:citation:publication:doi:10.1016/0304-4149(82)90011-4	recover_title	missing_title	opencitations_meta	10.1016/0304-4149(82)90011-4			br/06190802436	1	1
publication_component:citation:publication:doi:10.1016/b978-1-4832-2734-4.50017-6	recover_title	missing_title	opencitations_meta	10.1016/b978-1-4832-2734-4.50017-6			br/061202564347	1	1
publication_component:citation:publication:doi:10.1016/j.aml.2010.06.021	recover_title	missing_title	opencitations_meta	10.1016/j.aml.2010.06.021			br/06502871853	1	1
publication_component:citation:publication:doi:10.1016/j.archoralbio.2004.09.004	recover_title	missing_title	opencitations_meta	10.1016/j.archoralbio.2004.09.004	15721151		br/061202040593	1	1
publication_component:citation:publication:doi:10.1016/j.bpj.2019.11.3379	adjudicate_identifier_conflict;recover_title	citation_identity_conflict;missing_title	opencitations_meta	10.1016/j.bpj.2019.11.3379	31556487		br/062503874814	5	5
publication_component:citation:publication:doi:10.1016/j.cbpa.2011.03.005	recover_title	missing_title	opencitations_meta	10.1016/j.cbpa.2011.03.005	21470898		br/0640575358	1	1
publication_component:citation:publication:doi:10.1016/j.chembiol.2016.05.009	recover_title	missing_title	opencitations_meta	10.1016/j.chembiol.2016.05.009	27291401		br/0670679284	1	1
publication_component:citation:publication:doi:10.1016/j.cub.2011.05.058	recover_title	missing_title	opencitations_meta	10.1016/j.cub.2011.05.058	21737280		br/06140114156	1	1
publication_component:citation:publication:doi:10.1016/j.cub.2015.10.015	recover_title	missing_title	opencitations_meta	10.1016/j.cub.2015.10.015	26583898		br/06110124904	1	1
publication_component:citation:publication:doi:10.1016/j.ijmyco.2016.11.028	recover_title	missing_title	opencitations_meta	10.1016/j.ijmyco.2016.11.028	27931678		br/06401101784	1	1
publication_component:citation:publication:doi:10.1016/j.jiph.2021.12.002	recover_title	missing_title	opencitations_meta	10.1016/j.jiph.2021.12.002	34952247		br/061801981784	1	1
publication_component:citation:publication:doi:10.1016/j.jtbi.2014.02.031	recover_title	missing_title	opencitations_meta	10.1016/j.jtbi.2014.02.031	24607743		br/061601110319	1	1
publication_component:citation:publication:doi:10.1016/j.meegid.2014.12.002	recover_title	missing_title	opencitations_meta	10.1016/j.meegid.2014.12.002	25489752		br/061801798909	1	1
publication_component:citation:publication:doi:10.1016/j.molmed.2011.12.001	recover_title	missing_title	opencitations_meta	10.1016/j.molmed.2011.12.001	22240486		br/0680467815	1	1
publication_component:citation:publication:doi:10.1016/j.plantsci.2016.12.014	recover_title	missing_title	opencitations_meta	10.1016/j.plantsci.2016.12.014	28167034		br/06120394691	1	1
publication_component:citation:publication:doi:10.1016/j.tig.2018.05.002	adjudicate_identifier_conflict;recover_title	citation_identity_conflict;missing_title	opencitations_meta	10.1016/j.tig.2018.05.002	29563166		br/06804318585	5	5
publication_component:citation:publication:doi:10.1016/j.tplants.2018.05.006	adjudicate_identifier_conflict;recover_title	cross_stage_conflict_citation_side;missing_title	opencitations_meta	10.1016/j.tplants.2018.05.006	28763051		br/062103818118	5	5
publication_component:citation:publication:doi:10.1016/j.xplc.2025.101381	recover_title	missing_title	opencitations_meta	10.1016/j.xplc.2025.101381			br/06012955153	1	1
publication_component:citation:publication:doi:10.1016/j.ygeno.2014.06.001	recover_title	missing_title	opencitations_meta	10.1016/j.ygeno.2014.06.001	24930720		br/06701455142	1	1
publication_component:citation:publication:doi:10.1016/j.ympev.2026.108553	recover_title	missing_title	opencitations_meta	10.1016/j.ympev.2026.108553			br/06014481674	1	1
publication_component:citation:publication:doi:10.1016/s0076-6879(02)43142-4	recover_title	missing_title	opencitations_meta	10.1016/s0076-6879(02)43142-4	11665573		br/062103685277	1	1
publication_component:citation:publication:doi:10.1016/s0959-437x(02)00348-9	recover_title	missing_title	opencitations_meta	10.1016/s0959-437x(02)00348-9	12433583		br/06120854012	1	1
publication_component:citation:publication:doi:10.1016/s2095-3119(18)62023-4	recover_title	missing_title	opencitations_meta	10.1016/s2095-3119(18)62023-4			br/06230743095	1	1
publication_component:citation:publication:doi:10.1038/267275a0	recover_title	missing_title	opencitations_meta	10.1038/267275a0	865622		br/06150352163	1	1
publication_component:citation:publication:doi:10.1038/330401a0	recover_title	missing_title	opencitations_meta	10.1038/330401a0	3120013		br/0610362813	1	1
publication_component:citation:publication:doi:10.1038/75556	recover_title	missing_title	opencitations_meta	10.1038/75556	10802651		br/06303015847	1	1
publication_component:citation:publication:doi:10.1038/nature01858	recover_title	missing_title	opencitations_meta	10.1038/nature01858	12917688		br/06110362354	1	1
publication_component:citation:publication:doi:10.1038/nature19790	recover_title	missing_title	opencitations_meta	10.1038/nature19790	27734858		br/06260366093	1	1
publication_component:citation:publication:doi:10.1038/nature22040	recover_title	missing_title	opencitations_meta	10.1038/nature22040	28405027		br/06250348473	1	1
publication_component:citation:publication:doi:10.1038/ncomms15483	recover_title	missing_title	opencitations_meta	10.1038/ncomms15483	28537263		br/061701311462	1	1
publication_component:citation:publication:doi:10.1038/ncomms5087	recover_title	missing_title	opencitations_meta	10.1038/ncomms5087	24912610		br/06201320025	1	1
publication_component:citation:publication:doi:10.1038/ng.477	recover_title	missing_title	opencitations_meta	10.1038/ng.477	19881526		br/06702996350	1	1
publication_component:citation:publication:doi:10.1038/ng.997	recover_title	missing_title	opencitations_meta	10.1038/ng.997	22081229		br/06702995749	1	1
publication_component:citation:publication:doi:10.1038/nrg.2016.49	recover_title	missing_title	opencitations_meta	10.1038/nrg.2016.49	27184599		br/06601477788	1	1
publication_component:citation:publication:doi:10.1038/nrmicro.2015.13	recover_title	missing_title	opencitations_meta	10.1038/nrmicro.2015.13	26806595		br/06801642073	1	1
publication_component:citation:publication:doi:10.1038/s41467-020-19248-0	recover_title	missing_title	opencitations_meta	10.1038/s41467-020-19248-0	33139704		br/062201302749	1	1
publication_component:citation:publication:doi:10.1038/s41467-022-31097-7	recover_title	missing_title	opencitations_meta	10.1038/s41467-022-31097-7	35715395		br/06901326648	1	1
publication_component:citation:publication:doi:10.1038/s41559-017-0366-5	recover_title	missing_title	opencitations_meta	10.1038/s41559-017-0366-5	29109469		br/061601955429	1	1
publication_component:citation:publication:doi:10.1038/s41559-018-0493-7	recover_title	missing_title	opencitations_meta	10.1038/s41559-018-0493-7	29459705		br/061601955324	1	1
publication_component:citation:publication:doi:10.1038/s41576-019-0119-1	recover_title	missing_title	opencitations_meta	10.1038/s41576-019-0119-1	30953039		br/06501489589	1	1
publication_component:citation:publication:doi:10.1038/s41588-017-0029-0	recover_title	missing_title	opencitations_meta	10.1038/s41588-017-0029-0	29358649		br/06503019832	1	1
publication_component:citation:publication:doi:10.1038/s41598-018-26824-4	recover_title	missing_title	opencitations_meta	10.1038/s41598-018-26824-4	29884822		br/06403037801	1	1
publication_component:citation:publication:doi:10.1038/s41598-018-28948-z	recover_title	missing_title	opencitations_meta	10.1038/s41598-018-28948-z	30022098		br/06203034009	1	1
publication_component:citation:publication:doi:10.1038/srep18661	recover_title	missing_title	opencitations_meta	10.1038/srep18661	26689832		br/061102631413	1	1
publication_component:citation:publication:doi:10.1039/d1sc04832e	recover_title	missing_title	opencitations_meta	10.1039/d1sc04832e	35126971		br/06210493468	1	1
publication_component:citation:publication:doi:10.1046/j.1365-2540.2001.00895.x	recover_title	missing_title	opencitations_meta	10.1046/j.1365-2540.2001.00895.x	11595044		br/06160961647	1	1
publication_component:citation:publication:doi:10.1071/ma20011	recover_title	missing_title	opencitations_meta	10.1071/ma20011			br/061801086449	1	1
publication_component:citation:publication:doi:10.1073/pnas.0409853102	recover_title	missing_title	opencitations_meta	10.1073/pnas.0409853102	15689398		br/061703066994	1	1
publication_component:citation:publication:doi:10.1073/pnas.0500371102	recover_title	missing_title	opencitations_meta	10.1073/pnas.0500371102	15728394		br/061603071664	1	1
publication_component:citation:publication:doi:10.1073/pnas.0700435104	recover_title	missing_title	opencitations_meta	10.1073/pnas.0700435104	17360548		br/06303478876	1	1
publication_component:citation:publication:doi:10.1080/106351500750049752	recover_title	missing_title	opencitations_meta	10.1080/106351500750049752	12116432		br/061801032550	1	1
publication_component:citation:publication:doi:10.1080/10635150290102339	recover_title	missing_title	opencitations_meta	10.1080/10635150290102339	12228001		br/0690440511	1	1
publication_component:citation:publication:doi:10.1080/10635150290102375	recover_title	missing_title	opencitations_meta	10.1080/10635150290102375	12396585		br/0690440497	1	1
publication_component:citation:publication:doi:10.1080/10635150390192780	recover_title	missing_title	opencitations_meta	10.1080/10635150390192780	12746144		br/0690440446	1	1
publication_component:citation:publication:doi:10.1080/10635150390238879	recover_title	missing_title	opencitations_meta	10.1080/10635150390238879	14530132		br/0690440429	1	1
publication_component:citation:publication:doi:10.1080/10635150701613783	recover_title	missing_title	opencitations_meta	10.1080/10635150701613783	17886144		br/0670430009	1	1
publication_component:citation:publication:doi:10.1080/106351599260193	recover_title	missing_title	opencitations_meta	10.1080/106351599260193			br/061801032739	1	1
publication_component:citation:publication:doi:10.1086/503914	recover_title	missing_title	opencitations_meta	10.1086/503914	16652319		br/062401228893	1	1
publication_component:citation:publication:doi:10.1086/738376	recover_title	missing_title	opencitations_meta	10.1086/738376			br/06012331983	1	1
publication_component:citation:publication:doi:10.1089/fpd.2019.2662	recover_title	missing_title	opencitations_meta	10.1089/fpd.2019.2662	31194586		br/06501196974	1	1
publication_component:citation:publication:doi:10.1093/bib/5.2.150	recover_title	missing_title	opencitations_meta	10.1093/bib/5.2.150	15260895		br/06801044831	1	1
publication_component:citation:publication:doi:10.1093/bioinformatics/13.3.235	recover_title	missing_title	opencitations_meta	10.1093/bioinformatics/13.3.235	9183526		br/06190574602	1	1
publication_component:citation:publication:doi:10.1093/bioinformatics/17.7.662	recover_title	missing_title	opencitations_meta	10.1093/bioinformatics/17.7.662	11448888		br/0650572011	1	1
publication_component:citation:publication:doi:10.1093/bioinformatics/17.8.754	recover_title	missing_title	opencitations_meta	10.1093/bioinformatics/17.8.754	11524383		br/0650571707	1	1
publication_component:citation:publication:doi:10.1093/bioinformatics/8.3.275	recover_title	missing_title	opencitations_meta	10.1093/bioinformatics/8.3.275	1633570		br/06190575067	1	1
publication_component:citation:publication:doi:10.1093/bioinformatics/btg180	recover_title	missing_title	opencitations_meta	10.1093/bioinformatics/btg180	12912839		br/06230576829	1	1
publication_component:citation:publication:doi:10.1093/bioinformatics/bti191	recover_title	missing_title	opencitations_meta	10.1093/bioinformatics/bti191	15608047		br/06220567424	1	1
publication_component:citation:publication:doi:10.1093/bioinformatics/btm165	recover_title	missing_title	opencitations_meta	10.1093/bioinformatics/btm165	17646301		br/06180571644	1	1
publication_component:citation:publication:doi:10.1093/bioinformatics/btp033	recover_title	missing_title	opencitations_meta	10.1093/bioinformatics/btp033	19151095		br/06170568666	1	1
publication_component:citation:publication:doi:10.1093/bioinformatics/bts480	recover_title	missing_title	opencitations_meta	10.1093/bioinformatics/bts480	22908215		br/061103910313	1	1
publication_component:citation:publication:doi:10.1093/bioinformatics/bts633	recover_title	missing_title	opencitations_meta	10.1093/bioinformatics/bts633	23097421		br/06150571218	1	1
publication_component:citation:publication:doi:10.1093/bioinformatics/btu033	recover_title	missing_title	opencitations_meta	10.1093/bioinformatics/btu033	24451623		br/06140561646	1	1
publication_component:citation:publication:doi:10.1093/bioinformatics/btv557	recover_title	missing_title	opencitations_meta	10.1093/bioinformatics/btv557	26415722		br/06120563717	1	1
publication_component:citation:publication:doi:10.1093/bioinformatics/btx324	recover_title	missing_title	opencitations_meta	10.1093/bioinformatics/btx324	28525531		br/06110574677	1	1
publication_component:citation:publication:doi:10.1093/bioinformatics/btz305	recover_title	missing_title	opencitations_meta	10.1093/bioinformatics/btz305	31070718		br/0680575321	1	1
publication_component:citation:publication:doi:10.1093/evlett/qrae039/7731525	recover_title	missing_title	opencitations_meta	10.1093/evlett/qrae039/7731525			br/06023164755	1	1
publication_component:citation:publication:doi:10.1093/evolinnean/kzaf005	recover_title	missing_title	opencitations_meta	10.1093/evolinnean/kzaf005			br/06011165595	1	1
publication_component:citation:publication:doi:10.1093/gbe/evaa028/5736135	recover_title	missing_title	opencitations_meta	10.1093/gbe/evaa028/5736135			br/06023164779	1	1
publication_component:citation:publication:doi:10.1093/gbe/evac069	adjudicate_identifier_conflict	citation_identity_conflict	openalex;opencitations_meta	10.1093/gbe/evac069	35533072;35660862	W4229446964	br/06180296733	8	8
publication_component:citation:publication:doi:10.1093/gbe/evaf247	recover_title	missing_title	opencitations_meta	10.1093/gbe/evaf247			br/06013819352	1	1
publication_component:citation:publication:doi:10.1093/gbe/evr101	recover_title	missing_title	opencitations_meta	10.1093/gbe/evr101	21971516		br/06210296905	1	1
publication_component:citation:publication:doi:10.1093/gbe/evz090	adjudicate_identifier_conflict	citation_identity_conflict	openalex;opencitations_meta	10.1093/gbe/evz090	31028697	W2952722488	br/06180297523	6	6
publication_component:citation:publication:doi:10.1093/genetics/146.4.1501	recover_title	missing_title	opencitations_meta	10.1093/genetics/146.4.1501	9258691		br/061102240268	1	1
publication_component:citation:publication:doi:10.1093/genetics/148.3.929	recover_title	missing_title	opencitations_meta	10.1093/genetics/148.3.929	9539414		br/06702590903	1	1
publication_component:citation:publication:doi:10.1093/genetics/155.1.431	recover_title	missing_title	opencitations_meta	10.1093/genetics/155.1.431	10790415		br/06302610264	1	1
publication_component:citation:publication:doi:10.1093/genetics/164.3.1229	recover_title	missing_title	opencitations_meta	10.1093/genetics/164.3.1229	12871927		br/06402619009	1	1
publication_component:citation:publication:doi:10.1093/genetics/49.4.725	recover_title	missing_title	opencitations_meta	10.1093/genetics/49.4.725	14156929		br/06802609310	1	1
publication_component:citation:publication:doi:10.1093/infdis/jit345	recover_title	missing_title	opencitations_meta	10.1093/infdis/jit345	23904291		br/06150782801	1	1
publication_component:citation:publication:doi:10.1093/infdis/jix411	recover_title	missing_title	opencitations_meta	10.1093/infdis/jix411	29029155		br/06120772386	1	1
publication_component:citation:publication:doi:10.1093/molbev/msaa015	recover_title	missing_title	opencitations_meta	10.1093/molbev/msaa015	32011700		br/062204102337	1	1
publication_component:citation:publication:doi:10.1093/molbev/msaa016	recover_title	missing_title	opencitations_meta	10.1093/molbev/msaa016	32003829		br/06604322071	1	1
publication_component:citation:publication:doi:10.1093/molbev/msab040	recover_title	missing_title	opencitations_meta	10.1093/molbev/msab040	33555341		br/062101143576	1	1
publication_component:citation:publication:doi:10.1093/molbev/msab055	adjudicate_identifier_conflict	citation_identity_conflict	openalex;opencitations_meta	10.1093/molbev/msab055	33624822;34426844	W3130826880	br/062101143558	8	8
publication_component:citation:publication:doi:10.1093/molbev/msaf238	recover_title	missing_title	opencitations_meta	10.1093/molbev/msaf238			br/06014412559	1	1
publication_component:citation:publication:doi:10.1093/molbev/msag009	recover_title	missing_title	opencitations_meta	10.1093/molbev/msag009			br/06013337849	1	1
publication_component:citation:publication:doi:10.1093/molbev/msag042	recover_title	missing_title	opencitations_meta	10.1093/molbev/msag042			br/06013221756	1	1
publication_component:citation:publication:doi:10.1093/molbev/msi097	recover_title	missing_title	opencitations_meta	10.1093/molbev/msi097	15689528		br/06101169072	1	1
publication_component:citation:publication:doi:10.1093/molbev/msi237	recover_title	missing_title	opencitations_meta	10.1093/molbev/msi237	16107592		br/06101168932	1	1
publication_component:citation:publication:doi:10.1093/molbev/msj021	recover_title	missing_title	opencitations_meta	10.1093/molbev/msj021	16177232		br/06101168900	1	1
publication_component:citation:publication:doi:10.1093/molbev/msj024	recover_title	missing_title	opencitations_meta	10.1093/molbev/msj024	16177230		br/06101168899	1	1
publication_component:citation:publication:doi:10.1093/molbev/msl175	recover_title	missing_title	opencitations_meta	10.1093/molbev/msl175	17110464		br/06101168614	1	1
publication_component:citation:publication:doi:10.1093/molbev/msl178	recover_title	missing_title	opencitations_meta	10.1093/molbev/msl178	17119011		br/06101168604	1	1
publication_component:citation:publication:doi:10.1093/molbev/mss075	recover_title	missing_title	opencitations_meta	10.1093/molbev/mss075	22367748		br/062501141553	1	1
publication_component:citation:publication:doi:10.1093/molbev/mst010	recover_title	missing_title	opencitations_meta	10.1093/molbev/mst010	23329690		br/062301148244	1	1
publication_component:citation:publication:doi:10.1093/molbev/mst172	recover_title	missing_title	opencitations_meta	10.1093/molbev/mst172	24085839		br/062301148089	1	1
publication_component:citation:publication:doi:10.1093/molbev/msu088	recover_title	missing_title	opencitations_meta	10.1093/molbev/msu088	24600054		br/062301147962	1	1
publication_component:citation:publication:doi:10.1093/molbev/msu300	recover_title	missing_title	opencitations_meta	10.1093/molbev/msu300	25371430		br/062301147753	1	1
publication_component:citation:publication:doi:10.1093/molbev/msw026	recover_title	missing_title	opencitations_meta	10.1093/molbev/msw026	26882983		br/062301147364	1	1
publication_component:citation:publication:doi:10.1093/molbev/msw064	recover_title	missing_title	opencitations_meta	10.1093/molbev/msw064	27189573		br/06504318239	1	1
publication_component:citation:publication:doi:10.1093/molbev/msw217	recover_title	missing_title	opencitations_meta	10.1093/molbev/msw217	28053012		br/062201146322	1	1
publication_component:citation:publication:doi:10.1093/molbev/msy096	recover_title	missing_title	opencitations_meta	10.1093/molbev/msy096	29722887		br/062201145607	1	1
publication_component:citation:publication:doi:10.1093/nar/gki198	recover_title	missing_title	opencitations_meta	10.1093/nar/gki198	15661851		br/061801342110	1	1
publication_component:citation:publication:doi:10.1093/nar/gkw290	recover_title	missing_title	opencitations_meta	10.1093/nar/gkw290	27095192		br/06901361950	1	1
publication_component:citation:publication:doi:10.1093/nar/gkz239	recover_title	missing_title	opencitations_meta	10.1093/nar/gkz239	30931475		br/06501364539	1	1
publication_component:citation:publication:doi:10.1093/nar/gkz357	recover_title	missing_title	opencitations_meta	10.1093/nar/gkz357	31114888		br/06501364324	1	1
publication_component:citation:publication:doi:10.1093/oxfordjournals.molbev.a003776	recover_title	missing_title	opencitations_meta	10.1093/oxfordjournals.molbev.a003776	11719579		br/062501141829	1	1
publication_component:citation:publication:doi:10.1093/oxfordjournals.molbev.a003811	recover_title	missing_title	opencitations_meta	10.1093/oxfordjournals.molbev.a003811	11230536		br/062501142047	1	1
publication_component:citation:publication:doi:10.1093/oxfordjournals.molbev.a003851	recover_title	missing_title	opencitations_meta	10.1093/oxfordjournals.molbev.a003851	11319253		br/062501142050	1	1
publication_component:citation:publication:doi:10.1093/oxfordjournals.molbev.a003945	recover_title	missing_title	opencitations_meta	10.1093/oxfordjournals.molbev.a003945	11470850		br/062501141983	1	1
publication_component:citation:publication:doi:10.1093/oxfordjournals.molbev.a003974	recover_title	missing_title	opencitations_meta	10.1093/oxfordjournals.molbev.a003974	11752195		br/062501141833	1	1
publication_component:citation:publication:doi:10.1093/oxfordjournals.molbev.a003981	recover_title	missing_title	opencitations_meta	10.1093/oxfordjournals.molbev.a003981	11752189		br/062501141745	1	1
publication_component:citation:publication:doi:10.1093/oxfordjournals.molbev.a004053	recover_title	missing_title	opencitations_meta	10.1093/oxfordjournals.molbev.a004053	12446820		br/062501142081	1	1
publication_component:citation:publication:doi:10.1093/oxfordjournals.molbev.a004148	recover_title	missing_title	opencitations_meta	10.1093/oxfordjournals.molbev.a004148	12032247		br/062501141629	1	1
publication_component:citation:publication:doi:10.1093/oxfordjournals.molbev.a004152	recover_title	missing_title	opencitations_meta	10.1093/oxfordjournals.molbev.a004152	12032251		br/062501141626	1	1
publication_component:citation:publication:doi:10.1093/oxfordjournals.molbev.a025743	recover_title	missing_title	opencitations_meta	10.1093/oxfordjournals.molbev.a025743	9402743		br/062401127113	1	1
publication_component:citation:publication:doi:10.1093/oxfordjournals.molbev.a025892	recover_title	missing_title	opencitations_meta	10.1093/oxfordjournals.molbev.a025892	9866200		br/062401126611	1	1
publication_component:citation:publication:doi:10.1093/oxfordjournals.molbev.a025940	recover_title	missing_title	opencitations_meta	10.1093/oxfordjournals.molbev.a025940	9549094		br/062401126425	1	1
publication_component:citation:publication:doi:10.1093/oxfordjournals.molbev.a026236	recover_title	missing_title	opencitations_meta	10.1093/oxfordjournals.molbev.a026236	10666704		br/062401126941	1	1
publication_component:citation:publication:doi:10.1093/oxfordjournals.molbev.a040003	recover_title	missing_title	opencitations_meta	10.1093/oxfordjournals.molbev.a040003	8487630		br/062201146079	1	1
publication_component:citation:publication:doi:10.1093/oxfordjournals.molbev.a040152	recover_title	missing_title	opencitations_meta	10.1093/oxfordjournals.molbev.a040152	7968485		br/062201146174	1	1
publication_component:citation:publication:doi:10.1093/oxfordjournals.molbev.a040153	recover_title	missing_title	opencitations_meta	10.1093/oxfordjournals.molbev.a040153	7968486		br/062201146093	1	1
publication_component:citation:publication:doi:10.1093/oxfordjournals.molbev.a040200	recover_title	missing_title	opencitations_meta	10.1093/oxfordjournals.molbev.a040200	7700151		br/062201146109	1	1
publication_component:citation:publication:doi:10.1093/oxfordjournals.molbev.a040343	recover_title	missing_title	opencitations_meta	10.1093/oxfordjournals.molbev.a040343	3916709		br/062201145983	1	1
publication_component:citation:publication:doi:10.1093/oxfordjournals.molbev.a040410	recover_title	missing_title	opencitations_meta	10.1093/oxfordjournals.molbev.a040410	3444411		br/062201146058	1	1
publication_component:citation:publication:doi:10.1093/plcell/koab146	adjudicate_identifier_conflict	citation_identity_conflict	openalex;opencitations_meta	10.1093/plcell/koab146	34077549;34467412	W3165274455	br/061302879129	8	8
publication_component:citation:publication:doi:10.1093/sysbio/49.2.369	recover_title	missing_title	opencitations_meta	10.1093/sysbio/49.2.369			br/0670429895	1	1
publication_component:citation:publication:doi:10.1093/sysbio/syag038	adjudicate_identifier_conflict	cross_stage_conflict_citation_side	openalex	10.1093/sysbio/syag038	40060389	W4408036999		5	5
publication_component:citation:publication:doi:10.1093/sysbio/syq010	recover_title	missing_title	opencitations_meta	10.1093/sysbio/syq010	20525638		br/0670429710	1	1
publication_component:citation:publication:doi:10.1093/sysbio/syr100	recover_title	missing_title	opencitations_meta	10.1093/sysbio/syr100	21963610		br/0670429575	1	1
publication_component:citation:publication:doi:10.1093/sysbio/syw054	recover_title	missing_title	opencitations_meta	10.1093/sysbio/syw054	28173504		br/061801033187	1	1
publication_component:citation:publication:doi:10.1093/sysbio/syz020	recover_title	missing_title	opencitations_meta	10.1093/sysbio/syz020	31034053		br/061801032952	1	1
publication_component:citation:publication:doi:10.1093/ve/veab007	recover_title	missing_title	opencitations_meta	10.1093/ve/veab007	33754082		br/06120584168	1	1
publication_component:citation:publication:doi:10.1098/rsif.2013.1106	recover_title	missing_title	opencitations_meta	10.1098/rsif.2013.1106	24573331		br/062601111073	1	1
publication_component:citation:publication:doi:10.1098/rstb.2008.0177	recover_title	missing_title	opencitations_meta	10.1098/rstb.2008.0177	18852099		br/061103033056	1	1
publication_component:citation:publication:doi:10.1098/rstb.2012.0198	recover_title	missing_title	opencitations_meta	10.1098/rstb.2012.0198	23382421		br/06803429816	1	1
publication_component:citation:publication:doi:10.1099/mgen.0.000693	adjudicate_identifier_conflict	citation_identity_conflict	openalex;opencitations_meta	10.1099/mgen.0.000693	34846280	W4226091470	br/06202322650	6	6
publication_component:citation:publication:doi:10.1099/vir.0.000155	recover_title	missing_title	opencitations_meta	10.1099/vir.0.000155	25904147		br/0660686180	1	1
publication_component:citation:publication:doi:10.1101/002428	adjudicate_identifier_conflict	citation_identity_conflict	openalex;opencitations_meta	10.1101/002428	25255320	W2142429167	br/06401817622	6	6
publication_component:citation:publication:doi:10.1101/002766	adjudicate_identifier_conflict	citation_identity_conflict	openalex;opencitations_meta	10.1101/002766	25380807	W2950835708	br/06401657311	6	6
publication_component:citation:publication:doi:10.1101/005017	adjudicate_identifier_conflict	citation_identity_conflict	openalex;opencitations_meta	10.1101/005017	24968283	W2952536325	br/06401817802	6	6
publication_component:citation:publication:doi:10.1101/009134	adjudicate_identifier_conflict	citation_identity_conflict	openalex;opencitations_meta	10.1101/009134	25374784	W2950124125	br/062502200367	6	6
publication_component:citation:publication:doi:10.1101/014928	adjudicate_identifier_conflict	citation_identity_conflict;cross_stage_conflict_citation_side	openalex;opencitations_meta	10.1101/014928	26194102	W2951990571	br/062501014322	6	6
publication_component:citation:publication:doi:10.1101/019786	adjudicate_identifier_conflict	citation_identity_conflict	openalex;opencitations_meta	10.1101/019786	26114585	W1539699614	br/06301802960	6	6
publication_component:citation:publication:doi:10.1101/024190	adjudicate_identifier_conflict	citation_identity_conflict	openalex;opencitations_meta	10.1101/024190	26562410	W2312559377	br/061801790520	6	6
publication_component:citation:publication:doi:10.1101/026658	adjudicate_identifier_conflict	citation_identity_conflict	openalex;opencitations_meta	10.1101/026658	27380265	W2953343103	br/06201804459	6	6
publication_component:citation:publication:doi:10.1101/030619	adjudicate_identifier_conflict	citation_identity_conflict	openalex;opencitations_meta	10.1101/030619	28732463	W2208164270	br/06101659359	6	6
publication_component:citation:publication:doi:10.1101/043091	adjudicate_identifier_conflict	citation_identity_conflict	openalex;opencitations_meta	10.1101/043091	27203426	W2403225571	br/06201804533	6	6
publication_component:citation:publication:doi:10.1101/048348	recover_title	missing_title	opencitations_meta	10.1101/048348			br/061302493864	1	1
publication_component:citation:publication:doi:10.1101/086231	recover_title	missing_title	opencitations_meta	10.1101/086231			br/06902504171	1	1
publication_component:citation:publication:doi:10.1101/106120	adjudicate_identifier_conflict	citation_identity_conflict	openalex;opencitations_meta	10.1101/106120	31113811	W3101601411	br/06404300743	6	6
publication_component:citation:publication:doi:10.1101/146951	adjudicate_identifier_conflict	citation_identity_conflict	openalex;opencitations_meta	10.1101/146951	29372116	W2621871101	br/06404309230	6	6
publication_component:citation:publication:doi:10.1101/2020.01.13.901538	adjudicate_identifier_conflict	citation_identity_conflict	openalex;opencitations_meta	10.1101/2020.01.13.901538	32479549	W3000500017	br/06501814267	6	6
publication_component:citation:publication:doi:10.1101/2020.02.20.957068	recover_title	missing_title	opencitations_meta	10.1101/2020.02.20.957068			br/061502266628	1	1
publication_component:citation:publication:doi:10.1101/2020.03.25.006957	recover_title	missing_title	opencitations_meta	10.1101/2020.03.25.006957			br/06902294313	1	1
publication_component:citation:publication:doi:10.1101/2020.04.27.052225	adjudicate_identifier_conflict	citation_identity_conflict	openalex;opencitations_meta	10.1101/2020.04.27.052225	33211775	W3023218077	br/06504274701	6	6
publication_component:citation:publication:doi:10.1101/2020.05.06.081315	adjudicate_identifier_conflict	citation_identity_conflict	openalex;opencitations_meta	10.1101/2020.05.06.081315	32665274	W3022448961	br/062603924311	6	6
publication_component:citation:publication:doi:10.1101/2020.08.31.275453	recover_title	missing_title	opencitations_meta	10.1101/2020.08.31.275453			br/06702060050	1	1
publication_component:citation:publication:doi:10.1101/2020.09.09.287623	recover_title	missing_title	opencitations_meta	10.1101/2020.09.09.287623			br/06102091011	1	1
publication_component:citation:publication:doi:10.1101/2020.12.09.417808	recover_title	missing_title	opencitations_meta	10.1101/2020.12.09.417808			br/062103366883	1	1
publication_component:citation:publication:doi:10.1101/2021.02.27.21252099	recover_title	missing_title	opencitations_meta	10.1101/2021.02.27.21252099	33688673		br/061903238042	1	1
publication_component:citation:publication:doi:10.1101/2021.06.04.21258352	adjudicate_identifier_conflict	citation_identity_conflict	openalex;opencitations_meta	10.1101/2021.06.04.21258352	34846280	W3168124228	br/06503412582	6	6
publication_component:citation:publication:doi:10.1101/2021.11.08.21266069	recover_title	missing_title	opencitations_meta	10.1101/2021.11.08.21266069	34909781		br/06101940297	1	1
publication_component:citation:publication:doi:10.1101/2022.01.05.21268323	recover_title	missing_title	opencitations_meta	10.1101/2022.01.05.21268323			br/062202328049	1	1
publication_component:citation:publication:doi:10.1101/2022.01.13.476171	recover_title	missing_title	opencitations_meta	10.1101/2022.01.13.476171			br/06902345292	1	1
publication_component:citation:publication:doi:10.1101/2022.02.04.479011	adjudicate_identifier_conflict	citation_identity_conflict	openalex;opencitations_meta	10.1101/2022.02.04.479011	36617622	W4210904329	br/06202672245	6	6
publication_component:citation:publication:doi:10.1101/2022.03.18.22272503	recover_title	missing_title	opencitations_meta	10.1101/2022.03.18.22272503			br/062102250067	1	1
publication_component:citation:publication:doi:10.1101/2022.03.29.22273028	recover_title	missing_title	opencitations_meta	10.1101/2022.03.29.22273028			br/06401875050	1	1
publication_component:citation:publication:doi:10.1101/2022.06.17.496625	recover_title	missing_title	opencitations_meta	10.1101/2022.06.17.496625			br/061702513938	1	1
publication_component:citation:publication:doi:10.1101/2022.10.22.513338	recover_title	missing_title	opencitations_meta	10.1101/2022.10.22.513338			br/061403552123	1	1
publication_component:citation:publication:doi:10.1101/2022.10.26.513839	recover_title	missing_title	opencitations_meta	10.1101/2022.10.26.513839			br/061103574812	1	1
publication_component:citation:publication:doi:10.1101/2022.11.17.516924	recover_title	missing_title	opencitations_meta	10.1101/2022.11.17.516924			br/06703960092	1	1
publication_component:citation:publication:doi:10.1101/2023.02.25.530036	recover_title	missing_title	opencitations_meta	10.1101/2023.02.25.530036			br/06404435552	1	1
publication_component:citation:publication:doi:10.1101/2023.03.19.533346	recover_title	missing_title	opencitations_meta	10.1101/2023.03.19.533346			br/06310132181	1	1
publication_component:citation:publication:doi:10.1101/2023.07.24.550320	recover_title	missing_title	opencitations_meta	10.1101/2023.07.24.550320			br/06390187814	1	1
publication_component:citation:publication:doi:10.1101/2023.08.30.555585	recover_title	missing_title	opencitations_meta	10.1101/2023.08.30.555585			br/062503974400	1	1
publication_component:citation:publication:doi:10.1101/2023.10.27.564379	recover_title	missing_title	opencitations_meta	10.1101/2023.10.27.564379			br/06504753172	1	1
publication_component:citation:publication:doi:10.1101/2024.02.06.579203	recover_title	missing_title	opencitations_meta	10.1101/2024.02.06.579203			br/061704143857	1	1
publication_component:citation:publication:doi:10.1101/2024.03.06.583810	recover_title	missing_title	opencitations_meta	10.1101/2024.03.06.583810			br/061104298593	1	1
publication_component:citation:publication:doi:10.1101/2024.08.01.606208	recover_title	missing_title	opencitations_meta	10.1101/2024.08.01.606208			br/06310580994	1	1
publication_component:citation:publication:doi:10.1101/2024.10.02.616334	recover_title	missing_title	opencitations_meta	10.1101/2024.10.02.616334			br/06340505651	1	1
publication_component:citation:publication:doi:10.1101/2025.04.09.647074	recover_title	missing_title	opencitations_meta	10.1101/2025.04.09.647074			br/06011473567	1	1
publication_component:citation:publication:doi:10.1101/2025.04.29.651360	recover_title	missing_title	opencitations_meta	10.1101/2025.04.29.651360			br/0609604910	1	1
publication_component:citation:publication:doi:10.1101/2025.07.03.663031	recover_title	missing_title	opencitations_meta	10.1101/2025.07.03.663031			br/0609499124	1	1
publication_component:citation:publication:doi:10.1101/2025.07.31.667835	recover_title	missing_title	opencitations_meta	10.1101/2025.07.31.667835			br/06010848331	1	1
publication_component:citation:publication:doi:10.1101/2025.08.27.672529	recover_title	missing_title	opencitations_meta	10.1101/2025.08.27.672529			br/06010105916	1	1
publication_component:citation:publication:doi:10.1101/2025.08.30.672725	recover_title	missing_title	opencitations_meta	10.1101/2025.08.30.672725			br/0609731188	1	1
publication_component:citation:publication:doi:10.1101/2025.09.17.676462	recover_title	missing_title	opencitations_meta	10.1101/2025.09.17.676462			br/06010135150	1	1
publication_component:citation:publication:doi:10.1101/2025.09.26.678787	recover_title	missing_title	opencitations_meta	10.1101/2025.09.26.678787			br/06010864316	1	1
publication_component:citation:publication:doi:10.1101/2025.10.27.684817	recover_title	missing_title	opencitations_meta	10.1101/2025.10.27.684817			br/06013068764	1	1
publication_component:citation:publication:doi:10.1101/2025.11.25.690603	recover_title	missing_title	opencitations_meta	10.1101/2025.11.25.690603			br/06015293882	1	1
publication_component:citation:publication:doi:10.1101/2025.11.26.686905	recover_title	missing_title	opencitations_meta	10.1101/2025.11.26.686905			br/06013949918	1	1
publication_component:citation:publication:doi:10.1101/261354	recover_title	missing_title	opencitations_meta	10.1101/261354			br/062302345158	1	1
publication_component:citation:publication:doi:10.1101/264226	adjudicate_identifier_conflict	citation_identity_conflict	openalex;opencitations_meta	10.1101/264226	29693722	W2952878955	br/06604322183	6	6
publication_component:citation:publication:doi:10.1101/366112	recover_title	missing_title	opencitations_meta	10.1101/366112			br/06102733357	1	1
publication_component:citation:publication:doi:10.1101/443945	adjudicate_identifier_conflict	citation_identity_conflict	openalex;opencitations_meta	10.1101/443945	31233486	W2896876179	br/06903906460	6	6
publication_component:citation:publication:doi:10.1101/455444	recover_title	missing_title	opencitations_meta	10.1101/455444			br/061102332197	1	1
publication_component:citation:publication:doi:10.1101/456897	recover_title	missing_title	opencitations_meta	10.1101/456897			br/06702682520	1	1
publication_component:citation:publication:doi:10.1101/493502	recover_title	missing_title	opencitations_meta	10.1101/493502			br/061702324242	1	1
publication_component:citation:publication:doi:10.1101/556035	recover_title	missing_title	opencitations_meta	10.1101/556035			br/06601898008	1	1
publication_component:citation:publication:doi:10.1101/591388	recover_title	missing_title	opencitations_meta	10.1101/591388			br/06302682941	1	1
publication_component:citation:publication:doi:10.1101/598821	adjudicate_identifier_conflict	citation_identity_conflict	openalex;opencitations_meta	10.1101/598821	31464627	W2926766792	br/06504310980	6	6
publication_component:citation:publication:doi:10.1101/692194	recover_title	missing_title	opencitations_meta	10.1101/692194			br/06502675388	1	1
publication_component:citation:publication:doi:10.1101/710533	adjudicate_identifier_conflict	citation_identity_conflict	openalex;opencitations_meta	10.1101/710533	31921024	W2963409590	br/061903889045	6	6
publication_component:citation:publication:doi:10.1101/739037	adjudicate_identifier_conflict	citation_identity_conflict	openalex;opencitations_meta	10.1101/739037	31913497	W2967728201	br/06903914303	6	6
publication_component:citation:publication:doi:10.1101/740852	recover_title	missing_title	opencitations_meta	10.1101/740852			br/06902309122	1	1
publication_component:citation:publication:doi:10.1101/gr.234096.117	adjudicate_identifier_conflict	citation_identity_conflict	openalex	10.1101/gr.234096.117	29563166	W2950454586		5	5
publication_component:citation:publication:doi:10.1101/gr.849004	recover_title	missing_title	opencitations_meta	10.1101/gr.849004	15173120		br/06201028072	1	1
publication_component:citation:publication:doi:10.1109/iccabs.2016.7802772	adjudicate_identifier_conflict;recover_title	citation_identity_conflict;missing_title	opencitations_meta	10.1109/iccabs.2016.7802772	29244015		br/062301470837	5	5
publication_component:citation:publication:doi:10.1109/mcse.2007.58	recover_title	missing_title	opencitations_meta	10.1109/mcse.2007.58			br/061901512039	1	1
publication_component:citation:publication:doi:10.1109/mcse.2011.37	recover_title	missing_title	opencitations_meta	10.1109/mcse.2011.37			br/061901511824	1	1
publication_component:citation:publication:doi:10.1109/mic.2010.145	recover_title	missing_title	opencitations_meta	10.1109/mic.2010.145			br/06901874466	1	1
publication_component:citation:publication:doi:10.1109/tvcg.2011.185	recover_title	missing_title	opencitations_meta	10.1109/tvcg.2011.185	22034350		br/0640188350	1	1
publication_component:citation:publication:doi:10.1111/cla.12454	adjudicate_identifier_conflict	citation_identity_conflict	openalex;opencitations_meta	10.1111/cla.12454	34219906;34570933	W3157657582	br/061301970554	8	8
publication_component:citation:publication:doi:10.1111/evo.13922	adjudicate_identifier_conflict	citation_identity_conflict	openalex	10.1111/evo.13922	31913497	W2999744214		5	5
publication_component:citation:publication:doi:10.1111/j.1365-2958.1993.tb00924.x	recover_title	missing_title	opencitations_meta	10.1111/j.1365-2958.1993.tb00924.x	7968530		br/062302218419	1	1
publication_component:citation:publication:doi:10.1111/j.1525-142x.2010.00406.x	recover_title	missing_title	opencitations_meta	10.1111/j.1525-142x.2010.00406.x	20433461		br/06130621505	1	1
publication_component:citation:publication:doi:10.1111/j.1558-5646.2012.01720.x	recover_title	missing_title	opencitations_meta	10.1111/j.1558-5646.2012.01720.x	23206146		br/06250176475	1	1
publication_component:citation:publication:doi:10.1111/j.1748-5827.2005.tb00337.x	recover_title	missing_title	opencitations_meta	10.1111/j.1748-5827.2005.tb00337.x	16119060		br/0620149797	1	1
publication_component:citation:publication:doi:10.1111/j.1748-5827.2009.00861.x	recover_title	missing_title	opencitations_meta	10.1111/j.1748-5827.2009.00861.x	19891723		br/06210153264	1	1
publication_component:citation:publication:doi:10.1111/jsap.12707	recover_title	missing_title	opencitations_meta	10.1111/jsap.12707	28678386		br/06190155327	1	1
publication_component:citation:publication:doi:10.1111/mec.16841	adjudicate_identifier_conflict	citation_identity_conflict	openalex	10.1111/mec.16841	36617622	W4313857809		5	5
publication_component:citation:publication:doi:10.1111/nph.15180	adjudicate_identifier_conflict	citation_identity_conflict	openalex	10.1111/nph.15180	29693722	W2795395985		5	5
publication_component:citation:publication:doi:10.1111/pbi.70570	recover_title	missing_title	opencitations_meta	10.1111/pbi.70570			br/06015008064	1	1
publication_component:citation:publication:doi:10.11234/jsbibr.2021.7	recover_title	missing_title	opencitations_meta	10.11234/jsbibr.2021.7			br/06410249802	1	1
publication_component:citation:publication:doi:10.11234/jsbibr.2023.primer2	recover_title	missing_title	opencitations_meta	10.11234/jsbibr.2023.primer2			br/06016904653	1	1
publication_component:citation:publication:doi:10.1126/science.1070441	recover_title	missing_title	opencitations_meta	10.1126/science.1070441	12089434		br/06703899666	1	1
publication_component:citation:publication:doi:10.1126/science.1086185	recover_title	missing_title	opencitations_meta	10.1126/science.1086185	14500980		br/06140480596	1	1
publication_component:citation:publication:doi:10.1126/science.1256739	recover_title	missing_title	opencitations_meta	10.1126/science.1256739	25278604		br/0640486586	1	1
publication_component:citation:publication:doi:10.1126/science.281.5375.375	recover_title	missing_title	opencitations_meta	10.1126/science.281.5375.375	9665876		br/061103512672	1	1
publication_component:citation:publication:doi:10.1127/0003-5548/2013/0313	recover_title	missing_title	opencitations_meta	10.1127/0003-5548/2013/0313	23980394		br/0660211208	1	1
publication_component:citation:publication:doi:10.1128/aac.00110-08	recover_title	missing_title	opencitations_meta	10.1128/aac.00110-08	18316515		br/061501699471	1	1
publication_component:citation:publication:doi:10.1128/aac.01095-09	recover_title	missing_title	opencitations_meta	10.1128/aac.01095-09	19805553		br/061301694116	1	1
publication_component:citation:publication:doi:10.1128/aac.38.4.805	recover_title	missing_title	opencitations_meta	10.1128/aac.38.4.805	8031050		br/06101719103	1	1
publication_component:citation:publication:doi:10.1128/jcm.02483-16	recover_title	missing_title	opencitations_meta	10.1128/jcm.02483-16	28275074		br/06240434893	1	1
publication_component:citation:publication:doi:10.1128/jvi.00902-20	recover_title	missing_title	opencitations_meta	10.1128/jvi.00902-20	32699095		br/06601117708	1	1
publication_component:citation:publication:doi:10.1128/jvi.01681-15	recover_title	missing_title	opencitations_meta	10.1128/jvi.01681-15	26423943		br/06601119405	1	1
publication_component:citation:publication:doi:10.1128/jvi.74.22.10498-10507.2000	recover_title	missing_title	opencitations_meta	10.1128/jvi.74.22.10498-10507.2000	11044094		br/06603907227	1	1
publication_component:citation:publication:doi:10.1128/mbio.01206-20	adjudicate_identifier_conflict	citation_identity_conflict	openalex	10.1128/mbio.01206-20	32665274	W3043071564		5	5
publication_component:citation:publication:doi:10.1128/mbio.02158-14	recover_title	missing_title	opencitations_meta	10.1128/mbio.02158-14	25425237		br/061101092362	1	1
publication_component:citation:publication:doi:10.1128/msystems.00252-18	recover_title	missing_title	opencitations_meta	10.1128/msystems.00252-18	30944881		br/06602529915	1	1
publication_component:citation:publication:doi:10.1128/spectrum.02641-21	recover_title	missing_title	opencitations_meta	10.1128/spectrum.02641-21	36000897		br/062403445387	1	1
publication_component:citation:publication:doi:10.1137/0128004	recover_title	missing_title	opencitations_meta	10.1137/0128004			br/061401599060	1	1
publication_component:citation:publication:doi:10.1137/0916069	recover_title	missing_title	opencitations_meta	10.1137/0916069			br/06602526478	1	1
publication_component:citation:publication:doi:10.1145/279232.279236	recover_title	missing_title	opencitations_meta	10.1145/279232.279236			br/061103515231	1	1
publication_component:citation:publication:doi:10.1146/annurev-ecolsys-110512-135920	recover_title	missing_title	opencitations_meta	10.1146/annurev-ecolsys-110512-135920			br/06402134177	1	1
publication_component:citation:publication:doi:10.1155/2013/167954	recover_title	missing_title	opencitations_meta	10.1155/2013/167954	24392447		br/06802583876	1	1
publication_component:citation:publication:doi:10.1175/1520-0493(1950)078<0001:vofeit>2.0.co	recover_title	missing_title	opencitations_meta	10.1175/1520-0493(1950)078<0001:vofeit>2.0.co			br/06220945537	1	1
publication_component:citation:publication:doi:10.1186/1471-2105-5-123	recover_title	missing_title	opencitations_meta	10.1186/1471-2105-5-123	15350199		br/06601479342	1	1
publication_component:citation:publication:doi:10.1186/1471-2164-13-s7-s6	recover_title	missing_title	opencitations_meta	10.1186/1471-2164-13-s7-s6	23281601		br/06701634379	1	1
publication_component:citation:publication:doi:10.1186/1471-2164-15-162	recover_title	missing_title	opencitations_meta	10.1186/1471-2164-15-162	24571581		br/06501657448	1	1
publication_component:citation:publication:doi:10.1186/1471-2164-15-966	adjudicate_identifier_conflict	citation_identity_conflict	openalex	10.1186/1471-2164-15-966	25380807	W1972821133		5	5
publication_component:citation:publication:doi:10.1186/1471-2180-14-192	recover_title	missing_title	opencitations_meta	10.1186/1471-2180-14-192	25031122		br/0620141148	1	1
publication_component:citation:publication:doi:10.1186/s12859-017-1916-1	adjudicate_identifier_conflict	citation_identity_conflict	openalex	10.1186/s12859-017-1916-1	29244015	W2773561107		5	5
publication_component:citation:publication:doi:10.1186/s12859-018-2283-2	recover_title	missing_title	opencitations_meta	10.1186/s12859-018-2283-2	30045713		br/062301470508	1	1
publication_component:citation:publication:doi:10.1186/s12862-017-0875-5	recover_title	missing_title	opencitations_meta	10.1186/s12862-017-0875-5	28193159		br/06801475466	1	1
publication_component:citation:publication:doi:10.1186/s12864-017-3932-y	adjudicate_identifier_conflict	citation_identity_conflict	openalex	10.1186/s12864-017-3932-y	28732463	W2949203875		5	5
publication_component:citation:publication:doi:10.1186/s13059-014-0524-x	recover_title	missing_title	opencitations_meta	10.1186/s13059-014-0524-x	25410596		br/061401322271	1	1
publication_component:citation:publication:doi:10.1186/s13059-015-0726-x	recover_title	missing_title	opencitations_meta	10.1186/s13059-015-0726-x	27391693		br/061401322092	1	1
publication_component:citation:publication:doi:10.1186/s13059-016-0918-z	recover_title	missing_title	opencitations_meta	10.1186/s13059-016-0918-z	27036623		br/061401321895	1	1
publication_component:citation:publication:doi:10.1186/s13059-019-1793-1	adjudicate_identifier_conflict	citation_identity_conflict	openalex	10.1186/s13059-019-1793-1	31464627	W2971262182		5	5
publication_component:citation:publication:doi:10.1198/016214506000001437	recover_title	missing_title	opencitations_meta	10.1198/016214506000001437			br/062601514181	1	1
publication_component:citation:publication:doi:10.1201/b14910-16	recover_title	missing_title	opencitations_meta	10.1201/b14910-16			br/062302936506	1	1
publication_component:citation:publication:doi:10.1201/b17511	recover_title	missing_title	opencitations_meta	10.1201/b17511			br/06102309329	1	1
publication_component:citation:publication:doi:10.12688/f1000research.17552.2	recover_title	missing_title	opencitations_meta	10.12688/f1000research.17552.2			br/0660978856	1	1
publication_component:citation:publication:doi:10.12688/f1000research.76068.4	adjudicate_identifier_conflict	cross_stage_conflict_citation_side	openalex;opencitations_meta	10.12688/f1000research.76068.4	39554852	W4403257317	br/061704269534	6	6
publication_component:citation:publication:doi:10.12688/wellcomeopenres.14265.1	recover_title	missing_title	opencitations_meta	10.12688/wellcomeopenres.14265.1	29774245		br/06604243505	1	1
publication_component:citation:publication:doi:10.1371/currents.rrn1199	recover_title	missing_title	opencitations_meta	10.1371/currents.rrn1199	21127722		br/061602251839	1	1
publication_component:citation:publication:doi:10.1371/journal.pbio.0030170	recover_title	missing_title	opencitations_meta	10.1371/journal.pbio.0030170	15869325		br/061601920735	1	1
publication_component:citation:publication:doi:10.1371/journal.pbio.0040088	recover_title	missing_title	opencitations_meta	10.1371/journal.pbio.0040088	16683862		br/061601920499	1	1
publication_component:citation:publication:doi:10.1371/journal.pbio.3000341	adjudicate_identifier_conflict	citation_identity_conflict	openalex	10.1371/journal.pbio.3000341	31233486	W2950734189		5	5
publication_component:citation:publication:doi:10.1371/journal.pcbi.1000214	recover_title	missing_title	opencitations_meta	10.1371/journal.pcbi.1000214	18989394		br/061301788954	1	1
publication_component:citation:publication:doi:10.1371/journal.pcbi.1000520	recover_title	missing_title	opencitations_meta	10.1371/journal.pcbi.1000520	19779555		br/061301788659	1	1
publication_component:citation:publication:doi:10.1371/journal.pcbi.1002947	recover_title	missing_title	opencitations_meta	10.1371/journal.pcbi.1002947	23555203		br/061101803553	1	1
publication_component:citation:publication:doi:10.1371/journal.pcbi.1004041	recover_title	missing_title	opencitations_meta	10.1371/journal.pcbi.1004041	25675341		br/06901817067	1	1
publication_component:citation:publication:doi:10.1371/journal.pcbi.1007913	adjudicate_identifier_conflict	citation_identity_conflict	openalex	10.1371/journal.pcbi.1007913	32479549	W3028765608		5	5
publication_component:citation:publication:doi:10.1371/journal.pgen.1002868	recover_title	missing_title	opencitations_meta	10.1371/journal.pgen.1002868	22876202		br/06501815158	1	1
publication_component:citation:publication:doi:10.1371/journal.pgen.1004434	adjudicate_identifier_conflict	citation_identity_conflict	openalex	10.1371/journal.pgen.1004434	24968283	W2059201551		5	5
publication_component:citation:publication:doi:10.1371/journal.pgen.1004622	adjudicate_identifier_conflict	citation_identity_conflict	openalex	10.1371/journal.pgen.1004622	25255320	W2952314547		5	5
publication_component:citation:publication:doi:10.1371/journal.pgen.1005331	adjudicate_identifier_conflict	citation_identity_conflict	openalex	10.1371/journal.pgen.1005331	26114585	W2952013840		5	5
publication_component:citation:publication:doi:10.1371/journal.pgen.1006063	adjudicate_identifier_conflict	citation_identity_conflict	openalex	10.1371/journal.pgen.1006063	27203426	W2951745891		5	5
publication_component:citation:publication:doi:10.1371/journal.pgen.1006132	adjudicate_identifier_conflict	citation_identity_conflict	openalex	10.1371/journal.pgen.1006132	27380265	W2465209785		5	5
publication_component:citation:publication:doi:10.1371/journal.pgph.0003943	recover_title	missing_title	opencitations_meta	10.1371/journal.pgph.0003943			br/0606155588	1	1
publication_component:citation:publication:doi:10.1371/journal.pone.0004724	recover_title	missing_title	opencitations_meta	10.1371/journal.pone.0004724	19266092		br/062201516522	1	1
publication_component:citation:publication:doi:10.1371/journal.pone.0009490	recover_title	missing_title	opencitations_meta	10.1371/journal.pone.0009490	20224823		br/061601532129	1	1
publication_component:citation:publication:doi:10.1371/journal.pone.0009590	recover_title	missing_title	opencitations_meta	10.1371/journal.pone.0009590	20231880		br/061601532112	1	1
publication_component:citation:publication:doi:10.1371/journal.pone.0033579	recover_title	missing_title	opencitations_meta	10.1371/journal.pone.0033579	22470456		br/061601530878	1	1
publication_component:citation:publication:doi:10.1371/journal.pone.0033893	recover_title	missing_title	opencitations_meta	10.1371/journal.pone.0033893	22448278		br/061701526954	1	1
publication_component:citation:publication:doi:10.1371/journal.pone.0081760	recover_title	missing_title	opencitations_meta	10.1371/journal.pone.0081760	24349125		br/061401508583	1	1
publication_component:citation:publication:doi:10.1371/journal.pone.0090490	recover_title	missing_title	opencitations_meta	10.1371/journal.pone.0090490	24587377		br/06501542223	1	1
publication_component:citation:publication:doi:10.1371/journal.pone.0104400	recover_title	missing_title	opencitations_meta	10.1371/journal.pone.0104400	25126841		br/061601528228	1	1
publication_component:citation:publication:doi:10.1371/journal.ppat.1003932	recover_title	missing_title	opencitations_meta	10.1371/journal.ppat.1003932	24586153		br/061901793985	1	1
publication_component:citation:publication:doi:10.1371/journal.ppat.1005279	adjudicate_identifier_conflict	citation_identity_conflict	openalex	10.1371/journal.ppat.1005279	26562410	W2950479280		5	5
publication_component:citation:publication:doi:10.1371/journal.ppat.1006997	recover_title	missing_title	opencitations_meta	10.1371/journal.ppat.1006997	29746563		br/061601802470	1	1
publication_component:citation:publication:doi:10.1371/journal.ppat.1008984	adjudicate_identifier_conflict	citation_identity_conflict	openalex	10.1371/journal.ppat.1008984	33211775	W3105013251		5	5
publication_component:citation:publication:doi:10.15252/msb.20198871	adjudicate_identifier_conflict	citation_identity_conflict	openalex	10.15252/msb.20198871	31556487	W2975112817		5	5
publication_component:citation:publication:doi:10.1534/genetics.104.031153	recover_title	missing_title	opencitations_meta	10.1534/genetics.104.031153	15514074		br/062302224540	1	1
publication_component:citation:publication:doi:10.1534/genetics.111.137893	recover_title	missing_title	opencitations_meta	10.1534/genetics.111.137893	22267501		br/061802225941	1	1
publication_component:citation:publication:doi:10.1534/genetics.112.139618	recover_title	missing_title	opencitations_meta	10.1534/genetics.112.139618	22446317		br/061802225876	1	1
publication_component:citation:publication:doi:10.1534/genetics.119.302045	adjudicate_identifier_conflict	citation_identity_conflict	openalex	10.1534/genetics.119.302045	31113811	W2945997622		5	5
publication_component:citation:publication:doi:10.15407/agrisp10.03	recover_title	missing_title	openalex	10.15407/agrisp10.03		W4392634648		1	1
publication_component:citation:publication:doi:10.1575/1912/67247	recover_title	missing_title	opencitations_meta	10.1575/1912/67247			br/06023643385	1	1
publication_component:citation:publication:doi:10.17863/cam.10253	adjudicate_identifier_conflict;recover_title	citation_identity_conflict;missing_title	opencitations_meta	10.17863/cam.10253	28516864		br/061601841208	5	5
publication_component:citation:publication:doi:10.20944/preprints202110.0281.v1	recover_title	missing_title	opencitations_meta	10.20944/preprints202110.0281.v1			br/06490106432	1	1
publication_component:citation:publication:doi:10.21203/rs.3.rs-1831627/v1	recover_title	missing_title	opencitations_meta	10.21203/rs.3.rs-1831627/v1			br/06023869596	1	1
publication_component:citation:publication:doi:10.21203/rs.3.rs-8265704/v1	recover_title	missing_title	opencitations_meta	10.21203/rs.3.rs-8265704/v1			br/06015168332	1	1
publication_component:citation:publication:doi:10.2139/ssrn.4214078	recover_title	missing_title	opencitations_meta	10.2139/ssrn.4214078			br/06023911326	1	1
publication_component:citation:publication:doi:10.2139/ssrn.4739395	recover_title	missing_title	opencitations_meta	10.2139/ssrn.4739395			br/06023915410	1	1
publication_component:citation:publication:doi:10.2139/ssrn.6175759	recover_title	missing_title	opencitations_meta	10.2139/ssrn.6175759			br/06013941908	1	1
publication_component:citation:publication:doi:10.2174/0929866511107010979	recover_title	missing_title	opencitations_meta	10.2174/0929866511107010979	21592083		br/062401163852	1	1
publication_component:citation:publication:doi:10.2174/157016209789973664	recover_title	missing_title	opencitations_meta	10.2174/157016209789973664	19929796		br/0628033963	1	1
publication_component:citation:publication:doi:10.2217/fmb.12.108	recover_title	missing_title	opencitations_meta	10.2217/fmb.12.108	23075447		br/061502391253	1	1
publication_component:citation:publication:doi:10.22541/au.160977727.76870866/v1	recover_title	missing_title	opencitations_meta	10.22541/au.160977727.76870866/v1			br/06803875251	1	1
publication_component:citation:publication:doi:10.22541/au.160977727.76870866/v2	recover_title	missing_title	opencitations_meta	10.22541/au.160977727.76870866/v2			br/06024048100	1	1
publication_component:citation:publication:doi:10.2307/2340521	recover_title	missing_title	opencitations_meta	10.2307/2340521			br/06170774713	1	1
publication_component:citation:publication:doi:10.24272/j.issn.2095-8137.2024.473	recover_title	missing_title	opencitations_meta	10.24272/j.issn.2095-8137.2024.473			br/06024116421	1	1
publication_component:citation:publication:doi:10.26479/2022.0801.05	recover_title	missing_title	openalex	10.26479/2022.0801.05		W4292461787		1	1
publication_component:citation:publication:doi:10.3201/eid2306.161934	adjudicate_identifier_conflict	citation_identity_conflict	openalex	10.3201/eid2306.161934	28516864	W2607894264		5	5
publication_component:citation:publication:doi:10.3201/eid3111.251101	recover_title	missing_title	opencitations_meta	10.3201/eid3111.251101			br/06014956226	1	1
publication_component:citation:publication:doi:10.3354/meps14701	recover_title	missing_title	opencitations_meta	10.3354/meps14701			br/062204413539	1	1
publication_component:citation:publication:doi:10.3372/wi.54.54102	recover_title	missing_title	opencitations_meta	10.3372/wi.54.54102			br/06104863321	1	1
publication_component:citation:publication:doi:10.3389/978-2-8325-4290-3	recover_title	missing_title	opencitations_meta	10.3389/978-2-8325-4290-3			br/06026302722	1	1
publication_component:citation:publication:doi:10.3389/fmicb.2019.02838	adjudicate_identifier_conflict	citation_identity_conflict	openalex	10.3389/fmicb.2019.02838	31921024	W2991241322		5	5
publication_component:citation:publication:doi:10.3390/ai7010027	recover_title	missing_title	opencitations_meta	10.3390/ai7010027			br/06014313552	1	1
publication_component:citation:publication:doi:10.3390/biology15020137	recover_title	missing_title	opencitations_meta	10.3390/biology15020137			br/06013005978	1	1
publication_component:citation:publication:doi:10.3390/biology15020164	recover_title	missing_title	opencitations_meta	10.3390/biology15020164			br/06013426619	1	1
publication_component:citation:publication:doi:10.3390/biom15121648	recover_title	missing_title	opencitations_meta	10.3390/biom15121648			br/06013675859	1	1
publication_component:citation:publication:doi:10.3390/ijms262110705	recover_title	missing_title	opencitations_meta	10.3390/ijms262110705			br/06013241258	1	1
publication_component:citation:publication:doi:10.3390/jmse14020185	recover_title	missing_title	opencitations_meta	10.3390/jmse14020185			br/06014976785	1	1
publication_component:citation:publication:doi:10.3897/dez.69.68373.suppl6	recover_title	missing_title	opencitations_meta	10.3897/dez.69.68373.suppl6			br/06026518220	1	1
publication_component:citation:publication:doi:10.3897/zse.97.57968.figure1	recover_title	missing_title	opencitations_meta	10.3897/zse.97.57968.figure1			br/06026520469	1	1
publication_component:citation:publication:doi:10.3929/ethz-b-000098273	adjudicate_identifier_conflict;recover_title	citation_identity_conflict;missing_title	opencitations_meta	10.3929/ethz-b-000098273	25594904		br/06140831499	5	5
publication_component:citation:publication:doi:10.4014/jmb.1303.03045	recover_title	missing_title	opencitations_meta	10.4014/jmb.1303.03045	23711517		br/062101621479	1	1
publication_component:citation:publication:doi:10.4014/jmb.1510.10081	recover_title	missing_title	opencitations_meta	10.4014/jmb.1510.10081	26718464		br/061901631049	1	1
publication_component:citation:publication:doi:10.4014/jmb.1703.03013	recover_title	missing_title	opencitations_meta	10.4014/jmb.1703.03013	28438015		br/061901630724	1	1
publication_component:citation:publication:doi:10.4149/av_2012_03_257	recover_title	missing_title	opencitations_meta	10.4149/av_2012_03_257	23043607		br/062603624683	1	1
publication_component:citation:publication:doi:10.4149/av_2017_01_120	recover_title	missing_title	opencitations_meta	10.4149/av_2017_01_120	28161967		br/062603624727	1	1
publication_component:citation:publication:doi:10.5061/dryad.cvdncjt2b	recover_title	missing_title	opencitations_meta	10.5061/dryad.cvdncjt2b			br/060284818	1	1
publication_component:citation:publication:doi:10.5167/uzh-19362	recover_title	missing_title	opencitations_meta	10.5167/uzh-19362			br/06704287821	1	1
publication_component:citation:publication:doi:10.5194/egusphere-egu22-1632	recover_title	missing_title	opencitations_meta	10.5194/egusphere-egu22-1632			br/06026757825	1	1
publication_component:citation:publication:doi:10.5252/cryptogamiemycologie2025v46a6	recover_title	missing_title	opencitations_meta	10.5252/cryptogamiemycologie2025v46a6			br/06014446648	1	1
publication_component:citation:publication:doi:10.5365/wpsar.2015.6.4	recover_title	missing_title	openalex	10.5365/wpsar.2015.6.4		W4236554343		1	1
publication_component:citation:publication:doi:10.53846/goediss-8888	recover_title	missing_title	opencitations_meta	10.53846/goediss-8888			br/06026880393	1	1
publication_component:citation:publication:doi:10.5451/unibas-ep72445	adjudicate_identifier_conflict;recover_title	citation_identity_conflict;missing_title	opencitations_meta	10.5451/unibas-ep72445	31532393		br/0670836728	5	5
publication_component:citation:publication:doi:10.58465/natprobiotech.2022.3	recover_title	missing_title	opencitations_meta	10.58465/natprobiotech.2022.3			br/062304236597	1	1
publication_component:citation:publication:doi:10.5983/nl2008jsce.38.83	recover_title	missing_title	openalex;opencitations_meta	10.5983/nl2008jsce.38.83		W4248159328	br/06503069479	2	2
publication_component:citation:publication:doi:10.64898/2025.12.04.692409	recover_title	missing_title	opencitations_meta	10.64898/2025.12.04.692409			br/06014575641	1	1
publication_component:citation:publication:doi:10.64898/2025.12.10.693425	recover_title	missing_title	opencitations_meta	10.64898/2025.12.10.693425			br/06013144597	1	1
publication_component:citation:publication:doi:10.64898/2026.01.03.697505	recover_title	missing_title	opencitations_meta	10.64898/2026.01.03.697505			br/06014507518	1	1
publication_component:citation:publication:doi:10.64898/2026.01.07.698074	recover_title	missing_title	opencitations_meta	10.64898/2026.01.07.698074			br/06012989112	1	1
publication_component:citation:publication:doi:10.64898/2026.01.13.699300	recover_title	missing_title	opencitations_meta	10.64898/2026.01.13.699300			br/06015429209	1	1
publication_component:citation:publication:doi:10.7287/peerj.10456v0.1/reviews/1	recover_title	missing_title	opencitations_meta	10.7287/peerj.10456v0.1/reviews/1			br/06029107767	1	1
publication_component:citation:publication:doi:10.7287/peerj.preprints.1708	recover_title	missing_title	opencitations_meta	10.7287/peerj.preprints.1708			br/06029113416	1	1
publication_component:citation:publication:doi:10.7287/peerj.preprints.1895	recover_title	missing_title	opencitations_meta	10.7287/peerj.preprints.1895			br/06029113505	1	1
publication_component:citation:publication:doi:10.7287/peerj.preprints.1895v1	recover_title	missing_title	opencitations_meta	10.7287/peerj.preprints.1895v1			br/061903882017	1	1
publication_component:citation:publication:doi:10.7287/peerj.preprints.2167	recover_title	missing_title	opencitations_meta	10.7287/peerj.preprints.2167			br/06029113658	1	1
publication_component:citation:publication:doi:10.7287/peerj.preprints.2167v1	adjudicate_identifier_conflict;recover_title	citation_identity_conflict;missing_title	opencitations_meta	10.7287/peerj.preprints.2167v1	27651997		br/062402199248	5	5
publication_component:citation:publication:doi:10.7287/peerj.preprints.2444	recover_title	missing_title	opencitations_meta	10.7287/peerj.preprints.2444			br/06029113798	1	1
publication_component:citation:publication:doi:10.7287/peerj.preprints.2444v1	adjudicate_identifier_conflict;recover_title	citation_identity_conflict;missing_title	opencitations_meta	10.7287/peerj.preprints.2444v1	28396824		br/062302202107	5	5
publication_component:citation:publication:doi:10.7287/peerj.preprints.26577v1	adjudicate_identifier_conflict;recover_title	citation_identity_conflict;missing_title	opencitations_meta	10.7287/peerj.preprints.26577v1	29888138		br/062102201816	5	5
publication_component:citation:publication:doi:10.7554/elife.05055	adjudicate_identifier_conflict	citation_identity_conflict	openalex	10.7554/elife.05055	25594904	W2148594363		5	5
publication_component:citation:publication:doi:10.7554/elife.16758	recover_title	missing_title	opencitations_meta	10.7554/elife.16758	27187565		br/06130828933	1	1
publication_component:citation:publication:doi:10.7554/elife.44205	adjudicate_identifier_conflict	citation_identity_conflict	openalex	10.7554/elife.44205	31532393	W2973824500		5	5
publication_component:citation:publication:doi:10.7554/elife.53348	recover_title	missing_title	opencitations_meta	10.7554/elife.53348	31909709		br/0670836246	1	1
publication_component:citation:publication:doi:10.7554/elife.55136	recover_title	missing_title	opencitations_meta	10.7554/elife.55136	32072921		br/0660841074	1	1
publication_component:citation:publication:doi:10.7717/peerj.2437	adjudicate_identifier_conflict	citation_identity_conflict	openalex	10.7717/peerj.2437	27651997	W2472973506		5	5
publication_component:citation:publication:doi:10.7717/peerj.3145	adjudicate_identifier_conflict	citation_identity_conflict	openalex	10.7717/peerj.3145	28396824	W2560495119		5	5
publication_component:citation:publication:doi:10.7717/peerj.4234	adjudicate_identifier_conflict	citation_identity_conflict	openalex	10.7717/peerj.4234	29372116	W2952744087		5	5
publication_component:citation:publication:doi:10.7717/peerj.4953	adjudicate_identifier_conflict	citation_identity_conflict	openalex	10.7717/peerj.4953	29888138	W2788887394		5	5
publication_component:citation:publication:doi:10.7717/peerj.642	adjudicate_identifier_conflict	citation_identity_conflict	openalex	10.7717/peerj.642	25374784	W2144376678		5	5
publication_component:citation:publication:omid:br/06022949667	resolve_provider_identity;recover_title	provider_specific_unresolved;missing_title	opencitations_meta				br/06022949667	1	1
publication_component:citation:publication:omid:br/06022966454	resolve_provider_identity;recover_title	provider_specific_unresolved;missing_title	opencitations_meta				br/06022966454	1	1
publication_component:citation:publication:omid:br/06022980720	resolve_provider_identity;recover_title	provider_specific_unresolved;missing_title	opencitations_meta				br/06022980720	1	1
publication_component:citation:publication:omid:br/06023013278	resolve_provider_identity;recover_title	provider_specific_unresolved;missing_title	opencitations_meta				br/06023013278	1	1
publication_component:citation:publication:omid:br/06023045149	resolve_provider_identity;recover_title	provider_specific_unresolved;missing_title	opencitations_meta				br/06023045149	1	1
publication_component:citation:publication:omid:br/06023050878	resolve_provider_identity;recover_title	provider_specific_unresolved;missing_title	opencitations_meta				br/06023050878	1	1
publication_component:citation:publication:omid:br/061803881380	resolve_provider_identity;recover_title	provider_specific_unresolved;missing_title	opencitations_meta				br/061803881380	1	1
publication_component:citation:publication:openalex:W1018644608	resolve_provider_identity	provider_specific_unresolved	openalex			W1018644608		1	1
publication_component:citation:publication:openalex:W1020120	resolve_provider_identity	provider_specific_unresolved	openalex			W1020120		1	1
publication_component:citation:publication:openalex:W112519257	resolve_provider_identity	provider_specific_unresolved	openalex			W112519257		1	1
publication_component:citation:publication:openalex:W1130941929	resolve_provider_identity	provider_specific_unresolved	openalex			W1130941929		1	1
publication_component:citation:publication:openalex:W11883565	resolve_provider_identity	provider_specific_unresolved	openalex			W11883565		1	1
publication_component:citation:publication:openalex:W1204126625	resolve_provider_identity	provider_specific_unresolved	openalex			W1204126625		1	1
publication_component:citation:publication:openalex:W122863936	resolve_provider_identity	provider_specific_unresolved	openalex			W122863936		1	1
publication_component:citation:publication:openalex:W1256353590	resolve_provider_identity	provider_specific_unresolved	openalex			W1256353590		1	1
publication_component:citation:publication:openalex:W136096659	resolve_provider_identity;recover_title	provider_specific_unresolved;missing_title	openalex			W136096659		1	1
publication_component:citation:publication:openalex:W144590366	resolve_provider_identity	provider_specific_unresolved	openalex			W144590366		1	1
publication_component:citation:publication:openalex:W1484194052	resolve_provider_identity	provider_specific_unresolved	openalex			W1484194052		1	1
publication_component:citation:publication:openalex:W1487831158	resolve_provider_identity	provider_specific_unresolved	openalex			W1487831158		1	1
publication_component:citation:publication:openalex:W1495846593	resolve_provider_identity;recover_title	provider_specific_unresolved;missing_title	openalex			W1495846593		1	1
publication_component:citation:publication:openalex:W1518345368	resolve_provider_identity	provider_specific_unresolved	openalex			W1518345368		1	1
publication_component:citation:publication:openalex:W1520961608	resolve_provider_identity	provider_specific_unresolved	openalex			W1520961608		1	1
publication_component:citation:publication:openalex:W1524398723	resolve_provider_identity	provider_specific_unresolved	openalex			W1524398723		1	1
publication_component:citation:publication:openalex:W1525734744	resolve_provider_identity;recover_title	provider_specific_unresolved;missing_title	openalex			W1525734744		1	1
publication_component:citation:publication:openalex:W1529337270	resolve_provider_identity	provider_specific_unresolved	openalex			W1529337270		1	1
publication_component:citation:publication:openalex:W1534406401	resolve_provider_identity;recover_title	provider_specific_unresolved;missing_title	openalex			W1534406401		1	1
publication_component:citation:publication:openalex:W1552307298	resolve_provider_identity	provider_specific_unresolved	openalex			W1552307298		1	1
publication_component:citation:publication:openalex:W1555986815	resolve_provider_identity;recover_title	provider_specific_unresolved;missing_title	openalex			W1555986815		1	1
publication_component:citation:publication:openalex:W1557460561	resolve_provider_identity	provider_specific_unresolved	openalex			W1557460561		1	1
publication_component:citation:publication:openalex:W1562239266	resolve_provider_identity	provider_specific_unresolved	openalex			W1562239266		1	1
publication_component:citation:publication:openalex:W1570708476	resolve_provider_identity	provider_specific_unresolved	openalex			W1570708476		1	1
publication_component:citation:publication:openalex:W1574620970	resolve_provider_identity	provider_specific_unresolved	openalex			W1574620970		1	1
publication_component:citation:publication:openalex:W1575292542	resolve_provider_identity;recover_title	provider_specific_unresolved;missing_title	openalex			W1575292542		1	1
publication_component:citation:publication:openalex:W1577683190	resolve_provider_identity;recover_title	provider_specific_unresolved;missing_title	openalex			W1577683190		1	1
publication_component:citation:publication:openalex:W1579352620	resolve_provider_identity;recover_title	provider_specific_unresolved;missing_title	openalex			W1579352620		1	1
publication_component:citation:publication:openalex:W1593676244	resolve_provider_identity;recover_title	provider_specific_unresolved;missing_title	openalex			W1593676244		1	1
publication_component:citation:publication:openalex:W1597219604	resolve_provider_identity	provider_specific_unresolved	openalex			W1597219604		1	1
publication_component:citation:publication:openalex:W1602259877	resolve_provider_identity	provider_specific_unresolved	openalex			W1602259877		1	1
publication_component:citation:publication:openalex:W16530808	resolve_provider_identity	provider_specific_unresolved	openalex			W16530808		1	1
publication_component:citation:publication:openalex:W1668487814	resolve_provider_identity;recover_title	provider_specific_unresolved;missing_title	openalex			W1668487814		1	1
publication_component:citation:publication:openalex:W166934360	resolve_provider_identity	provider_specific_unresolved	openalex			W166934360		1	1
publication_component:citation:publication:openalex:W1758545817	resolve_provider_identity;recover_title	provider_specific_unresolved;missing_title	openalex			W1758545817		1	1
publication_component:citation:publication:openalex:W1770147356	resolve_provider_identity	provider_specific_unresolved	openalex			W1770147356		1	1
publication_component:citation:publication:openalex:W1800636980	resolve_provider_identity;recover_title	provider_specific_unresolved;missing_title	openalex			W1800636980		1	1
publication_component:citation:publication:openalex:W1817385113	resolve_provider_identity;recover_title	provider_specific_unresolved;missing_title	openalex			W1817385113		1	1
publication_component:citation:publication:openalex:W1827709268	resolve_provider_identity;recover_title	provider_specific_unresolved;missing_title	openalex			W1827709268		1	1
publication_component:citation:publication:openalex:W1838380626	resolve_provider_identity;recover_title	provider_specific_unresolved;missing_title	openalex			W1838380626		1	1
publication_component:citation:publication:openalex:W1844951369	resolve_provider_identity;recover_title	provider_specific_unresolved;missing_title	openalex			W1844951369		1	1
publication_component:citation:publication:openalex:W1846782763	resolve_provider_identity	provider_specific_unresolved	openalex			W1846782763		1	1
publication_component:citation:publication:openalex:W1853989166	resolve_provider_identity;recover_title	provider_specific_unresolved;missing_title	openalex			W1853989166		1	1
publication_component:citation:publication:openalex:W1874771495	resolve_provider_identity	provider_specific_unresolved	openalex			W1874771495		1	1
publication_component:citation:publication:openalex:W1881807356	resolve_provider_identity;recover_title	provider_specific_unresolved;missing_title	openalex			W1881807356		1	1
publication_component:citation:publication:openalex:W1898801155	resolve_provider_identity;recover_title	provider_specific_unresolved;missing_title	openalex			W1898801155		1	1
publication_component:citation:publication:openalex:W1898950877	resolve_provider_identity	provider_specific_unresolved	openalex			W1898950877		1	1
publication_component:citation:publication:openalex:W1901989576	resolve_provider_identity	provider_specific_unresolved	openalex			W1901989576		1	1
publication_component:citation:publication:openalex:W1907806866	resolve_provider_identity;recover_title	provider_specific_unresolved;missing_title	openalex			W1907806866		1	1
publication_component:citation:publication:openalex:W1916277790	resolve_provider_identity;recover_title	provider_specific_unresolved;missing_title	openalex			W1916277790		1	1
publication_component:citation:publication:openalex:W1920973730	resolve_provider_identity;recover_title	provider_specific_unresolved;missing_title	openalex			W1920973730		1	1
publication_component:citation:publication:openalex:W1923320973	resolve_provider_identity;recover_title	provider_specific_unresolved;missing_title	openalex			W1923320973		1	1
publication_component:citation:publication:openalex:W1934360192	resolve_provider_identity;recover_title	provider_specific_unresolved;missing_title	openalex			W1934360192		1	1
publication_component:citation:publication:openalex:W1936769609	resolve_provider_identity;recover_title	provider_specific_unresolved;missing_title	openalex			W1936769609		1	1
publication_component:citation:publication:openalex:W1957469265	resolve_provider_identity;recover_title	provider_specific_unresolved;missing_title	openalex			W1957469265		1	1
publication_component:citation:publication:openalex:W1960427981	resolve_provider_identity	provider_specific_unresolved	openalex			W1960427981		1	1
publication_component:citation:publication:openalex:W1965307886	resolve_provider_identity;recover_title	provider_specific_unresolved;missing_title	openalex			W1965307886		1	1
publication_component:citation:publication:openalex:W1966327236	resolve_provider_identity;recover_title	provider_specific_unresolved;missing_title	openalex			W1966327236		1	1
publication_component:citation:publication:openalex:W1966957912	resolve_provider_identity;recover_title	provider_specific_unresolved;missing_title	openalex			W1966957912		1	1
publication_component:citation:publication:openalex:W1968248848	resolve_provider_identity;recover_title	provider_specific_unresolved;missing_title	openalex			W1968248848		1	1
publication_component:citation:publication:openalex:W197156525	resolve_provider_identity	provider_specific_unresolved	openalex			W197156525		1	1
publication_component:citation:publication:openalex:W1972145956	resolve_provider_identity;recover_title	provider_specific_unresolved;missing_title	openalex			W1972145956		1	1
publication_component:citation:publication:openalex:W1972189965	resolve_provider_identity;recover_title	provider_specific_unresolved;missing_title	openalex			W1972189965		1	1
publication_component:citation:publication:openalex:W1973101413	resolve_provider_identity;recover_title	provider_specific_unresolved;missing_title	openalex			W1973101413		1	1
publication_component:citation:publication:openalex:W1973956874	resolve_provider_identity;recover_title	provider_specific_unresolved;missing_title	openalex			W1973956874		1	1
publication_component:citation:publication:openalex:W1974599898	resolve_provider_identity;recover_title	provider_specific_unresolved;missing_title	openalex			W1974599898		1	1
publication_component:citation:publication:openalex:W1976445642	resolve_provider_identity;recover_title	provider_specific_unresolved;missing_title	openalex			W1976445642		1	1
publication_component:citation:publication:openalex:W1980316401	resolve_provider_identity;recover_title	provider_specific_unresolved;missing_title	openalex			W1980316401		1	1
publication_component:citation:publication:openalex:W1982607030	resolve_provider_identity;recover_title	provider_specific_unresolved;missing_title	openalex			W1982607030		1	1
publication_component:citation:publication:openalex:W1982848324	resolve_provider_identity;recover_title	provider_specific_unresolved;missing_title	openalex			W1982848324		1	1
publication_component:citation:publication:openalex:W1983002447	resolve_provider_identity;recover_title	provider_specific_unresolved;missing_title	openalex			W1983002447		1	1
publication_component:citation:publication:openalex:W1983297759	resolve_provider_identity;recover_title	provider_specific_unresolved;missing_title	openalex			W1983297759		1	1
publication_component:citation:publication:openalex:W1984195830	resolve_provider_identity;recover_title	provider_specific_unresolved;missing_title	openalex			W1984195830		1	1
publication_component:citation:publication:openalex:W1987378985	resolve_provider_identity;recover_title	provider_specific_unresolved;missing_title	openalex			W1987378985		1	1
publication_component:citation:publication:openalex:W1987510089	resolve_provider_identity;recover_title	provider_specific_unresolved;missing_title	openalex			W1987510089		1	1
publication_component:citation:publication:openalex:W1989757746	resolve_provider_identity;recover_title	provider_specific_unresolved;missing_title	openalex			W1989757746		1	1
publication_component:citation:publication:openalex:W1991932415	resolve_provider_identity;recover_title	provider_specific_unresolved;missing_title	openalex			W1991932415		1	1
publication_component:citation:publication:openalex:W1992566665	resolve_provider_identity;recover_title	provider_specific_unresolved;missing_title	openalex			W1992566665		1	1
publication_component:citation:publication:openalex:W1993054962	resolve_provider_identity;recover_title	provider_specific_unresolved;missing_title	openalex			W1993054962		1	1
publication_component:citation:publication:openalex:W199626442	resolve_provider_identity	provider_specific_unresolved	openalex			W199626442		1	1
publication_component:citation:publication:openalex:W1997064329	resolve_provider_identity;recover_title	provider_specific_unresolved;missing_title	openalex			W1997064329		1	1
publication_component:citation:publication:openalex:W1997497517	resolve_provider_identity;recover_title	provider_specific_unresolved;missing_title	openalex			W1997497517		1	1
publication_component:citation:publication:openalex:W2000359198	resolve_provider_identity;recover_title	provider_specific_unresolved;missing_title	openalex			W2000359198		1	1
publication_component:citation:publication:openalex:W2002363009	resolve_provider_identity;recover_title	provider_specific_unresolved;missing_title	openalex			W2002363009		1	1
publication_component:citation:publication:openalex:W2005126631	resolve_provider_identity;recover_title	provider_specific_unresolved;missing_title	openalex			W2005126631		1	1
publication_component:citation:publication:openalex:W2006193162	resolve_provider_identity;recover_title	provider_specific_unresolved;missing_title	openalex			W2006193162		1	1
publication_component:citation:publication:openalex:W2006227919	resolve_provider_identity;recover_title	provider_specific_unresolved;missing_title	openalex			W2006227919		1	1
publication_component:citation:publication:openalex:W2007172672	resolve_provider_identity;recover_title	provider_specific_unresolved;missing_title	openalex			W2007172672		1	1
publication_component:citation:publication:openalex:W2009596137	resolve_provider_identity;recover_title	provider_specific_unresolved;missing_title	openalex			W2009596137		1	1
publication_component:citation:publication:openalex:W2010906224	resolve_provider_identity;recover_title	provider_specific_unresolved;missing_title	openalex			W2010906224		1	1
publication_component:citation:publication:openalex:W2015237638	resolve_provider_identity;recover_title	provider_specific_unresolved;missing_title	openalex			W2015237638		1	1
publication_component:citation:publication:openalex:W2016000389	resolve_provider_identity;recover_title	provider_specific_unresolved;missing_title	openalex			W2016000389		1	1
publication_component:citation:publication:openalex:W2017519756	resolve_provider_identity;recover_title	provider_specific_unresolved;missing_title	openalex			W2017519756		1	1
publication_component:citation:publication:openalex:W2018168413	resolve_provider_identity;recover_title	provider_specific_unresolved;missing_title	openalex			W2018168413		1	1
publication_component:citation:publication:openalex:W2023298040	resolve_provider_identity;recover_title	provider_specific_unresolved;missing_title	openalex			W2023298040		1	1
publication_component:citation:publication:openalex:W2024341709	resolve_provider_identity;recover_title	provider_specific_unresolved;missing_title	openalex			W2024341709		1	1
publication_component:citation:publication:openalex:W2024612778	resolve_provider_identity;recover_title	provider_specific_unresolved;missing_title	openalex			W2024612778		1	1
publication_component:citation:publication:openalex:W2025021478	resolve_provider_identity;recover_title	provider_specific_unresolved;missing_title	openalex			W2025021478		1	1
publication_component:citation:publication:openalex:W2025097949	resolve_provider_identity	provider_specific_unresolved	openalex			W2025097949		1	1
publication_component:citation:publication:openalex:W2025720061	resolve_provider_identity;recover_title	provider_specific_unresolved;missing_title	openalex			W2025720061		1	1
publication_component:citation:publication:openalex:W2026551295	resolve_provider_identity;recover_title	provider_specific_unresolved;missing_title	openalex			W2026551295		1	1
publication_component:citation:publication:openalex:W2028700918	resolve_provider_identity;recover_title	provider_specific_unresolved;missing_title	openalex			W2028700918		1	1
publication_component:citation:publication:openalex:W2029030554	resolve_provider_identity;recover_title	provider_specific_unresolved;missing_title	openalex			W2029030554		1	1
publication_component:citation:publication:openalex:W2029353325	resolve_provider_identity;recover_title	provider_specific_unresolved;missing_title	openalex			W2029353325		1	1
publication_component:citation:publication:openalex:W2029549914	resolve_provider_identity;recover_title	provider_specific_unresolved;missing_title	openalex			W2029549914		1	1
publication_component:citation:publication:openalex:W2030966943	resolve_provider_identity;recover_title	provider_specific_unresolved;missing_title	openalex			W2030966943		1	1
publication_component:citation:publication:openalex:W2031611770	resolve_provider_identity;recover_title	provider_specific_unresolved;missing_title	openalex			W2031611770		1	1
publication_component:citation:publication:openalex:W2031705623	resolve_provider_identity;recover_title	provider_specific_unresolved;missing_title	openalex			W2031705623		1	1
publication_component:citation:publication:openalex:W2036628186	resolve_provider_identity;recover_title	provider_specific_unresolved;missing_title	openalex			W2036628186		1	1
publication_component:citation:publication:openalex:W2037667459	resolve_provider_identity;recover_title	provider_specific_unresolved;missing_title	openalex			W2037667459		1	1
publication_component:citation:publication:openalex:W2037764264	resolve_provider_identity;recover_title	provider_specific_unresolved;missing_title	openalex			W2037764264		1	1
publication_component:citation:publication:openalex:W2038978937	resolve_provider_identity;recover_title	provider_specific_unresolved;missing_title	openalex			W2038978937		1	1
publication_component:citation:publication:openalex:W2039644197	resolve_provider_identity;recover_title	provider_specific_unresolved;missing_title	openalex			W2039644197		1	1
publication_component:citation:publication:openalex:W2041903808	resolve_provider_identity;recover_title	provider_specific_unresolved;missing_title	openalex			W2041903808		1	1
publication_component:citation:publication:openalex:W2044573154	resolve_provider_identity;recover_title	provider_specific_unresolved;missing_title	openalex			W2044573154		1	1
publication_component:citation:publication:openalex:W2045517599	resolve_provider_identity;recover_title	provider_specific_unresolved;missing_title	openalex			W2045517599		1	1
publication_component:citation:publication:openalex:W2046076301	resolve_provider_identity;recover_title	provider_specific_unresolved;missing_title	openalex			W2046076301		1	1
publication_component:citation:publication:openalex:W2046435207	resolve_provider_identity;recover_title	provider_specific_unresolved;missing_title	openalex			W2046435207		1	1
publication_component:citation:publication:openalex:W2046575349	resolve_provider_identity;recover_title	provider_specific_unresolved;missing_title	openalex			W2046575349		1	1
publication_component:citation:publication:openalex:W2046793790	resolve_provider_identity;recover_title	provider_specific_unresolved;missing_title	openalex			W2046793790		1	1
publication_component:citation:publication:openalex:W2051296828	resolve_provider_identity;recover_title	provider_specific_unresolved;missing_title	openalex			W2051296828		1	1
publication_component:citation:publication:openalex:W2052694431	resolve_provider_identity;recover_title	provider_specific_unresolved;missing_title	openalex			W2052694431		1	1
publication_component:citation:publication:openalex:W2053214735	resolve_provider_identity;recover_title	provider_specific_unresolved;missing_title	openalex			W2053214735		1	1
publication_component:citation:publication:openalex:W2057456873	resolve_provider_identity;recover_title	provider_specific_unresolved;missing_title	openalex			W2057456873		1	1
publication_component:citation:publication:openalex:W2057538311	resolve_provider_identity;recover_title	provider_specific_unresolved;missing_title	openalex			W2057538311		1	1
publication_component:citation:publication:openalex:W2061140759	resolve_provider_identity;recover_title	provider_specific_unresolved;missing_title	openalex			W2061140759		1	1
publication_component:citation:publication:openalex:W2062018285	resolve_provider_identity;recover_title	provider_specific_unresolved;missing_title	openalex			W2062018285		1	1
publication_component:citation:publication:openalex:W2064394080	resolve_provider_identity;recover_title	provider_specific_unresolved;missing_title	openalex			W2064394080		1	1
publication_component:citation:publication:openalex:W2065461553	resolve_provider_identity;recover_title	provider_specific_unresolved;missing_title	openalex			W2065461553		1	1
publication_component:citation:publication:openalex:W2065973977	resolve_provider_identity;recover_title	provider_specific_unresolved;missing_title	openalex			W2065973977		1	1
publication_component:citation:publication:openalex:W2073241381	resolve_provider_identity;recover_title	provider_specific_unresolved;missing_title	openalex			W2073241381		1	1
publication_component:citation:publication:openalex:W2075588026	resolve_provider_identity;recover_title	provider_specific_unresolved;missing_title	openalex			W2075588026		1	1
publication_component:citation:publication:openalex:W2076079755	resolve_provider_identity;recover_title	provider_specific_unresolved;missing_title	openalex			W2076079755		1	1
publication_component:citation:publication:openalex:W2076844958	resolve_provider_identity;recover_title	provider_specific_unresolved;missing_title	openalex			W2076844958		1	1
publication_component:citation:publication:openalex:W2077564233	resolve_provider_identity;recover_title	provider_specific_unresolved;missing_title	openalex			W2077564233		1	1
publication_component:citation:publication:openalex:W2078253282	resolve_provider_identity;recover_title	provider_specific_unresolved;missing_title	openalex			W2078253282		1	1
publication_component:citation:publication:openalex:W2083551778	resolve_provider_identity;recover_title	provider_specific_unresolved;missing_title	openalex			W2083551778		1	1
publication_component:citation:publication:openalex:W2086366527	resolve_provider_identity;recover_title	provider_specific_unresolved;missing_title	openalex			W2086366527		1	1
publication_component:citation:publication:openalex:W2086528371	resolve_provider_identity;recover_title	provider_specific_unresolved;missing_title	openalex			W2086528371		1	1
publication_component:citation:publication:openalex:W2088267428	resolve_provider_identity;recover_title	provider_specific_unresolved;missing_title	openalex			W2088267428		1	1
publication_component:citation:publication:openalex:W2088309661	resolve_provider_identity;recover_title	provider_specific_unresolved;missing_title	openalex			W2088309661		1	1
publication_component:citation:publication:openalex:W2088975164	resolve_provider_identity;recover_title	provider_specific_unresolved;missing_title	openalex			W2088975164		1	1
publication_component:citation:publication:openalex:W2091847893	resolve_provider_identity;recover_title	provider_specific_unresolved;missing_title	openalex			W2091847893		1	1
publication_component:citation:publication:openalex:W2092152975	resolve_provider_identity;recover_title	provider_specific_unresolved;missing_title	openalex			W2092152975		1	1
publication_component:citation:publication:openalex:W2092979861	resolve_provider_identity;recover_title	provider_specific_unresolved;missing_title	openalex			W2092979861		1	1
publication_component:citation:publication:openalex:W2093323099	resolve_provider_identity;recover_title	provider_specific_unresolved;missing_title	openalex			W2093323099		1	1
publication_component:citation:publication:openalex:W2094939159	resolve_provider_identity;recover_title	provider_specific_unresolved;missing_title	openalex			W2094939159		1	1
publication_component:citation:publication:openalex:W2096484952	resolve_provider_identity;recover_title	provider_specific_unresolved;missing_title	openalex			W2096484952		1	1
publication_component:citation:publication:openalex:W2096702350	resolve_provider_identity;recover_title	provider_specific_unresolved;missing_title	openalex			W2096702350		1	1
publication_component:citation:publication:openalex:W2096714129	resolve_provider_identity;recover_title	provider_specific_unresolved;missing_title	openalex			W2096714129		1	1
publication_component:citation:publication:openalex:W2097977090	resolve_provider_identity;recover_title	provider_specific_unresolved;missing_title	openalex			W2097977090		1	1
publication_component:citation:publication:openalex:W2099109129	resolve_provider_identity;recover_title	provider_specific_unresolved;missing_title	openalex			W2099109129		1	1
publication_component:citation:publication:openalex:W2100641815	resolve_provider_identity;recover_title	provider_specific_unresolved;missing_title	openalex			W2100641815		1	1
publication_component:citation:publication:openalex:W2101095863	resolve_provider_identity;recover_title	provider_specific_unresolved;missing_title	openalex			W2101095863		1	1
publication_component:citation:publication:openalex:W2102424972	resolve_provider_identity;recover_title	provider_specific_unresolved;missing_title	openalex			W2102424972		1	1
publication_component:citation:publication:openalex:W2102502076	resolve_provider_identity;recover_title	provider_specific_unresolved;missing_title	openalex			W2102502076		1	1
publication_component:citation:publication:openalex:W2103017472	resolve_provider_identity;recover_title	provider_specific_unresolved;missing_title	openalex			W2103017472		1	1
publication_component:citation:publication:openalex:W2104306559	resolve_provider_identity;recover_title	provider_specific_unresolved;missing_title	openalex			W2104306559		1	1
publication_component:citation:publication:openalex:W2104594675	resolve_provider_identity;recover_title	provider_specific_unresolved;missing_title	openalex			W2104594675		1	1
publication_component:citation:publication:openalex:W2105273345	resolve_provider_identity;recover_title	provider_specific_unresolved;missing_title	openalex			W2105273345		1	1
publication_component:citation:publication:openalex:W2105585336	resolve_provider_identity;recover_title	provider_specific_unresolved;missing_title	openalex			W2105585336		1	1
publication_component:citation:publication:openalex:W2105752382	resolve_provider_identity;recover_title	provider_specific_unresolved;missing_title	openalex			W2105752382		1	1
publication_component:citation:publication:openalex:W2107289862	resolve_provider_identity;recover_title	provider_specific_unresolved;missing_title	openalex			W2107289862		1	1
publication_component:citation:publication:openalex:W2108087670	resolve_provider_identity;recover_title	provider_specific_unresolved;missing_title	openalex			W2108087670		1	1
publication_component:citation:publication:openalex:W2108135089	resolve_provider_identity;recover_title	provider_specific_unresolved;missing_title	openalex			W2108135089		1	1
publication_component:citation:publication:openalex:W2109046728	resolve_provider_identity;recover_title	provider_specific_unresolved;missing_title	openalex			W2109046728		1	1
publication_component:citation:publication:openalex:W2110114082	resolve_provider_identity;recover_title	provider_specific_unresolved;missing_title	openalex			W2110114082		1	1
publication_component:citation:publication:openalex:W2110150994	resolve_provider_identity;recover_title	provider_specific_unresolved;missing_title	openalex			W2110150994		1	1
publication_component:citation:publication:openalex:W2110335151	resolve_provider_identity;recover_title	provider_specific_unresolved;missing_title	openalex			W2110335151		1	1
publication_component:citation:publication:openalex:W2110417468	resolve_provider_identity;recover_title	provider_specific_unresolved;missing_title	openalex			W2110417468		1	1
publication_component:citation:publication:openalex:W2110538282	resolve_provider_identity;recover_title	provider_specific_unresolved;missing_title	openalex			W2110538282		1	1
publication_component:citation:publication:openalex:W2110803328	resolve_provider_identity;recover_title	provider_specific_unresolved;missing_title	openalex			W2110803328		1	1
publication_component:citation:publication:openalex:W2111211467	resolve_provider_identity;recover_title	provider_specific_unresolved;missing_title	openalex			W2111211467		1	1
publication_component:citation:publication:openalex:W2111647009	resolve_provider_identity;recover_title	provider_specific_unresolved;missing_title	openalex			W2111647009		1	1
publication_component:citation:publication:openalex:W2111762123	resolve_provider_identity;recover_title	provider_specific_unresolved;missing_title	openalex			W2111762123		1	1
publication_component:citation:publication:openalex:W2112282403	resolve_provider_identity;recover_title	provider_specific_unresolved;missing_title	openalex			W2112282403		1	1
publication_component:citation:publication:openalex:W2112956791	resolve_provider_identity;recover_title	provider_specific_unresolved;missing_title	openalex			W2112956791		1	1
publication_component:citation:publication:openalex:W2113080064	resolve_provider_identity	provider_specific_unresolved	openalex			W2113080064		1	1
publication_component:citation:publication:openalex:W2114075279	resolve_provider_identity;recover_title	provider_specific_unresolved;missing_title	openalex			W2114075279		1	1
publication_component:citation:publication:openalex:W2114828923	resolve_provider_identity;recover_title	provider_specific_unresolved;missing_title	openalex			W2114828923		1	1
publication_component:citation:publication:openalex:W2115011276	resolve_provider_identity;recover_title	provider_specific_unresolved;missing_title	openalex			W2115011276		1	1
publication_component:citation:publication:openalex:W2115650522	resolve_provider_identity;recover_title	provider_specific_unresolved;missing_title	openalex			W2115650522		1	1
publication_component:citation:publication:openalex:W2116111392	resolve_provider_identity;recover_title	provider_specific_unresolved;missing_title	openalex			W2116111392		1	1
publication_component:citation:publication:openalex:W2117569909	resolve_provider_identity;recover_title	provider_specific_unresolved;missing_title	openalex			W2117569909		1	1
publication_component:citation:publication:openalex:W2117752525	resolve_provider_identity;recover_title	provider_specific_unresolved;missing_title	openalex			W2117752525		1	1
publication_component:citation:publication:openalex:W2117884309	resolve_provider_identity;recover_title	provider_specific_unresolved;missing_title	openalex			W2117884309		1	1
publication_component:citation:publication:openalex:W2118149874	resolve_provider_identity;recover_title	provider_specific_unresolved;missing_title	openalex			W2118149874		1	1
publication_component:citation:publication:openalex:W2118442768	resolve_provider_identity;recover_title	provider_specific_unresolved;missing_title	openalex			W2118442768		1	1
publication_component:citation:publication:openalex:W2119404698	resolve_provider_identity;recover_title	provider_specific_unresolved;missing_title	openalex			W2119404698		1	1
publication_component:citation:publication:openalex:W2120772351	resolve_provider_identity;recover_title	provider_specific_unresolved;missing_title	openalex			W2120772351		1	1
publication_component:citation:publication:openalex:W2121044470	resolve_provider_identity;recover_title	provider_specific_unresolved;missing_title	openalex			W2121044470		1	1
publication_component:citation:publication:openalex:W2121190890	resolve_provider_identity;recover_title	provider_specific_unresolved;missing_title	openalex			W2121190890		1	1
publication_component:citation:publication:openalex:W2121504310	resolve_provider_identity;recover_title	provider_specific_unresolved;missing_title	openalex			W2121504310		1	1
publication_component:citation:publication:openalex:W2121958597	resolve_provider_identity;recover_title	provider_specific_unresolved;missing_title	openalex			W2121958597		1	1
publication_component:citation:publication:openalex:W2122156817	resolve_provider_identity;recover_title	provider_specific_unresolved;missing_title	openalex			W2122156817		1	1
publication_component:citation:publication:openalex:W2124608480	resolve_provider_identity;recover_title	provider_specific_unresolved;missing_title	openalex			W2124608480		1	1
publication_component:citation:publication:openalex:W2124676809	resolve_provider_identity;recover_title	provider_specific_unresolved;missing_title	openalex			W2124676809		1	1
publication_component:citation:publication:openalex:W2124790653	resolve_provider_identity;recover_title	provider_specific_unresolved;missing_title	openalex			W2124790653		1	1
publication_component:citation:publication:openalex:W2125359798	resolve_provider_identity;recover_title	provider_specific_unresolved;missing_title	openalex			W2125359798		1	1
publication_component:citation:publication:openalex:W2126424265	resolve_provider_identity;recover_title	provider_specific_unresolved;missing_title	openalex			W2126424265		1	1
publication_component:citation:publication:openalex:W2126568957	resolve_provider_identity;recover_title	provider_specific_unresolved;missing_title	openalex			W2126568957		1	1
publication_component:citation:publication:openalex:W2127320825	resolve_provider_identity;recover_title	provider_specific_unresolved;missing_title	openalex			W2127320825		1	1
publication_component:citation:publication:openalex:W2127788872	resolve_provider_identity	provider_specific_unresolved	openalex			W2127788872		1	1
publication_component:citation:publication:openalex:W2129818998	resolve_provider_identity;recover_title	provider_specific_unresolved;missing_title	openalex			W2129818998		1	1
publication_component:citation:publication:openalex:W2130362098	resolve_provider_identity;recover_title	provider_specific_unresolved;missing_title	openalex			W2130362098		1	1
publication_component:citation:publication:openalex:W2130675103	resolve_provider_identity;recover_title	provider_specific_unresolved;missing_title	openalex			W2130675103		1	1
publication_component:citation:publication:openalex:W2131229434	resolve_provider_identity;recover_title	provider_specific_unresolved;missing_title	openalex			W2131229434		1	1
publication_component:citation:publication:openalex:W2132560348	resolve_provider_identity;recover_title	provider_specific_unresolved;missing_title	openalex			W2132560348		1	1
publication_component:citation:publication:openalex:W2132576704	resolve_provider_identity;recover_title	provider_specific_unresolved;missing_title	openalex			W2132576704		1	1
publication_component:citation:publication:openalex:W2133585817	resolve_provider_identity;recover_title	provider_specific_unresolved;missing_title	openalex			W2133585817		1	1
publication_component:citation:publication:openalex:W2133893841	resolve_provider_identity	provider_specific_unresolved	openalex			W2133893841		1	1
publication_component:citation:publication:openalex:W2134155314	resolve_provider_identity;recover_title	provider_specific_unresolved;missing_title	openalex			W2134155314		1	1
publication_component:citation:publication:openalex:W2134936766	resolve_provider_identity;recover_title	provider_specific_unresolved;missing_title	openalex			W2134936766		1	1
publication_component:citation:publication:openalex:W2135415614	resolve_provider_identity;recover_title	provider_specific_unresolved;missing_title	openalex			W2135415614		1	1
publication_component:citation:publication:openalex:W2135445066	resolve_provider_identity;recover_title	provider_specific_unresolved;missing_title	openalex			W2135445066		1	1
publication_component:citation:publication:openalex:W2135611147	resolve_provider_identity;recover_title	provider_specific_unresolved;missing_title	openalex			W2135611147		1	1
publication_component:citation:publication:openalex:W2135648896	resolve_provider_identity;recover_title	provider_specific_unresolved;missing_title	openalex			W2135648896		1	1
publication_component:citation:publication:openalex:W2138178197	resolve_provider_identity;recover_title	provider_specific_unresolved;missing_title	openalex			W2138178197		1	1
publication_component:citation:publication:openalex:W2138468602	resolve_provider_identity;recover_title	provider_specific_unresolved;missing_title	openalex			W2138468602		1	1
publication_component:citation:publication:openalex:W2139771752	resolve_provider_identity;recover_title	provider_specific_unresolved;missing_title	openalex			W2139771752		1	1
publication_component:citation:publication:openalex:W2141052558	resolve_provider_identity;recover_title	provider_specific_unresolved;missing_title	openalex			W2141052558		1	1
publication_component:citation:publication:openalex:W2141497252	resolve_provider_identity;recover_title	provider_specific_unresolved;missing_title	openalex			W2141497252		1	1
publication_component:citation:publication:openalex:W2142420818	resolve_provider_identity;recover_title	provider_specific_unresolved;missing_title	openalex			W2142420818		1	1
publication_component:citation:publication:openalex:W2143007385	resolve_provider_identity;recover_title	provider_specific_unresolved;missing_title	openalex			W2143007385		1	1
publication_component:citation:publication:openalex:W2144024099	resolve_provider_identity;recover_title	provider_specific_unresolved;missing_title	openalex			W2144024099		1	1
publication_component:citation:publication:openalex:W2144368480	resolve_provider_identity;recover_title	provider_specific_unresolved;missing_title	openalex			W2144368480		1	1
publication_component:citation:publication:openalex:W2144606496	resolve_provider_identity;recover_title	provider_specific_unresolved;missing_title	openalex			W2144606496		1	1
publication_component:citation:publication:openalex:W2144722953	resolve_provider_identity	provider_specific_unresolved	openalex			W2144722953		1	1
publication_component:citation:publication:openalex:W2144755365	resolve_provider_identity;recover_title	provider_specific_unresolved;missing_title	openalex			W2144755365		1	1
publication_component:citation:publication:openalex:W2144775551	resolve_provider_identity;recover_title	provider_specific_unresolved;missing_title	openalex			W2144775551		1	1
publication_component:citation:publication:openalex:W2144975624	resolve_provider_identity;recover_title	provider_specific_unresolved;missing_title	openalex			W2144975624		1	1
publication_component:citation:publication:openalex:W2145780430	resolve_provider_identity;recover_title	provider_specific_unresolved;missing_title	openalex			W2145780430		1	1
publication_component:citation:publication:openalex:W2146025047	resolve_provider_identity	provider_specific_unresolved	openalex			W2146025047		1	1
publication_component:citation:publication:openalex:W2146058063	resolve_provider_identity;recover_title	provider_specific_unresolved;missing_title	openalex			W2146058063		1	1
publication_component:citation:publication:openalex:W2146058442	resolve_provider_identity;recover_title	provider_specific_unresolved;missing_title	openalex			W2146058442		1	1
publication_component:citation:publication:openalex:W2146292423	resolve_provider_identity;recover_title	provider_specific_unresolved;missing_title	openalex			W2146292423		1	1
publication_component:citation:publication:openalex:W2146344742	resolve_provider_identity;recover_title	provider_specific_unresolved;missing_title	openalex			W2146344742		1	1
publication_component:citation:publication:openalex:W2146396346	resolve_provider_identity;recover_title	provider_specific_unresolved;missing_title	openalex			W2146396346		1	1
publication_component:citation:publication:openalex:W2146602601	resolve_provider_identity;recover_title	provider_specific_unresolved;missing_title	openalex			W2146602601		1	1
publication_component:citation:publication:openalex:W2147660889	resolve_provider_identity;recover_title	provider_specific_unresolved;missing_title	openalex			W2147660889		1	1
publication_component:citation:publication:openalex:W2148963653	resolve_provider_identity;recover_title	provider_specific_unresolved;missing_title	openalex			W2148963653		1	1
publication_component:citation:publication:openalex:W2150215622	resolve_provider_identity;recover_title	provider_specific_unresolved;missing_title	openalex			W2150215622		1	1
publication_component:citation:publication:openalex:W2150783480	resolve_provider_identity;recover_title	provider_specific_unresolved;missing_title	openalex			W2150783480		1	1
publication_component:citation:publication:openalex:W2150815933	resolve_provider_identity;recover_title	provider_specific_unresolved;missing_title	openalex			W2150815933		1	1
publication_component:citation:publication:openalex:W2150938975	resolve_provider_identity;recover_title	provider_specific_unresolved;missing_title	openalex			W2150938975		1	1
publication_component:citation:publication:openalex:W2151835344	resolve_provider_identity;recover_title	provider_specific_unresolved;missing_title	openalex			W2151835344		1	1
publication_component:citation:publication:openalex:W2151983644	resolve_provider_identity;recover_title	provider_specific_unresolved;missing_title	openalex			W2151983644		1	1
publication_component:citation:publication:openalex:W2152012269	resolve_provider_identity	provider_specific_unresolved	openalex			W2152012269		1	1
publication_component:citation:publication:openalex:W2152076818	resolve_provider_identity;recover_title	provider_specific_unresolved;missing_title	openalex			W2152076818		1	1
publication_component:citation:publication:openalex:W2152895327	resolve_provider_identity;recover_title	provider_specific_unresolved;missing_title	openalex			W2152895327		1	1
publication_component:citation:publication:openalex:W2153163225	resolve_provider_identity;recover_title	provider_specific_unresolved;missing_title	openalex			W2153163225		1	1
publication_component:citation:publication:openalex:W2154164013	resolve_provider_identity;recover_title	provider_specific_unresolved;missing_title	openalex			W2154164013		1	1
publication_component:citation:publication:openalex:W2154331465	resolve_provider_identity;recover_title	provider_specific_unresolved;missing_title	openalex			W2154331465		1	1
publication_component:citation:publication:openalex:W2155167571	resolve_provider_identity	provider_specific_unresolved	openalex			W2155167571		1	1
publication_component:citation:publication:openalex:W2155761127	resolve_provider_identity;recover_title	provider_specific_unresolved;missing_title	openalex			W2155761127		1	1
publication_component:citation:publication:openalex:W2155766042	resolve_provider_identity;recover_title	provider_specific_unresolved;missing_title	openalex			W2155766042		1	1
publication_component:citation:publication:openalex:W2157380771	resolve_provider_identity	provider_specific_unresolved	openalex			W2157380771		1	1
publication_component:citation:publication:openalex:W2157553803	resolve_provider_identity;recover_title	provider_specific_unresolved;missing_title	openalex			W2157553803		1	1
publication_component:citation:publication:openalex:W2157847015	resolve_provider_identity;recover_title	provider_specific_unresolved;missing_title	openalex			W2157847015		1	1
publication_component:citation:publication:openalex:W2158266834	resolve_provider_identity;recover_title	provider_specific_unresolved;missing_title	openalex			W2158266834		1	1
publication_component:citation:publication:openalex:W2159044370	resolve_provider_identity;recover_title	provider_specific_unresolved;missing_title	openalex			W2159044370		1	1
publication_component:citation:publication:openalex:W2159368494	resolve_provider_identity;recover_title	provider_specific_unresolved;missing_title	openalex			W2159368494		1	1
publication_component:citation:publication:openalex:W2159816280	resolve_provider_identity;recover_title	provider_specific_unresolved;missing_title	openalex			W2159816280		1	1
publication_component:citation:publication:openalex:W2160106395	resolve_provider_identity	provider_specific_unresolved	openalex			W2160106395		1	1
publication_component:citation:publication:openalex:W2160364329	resolve_provider_identity;recover_title	provider_specific_unresolved;missing_title	openalex			W2160364329		1	1
publication_component:citation:publication:openalex:W2160378127	resolve_provider_identity;recover_title	provider_specific_unresolved;missing_title	openalex			W2160378127		1	1
publication_component:citation:publication:openalex:W2160500073	resolve_provider_identity;recover_title	provider_specific_unresolved;missing_title	openalex			W2160500073		1	1
publication_component:citation:publication:openalex:W2160535947	resolve_provider_identity;recover_title	provider_specific_unresolved;missing_title	openalex			W2160535947		1	1
publication_component:citation:publication:openalex:W2160634817	resolve_provider_identity;recover_title	provider_specific_unresolved;missing_title	openalex			W2160634817		1	1
publication_component:citation:publication:openalex:W2161299849	resolve_provider_identity;recover_title	provider_specific_unresolved;missing_title	openalex			W2161299849		1	1
publication_component:citation:publication:openalex:W2161444534	resolve_provider_identity;recover_title	provider_specific_unresolved;missing_title	openalex			W2161444534		1	1
publication_component:citation:publication:openalex:W2162250327	resolve_provider_identity;recover_title	provider_specific_unresolved;missing_title	openalex			W2162250327		1	1
publication_component:citation:publication:openalex:W2162273481	resolve_provider_identity;recover_title	provider_specific_unresolved;missing_title	openalex			W2162273481		1	1
publication_component:citation:publication:openalex:W2163149699	resolve_provider_identity;recover_title	provider_specific_unresolved;missing_title	openalex			W2163149699		1	1
publication_component:citation:publication:openalex:W2163627198	resolve_provider_identity;recover_title	provider_specific_unresolved;missing_title	openalex			W2163627198		1	1
publication_component:citation:publication:openalex:W2163711542	resolve_provider_identity;recover_title	provider_specific_unresolved;missing_title	openalex			W2163711542		1	1
publication_component:citation:publication:openalex:W2163892779	resolve_provider_identity;recover_title	provider_specific_unresolved;missing_title	openalex			W2163892779		1	1
publication_component:citation:publication:openalex:W2165892911	resolve_provider_identity;recover_title	provider_specific_unresolved;missing_title	openalex			W2165892911		1	1
publication_component:citation:publication:openalex:W2167740505	resolve_provider_identity;recover_title	provider_specific_unresolved;missing_title	openalex			W2167740505		1	1
publication_component:citation:publication:openalex:W2169981472	resolve_provider_identity;recover_title	provider_specific_unresolved;missing_title	openalex			W2169981472		1	1
publication_component:citation:publication:openalex:W2170565120	resolve_provider_identity;recover_title	provider_specific_unresolved;missing_title	openalex			W2170565120		1	1
publication_component:citation:publication:openalex:W2171170496	resolve_provider_identity	provider_specific_unresolved	openalex			W2171170496		1	1
publication_component:citation:publication:openalex:W2179127114	resolve_provider_identity;recover_title	provider_specific_unresolved;missing_title	openalex			W2179127114		1	1
publication_component:citation:publication:openalex:W2182444863	resolve_provider_identity	provider_specific_unresolved	openalex			W2182444863		1	1
publication_component:citation:publication:openalex:W2183187503	resolve_provider_identity	provider_specific_unresolved	openalex			W2183187503		1	1
publication_component:citation:publication:openalex:W2184006217	resolve_provider_identity	provider_specific_unresolved	openalex			W2184006217		1	1
publication_component:citation:publication:openalex:W2184088951	resolve_provider_identity	provider_specific_unresolved	openalex			W2184088951		1	1
publication_component:citation:publication:openalex:W2184344526	resolve_provider_identity	provider_specific_unresolved	openalex			W2184344526		1	1
publication_component:citation:publication:openalex:W2185205737	resolve_provider_identity	provider_specific_unresolved	openalex			W2185205737		1	1
publication_component:citation:publication:openalex:W2185787488	resolve_provider_identity	provider_specific_unresolved	openalex			W2185787488		1	1
publication_component:citation:publication:openalex:W2186033574	resolve_provider_identity	provider_specific_unresolved	openalex			W2186033574		1	1
publication_component:citation:publication:openalex:W2186160694	resolve_provider_identity	provider_specific_unresolved	openalex			W2186160694		1	1
publication_component:citation:publication:openalex:W2186288371	resolve_provider_identity	provider_specific_unresolved	openalex			W2186288371		1	1
publication_component:citation:publication:openalex:W2187498729	resolve_provider_identity	provider_specific_unresolved	openalex			W2187498729		1	1
publication_component:citation:publication:openalex:W2187801721	resolve_provider_identity	provider_specific_unresolved	openalex			W2187801721		1	1
publication_component:citation:publication:openalex:W2188383210	resolve_provider_identity	provider_specific_unresolved	openalex			W2188383210		1	1
publication_component:citation:publication:openalex:W2188572994	resolve_provider_identity	provider_specific_unresolved	openalex			W2188572994		1	1
publication_component:citation:publication:openalex:W2188740882	resolve_provider_identity	provider_specific_unresolved	openalex			W2188740882		1	1
publication_component:citation:publication:openalex:W2189562082	resolve_provider_identity	provider_specific_unresolved	openalex			W2189562082		1	1
publication_component:citation:publication:openalex:W2207902135	resolve_provider_identity	provider_specific_unresolved	openalex			W2207902135		1	1
publication_component:citation:publication:openalex:W2228504615	resolve_provider_identity	provider_specific_unresolved	openalex			W2228504615		1	1
publication_component:citation:publication:openalex:W2230520750	resolve_provider_identity	provider_specific_unresolved	openalex			W2230520750		1	1
publication_component:citation:publication:openalex:W2231454594	resolve_provider_identity	provider_specific_unresolved	openalex			W2231454594		1	1
publication_component:citation:publication:openalex:W2240742894	resolve_provider_identity	provider_specific_unresolved	openalex			W2240742894		1	1
publication_component:citation:publication:openalex:W2246270786	resolve_provider_identity;recover_title	provider_specific_unresolved;missing_title	openalex			W2246270786		1	1
publication_component:citation:publication:openalex:W2250455581	resolve_provider_identity	provider_specific_unresolved	openalex			W2250455581		1	1
publication_component:citation:publication:openalex:W2257724703	resolve_provider_identity	provider_specific_unresolved	openalex			W2257724703		1	1
publication_component:citation:publication:openalex:W2267110201	resolve_provider_identity	provider_specific_unresolved	openalex			W2267110201		1	1
publication_component:citation:publication:openalex:W2268165181	resolve_provider_identity;recover_title	provider_specific_unresolved;missing_title	openalex			W2268165181		1	1
publication_component:citation:publication:openalex:W2269331167	resolve_provider_identity	provider_specific_unresolved	openalex			W2269331167		1	1
publication_component:citation:publication:openalex:W2273091095	resolve_provider_identity	provider_specific_unresolved	openalex			W2273091095		1	1
publication_component:citation:publication:openalex:W2273624252	resolve_provider_identity;recover_title	provider_specific_unresolved;missing_title	openalex			W2273624252		1	1
publication_component:citation:publication:openalex:W2277953252	resolve_provider_identity;recover_title	provider_specific_unresolved;missing_title	openalex			W2277953252		1	1
publication_component:citation:publication:openalex:W2286690680	resolve_provider_identity	provider_specific_unresolved	openalex			W2286690680		1	1
publication_component:citation:publication:openalex:W2288381564	resolve_provider_identity;recover_title	provider_specific_unresolved;missing_title	openalex			W2288381564		1	1
publication_component:citation:publication:openalex:W2289869270	resolve_provider_identity	provider_specific_unresolved	openalex			W2289869270		1	1
publication_component:citation:publication:openalex:W2290195878	resolve_provider_identity;recover_title	provider_specific_unresolved;missing_title	openalex			W2290195878		1	1
publication_component:citation:publication:openalex:W2291647668	resolve_provider_identity;recover_title	provider_specific_unresolved;missing_title	openalex			W2291647668		1	1
publication_component:citation:publication:openalex:W2291765035	resolve_provider_identity	provider_specific_unresolved	openalex			W2291765035		1	1
publication_component:citation:publication:openalex:W2295151350	resolve_provider_identity	provider_specific_unresolved	openalex			W2295151350		1	1
publication_component:citation:publication:openalex:W2311322965	resolve_provider_identity	provider_specific_unresolved	openalex			W2311322965		1	1
publication_component:citation:publication:openalex:W2319185332	resolve_provider_identity;recover_title	provider_specific_unresolved;missing_title	openalex			W2319185332		1	1
publication_component:citation:publication:openalex:W2322358787	resolve_provider_identity;recover_title	provider_specific_unresolved;missing_title	openalex			W2322358787		1	1
publication_component:citation:publication:openalex:W2322527039	resolve_provider_identity;recover_title	provider_specific_unresolved;missing_title	openalex			W2322527039		1	1
publication_component:citation:publication:openalex:W2332862580	resolve_provider_identity	provider_specific_unresolved	openalex			W2332862580		1	1
publication_component:citation:publication:openalex:W2334380117	resolve_provider_identity;recover_title	provider_specific_unresolved;missing_title	openalex			W2334380117		1	1
publication_component:citation:publication:openalex:W2335680057	resolve_provider_identity;recover_title	provider_specific_unresolved;missing_title	openalex			W2335680057		1	1
publication_component:citation:publication:openalex:W2336330109	resolve_provider_identity;recover_title	provider_specific_unresolved;missing_title	openalex			W2336330109		1	1
publication_component:citation:publication:openalex:W2338457743	resolve_provider_identity	provider_specific_unresolved	openalex			W2338457743		1	1
publication_component:citation:publication:openalex:W2340827469	resolve_provider_identity	provider_specific_unresolved	openalex			W2340827469		1	1
publication_component:citation:publication:openalex:W2341514410	resolve_provider_identity	provider_specific_unresolved	openalex			W2341514410		1	1
publication_component:citation:publication:openalex:W2342577284	resolve_provider_identity;recover_title	provider_specific_unresolved;missing_title	openalex			W2342577284		1	1
publication_component:citation:publication:openalex:W2377445633	resolve_provider_identity	provider_specific_unresolved	openalex			W2377445633		1	1
publication_component:citation:publication:openalex:W2396849069	resolve_provider_identity;recover_title	provider_specific_unresolved;missing_title	openalex			W2396849069		1	1
publication_component:citation:publication:openalex:W2409218178	resolve_provider_identity;recover_title	provider_specific_unresolved;missing_title	openalex			W2409218178		1	1
publication_component:citation:publication:openalex:W2409420382	resolve_provider_identity;recover_title	provider_specific_unresolved;missing_title	openalex			W2409420382		1	1
publication_component:citation:publication:openalex:W2416133343	resolve_provider_identity;recover_title	provider_specific_unresolved;missing_title	openalex			W2416133343		1	1
publication_component:citation:publication:openalex:W2442916229	resolve_provider_identity	provider_specific_unresolved	openalex			W2442916229		1	1
publication_component:citation:publication:openalex:W2464814531	resolve_provider_identity	provider_specific_unresolved	openalex			W2464814531		1	1
publication_component:citation:publication:openalex:W2465378687	resolve_provider_identity	provider_specific_unresolved	openalex			W2465378687		1	1
publication_component:citation:publication:openalex:W2467434001	resolve_provider_identity	provider_specific_unresolved	openalex			W2467434001		1	1
publication_component:citation:publication:openalex:W249038901	resolve_provider_identity	provider_specific_unresolved	openalex			W249038901		1	1
publication_component:citation:publication:openalex:W2507642082	resolve_provider_identity	provider_specific_unresolved	openalex			W2507642082		1	1
publication_component:citation:publication:openalex:W2516104505	resolve_provider_identity;recover_title	provider_specific_unresolved;missing_title	openalex			W2516104505		1	1
publication_component:citation:publication:openalex:W2523046994	resolve_provider_identity;recover_title	provider_specific_unresolved;missing_title	openalex			W2523046994		1	1
publication_component:citation:publication:openalex:W252506560	resolve_provider_identity	provider_specific_unresolved	openalex			W252506560		1	1
publication_component:citation:publication:openalex:W2527209860	resolve_provider_identity	provider_specific_unresolved	openalex			W2527209860		1	1
publication_component:citation:publication:openalex:W2528483098	resolve_provider_identity;recover_title	provider_specific_unresolved;missing_title	openalex			W2528483098		1	1
publication_component:citation:publication:openalex:W2548174155	resolve_provider_identity	provider_specific_unresolved	openalex			W2548174155		1	1
publication_component:citation:publication:openalex:W2549828057	resolve_provider_identity	provider_specific_unresolved	openalex			W2549828057		1	1
publication_component:citation:publication:openalex:W2552587308	resolve_provider_identity;recover_title	provider_specific_unresolved;missing_title	openalex			W2552587308		1	1
publication_component:citation:publication:openalex:W2553132434	resolve_provider_identity	provider_specific_unresolved	openalex			W2553132434		1	1
publication_component:citation:publication:openalex:W2553336566	resolve_provider_identity	provider_specific_unresolved	openalex			W2553336566		1	1
publication_component:citation:publication:openalex:W2556315730	resolve_provider_identity	provider_specific_unresolved	openalex			W2556315730		1	1
publication_component:citation:publication:openalex:W2560113207	resolve_provider_identity;recover_title	provider_specific_unresolved;missing_title	openalex			W2560113207		1	1
publication_component:citation:publication:openalex:W2560263151	resolve_provider_identity;recover_title	provider_specific_unresolved;missing_title	openalex			W2560263151		1	1
publication_component:citation:publication:openalex:W2566505556	resolve_provider_identity;recover_title	provider_specific_unresolved;missing_title	openalex			W2566505556		1	1
publication_component:citation:publication:openalex:W2570111040	resolve_provider_identity;recover_title	provider_specific_unresolved;missing_title	openalex			W2570111040		1	1
publication_component:citation:publication:openalex:W2570743355	resolve_provider_identity	provider_specific_unresolved	openalex			W2570743355		1	1
publication_component:citation:publication:openalex:W2572368248	resolve_provider_identity	provider_specific_unresolved	openalex			W2572368248		1	1
publication_component:citation:publication:openalex:W2586634060	resolve_provider_identity;recover_title	provider_specific_unresolved;missing_title	openalex			W2586634060		1	1
publication_component:citation:publication:openalex:W2593459163	resolve_provider_identity;recover_title	provider_specific_unresolved;missing_title	openalex			W2593459163		1	1
publication_component:citation:publication:openalex:W2594042085	resolve_provider_identity;recover_title	provider_specific_unresolved;missing_title	openalex			W2594042085		1	1
publication_component:citation:publication:openalex:W2596444774	resolve_provider_identity	provider_specific_unresolved	openalex			W2596444774		1	1
publication_component:citation:publication:openalex:W2597290286	resolve_provider_identity	provider_specific_unresolved	openalex			W2597290286		1	1
publication_component:citation:publication:openalex:W2598067950	resolve_provider_identity	provider_specific_unresolved	openalex			W2598067950		1	1
publication_component:citation:publication:openalex:W2601913882	resolve_provider_identity;recover_title	provider_specific_unresolved;missing_title	openalex			W2601913882		1	1
publication_component:citation:publication:openalex:W2608137557	resolve_provider_identity	provider_specific_unresolved	openalex			W2608137557		1	1
publication_component:citation:publication:openalex:W2618642479	resolve_provider_identity	provider_specific_unresolved	openalex			W2618642479		1	1
publication_component:citation:publication:openalex:W2619313640	resolve_provider_identity;recover_title	provider_specific_unresolved;missing_title	openalex			W2619313640		1	1
publication_component:citation:publication:openalex:W2619712135	resolve_provider_identity	provider_specific_unresolved	openalex			W2619712135		1	1
publication_component:citation:publication:openalex:W2622784476	resolve_provider_identity	provider_specific_unresolved	openalex			W2622784476		1	1
publication_component:citation:publication:openalex:W26419086	resolve_provider_identity	provider_specific_unresolved	openalex			W26419086		1	1
publication_component:citation:publication:openalex:W273553261	resolve_provider_identity	provider_specific_unresolved	openalex			W273553261		1	1
publication_component:citation:publication:openalex:W2741293025	resolve_provider_identity	provider_specific_unresolved	openalex			W2741293025		1	1
publication_component:citation:publication:openalex:W2741601129	resolve_provider_identity	provider_specific_unresolved	openalex			W2741601129		1	1
publication_component:citation:publication:openalex:W2741748285	resolve_provider_identity;recover_title	provider_specific_unresolved;missing_title	openalex			W2741748285		1	1
publication_component:citation:publication:openalex:W2747950686	resolve_provider_identity	provider_specific_unresolved	openalex			W2747950686		1	1
publication_component:citation:publication:openalex:W2752312824	resolve_provider_identity	provider_specific_unresolved	openalex			W2752312824		1	1
publication_component:citation:publication:openalex:W2752848773	resolve_provider_identity	provider_specific_unresolved	openalex			W2752848773		1	1
publication_component:citation:publication:openalex:W2762828602	resolve_provider_identity;recover_title	provider_specific_unresolved;missing_title	openalex			W2762828602		1	1
publication_component:citation:publication:openalex:W2763876765	resolve_provider_identity;recover_title	provider_specific_unresolved;missing_title	openalex			W2763876765		1	1
publication_component:citation:publication:openalex:W2764256869	resolve_provider_identity	provider_specific_unresolved	openalex			W2764256869		1	1
publication_component:citation:publication:openalex:W2767254872	resolve_provider_identity	provider_specific_unresolved	openalex			W2767254872		1	1
publication_component:citation:publication:openalex:W2781089637	resolve_provider_identity	provider_specific_unresolved	openalex			W2781089637		1	1
publication_component:citation:publication:openalex:W2783758534	resolve_provider_identity;recover_title	provider_specific_unresolved;missing_title	openalex			W2783758534		1	1
publication_component:citation:publication:openalex:W2787110886	resolve_provider_identity	provider_specific_unresolved	openalex			W2787110886		1	1
publication_component:citation:publication:openalex:W2789571033	resolve_provider_identity;recover_title	provider_specific_unresolved;missing_title	openalex			W2789571033		1	1
publication_component:citation:publication:openalex:W2794335363	resolve_provider_identity;recover_title	provider_specific_unresolved;missing_title	openalex			W2794335363		1	1
publication_component:citation:publication:openalex:W2799524357	resolve_provider_identity;recover_title	provider_specific_unresolved;missing_title	openalex			W2799524357		1	1
publication_component:citation:publication:openalex:W2799668520	resolve_provider_identity	provider_specific_unresolved	openalex			W2799668520		1	1
publication_component:citation:publication:openalex:W2802970423	resolve_provider_identity;recover_title	provider_specific_unresolved;missing_title	openalex			W2802970423		1	1
publication_component:citation:publication:openalex:W2803413725	resolve_provider_identity;recover_title	provider_specific_unresolved;missing_title	openalex			W2803413725		1	1
publication_component:citation:publication:openalex:W2806384627	resolve_provider_identity;recover_title	provider_specific_unresolved;missing_title	openalex			W2806384627		1	1
publication_component:citation:publication:openalex:W2807858845	resolve_provider_identity	provider_specific_unresolved	openalex			W2807858845		1	1
publication_component:citation:publication:openalex:W2845591014	resolve_provider_identity;recover_title	provider_specific_unresolved;missing_title	openalex			W2845591014		1	1
publication_component:citation:publication:openalex:W2883315617	resolve_provider_identity;recover_title	provider_specific_unresolved;missing_title	openalex			W2883315617		1	1
publication_component:citation:publication:openalex:W2886016733	resolve_provider_identity;recover_title	provider_specific_unresolved;missing_title	openalex			W2886016733		1	1
publication_component:citation:publication:openalex:W2886720679	resolve_provider_identity	provider_specific_unresolved	openalex			W2886720679		1	1
publication_component:citation:publication:openalex:W2887113590	resolve_provider_identity	provider_specific_unresolved	openalex			W2887113590		1	1
publication_component:citation:publication:openalex:W2887199352	resolve_provider_identity	provider_specific_unresolved	openalex			W2887199352		1	1
publication_component:citation:publication:openalex:W2892409874	resolve_provider_identity;recover_title	provider_specific_unresolved;missing_title	openalex			W2892409874		1	1
publication_component:citation:publication:openalex:W2896074335	resolve_provider_identity	provider_specific_unresolved	openalex			W2896074335		1	1
publication_component:citation:publication:openalex:W2905699459	resolve_provider_identity;recover_title	provider_specific_unresolved;missing_title	openalex			W2905699459		1	1
publication_component:citation:publication:openalex:W2913512063	resolve_provider_identity;recover_title	provider_specific_unresolved;missing_title	openalex			W2913512063		1	1
publication_component:citation:publication:openalex:W2922528198	resolve_provider_identity	provider_specific_unresolved	openalex			W2922528198		1	1
publication_component:citation:publication:openalex:W2927961455	resolve_provider_identity;recover_title	provider_specific_unresolved;missing_title	openalex			W2927961455		1	1
publication_component:citation:publication:openalex:W2930841567	resolve_provider_identity;recover_title	provider_specific_unresolved;missing_title	openalex			W2930841567		1	1
publication_component:citation:publication:openalex:W2941807936	resolve_provider_identity;recover_title	provider_specific_unresolved;missing_title	openalex			W2941807936		1	1
publication_component:citation:publication:openalex:W2944656196	resolve_provider_identity	provider_specific_unresolved	openalex			W2944656196		1	1
publication_component:citation:publication:openalex:W2946717857	resolve_provider_identity;recover_title	provider_specific_unresolved;missing_title	openalex			W2946717857		1	1
publication_component:citation:publication:openalex:W2949239325	resolve_provider_identity;recover_title	provider_specific_unresolved;missing_title	openalex			W2949239325		1	1
publication_component:citation:publication:openalex:W2949867654	resolve_provider_identity;recover_title	provider_specific_unresolved;missing_title	openalex			W2949867654		1	1
publication_component:citation:publication:openalex:W2949949561	resolve_provider_identity;recover_title	provider_specific_unresolved;missing_title	openalex			W2949949561		1	1
publication_component:citation:publication:openalex:W2950672567	resolve_provider_identity;recover_title	provider_specific_unresolved;missing_title	openalex			W2950672567		1	1
publication_component:citation:publication:openalex:W2951043046	resolve_provider_identity;recover_title	provider_specific_unresolved;missing_title	openalex			W2951043046		1	1
publication_component:citation:publication:openalex:W2951211878	resolve_provider_identity;recover_title	provider_specific_unresolved;missing_title	openalex			W2951211878		1	1
publication_component:citation:publication:openalex:W2951878836	resolve_provider_identity;recover_title	provider_specific_unresolved;missing_title	openalex			W2951878836		1	1
publication_component:citation:publication:openalex:W2952045272	resolve_provider_identity;recover_title	provider_specific_unresolved;missing_title	openalex			W2952045272		1	1
publication_component:citation:publication:openalex:W2963529202	resolve_provider_identity;recover_title	provider_specific_unresolved;missing_title	openalex			W2963529202		1	1
publication_component:citation:publication:openalex:W2964282341	resolve_provider_identity	provider_specific_unresolved	openalex			W2964282341		1	1
publication_component:citation:publication:openalex:W2967021531	resolve_provider_identity	provider_specific_unresolved	openalex			W2967021531		1	1
publication_component:citation:publication:openalex:W2969372055	resolve_provider_identity;recover_title	provider_specific_unresolved;missing_title	openalex			W2969372055		1	1
publication_component:citation:publication:openalex:W2970252037	resolve_provider_identity	provider_specific_unresolved	openalex			W2970252037		1	1
publication_component:citation:publication:openalex:W2973908949	resolve_provider_identity	provider_specific_unresolved	openalex			W2973908949		1	1
publication_component:citation:publication:openalex:W2991219963	resolve_provider_identity;recover_title	provider_specific_unresolved;missing_title	openalex			W2991219963		1	1
publication_component:citation:publication:openalex:W2991497114	resolve_provider_identity	provider_specific_unresolved	openalex			W2991497114		1	1
publication_component:citation:publication:openalex:W3003521128	resolve_provider_identity	provider_specific_unresolved	openalex			W3003521128		1	1
publication_component:citation:publication:openalex:W3005235420	resolve_provider_identity;recover_title	provider_specific_unresolved;missing_title	openalex			W3005235420		1	1
publication_component:citation:publication:openalex:W3013094827	resolve_provider_identity	provider_specific_unresolved	openalex			W3013094827		1	1
publication_component:citation:publication:openalex:W3027208771	resolve_provider_identity	provider_specific_unresolved	openalex			W3027208771		1	1
publication_component:citation:publication:openalex:W3045878198	resolve_provider_identity	provider_specific_unresolved	openalex			W3045878198		1	1
publication_component:citation:publication:openalex:W309066717	resolve_provider_identity	provider_specific_unresolved	openalex			W309066717		1	1
publication_component:citation:publication:openalex:W3093174083	resolve_provider_identity	provider_specific_unresolved	openalex			W3093174083		1	1
publication_component:citation:publication:openalex:W3096619306	resolve_provider_identity;recover_title	provider_specific_unresolved;missing_title	openalex			W3096619306		1	1
publication_component:citation:publication:openalex:W3098202346	resolve_provider_identity;recover_title	provider_specific_unresolved;missing_title	openalex			W3098202346		1	1
publication_component:citation:publication:openalex:W3100998278	resolve_provider_identity;recover_title	provider_specific_unresolved;missing_title	openalex			W3100998278		1	1
publication_component:citation:publication:openalex:W3103572119	resolve_provider_identity	provider_specific_unresolved	openalex			W3103572119		1	1
publication_component:citation:publication:openalex:W3110909731	resolve_provider_identity	provider_specific_unresolved	openalex			W3110909731		1	1
publication_component:citation:publication:openalex:W3141493977	resolve_provider_identity	provider_specific_unresolved	openalex			W3141493977		1	1
publication_component:citation:publication:openalex:W3142773195	resolve_provider_identity	provider_specific_unresolved	openalex			W3142773195		1	1
publication_component:citation:publication:openalex:W3145418930	resolve_provider_identity	provider_specific_unresolved	openalex			W3145418930		1	1
publication_component:citation:publication:openalex:W3146397058	resolve_provider_identity	provider_specific_unresolved	openalex			W3146397058		1	1
publication_component:citation:publication:openalex:W3148675453	resolve_provider_identity	provider_specific_unresolved	openalex			W3148675453		1	1
publication_component:citation:publication:openalex:W3149637834	resolve_provider_identity	provider_specific_unresolved	openalex			W3149637834		1	1
publication_component:citation:publication:openalex:W3157215791	resolve_provider_identity	provider_specific_unresolved	openalex			W3157215791		1	1
publication_component:citation:publication:openalex:W3157719597	resolve_provider_identity	provider_specific_unresolved	openalex			W3157719597		1	1
publication_component:citation:publication:openalex:W3160736576	resolve_provider_identity	provider_specific_unresolved	openalex			W3160736576		1	1
publication_component:citation:publication:openalex:W3187962553	resolve_provider_identity;recover_title	provider_specific_unresolved;missing_title	openalex			W3187962553		1	1
publication_component:citation:publication:openalex:W3189492453	resolve_provider_identity;recover_title	provider_specific_unresolved;missing_title	openalex			W3189492453		1	1
publication_component:citation:publication:openalex:W31967665	resolve_provider_identity	provider_specific_unresolved	openalex			W31967665		1	1
publication_component:citation:publication:openalex:W3196821031	resolve_provider_identity	provider_specific_unresolved	openalex			W3196821031		1	1
publication_component:citation:publication:openalex:W3212943072	resolve_provider_identity;recover_title	provider_specific_unresolved;missing_title	openalex			W3212943072		1	1
publication_component:citation:publication:openalex:W34145765	resolve_provider_identity	provider_specific_unresolved	openalex			W34145765		1	1
publication_component:citation:publication:openalex:W35467052	resolve_provider_identity	provider_specific_unresolved	openalex			W35467052		1	1
publication_component:citation:publication:openalex:W35824376	resolve_provider_identity	provider_specific_unresolved	openalex			W35824376		1	1
publication_component:citation:publication:openalex:W37160724	resolve_provider_identity	provider_specific_unresolved	openalex			W37160724		1	1
publication_component:citation:publication:openalex:W39373803	resolve_provider_identity	provider_specific_unresolved	openalex			W39373803		1	1
publication_component:citation:publication:openalex:W4205666856	resolve_provider_identity;recover_title	provider_specific_unresolved;missing_title	openalex			W4205666856		1	1
publication_component:citation:publication:openalex:W420957490	resolve_provider_identity;recover_title	provider_specific_unresolved;missing_title	openalex			W420957490		1	1
publication_component:citation:publication:openalex:W4210401154	resolve_provider_identity	provider_specific_unresolved	openalex			W4210401154		1	1
publication_component:citation:publication:openalex:W4210633230	resolve_provider_identity;recover_title	provider_specific_unresolved;missing_title	openalex			W4210633230		1	1
publication_component:citation:publication:openalex:W4233815609	resolve_provider_identity;recover_title	provider_specific_unresolved;missing_title	openalex			W4233815609		1	1
publication_component:citation:publication:openalex:W4250847479	resolve_provider_identity;recover_title	provider_specific_unresolved;missing_title	openalex			W4250847479		1	1
publication_component:citation:publication:openalex:W4256620417	resolve_provider_identity;recover_title	provider_specific_unresolved;missing_title	openalex			W4256620417		1	1
publication_component:citation:publication:openalex:W4285719527	resolve_provider_identity;recover_title	provider_specific_unresolved;missing_title	openalex			W4285719527		1	1
publication_component:citation:publication:openalex:W44719502	resolve_provider_identity	provider_specific_unresolved	openalex			W44719502		1	1
publication_component:citation:publication:openalex:W51621268	resolve_provider_identity;recover_title	provider_specific_unresolved;missing_title	openalex			W51621268		1	1
publication_component:citation:publication:openalex:W585037855	resolve_provider_identity;recover_title	provider_specific_unresolved;missing_title	openalex			W585037855		1	1
publication_component:citation:publication:openalex:W615931334	resolve_provider_identity	provider_specific_unresolved	openalex			W615931334		1	1
publication_component:citation:publication:openalex:W616901932	resolve_provider_identity	provider_specific_unresolved	openalex			W616901932		1	1
publication_component:citation:publication:openalex:W638482479	resolve_provider_identity;recover_title	provider_specific_unresolved;missing_title	openalex			W638482479		1	1
publication_component:citation:publication:openalex:W652850555	resolve_provider_identity	provider_specific_unresolved	openalex			W652850555		1	1
publication_component:citation:publication:openalex:W652889108	resolve_provider_identity	provider_specific_unresolved	openalex			W652889108		1	1
publication_component:citation:publication:openalex:W6537587	resolve_provider_identity	provider_specific_unresolved	openalex			W6537587		1	1
publication_component:citation:publication:openalex:W655654533	resolve_provider_identity	provider_specific_unresolved	openalex			W655654533		1	1
publication_component:citation:publication:openalex:W6605527094	resolve_provider_identity;recover_title	provider_specific_unresolved;missing_title	openalex			W6605527094		1	1
publication_component:citation:publication:openalex:W6631401015	resolve_provider_identity;recover_title	provider_specific_unresolved;missing_title	openalex			W6631401015		1	1
publication_component:citation:publication:openalex:W6672639573	resolve_provider_identity;recover_title	provider_specific_unresolved;missing_title	openalex			W6672639573		1	1
publication_component:citation:publication:openalex:W6678230397	resolve_provider_identity;recover_title	provider_specific_unresolved;missing_title	openalex			W6678230397		1	1
publication_component:citation:publication:openalex:W6681312866	resolve_provider_identity;recover_title	provider_specific_unresolved;missing_title	openalex			W6681312866		1	1
publication_component:citation:publication:openalex:W6731978992	resolve_provider_identity;recover_title	provider_specific_unresolved;missing_title	openalex			W6731978992		1	1
publication_component:citation:publication:openalex:W6757627815	resolve_provider_identity;recover_title	provider_specific_unresolved;missing_title	openalex			W6757627815		1	1
publication_component:citation:publication:openalex:W70188369	resolve_provider_identity	provider_specific_unresolved	openalex			W70188369		1	1
publication_component:citation:publication:openalex:W70238153	resolve_provider_identity	provider_specific_unresolved	openalex			W70238153		1	1
publication_component:citation:publication:openalex:W7120345185	resolve_provider_identity	provider_specific_unresolved	openalex			W7120345185		1	1
publication_component:citation:publication:openalex:W7139650502	resolve_provider_identity	provider_specific_unresolved	openalex			W7139650502		1	1
publication_component:citation:publication:openalex:W7163205	resolve_provider_identity	provider_specific_unresolved	openalex			W7163205		1	1
publication_component:citation:publication:openalex:W765196177	resolve_provider_identity	provider_specific_unresolved	openalex			W765196177		1	1
publication_component:citation:publication:openalex:W858096626	resolve_provider_identity	provider_specific_unresolved	openalex			W858096626		1	1
publication_component:citation:publication:openalex:W85922227	resolve_provider_identity	provider_specific_unresolved	openalex			W85922227		1	1
publication_component:citation:publication:openalex:W86093671	resolve_provider_identity	provider_specific_unresolved	openalex			W86093671		1	1
publication_component:citation:publication:openalex:W869654189	resolve_provider_identity	provider_specific_unresolved	openalex			W869654189		1	1
publication_component:citation:publication:openalex:W884650706	resolve_provider_identity;recover_title	provider_specific_unresolved;missing_title	openalex			W884650706		1	1
publication_component:citation:publication:openalex:W96948675	resolve_provider_identity	provider_specific_unresolved	openalex			W96948675		1	1
publication_component:citation:publication:pmid:17096474	recover_title	missing_title	opencitations_meta		17096474		br/06104275641	1	1
publication_component:citation:publication:pmid:19625772	recover_title	missing_title	opencitations_meta		19625772		br/06504232088	1	1
publication_component:citation:publication:pmid:34150017	recover_title	missing_title	opencitations_meta		34150017		br/06104235191	1	1
publication_component:citation:publication:pmid:40390269	recover_title	missing_title	opencitations_meta		40390269		br/06029566609	1	1
publication_component:citation:publication:pmid:40407132	recover_title	missing_title	opencitations_meta		40407132		br/06029567366	1	1
publication_component:database:publication:doi:10.1002/ece3.2017.7.issue-7	recover_title	missing_title	openalex	10.1002/ece3.2017.7.issue-7		W4235114835		1	1
publication_component:database:publication:doi:10.1002/hep.v24:3	recover_title	missing_title	openalex	10.1002/hep.v24:3		W4230240894		1	1
publication_component:database:publication:doi:10.1002/jmor.v280.5	recover_title	missing_title	openalex	10.1002/jmor.v280.5		W4247487606		1	1
publication_component:database:publication:doi:10.1002/jobm.v63.5	recover_title	missing_title	openalex	10.1002/jobm.v63.5		W4367680717		1	1
publication_component:database:publication:doi:10.1002/mbo3.2014.3.issue-6	recover_title	missing_title	openalex	10.1002/mbo3.2014.3.issue-6		W4248631668		1	1
publication_component:database:publication:doi:10.1007/s00606-002-0206-0	recover_title	missing_title	openalex	10.1007/s00606-002-0206-0		W2140973117		1	1
publication_component:database:publication:doi:10.1007/s00606-002-0208-y	recover_title	missing_title	openalex	10.1007/s00606-002-0208-y		W1587821681		1	1
publication_component:database:publication:doi:10.1016/j.protis.2005.11.003	recover_title	missing_title	openalex	10.1016/j.protis.2005.11.003		W4234229405		1	1
publication_component:database:publication:doi:10.1016/j.xgen.2026.101327	adjudicate_identifier_conflict	database_identity_conflict	openalex	10.1016/j.xgen.2026.101327	40799530	W4412949927		5	5
publication_component:database:publication:doi:10.1017/s0003480099007794	adjudicate_identifier_conflict	database_identity_conflict	pubmed	10.1017/s0003480099007794	11246451			4	4
publication_component:database:publication:doi:10.1038/ncomms16047	adjudicate_identifier_conflict	cross_stage_conflict_database_side	openalex;pubmed	10.1038/ncomms16047	28763051	W2741748285		5	5
publication_component:database:publication:doi:10.1046/j.1469-1809.1999.6360489.x	adjudicate_identifier_conflict	database_identity_conflict	openalex	10.1046/j.1469-1809.1999.6360489.x	11246451	W2141830410		5	5
publication_component:database:publication:doi:10.1055/s-011-50717	recover_title	missing_title	openalex	10.1055/s-011-50717		W4253151592		1	1
publication_component:database:publication:doi:10.1055/s-015-62546	recover_title	missing_title	openalex	10.1055/s-015-62546		W4416182559		1	1
publication_component:database:publication:doi:10.1071/mr02017	recover_title	missing_title	openalex	10.1071/mr02017		W1553072330		1	1
publication_component:database:publication:doi:10.1073/pnas.021450998	adjudicate_identifier_conflict	database_identity_conflict	openalex	10.1073/pnas.021450998	11172045	W2156891081		5	5
publication_component:database:publication:doi:10.1073/pnas.98.4.1883	adjudicate_identifier_conflict	database_identity_conflict	openalex;pubmed	10.1073/pnas.98.4.1883	11172045	W3169430995		5	5
publication_component:database:publication:doi:10.1080/10635150309322	adjudicate_identifier_conflict	database_identity_conflict	openalex	10.1080/10635150309322	12775522	W2110339205		5	5
publication_component:database:publication:doi:10.1080/10635150390196966	adjudicate_identifier_conflict	database_identity_conflict	pubmed	10.1080/10635150390196966	12775522			4	4
publication_component:database:publication:doi:10.1086/509080	recover_title	missing_title	openalex	10.1086/509080		W4231376833		1	1
publication_component:database:publication:doi:10.1086/599006	recover_title	missing_title	openalex	10.1086/599006		W4232495284		1	1
publication_component:database:publication:doi:10.1086/an.1972.106.issue-951	recover_title	missing_title	openalex	10.1086/an.1972.106.issue-951		W4246786490		1	1
publication_component:database:publication:doi:10.1086/ijps.2003.164.issue-1	recover_title	missing_title	openalex	10.1086/ijps.2003.164.issue-1		W4255349925		1	1
publication_component:database:publication:doi:10.1086/qrb.1982.57.issue-4	recover_title	missing_title	openalex	10.1086/qrb.1982.57.issue-4		W4246003422		1	1
publication_component:database:publication:doi:10.1089/106652700750050925	adjudicate_identifier_conflict	database_identity_conflict	openalex;pubmed	10.1089/106652700750050925	11108477	W4233853535		5	5
publication_component:database:publication:doi:10.1093/gbe/evz101	adjudicate_identifier_conflict	citation_identity_conflict	openalex;opencitations_meta;pubmed	10.1093/gbe/evz101	31028697;31114863	W2945747574	br/06180297507	8	8
publication_component:database:publication:doi:10.1093/molbev/msab028	adjudicate_identifier_conflict	citation_identity_conflict	openalex;opencitations_meta;pubmed	10.1093/molbev/msab028	33585899;34426843	W3129594814	br/062101143564	8	8
publication_component:database:publication:doi:10.1093/molbev/msag135	adjudicate_identifier_conflict	database_identity_conflict	openalex;pubmed	10.1093/molbev/msag135	42241639	W7163550208		5	5
publication_component:database:publication:doi:10.1093/sysbio/syag038	adjudicate_identifier_conflict	cross_stage_conflict_database_side	pubmed	10.1093/sysbio/syag038	42172051			4	4
publication_component:database:publication:doi:10.1098/rstb.1992.0094	adjudicate_identifier_conflict	database_identity_conflict	openalex;pubmed	10.1098/rstb.1992.0094	1357691	W4249734277		5	5
publication_component:database:publication:doi:10.1101/014928	adjudicate_identifier_conflict	cross_stage_conflict_database_side	openalex	10.1101/014928		W2951990571		3	3
publication_component:database:publication:doi:10.1101/2020.02.03.931667	adjudicate_identifier_conflict	database_identity_conflict	openalex	10.1101/2020.02.03.931667	33109761	W3003629095		5	5
publication_component:database:publication:doi:10.1101/2021.02.23.21252268	adjudicate_identifier_conflict	database_identity_conflict	openalex;pubmed	10.1101/2021.02.23.21252268	33688681	W4232949030		5	5
publication_component:database:publication:doi:10.1101/2024.09.03.611065	adjudicate_identifier_conflict	database_identity_conflict	openalex	10.1101/2024.09.03.611065	42269138	W4402343546		5	5
publication_component:database:publication:doi:10.1101/2025.02.25.640207	adjudicate_identifier_conflict	cross_stage_conflict_database_side	opencitations_meta;pubmed	10.1101/2025.02.25.640207	40060389		br/0606256397	5	5
publication_component:database:publication:doi:10.1101/2025.08.04.668502	adjudicate_identifier_conflict	database_identity_conflict	pubmed	10.1101/2025.08.04.668502	40799530			4	4
publication_component:database:publication:doi:10.1101/2025.08.27.672632	adjudicate_identifier_conflict	database_identity_conflict	openalex	10.1101/2025.08.27.672632	42241639	W4413868849		5	5
publication_component:database:publication:doi:10.1101/gr.190538.115	adjudicate_identifier_conflict	citation_identity_conflict;cross_stage_conflict_database_side	openalex;pubmed	10.1101/gr.190538.115	26194102	W2133919074		5	5
publication_component:database:publication:doi:10.1111/aab.v186.3	recover_title	missing_title	openalex	10.1111/aab.v186.3		W4409942978		1	1
publication_component:database:publication:doi:10.1111/ece3.2012.2.issue-1	recover_title	missing_title	openalex	10.1111/ece3.2012.2.issue-1		W4241180918		1	1
publication_component:database:publication:doi:10.1111/evo.2001.55.issue-2	recover_title	missing_title	openalex	10.1111/evo.2001.55.issue-2		W4235999315		1	1
publication_component:database:publication:doi:10.1111/febs.14741	adjudicate_identifier_conflict	database_identity_conflict	openalex;pubmed	10.1111/febs.14741	30589511	W4236130668		5	5
publication_component:database:publication:doi:10.1111/hrd.2000.133.issue-1	recover_title	missing_title	openalex	10.1111/hrd.2000.133.issue-1		W4242203474		1	1
publication_component:database:publication:doi:10.1111/j.0014-3820.2003.tb00265.x	adjudicate_identifier_conflict	database_identity_conflict	openalex;pubmed	10.1111/j.0014-3820.2003.tb00265.x	12683527	W4254276788		5	5
publication_component:database:publication:doi:10.1111/j.1742-464x.2010.07674.x	adjudicate_identifier_conflict	database_identity_conflict	openalex;pubmed	10.1111/j.1742-464x.2010.07674.x	20553498	W2919227285		5	5
publication_component:database:publication:doi:10.1111/j.1742-4658.2010.07674.x	adjudicate_identifier_conflict	database_identity_conflict	openalex	10.1111/j.1742-4658.2010.07674.x	20553498	W2134709991		5	5
publication_component:database:publication:doi:10.1111/jse.v60.1	recover_title	missing_title	openalex	10.1111/jse.v60.1		W4220834769		1	1
publication_component:database:publication:doi:10.1111/men.v25.5	recover_title	missing_title	openalex	10.1111/men.v25.5		W4411096302		1	1
publication_component:database:publication:doi:10.1111/tpj.70981	adjudicate_identifier_conflict	database_identity_conflict	openalex;pubmed	10.1111/tpj.70981	42269138	W7164183454		5	5
publication_component:database:publication:doi:10.1128/mbio.02359-20	adjudicate_identifier_conflict	database_identity_conflict	pubmed	10.1128/mbio.02359-20	33109761			4	4
publication_component:database:publication:doi:10.1128/mcb.11.1.458	adjudicate_identifier_conflict	database_identity_conflict	openalex	10.1128/mcb.11.1.458	1986240	W2115839673		5	5
publication_component:database:publication:doi:10.1128/mcb.11.1.458-467.1991	adjudicate_identifier_conflict	database_identity_conflict	openalex;pubmed	10.1128/mcb.11.1.458-467.1991	1986240	W4255028999		5	5
publication_component:database:publication:doi:10.1128/mcb.14.5.2985	adjudicate_identifier_conflict	database_identity_conflict	openalex	10.1128/mcb.14.5.2985	7513049	W2107161940		5	5
publication_component:database:publication:doi:10.1128/mcb.14.5.2985-2993.1994	adjudicate_identifier_conflict	database_identity_conflict	openalex;pubmed	10.1128/mcb.14.5.2985-2993.1994	7513049	W4245513884		5	5
publication_component:database:publication:doi:10.1134/s0026893313010056	adjudicate_identifier_conflict	database_identity_conflict	openalex	10.1134/s0026893313010056	23705496	W2023505578		5	5
publication_component:database:publication:doi:10.1134/s1022795413050049	adjudicate_identifier_conflict	database_identity_conflict	openalex	10.1134/s1022795413050049	24159804	W2463998078		5	5
publication_component:database:publication:doi:10.1134/s1022795414110076	adjudicate_identifier_conflict	database_identity_conflict	openalex	10.1134/s1022795414110076	25857192	W2115814792		5	5
publication_component:database:publication:doi:10.1145/332306.332563	adjudicate_identifier_conflict	database_identity_conflict	openalex	10.1145/332306.332563	11108477	W2030381931		5	5
publication_component:database:publication:doi:10.11646/phytotaxa.613.3	recover_title	missing_title	openalex	10.11646/phytotaxa.613.3		W4386697697		1	1
publication_component:database:publication:doi:10.11646/phytotaxa.625.3	recover_title	missing_title	openalex	10.11646/phytotaxa.625.3		W4388621727		1	1
publication_component:database:publication:doi:10.11646/phytotaxa.652.2	recover_title	missing_title	openalex	10.11646/phytotaxa.652.2		W4399319307		1	1
publication_component:database:publication:doi:10.11646/phytotaxa.725.1	recover_title	missing_title	openalex	10.11646/phytotaxa.725.1		W4415355517		1	1
publication_component:database:publication:doi:10.1186/gb-2003-4-6-p6	recover_title	missing_title	openalex	10.1186/gb-2003-4-6-p6		W2124267441		1	1
publication_component:database:publication:doi:10.12688/f1000research.76068.5	adjudicate_identifier_conflict	cross_stage_conflict_database_side	openalex;opencitations_meta;pubmed	10.12688/f1000research.76068.5	39554852	W4407564368	br/0605024925	6	6
publication_component:database:publication:doi:10.13040/ijpsr.0975-8232.1(8-s).37-46	recover_title	missing_title	openalex	10.13040/ijpsr.0975-8232.1(8-s).37-46		W4252615593		1	1
publication_component:database:publication:doi:10.1515/9781400851553.84	adjudicate_identifier_conflict	database_identity_conflict	openalex	10.1515/9781400851553.84	1357691	W2032897771		5	5
publication_component:database:publication:doi:10.1534/genetics.104.117275	adjudicate_identifier_conflict	database_identity_conflict	openalex;pubmed	10.1534/genetics.104.117275	20855576	W4231172525		5	5
publication_component:database:publication:doi:10.1534/genetics.110.117275	adjudicate_identifier_conflict	database_identity_conflict	openalex	10.1534/genetics.110.117275	20855576	W2118484872		5	5
publication_component:database:publication:doi:10.1554/0014-3820(2003)057[0305:nabmdh]2.0.co;2	adjudicate_identifier_conflict	database_identity_conflict	openalex	10.1554/0014-3820(2003)057[0305:nabmdh]2.0.co;2	12683527	W2059746569		5	5
publication_component:database:publication:doi:10.17221/pps-1	recover_title	missing_title	openalex	10.17221/pps-1		W4237472940		1	1
publication_component:database:publication:doi:10.21059/buletinpeternak.v50i2	recover_title	missing_title	openalex	10.21059/buletinpeternak.v50i2		W7162936631		1	1
publication_component:database:publication:doi:10.21203/rs.3.rs-378702/v1	adjudicate_identifier_conflict	database_identity_conflict	openalex	10.21203/rs.3.rs-378702/v1	33821261	W3148041504		5	5
publication_component:database:publication:doi:10.21203/rs.3.rs-378702/v3	adjudicate_identifier_conflict	database_identity_conflict	openalex;pubmed	10.21203/rs.3.rs-378702/v3	33821261	W4255018293		5	5
publication_component:database:publication:doi:10.2210/pdb6nee/pdb	adjudicate_identifier_conflict	database_identity_conflict	openalex	10.2210/pdb6nee/pdb	30589511	W2907062950		5	5
publication_component:database:publication:doi:10.2354/psj.27.010	recover_title	missing_title	openalex	10.2354/psj.27.010		W4234342289		1	1
publication_component:database:publication:doi:10.25073/2588-1140/vnunst.4740	recover_title	missing_title	openalex	10.25073/2588-1140/vnunst.4740		W4246930620		1	1
publication_component:database:publication:doi:10.26459/hueunijns.v132i1d	recover_title	missing_title	openalex	10.26459/hueunijns.v132i1d		W4392253023		1	1
publication_component:database:publication:doi:10.34944/dspace/7022	adjudicate_identifier_conflict	database_identity_conflict	openalex	10.34944/dspace/7022	33688681	W3134629063		5	5
publication_component:database:publication:doi:10.3752/cjai.2025.56	recover_title	missing_title	openalex	10.3752/cjai.2025.56		W4415642942		1	1
publication_component:database:publication:doi:10.4194/1303-2712-v20_1_03	recover_title	missing_title	openalex	10.4194/1303-2712-v20_1_03		W4242090121		1	1
publication_component:database:publication:doi:10.47665/tb.43.2	recover_title	missing_title	openalex	10.47665/tb.43.2		W7167096785		1	1
publication_component:database:publication:doi:10.7287/peerj.preprints.1283/supp-1	recover_title	missing_title	openalex	10.7287/peerj.preprints.1283/supp-1		W4244313771		1	1
publication_component:database:publication:doi:10.7287/peerj.preprints.1283/supp-2	recover_title	missing_title	openalex	10.7287/peerj.preprints.1283/supp-2		W4244682811		1	1
publication_component:database:publication:doi:10.7287/peerj.preprints.1283/supp-3	recover_title	missing_title	openalex	10.7287/peerj.preprints.1283/supp-3		W4249484089		1	1
publication_component:database:publication:doi:10.7287/peerj.preprints.1283/supp-4	recover_title	missing_title	openalex	10.7287/peerj.preprints.1283/supp-4		W4244992473		1	1
publication_component:database:publication:doi:10.7287/peerj.preprints.1283/supp-5	recover_title	missing_title	openalex	10.7287/peerj.preprints.1283/supp-5		W4244856697		1	1
publication_component:database:publication:doi:10.7287/peerj.preprints.1283v1/supp-1	recover_title	missing_title	openalex	10.7287/peerj.preprints.1283v1/supp-1		W4245511884		1	1
publication_component:database:publication:doi:10.7287/peerj.preprints.1283v1/supp-2	recover_title	missing_title	openalex	10.7287/peerj.preprints.1283v1/supp-2		W4238082732		1	1
publication_component:database:publication:doi:10.7287/peerj.preprints.1283v1/supp-3	recover_title	missing_title	openalex	10.7287/peerj.preprints.1283v1/supp-3		W4255465274		1	1
publication_component:database:publication:doi:10.7287/peerj.preprints.1283v1/supp-4	recover_title	missing_title	openalex	10.7287/peerj.preprints.1283v1/supp-4		W4232754279		1	1
publication_component:database:publication:doi:10.7287/peerj.preprints.1283v1/supp-5	recover_title	missing_title	openalex	10.7287/peerj.preprints.1283v1/supp-5		W4253333645		1	1
publication_component:database:publication:doi:10.7287/peerj.preprints.1482/supp-1	recover_title	missing_title	openalex	10.7287/peerj.preprints.1482/supp-1		W4240336211		1	1
publication_component:database:publication:doi:10.7287/peerj.preprints.1482/supp-10	recover_title	missing_title	openalex	10.7287/peerj.preprints.1482/supp-10		W4232152634		1	1
publication_component:database:publication:doi:10.7287/peerj.preprints.1482/supp-11	recover_title	missing_title	openalex	10.7287/peerj.preprints.1482/supp-11		W4234878181		1	1
publication_component:database:publication:doi:10.7287/peerj.preprints.1482/supp-12	recover_title	missing_title	openalex	10.7287/peerj.preprints.1482/supp-12		W4236731071		1	1
publication_component:database:publication:doi:10.7287/peerj.preprints.1482/supp-13	recover_title	missing_title	openalex	10.7287/peerj.preprints.1482/supp-13		W4231039446		1	1
publication_component:database:publication:doi:10.7287/peerj.preprints.1482/supp-14	recover_title	missing_title	openalex	10.7287/peerj.preprints.1482/supp-14		W4234087292		1	1
publication_component:database:publication:doi:10.7287/peerj.preprints.1482/supp-15	recover_title	missing_title	openalex	10.7287/peerj.preprints.1482/supp-15		W4233111460		1	1
publication_component:database:publication:doi:10.7287/peerj.preprints.1482/supp-2	recover_title	missing_title	openalex	10.7287/peerj.preprints.1482/supp-2		W4253516454		1	1
publication_component:database:publication:doi:10.7287/peerj.preprints.1482/supp-3	recover_title	missing_title	openalex	10.7287/peerj.preprints.1482/supp-3		W4247093105		1	1
publication_component:database:publication:doi:10.7287/peerj.preprints.1482/supp-4	recover_title	missing_title	openalex	10.7287/peerj.preprints.1482/supp-4		W4244578039		1	1
publication_component:database:publication:doi:10.7287/peerj.preprints.1482/supp-5	recover_title	missing_title	openalex	10.7287/peerj.preprints.1482/supp-5		W4236082192		1	1
publication_component:database:publication:doi:10.7287/peerj.preprints.1482/supp-6	recover_title	missing_title	openalex	10.7287/peerj.preprints.1482/supp-6		W4250025071		1	1
publication_component:database:publication:doi:10.7287/peerj.preprints.1482/supp-7	recover_title	missing_title	openalex	10.7287/peerj.preprints.1482/supp-7		W4233552592		1	1
publication_component:database:publication:doi:10.7287/peerj.preprints.1482/supp-8	recover_title	missing_title	openalex	10.7287/peerj.preprints.1482/supp-8		W4244328604		1	1
publication_component:database:publication:doi:10.7287/peerj.preprints.1482/supp-9	recover_title	missing_title	openalex	10.7287/peerj.preprints.1482/supp-9		W4235639950		1	1
publication_component:database:publication:doi:10.7287/peerj.preprints.1482v1/supp-1	recover_title	missing_title	openalex	10.7287/peerj.preprints.1482v1/supp-1		W4253642789		1	1
publication_component:database:publication:doi:10.7287/peerj.preprints.1482v1/supp-10	recover_title	missing_title	openalex	10.7287/peerj.preprints.1482v1/supp-10		W4253780477		1	1
publication_component:database:publication:doi:10.7287/peerj.preprints.1482v1/supp-11	recover_title	missing_title	openalex	10.7287/peerj.preprints.1482v1/supp-11		W4249615197		1	1
publication_component:database:publication:doi:10.7287/peerj.preprints.1482v1/supp-12	recover_title	missing_title	openalex	10.7287/peerj.preprints.1482v1/supp-12		W4239450089		1	1
publication_component:database:publication:doi:10.7287/peerj.preprints.1482v1/supp-13	recover_title	missing_title	openalex	10.7287/peerj.preprints.1482v1/supp-13		W4235023616		1	1
publication_component:database:publication:doi:10.7287/peerj.preprints.1482v1/supp-14	recover_title	missing_title	openalex	10.7287/peerj.preprints.1482v1/supp-14		W4245033339		1	1
publication_component:database:publication:doi:10.7287/peerj.preprints.1482v1/supp-15	recover_title	missing_title	openalex	10.7287/peerj.preprints.1482v1/supp-15		W4248515772		1	1
publication_component:database:publication:doi:10.7287/peerj.preprints.1482v1/supp-2	recover_title	missing_title	openalex	10.7287/peerj.preprints.1482v1/supp-2		W4240565520		1	1
publication_component:database:publication:doi:10.7287/peerj.preprints.1482v1/supp-3	recover_title	missing_title	openalex	10.7287/peerj.preprints.1482v1/supp-3		W4242521400		1	1
publication_component:database:publication:doi:10.7287/peerj.preprints.1482v1/supp-4	recover_title	missing_title	openalex	10.7287/peerj.preprints.1482v1/supp-4		W4243979119		1	1
publication_component:database:publication:doi:10.7287/peerj.preprints.1482v1/supp-5	recover_title	missing_title	openalex	10.7287/peerj.preprints.1482v1/supp-5		W4230623951		1	1
publication_component:database:publication:doi:10.7287/peerj.preprints.1482v1/supp-6	recover_title	missing_title	openalex	10.7287/peerj.preprints.1482v1/supp-6		W4249960180		1	1
publication_component:database:publication:doi:10.7287/peerj.preprints.1482v1/supp-7	recover_title	missing_title	openalex	10.7287/peerj.preprints.1482v1/supp-7		W4255132101		1	1
publication_component:database:publication:doi:10.7287/peerj.preprints.1482v1/supp-8	recover_title	missing_title	openalex	10.7287/peerj.preprints.1482v1/supp-8		W4246259501		1	1
publication_component:database:publication:doi:10.7287/peerj.preprints.1482v1/supp-9	recover_title	missing_title	openalex	10.7287/peerj.preprints.1482v1/supp-9		W4237141949		1	1
publication_component:database:publication:doi:10.7287/peerj.preprints.1564/supp-1	recover_title	missing_title	openalex	10.7287/peerj.preprints.1564/supp-1		W4230339428		1	1
publication_component:database:publication:doi:10.7287/peerj.preprints.1564v1/supp-1	recover_title	missing_title	openalex	10.7287/peerj.preprints.1564v1/supp-1		W4250845201		1	1
publication_component:database:publication:doi:10.7287/peerj.preprints.1615/supp-1	recover_title	missing_title	openalex	10.7287/peerj.preprints.1615/supp-1		W4240267380		1	1
publication_component:database:publication:doi:10.7287/peerj.preprints.1615/supp-2	recover_title	missing_title	openalex	10.7287/peerj.preprints.1615/supp-2		W4251851854		1	1
publication_component:database:publication:doi:10.7287/peerj.preprints.1615/supp-3	recover_title	missing_title	openalex	10.7287/peerj.preprints.1615/supp-3		W4242644766		1	1
publication_component:database:publication:doi:10.7287/peerj.preprints.1615v1/supp-1	recover_title	missing_title	openalex	10.7287/peerj.preprints.1615v1/supp-1		W4244815850		1	1
publication_component:database:publication:doi:10.7287/peerj.preprints.1615v1/supp-2	recover_title	missing_title	openalex	10.7287/peerj.preprints.1615v1/supp-2		W4235710101		1	1
publication_component:database:publication:doi:10.7287/peerj.preprints.1615v1/supp-3	recover_title	missing_title	openalex	10.7287/peerj.preprints.1615v1/supp-3		W4256126482		1	1
publication_component:database:publication:doi:10.7287/peerj.preprints.2023/supp-1	recover_title	missing_title	openalex	10.7287/peerj.preprints.2023/supp-1		W4240805344		1	1
publication_component:database:publication:doi:10.7287/peerj.preprints.2023v1/supp-1	recover_title	missing_title	openalex	10.7287/peerj.preprints.2023v1/supp-1		W4232613098		1	1
publication_component:database:publication:doi:10.7287/peerj.preprints.2058/supp-1	recover_title	missing_title	openalex	10.7287/peerj.preprints.2058/supp-1		W4249963138		1	1
publication_component:database:publication:doi:10.7287/peerj.preprints.2058/supp-2	recover_title	missing_title	openalex	10.7287/peerj.preprints.2058/supp-2		W4232810292		1	1
publication_component:database:publication:doi:10.7287/peerj.preprints.2058/supp-3	recover_title	missing_title	openalex	10.7287/peerj.preprints.2058/supp-3		W4234891530		1	1
publication_component:database:publication:doi:10.7287/peerj.preprints.2058/supp-4	recover_title	missing_title	openalex	10.7287/peerj.preprints.2058/supp-4		W4248894835		1	1
publication_component:database:publication:doi:10.7287/peerj.preprints.2058/supp-5	recover_title	missing_title	openalex	10.7287/peerj.preprints.2058/supp-5		W4246002920		1	1
publication_component:database:publication:doi:10.7287/peerj.preprints.2058/supp-6	recover_title	missing_title	openalex	10.7287/peerj.preprints.2058/supp-6		W4236164001		1	1
publication_component:database:publication:doi:10.7287/peerj.preprints.2058/supp-7	recover_title	missing_title	openalex	10.7287/peerj.preprints.2058/supp-7		W4245154467		1	1
publication_component:database:publication:doi:10.7287/peerj.preprints.2058v1/supp-1	recover_title	missing_title	openalex	10.7287/peerj.preprints.2058v1/supp-1		W4242643979		1	1
publication_component:database:publication:doi:10.7287/peerj.preprints.2058v1/supp-2	recover_title	missing_title	openalex	10.7287/peerj.preprints.2058v1/supp-2		W4232856982		1	1
publication_component:database:publication:doi:10.7287/peerj.preprints.2058v1/supp-3	recover_title	missing_title	openalex	10.7287/peerj.preprints.2058v1/supp-3		W4232062847		1	1
publication_component:database:publication:doi:10.7287/peerj.preprints.2058v1/supp-4	recover_title	missing_title	openalex	10.7287/peerj.preprints.2058v1/supp-4		W4246734179		1	1
publication_component:database:publication:doi:10.7287/peerj.preprints.2058v1/supp-5	recover_title	missing_title	openalex	10.7287/peerj.preprints.2058v1/supp-5		W4232198348		1	1
publication_component:database:publication:doi:10.7287/peerj.preprints.2058v1/supp-6	recover_title	missing_title	openalex	10.7287/peerj.preprints.2058v1/supp-6		W4241591659		1	1
publication_component:database:publication:doi:10.7287/peerj.preprints.2058v1/supp-7	recover_title	missing_title	openalex	10.7287/peerj.preprints.2058v1/supp-7		W4255981350		1	1
publication_component:database:publication:doi:10.7287/peerj.preprints.2058v2/supp-1	recover_title	missing_title	openalex	10.7287/peerj.preprints.2058v2/supp-1		W4236512050		1	1
publication_component:database:publication:doi:10.7287/peerj.preprints.2058v2/supp-2	recover_title	missing_title	openalex	10.7287/peerj.preprints.2058v2/supp-2		W4249733700		1	1
publication_component:database:publication:doi:10.7287/peerj.preprints.2058v2/supp-3	recover_title	missing_title	openalex	10.7287/peerj.preprints.2058v2/supp-3		W4254043252		1	1
publication_component:database:publication:doi:10.7287/peerj.preprints.2058v2/supp-4	recover_title	missing_title	openalex	10.7287/peerj.preprints.2058v2/supp-4		W4235842050		1	1
publication_component:database:publication:doi:10.7287/peerj.preprints.2058v2/supp-5	recover_title	missing_title	openalex	10.7287/peerj.preprints.2058v2/supp-5		W4244889974		1	1
publication_component:database:publication:doi:10.7287/peerj.preprints.2058v2/supp-6	recover_title	missing_title	openalex	10.7287/peerj.preprints.2058v2/supp-6		W4240841050		1	1
publication_component:database:publication:doi:10.7287/peerj.preprints.2058v2/supp-7	recover_title	missing_title	openalex	10.7287/peerj.preprints.2058v2/supp-7		W4230875466		1	1
publication_component:database:publication:doi:10.7287/peerj.preprints.220/supp-1	recover_title	missing_title	openalex	10.7287/peerj.preprints.220/supp-1		W4243700343		1	1
publication_component:database:publication:doi:10.7287/peerj.preprints.220/supp-2	recover_title	missing_title	openalex	10.7287/peerj.preprints.220/supp-2		W4253150667		1	1
publication_component:database:publication:doi:10.7287/peerj.preprints.220/supp-3	recover_title	missing_title	openalex	10.7287/peerj.preprints.220/supp-3		W4252776369		1	1
publication_component:database:publication:doi:10.7287/peerj.preprints.220/supp-4	recover_title	missing_title	openalex	10.7287/peerj.preprints.220/supp-4		W4229772971		1	1
publication_component:database:publication:doi:10.7287/peerj.preprints.220v1/supp-1	recover_title	missing_title	openalex	10.7287/peerj.preprints.220v1/supp-1		W4245566139		1	1
publication_component:database:publication:doi:10.7287/peerj.preprints.220v1/supp-2	recover_title	missing_title	openalex	10.7287/peerj.preprints.220v1/supp-2		W4237316751		1	1
publication_component:database:publication:doi:10.7287/peerj.preprints.220v1/supp-3	recover_title	missing_title	openalex	10.7287/peerj.preprints.220v1/supp-3		W4243263051		1	1
publication_component:database:publication:doi:10.7287/peerj.preprints.220v1/supp-4	recover_title	missing_title	openalex	10.7287/peerj.preprints.220v1/supp-4		W4249097880		1	1
publication_component:database:publication:doi:10.7287/peerj.preprints.2277/supp-1	recover_title	missing_title	openalex	10.7287/peerj.preprints.2277/supp-1		W4250648631		1	1
publication_component:database:publication:doi:10.7287/peerj.preprints.2277v1/supp-1	recover_title	missing_title	openalex	10.7287/peerj.preprints.2277v1/supp-1		W4246249229		1	1
publication_component:database:publication:doi:10.7287/peerj.preprints.2300/supp-1	recover_title	missing_title	openalex	10.7287/peerj.preprints.2300/supp-1		W4241798033		1	1
publication_component:database:publication:doi:10.7287/peerj.preprints.2300/supp-10	recover_title	missing_title	openalex	10.7287/peerj.preprints.2300/supp-10		W4241294307		1	1
publication_component:database:publication:doi:10.7287/peerj.preprints.2300/supp-2	recover_title	missing_title	openalex	10.7287/peerj.preprints.2300/supp-2		W4255769637		1	1
publication_component:database:publication:doi:10.7287/peerj.preprints.2300/supp-3	recover_title	missing_title	openalex	10.7287/peerj.preprints.2300/supp-3		W4244331295		1	1
publication_component:database:publication:doi:10.7287/peerj.preprints.2300/supp-4	recover_title	missing_title	openalex	10.7287/peerj.preprints.2300/supp-4		W4254443205		1	1
publication_component:database:publication:doi:10.7287/peerj.preprints.2300/supp-5	recover_title	missing_title	openalex	10.7287/peerj.preprints.2300/supp-5		W4255395671		1	1
publication_component:database:publication:doi:10.7287/peerj.preprints.2300/supp-6	recover_title	missing_title	openalex	10.7287/peerj.preprints.2300/supp-6		W4251735961		1	1
publication_component:database:publication:doi:10.7287/peerj.preprints.2300/supp-7	recover_title	missing_title	openalex	10.7287/peerj.preprints.2300/supp-7		W4243889495		1	1
publication_component:database:publication:doi:10.7287/peerj.preprints.2300/supp-8	recover_title	missing_title	openalex	10.7287/peerj.preprints.2300/supp-8		W4239873891		1	1
publication_component:database:publication:doi:10.7287/peerj.preprints.2300/supp-9	recover_title	missing_title	openalex	10.7287/peerj.preprints.2300/supp-9		W4252668811		1	1
publication_component:database:publication:doi:10.7287/peerj.preprints.2300v1/supp-1	recover_title	missing_title	openalex	10.7287/peerj.preprints.2300v1/supp-1		W4238856524		1	1
publication_component:database:publication:doi:10.7287/peerj.preprints.2300v1/supp-10	recover_title	missing_title	openalex	10.7287/peerj.preprints.2300v1/supp-10		W4247330424		1	1
publication_component:database:publication:doi:10.7287/peerj.preprints.2300v1/supp-2	recover_title	missing_title	openalex	10.7287/peerj.preprints.2300v1/supp-2		W4239303814		1	1
publication_component:database:publication:doi:10.7287/peerj.preprints.2300v1/supp-3	recover_title	missing_title	openalex	10.7287/peerj.preprints.2300v1/supp-3		W4254035069		1	1
publication_component:database:publication:doi:10.7287/peerj.preprints.2300v1/supp-4	recover_title	missing_title	openalex	10.7287/peerj.preprints.2300v1/supp-4		W4237372058		1	1
publication_component:database:publication:doi:10.7287/peerj.preprints.2300v1/supp-5	recover_title	missing_title	openalex	10.7287/peerj.preprints.2300v1/supp-5		W4232592181		1	1
publication_component:database:publication:doi:10.7287/peerj.preprints.2300v1/supp-6	recover_title	missing_title	openalex	10.7287/peerj.preprints.2300v1/supp-6		W4233974785		1	1
publication_component:database:publication:doi:10.7287/peerj.preprints.2300v1/supp-7	recover_title	missing_title	openalex	10.7287/peerj.preprints.2300v1/supp-7		W4236326140		1	1
publication_component:database:publication:doi:10.7287/peerj.preprints.2300v1/supp-8	recover_title	missing_title	openalex	10.7287/peerj.preprints.2300v1/supp-8		W4243751504		1	1
publication_component:database:publication:doi:10.7287/peerj.preprints.2300v1/supp-9	recover_title	missing_title	openalex	10.7287/peerj.preprints.2300v1/supp-9		W4235511059		1	1
publication_component:database:publication:doi:10.7287/peerj.preprints.243/supp-1	recover_title	missing_title	openalex	10.7287/peerj.preprints.243/supp-1		W4232645394		1	1
publication_component:database:publication:doi:10.7287/peerj.preprints.243/supp-2	recover_title	missing_title	openalex	10.7287/peerj.preprints.243/supp-2		W4246410858		1	1
publication_component:database:publication:doi:10.7287/peerj.preprints.2434/supp-1	recover_title	missing_title	openalex	10.7287/peerj.preprints.2434/supp-1		W4237943547		1	1
publication_component:database:publication:doi:10.7287/peerj.preprints.2434/supp-2	recover_title	missing_title	openalex	10.7287/peerj.preprints.2434/supp-2		W4242710060		1	1
publication_component:database:publication:doi:10.7287/peerj.preprints.2434/supp-3	recover_title	missing_title	openalex	10.7287/peerj.preprints.2434/supp-3		W4241551701		1	1
publication_component:database:publication:doi:10.7287/peerj.preprints.2434/supp-4	recover_title	missing_title	openalex	10.7287/peerj.preprints.2434/supp-4		W4240907627		1	1
publication_component:database:publication:doi:10.7287/peerj.preprints.2434v1/supp-1	recover_title	missing_title	openalex	10.7287/peerj.preprints.2434v1/supp-1		W4251940321		1	1
publication_component:database:publication:doi:10.7287/peerj.preprints.2434v1/supp-2	recover_title	missing_title	openalex	10.7287/peerj.preprints.2434v1/supp-2		W4232852876		1	1
publication_component:database:publication:doi:10.7287/peerj.preprints.2434v1/supp-3	recover_title	missing_title	openalex	10.7287/peerj.preprints.2434v1/supp-3		W4232702021		1	1
publication_component:database:publication:doi:10.7287/peerj.preprints.2434v1/supp-4	recover_title	missing_title	openalex	10.7287/peerj.preprints.2434v1/supp-4		W4239465284		1	1
publication_component:database:publication:doi:10.7287/peerj.preprints.2434v2/supp-1	recover_title	missing_title	openalex	10.7287/peerj.preprints.2434v2/supp-1		W4247043023		1	1
publication_component:database:publication:doi:10.7287/peerj.preprints.2434v2/supp-2	recover_title	missing_title	openalex	10.7287/peerj.preprints.2434v2/supp-2		W4231100564		1	1
publication_component:database:publication:doi:10.7287/peerj.preprints.2434v2/supp-3	recover_title	missing_title	openalex	10.7287/peerj.preprints.2434v2/supp-3		W4249184828		1	1
publication_component:database:publication:doi:10.7287/peerj.preprints.2434v2/supp-4	recover_title	missing_title	openalex	10.7287/peerj.preprints.2434v2/supp-4		W4241035671		1	1
publication_component:database:publication:doi:10.7287/peerj.preprints.243v1/supp-1	recover_title	missing_title	openalex	10.7287/peerj.preprints.243v1/supp-1		W4230482707		1	1
publication_component:database:publication:doi:10.7287/peerj.preprints.243v1/supp-2	recover_title	missing_title	openalex	10.7287/peerj.preprints.243v1/supp-2		W4243507571		1	1
publication_component:database:publication:doi:10.7287/peerj.preprints.26449/supp-1	recover_title	missing_title	openalex	10.7287/peerj.preprints.26449/supp-1		W4243080574		1	1
publication_component:database:publication:doi:10.7287/peerj.preprints.26449/supp-2	recover_title	missing_title	openalex	10.7287/peerj.preprints.26449/supp-2		W4256305629		1	1
publication_component:database:publication:doi:10.7287/peerj.preprints.26449v1/supp-1	recover_title	missing_title	openalex	10.7287/peerj.preprints.26449v1/supp-1		W4241811523		1	1
publication_component:database:publication:doi:10.7287/peerj.preprints.26449v1/supp-2	recover_title	missing_title	openalex	10.7287/peerj.preprints.26449v1/supp-2		W4229956904		1	1
publication_component:database:publication:doi:10.7287/peerj.preprints.26449v2/supp-1	recover_title	missing_title	openalex	10.7287/peerj.preprints.26449v2/supp-1		W4233921425		1	1
publication_component:database:publication:doi:10.7287/peerj.preprints.26449v2/supp-2	recover_title	missing_title	openalex	10.7287/peerj.preprints.26449v2/supp-2		W4242156601		1	1
publication_component:database:publication:doi:10.7287/peerj.preprints.26449v3/supp-1	recover_title	missing_title	openalex	10.7287/peerj.preprints.26449v3/supp-1		W4248732013		1	1
publication_component:database:publication:doi:10.7287/peerj.preprints.26449v3/supp-2	recover_title	missing_title	openalex	10.7287/peerj.preprints.26449v3/supp-2		W4242488276		1	1
publication_component:database:publication:doi:10.7287/peerj.preprints.26506/supp-1	recover_title	missing_title	openalex	10.7287/peerj.preprints.26506/supp-1		W4250575019		1	1
publication_component:database:publication:doi:10.7287/peerj.preprints.26506v1/supp-1	recover_title	missing_title	openalex	10.7287/peerj.preprints.26506v1/supp-1		W4245544571		1	1
publication_component:database:publication:doi:10.7287/peerj.preprints.26616/supp-1	recover_title	missing_title	openalex	10.7287/peerj.preprints.26616/supp-1		W4245742891		1	1
publication_component:database:publication:doi:10.7287/peerj.preprints.26616/supp-2	recover_title	missing_title	openalex	10.7287/peerj.preprints.26616/supp-2		W4246687105		1	1
publication_component:database:publication:doi:10.7287/peerj.preprints.26616v1/supp-1	recover_title	missing_title	openalex	10.7287/peerj.preprints.26616v1/supp-1		W4252959177		1	1
publication_component:database:publication:doi:10.7287/peerj.preprints.26616v1/supp-2	recover_title	missing_title	openalex	10.7287/peerj.preprints.26616v1/supp-2		W4243641996		1	1
publication_component:database:publication:doi:10.7287/peerj.preprints.2663/supp-1	recover_title	missing_title	openalex	10.7287/peerj.preprints.2663/supp-1		W4235248837		1	1
publication_component:database:publication:doi:10.7287/peerj.preprints.2663/supp-2	recover_title	missing_title	openalex	10.7287/peerj.preprints.2663/supp-2		W4251761624		1	1
publication_component:database:publication:doi:10.7287/peerj.preprints.2663/supp-3	recover_title	missing_title	openalex	10.7287/peerj.preprints.2663/supp-3		W4236601581		1	1
publication_component:database:publication:doi:10.7287/peerj.preprints.2663/supp-4	recover_title	missing_title	openalex	10.7287/peerj.preprints.2663/supp-4		W4230840456		1	1
publication_component:database:publication:doi:10.7287/peerj.preprints.2663v1/supp-1	recover_title	missing_title	openalex	10.7287/peerj.preprints.2663v1/supp-1		W4247727353		1	1
publication_component:database:publication:doi:10.7287/peerj.preprints.2663v1/supp-2	recover_title	missing_title	openalex	10.7287/peerj.preprints.2663v1/supp-2		W4235337474		1	1
publication_component:database:publication:doi:10.7287/peerj.preprints.2663v1/supp-3	recover_title	missing_title	openalex	10.7287/peerj.preprints.2663v1/supp-3		W4233405135		1	1
publication_component:database:publication:doi:10.7287/peerj.preprints.2663v1/supp-4	recover_title	missing_title	openalex	10.7287/peerj.preprints.2663v1/supp-4		W4246391157		1	1
publication_component:database:publication:doi:10.7287/peerj.preprints.2663v2/supp-1	recover_title	missing_title	openalex	10.7287/peerj.preprints.2663v2/supp-1		W4255319058		1	1
publication_component:database:publication:doi:10.7287/peerj.preprints.2663v2/supp-2	recover_title	missing_title	openalex	10.7287/peerj.preprints.2663v2/supp-2		W4249111205		1	1
publication_component:database:publication:doi:10.7287/peerj.preprints.2663v2/supp-3	recover_title	missing_title	openalex	10.7287/peerj.preprints.2663v2/supp-3		W4240567225		1	1
publication_component:database:publication:doi:10.7287/peerj.preprints.2663v2/supp-4	recover_title	missing_title	openalex	10.7287/peerj.preprints.2663v2/supp-4		W4240797844		1	1
publication_component:database:publication:doi:10.7287/peerj.preprints.26863/supp-1	recover_title	missing_title	openalex	10.7287/peerj.preprints.26863/supp-1		W4233305150		1	1
publication_component:database:publication:doi:10.7287/peerj.preprints.26863/supp-2	recover_title	missing_title	openalex	10.7287/peerj.preprints.26863/supp-2		W4233633342		1	1
publication_component:database:publication:doi:10.7287/peerj.preprints.26863v1/supp-1	recover_title	missing_title	openalex	10.7287/peerj.preprints.26863v1/supp-1		W4230938731		1	1
publication_component:database:publication:doi:10.7287/peerj.preprints.26863v1/supp-2	recover_title	missing_title	openalex	10.7287/peerj.preprints.26863v1/supp-2		W4246622185		1	1
publication_component:database:publication:doi:10.7287/peerj.preprints.27011/supp-1	recover_title	missing_title	openalex	10.7287/peerj.preprints.27011/supp-1		W4243789092		1	1
publication_component:database:publication:doi:10.7287/peerj.preprints.27011v2/supp-1	recover_title	missing_title	openalex	10.7287/peerj.preprints.27011v2/supp-1		W4240159528		1	1
publication_component:database:publication:doi:10.7287/peerj.preprints.27035/supp-1	recover_title	missing_title	openalex	10.7287/peerj.preprints.27035/supp-1		W4243186730		1	1
publication_component:database:publication:doi:10.7287/peerj.preprints.27035v1/supp-1	recover_title	missing_title	openalex	10.7287/peerj.preprints.27035v1/supp-1		W4252504917		1	1
publication_component:database:publication:doi:10.7287/peerj.preprints.27162/supp-1	recover_title	missing_title	openalex	10.7287/peerj.preprints.27162/supp-1		W4250177818		1	1
publication_component:database:publication:doi:10.7287/peerj.preprints.27162/supp-10	recover_title	missing_title	openalex	10.7287/peerj.preprints.27162/supp-10		W4237054439		1	1
publication_component:database:publication:doi:10.7287/peerj.preprints.27162/supp-11	recover_title	missing_title	openalex	10.7287/peerj.preprints.27162/supp-11		W4253098214		1	1
publication_component:database:publication:doi:10.7287/peerj.preprints.27162/supp-12	recover_title	missing_title	openalex	10.7287/peerj.preprints.27162/supp-12		W4242373014		1	1
publication_component:database:publication:doi:10.7287/peerj.preprints.27162/supp-13	recover_title	missing_title	openalex	10.7287/peerj.preprints.27162/supp-13		W4240629660		1	1
publication_component:database:publication:doi:10.7287/peerj.preprints.27162/supp-14	recover_title	missing_title	openalex	10.7287/peerj.preprints.27162/supp-14		W4253635457		1	1
publication_component:database:publication:doi:10.7287/peerj.preprints.27162/supp-15	recover_title	missing_title	openalex	10.7287/peerj.preprints.27162/supp-15		W4233649982		1	1
publication_component:database:publication:doi:10.7287/peerj.preprints.27162/supp-16	recover_title	missing_title	openalex	10.7287/peerj.preprints.27162/supp-16		W4256419895		1	1
publication_component:database:publication:doi:10.7287/peerj.preprints.27162/supp-17	recover_title	missing_title	openalex	10.7287/peerj.preprints.27162/supp-17		W4254125485		1	1
publication_component:database:publication:doi:10.7287/peerj.preprints.27162/supp-2	recover_title	missing_title	openalex	10.7287/peerj.preprints.27162/supp-2		W4236121259		1	1
publication_component:database:publication:doi:10.7287/peerj.preprints.27162/supp-3	recover_title	missing_title	openalex	10.7287/peerj.preprints.27162/supp-3		W4231348991		1	1
publication_component:database:publication:doi:10.7287/peerj.preprints.27162/supp-4	recover_title	missing_title	openalex	10.7287/peerj.preprints.27162/supp-4		W4249890143		1	1
publication_component:database:publication:doi:10.7287/peerj.preprints.27162/supp-5	recover_title	missing_title	openalex	10.7287/peerj.preprints.27162/supp-5		W4235567672		1	1
publication_component:database:publication:doi:10.7287/peerj.preprints.27162/supp-6	recover_title	missing_title	openalex	10.7287/peerj.preprints.27162/supp-6		W4238236775		1	1
publication_component:database:publication:doi:10.7287/peerj.preprints.27162/supp-7	recover_title	missing_title	openalex	10.7287/peerj.preprints.27162/supp-7		W4250683954		1	1
publication_component:database:publication:doi:10.7287/peerj.preprints.27162/supp-8	recover_title	missing_title	openalex	10.7287/peerj.preprints.27162/supp-8		W4234765296		1	1
publication_component:database:publication:doi:10.7287/peerj.preprints.27162/supp-9	recover_title	missing_title	openalex	10.7287/peerj.preprints.27162/supp-9		W4241036277		1	1
publication_component:database:publication:doi:10.7287/peerj.preprints.27162v1/supp-1	recover_title	missing_title	openalex	10.7287/peerj.preprints.27162v1/supp-1		W4229990376		1	1
publication_component:database:publication:doi:10.7287/peerj.preprints.27162v1/supp-10	recover_title	missing_title	openalex	10.7287/peerj.preprints.27162v1/supp-10		W4232071074		1	1
publication_component:database:publication:doi:10.7287/peerj.preprints.27162v1/supp-11	recover_title	missing_title	openalex	10.7287/peerj.preprints.27162v1/supp-11		W4232376500		1	1
publication_component:database:publication:doi:10.7287/peerj.preprints.27162v1/supp-12	recover_title	missing_title	openalex	10.7287/peerj.preprints.27162v1/supp-12		W4255719347		1	1
publication_component:database:publication:doi:10.7287/peerj.preprints.27162v1/supp-13	recover_title	missing_title	openalex	10.7287/peerj.preprints.27162v1/supp-13		W4241638241		1	1
publication_component:database:publication:doi:10.7287/peerj.preprints.27162v1/supp-14	recover_title	missing_title	openalex	10.7287/peerj.preprints.27162v1/supp-14		W4237529464		1	1
publication_component:database:publication:doi:10.7287/peerj.preprints.27162v1/supp-15	recover_title	missing_title	openalex	10.7287/peerj.preprints.27162v1/supp-15		W4242048084		1	1
publication_component:database:publication:doi:10.7287/peerj.preprints.27162v1/supp-16	recover_title	missing_title	openalex	10.7287/peerj.preprints.27162v1/supp-16		W4249930441		1	1
publication_component:database:publication:doi:10.7287/peerj.preprints.27162v1/supp-17	recover_title	missing_title	openalex	10.7287/peerj.preprints.27162v1/supp-17		W4242971786		1	1
publication_component:database:publication:doi:10.7287/peerj.preprints.27162v1/supp-2	recover_title	missing_title	openalex	10.7287/peerj.preprints.27162v1/supp-2		W4242007513		1	1
publication_component:database:publication:doi:10.7287/peerj.preprints.27162v1/supp-3	recover_title	missing_title	openalex	10.7287/peerj.preprints.27162v1/supp-3		W4245087398		1	1
publication_component:database:publication:doi:10.7287/peerj.preprints.27162v1/supp-4	recover_title	missing_title	openalex	10.7287/peerj.preprints.27162v1/supp-4		W4241838249		1	1
publication_component:database:publication:doi:10.7287/peerj.preprints.27162v1/supp-5	recover_title	missing_title	openalex	10.7287/peerj.preprints.27162v1/supp-5		W4235507152		1	1
publication_component:database:publication:doi:10.7287/peerj.preprints.27162v1/supp-6	recover_title	missing_title	openalex	10.7287/peerj.preprints.27162v1/supp-6		W4240263817		1	1
publication_component:database:publication:doi:10.7287/peerj.preprints.27162v1/supp-7	recover_title	missing_title	openalex	10.7287/peerj.preprints.27162v1/supp-7		W4239989962		1	1
publication_component:database:publication:doi:10.7287/peerj.preprints.27162v1/supp-8	recover_title	missing_title	openalex	10.7287/peerj.preprints.27162v1/supp-8		W4237119452		1	1
publication_component:database:publication:doi:10.7287/peerj.preprints.27162v1/supp-9	recover_title	missing_title	openalex	10.7287/peerj.preprints.27162v1/supp-9		W4250117976		1	1
publication_component:database:publication:doi:10.7287/peerj.preprints.27296/supp-1	recover_title	missing_title	openalex	10.7287/peerj.preprints.27296/supp-1		W4241602211		1	1
publication_component:database:publication:doi:10.7287/peerj.preprints.27296/supp-2	recover_title	missing_title	openalex	10.7287/peerj.preprints.27296/supp-2		W4244357913		1	1
publication_component:database:publication:doi:10.7287/peerj.preprints.27296v1/supp-1	recover_title	missing_title	openalex	10.7287/peerj.preprints.27296v1/supp-1		W4251337412		1	1
publication_component:database:publication:doi:10.7287/peerj.preprints.27296v1/supp-2	recover_title	missing_title	openalex	10.7287/peerj.preprints.27296v1/supp-2		W4253259950		1	1
publication_component:database:publication:doi:10.7287/peerj.preprints.27329/supp-1	recover_title	missing_title	openalex	10.7287/peerj.preprints.27329/supp-1		W4253999701		1	1
publication_component:database:publication:doi:10.7287/peerj.preprints.27329/supp-10	recover_title	missing_title	openalex	10.7287/peerj.preprints.27329/supp-10		W4247815289		1	1
publication_component:database:publication:doi:10.7287/peerj.preprints.27329/supp-11	recover_title	missing_title	openalex	10.7287/peerj.preprints.27329/supp-11		W4252005614		1	1
publication_component:database:publication:doi:10.7287/peerj.preprints.27329/supp-2	recover_title	missing_title	openalex	10.7287/peerj.preprints.27329/supp-2		W4247007878		1	1
publication_component:database:publication:doi:10.7287/peerj.preprints.27329/supp-3	recover_title	missing_title	openalex	10.7287/peerj.preprints.27329/supp-3		W4243290025		1	1
publication_component:database:publication:doi:10.7287/peerj.preprints.27329/supp-4	recover_title	missing_title	openalex	10.7287/peerj.preprints.27329/supp-4		W4234560670		1	1
publication_component:database:publication:doi:10.7287/peerj.preprints.27329/supp-5	recover_title	missing_title	openalex	10.7287/peerj.preprints.27329/supp-5		W4242385748		1	1
publication_component:database:publication:doi:10.7287/peerj.preprints.27329/supp-6	recover_title	missing_title	openalex	10.7287/peerj.preprints.27329/supp-6		W4248426504		1	1
publication_component:database:publication:doi:10.7287/peerj.preprints.27329/supp-7	recover_title	missing_title	openalex	10.7287/peerj.preprints.27329/supp-7		W4250637795		1	1
publication_component:database:publication:doi:10.7287/peerj.preprints.27329/supp-8	recover_title	missing_title	openalex	10.7287/peerj.preprints.27329/supp-8		W4245241745		1	1
publication_component:database:publication:doi:10.7287/peerj.preprints.27329/supp-9	recover_title	missing_title	openalex	10.7287/peerj.preprints.27329/supp-9		W4235862446		1	1
publication_component:database:publication:doi:10.7287/peerj.preprints.27329v1/supp-1	recover_title	missing_title	openalex	10.7287/peerj.preprints.27329v1/supp-1		W4254920836		1	1
publication_component:database:publication:doi:10.7287/peerj.preprints.27329v1/supp-10	recover_title	missing_title	openalex	10.7287/peerj.preprints.27329v1/supp-10		W4235834953		1	1
publication_component:database:publication:doi:10.7287/peerj.preprints.27329v1/supp-11	recover_title	missing_title	openalex	10.7287/peerj.preprints.27329v1/supp-11		W4231452486		1	1
publication_component:database:publication:doi:10.7287/peerj.preprints.27329v1/supp-2	recover_title	missing_title	openalex	10.7287/peerj.preprints.27329v1/supp-2		W4235497191		1	1
publication_component:database:publication:doi:10.7287/peerj.preprints.27329v1/supp-3	recover_title	missing_title	openalex	10.7287/peerj.preprints.27329v1/supp-3		W4236458640		1	1
publication_component:database:publication:doi:10.7287/peerj.preprints.27329v1/supp-4	recover_title	missing_title	openalex	10.7287/peerj.preprints.27329v1/supp-4		W4245032879		1	1
publication_component:database:publication:doi:10.7287/peerj.preprints.27329v1/supp-5	recover_title	missing_title	openalex	10.7287/peerj.preprints.27329v1/supp-5		W4244740070		1	1
publication_component:database:publication:doi:10.7287/peerj.preprints.27329v1/supp-6	recover_title	missing_title	openalex	10.7287/peerj.preprints.27329v1/supp-6		W4238542636		1	1
publication_component:database:publication:doi:10.7287/peerj.preprints.27329v1/supp-7	recover_title	missing_title	openalex	10.7287/peerj.preprints.27329v1/supp-7		W4236351502		1	1
publication_component:database:publication:doi:10.7287/peerj.preprints.27329v1/supp-8	recover_title	missing_title	openalex	10.7287/peerj.preprints.27329v1/supp-8		W4251286404		1	1
publication_component:database:publication:doi:10.7287/peerj.preprints.27329v1/supp-9	recover_title	missing_title	openalex	10.7287/peerj.preprints.27329v1/supp-9		W4245636488		1	1
publication_component:database:publication:doi:10.7287/peerj.preprints.27342/supp-1	recover_title	missing_title	openalex	10.7287/peerj.preprints.27342/supp-1		W4239948271		1	1
publication_component:database:publication:doi:10.7287/peerj.preprints.27342/supp-2	recover_title	missing_title	openalex	10.7287/peerj.preprints.27342/supp-2		W4253165917		1	1
publication_component:database:publication:doi:10.7287/peerj.preprints.27342/supp-3	recover_title	missing_title	openalex	10.7287/peerj.preprints.27342/supp-3		W4233695602		1	1
publication_component:database:publication:doi:10.7287/peerj.preprints.27342/supp-4	recover_title	missing_title	openalex	10.7287/peerj.preprints.27342/supp-4		W4237831176		1	1
publication_component:database:publication:doi:10.7287/peerj.preprints.27342/supp-5	recover_title	missing_title	openalex	10.7287/peerj.preprints.27342/supp-5		W4238680898		1	1
publication_component:database:publication:doi:10.7287/peerj.preprints.27342/supp-6	recover_title	missing_title	openalex	10.7287/peerj.preprints.27342/supp-6		W4243298443		1	1
publication_component:database:publication:doi:10.7287/peerj.preprints.27342v1/supp-1	recover_title	missing_title	openalex	10.7287/peerj.preprints.27342v1/supp-1		W4251394260		1	1
publication_component:database:publication:doi:10.7287/peerj.preprints.27342v1/supp-2	recover_title	missing_title	openalex	10.7287/peerj.preprints.27342v1/supp-2		W4254343245		1	1
publication_component:database:publication:doi:10.7287/peerj.preprints.27342v1/supp-3	recover_title	missing_title	openalex	10.7287/peerj.preprints.27342v1/supp-3		W4253038992		1	1
publication_component:database:publication:doi:10.7287/peerj.preprints.27342v1/supp-4	recover_title	missing_title	openalex	10.7287/peerj.preprints.27342v1/supp-4		W4242550240		1	1
publication_component:database:publication:doi:10.7287/peerj.preprints.27342v1/supp-5	recover_title	missing_title	openalex	10.7287/peerj.preprints.27342v1/supp-5		W4231839338		1	1
publication_component:database:publication:doi:10.7287/peerj.preprints.27342v1/supp-6	recover_title	missing_title	openalex	10.7287/peerj.preprints.27342v1/supp-6		W4243348112		1	1
publication_component:database:publication:doi:10.7287/peerj.preprints.27406/supp-1	recover_title	missing_title	openalex	10.7287/peerj.preprints.27406/supp-1		W4254850720		1	1
publication_component:database:publication:doi:10.7287/peerj.preprints.27406/supp-2	recover_title	missing_title	openalex	10.7287/peerj.preprints.27406/supp-2		W4241022874		1	1
publication_component:database:publication:doi:10.7287/peerj.preprints.27406/supp-3	recover_title	missing_title	openalex	10.7287/peerj.preprints.27406/supp-3		W4249809830		1	1
publication_component:database:publication:doi:10.7287/peerj.preprints.27406/supp-4	recover_title	missing_title	openalex	10.7287/peerj.preprints.27406/supp-4		W4238600248		1	1
publication_component:database:publication:doi:10.7287/peerj.preprints.27406v1/supp-1	recover_title	missing_title	openalex	10.7287/peerj.preprints.27406v1/supp-1		W4255508320		1	1
publication_component:database:publication:doi:10.7287/peerj.preprints.27406v1/supp-2	recover_title	missing_title	openalex	10.7287/peerj.preprints.27406v1/supp-2		W4252296988		1	1
publication_component:database:publication:doi:10.7287/peerj.preprints.27406v1/supp-3	recover_title	missing_title	openalex	10.7287/peerj.preprints.27406v1/supp-3		W4237300641		1	1
publication_component:database:publication:doi:10.7287/peerj.preprints.27406v1/supp-4	recover_title	missing_title	openalex	10.7287/peerj.preprints.27406v1/supp-4		W4251043751		1	1
publication_component:database:publication:doi:10.7287/peerj.preprints.27406v2/supp-1	recover_title	missing_title	openalex	10.7287/peerj.preprints.27406v2/supp-1		W4250101660		1	1
publication_component:database:publication:doi:10.7287/peerj.preprints.27406v2/supp-2	recover_title	missing_title	openalex	10.7287/peerj.preprints.27406v2/supp-2		W4242220852		1	1
publication_component:database:publication:doi:10.7287/peerj.preprints.27406v2/supp-3	recover_title	missing_title	openalex	10.7287/peerj.preprints.27406v2/supp-3		W4244657853		1	1
publication_component:database:publication:doi:10.7287/peerj.preprints.27406v2/supp-4	recover_title	missing_title	openalex	10.7287/peerj.preprints.27406v2/supp-4		W4230361615		1	1
publication_component:database:publication:doi:10.7287/peerj.preprints.2741/supp-1	recover_title	missing_title	openalex	10.7287/peerj.preprints.2741/supp-1		W4232035999		1	1
publication_component:database:publication:doi:10.7287/peerj.preprints.2741/supp-2	recover_title	missing_title	openalex	10.7287/peerj.preprints.2741/supp-2		W4238590003		1	1
publication_component:database:publication:doi:10.7287/peerj.preprints.2741/supp-3	recover_title	missing_title	openalex	10.7287/peerj.preprints.2741/supp-3		W4248584893		1	1
publication_component:database:publication:doi:10.7287/peerj.preprints.2741/supp-4	recover_title	missing_title	openalex	10.7287/peerj.preprints.2741/supp-4		W4256478563		1	1
publication_component:database:publication:doi:10.7287/peerj.preprints.2741/supp-5	recover_title	missing_title	openalex	10.7287/peerj.preprints.2741/supp-5		W4240602901		1	1
publication_component:database:publication:doi:10.7287/peerj.preprints.2741/supp-6	recover_title	missing_title	openalex	10.7287/peerj.preprints.2741/supp-6		W4244230717		1	1
publication_component:database:publication:doi:10.7287/peerj.preprints.2741/supp-7	recover_title	missing_title	openalex	10.7287/peerj.preprints.2741/supp-7		W4243547467		1	1
publication_component:database:publication:doi:10.7287/peerj.preprints.2741/supp-8	recover_title	missing_title	openalex	10.7287/peerj.preprints.2741/supp-8		W4240024712		1	1
publication_component:database:publication:doi:10.7287/peerj.preprints.2741v1/supp-1	recover_title	missing_title	openalex	10.7287/peerj.preprints.2741v1/supp-1		W4242474150		1	1
publication_component:database:publication:doi:10.7287/peerj.preprints.2741v1/supp-2	recover_title	missing_title	openalex	10.7287/peerj.preprints.2741v1/supp-2		W4234189076		1	1
publication_component:database:publication:doi:10.7287/peerj.preprints.2741v1/supp-3	recover_title	missing_title	openalex	10.7287/peerj.preprints.2741v1/supp-3		W4244800191		1	1
publication_component:database:publication:doi:10.7287/peerj.preprints.2741v1/supp-4	recover_title	missing_title	openalex	10.7287/peerj.preprints.2741v1/supp-4		W4229588879		1	1
publication_component:database:publication:doi:10.7287/peerj.preprints.2741v1/supp-5	recover_title	missing_title	openalex	10.7287/peerj.preprints.2741v1/supp-5		W4250578992		1	1
publication_component:database:publication:doi:10.7287/peerj.preprints.2741v1/supp-6	recover_title	missing_title	openalex	10.7287/peerj.preprints.2741v1/supp-6		W4245788452		1	1
publication_component:database:publication:doi:10.7287/peerj.preprints.2741v1/supp-7	recover_title	missing_title	openalex	10.7287/peerj.preprints.2741v1/supp-7		W4254771442		1	1
publication_component:database:publication:doi:10.7287/peerj.preprints.2741v1/supp-8	recover_title	missing_title	openalex	10.7287/peerj.preprints.2741v1/supp-8		W4240426832		1	1
publication_component:database:publication:doi:10.7287/peerj.preprints.2757/supp-1	recover_title	missing_title	openalex	10.7287/peerj.preprints.2757/supp-1		W4231981051		1	1
publication_component:database:publication:doi:10.7287/peerj.preprints.2757v1/supp-1	recover_title	missing_title	openalex	10.7287/peerj.preprints.2757v1/supp-1		W4245133048		1	1
publication_component:database:publication:doi:10.7287/peerj.preprints.27835/supp-1	recover_title	missing_title	openalex	10.7287/peerj.preprints.27835/supp-1		W4246379838		1	1
publication_component:database:publication:doi:10.7287/peerj.preprints.27835v1/supp-1	recover_title	missing_title	openalex	10.7287/peerj.preprints.27835v1/supp-1		W4230011524		1	1
publication_component:database:publication:doi:10.7287/peerj.preprints.2787/supp-1	recover_title	missing_title	openalex	10.7287/peerj.preprints.2787/supp-1		W4249882635		1	1
publication_component:database:publication:doi:10.7287/peerj.preprints.2787/supp-2	recover_title	missing_title	openalex	10.7287/peerj.preprints.2787/supp-2		W4230867729		1	1
publication_component:database:publication:doi:10.7287/peerj.preprints.2787v1/supp-1	recover_title	missing_title	openalex	10.7287/peerj.preprints.2787v1/supp-1		W4237490067		1	1
publication_component:database:publication:doi:10.7287/peerj.preprints.2787v1/supp-2	recover_title	missing_title	openalex	10.7287/peerj.preprints.2787v1/supp-2		W4246749588		1	1
publication_component:database:publication:doi:10.7287/peerj.preprints.2903/supp-1	recover_title	missing_title	openalex	10.7287/peerj.preprints.2903/supp-1		W4242300720		1	1
publication_component:database:publication:doi:10.7287/peerj.preprints.2903/supp-2	recover_title	missing_title	openalex	10.7287/peerj.preprints.2903/supp-2		W4243557313		1	1
publication_component:database:publication:doi:10.7287/peerj.preprints.2903/supp-3	recover_title	missing_title	openalex	10.7287/peerj.preprints.2903/supp-3		W4231423320		1	1
publication_component:database:publication:doi:10.7287/peerj.preprints.2903v1/supp-1	recover_title	missing_title	openalex	10.7287/peerj.preprints.2903v1/supp-1		W4246433740		1	1
publication_component:database:publication:doi:10.7287/peerj.preprints.2903v1/supp-2	recover_title	missing_title	openalex	10.7287/peerj.preprints.2903v1/supp-2		W4250398522		1	1
publication_component:database:publication:doi:10.7287/peerj.preprints.2903v1/supp-3	recover_title	missing_title	openalex	10.7287/peerj.preprints.2903v1/supp-3		W4229825524		1	1
publication_component:database:publication:doi:10.7287/peerj.preprints.2988/supp-1	recover_title	missing_title	openalex	10.7287/peerj.preprints.2988/supp-1		W4255021025		1	1
publication_component:database:publication:doi:10.7287/peerj.preprints.2988v1/supp-1	recover_title	missing_title	openalex	10.7287/peerj.preprints.2988v1/supp-1		W4247681067		1	1
publication_component:database:publication:doi:10.7287/peerj.preprints.3067/supp-1	recover_title	missing_title	openalex	10.7287/peerj.preprints.3067/supp-1		W4247435314		1	1
publication_component:database:publication:doi:10.7287/peerj.preprints.3067v2/supp-1	recover_title	missing_title	openalex	10.7287/peerj.preprints.3067v2/supp-1		W4243726761		1	1
publication_component:database:publication:doi:10.7287/peerj.preprints.3223/supp-1	recover_title	missing_title	openalex	10.7287/peerj.preprints.3223/supp-1		W4241117055		1	1
publication_component:database:publication:doi:10.7287/peerj.preprints.3223v1/supp-1	recover_title	missing_title	openalex	10.7287/peerj.preprints.3223v1/supp-1		W4250331925		1	1
publication_component:database:publication:doi:10.7287/peerj.preprints.3420/supp-1	recover_title	missing_title	openalex	10.7287/peerj.preprints.3420/supp-1		W4237101353		1	1
publication_component:database:publication:doi:10.7287/peerj.preprints.3420v1/supp-1	recover_title	missing_title	openalex	10.7287/peerj.preprints.3420v1/supp-1		W4255516486		1	1
publication_component:database:publication:doi:10.7287/peerj.preprints.3488/supp-1	recover_title	missing_title	openalex	10.7287/peerj.preprints.3488/supp-1		W4233977261		1	1
publication_component:database:publication:doi:10.7287/peerj.preprints.3488/supp-2	recover_title	missing_title	openalex	10.7287/peerj.preprints.3488/supp-2		W4256491253		1	1
publication_component:database:publication:doi:10.7287/peerj.preprints.3488/supp-3	recover_title	missing_title	openalex	10.7287/peerj.preprints.3488/supp-3		W4255622168		1	1
publication_component:database:publication:doi:10.7287/peerj.preprints.3488/supp-4	recover_title	missing_title	openalex	10.7287/peerj.preprints.3488/supp-4		W4238516486		1	1
publication_component:database:publication:doi:10.7287/peerj.preprints.3488/supp-5	recover_title	missing_title	openalex	10.7287/peerj.preprints.3488/supp-5		W4236741021		1	1
publication_component:database:publication:doi:10.7287/peerj.preprints.3488/supp-6	recover_title	missing_title	openalex	10.7287/peerj.preprints.3488/supp-6		W4245293289		1	1
publication_component:database:publication:doi:10.7287/peerj.preprints.3488/supp-7	recover_title	missing_title	openalex	10.7287/peerj.preprints.3488/supp-7		W4246492654		1	1
publication_component:database:publication:doi:10.7287/peerj.preprints.3488/supp-8	recover_title	missing_title	openalex	10.7287/peerj.preprints.3488/supp-8		W4241517805		1	1
publication_component:database:publication:doi:10.7287/peerj.preprints.3488v1/supp-1	recover_title	missing_title	openalex	10.7287/peerj.preprints.3488v1/supp-1		W4240775092		1	1
publication_component:database:publication:doi:10.7287/peerj.preprints.3488v1/supp-2	recover_title	missing_title	openalex	10.7287/peerj.preprints.3488v1/supp-2		W4254319709		1	1
publication_component:database:publication:doi:10.7287/peerj.preprints.3488v1/supp-3	recover_title	missing_title	openalex	10.7287/peerj.preprints.3488v1/supp-3		W4232880630		1	1
publication_component:database:publication:doi:10.7287/peerj.preprints.3488v1/supp-4	recover_title	missing_title	openalex	10.7287/peerj.preprints.3488v1/supp-4		W4247152998		1	1
publication_component:database:publication:doi:10.7287/peerj.preprints.3488v1/supp-5	recover_title	missing_title	openalex	10.7287/peerj.preprints.3488v1/supp-5		W4249797356		1	1
publication_component:database:publication:doi:10.7287/peerj.preprints.3488v1/supp-6	recover_title	missing_title	openalex	10.7287/peerj.preprints.3488v1/supp-6		W4254493876		1	1
publication_component:database:publication:doi:10.7287/peerj.preprints.3488v1/supp-7	recover_title	missing_title	openalex	10.7287/peerj.preprints.3488v1/supp-7		W4235640616		1	1
publication_component:database:publication:doi:10.7287/peerj.preprints.3488v2/supp-1	recover_title	missing_title	openalex	10.7287/peerj.preprints.3488v2/supp-1		W4240669935		1	1
publication_component:database:publication:doi:10.7287/peerj.preprints.3488v2/supp-2	recover_title	missing_title	openalex	10.7287/peerj.preprints.3488v2/supp-2		W4252614005		1	1
publication_component:database:publication:doi:10.7287/peerj.preprints.3488v2/supp-3	recover_title	missing_title	openalex	10.7287/peerj.preprints.3488v2/supp-3		W4243387237		1	1
publication_component:database:publication:doi:10.7287/peerj.preprints.3488v2/supp-4	recover_title	missing_title	openalex	10.7287/peerj.preprints.3488v2/supp-4		W4239250174		1	1
publication_component:database:publication:doi:10.7287/peerj.preprints.3488v2/supp-5	recover_title	missing_title	openalex	10.7287/peerj.preprints.3488v2/supp-5		W4231947883		1	1
publication_component:database:publication:doi:10.7287/peerj.preprints.3488v2/supp-6	recover_title	missing_title	openalex	10.7287/peerj.preprints.3488v2/supp-6		W4239086582		1	1
publication_component:database:publication:doi:10.7287/peerj.preprints.3488v2/supp-7	recover_title	missing_title	openalex	10.7287/peerj.preprints.3488v2/supp-7		W4234466362		1	1
publication_component:database:publication:doi:10.7287/peerj.preprints.3488v2/supp-8	recover_title	missing_title	openalex	10.7287/peerj.preprints.3488v2/supp-8		W4237339153		1	1
publication_component:database:publication:doi:10.7287/peerj.preprints.373/supp-1	recover_title	missing_title	openalex	10.7287/peerj.preprints.373/supp-1		W4254947623		1	1
publication_component:database:publication:doi:10.7287/peerj.preprints.373/supp-2	recover_title	missing_title	openalex	10.7287/peerj.preprints.373/supp-2		W4231807901		1	1
publication_component:database:publication:doi:10.7287/peerj.preprints.373/supp-3	recover_title	missing_title	openalex	10.7287/peerj.preprints.373/supp-3		W4249864717		1	1
publication_component:database:publication:doi:10.7287/peerj.preprints.373/supp-4	recover_title	missing_title	openalex	10.7287/peerj.preprints.373/supp-4		W4240576623		1	1
publication_component:database:publication:doi:10.7287/peerj.preprints.373v1/supp-1	recover_title	missing_title	openalex	10.7287/peerj.preprints.373v1/supp-1		W4245149711		1	1
publication_component:database:publication:doi:10.7287/peerj.preprints.373v1/supp-2	recover_title	missing_title	openalex	10.7287/peerj.preprints.373v1/supp-2		W4256522246		1	1
publication_component:database:publication:doi:10.7287/peerj.preprints.373v1/supp-3	recover_title	missing_title	openalex	10.7287/peerj.preprints.373v1/supp-3		W4248371904		1	1
publication_component:database:publication:doi:10.7287/peerj.preprints.373v1/supp-4	recover_title	missing_title	openalex	10.7287/peerj.preprints.373v1/supp-4		W4246533758		1	1
publication_component:database:publication:doi:10.7287/peerj.preprints.377/supp-1	recover_title	missing_title	openalex	10.7287/peerj.preprints.377/supp-1		W4251787342		1	1
publication_component:database:publication:doi:10.7287/peerj.preprints.377/supp-10	recover_title	missing_title	openalex	10.7287/peerj.preprints.377/supp-10		W4235568836		1	1
publication_component:database:publication:doi:10.7287/peerj.preprints.377/supp-11	recover_title	missing_title	openalex	10.7287/peerj.preprints.377/supp-11		W4229775905		1	1
publication_component:database:publication:doi:10.7287/peerj.preprints.377/supp-12	recover_title	missing_title	openalex	10.7287/peerj.preprints.377/supp-12		W4234914551		1	1
publication_component:database:publication:doi:10.7287/peerj.preprints.377/supp-13	recover_title	missing_title	openalex	10.7287/peerj.preprints.377/supp-13		W4230932061		1	1
publication_component:database:publication:doi:10.7287/peerj.preprints.377/supp-14	recover_title	missing_title	openalex	10.7287/peerj.preprints.377/supp-14		W4231055196		1	1
publication_component:database:publication:doi:10.7287/peerj.preprints.377/supp-2	recover_title	missing_title	openalex	10.7287/peerj.preprints.377/supp-2		W4236805057		1	1
publication_component:database:publication:doi:10.7287/peerj.preprints.377/supp-3	recover_title	missing_title	openalex	10.7287/peerj.preprints.377/supp-3		W4254822530		1	1
publication_component:database:publication:doi:10.7287/peerj.preprints.377/supp-4	recover_title	missing_title	openalex	10.7287/peerj.preprints.377/supp-4		W4234480504		1	1
publication_component:database:publication:doi:10.7287/peerj.preprints.377/supp-5	recover_title	missing_title	openalex	10.7287/peerj.preprints.377/supp-5		W4251014946		1	1
publication_component:database:publication:doi:10.7287/peerj.preprints.377/supp-6	recover_title	missing_title	openalex	10.7287/peerj.preprints.377/supp-6		W4251450679		1	1
publication_component:database:publication:doi:10.7287/peerj.preprints.377/supp-7	recover_title	missing_title	openalex	10.7287/peerj.preprints.377/supp-7		W4247938931		1	1
publication_component:database:publication:doi:10.7287/peerj.preprints.377/supp-8	recover_title	missing_title	openalex	10.7287/peerj.preprints.377/supp-8		W4233109582		1	1
publication_component:database:publication:doi:10.7287/peerj.preprints.377/supp-9	recover_title	missing_title	openalex	10.7287/peerj.preprints.377/supp-9		W4248649061		1	1
publication_component:database:publication:doi:10.7287/peerj.preprints.377v1/supp-1	recover_title	missing_title	openalex	10.7287/peerj.preprints.377v1/supp-1		W4256618424		1	1
publication_component:database:publication:doi:10.7287/peerj.preprints.377v1/supp-10	recover_title	missing_title	openalex	10.7287/peerj.preprints.377v1/supp-10		W4232280994		1	1
publication_component:database:publication:doi:10.7287/peerj.preprints.377v1/supp-11	recover_title	missing_title	openalex	10.7287/peerj.preprints.377v1/supp-11		W4237244614		1	1
publication_component:database:publication:doi:10.7287/peerj.preprints.377v1/supp-12	recover_title	missing_title	openalex	10.7287/peerj.preprints.377v1/supp-12		W4241272712		1	1
publication_component:database:publication:doi:10.7287/peerj.preprints.377v1/supp-13	recover_title	missing_title	openalex	10.7287/peerj.preprints.377v1/supp-13		W4230786408		1	1
publication_component:database:publication:doi:10.7287/peerj.preprints.377v1/supp-14	recover_title	missing_title	openalex	10.7287/peerj.preprints.377v1/supp-14		W4237447856		1	1
publication_component:database:publication:doi:10.7287/peerj.preprints.377v1/supp-2	recover_title	missing_title	openalex	10.7287/peerj.preprints.377v1/supp-2		W4250127219		1	1
publication_component:database:publication:doi:10.7287/peerj.preprints.377v1/supp-3	recover_title	missing_title	openalex	10.7287/peerj.preprints.377v1/supp-3		W4232945669		1	1
publication_component:database:publication:doi:10.7287/peerj.preprints.377v1/supp-4	recover_title	missing_title	openalex	10.7287/peerj.preprints.377v1/supp-4		W4252315983		1	1
publication_component:database:publication:doi:10.7287/peerj.preprints.377v1/supp-5	recover_title	missing_title	openalex	10.7287/peerj.preprints.377v1/supp-5		W4248788169		1	1
publication_component:database:publication:doi:10.7287/peerj.preprints.377v1/supp-6	recover_title	missing_title	openalex	10.7287/peerj.preprints.377v1/supp-6		W4235776043		1	1
publication_component:database:publication:doi:10.7287/peerj.preprints.377v1/supp-7	recover_title	missing_title	openalex	10.7287/peerj.preprints.377v1/supp-7		W4236932687		1	1
publication_component:database:publication:doi:10.7287/peerj.preprints.377v1/supp-8	recover_title	missing_title	openalex	10.7287/peerj.preprints.377v1/supp-8		W4239262853		1	1
publication_component:database:publication:doi:10.7287/peerj.preprints.377v1/supp-9	recover_title	missing_title	openalex	10.7287/peerj.preprints.377v1/supp-9		W4231431230		1	1
publication_component:database:publication:doi:10.7287/peerj.preprints.482/supp-1	recover_title	missing_title	openalex	10.7287/peerj.preprints.482/supp-1		W4240064357		1	1
publication_component:database:publication:doi:10.7287/peerj.preprints.482/supp-2	recover_title	missing_title	openalex	10.7287/peerj.preprints.482/supp-2		W4240994384		1	1
publication_component:database:publication:doi:10.7287/peerj.preprints.482/supp-3	recover_title	missing_title	openalex	10.7287/peerj.preprints.482/supp-3		W4232569206		1	1
publication_component:database:publication:doi:10.7287/peerj.preprints.482v1/supp-1	recover_title	missing_title	openalex	10.7287/peerj.preprints.482v1/supp-1		W4234762576		1	1
publication_component:database:publication:doi:10.7287/peerj.preprints.482v1/supp-2	recover_title	missing_title	openalex	10.7287/peerj.preprints.482v1/supp-2		W4248271989		1	1
publication_component:database:publication:doi:10.7287/peerj.preprints.482v1/supp-3	recover_title	missing_title	openalex	10.7287/peerj.preprints.482v1/supp-3		W4239051120		1	1
publication_component:database:publication:doi:10.7287/peerj.preprints.621/supp-1	recover_title	missing_title	openalex	10.7287/peerj.preprints.621/supp-1		W4249133570		1	1
publication_component:database:publication:doi:10.7287/peerj.preprints.621/supp-2	recover_title	missing_title	openalex	10.7287/peerj.preprints.621/supp-2		W4235407813		1	1
publication_component:database:publication:doi:10.7287/peerj.preprints.621/supp-3	recover_title	missing_title	openalex	10.7287/peerj.preprints.621/supp-3		W4243649290		1	1
publication_component:database:publication:doi:10.7287/peerj.preprints.621/supp-4	recover_title	missing_title	openalex	10.7287/peerj.preprints.621/supp-4		W4232755703		1	1
publication_component:database:publication:doi:10.7287/peerj.preprints.621v1/supp-1	recover_title	missing_title	openalex	10.7287/peerj.preprints.621v1/supp-1		W4239240477		1	1
publication_component:database:publication:doi:10.7287/peerj.preprints.621v1/supp-2	recover_title	missing_title	openalex	10.7287/peerj.preprints.621v1/supp-2		W4236099815		1	1
publication_component:database:publication:doi:10.7287/peerj.preprints.621v1/supp-3	recover_title	missing_title	openalex	10.7287/peerj.preprints.621v1/supp-3		W4234021648		1	1
publication_component:database:publication:doi:10.7287/peerj.preprints.621v1/supp-4	recover_title	missing_title	openalex	10.7287/peerj.preprints.621v1/supp-4		W4233054309		1	1
publication_component:database:publication:doi:10.7287/peerj.preprints.621v1/supp-5	recover_title	missing_title	openalex	10.7287/peerj.preprints.621v1/supp-5		W4242024453		1	1
publication_component:database:publication:doi:10.7287/peerj.preprints.621v1/supp-6	recover_title	missing_title	openalex	10.7287/peerj.preprints.621v1/supp-6		W4245633248		1	1
publication_component:database:publication:doi:10.7287/peerj.preprints.621v1/supp-7	recover_title	missing_title	openalex	10.7287/peerj.preprints.621v1/supp-7		W4251068680		1	1
publication_component:database:publication:doi:10.7287/peerj.preprints.621v1/supp-8	recover_title	missing_title	openalex	10.7287/peerj.preprints.621v1/supp-8		W4242013349		1	1
publication_component:database:publication:doi:10.7287/peerj.preprints.621v2/supp-1	recover_title	missing_title	openalex	10.7287/peerj.preprints.621v2/supp-1		W4256168354		1	1
publication_component:database:publication:doi:10.7287/peerj.preprints.621v2/supp-2	recover_title	missing_title	openalex	10.7287/peerj.preprints.621v2/supp-2		W4243701905		1	1
publication_component:database:publication:doi:10.7287/peerj.preprints.621v2/supp-3	recover_title	missing_title	openalex	10.7287/peerj.preprints.621v2/supp-3		W4244636174		1	1
publication_component:database:publication:doi:10.7287/peerj.preprints.621v2/supp-4	recover_title	missing_title	openalex	10.7287/peerj.preprints.621v2/supp-4		W4237467176		1	1
publication_component:database:publication:doi:10.7868/s0016675813050044	adjudicate_identifier_conflict	database_identity_conflict	openalex;pubmed	10.7868/s0016675813050044	24159804	W4241987207		5	5
publication_component:database:publication:doi:10.7868/s0016675814110071	adjudicate_identifier_conflict	database_identity_conflict	openalex;pubmed	10.7868/s0016675814110071	25857192	W4233334725		5	5
publication_component:database:publication:doi:10.7868/s0026898413010059	adjudicate_identifier_conflict	database_identity_conflict	pubmed	10.7868/s0026898413010059	23705496			4	4
