assignment_id	component_id	logical_lookup_id	provider	route	identifier_namespace	identifier	policy_class	purposes
assignment:875ce5176c190823aad10ce1698c005e981ae3b366bc3dc04ac3a435aaeacefc	publication_component:citation:publication:doi:10.1002/bab.70133	lookup:d62542253ac69d7866a3ca83c601baad6b5f69cd674e8f10c3575f31656ec536	opencitations_meta	metadata_by_omid	omid	br/06013258321	native_title_evidence	recover_title
assignment:b52c126542eaef9ff24ccd58b447207b0b8a884d929fd850cca58735b75107d2	publication_component:citation:publication:doi:10.1002/bies.201600176	lookup:f979fc6fc2ff88b9a5ebb910e4af6edc7ba49252563ce6ec7d5835fea3d4315a	opencitations_meta	metadata_by_omid	omid	br/062302205841	native_title_evidence	recover_title
assignment:154465e634c48f541451a7e54f35fc441aed8b4efbd90005df85881cad863460	publication_component:citation:publication:doi:10.1002/jse.236	lookup:1aa1024634e2730e90d5e40163892134ecd376df4b74a6107414c9cf52b5d7da	opencitations_meta	metadata_by_omid	omid	br/0690673862	native_title_evidence	recover_title
assignment:22fd8ca756272dbb6b5b3c4c4e60a69012f7dc48671b5611ad579f1aa7b04971	publication_component:citation:publication:doi:10.1002/pro.324	lookup:6e78a35967c5d66d4c06ae6e64093b15bcf5fe9e5e6f07c0d498cd31c200c308	opencitations_meta	metadata_by_omid	omid	br/06160991751	native_title_evidence	recover_title
assignment:25844ffaaf3d1ba5d1115d7e36d9f66a6355f0badcb4ddb207729c7d9ef9b2e2	publication_component:citation:publication:doi:10.1007/0-387-27733-1_6	lookup:70a8f0432941b36cd1d8816dd9536669b48ca9f518b1fa401e1c9c0cbd23df43	opencitations_meta	metadata_by_omid	omid	br/06603720166	native_title_evidence	recover_title
assignment:f016414b17da8196d35ce77b6ab1a73d1b09fdfe3381c19a77e8ee5f05e29098	publication_component:citation:publication:doi:10.1007/bf00160154	lookup:6fd58e3e5192a9855a9285cec229e6b34cc2dca04a252e7fbd135ea0afda94a8	opencitations_meta	metadata_by_omid	omid	br/06140243626	native_title_evidence	recover_title
assignment:5d128a5b5a96cbcaf76db81a11159a1d95d2593f9fb4d85fbb1e9f18aa640755	publication_component:citation:publication:doi:10.1007/bf01732067	lookup:f6f076a59c76179540d7e4829aacda17477ac1f0695ab4a55a4cb9248d4b7b10	opencitations_meta	metadata_by_omid	omid	br/06140243024	native_title_evidence	recover_title
assignment:cc4e12c5bd8d3c729c02d7b312b23dcc7c93d337a74b87957a4457a89c60f256	publication_component:citation:publication:doi:10.1007/bf01734359	lookup:1ee620890b887ee21a196cff19d88477130ea4c4ae6595bef31e33a3206f669d	opencitations_meta	metadata_by_omid	omid	br/06140243031	native_title_evidence	recover_title
assignment:9e698b8b4188ee104e2d38671711d453b45462505007ff42def65e01c6005b15	publication_component:citation:publication:doi:10.1007/bf02100115	lookup:08ddf96ae1c63d8b70184e899b703d74d84449ab303b20544b8b08366293d2c9	opencitations_meta	metadata_by_omid	omid	br/06130244248	native_title_evidence	recover_title
assignment:6c132fc82df0bdf526448ba1a5143d90dfbcae1c19915d4c1bcfaf8a4f00b564	publication_component:citation:publication:doi:10.1007/bf02101694	lookup:7a065b112c790e6e838ad4c1c42f8588b8c7490f3eeea6f16ca0d28fcd197e64	opencitations_meta	metadata_by_omid	omid	br/06130244275	native_title_evidence	recover_title
assignment:96cc48efd7dbdd5fc63ac095fb292fd9ef0cce8721776425952023d79909e757	publication_component:citation:publication:doi:10.1007/bf02352289	lookup:5ed293a2f837b593aed1d5a12345e125c07b570bd7b8de9e9e1aa6a4a14de528	opencitations_meta	metadata_by_omid	omid	br/06120243403	native_title_evidence	recover_title
assignment:dbca8133b1fdb792327b84d06947f4dffb4d7d557fa86d1934ab64d2c1ece2d2	publication_component:citation:publication:doi:10.1007/bf02407308	lookup:415089809e174802cb2fb283e559d0914d0a85e1279c3c4a4e48454bde81f442	opencitations_meta	metadata_by_omid	omid	br/06120243213	native_title_evidence	recover_title
assignment:1c99086ce4fa42abe6e7f37d5c6f8aa636a5d4bf0f6da4d97ef28546f4289c53	publication_component:citation:publication:doi:10.1007/bf02498640	lookup:49e75c018cd3e90a90ae0e02a8a948af65826ee61b5928f91b4597f8b9ffb3a3	opencitations_meta	metadata_by_omid	omid	br/06120243108	native_title_evidence	recover_title
assignment:05d188fa5606565d57819967ac65637f4cd7e984fe80536f6cc516a83758f2bb	publication_component:citation:publication:doi:10.1007/pl00006320	lookup:ed526ee9dd24cb871b9c70771d78affd9da1ab21eceed2be2763719f54a4d0f4	opencitations_meta	metadata_by_omid	omid	br/06120243591	native_title_evidence	recover_title
assignment:377bdef162f9398d0082db2a1d0f3e890022760b37685f1bdbabd2b116c6c659	publication_component:citation:publication:doi:10.1007/pl00006427	lookup:31aae229d1651e012ffea9b8d727d5db99248baa46b8deac786ff2088e5f2899	opencitations_meta	metadata_by_omid	omid	br/06130243550	native_title_evidence	recover_title
assignment:2ad99bbab75e8dea3ec113318fa1a9d818b7bd3cc4f6246832a1211d37b7f0e1	publication_component:citation:publication:doi:10.1007/s002399910038	lookup:62f18d0b675af571b05496b3be634ef65ca6ff7d45d87733eeecbca9f1d67982	opencitations_meta	metadata_by_omid	omid	br/06110252607	native_title_evidence	recover_title
assignment:42bc89439c981806db1d0a4880beba9a47b9761d166bd7c635475cdc82b53e83	publication_component:citation:publication:doi:10.1016/0025-5564(87)90074-5	lookup:30b7c7e37a4bc4c10e4066b055259c62772c841a1ac337680bb0d7fec0e353c1	opencitations_meta	metadata_by_omid	omid	br/0620230219	native_title_evidence	recover_title
assignment:9d193746e22891c27422b16cc85256643f95819949280532651a4da9c77e2eaf	publication_component:citation:publication:doi:10.1016/0047-2484(89)90075-4	lookup:06b99f334ea6ec6d092d110c05b5ba6eecf458fc3a5d1bcf4885b993709547e4	opencitations_meta	metadata_by_omid	omid	br/062301455000	native_title_evidence	recover_title
assignment:7f4aa90dd470494537795e29a63de1e0e6b1b8615838772f54624b9fc51050ff	publication_component:citation:publication:doi:10.1016/0304-4149(82)90011-4	lookup:184bf53d3c04e2c79981d07f3241e9cac0870641d20d590a3bd16e36b084a6a5	opencitations_meta	metadata_by_omid	omid	br/06190802436	native_title_evidence	recover_title
assignment:fafdd83df00fcf6765e5b01d094654ef71ddeefe7712755850a37317d7f78647	publication_component:citation:publication:doi:10.1016/b978-1-4832-2734-4.50017-6	lookup:26bbbcb265bbbdb2ae1e31e6b6bf625ffecf27b9284353aab0b708232b7ec936	opencitations_meta	metadata_by_omid	omid	br/061202564347	native_title_evidence	recover_title
assignment:6f3799f5ce0c6db5cf7917490293796e942b91b22c82251db007a6605f46d367	publication_component:citation:publication:doi:10.1016/j.aml.2010.06.021	lookup:7d7b91c406bf8d761777e80e47c8dc40fabc64518604e749bf8f84af49690b43	opencitations_meta	metadata_by_omid	omid	br/06502871853	native_title_evidence	recover_title
assignment:f6080bbab88ac4dc04d6720e8ac4a04be8c34226141ed006b80208d0a631dee2	publication_component:citation:publication:doi:10.1016/j.archoralbio.2004.09.004	lookup:46bf66ba9f01159fb9ce947f4816f09d00fc2b1eae063e6780749b7f063e2363	opencitations_meta	metadata_by_omid	omid	br/061202040593	native_title_evidence	recover_title
assignment:ce8e0b8ee5497475db0bf0987b2bf035a6e96ca26432ae45707a8d100fa90572	publication_component:citation:publication:doi:10.1016/j.bpj.2019.11.3379	lookup:18519e150d8d60470fc15ee760697209a8b78806717fc2127999792baeaa4164	openalex	work_by_doi	doi	10.1016/j.bpj.2019.11.3379	conflict_all_exact_evidence	adjudicate_identifier_conflict;recover_title
assignment:5e36698128ec72c4b90aeac81a1e667c5094103b26e149bcf300eafa19584790	publication_component:citation:publication:doi:10.1016/j.bpj.2019.11.3379	lookup:767d6f2e82590cc214d0c3ab360369ff368664a988715ac93391011b0ddc5231	openalex	work_by_pmid	pmid	31556487	conflict_all_exact_evidence	adjudicate_identifier_conflict;recover_title
assignment:f86a97016029c0c722d76e32ec1654c74071ec97762c0916c9d5f57ee855fb5e	publication_component:citation:publication:doi:10.1016/j.bpj.2019.11.3379	lookup:e3c53cc6fa8dcdb17812fc6ec6fb7f0c97657e133f7231efb3beac1f703e22fe	opencitations_meta	metadata_by_doi	doi	10.1016/j.bpj.2019.11.3379	conflict_all_exact_evidence	adjudicate_identifier_conflict;recover_title
assignment:474b0b2c0e2105754d1710e086eac305729fa152c29af861e755bb0cc053742b	publication_component:citation:publication:doi:10.1016/j.bpj.2019.11.3379	lookup:52fab9fc9d3fa0bfe541313ce7b743e35560543652146d31c681fe10c2d8b5fc	opencitations_meta	metadata_by_omid	omid	br/062503874814	conflict_all_exact_evidence	adjudicate_identifier_conflict;recover_title
assignment:6089ff1aa5657ab923af02b7d1e14b2278517e2f8b2df04e1b74285ee51f9491	publication_component:citation:publication:doi:10.1016/j.bpj.2019.11.3379	lookup:c444eec67bd96cc347db7095c6c5be470be17efc2e14df14883849cb1fe2bf85	pubmed	record_by_pmid	pmid	31556487	conflict_all_exact_evidence	adjudicate_identifier_conflict;recover_title
assignment:2c631d902c5530e14a2d74ba3763e09498ed91fc18ff56b9531e9b796a186801	publication_component:citation:publication:doi:10.1016/j.cbpa.2011.03.005	lookup:7aff63c4e2a4e4c3836dba6b036c052513bbee39776ecefc5d4db9e299cc1750	opencitations_meta	metadata_by_omid	omid	br/0640575358	native_title_evidence	recover_title
assignment:986202e97b1d21f2bdfff8f727175d25285e12d137fed7a467219fd45130696a	publication_component:citation:publication:doi:10.1016/j.chembiol.2016.05.009	lookup:5ffddbaf50b25652dba9106378c51b69beb56c65f7658d69c0bbfd353048c38c	opencitations_meta	metadata_by_omid	omid	br/0670679284	native_title_evidence	recover_title
assignment:79f0077257e5ca43c5f0c5fea8f0d2fc7dcf30230b0b781589fd580403eb0f53	publication_component:citation:publication:doi:10.1016/j.cub.2011.05.058	lookup:bab51224fb0df09988bc4e28c598b16d810a3c2d032c1076359b5be81e39d4a0	opencitations_meta	metadata_by_omid	omid	br/06140114156	native_title_evidence	recover_title
assignment:bf284ac141693fc7f54cbb84fa2f9d0e731921b621651f6d588f67abffb6e671	publication_component:citation:publication:doi:10.1016/j.cub.2015.10.015	lookup:abca3511cccb048b230bc012747d21918511d868e32a5d4e98383306a534c619	opencitations_meta	metadata_by_omid	omid	br/06110124904	native_title_evidence	recover_title
assignment:fcee37f76fad2a8ccb4947ef735b7d6b4d1534f13f72d5ebb508c259be4027c2	publication_component:citation:publication:doi:10.1016/j.ijmyco.2016.11.028	lookup:800cee1a3ec624c7cb7c4813ee12aa8305ff1072dca427d99a3f761e761ee270	opencitations_meta	metadata_by_omid	omid	br/06401101784	native_title_evidence	recover_title
assignment:c6f9903e8f89c0ba7dbb30cc9a42e5250f83067f5af74391a6c58f32ae9a9089	publication_component:citation:publication:doi:10.1016/j.jiph.2021.12.002	lookup:a63ceb14918ef7efe56fbe2c2091d41a5d9354394e63ecd10bd6d776a81b3d02	opencitations_meta	metadata_by_omid	omid	br/061801981784	native_title_evidence	recover_title
assignment:f113c61a5688a775597faedc4c7eb9da3d9ca2acfd7507fa71cfc4a0851258c3	publication_component:citation:publication:doi:10.1016/j.jtbi.2014.02.031	lookup:65343dc318a6f9a4e8bea46ce4012143ffae2ed617eb367914b0a9df17ceb0b8	opencitations_meta	metadata_by_omid	omid	br/061601110319	native_title_evidence	recover_title
assignment:17e50c3f2209108d72054d2028806c4ce1fca6bf7b1ce4232edacea27dcb4bec	publication_component:citation:publication:doi:10.1016/j.meegid.2014.12.002	lookup:dfebfa78cdde73074dbcaac4dcd2fefd1b9f8d383e6e327dac937824cdf47b4e	opencitations_meta	metadata_by_omid	omid	br/061801798909	native_title_evidence	recover_title
assignment:f5e57c57654d5dbfc5dfb52b509ce35ad8921fcdad4993a18cd2d01f8554728f	publication_component:citation:publication:doi:10.1016/j.molmed.2011.12.001	lookup:408245cb3b948ee94b78d36b38c1ede3069cd4723e93b7c487837ed7ab611cd4	opencitations_meta	metadata_by_omid	omid	br/0680467815	native_title_evidence	recover_title
assignment:6d71a439536b42aec0f916b8d0102c3182e322dd85969dc89d04f445dca3c546	publication_component:citation:publication:doi:10.1016/j.plantsci.2016.12.014	lookup:06ff0f548781ab85e9b78dafd444ace146222ab10d7ee8513e1487877b7bda5f	opencitations_meta	metadata_by_omid	omid	br/06120394691	native_title_evidence	recover_title
assignment:9368dbc79fa997c88ad6841ed37a87e7f01c0fecdfd515e0304805e9bfaf3258	publication_component:citation:publication:doi:10.1016/j.tig.2018.05.002	lookup:2d86d63cfedafa33b340ee087ddf0bdbcfcbd5dc3c689480176e74cf53c44668	openalex	work_by_doi	doi	10.1016/j.tig.2018.05.002	conflict_all_exact_evidence	adjudicate_identifier_conflict;recover_title
assignment:4474002b616011eec9ee135131dfcaaaedc163aed4d895adcc637f64c9b8c2a6	publication_component:citation:publication:doi:10.1016/j.tig.2018.05.002	lookup:291372b84b0550f89b8875d2e1ce9f0eb8d536c1025326fb72b2bf9c683979db	openalex	work_by_pmid	pmid	29563166	conflict_all_exact_evidence	adjudicate_identifier_conflict;recover_title
assignment:0fd1ef55a91f55e16c4ee4e82b919348243744cb3e7d5db4275ccd9f3a098777	publication_component:citation:publication:doi:10.1016/j.tig.2018.05.002	lookup:0b8764f832250f11d7c2864febb2eb0b2ca6bc9efa4d27068b76551d2c98127e	opencitations_meta	metadata_by_doi	doi	10.1016/j.tig.2018.05.002	conflict_all_exact_evidence	adjudicate_identifier_conflict;recover_title
assignment:2e9298da6714bba520047fbf16e6b38747c10346ca72340331b5361e6abc6d74	publication_component:citation:publication:doi:10.1016/j.tig.2018.05.002	lookup:4de41498733b09988fc1d39e1e7b5e5ad26b55968c7ec823ba67665983a58574	opencitations_meta	metadata_by_omid	omid	br/06804318585	conflict_all_exact_evidence	adjudicate_identifier_conflict;recover_title
assignment:eaa5c6c74b1fbb92cb19b63fcf0f56f1edfbe7dc8fb2494eface5b1a949068db	publication_component:citation:publication:doi:10.1016/j.tig.2018.05.002	lookup:c8fac0b73420c7f78659d13c0d1682663e3c9c18fddcab57d0c1121b445ae075	pubmed	record_by_pmid	pmid	29563166	conflict_all_exact_evidence	adjudicate_identifier_conflict;recover_title
assignment:4a7a89225536d47eed876f77aaf6d151522aaedcbb6ec3521462f17e51fde898	publication_component:citation:publication:doi:10.1016/j.tplants.2018.05.006	lookup:9637ad044014b5ad1530e56ad153ee94a9fd19c1c66d98ce6cd9787559a7b2f5	openalex	work_by_doi	doi	10.1016/j.tplants.2018.05.006	conflict_all_exact_evidence	adjudicate_identifier_conflict;recover_title
assignment:ac797c55cdb7e3ecb3d1b239c0b42c2fe470e0b6085f4a0876ecc1bea6f818a8	publication_component:citation:publication:doi:10.1016/j.tplants.2018.05.006	lookup:19c19d56b30eee18b1f558585edc079079eca214058f68d8198898d8c7f8b2cc	openalex	work_by_pmid	pmid	28763051	conflict_all_exact_evidence	adjudicate_identifier_conflict;recover_title
assignment:2d1b30431b032a9e9616ca3f26f94cf474082f327ac74b20b53c57d3871e407e	publication_component:citation:publication:doi:10.1016/j.tplants.2018.05.006	lookup:3de41999251f542c7b718b94d50a584ebeaf1dfc4403d98285e3824a48bfa5d4	opencitations_meta	metadata_by_doi	doi	10.1016/j.tplants.2018.05.006	conflict_all_exact_evidence	adjudicate_identifier_conflict;recover_title
assignment:2fa0ce701867434de453fc38517bc56da4b9368992b3e106a7638dd8fd553c61	publication_component:citation:publication:doi:10.1016/j.tplants.2018.05.006	lookup:5598e87aedca1122ff44d67d20f0c83922b5a6654b63029ba82a9eaae6122e26	opencitations_meta	metadata_by_omid	omid	br/062103818118	conflict_all_exact_evidence	adjudicate_identifier_conflict;recover_title
assignment:4a972775eedfc143567e6153aeef13fb4d88643cc09303c2cf329d55c80a0cb7	publication_component:citation:publication:doi:10.1016/j.tplants.2018.05.006	lookup:4d59de53918292210c35446c2edd7302aacbfb52e5eb16ba9dfe518978279e79	pubmed	record_by_pmid	pmid	28763051	conflict_all_exact_evidence	adjudicate_identifier_conflict;recover_title
assignment:6d7fb5a21c3a875976be8792e25e9d0db4fc4fd2c5f1b7a8d55d52bfba3087e3	publication_component:citation:publication:doi:10.1016/j.xplc.2025.101381	lookup:0a3c7c690daac6d04cb7a7d6c0501067f494f4bdc81e6fa2b2a19032a0d49dae	opencitations_meta	metadata_by_omid	omid	br/06012955153	native_title_evidence	recover_title
assignment:11ce87f52af6742ff59c4a850b0359edf9468f5c36aa8e55a0f88ace89349b49	publication_component:citation:publication:doi:10.1016/j.ygeno.2014.06.001	lookup:36249a70d2614491fc94bf07678aa5a79658e054e7186f238563bcfac0231211	opencitations_meta	metadata_by_omid	omid	br/06701455142	native_title_evidence	recover_title
assignment:591ff46b942ae260647fe8303f9f40720b36f56361a02c456ea3057939242966	publication_component:citation:publication:doi:10.1016/j.ympev.2026.108553	lookup:68ad396e110800d042a91709d59bb5462fe4d3a64119166d2316cedce1cd905b	opencitations_meta	metadata_by_omid	omid	br/06014481674	native_title_evidence	recover_title
assignment:a92f8357663a8d53b543e57089bf90c804b5d6fc407bef70f7acbf33fda123e1	publication_component:citation:publication:doi:10.1016/s0076-6879(02)43142-4	lookup:16dc79d800d2395df2b7b3c0914fe9dabe13840dad75f5d075ef5f2e50ede64f	opencitations_meta	metadata_by_omid	omid	br/062103685277	native_title_evidence	recover_title
assignment:a477ee8515979287c266297004ba83fb1ad6162bdf1e15ea4b3b18783b9eb21c	publication_component:citation:publication:doi:10.1016/s0959-437x(02)00348-9	lookup:10cd476e9b88fc254a7248fb41e9b18b82208e2e804f0c3fed57b9d5b70b40b7	opencitations_meta	metadata_by_omid	omid	br/06120854012	native_title_evidence	recover_title
assignment:aedfabc8f0f1d82a9cf78d048820519ca46201c31376453a06df2f1691a3b550	publication_component:citation:publication:doi:10.1016/s2095-3119(18)62023-4	lookup:af6f527131c8795a0bc487796c829fd9d7b3a9265e1dca4be0504ce33f38aaef	opencitations_meta	metadata_by_omid	omid	br/06230743095	native_title_evidence	recover_title
assignment:b686404f92d180ab61aca90087f6c3f3a1a66487ace1e019e8aedf1b345faf8f	publication_component:citation:publication:doi:10.1038/267275a0	lookup:82152be9bd523e0aaf72c0054ba0d98620f0392fb7c9bac296d286463c345c6d	opencitations_meta	metadata_by_omid	omid	br/06150352163	native_title_evidence	recover_title
assignment:e5e44babc43ec235849f2a712ad2ebda1006527cbd1b9216ff10fcceb66ce2ef	publication_component:citation:publication:doi:10.1038/330401a0	lookup:9b37e1b702abc81a935bdc1889a29e60b18ea7e46774eea9bd409263c94fe569	opencitations_meta	metadata_by_omid	omid	br/0610362813	native_title_evidence	recover_title
assignment:e53d93d3351be5aeadc283b7e71c1619dc89a02269e93f6a1355ac0173db125b	publication_component:citation:publication:doi:10.1038/75556	lookup:22d88e711a0d0ffb3c454cb57382cdefb3372bdcc411aa4fe6f37e83e7ab869c	opencitations_meta	metadata_by_omid	omid	br/06303015847	native_title_evidence	recover_title
assignment:babfbadd552da5d6a24701b4c27ad4610aa16ac3ebcb80e1e4f84046fd8ae5cc	publication_component:citation:publication:doi:10.1038/nature01858	lookup:8e8c1992fdb25bba16a7f192bb379f0c9580d47940ede6658a1763f906724e4d	opencitations_meta	metadata_by_omid	omid	br/06110362354	native_title_evidence	recover_title
assignment:bbf2fa66d115a2f98e3b9dee2a722831b0d8cc382110a1e4fd39a913cc9936a1	publication_component:citation:publication:doi:10.1038/nature19790	lookup:d7559082a66be7ac8821158b00b7231569ec1cbabc52ed31caa2395a935cf86e	opencitations_meta	metadata_by_omid	omid	br/06260366093	native_title_evidence	recover_title
assignment:e5a94ee0660fa475f3225a23f369b1ec14d3c6fbf83d27e5ab4a952a647915c7	publication_component:citation:publication:doi:10.1038/nature22040	lookup:1d36b005f3748d69e990f2a0cba557cf658b45629c1cfab998841fcc1d701ba5	opencitations_meta	metadata_by_omid	omid	br/06250348473	native_title_evidence	recover_title
assignment:0462705fe2ab48fc01c78fb87c547eeb10474b49769b4f261cfdd248d6c1d354	publication_component:citation:publication:doi:10.1038/ncomms15483	lookup:50bf1f942e4ea68098020637aae72c7357da4a0c0492e819eb8ffe8740932a89	opencitations_meta	metadata_by_omid	omid	br/061701311462	native_title_evidence	recover_title
assignment:7b95a8f9d070eff9873582990456d8862a5716762efb92f5f9805b50583e7220	publication_component:citation:publication:doi:10.1038/ncomms5087	lookup:ec2f32830ad82259abc47edfc4b3ed113c782c37eb2f43097b15b92fd1af53e3	opencitations_meta	metadata_by_omid	omid	br/06201320025	native_title_evidence	recover_title
assignment:359d7b5c6da00d4c6bb07cf741254b92d28e221b2c580515b26aff35a781c9fa	publication_component:citation:publication:doi:10.1038/ng.477	lookup:5bfbcf0ff6307eff90a5d2c38b70331c3eff4375da831d3bd826619ec8dce258	opencitations_meta	metadata_by_omid	omid	br/06702996350	native_title_evidence	recover_title
assignment:091257ca670f5ecbb1e9f9f617d046b00fb4850569f3210d4543b3d175298e5d	publication_component:citation:publication:doi:10.1038/ng.997	lookup:e8b80cf880889b55d5d2460d5371045e01a2b50abf71882a96c5c7224c0f08ec	opencitations_meta	metadata_by_omid	omid	br/06702995749	native_title_evidence	recover_title
assignment:1ddc3af2ffd22f0405ec25f6d23ebd5841a058a1c55ff20d5dfd14f290914eae	publication_component:citation:publication:doi:10.1038/nrg.2016.49	lookup:3c2a9a2fc26a92679e1399413ae6b6246461b04096e1ba7a99f5a0128a3a494d	opencitations_meta	metadata_by_omid	omid	br/06601477788	native_title_evidence	recover_title
assignment:254206639dbdb856602dfef94e6197021d59a46fecc78633e69c76c54919bad3	publication_component:citation:publication:doi:10.1038/nrmicro.2015.13	lookup:a6878b62fd3dfb8cb4a5db1bd95e846c3b84e206d4cf9ef4bf42e7dfe30e63f2	opencitations_meta	metadata_by_omid	omid	br/06801642073	native_title_evidence	recover_title
assignment:3d53f568695736d091523da0dd40d1910e2fad1d1697f3b8b86b80132ce2e597	publication_component:citation:publication:doi:10.1038/s41467-020-19248-0	lookup:890de2220ee3c520cb035c8313f4347e116817dd5057d9f1b96fee112fc6f93c	opencitations_meta	metadata_by_omid	omid	br/062201302749	native_title_evidence	recover_title
assignment:8ff8407de31af7f35166216c7db77fc855bb7b8992ec0ec3157e114448ecd8a6	publication_component:citation:publication:doi:10.1038/s41467-022-31097-7	lookup:c63570160caececb5ca217427bd2a13f504211e6b4e011415d00b7a90bf9707d	opencitations_meta	metadata_by_omid	omid	br/06901326648	native_title_evidence	recover_title
assignment:baec15fc9579f87e2995465d41f12daf654b25d5c2a1c299c58dec743bfe187a	publication_component:citation:publication:doi:10.1038/s41559-017-0366-5	lookup:694bfce36f4aec2757c3e77b9445bdb7d5d8f00ca43623cb383a1ca10104d1b5	opencitations_meta	metadata_by_omid	omid	br/061601955429	native_title_evidence	recover_title
assignment:fa7df0b0e5aab60715499788bc78742cd694628583024d55bb01c16b552b5bf1	publication_component:citation:publication:doi:10.1038/s41559-018-0493-7	lookup:577e111effab844c8a7511b0f5a6774daad01e3b149ab89916b3e8f7dc9d7add	opencitations_meta	metadata_by_omid	omid	br/061601955324	native_title_evidence	recover_title
assignment:88d27d44f34d527f86764008966107db267a27e8527833c26dc66e0d7d8f9fad	publication_component:citation:publication:doi:10.1038/s41576-019-0119-1	lookup:5c85b252839d2ce652f85d28b77dc8cac6204a92eb4484446cef89487b3509bc	opencitations_meta	metadata_by_omid	omid	br/06501489589	native_title_evidence	recover_title
assignment:fb4a0b98dc1e9776d9bb21f27cc03228dbcfcc3fe836c1a36d5a74c8f7ae65d6	publication_component:citation:publication:doi:10.1038/s41588-017-0029-0	lookup:dc812509cbc09d5320a61d7878c400bf5cf4592e65752aae95906691f409f631	opencitations_meta	metadata_by_omid	omid	br/06503019832	native_title_evidence	recover_title
assignment:a5a8e3e509098932ce6442632065b849544c8a4115f3c570480c479c78399da0	publication_component:citation:publication:doi:10.1038/s41598-018-26824-4	lookup:cca986f8070e920e6b8f712712a0efb60632e02600a1ca7c628c48fa35544ed0	opencitations_meta	metadata_by_omid	omid	br/06403037801	native_title_evidence	recover_title
assignment:fbf20f86dabd6fc44d521599997e69f93d0a2a9796e7168dcfb2a191a2789eb1	publication_component:citation:publication:doi:10.1038/s41598-018-28948-z	lookup:dd3db2cab974c73fb3fb5669b01e982826004b962ad36ec36751c8d1930a48db	opencitations_meta	metadata_by_omid	omid	br/06203034009	native_title_evidence	recover_title
assignment:1c186d045f4677731e2638452fbaed2c415f8eceb86356167fa6c732bc0cd1cc	publication_component:citation:publication:doi:10.1038/srep18661	lookup:626d7daa616716a4efbe59a8705946fa5659e5c7744bdad16bb7264a979e367f	opencitations_meta	metadata_by_omid	omid	br/061102631413	native_title_evidence	recover_title
assignment:1b352257b57f2216b234198079f4ee730ff2e165477d2b94fad7e8cc4ea65275	publication_component:citation:publication:doi:10.1039/d1sc04832e	lookup:3287a83f4b7cb515082ae84742da748e467c2ce4e881eb4b90d068a11ee25d93	opencitations_meta	metadata_by_omid	omid	br/06210493468	native_title_evidence	recover_title
assignment:8096b1f0f4132335b5124d1259eb9564c07f8a46a6f0a6fd1dfe135d740dbc7c	publication_component:citation:publication:doi:10.1046/j.1365-2540.2001.00895.x	lookup:641b8e072f8a34d70671f5377f24e90df0b27ebf7d2ccb2400c8e3136320d338	opencitations_meta	metadata_by_omid	omid	br/06160961647	native_title_evidence	recover_title
assignment:20417fc9476a9b9e92fb2ee16fa91a68f08b89876789d1612edda8baec08d30b	publication_component:citation:publication:doi:10.1071/ma20011	lookup:79d3002bab26c8dce406ddd5d034492e37a7dbc78e281684ed4326501def9dba	opencitations_meta	metadata_by_omid	omid	br/061801086449	native_title_evidence	recover_title
assignment:649fd5eecda6017291a541ffaa585059484afc078f4805677eb378aaebcc0ea9	publication_component:citation:publication:doi:10.1073/pnas.0409853102	lookup:8411f6ca4d999610a551a9a6c49119fc065fbbbcc2a581825c0907a6d263169b	opencitations_meta	metadata_by_omid	omid	br/061703066994	native_title_evidence	recover_title
assignment:51a27b7c2b4c881fb0fdbbfe5d64ec1c2a8cd9925843015b01ef05cf910ba4ca	publication_component:citation:publication:doi:10.1073/pnas.0500371102	lookup:980acf9fa6bf8a6b093396852ebf00f2ae3c35bc3c16af593b0ebf223d41040c	opencitations_meta	metadata_by_omid	omid	br/061603071664	native_title_evidence	recover_title
assignment:710f28bb5321314f5cd77829f5d9d20398739bbb19776ab3c7c8e4182f477c28	publication_component:citation:publication:doi:10.1073/pnas.0700435104	lookup:e2c3bff36402aac9d881fcf9bdd69d510784514cc50379c48f59ef774e15c0e8	opencitations_meta	metadata_by_omid	omid	br/06303478876	native_title_evidence	recover_title
assignment:b1fe09705db562e1bab6c2a9a0ee28f824f4265449bd11d4d7e1174a6b0d58d4	publication_component:citation:publication:doi:10.1080/106351500750049752	lookup:3d76f314e3bf4a277bc2dd77cd4b38a80ecf33d4ea706c45724a21f216da63fa	opencitations_meta	metadata_by_omid	omid	br/061801032550	native_title_evidence	recover_title
assignment:66c9da758a18f680e675994922471cbbb6d99c32316cd181e570b6cca8ec9e2b	publication_component:citation:publication:doi:10.1080/10635150290102339	lookup:c937fd0523c4571193802cb083673359fe1bd260eff920ca2159f201f2df2ee0	opencitations_meta	metadata_by_omid	omid	br/0690440511	native_title_evidence	recover_title
assignment:4544f320bf21ed3d8069de108dc72668b726dc7aa1657a62237fd2e6b0effa27	publication_component:citation:publication:doi:10.1080/10635150290102375	lookup:03ce6dfd8e2b75ed4d4afcf244f289f0488bb4e793dac994a8f3d3e5844ae684	opencitations_meta	metadata_by_omid	omid	br/0690440497	native_title_evidence	recover_title
assignment:31cfac5643ad66ac403461877f973761b75bdfad4a868538a27125559d14db2e	publication_component:citation:publication:doi:10.1080/10635150390192780	lookup:85d0c83968b2b592b356212ff3de647bf1dcd6348a6dd2692232ee76bfbb457d	opencitations_meta	metadata_by_omid	omid	br/0690440446	native_title_evidence	recover_title
assignment:7459a6140f3d98ba739228b4f09925b1c0f74164adeeae7ea0a5e977f990c88c	publication_component:citation:publication:doi:10.1080/10635150390238879	lookup:bd7ba3c2172e86004e3971682fe1f9c28b2daf8e2b7e1bd9421d65d6177d9845	opencitations_meta	metadata_by_omid	omid	br/0690440429	native_title_evidence	recover_title
assignment:3bebe47c1c1fdd2b373704cbbd26abb0cd160cc843c39150d42404d0e3f63132	publication_component:citation:publication:doi:10.1080/10635150701613783	lookup:cb9ec99bd3831aad5dbb0aa168d676bc2e03f6f3320c7883f58761c8ef308203	opencitations_meta	metadata_by_omid	omid	br/0670430009	native_title_evidence	recover_title
assignment:83504cac69dfb782698df43b7ca73765a5d8fa2b2099a0377acaa9c14f65b827	publication_component:citation:publication:doi:10.1080/106351599260193	lookup:0c2722123ec650aff3ae5248ebd0d3568c106afd4bc14551136f3f193afb0d96	opencitations_meta	metadata_by_omid	omid	br/061801032739	native_title_evidence	recover_title
assignment:7d7a953012caa9f632d151512a300f237d68275a9f719e99d0b8ac18cdd078b4	publication_component:citation:publication:doi:10.1086/503914	lookup:3cded519daa9ddd8155dfcfce570a7eee6b7a788d9c948526a45805e9c98a0ad	opencitations_meta	metadata_by_omid	omid	br/062401228893	native_title_evidence	recover_title
assignment:ab3148fdd76a92ac941151f0c6c6ae39acd1afcccc3be809d81ec7c70035f775	publication_component:citation:publication:doi:10.1086/738376	lookup:7664b16700dcd9c60ae3ef32f18bdc112fa7e25a022ed4264b7153850c1f87b5	opencitations_meta	metadata_by_omid	omid	br/06012331983	native_title_evidence	recover_title
assignment:385a5230aec28348370626276990cbca5dd87e5efb046d9697f51f8916107ed3	publication_component:citation:publication:doi:10.1089/fpd.2019.2662	lookup:c188b1a097779daf84854464d3980d553f4b0914713124a93d61349321aaeb44	opencitations_meta	metadata_by_omid	omid	br/06501196974	native_title_evidence	recover_title
assignment:b4b8e53702f4da848df21224212c90ce33e983eb2e99d7ce756c7abdb3890b8a	publication_component:citation:publication:doi:10.1093/bib/5.2.150	lookup:65aab0ef12a2f142830d2114392ad7544cf543dea9e6311d379085eec53bb08d	opencitations_meta	metadata_by_omid	omid	br/06801044831	native_title_evidence	recover_title
assignment:d632b2e74def77b0fe0af494628da180e09d0f3c3da7f6d8b34d4ad3c2f400a3	publication_component:citation:publication:doi:10.1093/bioinformatics/13.3.235	lookup:7e7e16393877d5f9d14d8a76247138e7dffd5c5bfe08dc51b831bf8c2257ea6b	opencitations_meta	metadata_by_omid	omid	br/06190574602	native_title_evidence	recover_title
assignment:91ec12589a18c38283ef72a07c20c81278efef156ecd46fd78e3c6a2a15879b8	publication_component:citation:publication:doi:10.1093/bioinformatics/17.7.662	lookup:4e43e3a923b86ee2e3e500e4e249b82fbffa5278c8084994424bdec78b814d35	opencitations_meta	metadata_by_omid	omid	br/0650572011	native_title_evidence	recover_title
assignment:7358e26f4278c0058a47d023b13a1c40e72facea56feb9906fc9860b8592cac0	publication_component:citation:publication:doi:10.1093/bioinformatics/17.8.754	lookup:c94ee86912ea511cfaa89da5fab223294cbec2df1174e78f9e75a20123cf0c6c	opencitations_meta	metadata_by_omid	omid	br/0650571707	native_title_evidence	recover_title
assignment:a2c82642e79e70bc13c8288c28b81f87856463f66918f34ce048f0f8d920012e	publication_component:citation:publication:doi:10.1093/bioinformatics/8.3.275	lookup:99bee072074929377627d00140a4fe989c2e22688995c50d6c44fce5a52bc0eb	opencitations_meta	metadata_by_omid	omid	br/06190575067	native_title_evidence	recover_title
assignment:4fdc5ddfcb2def607a5ee357842a0f8239155d6ec6a9cfb938d2a92ceaf72ccc	publication_component:citation:publication:doi:10.1093/bioinformatics/btg180	lookup:0c4c6da205f7c766415804085a634e6d21f6b68695cb9d25ec28dd175112cb84	opencitations_meta	metadata_by_omid	omid	br/06230576829	native_title_evidence	recover_title
assignment:78f75dffd4a7eb96638fab7371eb45515cf2db2752cad5f9d7927248b2a8b5e9	publication_component:citation:publication:doi:10.1093/bioinformatics/bti191	lookup:1feecee8d0c497181486224932ee3a9bb17882693600cf81acf7b64ba5876066	opencitations_meta	metadata_by_omid	omid	br/06220567424	native_title_evidence	recover_title
assignment:7ac59efe8febeb96e9d4a936754942a2e21378630497b2af956a6a206f15efaa	publication_component:citation:publication:doi:10.1093/bioinformatics/btm165	lookup:f073b003a3b775fc233f1215503ceb27d5a69aee72a89697c00438ad0d435abd	opencitations_meta	metadata_by_omid	omid	br/06180571644	native_title_evidence	recover_title
assignment:1f3875733d3f6e3f9688bd189e5ea78e95ecbcb80284853aebfb89f974757bb7	publication_component:citation:publication:doi:10.1093/bioinformatics/btp033	lookup:9ffd3d46eac0c84227bbefe1a1097f94c85c72a15113642afc56c30269bd141f	opencitations_meta	metadata_by_omid	omid	br/06170568666	native_title_evidence	recover_title
assignment:4c3ffe8aaf88ff2027844622d97153072a33ca7af51f386df262b2fe38191a78	publication_component:citation:publication:doi:10.1093/bioinformatics/bts480	lookup:205644fa87a261d8a3a01704a294d1e0536ce275d8e845d84aa7659c5edfb768	opencitations_meta	metadata_by_omid	omid	br/061103910313	native_title_evidence	recover_title
assignment:6dfc4a5bac96c3ec28bfc90510b46ac39f062c2dbf6f32d79ea435a84e976e53	publication_component:citation:publication:doi:10.1093/bioinformatics/bts633	lookup:87bede4a5d0a5655b0da353c8f31956a5fa1087dbd41b6b0e977c1b8843f0400	opencitations_meta	metadata_by_omid	omid	br/06150571218	native_title_evidence	recover_title
assignment:5fd0bc38492aca55f2b008c4146fbeac1ef67ad35f77a3a1f79a352ebf3cc79b	publication_component:citation:publication:doi:10.1093/bioinformatics/btu033	lookup:eddaead8d7c91deb86aa73e857e23407c3779ab21dd976aa1151451044ddbfe7	opencitations_meta	metadata_by_omid	omid	br/06140561646	native_title_evidence	recover_title
assignment:801d1d1dbed57fd5e32534f815c3753f5982fd7e1ec3156afc742ef443cf9361	publication_component:citation:publication:doi:10.1093/bioinformatics/btv557	lookup:7681e1f50afcceef1bb206dbca7853841131ad61f1c567d658dc13248d6c67df	opencitations_meta	metadata_by_omid	omid	br/06120563717	native_title_evidence	recover_title
assignment:a303d341f8f4dbfeed4068850c6891af0d0ef7040c58af6a44d93e48245339d3	publication_component:citation:publication:doi:10.1093/bioinformatics/btx324	lookup:1c3fa7a9425e7834f49b342f1f78e53baaeb0e19fd7637516f6496e4a1271dac	opencitations_meta	metadata_by_omid	omid	br/06110574677	native_title_evidence	recover_title
assignment:2a26292c16f65ed1276766ba1b54686e017aa630e3ad293aa56bbc1d81ed1b4a	publication_component:citation:publication:doi:10.1093/bioinformatics/btz305	lookup:cd8acf18f7bab8eb4568f83f2fc9bdd0674a9b47ef30eaf71c73c938acf30cc0	opencitations_meta	metadata_by_omid	omid	br/0680575321	native_title_evidence	recover_title
assignment:656b2df048e9d8acce2a7fb4de30b3574b0429e08760298c3b610990c5de2c78	publication_component:citation:publication:doi:10.1093/evlett/qrae039/7731525	lookup:a2caf439dcea9b20693c215f113073c269d3462359fc491b5c940450b09de1f7	opencitations_meta	metadata_by_omid	omid	br/06023164755	native_title_evidence	recover_title
assignment:0b9983a49396fe5e60e16f0f07e2a3df864a0ea80c808b52b4fa39f7ddfb5285	publication_component:citation:publication:doi:10.1093/evolinnean/kzaf005	lookup:5df1ee093a7ab1a85de78b14ba4e2922f306d018ceb42222522e9b75cdc76f10	opencitations_meta	metadata_by_omid	omid	br/06011165595	native_title_evidence	recover_title
assignment:73608f599c98f61051d68c71e6468dcf006d9094a9b9f7341d82d5472e828d7d	publication_component:citation:publication:doi:10.1093/gbe/evaa028/5736135	lookup:fbb6ef93161b568785ac09a26d9404ed77f7e03107eca11e73ee75c2f062f2d7	opencitations_meta	metadata_by_omid	omid	br/06023164779	native_title_evidence	recover_title
assignment:1553a3c83953b83997dd1ad1b43e7d5e2d5252b2dac75af80ffb8757bc75d11a	publication_component:citation:publication:doi:10.1093/gbe/evac069	lookup:f1951dc84ff72b7513d59282540ddb642f65e5c26ab96bffd82965bbdc784863	openalex	work_by_doi	doi	10.1093/gbe/evac069	conflict_all_exact_evidence	adjudicate_identifier_conflict
assignment:c9594403984cefebcb6feb4942a79d83e2f98e6adfb91afb956fdea164c09470	publication_component:citation:publication:doi:10.1093/gbe/evac069	lookup:62769e155c046265ccdbb25f5024fc5e33b8c398de94d8ba4d73576830c565ac	openalex	work_by_openalex_id	openalex	W4229446964	conflict_all_exact_evidence	adjudicate_identifier_conflict
assignment:ae91a5397daca106bbd79302fb0207d5256df7d676445c52fe54e5d3fd5830ea	publication_component:citation:publication:doi:10.1093/gbe/evac069	lookup:34f5663bd42d1252798f2d4ae7123028f5e965e4d69e0f18c98b8210d5019add	openalex	work_by_pmid	pmid	35533072	conflict_all_exact_evidence	adjudicate_identifier_conflict
assignment:572fc661116187840069410e521b18af55a86682e509e250e7cc914d971adbcc	publication_component:citation:publication:doi:10.1093/gbe/evac069	lookup:5a2d981bbfe349e1bac32d540252da70c17c20c8f5cfeeab8ab7dc74998a8d77	openalex	work_by_pmid	pmid	35660862	conflict_all_exact_evidence	adjudicate_identifier_conflict
assignment:3f4fb24ab4d29ac5d87747fdba5d47c7203b71b3441da4a6a9eef3062ec93029	publication_component:citation:publication:doi:10.1093/gbe/evac069	lookup:33c750f72bf1ea19c07efeeb5a61021e6c5bdaa7c89271be7657084a924af22e	opencitations_meta	metadata_by_doi	doi	10.1093/gbe/evac069	conflict_all_exact_evidence	adjudicate_identifier_conflict
assignment:059ea5f6178df49800e620df90a5a871bc36ffc490ac89b89d8f45d3928304ff	publication_component:citation:publication:doi:10.1093/gbe/evac069	lookup:5345ac878f434666c7c5ec9513b1bb0cf4c60779eeea9bddc6014b7b6f5faf67	opencitations_meta	metadata_by_omid	omid	br/06180296733	conflict_all_exact_evidence	adjudicate_identifier_conflict
assignment:773b76dbdcdb46a4be66bd5495156931eee0c1efa3bdc24bd41c15ab345c3035	publication_component:citation:publication:doi:10.1093/gbe/evac069	lookup:ade227974c7b890531894d201ea9518e54b800948960bd0cd4bd6efc033e8825	pubmed	record_by_pmid	pmid	35533072	conflict_all_exact_evidence	adjudicate_identifier_conflict
assignment:26b14a76d2ddc561b44a758f4cd369e324f5d67740b4be62a63235b485b073cb	publication_component:citation:publication:doi:10.1093/gbe/evac069	lookup:606de130234dab0bb024c299998a86311699df3ef6c95af04ed50d68829d21b0	pubmed	record_by_pmid	pmid	35660862	conflict_all_exact_evidence	adjudicate_identifier_conflict
assignment:1b37102f9ea5ca6dc778f3e9dc79b719cb17db45faa9c7fd5b28df54c57b4d59	publication_component:citation:publication:doi:10.1093/gbe/evaf247	lookup:ce46ad11609d87ff25820f5e7f8a12c42ceae8011e54ec78d841bbed725931f5	opencitations_meta	metadata_by_omid	omid	br/06013819352	native_title_evidence	recover_title
assignment:b5052b6c1a61c22bcef982ef90ed40bc9c6bb3eeef5d0c02891149cccf9559fc	publication_component:citation:publication:doi:10.1093/gbe/evr101	lookup:7d20a56692de1fe163ddf78d86372d5bcaa4ef8bd96a35578642488fab3cb3f5	opencitations_meta	metadata_by_omid	omid	br/06210296905	native_title_evidence	recover_title
assignment:f51ef85033f36eddce38a2bed974267b9b237305f1bf634f5ec9b1b1ac450e9e	publication_component:citation:publication:doi:10.1093/gbe/evz090	lookup:59e432df4d7aba3f92456e45267b0fd04881b17dce9ec9d3526ea56f41d0ffb1	openalex	work_by_doi	doi	10.1093/gbe/evz090	conflict_all_exact_evidence	adjudicate_identifier_conflict
assignment:49c2da946e8fda8a2b60088179f8aa15d4b51c7e5ca7cc8bbaf4a3e396fddfd1	publication_component:citation:publication:doi:10.1093/gbe/evz090	lookup:f52ae81851dbce35720bfb42c2a86202f27317fc5b1b207e08b22b6771a9a92d	openalex	work_by_openalex_id	openalex	W2952722488	conflict_all_exact_evidence	adjudicate_identifier_conflict
assignment:0d5f1b9ad48b806cad15c8b7385ecb0b94c9038ba76c2fdcae13e33f85d3b89c	publication_component:citation:publication:doi:10.1093/gbe/evz090	lookup:45bcdeae9ad0b5e19b4aa942cfa2ef43f0ef5a967fe1fa5cf6341cc71fe0ed7d	openalex	work_by_pmid	pmid	31028697	conflict_all_exact_evidence	adjudicate_identifier_conflict
assignment:2ebb2b715780dbaa9e2a824dbda413a0496ce00ad2713800425f316988c9e09a	publication_component:citation:publication:doi:10.1093/gbe/evz090	lookup:7a55536243e32bfcf3c2142064fa1357c5d2b3c2f9b2b03b9799a3bcf3329aab	opencitations_meta	metadata_by_doi	doi	10.1093/gbe/evz090	conflict_all_exact_evidence	adjudicate_identifier_conflict
assignment:b59adcf4c963a0f474d1a8f2ae63ac0ce698bda6e37a1557ebfef68b8dee8c51	publication_component:citation:publication:doi:10.1093/gbe/evz090	lookup:a458f6f346711fc1102c2531deed585d256808591ec6ab96f7082851f8611142	opencitations_meta	metadata_by_omid	omid	br/06180297523	conflict_all_exact_evidence	adjudicate_identifier_conflict
assignment:35ea830c440d5abcc7d88df0a5a20d1585e1d00c818abb0060f494556b3785d5	publication_component:citation:publication:doi:10.1093/gbe/evz090	lookup:6f78abaafdd4b75130e5b8063aa4f04abddab19416f6073609b528fd3000ac8b	pubmed	record_by_pmid	pmid	31028697	conflict_all_exact_evidence	adjudicate_identifier_conflict
assignment:21a14063ec36bd45e4c9d190c56a480f3e3785d501ea220f0f92531391ba1106	publication_component:citation:publication:doi:10.1093/genetics/146.4.1501	lookup:76e27debe369ee0b35a993f927c1b26b2c9615ad722443b1118d68ecbf9943bf	opencitations_meta	metadata_by_omid	omid	br/061102240268	native_title_evidence	recover_title
assignment:009b121138fa38db2e83043e25a7e6b6d614dee04f3a396b52de966a38b2c9d3	publication_component:citation:publication:doi:10.1093/genetics/148.3.929	lookup:a406e495393311262ac91334ac3b70b3f86561e7d76334c5b6121bacdabd6a69	opencitations_meta	metadata_by_omid	omid	br/06702590903	native_title_evidence	recover_title
assignment:d8ad468f3840adf6c032bc174d7367d1fd3312935fd779715005a76801f63fd6	publication_component:citation:publication:doi:10.1093/genetics/155.1.431	lookup:9d084dd536a258ca6aca0448684b23c122d8acb57a93a1509f777a17da28fa81	opencitations_meta	metadata_by_omid	omid	br/06302610264	native_title_evidence	recover_title
assignment:872b49cfdee595fe5845864aa968c4fd7dffc2d7d046a1e22f2d6e5fa3a3d5bf	publication_component:citation:publication:doi:10.1093/genetics/164.3.1229	lookup:7ea205f1c6420435a85304e43f93f56878e533257210c93528dc84b8ba055de9	opencitations_meta	metadata_by_omid	omid	br/06402619009	native_title_evidence	recover_title
assignment:89dc0ff079bfa704af3a6b9ef45b7a4f6553fb40132f65379540dbe9992e1ead	publication_component:citation:publication:doi:10.1093/genetics/49.4.725	lookup:1a8747bf170217b75e2654f3111d5c67ed1fc2247a522e5e0f0ca0d4ee0def06	opencitations_meta	metadata_by_omid	omid	br/06802609310	native_title_evidence	recover_title
assignment:b325996422c0d3ef9be6941dcdeef017507ff41639be61e10ab83599e469b5c5	publication_component:citation:publication:doi:10.1093/infdis/jit345	lookup:558166f561101fc2cede2378627bcb156b608a69ecec29831f488c61c13faeee	opencitations_meta	metadata_by_omid	omid	br/06150782801	native_title_evidence	recover_title
assignment:5ce3ccb78c644c2c4fea036a869825ea44d35a05c9ccd72f4f8576547fd52b27	publication_component:citation:publication:doi:10.1093/infdis/jix411	lookup:370f55a9324a28fb4f81f7257ba59fab87f65fc062a3abd182c9b37102b08271	opencitations_meta	metadata_by_omid	omid	br/06120772386	native_title_evidence	recover_title
assignment:73ed881a71b2cbdace2216221711a21e2b217227fb4985c54db7373e8c0163a8	publication_component:citation:publication:doi:10.1093/molbev/msaa015	lookup:811e13411dd6b23f62761db66c7c263edd0444e25c55870257bb07013fbb339f	opencitations_meta	metadata_by_omid	omid	br/062204102337	native_title_evidence	recover_title
assignment:1ec2609164b4739dec11db8a237d49e3076238d6057350094624a4371d772c6d	publication_component:citation:publication:doi:10.1093/molbev/msaa016	lookup:e960b59df778a151e8cdffff09c8b00e7d0def334fba68229d63d835ad119df2	opencitations_meta	metadata_by_omid	omid	br/06604322071	native_title_evidence	recover_title
assignment:02b5098e8f30bbf83b340cf720109dd9f914703946c8d3fde08d29cdf4f43283	publication_component:citation:publication:doi:10.1093/molbev/msab040	lookup:f62d9974ce573f385b657f923745196a2759475fd394958ec01fb4f400eb6152	opencitations_meta	metadata_by_omid	omid	br/062101143576	native_title_evidence	recover_title
assignment:71e72f2b799707fa914d1fb9fd313c5993d23763cb08fdbfd0757168af0f05e8	publication_component:citation:publication:doi:10.1093/molbev/msab055	lookup:97f5473c1614d2303e3a772ffe44cc985c8e60f5713775c80d2b77398c3036bc	openalex	work_by_doi	doi	10.1093/molbev/msab055	conflict_all_exact_evidence	adjudicate_identifier_conflict
assignment:f9ac632705fc206ef70599c425708d070cb549ea1bab61895504e2a492f8dc23	publication_component:citation:publication:doi:10.1093/molbev/msab055	lookup:c444677965bdbab46d8b8b01134c7f8d99df039c9efbf2e5dc4ec558f470b6bc	openalex	work_by_openalex_id	openalex	W3130826880	conflict_all_exact_evidence	adjudicate_identifier_conflict
assignment:47902b3ce336c5c50a37080d2d99a3ca6e6e63577ec2f3823744d8de61fc1028	publication_component:citation:publication:doi:10.1093/molbev/msab055	lookup:b7a623d268a2027d9131bba87dc6e040acbadbb1e411d6369e7d461d1eec4167	openalex	work_by_pmid	pmid	33624822	conflict_all_exact_evidence	adjudicate_identifier_conflict
assignment:486a2d10d2321153c854db95b16a7e3c8cc76e2bf4ce13435cfc98bff0829add	publication_component:citation:publication:doi:10.1093/molbev/msab055	lookup:ab82f0ecddf146509d4775993da0bf669fd4be7e34b750a21df73ac4fe52246f	openalex	work_by_pmid	pmid	34426844	conflict_all_exact_evidence	adjudicate_identifier_conflict
assignment:08654390900e7f2e17ed56581beddf1c36b70ff8d98bc62dc25de2930d041684	publication_component:citation:publication:doi:10.1093/molbev/msab055	lookup:c970a5b0836f84050a34a2a197ba4ac2f58f1bc9599104644c35b34cbab02531	opencitations_meta	metadata_by_doi	doi	10.1093/molbev/msab055	conflict_all_exact_evidence	adjudicate_identifier_conflict
assignment:72089440a4073af9a94150780ca72431c6319cb9535a8837bbe4e5bddf325b22	publication_component:citation:publication:doi:10.1093/molbev/msab055	lookup:273b06fda6068f02b9721ba9e6859b599fd71806990923ee78012725faed4f02	opencitations_meta	metadata_by_omid	omid	br/062101143558	conflict_all_exact_evidence	adjudicate_identifier_conflict
assignment:c0d4a3607e4bd1a7fad37f559f481305e0b1d47f32ab8dea5b0ef14abb64ab09	publication_component:citation:publication:doi:10.1093/molbev/msab055	lookup:42c6ba642a159924515e6e8e5cab3df3042528eb72bb33c060cb0167470a664b	pubmed	record_by_pmid	pmid	33624822	conflict_all_exact_evidence	adjudicate_identifier_conflict
assignment:6341d73e30a4ecae01479fea280f8e8fd6a9185d8af6546322647014fd2af03e	publication_component:citation:publication:doi:10.1093/molbev/msab055	lookup:373adad3960d3dd329689485337d33bf90cef92f773edec065a9821b98edc9b8	pubmed	record_by_pmid	pmid	34426844	conflict_all_exact_evidence	adjudicate_identifier_conflict
assignment:a5f6823df6eb507f2bd6ea6abd869001014776f30b3c229ed8a9a13d01a0fa00	publication_component:citation:publication:doi:10.1093/molbev/msaf238	lookup:545111c4e780a764fb15f03aa3336360a6ad29a2e60edd918203a15549c94a2e	opencitations_meta	metadata_by_omid	omid	br/06014412559	native_title_evidence	recover_title
assignment:53a4ddc57d06237bc3be2b4e1fe52a39bc60eb42e98927bc7b76b3c7b67384bd	publication_component:citation:publication:doi:10.1093/molbev/msag009	lookup:74b99015428cfed9742401b7caf3aa53fd13891ef39900891c05ed79c99a10c9	opencitations_meta	metadata_by_omid	omid	br/06013337849	native_title_evidence	recover_title
assignment:07cc631055ceb954e6090b2f92b6c5c5825ea4419cdd0089bf6a6ef8097ddbe9	publication_component:citation:publication:doi:10.1093/molbev/msag042	lookup:a3ee29d0250fceca6766524648466b601b8173bfda6618c3a7fbd68ffc3a14a0	opencitations_meta	metadata_by_omid	omid	br/06013221756	native_title_evidence	recover_title
assignment:d0a419a66fe13fe36b9ed897305cc83e9008f43657ebfb7d303acd429612aaeb	publication_component:citation:publication:doi:10.1093/molbev/msi097	lookup:2065c87549d3e7f8703e780e0c510a3b814b6585c49f015937c06660cafa4ac9	opencitations_meta	metadata_by_omid	omid	br/06101169072	native_title_evidence	recover_title
assignment:de3ee45204a5e724c006451c415a788ee44a5791861f784eb2b3faa320c31577	publication_component:citation:publication:doi:10.1093/molbev/msi237	lookup:61c6d5cffd8f0ce7457c0fc31b8f77b972d8f56f1e43836d4f4ac17de9f101e4	opencitations_meta	metadata_by_omid	omid	br/06101168932	native_title_evidence	recover_title
assignment:051674ed694924ccc70383aa9870e178594fdf92905122720b77fc14c879fba4	publication_component:citation:publication:doi:10.1093/molbev/msj021	lookup:19dae0a2036b2b5002c360f216ed1477fa07ddc30d3e57b857448a4b82c9e354	opencitations_meta	metadata_by_omid	omid	br/06101168900	native_title_evidence	recover_title
assignment:9a5ab1abf1d0bc4d5136de61db78559cd06e0190c846d74132c30af20b2d4739	publication_component:citation:publication:doi:10.1093/molbev/msj024	lookup:28fa4af29d214ad950382714bcb7312d15005daa8c857a6ba483a08bdf054924	opencitations_meta	metadata_by_omid	omid	br/06101168899	native_title_evidence	recover_title
assignment:e80dff77bb084946861934b584afb5cc1a01739319fac1388c981e4e124b1fee	publication_component:citation:publication:doi:10.1093/molbev/msl175	lookup:2f2eed1d9b1bd67e8ae76dc4fc28007572bcc96e2ae0ad850ad1e7dd3b174d8f	opencitations_meta	metadata_by_omid	omid	br/06101168614	native_title_evidence	recover_title
assignment:ce295adc451475fbd653aa6181f1749f486f807fed857653d247d1c0d8142e08	publication_component:citation:publication:doi:10.1093/molbev/msl178	lookup:42083590063a5045e3f377a058cb7078be28dc656c4bdc365acfa3dbed7755e8	opencitations_meta	metadata_by_omid	omid	br/06101168604	native_title_evidence	recover_title
assignment:cafb90f6833fdc0cbd20bc3dacb841e48a65e1b22e2d5e558be0cdbefbbbd7e8	publication_component:citation:publication:doi:10.1093/molbev/mss075	lookup:bf61f7d9c934f93c33a2080c8062a58c28e9f26330f16a896235a288c0b95286	opencitations_meta	metadata_by_omid	omid	br/062501141553	native_title_evidence	recover_title
assignment:a7e49675c096e719293bf7b3c3c9914acae5217845b5990b1af7d8a122883252	publication_component:citation:publication:doi:10.1093/molbev/mst010	lookup:d5ee888adf0a24d0b8e1ca759c625d3ce7f0f9e8cf13fd68d52923953b638c43	opencitations_meta	metadata_by_omid	omid	br/062301148244	native_title_evidence	recover_title
assignment:3d05b46d116fd15e7d7feb21acb5527d6720553fed7a19dbc953b8d00990b3ee	publication_component:citation:publication:doi:10.1093/molbev/mst172	lookup:51600b16a8461027d7e06ab60e174a79b90cf44a45e818007e4e99085cd5495e	opencitations_meta	metadata_by_omid	omid	br/062301148089	native_title_evidence	recover_title
assignment:107a1b5a78220e707ee3f7551b6129f8f508083318aa434438e3d3e2b5ba83d5	publication_component:citation:publication:doi:10.1093/molbev/msu088	lookup:4b5cc0332943fb8fe7834d8ed5d12d39ee9fe25847036de770e426460106bcd6	opencitations_meta	metadata_by_omid	omid	br/062301147962	native_title_evidence	recover_title
assignment:561cd804fedcd63d381c9f8c718a3cd00c0d594aa294db993097a94acc36fedf	publication_component:citation:publication:doi:10.1093/molbev/msu300	lookup:ef171ba2e2375b3f796e38cbb182a49a8db243c76dfde1bcfee459229cb254cf	opencitations_meta	metadata_by_omid	omid	br/062301147753	native_title_evidence	recover_title
assignment:bf79f18f572e1be848dc1fa9b1b527c6a2dcf259b3405f2b811d2697e8bf958b	publication_component:citation:publication:doi:10.1093/molbev/msw026	lookup:47f701039aade9223898f3235b7fff06bef45e28c88386dc5afc51439b05ff0a	opencitations_meta	metadata_by_omid	omid	br/062301147364	native_title_evidence	recover_title
assignment:9f4c0188f7fba88b94bd4a55c3736d3d2e35489c0cf5c69720bac0241f7fa2b9	publication_component:citation:publication:doi:10.1093/molbev/msw064	lookup:771353c05233d90e8522e7cef989c405e5240e8c5c7b52b11402978d169eb00f	opencitations_meta	metadata_by_omid	omid	br/06504318239	native_title_evidence	recover_title
assignment:099c2247e6231396d082bf91c6b742b41ea2af5e4c706b6b991e541be527e4b0	publication_component:citation:publication:doi:10.1093/molbev/msw217	lookup:7fe3af3256288d26850efc14a93e3f9c76c3ebf7bd992e4b557d2f4cd7b66d0a	opencitations_meta	metadata_by_omid	omid	br/062201146322	native_title_evidence	recover_title
assignment:cc06e4469ef5e08162fb29ca056d0b432ba77c36c48508c6e81d349fbd0675f6	publication_component:citation:publication:doi:10.1093/molbev/msy096	lookup:57f3758347cd4687a99cb9b87f0034e04a0a2ca30cbcb3a75aeec3c37a2c24aa	opencitations_meta	metadata_by_omid	omid	br/062201145607	native_title_evidence	recover_title
assignment:f0ca18dec5e308939f5d57e70384268e91c14c882e0223d0949a8bb83b433930	publication_component:citation:publication:doi:10.1093/nar/gki198	lookup:97fb5684b8114b56ef2a6e466648310aa2789ca24e3d36ad8dd062fd1c1be231	opencitations_meta	metadata_by_omid	omid	br/061801342110	native_title_evidence	recover_title
assignment:5369c3f0b938bdb6ca709d5d1b83dbc5677587b27870968719e2018c9d57b896	publication_component:citation:publication:doi:10.1093/nar/gkw290	lookup:d90fa523550588529f016863324ad05d9f82984ae0abd237b8ae1bc362778e5b	opencitations_meta	metadata_by_omid	omid	br/06901361950	native_title_evidence	recover_title
assignment:6deec6ddaf5ceb322bcd2554b1b6acbd25a0d53d2e27ec5bf307f71c87ed0d7a	publication_component:citation:publication:doi:10.1093/nar/gkz239	lookup:9cf9679a2422ca98670e73524acf852010719cff35d0f8361af227539cfa6f21	opencitations_meta	metadata_by_omid	omid	br/06501364539	native_title_evidence	recover_title
assignment:d2a1145f2cb1059550ff980cd9364afd60cd97dc36b3cffc8903ff122bbfa984	publication_component:citation:publication:doi:10.1093/nar/gkz357	lookup:5d29c3d94707d3e0473bf721909bb80ad7b3363501dae16ea1d3388218a82dda	opencitations_meta	metadata_by_omid	omid	br/06501364324	native_title_evidence	recover_title
assignment:b8faa788e69d9ac22a077ac5abed94705c245e18b13b58a21930d3444bfb2709	publication_component:citation:publication:doi:10.1093/oxfordjournals.molbev.a003776	lookup:4149814d202b732e53563d282821c2087ac6976a38794dbbba809805c084d01c	opencitations_meta	metadata_by_omid	omid	br/062501141829	native_title_evidence	recover_title
assignment:9f06334c7cef581cecd947c99a56958a79ba78d9fb697948c3a1e2c1d9f8e30c	publication_component:citation:publication:doi:10.1093/oxfordjournals.molbev.a003811	lookup:6622bbc01b5ebfee3f5e1428951332009bef637cee6a60707ad272408df512c9	opencitations_meta	metadata_by_omid	omid	br/062501142047	native_title_evidence	recover_title
assignment:ef9b9cb00fecf099abf6837099b2370902606f0ecfd6cae69ef65675fc8b5fae	publication_component:citation:publication:doi:10.1093/oxfordjournals.molbev.a003851	lookup:64deab393637e061120c6547cfb82215034c4e9d32ff97b25aa736ab5d55366e	opencitations_meta	metadata_by_omid	omid	br/062501142050	native_title_evidence	recover_title
assignment:ee40d0c08423524dfb94d2ed6d9c74063491f7162f6e981ce3fcceb69643efa4	publication_component:citation:publication:doi:10.1093/oxfordjournals.molbev.a003945	lookup:4416e97c2cea1bcc15895135bd8d118eb980ba1ddbfaf85a1a4f4a9fef6262af	opencitations_meta	metadata_by_omid	omid	br/062501141983	native_title_evidence	recover_title
assignment:0b4dd88f85714e9a1b71408bf51763baf38df01107d713db628c6d02266a9a0f	publication_component:citation:publication:doi:10.1093/oxfordjournals.molbev.a003974	lookup:470c325ccbe49f97104190803b90bb2d19d62bb70f8717dc299c6a619f68b01b	opencitations_meta	metadata_by_omid	omid	br/062501141833	native_title_evidence	recover_title
assignment:b3e76e60e5862de6ef3066d5bd7742342e692a6c2009dc35a5a1d2d9c17ddc8e	publication_component:citation:publication:doi:10.1093/oxfordjournals.molbev.a003981	lookup:4e0d9ed2dac01368893937835baa1ed348830ba2a392dedc6da11afd76f58e85	opencitations_meta	metadata_by_omid	omid	br/062501141745	native_title_evidence	recover_title
assignment:d9eebc5bb036209d7f0cc1b01086be4bdf0538e9a41d54f44a32e895e11fc46b	publication_component:citation:publication:doi:10.1093/oxfordjournals.molbev.a004053	lookup:f622777502435c44a461387511ee90f7e0cab82ca5ce59f2bdeb3b4695871b36	opencitations_meta	metadata_by_omid	omid	br/062501142081	native_title_evidence	recover_title
assignment:6c07bd770d794c87311412edb7afc1f8d291dd237d5fbce9180e0a753246e9d5	publication_component:citation:publication:doi:10.1093/oxfordjournals.molbev.a004148	lookup:967004b48d5952d758653c7ceb0924fa9a9df9159a5d5d7a9c9bb6a96ab0c65b	opencitations_meta	metadata_by_omid	omid	br/062501141629	native_title_evidence	recover_title
assignment:c92a33441789493cc31365a0a6ce76837af093cdd4fa277e98cb40bcd002ed51	publication_component:citation:publication:doi:10.1093/oxfordjournals.molbev.a004152	lookup:704e73794cdc3dbfa989f598df16cbe8f56befa42dd5725ba96429b75b76a256	opencitations_meta	metadata_by_omid	omid	br/062501141626	native_title_evidence	recover_title
assignment:1066777c40ca25b5958e51909b3f0beaae4ea16fa0e80c52a7f5db2a23dc60a0	publication_component:citation:publication:doi:10.1093/oxfordjournals.molbev.a025743	lookup:9d0c323358ead8013b3ea2af7132a9b2ae45806f38f2ebdcb4ac86054edbcb7d	opencitations_meta	metadata_by_omid	omid	br/062401127113	native_title_evidence	recover_title
assignment:e2d872e200f619884b8545d0e28947b6a31eb833f28eafe0d19d0b2f9e2fcec4	publication_component:citation:publication:doi:10.1093/oxfordjournals.molbev.a025892	lookup:d7bc21c431d71a393f093db0735fa6dd6c23909071b46fdb7578992ac2912e5e	opencitations_meta	metadata_by_omid	omid	br/062401126611	native_title_evidence	recover_title
assignment:4cba2d133980abb11027b43200379ec68bdb67b6d3db4313292474e10d09bbca	publication_component:citation:publication:doi:10.1093/oxfordjournals.molbev.a025940	lookup:4a2fb1ac05b0f64635db0859c4ee49e92658bbd67b28a319325a6be516872d30	opencitations_meta	metadata_by_omid	omid	br/062401126425	native_title_evidence	recover_title
assignment:bb0af22f28a108db8ea9c10d0608f88ad6a8436509ebd4c691f284782e3f58bd	publication_component:citation:publication:doi:10.1093/oxfordjournals.molbev.a026236	lookup:4b207658fa6129bd9f5092e45d4b20ae8cbeba964a59ee1afb70aa858c8de79c	opencitations_meta	metadata_by_omid	omid	br/062401126941	native_title_evidence	recover_title
assignment:1e161a9ee08d6122a26645947154c19531596297ab0b8a7d901145870bc49d75	publication_component:citation:publication:doi:10.1093/oxfordjournals.molbev.a040003	lookup:00682e8327a7efbd3aaf9c79ce2a2b5f2c13881b7e44d4ea0394ec70101266a7	opencitations_meta	metadata_by_omid	omid	br/062201146079	native_title_evidence	recover_title
assignment:613e917a8b8d2ae9e1baf231d7289271bed17e50642b55fc9e174cc32f305dad	publication_component:citation:publication:doi:10.1093/oxfordjournals.molbev.a040152	lookup:ca4af3ce2c0a54b40a389e8d008a587e4198bf02222e29c6ae09a80561adf209	opencitations_meta	metadata_by_omid	omid	br/062201146174	native_title_evidence	recover_title
assignment:9cb93b05096bfb1540baa43acd05e20a9757a21a630d2a60906df78f9ac7a0bb	publication_component:citation:publication:doi:10.1093/oxfordjournals.molbev.a040153	lookup:58121ea83200c0e7ede27e61e40f3088fbf1f13e8a674bfddcbc7384691de235	opencitations_meta	metadata_by_omid	omid	br/062201146093	native_title_evidence	recover_title
assignment:605e04ff6cd8a7718afb64574a2a29769bca2c6283c083494686ef6686fecb89	publication_component:citation:publication:doi:10.1093/oxfordjournals.molbev.a040200	lookup:207250d626a77cad02ac54adef1c760fda8daf5b834c62c168ef001e6300a0ad	opencitations_meta	metadata_by_omid	omid	br/062201146109	native_title_evidence	recover_title
assignment:382f70a5440ad81ba64837ec048a60dac4bca46be506fc251f13ba04bfb36072	publication_component:citation:publication:doi:10.1093/oxfordjournals.molbev.a040343	lookup:b50145c6a75161d1ded96791a978a372bec38b41e3ef4b1272d832334961ccbb	opencitations_meta	metadata_by_omid	omid	br/062201145983	native_title_evidence	recover_title
assignment:758f5865c6becc04d8849f9cba40a59d5869466c923fb74f93b42ba6dbae5997	publication_component:citation:publication:doi:10.1093/oxfordjournals.molbev.a040410	lookup:8f60fefa94bfa8a8b42516d05812f7e2605ce4d07af185e0325828331a0ad35b	opencitations_meta	metadata_by_omid	omid	br/062201146058	native_title_evidence	recover_title
assignment:2a271b75c95d6c0fc58fc8a1390ddf3dc634cc6269460d1cb1996cf321745ed5	publication_component:citation:publication:doi:10.1093/plcell/koab146	lookup:264e0acb6953cefe173fac42198e1669878226e62c1a88cd7243cd77fd81aa8f	openalex	work_by_doi	doi	10.1093/plcell/koab146	conflict_all_exact_evidence	adjudicate_identifier_conflict
assignment:958fe1d1fd03a055414359a3fe3b36ded7a421b763b4ee087b9bbc5a1a949716	publication_component:citation:publication:doi:10.1093/plcell/koab146	lookup:4fe21421d11175b07fca95fcb4a9af579f0b44f75a2dde6f5f2f05e2abb59651	openalex	work_by_openalex_id	openalex	W3165274455	conflict_all_exact_evidence	adjudicate_identifier_conflict
assignment:3e0e70c266e451b7c6e23799d87b07dae8c8945d99c0bdcf299dd8a6eaa462d5	publication_component:citation:publication:doi:10.1093/plcell/koab146	lookup:5a9b06a86c8cae98d1d07071729d148ad87a529e5811d095adba61851e6acb0c	openalex	work_by_pmid	pmid	34077549	conflict_all_exact_evidence	adjudicate_identifier_conflict
assignment:04a469bca0fa221962571fbcecf1d477f755ba47cf4129adeb4e2d94bfc4c496	publication_component:citation:publication:doi:10.1093/plcell/koab146	lookup:931676018246a355d925de840d21592e6f69e58ca5574e299b70367df2cd7731	openalex	work_by_pmid	pmid	34467412	conflict_all_exact_evidence	adjudicate_identifier_conflict
assignment:98f2206bdd951b70402982681db3c5a0394709cca41126e0a2cc4de20d3f37d1	publication_component:citation:publication:doi:10.1093/plcell/koab146	lookup:8dd2448be9c9b51a51eb687bb15ed511b99ecd7665f49900fc7859b156cb4b05	opencitations_meta	metadata_by_doi	doi	10.1093/plcell/koab146	conflict_all_exact_evidence	adjudicate_identifier_conflict
assignment:a7f4c938b582d13fe768c51df22acfae0fea0c3b2a3bf89508b9949ea575316e	publication_component:citation:publication:doi:10.1093/plcell/koab146	lookup:5da2ad2a586106e07cc46007017ffe6bfdf3d324e441242fb2a8ff0f778c6316	opencitations_meta	metadata_by_omid	omid	br/061302879129	conflict_all_exact_evidence	adjudicate_identifier_conflict
assignment:306a01feb4392243dd6b0e158b8e700df1ef7860d86a29e938777e30aeefbe8a	publication_component:citation:publication:doi:10.1093/plcell/koab146	lookup:4fc0baef26f9964a4e5c83ebf119da8a55a857fb22954156b5a27df09a86d542	pubmed	record_by_pmid	pmid	34077549	conflict_all_exact_evidence	adjudicate_identifier_conflict
assignment:b48eaf8042f91157fbc96f0484ee2bd8a9caa7afff9c34d50c092f3225f9b449	publication_component:citation:publication:doi:10.1093/plcell/koab146	lookup:d3ac8677a5abaf1569d0fa4031b2c8791b9e5dd949ea9ab27122d395096b0e0f	pubmed	record_by_pmid	pmid	34467412	conflict_all_exact_evidence	adjudicate_identifier_conflict
assignment:fdfaf56d2c36f9ea687ac6d0f953618ac6fb040d7b2a60b54c33079ec546addc	publication_component:citation:publication:doi:10.1093/sysbio/49.2.369	lookup:23a7ac364a71eb27fed950e74134713b1c39510deda32ff000569d879bc60cb8	opencitations_meta	metadata_by_omid	omid	br/0670429895	native_title_evidence	recover_title
assignment:03900b871aa6006e5bdc641cb57b3d31f196d61c7fd777d7c696f111d4d30c18	publication_component:citation:publication:doi:10.1093/sysbio/syag038	lookup:863e26d79cfd58e456dc7c5e40a6a7e2d99a3baab3a75ecc8fbfbe6ff13bdb46	openalex	work_by_doi	doi	10.1093/sysbio/syag038	conflict_all_exact_evidence	adjudicate_identifier_conflict
assignment:f3cccb2fcb90da4795b7e186b48a26357e05ccaa1b04eb0663a19b6070e03a3e	publication_component:citation:publication:doi:10.1093/sysbio/syag038	lookup:02dbf3a5726f46fa6621fe02a06fb51c3b16f48b70056aafee3f37ec72df21fa	openalex	work_by_openalex_id	openalex	W4408036999	conflict_all_exact_evidence	adjudicate_identifier_conflict
assignment:d44f8ce04b66c64787e2cca72a011e80744007e1d04dc39265719b64c50aa98a	publication_component:citation:publication:doi:10.1093/sysbio/syag038	lookup:a9716858cdf9485e024b5065ecb9f98b59ca8a9ca710d5916c352de4cac4c37b	openalex	work_by_pmid	pmid	40060389	conflict_all_exact_evidence	adjudicate_identifier_conflict
assignment:bfbe5c5294a24f262437414845680b50d6746b484b97663230d32ba78a73e6ec	publication_component:citation:publication:doi:10.1093/sysbio/syag038	lookup:9176ba13575f80ef81ab6c8fc22b2c7dd2bb996307add3925cccdb82dd901df2	opencitations_meta	metadata_by_doi	doi	10.1093/sysbio/syag038	conflict_all_exact_evidence	adjudicate_identifier_conflict
assignment:1b85f234b5d2e96b272bc8fc57d662df45c57bc9db337c2d9dc27da9f5db54ee	publication_component:citation:publication:doi:10.1093/sysbio/syag038	lookup:f5f0c941de1e423013c0f646cdfad2615e498a3156b97f0cfdd256569f1b997e	pubmed	record_by_pmid	pmid	40060389	conflict_all_exact_evidence	adjudicate_identifier_conflict
assignment:134235dddd13fb69dea75e6e6b58ceffbe5e56259a68b7de4c5de7500df6ea34	publication_component:citation:publication:doi:10.1093/sysbio/syq010	lookup:b31f23e8e3657e56a850a5f427d6b8828fa206fdc3df0b0c62e69ace2fe83120	opencitations_meta	metadata_by_omid	omid	br/0670429710	native_title_evidence	recover_title
assignment:ebe8fcaa6b20c6408190b9d911748f45cfed5e7256f09b776e5f183c38a0b696	publication_component:citation:publication:doi:10.1093/sysbio/syr100	lookup:2f0ccea1ef4730a718456c7e0d6430597aff1591b69446513204dc4c9cc6d571	opencitations_meta	metadata_by_omid	omid	br/0670429575	native_title_evidence	recover_title
assignment:182a00a01eb30064b2a66a43d31ae58de44e44eea3c6fbdb600d3a5065ea76fa	publication_component:citation:publication:doi:10.1093/sysbio/syw054	lookup:b991acdf23f886028e0c5fed6c2178c3f197b9ca91cf203d2dfe5260da39e8c6	opencitations_meta	metadata_by_omid	omid	br/061801033187	native_title_evidence	recover_title
assignment:7b6066f1c488cfa67ac4beb44e4ab2249f6a9bd4a4ed7fa706fd2e2382043705	publication_component:citation:publication:doi:10.1093/sysbio/syz020	lookup:bf2fa8b1ab1b301378c05618ccc7b54a4487dee2e56d9c8bb4d0d55486fe63c4	opencitations_meta	metadata_by_omid	omid	br/061801032952	native_title_evidence	recover_title
assignment:0c5da9aa9eee059cf48b48f219c1f1d26bf05b8c8ec9871634560aba55d6a8f1	publication_component:citation:publication:doi:10.1093/ve/veab007	lookup:0415917b22ccc6b8307d2b4b04a1e50356482ee598503526c42329f003559fd2	opencitations_meta	metadata_by_omid	omid	br/06120584168	native_title_evidence	recover_title
assignment:d9127cd2f984857bb2e7b0d9c8df719a6ab0727b76c40521ef49a5942e75c159	publication_component:citation:publication:doi:10.1098/rsif.2013.1106	lookup:797d1cf9eab36fc3848c1f04ec67026e4f924c088e50114483ac192a1a93cccf	opencitations_meta	metadata_by_omid	omid	br/062601111073	native_title_evidence	recover_title
assignment:8641d6b2004bff1fc15fc0e7a1ac3e5fcf206f6296c6a1bc2c356fedb328ba84	publication_component:citation:publication:doi:10.1098/rstb.2008.0177	lookup:a6474eb23b1cda1a7996cccffc7ad4e79dd4fc3653887c0e5bd9ada8d7071d49	opencitations_meta	metadata_by_omid	omid	br/061103033056	native_title_evidence	recover_title
assignment:b146a1c21fc6f4330cf40ed2a9578f23c47cddbac2c0119888f8bcb6c0f607df	publication_component:citation:publication:doi:10.1098/rstb.2012.0198	lookup:abd03a546ad091aa7cbdf8001055555d40527cfd1cd4906f9cd84c6018ac6aec	opencitations_meta	metadata_by_omid	omid	br/06803429816	native_title_evidence	recover_title
assignment:c1776a1aeb1bac97db19b6b98b64fd36bc1e40b54d28c8735952585d26201a15	publication_component:citation:publication:doi:10.1099/mgen.0.000693	lookup:d3bd7c0fb41320b5d314309570451e0ac08db5f7f8e50fb5dbc5dc4b2dfb3dde	openalex	work_by_doi	doi	10.1099/mgen.0.000693	conflict_all_exact_evidence	adjudicate_identifier_conflict
assignment:d1f72d237ee569ea5893452cb34c2e3baace2331d996660253cdbf6294aca7dd	publication_component:citation:publication:doi:10.1099/mgen.0.000693	lookup:d8adc51b3cb5a2a5d21b48b08a9b1454ee79e777ff70e526c0bc62b7b7c4965c	openalex	work_by_openalex_id	openalex	W4226091470	conflict_all_exact_evidence	adjudicate_identifier_conflict
assignment:bb1c352505c4d2940d66b444c16cd63da74b5a79493bdf334cc5199d761b698a	publication_component:citation:publication:doi:10.1099/mgen.0.000693	lookup:01e05829cc5c41927a39de6e7aac4b39d7852db445b60bde3ceb90fd52fb0e40	openalex	work_by_pmid	pmid	34846280	conflict_all_exact_evidence	adjudicate_identifier_conflict
assignment:5bfe039be3b7e9c4a34e0431b3246822f93d6bc5a8e441e4dda0de47427ed956	publication_component:citation:publication:doi:10.1099/mgen.0.000693	lookup:b7abe7ceb1e68c8e2c0e21d5b73fe1f331d79d0ab6ae48d8e1452599faae6744	opencitations_meta	metadata_by_doi	doi	10.1099/mgen.0.000693	conflict_all_exact_evidence	adjudicate_identifier_conflict
assignment:fefa8d7f17a121f91dce4001cce098588052543c8435b6e6485edc36c3f1b6dd	publication_component:citation:publication:doi:10.1099/mgen.0.000693	lookup:130628157bc0067591f0dcc7fa733889b3f274043fb1ef24fd0c9bddeef892f6	opencitations_meta	metadata_by_omid	omid	br/06202322650	conflict_all_exact_evidence	adjudicate_identifier_conflict
assignment:302fe237ec4f0f0d56608eeb292c087d422e0f67c2007a8771dc4ad69e4f4b10	publication_component:citation:publication:doi:10.1099/mgen.0.000693	lookup:b366fe4f5e81faba1fa98adddcd073a8f4f3d316476fce32b410a5e0af5cd23e	pubmed	record_by_pmid	pmid	34846280	conflict_all_exact_evidence	adjudicate_identifier_conflict
assignment:ea31bdf7ab82033e055f28d4be1894e2e71d1456d9db505d1fcbebe7b5528ec7	publication_component:citation:publication:doi:10.1099/vir.0.000155	lookup:81122aa57b8a97fcbd6a03cf08331390b4ab38eb60ef5813ea3c131c261dbe42	opencitations_meta	metadata_by_omid	omid	br/0660686180	native_title_evidence	recover_title
assignment:f4bd61f1b2f11cd0353e446af3c345f8f24e51fe05be4efe8696d69acfcb8c86	publication_component:citation:publication:doi:10.1101/002428	lookup:e9877462525df377818aad6132a7f435e0c6566dcfcca0a915cd13f796125e1d	openalex	work_by_doi	doi	10.1101/002428	conflict_all_exact_evidence	adjudicate_identifier_conflict
assignment:1f990bf9854c3b5f14f772c94940ca09251cbd7555f5035ead76088a1bcc5dde	publication_component:citation:publication:doi:10.1101/002428	lookup:30ac0805b1079103808a0d00204aa44881a7944a23db9de08a14943f97f9c945	openalex	work_by_openalex_id	openalex	W2142429167	conflict_all_exact_evidence	adjudicate_identifier_conflict
assignment:6d0e98ac4f47bb3fde692807f17d1d574ef9ec6ef184b0da3d26890b978b22f1	publication_component:citation:publication:doi:10.1101/002428	lookup:c9c8d47582fcd65d3775cc4ccb122b76b17d801002e0c18a496587b99f82687c	openalex	work_by_pmid	pmid	25255320	conflict_all_exact_evidence	adjudicate_identifier_conflict
assignment:a9c61c28ac7bf29725dd7c75d034cf688ec7a76402f9ce61514574f5bd75afa1	publication_component:citation:publication:doi:10.1101/002428	lookup:fb11f1fc2920a3e74cd82950f82c954952d2771e9d7f0704f5bedd85408c05d2	opencitations_meta	metadata_by_doi	doi	10.1101/002428	conflict_all_exact_evidence	adjudicate_identifier_conflict
assignment:8ca1c3e1f28b5c2121c42f7856a9707d186675ad6ce0a96572b824af2b33f84d	publication_component:citation:publication:doi:10.1101/002428	lookup:5cf3944ea02c024b3a58af14cb0fb3533ec8a3b2deed2994211b48b87dd23a91	opencitations_meta	metadata_by_omid	omid	br/06401817622	conflict_all_exact_evidence	adjudicate_identifier_conflict
assignment:abb1600c375f81efa5b5d0982adc0c693cfaf7c6388f03702c9511a1af7285c3	publication_component:citation:publication:doi:10.1101/002428	lookup:bcc090d87e71c1339750df4c5ae4e0e9015f5bf7366c3328960bc7d10dd40ba9	pubmed	record_by_pmid	pmid	25255320	conflict_all_exact_evidence	adjudicate_identifier_conflict
assignment:64858ab71a4d0eaac65fd287f92e0767fe40b8e56df38f6983114206be9fa52e	publication_component:citation:publication:doi:10.1101/002766	lookup:f5f218d868525e9d5362231e889ea4e54b096735dbe2c6e551c648815526a46f	openalex	work_by_doi	doi	10.1101/002766	conflict_all_exact_evidence	adjudicate_identifier_conflict
assignment:4910d1e5bc7240412e8af93d7b8836dfa7d1441cc3b15f04d19a541cc79f0acd	publication_component:citation:publication:doi:10.1101/002766	lookup:5101837b922a82150ae3c9db56071c77a6787e56a0ef7f6ee7c34a0b91050944	openalex	work_by_openalex_id	openalex	W2950835708	conflict_all_exact_evidence	adjudicate_identifier_conflict
assignment:b8a9f043b49fbe53401cf000df756f69e7821ce5a2a883521738253d41713c5d	publication_component:citation:publication:doi:10.1101/002766	lookup:7ad8d9c2b61a59d34612ea4cb6cd82dd4b9a0618a1439af07153d6ff323cd5be	openalex	work_by_pmid	pmid	25380807	conflict_all_exact_evidence	adjudicate_identifier_conflict
assignment:e5a593dc15f17104c4b4ac50302248743bf3ea23220330c742ce325b0a4b0f28	publication_component:citation:publication:doi:10.1101/002766	lookup:029b1c9881ad4a94bfbb2c897dfb24a80c1ad0411e084f71a51090f44570b13d	opencitations_meta	metadata_by_doi	doi	10.1101/002766	conflict_all_exact_evidence	adjudicate_identifier_conflict
assignment:3951ee698841f6f3a1f8a129d27ec0cfb8bcf73e5289fe6e6f839aefd9e78528	publication_component:citation:publication:doi:10.1101/002766	lookup:403f3bd3843e300e9b33bff89f035589cd38fe0ed7bc1de197753f8cfa93359f	opencitations_meta	metadata_by_omid	omid	br/06401657311	conflict_all_exact_evidence	adjudicate_identifier_conflict
assignment:1159370ba21a3d2e573b834206dc7b0ee18d16f494ed566ec91be3e443d9cd9b	publication_component:citation:publication:doi:10.1101/002766	lookup:bb11df89e52e9608aa57a620a63d5bea8878f53a1b019a70b077bb8c8e99412a	pubmed	record_by_pmid	pmid	25380807	conflict_all_exact_evidence	adjudicate_identifier_conflict
assignment:9ab8ff6ded0131c70ead2f7dbbc573f6e6046adc778d4b7b7d102f166271de4d	publication_component:citation:publication:doi:10.1101/005017	lookup:dffd93f8247adf98b7763ffe2fa4520d09f38953973a3129dd1c083901033a5e	openalex	work_by_doi	doi	10.1101/005017	conflict_all_exact_evidence	adjudicate_identifier_conflict
assignment:ed12cfda760a588dd60aed193da56243a83b6e8c124078fc07625888e91cd28f	publication_component:citation:publication:doi:10.1101/005017	lookup:7fb50b515608dac9c2f1ec798f09c8c456b8849a5d5bcbb959ff00dd7db87fad	openalex	work_by_openalex_id	openalex	W2952536325	conflict_all_exact_evidence	adjudicate_identifier_conflict
assignment:d425a8b24b7af574b54ac686dc8f9d6f0ef0a6d793051e4d0cf7b714731f6d4b	publication_component:citation:publication:doi:10.1101/005017	lookup:b1b72247c6f319b793af2e19923014e34ce7b83116b56ed1c4a3ad4d9c7ea6b3	openalex	work_by_pmid	pmid	24968283	conflict_all_exact_evidence	adjudicate_identifier_conflict
assignment:23003279400b95fa740dba806e376f2be59cb89cda5f9bd96cafa2864699500a	publication_component:citation:publication:doi:10.1101/005017	lookup:1836ee886ed6571163ec8482ee5b1d0fef74bb18f220441951ee5c918684625f	opencitations_meta	metadata_by_doi	doi	10.1101/005017	conflict_all_exact_evidence	adjudicate_identifier_conflict
assignment:f080f86e76ae5d93bfeb4cc2c087f7032bd84c36e85fc1a26d076ab1cf3511ef	publication_component:citation:publication:doi:10.1101/005017	lookup:ba83a405c9e3a315a8abf6ccd95e61ab7302cc03ef7fa7eefafefc9023224ac8	opencitations_meta	metadata_by_omid	omid	br/06401817802	conflict_all_exact_evidence	adjudicate_identifier_conflict
assignment:40d93c7696325e332a5820c3c8da30418a50ae420e2a28944dea96bce0987272	publication_component:citation:publication:doi:10.1101/005017	lookup:603163a3c78f9e0fd3990d64f263635a2ee8bdda4b8808f09dcc6279a58a06a3	pubmed	record_by_pmid	pmid	24968283	conflict_all_exact_evidence	adjudicate_identifier_conflict
assignment:33c1e342b5ff004bfff9ca4011c893b312cec2436195992b7f392fcbf6bda153	publication_component:citation:publication:doi:10.1101/009134	lookup:84f4980d646972c64fd9a9953e67ffd4f1d873147f7d4193055184904f3b2e20	openalex	work_by_doi	doi	10.1101/009134	conflict_all_exact_evidence	adjudicate_identifier_conflict
assignment:f0a5fd3fd148b580dd84ea4cd5e21c1cee79d848e435b1cb2cde243e5d8d443a	publication_component:citation:publication:doi:10.1101/009134	lookup:2b30fc5137e77038ae55f78ee59e0cfe93e2c550305fb2767e93f2c6856d38b2	openalex	work_by_openalex_id	openalex	W2950124125	conflict_all_exact_evidence	adjudicate_identifier_conflict
assignment:63e5c104423738d0f7ea91037a0b80419786bed5023833bb13c8d25669c2ecb0	publication_component:citation:publication:doi:10.1101/009134	lookup:f0f167bc35b2ac0776c2ef86127b1c75e8028f365de884fbb5769ec4af6975e1	openalex	work_by_pmid	pmid	25374784	conflict_all_exact_evidence	adjudicate_identifier_conflict
assignment:fc7c432285a4438a50c89f3f6b16ab9dfbada097a59e2425c2ec7147df4dbe2f	publication_component:citation:publication:doi:10.1101/009134	lookup:44a2b17a52d075ed22d7085959ed4e7d569bb15cdc2d5b8e8894c7467dd361dc	opencitations_meta	metadata_by_doi	doi	10.1101/009134	conflict_all_exact_evidence	adjudicate_identifier_conflict
assignment:fe2d947694964fa7a35933f7069703cf69e478cd88854691fcdb0ac7fd9a190f	publication_component:citation:publication:doi:10.1101/009134	lookup:2eea28006f72558e53fd99fcff2934ea7745e503d5491ea2b2b57d213d2c51dd	opencitations_meta	metadata_by_omid	omid	br/062502200367	conflict_all_exact_evidence	adjudicate_identifier_conflict
assignment:9d0b0d0b3d3374d6cffa000bd586e41d879df8aa8db1dd6abf7ebdaf8a36dfa7	publication_component:citation:publication:doi:10.1101/009134	lookup:879bbc3721a3e4523797677fd039e1b46667655785853364ee4fc8bcff09b3d7	pubmed	record_by_pmid	pmid	25374784	conflict_all_exact_evidence	adjudicate_identifier_conflict
assignment:dcb50c69eb5736775ecae72d0e111aff4083d3dded13d56bcfe456c50805329d	publication_component:citation:publication:doi:10.1101/014928	lookup:e1440c8155f9584388a8c2d7f0b1f2895c8233402120d83f892836872cba5c42	openalex	work_by_doi	doi	10.1101/014928	conflict_all_exact_evidence	adjudicate_identifier_conflict
assignment:fad240f84d2c30a41e232859dbc2c978a88f5957b17f7c9690764c5377a4a00a	publication_component:citation:publication:doi:10.1101/014928	lookup:e9013ddb859d3746c7f39d39c0a0fe5103581c52727a17d86e9ad7750a9041a1	openalex	work_by_openalex_id	openalex	W2951990571	conflict_all_exact_evidence	adjudicate_identifier_conflict
assignment:12feae9d7a9a73aaadc44980489605cb74d72c858faf622540e8656bd8c6a8ae	publication_component:citation:publication:doi:10.1101/014928	lookup:17fa1808022f3fdea3961058e7e246891f19f5341e95776791e719e3d45f1d70	openalex	work_by_pmid	pmid	26194102	conflict_all_exact_evidence	adjudicate_identifier_conflict
assignment:065546d58e56a311deafc6ba94c047d3f820c43db2a194abd212222501eda65a	publication_component:citation:publication:doi:10.1101/014928	lookup:d0934702f615574effb82258c404722128318d7be4a914a51a92727938ccba24	opencitations_meta	metadata_by_doi	doi	10.1101/014928	conflict_all_exact_evidence	adjudicate_identifier_conflict
assignment:433b9d7d8299eeddfba1cb19a6b2dd92d7811398c93f79e8844086d95bfe4b8c	publication_component:citation:publication:doi:10.1101/014928	lookup:556b84392ca3464c11cfd8c1c92223cd584406a9277338bf2448f2930d755fad	opencitations_meta	metadata_by_omid	omid	br/062501014322	conflict_all_exact_evidence	adjudicate_identifier_conflict
assignment:2f6e3fdadeb2cf156317b9e559d7c07e38f7368109b683145724db1e4fb857b5	publication_component:citation:publication:doi:10.1101/014928	lookup:f9b3c3d20fbcd957a4ef4c84f8152add324b8989e15bdc8f9e59f369912a9ffd	pubmed	record_by_pmid	pmid	26194102	conflict_all_exact_evidence	adjudicate_identifier_conflict
assignment:f3e6bce2bedf737a4d9fd0b8e1c0671d05b58b67a85571d59b2117be8851059a	publication_component:citation:publication:doi:10.1101/019786	lookup:9d7ced4fa3d66957aa6c688673946f6ffc907dfa95289e0187347c2d0558bfcd	openalex	work_by_doi	doi	10.1101/019786	conflict_all_exact_evidence	adjudicate_identifier_conflict
assignment:decbba96f12f746d440f3dafc4210bb6cafd26c9a23877113bd925507e6443f7	publication_component:citation:publication:doi:10.1101/019786	lookup:f229e99eb00d0f5217082ed8e1fdb5bf19993ef6a7dfebaecd567fa8daca727c	openalex	work_by_openalex_id	openalex	W1539699614	conflict_all_exact_evidence	adjudicate_identifier_conflict
assignment:9ced7070ef0f150f897e59ca9b3a9de1a671572a09f480a87653e491025ae805	publication_component:citation:publication:doi:10.1101/019786	lookup:311fb6f929c406813c7e1ada16a2fd732bdb61ce859d96c50ca8fe370bf70ffa	openalex	work_by_pmid	pmid	26114585	conflict_all_exact_evidence	adjudicate_identifier_conflict
assignment:4454daaf4b72da7b29d3cd7ff9e6c23c794fa9fa8548d7814613eecab19147de	publication_component:citation:publication:doi:10.1101/019786	lookup:f809d99600e33c1557c2c2f822edc06930ca865d5c516528fcbb5f2efe0a747a	opencitations_meta	metadata_by_doi	doi	10.1101/019786	conflict_all_exact_evidence	adjudicate_identifier_conflict
assignment:0a38ecee246b5c15d9ab86a2b4be1ff037a4a0ad1cb1b721b649fa37963170e4	publication_component:citation:publication:doi:10.1101/019786	lookup:4ea0cc70b085009ac6fd78860b06840543b4e0a0bd7a8c73befba1943a00bc7f	opencitations_meta	metadata_by_omid	omid	br/06301802960	conflict_all_exact_evidence	adjudicate_identifier_conflict
assignment:39d5cf0398a3b8454442aa58bc6c152db535b37dac5d1fee2ad3f1e6a41e9cf4	publication_component:citation:publication:doi:10.1101/019786	lookup:b209467847ab998268b4febc9cfa1160a710f802acb511bfab8fd925f68938ab	pubmed	record_by_pmid	pmid	26114585	conflict_all_exact_evidence	adjudicate_identifier_conflict
assignment:58dee09f81962cc10356c97f559c4d76a3700e3b985cec66c6cbe78ca760f2c3	publication_component:citation:publication:doi:10.1101/024190	lookup:abd9e51591cd991af0b57754246fa7ee7d2c45efa94618a835d3957547b6f3b8	openalex	work_by_doi	doi	10.1101/024190	conflict_all_exact_evidence	adjudicate_identifier_conflict
assignment:9269c7c624335a830755826967b1fce4ea4422f8493c09ea0c771c30c2c7ab0f	publication_component:citation:publication:doi:10.1101/024190	lookup:6f4ce94148fd4f252028ccfd0d51111cf1ded3bef41e72f175efd19978d655cb	openalex	work_by_openalex_id	openalex	W2312559377	conflict_all_exact_evidence	adjudicate_identifier_conflict
assignment:e1e526d788f8a4bea952662b56247edd086555f74119def052f52f25fb71cfa1	publication_component:citation:publication:doi:10.1101/024190	lookup:44e3275936b4b64bb5f8578f1ab4292e81b1c05e2f35b5cd61aa945a2361f371	openalex	work_by_pmid	pmid	26562410	conflict_all_exact_evidence	adjudicate_identifier_conflict
assignment:a276765cc0030acbe38eb41a82d5f684637bcedaed05e218795e2ccbe4342ac4	publication_component:citation:publication:doi:10.1101/024190	lookup:45405930cd79119129fac0475903c5345d5d49795df621e0d9ab2ebb312ed1e0	opencitations_meta	metadata_by_doi	doi	10.1101/024190	conflict_all_exact_evidence	adjudicate_identifier_conflict
assignment:e2662acd610b9ac3eb5c367c12ea968e5da58b2028fe9e5381e7871707e6a907	publication_component:citation:publication:doi:10.1101/024190	lookup:e307a5d2b3fe01c8666875fd225758c005d4fa21595c26a2045763a754c7eee4	opencitations_meta	metadata_by_omid	omid	br/061801790520	conflict_all_exact_evidence	adjudicate_identifier_conflict
assignment:09d241a320854cf39d25b964032373d977943732bd502251d1c5415dbef553c1	publication_component:citation:publication:doi:10.1101/024190	lookup:223c36a8683481367a740bcd2b4fd8ac543e86fe866015954822b93773ebc77a	pubmed	record_by_pmid	pmid	26562410	conflict_all_exact_evidence	adjudicate_identifier_conflict
assignment:98f1d96a6443b7dab11bf32d1763a17d82ad1132b1650f1ecdeeb3109c5ff251	publication_component:citation:publication:doi:10.1101/026658	lookup:ff0d8ba36b9e02037a460e83b6156d1addae338fdb3063e94d88b18ae4d68b04	openalex	work_by_doi	doi	10.1101/026658	conflict_all_exact_evidence	adjudicate_identifier_conflict
assignment:fbd6e5686ebcb1d03da02fcdcc5ff8e9bc55c6aabb78757e82fadc93981291fe	publication_component:citation:publication:doi:10.1101/026658	lookup:2ec6a0d3ced606f094f8dc5996d9ca73015cd2e432ee5362af93d17455215641	openalex	work_by_openalex_id	openalex	W2953343103	conflict_all_exact_evidence	adjudicate_identifier_conflict
assignment:1800d264f5b806d1af0b0967aef3e91cc834f41c6b72d0b7f26263cf558a84e1	publication_component:citation:publication:doi:10.1101/026658	lookup:3029ac47b6032e3378789c304a4fad66530daa7e6de5a3f8c9372d68e8a28534	openalex	work_by_pmid	pmid	27380265	conflict_all_exact_evidence	adjudicate_identifier_conflict
assignment:13f266d8cbe63e792f57d1f0a7dd8637b617f179734eff4c4eb37fb044a1354a	publication_component:citation:publication:doi:10.1101/026658	lookup:07bd7bea07fcb90156815d2884e4ae48e92a0c281174307fa8e440da07a775b4	opencitations_meta	metadata_by_doi	doi	10.1101/026658	conflict_all_exact_evidence	adjudicate_identifier_conflict
assignment:4c3e056cb8dbe19452ec41a452a02227792411dd3ce35816be2e37cc7805a03d	publication_component:citation:publication:doi:10.1101/026658	lookup:ae52cdef7305609f53e0ce1b248e5ea1a4b9a6cdbbe1a9fe2f688035830062f9	opencitations_meta	metadata_by_omid	omid	br/06201804459	conflict_all_exact_evidence	adjudicate_identifier_conflict
assignment:79273e6c590f09895d74f3d5ef094703745abe62ee564a32168aedd476e46a16	publication_component:citation:publication:doi:10.1101/026658	lookup:203517e16e4d7b3be51a78754f7dff99dcf2d81de289d2b72bbfc461b6e2b4d8	pubmed	record_by_pmid	pmid	27380265	conflict_all_exact_evidence	adjudicate_identifier_conflict
assignment:270aa32e366faf832ba0ad8382c9e53416f5cdf9b674fbc8b88c9c01270c12f2	publication_component:citation:publication:doi:10.1101/030619	lookup:b83a5bc2647215d195ebdb3a5bd3cd4b3551b486c79ae84c20c4227494589941	openalex	work_by_doi	doi	10.1101/030619	conflict_all_exact_evidence	adjudicate_identifier_conflict
assignment:45418b76089836b9394ebd6ea14e02e25b8888da04ed6450c4a00f89cd8ddc49	publication_component:citation:publication:doi:10.1101/030619	lookup:4b67d0bf20b154a79b24f1baa5f2c007cd20532cd14530242a3549ba99ae75dc	openalex	work_by_openalex_id	openalex	W2208164270	conflict_all_exact_evidence	adjudicate_identifier_conflict
assignment:34f1b0cbc8f38f4f51ddcb592899cecc228140043c34607a8c1fdfc346f99e9c	publication_component:citation:publication:doi:10.1101/030619	lookup:5b0ed7db53e031fc72c9abe04caf0db98a9a46ad83e906495ef42170ff1d9192	openalex	work_by_pmid	pmid	28732463	conflict_all_exact_evidence	adjudicate_identifier_conflict
assignment:2f9085de32e74623e08a9a07d8a9da7ae6b6e4e0f1971e0061dacf2e3cf2d374	publication_component:citation:publication:doi:10.1101/030619	lookup:44a0b3927f4e854edac41fb3f7c8aa7a0b1713aea4ad69a8bc9117a7a1b5ec86	opencitations_meta	metadata_by_doi	doi	10.1101/030619	conflict_all_exact_evidence	adjudicate_identifier_conflict
assignment:a357df3fd07a9e74712378fef550e905b640213be9adb21b5a5ad1c6219266a3	publication_component:citation:publication:doi:10.1101/030619	lookup:c196dc0794f35b7f34eace36235ea7d2c4b8497cb8c4f3fb49c6ff71817a6c86	opencitations_meta	metadata_by_omid	omid	br/06101659359	conflict_all_exact_evidence	adjudicate_identifier_conflict
assignment:72be28f8e3d35bb8bd0ef5a5948e16582986c5992881911e9454e69f149c1773	publication_component:citation:publication:doi:10.1101/030619	lookup:a4b063d702c0f8aac76065aced1a5c276652bf60a7e62b6c25b824645e5d7df0	pubmed	record_by_pmid	pmid	28732463	conflict_all_exact_evidence	adjudicate_identifier_conflict
assignment:3fc54b548b7679575a61a769460769ee0c63569656c94dd302d9d29427cc51db	publication_component:citation:publication:doi:10.1101/043091	lookup:03a3680f98d05e35ec3e5144ed0dbcdedde43277be54b50913fb29072c4a972a	openalex	work_by_doi	doi	10.1101/043091	conflict_all_exact_evidence	adjudicate_identifier_conflict
assignment:da6e45d3e045bee8f813c0fe0a8169846be09dd3cf9cbb67a468799052794586	publication_component:citation:publication:doi:10.1101/043091	lookup:8f4dd0843be68d9d56147c5b5c9124a2e5429f100c11b2deb65435647d42168a	openalex	work_by_openalex_id	openalex	W2403225571	conflict_all_exact_evidence	adjudicate_identifier_conflict
assignment:58f99653ee9c9a05025d462180353b593ac493b129d5cd8c9fda04aff7806aa7	publication_component:citation:publication:doi:10.1101/043091	lookup:8a9dcdd98ec64bebd6f302c70407dd6c098b06a6245b1f616410d94904820c93	openalex	work_by_pmid	pmid	27203426	conflict_all_exact_evidence	adjudicate_identifier_conflict
assignment:65cd089ae9b939025b3c78567297e2fc7c4c24a6daf38509b41b5cad928b05bd	publication_component:citation:publication:doi:10.1101/043091	lookup:83a1a2731e90e4b896d5ea8bb6ac0bd0faefcef8e9217f4435b0cdbbe01e3a5a	opencitations_meta	metadata_by_doi	doi	10.1101/043091	conflict_all_exact_evidence	adjudicate_identifier_conflict
assignment:873498dfb02a60fe905068d4cdfaec5c7fe72451f5b13fd20cf1bfe5e49b81ed	publication_component:citation:publication:doi:10.1101/043091	lookup:81bbbe9311047274d44314ed1efd3b863c1780daa5e405e4667aad9a88a06a48	opencitations_meta	metadata_by_omid	omid	br/06201804533	conflict_all_exact_evidence	adjudicate_identifier_conflict
assignment:45fa2de63355a1e03ee59f3b320892dad5f25db8f96894ce2a8e14b68141a3c3	publication_component:citation:publication:doi:10.1101/043091	lookup:6a10babf1581ad2ddeb0c6af7f316dc553c8b577528b0d4c3b01a41dba9f5adf	pubmed	record_by_pmid	pmid	27203426	conflict_all_exact_evidence	adjudicate_identifier_conflict
assignment:4087801e319361c40c3c51cdd30e01a6d25ea6c7cb69c78148c44cbbde9c143d	publication_component:citation:publication:doi:10.1101/048348	lookup:6b67565d4d3a99ea1b38df9a5293f3e0d7a297e7392b00646b436523fd87d7b7	opencitations_meta	metadata_by_omid	omid	br/061302493864	native_title_evidence	recover_title
assignment:9305f6c8ede741b8f82e4f3be0da542972ce21cc9e157ea615d031c7b8494836	publication_component:citation:publication:doi:10.1101/086231	lookup:3219e30662f5250649534f2e624b6ba42ed4e6d0f1c400fa502bdfc556604a2c	opencitations_meta	metadata_by_omid	omid	br/06902504171	native_title_evidence	recover_title
assignment:224eb98c6b0e2637e90473e4f0c706040a97dc8f70a05c7f4124aa40da2470d4	publication_component:citation:publication:doi:10.1101/106120	lookup:f0585ddf78442c99e87bfea2c83b7894b739e61a1ce2e9c525e9f6e6a7a5d14b	openalex	work_by_doi	doi	10.1101/106120	conflict_all_exact_evidence	adjudicate_identifier_conflict
assignment:1c4e044e4fd290ae293934e9c7b6ecff4e44a05f5887f9e2456481e09d84d173	publication_component:citation:publication:doi:10.1101/106120	lookup:9307a07469b20d82b7f286924ec4d0657c0f0c7ea5d6bf8ab594987ff3d96d47	openalex	work_by_openalex_id	openalex	W3101601411	conflict_all_exact_evidence	adjudicate_identifier_conflict
assignment:67e191b404abb86a9ea65637eaf68fba7f81bf5c34d55bca977c0a6f03e74d63	publication_component:citation:publication:doi:10.1101/106120	lookup:09445a34a6a4a6c4edf9ea2dc98c11abb443494c45f1d2d688383ed99c6984e6	openalex	work_by_pmid	pmid	31113811	conflict_all_exact_evidence	adjudicate_identifier_conflict
assignment:93c54fdf27f5290601f5e9f689d5c3fc530b9cbec8f32ed3918ad30bfa08a90f	publication_component:citation:publication:doi:10.1101/106120	lookup:0610b891fa44150a37ed39d2b0c522c54e208e0b984ee8e7410905ecd7b21a6b	opencitations_meta	metadata_by_doi	doi	10.1101/106120	conflict_all_exact_evidence	adjudicate_identifier_conflict
assignment:4087aeaead670fd5b7ae06c2f335baa1d0e2bab188643022b41ed5eb45a768c1	publication_component:citation:publication:doi:10.1101/106120	lookup:549e0ed70c83f079cd68c36342d95de3f94d13e5dde182db159ff63b25fe72c2	opencitations_meta	metadata_by_omid	omid	br/06404300743	conflict_all_exact_evidence	adjudicate_identifier_conflict
assignment:ecc0ac7b4f6455306e881f1b95976b2a2f32425cf7028f74edea99ddd52b0b7a	publication_component:citation:publication:doi:10.1101/106120	lookup:5930c73865b94ea8e2c839058ba8a1dfb8709b3db1062ce9c1ff542ff53ac7ab	pubmed	record_by_pmid	pmid	31113811	conflict_all_exact_evidence	adjudicate_identifier_conflict
assignment:286874e6c8f6eeb0139b6af897dcddc72694c17c3992beb6aea3a9ff9acffb8d	publication_component:citation:publication:doi:10.1101/146951	lookup:9cdb8f5d89e288a70e696d3a1c10ad76634bc75bbbbd3dce44810635e41a8303	openalex	work_by_doi	doi	10.1101/146951	conflict_all_exact_evidence	adjudicate_identifier_conflict
assignment:9352b51e059fdee806367805ae5e2a45d5202b05dc41ecee86692285fc1fea45	publication_component:citation:publication:doi:10.1101/146951	lookup:21a5a62a541c43296aafe92fc1b85ddeba53f66a2bdf0a1758e7ef26f1e8fd30	openalex	work_by_openalex_id	openalex	W2621871101	conflict_all_exact_evidence	adjudicate_identifier_conflict
assignment:ea2f689406193645943bc3a08480d0f4f701b053d0add805e2b92741b6557676	publication_component:citation:publication:doi:10.1101/146951	lookup:369e4aa3c11012288544610ffc3ee716058a89b43d7a4bc550367ef3ce8a187e	openalex	work_by_pmid	pmid	29372116	conflict_all_exact_evidence	adjudicate_identifier_conflict
assignment:b8488802cef927cde9582553e14af4fca8e5e4d0eccd778475527ead5296b0ad	publication_component:citation:publication:doi:10.1101/146951	lookup:6e2efd480f16d83545e4c07254f909790cda7ffa15073f940b8df156444ad2a5	opencitations_meta	metadata_by_doi	doi	10.1101/146951	conflict_all_exact_evidence	adjudicate_identifier_conflict
assignment:dff2e78f74aabff81807ca5c6d9b3656ac032801a9932f573accf4d05fccf819	publication_component:citation:publication:doi:10.1101/146951	lookup:ffe3bb420a9718edbce82b39cd5dbb6dbb2eabc281e73ffbbd7e7f5c6028fc89	opencitations_meta	metadata_by_omid	omid	br/06404309230	conflict_all_exact_evidence	adjudicate_identifier_conflict
assignment:0e4e9753c02510c591e750a78d6dacbe75c124f8d43ce44b41d0ee43f4657e44	publication_component:citation:publication:doi:10.1101/146951	lookup:d8dd6f7729886315d15c0157dd7c3ec8fcb4de042aace577c178edb56ed25b89	pubmed	record_by_pmid	pmid	29372116	conflict_all_exact_evidence	adjudicate_identifier_conflict
assignment:a559e010cc7a10a3ca7222daa63a35f8e59eea3fd103085d4e6c2c01680f8c98	publication_component:citation:publication:doi:10.1101/2020.01.13.901538	lookup:c6fba98359d548d84de47e5371779fabf46bcbfdc6772b308b67879cc0b8e404	openalex	work_by_doi	doi	10.1101/2020.01.13.901538	conflict_all_exact_evidence	adjudicate_identifier_conflict
assignment:088ed824e5a4771ad85bc9f063480aff5fcf1682817225358c4bb256832c1869	publication_component:citation:publication:doi:10.1101/2020.01.13.901538	lookup:ec3c8fb5e94b9b77902e29fc3f054d815eab171f6e2c17292147639896ff4eba	openalex	work_by_openalex_id	openalex	W3000500017	conflict_all_exact_evidence	adjudicate_identifier_conflict
assignment:181d2b5dafd5d7655a4f9d2eccae9328f4923c122f06a5779857a22128d42e7e	publication_component:citation:publication:doi:10.1101/2020.01.13.901538	lookup:ed7676f370d715d08c991d9cd46284b7ce8708ac61d17a074ae46104bfb50df6	openalex	work_by_pmid	pmid	32479549	conflict_all_exact_evidence	adjudicate_identifier_conflict
assignment:c160993830b842ddb8c8fc4d099e43dfc521aca1a104d8cbcbe5aa419695b6fe	publication_component:citation:publication:doi:10.1101/2020.01.13.901538	lookup:3db0b06ee16c78bbd8391df8aef1a1ad8b3a21312b5eea3f6f1731fe27f02f59	opencitations_meta	metadata_by_doi	doi	10.1101/2020.01.13.901538	conflict_all_exact_evidence	adjudicate_identifier_conflict
assignment:c3d4644c0f7bb40eecccdf76cb95bc25acaa76491d57668b837eac8590d92fcf	publication_component:citation:publication:doi:10.1101/2020.01.13.901538	lookup:3b28be7d02a5f9cd75d05444bae1d90ebec55d29ae4f04fa384222e7db59661c	opencitations_meta	metadata_by_omid	omid	br/06501814267	conflict_all_exact_evidence	adjudicate_identifier_conflict
assignment:58d117937942ddf4183c76051fdffad2a070768a5e0d143070a8abe5498f171a	publication_component:citation:publication:doi:10.1101/2020.01.13.901538	lookup:ae10e4444ebbed3bb2088b4008aee61e859275ac0a7d742cf2383b42c67c7657	pubmed	record_by_pmid	pmid	32479549	conflict_all_exact_evidence	adjudicate_identifier_conflict
assignment:ff6a3cecc8e6d0cd0c10fb99394497bd988c007ecd22929bfd8431b77122a72d	publication_component:citation:publication:doi:10.1101/2020.02.20.957068	lookup:35647f5b9af15b36cc5fb84d392a27025b5db8db9a46d69626ed93556548a86b	opencitations_meta	metadata_by_omid	omid	br/061502266628	native_title_evidence	recover_title
assignment:38962fb6fff9839bd8f48a58187db762b1b585314111bb536be393de6fd82bb8	publication_component:citation:publication:doi:10.1101/2020.03.25.006957	lookup:4e17e81973888d005a840a02dabe8fe215e53e438049e9fbf5795f6a5a9336e1	opencitations_meta	metadata_by_omid	omid	br/06902294313	native_title_evidence	recover_title
assignment:c1676a726efefbeeaf24bf505ffaeb49fd5d8ac2b13b3217b8f95bc5ee1c0c55	publication_component:citation:publication:doi:10.1101/2020.04.27.052225	lookup:891c805822d879264e7b0c8595a070d1249980f2b9a7989a8a611cc46e99d282	openalex	work_by_doi	doi	10.1101/2020.04.27.052225	conflict_all_exact_evidence	adjudicate_identifier_conflict
assignment:114abbfc706f2a45c4b086d6b28d67fce436147967af940cae782052642f3aea	publication_component:citation:publication:doi:10.1101/2020.04.27.052225	lookup:01499b1659c3366c6540f9611b4460aec82294a793f5047c1097890493edda0b	openalex	work_by_openalex_id	openalex	W3023218077	conflict_all_exact_evidence	adjudicate_identifier_conflict
assignment:7e8dfb435db103ee01efac85a30e9abc30b1c74afbaded16b843c94221ed2ba6	publication_component:citation:publication:doi:10.1101/2020.04.27.052225	lookup:97f51cedb4ab0f00669146d17590c7457377ccac8fe073c00a6d0e1905b4599b	openalex	work_by_pmid	pmid	33211775	conflict_all_exact_evidence	adjudicate_identifier_conflict
assignment:9e2639d13594793e93bdfe7b25fb2fc92d93c9c03eb050361dfbc2e9fc828df8	publication_component:citation:publication:doi:10.1101/2020.04.27.052225	lookup:936e346190c2ed433c08f2869eca077ff5411a6741192be4df36d5e59c63d09f	opencitations_meta	metadata_by_doi	doi	10.1101/2020.04.27.052225	conflict_all_exact_evidence	adjudicate_identifier_conflict
assignment:79eb069270bad3d125c4c27a01a1554e151ae7d1053c58b752dc8f32f089e516	publication_component:citation:publication:doi:10.1101/2020.04.27.052225	lookup:53a0a7aacbf509f1270dc44d3bd6ab45bfc0d485bcd61abbbf0949c9438fedc2	opencitations_meta	metadata_by_omid	omid	br/06504274701	conflict_all_exact_evidence	adjudicate_identifier_conflict
assignment:5b4488d662f7eca72b69ea864e100d2f6d9ea99466430ee3e6f677d49e5a3d0a	publication_component:citation:publication:doi:10.1101/2020.04.27.052225	lookup:acc8b671e834ecee048891e8aafe46bf70cf6fe25ad2b901ac7fc4373c1f8544	pubmed	record_by_pmid	pmid	33211775	conflict_all_exact_evidence	adjudicate_identifier_conflict
assignment:9313c8db2ee9ed6c05b623aeebf1f8a37f3aca258e1c5e14de8d5445112a4504	publication_component:citation:publication:doi:10.1101/2020.05.06.081315	lookup:1a96de4b8f8f02f7617db06e42f228c83865a481f58379e65491eb98aa3aef78	openalex	work_by_doi	doi	10.1101/2020.05.06.081315	conflict_all_exact_evidence	adjudicate_identifier_conflict
assignment:1f8c8ccbe3dbbc1733cf91372e5683d90b2a4c74d6f89e829567bbf9f67cf3d7	publication_component:citation:publication:doi:10.1101/2020.05.06.081315	lookup:721cab81fa710c34508e8751eedc16cd4ba0665c09d10bf8a66b1cec134df1e1	openalex	work_by_openalex_id	openalex	W3022448961	conflict_all_exact_evidence	adjudicate_identifier_conflict
assignment:5bf4f6ddb8cc973985fb8a10e5f81591bc1645d71bf9152129bdf7d53a79e215	publication_component:citation:publication:doi:10.1101/2020.05.06.081315	lookup:117e4f85d8143a33cd823482e3c8dc3aeed8169cce0a2f908671abf81d0ca695	openalex	work_by_pmid	pmid	32665274	conflict_all_exact_evidence	adjudicate_identifier_conflict
assignment:4e1e7fb328195e8e536de70be9a0dde3678e3f31ad2ddd60e6976405e305d73b	publication_component:citation:publication:doi:10.1101/2020.05.06.081315	lookup:17a7073a10f1c21f597d4fe3b1e949f43bdacd49c3305e6a5a262cd8d9bb6d8b	opencitations_meta	metadata_by_doi	doi	10.1101/2020.05.06.081315	conflict_all_exact_evidence	adjudicate_identifier_conflict
assignment:8be93e0f4d07cbb5425bb5be5009c394884deb293044d99aee5429651883f86f	publication_component:citation:publication:doi:10.1101/2020.05.06.081315	lookup:16b19d541ac60126740a979a23227f01823e0c7be8245ce4148e9ecc7d0dcaf7	opencitations_meta	metadata_by_omid	omid	br/062603924311	conflict_all_exact_evidence	adjudicate_identifier_conflict
assignment:7df8e1ab87afdd6040f60495506b20afd874d0564f672e6bee5e238ea61cbbbe	publication_component:citation:publication:doi:10.1101/2020.05.06.081315	lookup:db728bb1fda42103dd96c6f195584ae58c067c031cd79bfb6e3d5305b2657f41	pubmed	record_by_pmid	pmid	32665274	conflict_all_exact_evidence	adjudicate_identifier_conflict
assignment:564bcda874de5785cc94c94c083e9d7e7b52d4659714e1e6157205303cfd7c67	publication_component:citation:publication:doi:10.1101/2020.08.31.275453	lookup:7a307193b1fde64efdd6d18cc46f42fa544c0dc22c05a78fe83c4fa012872ee7	opencitations_meta	metadata_by_omid	omid	br/06702060050	native_title_evidence	recover_title
assignment:07c8099b09ab88d3fd9fb210b715e786f269f7b06375c014a7aaabdb3ff05f2f	publication_component:citation:publication:doi:10.1101/2020.09.09.287623	lookup:5d4b2c1d7f15f3cc6cde1befa3284aa6ee8c62249abe75af0974335c974e8eec	opencitations_meta	metadata_by_omid	omid	br/06102091011	native_title_evidence	recover_title
assignment:5d621e88cdba0cc99d85fdd086de4935db4f5824a87fb4537963a4347ddad242	publication_component:citation:publication:doi:10.1101/2020.12.09.417808	lookup:e220366acd84982ec1e74b44a19c7d939308cbf1dd1906c4493582caaaec0983	opencitations_meta	metadata_by_omid	omid	br/062103366883	native_title_evidence	recover_title
assignment:f5c7d1a534c563b82adde6d54f630e87a3115020c8efd90288561879b9f942cd	publication_component:citation:publication:doi:10.1101/2021.02.27.21252099	lookup:c6f4659cb1655c88b476788358ec801acbf57a18126d6b6258af95c507f27030	opencitations_meta	metadata_by_omid	omid	br/061903238042	native_title_evidence	recover_title
assignment:61bfa6a583e60ca28c3be4e95aad4b564af03038b93fac93504e0c25e4bfd944	publication_component:citation:publication:doi:10.1101/2021.06.04.21258352	lookup:a7fce6e043d63e80826a1001c5edb85d889338980ce8e304bd642574f0eaf960	openalex	work_by_doi	doi	10.1101/2021.06.04.21258352	conflict_all_exact_evidence	adjudicate_identifier_conflict
assignment:7ebe0cc6182dbb647c1d3762ec628b9d15433e1801cb5c983710189e8ba22a13	publication_component:citation:publication:doi:10.1101/2021.06.04.21258352	lookup:c2e8adee4804a8324eca4545e5f59d11e32047d5c6e3775a29f3b41e24563ef2	openalex	work_by_openalex_id	openalex	W3168124228	conflict_all_exact_evidence	adjudicate_identifier_conflict
assignment:c68c4b1118f4733554c442a333257d1dd46c732090938a6145dc6b19710f1482	publication_component:citation:publication:doi:10.1101/2021.06.04.21258352	lookup:01e05829cc5c41927a39de6e7aac4b39d7852db445b60bde3ceb90fd52fb0e40	openalex	work_by_pmid	pmid	34846280	conflict_all_exact_evidence	adjudicate_identifier_conflict
assignment:9049b168a05ec089fb71fd965e68d961a7a99310e435e08b6b3a6d5fbda3457e	publication_component:citation:publication:doi:10.1101/2021.06.04.21258352	lookup:235296eb71b4619ab849b9f5f5324385110f421c7996fe740096da2ac6986d66	opencitations_meta	metadata_by_doi	doi	10.1101/2021.06.04.21258352	conflict_all_exact_evidence	adjudicate_identifier_conflict
assignment:85863519e1649971d3907ab8e80ed2d3a400ef5cd77028f12e00f40eab75cec4	publication_component:citation:publication:doi:10.1101/2021.06.04.21258352	lookup:f5cb8a402705741daf8c3ec8081b75420f4d8b29dccf2ebf47da3b65ef90d423	opencitations_meta	metadata_by_omid	omid	br/06503412582	conflict_all_exact_evidence	adjudicate_identifier_conflict
assignment:79f48b2d8358f5bc892001994cad3a26491c5dc66d6ce16e0ca5d501d7dced03	publication_component:citation:publication:doi:10.1101/2021.06.04.21258352	lookup:b366fe4f5e81faba1fa98adddcd073a8f4f3d316476fce32b410a5e0af5cd23e	pubmed	record_by_pmid	pmid	34846280	conflict_all_exact_evidence	adjudicate_identifier_conflict
assignment:f521024750fde321a3c46bc994485e7f6f269c8220531fb6efedffd1d16fecb4	publication_component:citation:publication:doi:10.1101/2021.11.08.21266069	lookup:768522d72f93e298b05532e3d1c1d4b71fc492e4923e4a080b084ced16a6d3a7	opencitations_meta	metadata_by_omid	omid	br/06101940297	native_title_evidence	recover_title
assignment:1b2b8b367eb1e3082a7659a14cffddc8a4e4c2a5a1c4b4ad65d03864de713e1d	publication_component:citation:publication:doi:10.1101/2022.01.05.21268323	lookup:9ac76c80036072431b9903c33562ca26eb1c0a64b9471b3b83970fd7e824d394	opencitations_meta	metadata_by_omid	omid	br/062202328049	native_title_evidence	recover_title
assignment:198d2d43ec01de8dc47d3288bf6fa8acb5632ebfd3ce80ffa0ab47e7f62779e7	publication_component:citation:publication:doi:10.1101/2022.01.13.476171	lookup:b71caac90c1902e039b17671e66050c0d0df194bac0dd603dd50d8f4fac99029	opencitations_meta	metadata_by_omid	omid	br/06902345292	native_title_evidence	recover_title
assignment:ade355c6008162844797d07cf36771bc1db0cc7bb7e3a9099298a0d09900f247	publication_component:citation:publication:doi:10.1101/2022.02.04.479011	lookup:9f9ac844ba1cb0c0408439b4bb130f475c5b0c6737a54a01ce3f8b9690b3da13	openalex	work_by_doi	doi	10.1101/2022.02.04.479011	conflict_all_exact_evidence	adjudicate_identifier_conflict
assignment:40598205e912a9f2c75dad08b63b513ab9d799b5241740fd3bdfb739d4153218	publication_component:citation:publication:doi:10.1101/2022.02.04.479011	lookup:6cf1e030fa8baa4bda0d0247627175364ddcce3346f48c2b5a027de456ae17c5	openalex	work_by_openalex_id	openalex	W4210904329	conflict_all_exact_evidence	adjudicate_identifier_conflict
assignment:7ea6989078b7f974ca8f779d66e55d797bdee8f7fae6e5fd21b8f35c2f1f94e8	publication_component:citation:publication:doi:10.1101/2022.02.04.479011	lookup:70400606c1c4810a4237e9b1fbf78c350ef118361884affbc2187fa55482f41f	openalex	work_by_pmid	pmid	36617622	conflict_all_exact_evidence	adjudicate_identifier_conflict
assignment:30153ac9d5c840910f1fc863a2c7034eae62c8b1142181475dde1b9fa6859e9f	publication_component:citation:publication:doi:10.1101/2022.02.04.479011	lookup:00849b3cd779be510093a9743c1e8bd80eddb12dd994066aad4d7f932a38b2d5	opencitations_meta	metadata_by_doi	doi	10.1101/2022.02.04.479011	conflict_all_exact_evidence	adjudicate_identifier_conflict
assignment:064f9ee79d93606e7efd6aefc740d0132ff4cf691c06a298de796d5d5302f750	publication_component:citation:publication:doi:10.1101/2022.02.04.479011	lookup:3fea98db24f1b136a70938a41581ba37343bf06722a8a9906812c37bf60e4121	opencitations_meta	metadata_by_omid	omid	br/06202672245	conflict_all_exact_evidence	adjudicate_identifier_conflict
assignment:414765b40d34826f56a8fd3dd7c7ce1ff75a6aa4b880b5ecd1603c84958cf30c	publication_component:citation:publication:doi:10.1101/2022.02.04.479011	lookup:84bbbce092ac199967b670a4d72230d6c6e6ed3c93881fcb3ee23899495d49d2	pubmed	record_by_pmid	pmid	36617622	conflict_all_exact_evidence	adjudicate_identifier_conflict
assignment:6dd1cdaf05d6199427fd23e23ea66007e49382b1e5dc25e199d46e912ad5601e	publication_component:citation:publication:doi:10.1101/2022.03.18.22272503	lookup:95a8b0580f6e0960936a0eeb5c74f8177f501109c3294eae830ae5b2c7961aac	opencitations_meta	metadata_by_omid	omid	br/062102250067	native_title_evidence	recover_title
assignment:00936dcf9d9e63ccd027619858853a63815a49dd6d6f755c3e4ef2020cb92691	publication_component:citation:publication:doi:10.1101/2022.03.29.22273028	lookup:d6ed6d5d9758e073ab7f6a17adcd00943d6556dd6763264bb0e48a8c0534e4a7	opencitations_meta	metadata_by_omid	omid	br/06401875050	native_title_evidence	recover_title
assignment:ca953106c51d6f54a8ecea5240e124b1509326bd54b1504b43e027e5cb4b1c28	publication_component:citation:publication:doi:10.1101/2022.06.17.496625	lookup:9b1ae803beae55a2a69f7b9dc61ad8ce161890aa6c356054ee4164e89fa04e22	opencitations_meta	metadata_by_omid	omid	br/061702513938	native_title_evidence	recover_title
assignment:7b12558d6ec7eb57c0608cc9d71a11f87794a8be373484517a5444baaf6a7376	publication_component:citation:publication:doi:10.1101/2022.10.22.513338	lookup:472ecfdc9818d40171cf1336844c9e8af91062aa8fbccc5346c7632037fd9faf	opencitations_meta	metadata_by_omid	omid	br/061403552123	native_title_evidence	recover_title
assignment:4f185f52c64cc736d6d0856d1282ce7618a0ba2547687091a98a8c0c05cb5e96	publication_component:citation:publication:doi:10.1101/2022.10.26.513839	lookup:38c8dc2c16185223e5749e6801c893835dec6329ee67cc26b5911cc55bf8db84	opencitations_meta	metadata_by_omid	omid	br/061103574812	native_title_evidence	recover_title
assignment:c1e55dbea4dfdce058f8dd906b6cb8c064673f0a5aaa527140f6c692024430e1	publication_component:citation:publication:doi:10.1101/2022.11.17.516924	lookup:69387bd45f12d62e079e1522e563d1cea2c5234b4394a1296c9ac41f03cc0d8e	opencitations_meta	metadata_by_omid	omid	br/06703960092	native_title_evidence	recover_title
assignment:073596f8a2443050064a1348bcfb436ba0cce96b3b3936a1d1196e4c5ce1244e	publication_component:citation:publication:doi:10.1101/2023.02.25.530036	lookup:997141557f8044410d3b69598a489da2c05bff488642c9ae7381de14bb557435	opencitations_meta	metadata_by_omid	omid	br/06404435552	native_title_evidence	recover_title
assignment:06ee50f5d0b49cc1f134a11a526f0f63d5ab40d7f60c7f126605ff5f4a70dec1	publication_component:citation:publication:doi:10.1101/2023.03.19.533346	lookup:ea4bcb5a9eff32a541714cf016f0e49ae7435f49468a88bfb6a27f9c2a6fb892	opencitations_meta	metadata_by_omid	omid	br/06310132181	native_title_evidence	recover_title
assignment:d2fa3cb0bd5859d9ef9a4a98cb14b36f47b5b028ab065fe6f0f4ef3cbb4bdce6	publication_component:citation:publication:doi:10.1101/2023.07.24.550320	lookup:208101526e75a1671638d51fa8c160ea420514fd2b352c8346e507b907c75690	opencitations_meta	metadata_by_omid	omid	br/06390187814	native_title_evidence	recover_title
assignment:9b253af4eb28aac5d0a075a35796913d8d75e3e6e67f34187231102fd51e1a9a	publication_component:citation:publication:doi:10.1101/2023.08.30.555585	lookup:12a1f899daa5514c434542fc11bb779e3c7df2bc4d2fe905aac700805850f3aa	opencitations_meta	metadata_by_omid	omid	br/062503974400	native_title_evidence	recover_title
assignment:9bd5e1b5931529f9bd8f0826a302b248471ad22b877849c27f784b6679f275bf	publication_component:citation:publication:doi:10.1101/2023.10.27.564379	lookup:1cfd775ce8f0e6a84be263ec89a5ce8a62baa6e26aac8d0e19986c04fdb581a4	opencitations_meta	metadata_by_omid	omid	br/06504753172	native_title_evidence	recover_title
assignment:5a7eac95c79533bcb542e9c813bd4f65385101ac77d28663da175d6879706afa	publication_component:citation:publication:doi:10.1101/2024.02.06.579203	lookup:e50ecd7ecd7b20c65a2ef908b4faf5c7a04adeece671c19449f3da2e6c05d5ca	opencitations_meta	metadata_by_omid	omid	br/061704143857	native_title_evidence	recover_title
assignment:e35f0fae9a4c1f647530a19fb9b3d25ce3e9ade4a1559f9bb4610431340b42ca	publication_component:citation:publication:doi:10.1101/2024.03.06.583810	lookup:796c4e9af932bfd18b86091df9266e749f0f257765ab9564b7825a4880a68b14	opencitations_meta	metadata_by_omid	omid	br/061104298593	native_title_evidence	recover_title
assignment:94a2272354dc98105be30c3fe248c361fe36502185c04e247cd037eb13a4b351	publication_component:citation:publication:doi:10.1101/2024.08.01.606208	lookup:f8dc997016fab2e49bdcc092066d56858792cf37a35e062b27e05b87e1061eb7	opencitations_meta	metadata_by_omid	omid	br/06310580994	native_title_evidence	recover_title
assignment:eab64eba40963d3ec2faa54e0aa514fe6307b025962574060f8444eedeed0d0c	publication_component:citation:publication:doi:10.1101/2024.10.02.616334	lookup:36d14147eb88257d327d61ba4fff4ca4821ec643844d73bc79e77a3e1afda9b2	opencitations_meta	metadata_by_omid	omid	br/06340505651	native_title_evidence	recover_title
assignment:06618c3fa9ad88637ed5af95080a08b9bbea8af78229134a781ebf78ecbede52	publication_component:citation:publication:doi:10.1101/2025.04.09.647074	lookup:f8ae0269bc3d78b06c80267c9b66158002762f068cfa90ed7608848e3a4dab4d	opencitations_meta	metadata_by_omid	omid	br/06011473567	native_title_evidence	recover_title
assignment:3d573e8df2ecb25cf121d1771b77f9db336da694d357c98a6abea63592d547d9	publication_component:citation:publication:doi:10.1101/2025.04.29.651360	lookup:159a73f34d1cf0ba2d48d95d8d19a4ea90923e12743136fae6b5da21bd5d0c11	opencitations_meta	metadata_by_omid	omid	br/0609604910	native_title_evidence	recover_title
assignment:8ef70dcccfff23b4f87fa46d35faa504a32c0ddab2db94f0f16906c475c3d073	publication_component:citation:publication:doi:10.1101/2025.07.03.663031	lookup:f8a23a03171a1ea1c46a22ea061d205abb292789843321f83dc15472c2e29e83	opencitations_meta	metadata_by_omid	omid	br/0609499124	native_title_evidence	recover_title
assignment:dfc526f6aa6e72913d99063866f546544ccb1947e0c0faa3b1284edd996d99b1	publication_component:citation:publication:doi:10.1101/2025.07.31.667835	lookup:def52d1295d3dbf7d5404b6f7dad7c74e9f5b53f6f1af1ff566e07a337aa5bd9	opencitations_meta	metadata_by_omid	omid	br/06010848331	native_title_evidence	recover_title
assignment:4d64abe645d02230d08bf5e891e888d576447550f6d97021e2ab966d5f72c2a6	publication_component:citation:publication:doi:10.1101/2025.08.27.672529	lookup:20acb90015a4d352acf1b6db96edf0dd5a3b7ff26d9646b6ee62f6ea62164aea	opencitations_meta	metadata_by_omid	omid	br/06010105916	native_title_evidence	recover_title
assignment:636817174c2d47e7ff308bb887b0257f867e9c67ef148bfc305314ec3decc8f6	publication_component:citation:publication:doi:10.1101/2025.08.30.672725	lookup:b042d341f9b90bdbcf6a170d1c55ba059e4b28c537ab66f5e5c70af2814821d4	opencitations_meta	metadata_by_omid	omid	br/0609731188	native_title_evidence	recover_title
assignment:e393a71872070537ec22081c5d534b713f37cd1db2f38b988c45127b9b05fa1e	publication_component:citation:publication:doi:10.1101/2025.09.17.676462	lookup:afb17d1918f8bfb78181a1de4fc209caf7c463842172fc8f7f54b9369db2ba2b	opencitations_meta	metadata_by_omid	omid	br/06010135150	native_title_evidence	recover_title
assignment:68dc53d33e3082bbc26699f621d284d4f1eb79dadbcf253260b169b3128c4ed7	publication_component:citation:publication:doi:10.1101/2025.09.26.678787	lookup:1d60cb375ae9ead900553fdeca927e0fe824ac001d7c4f53267df85a8d4a158b	opencitations_meta	metadata_by_omid	omid	br/06010864316	native_title_evidence	recover_title
assignment:de5220dbe5848bf96eaf8460fd9a067d58fa059f317fe72b5dd039b5c412fbb6	publication_component:citation:publication:doi:10.1101/2025.10.27.684817	lookup:c02055942530ee2732b29764b87c01d783cbcbd5018f6c42707b76362cc5000c	opencitations_meta	metadata_by_omid	omid	br/06013068764	native_title_evidence	recover_title
assignment:869b816c595cab7b6d8af777665b99eb736b7c8d10c68e7261893e05bd93b1e7	publication_component:citation:publication:doi:10.1101/2025.11.25.690603	lookup:dc6bcba1a45948a19a819c7962590d951aa7c0d4c8d60f74f853cf162db71603	opencitations_meta	metadata_by_omid	omid	br/06015293882	native_title_evidence	recover_title
assignment:50ecb3cb110c256c49e5254fb80f4620fc74e961b14eba047ca13389bf661e20	publication_component:citation:publication:doi:10.1101/2025.11.26.686905	lookup:d466b85632161a14b0298f0abdb5e29bb6a077e9c6a5de2c9aaf40d286398d2a	opencitations_meta	metadata_by_omid	omid	br/06013949918	native_title_evidence	recover_title
assignment:4c3d6b0ae2f84eedd31dc8f56c390439fe03d178bcbff67248edd297095d4718	publication_component:citation:publication:doi:10.1101/261354	lookup:50d72ef8f3414dfa15441ada77c2c22a5750288b6235854fc57bfc04c6819b13	opencitations_meta	metadata_by_omid	omid	br/062302345158	native_title_evidence	recover_title
assignment:63030619f1c049d8dfd2f3e5ddf57713bc09d7cde0aeb931929bdba23b7f9478	publication_component:citation:publication:doi:10.1101/264226	lookup:f8f160a29b1e6fb967b4a9787e30ba479027f0bcad9219c568416963efefd2ef	openalex	work_by_doi	doi	10.1101/264226	conflict_all_exact_evidence	adjudicate_identifier_conflict
assignment:caa9cdffe08e209062ff2f46895b986003dbc511de4ac9edbe9bc2702900ede0	publication_component:citation:publication:doi:10.1101/264226	lookup:bf5f541dcb8e17e47b795872fd6e5e5e0561816b8a2c4a93a7c55bf751464f1f	openalex	work_by_openalex_id	openalex	W2952878955	conflict_all_exact_evidence	adjudicate_identifier_conflict
assignment:a6f7fd51c24d74ba2e448eb807636e2c37b34c1ef97b9f267d4a28c2cef0a30a	publication_component:citation:publication:doi:10.1101/264226	lookup:c0f3a6bbce46727b5627def8a3983d2537c7a733760b6a8b0a9f1f72aac88c8d	openalex	work_by_pmid	pmid	29693722	conflict_all_exact_evidence	adjudicate_identifier_conflict
assignment:655ccb26fee3b75f8760d983635d4e064b980ad6fcdd1b13df3211b60190c70b	publication_component:citation:publication:doi:10.1101/264226	lookup:d66a8fd26093ecd16cceb6615048795c6f1ebf6fde2974f75c00936a1f3a330f	opencitations_meta	metadata_by_doi	doi	10.1101/264226	conflict_all_exact_evidence	adjudicate_identifier_conflict
assignment:b23c9f17c4bf4d59a31850aa9300f2f89a3eb62d27c9a7b85508215439d07163	publication_component:citation:publication:doi:10.1101/264226	lookup:e7976dba9c97e4b790a15946782eba303e6a5ed5df2ac967d8b61a453cd0461d	opencitations_meta	metadata_by_omid	omid	br/06604322183	conflict_all_exact_evidence	adjudicate_identifier_conflict
assignment:13c5ff59a75301dbc6f38f1362e0a9366c0cad6070f611aaec3e99feb5860b03	publication_component:citation:publication:doi:10.1101/264226	lookup:0a09870bc9f8a084ce61cc5e6d511e1db9914c714fecd89bbf9972a366ac64ce	pubmed	record_by_pmid	pmid	29693722	conflict_all_exact_evidence	adjudicate_identifier_conflict
assignment:cb94327837c2767f96b0f1f4db3461f8a0a79b2ff6b6a1ce3e6a38513b528f33	publication_component:citation:publication:doi:10.1101/366112	lookup:769193e4559345894f4a8191cdd608279521e0ab4a8ac6722db0d973c082f9a8	opencitations_meta	metadata_by_omid	omid	br/06102733357	native_title_evidence	recover_title
assignment:f33f8a85093ca3a8aeac545d842ab7bb26f4098c71d83c2784bd90a59d0e4bdc	publication_component:citation:publication:doi:10.1101/443945	lookup:078bb9c56b9df9558869bce96cd7e78714334a013fa55d8dd5558315899b432f	openalex	work_by_doi	doi	10.1101/443945	conflict_all_exact_evidence	adjudicate_identifier_conflict
assignment:99e3e68e0d30635c75159cbc22d0664e293f851197d6170315c6212841419666	publication_component:citation:publication:doi:10.1101/443945	lookup:bcb930a2bbf809290d9cf7f8d625d7cf582d9fe3dfac1a3bbc87eb4d6405c8e6	openalex	work_by_openalex_id	openalex	W2896876179	conflict_all_exact_evidence	adjudicate_identifier_conflict
assignment:400df64b06bf53fb813b32921870f5232da9055f1481ce0d32e5ce034e24b4bc	publication_component:citation:publication:doi:10.1101/443945	lookup:3e38181b01f6aad2cb3f5909aaf07ba734851f98a04598d5251a21ad3cb9176b	openalex	work_by_pmid	pmid	31233486	conflict_all_exact_evidence	adjudicate_identifier_conflict
assignment:5d15a223d5f3b868b610f354c25754c49f04fc5d92b4c73ac9128fd791ef91e7	publication_component:citation:publication:doi:10.1101/443945	lookup:5219ca4e194a5b4fd7648cdeeba7559d3c802022e7cb37f0302b9d6488101868	opencitations_meta	metadata_by_doi	doi	10.1101/443945	conflict_all_exact_evidence	adjudicate_identifier_conflict
assignment:0e53db9325c1d591bb61c9550d03d8009e9ee73532dced2b85ebf2fef0d4b29c	publication_component:citation:publication:doi:10.1101/443945	lookup:071b324367f5eec10e9027dfc2c7cf433ec97cd259866593f1ad87400b65241c	opencitations_meta	metadata_by_omid	omid	br/06903906460	conflict_all_exact_evidence	adjudicate_identifier_conflict
assignment:68614e8116cdec956384e05d4420ef3c7b1dc1d8a00f511cbf1f309768fd3999	publication_component:citation:publication:doi:10.1101/443945	lookup:cdf2f2751ccc88624637182e83a4adc8dce4a59b44567000a831979c12b8cd1a	pubmed	record_by_pmid	pmid	31233486	conflict_all_exact_evidence	adjudicate_identifier_conflict
assignment:092f1a3cda8d8a116f6e69ba402d8d155bbbfaf5d6f2a5ece13220baf5b769e0	publication_component:citation:publication:doi:10.1101/455444	lookup:9b4c8779d9ed88f9749463c06c80208b3132d842f8c6695731a9305b8eb1165e	opencitations_meta	metadata_by_omid	omid	br/061102332197	native_title_evidence	recover_title
assignment:52d7ace071894fcc65239d78aad785aa8339aba762b7ef5e6f4caadeffba3120	publication_component:citation:publication:doi:10.1101/456897	lookup:1e894de7319b40898b12d6edbdb5600eda56f5401ab957699a019bbca5217941	opencitations_meta	metadata_by_omid	omid	br/06702682520	native_title_evidence	recover_title
assignment:5ba665d6d511e0efcb13ba7a648951b5197f4c3db67d9439ac74142f652bd7cd	publication_component:citation:publication:doi:10.1101/493502	lookup:a1955c75f6d022abf09b3648510578df2d8e2289d14755abc2e954c8fc899f69	opencitations_meta	metadata_by_omid	omid	br/061702324242	native_title_evidence	recover_title
assignment:04dbea7dfb947e0145399945e6a06dd6a1d05c2021d9a818e3a6277eef1de7b1	publication_component:citation:publication:doi:10.1101/556035	lookup:900f1a1132381f0abc9c941c4b7fec1c2fefa8b6634b4cff9af48aaeea39a817	opencitations_meta	metadata_by_omid	omid	br/06601898008	native_title_evidence	recover_title
assignment:98223fbd18c48e19eb5a79677089859d6a8776a5125e8f3f6bb385e84b578400	publication_component:citation:publication:doi:10.1101/591388	lookup:9cb5499348d81efb99ffbb0bb9231c63772dfa6ffac05504dbb9423d1709ff66	opencitations_meta	metadata_by_omid	omid	br/06302682941	native_title_evidence	recover_title
assignment:d13ef3e8352436f48a77783592982ae3e23b9fb308152ebd0b8f345db6a7cf24	publication_component:citation:publication:doi:10.1101/598821	lookup:e04914e33b24e42ce7e2c1e5ed9ce96fe36a1915d9365a78c337d3e1046a6132	openalex	work_by_doi	doi	10.1101/598821	conflict_all_exact_evidence	adjudicate_identifier_conflict
assignment:5ee7b5f46d023a6d5c9ebce10a1eb8550f6c1f3102081a8b3325ed9c5f16d8c8	publication_component:citation:publication:doi:10.1101/598821	lookup:7790712d01294d154b92a402a0d2914d350773140fe521d398adc76738e3c5dc	openalex	work_by_openalex_id	openalex	W2926766792	conflict_all_exact_evidence	adjudicate_identifier_conflict
assignment:9060fe4672ba55e25c89f1bcd07fe6fb5bf97177973ab8a38ca64744ff401568	publication_component:citation:publication:doi:10.1101/598821	lookup:83f9a0d487b10cb785294b25612a9f15b9c8b5b528cc52cd3afc7c1bea8e5a80	openalex	work_by_pmid	pmid	31464627	conflict_all_exact_evidence	adjudicate_identifier_conflict
assignment:98e3c21ef0de4a51a1ab3365e697859aaefd08fbfda0c0e4bd212f7397ad5afc	publication_component:citation:publication:doi:10.1101/598821	lookup:890f6ff8c0f4aa6ef3470da6ad42dc145b129e53b00d963575b1896b6a7a3edb	opencitations_meta	metadata_by_doi	doi	10.1101/598821	conflict_all_exact_evidence	adjudicate_identifier_conflict
assignment:ee886b43117bbf0219578eaaf1ac1f7311f38a38aaad1a6414f78e091330ee9a	publication_component:citation:publication:doi:10.1101/598821	lookup:70c42513a3588800f7e88473127ee07fc8e94d9b17c8263df99b74aff21e682b	opencitations_meta	metadata_by_omid	omid	br/06504310980	conflict_all_exact_evidence	adjudicate_identifier_conflict
assignment:ae124156293197234bd11abc94b4617b4872a4cb5c40b837edd30bd9c4ccde2f	publication_component:citation:publication:doi:10.1101/598821	lookup:352d4f1fa63b44236f6220a1bf4aac81a876e08bff5481185bfac298672cdd10	pubmed	record_by_pmid	pmid	31464627	conflict_all_exact_evidence	adjudicate_identifier_conflict
assignment:c54bf4573aad9a7db7c452e70b7fa9e2ac1d8306bd82b0abcbbbbd67853bf96d	publication_component:citation:publication:doi:10.1101/692194	lookup:061fcf55d7667811d626daea819441ca04c2e312f5884edc3ca0d81e8b20e7a9	opencitations_meta	metadata_by_omid	omid	br/06502675388	native_title_evidence	recover_title
assignment:9faaac6d02f4559f51c37451515ab8fcd7679a79d7571d98c499966621694d23	publication_component:citation:publication:doi:10.1101/710533	lookup:32d9ed8ab7d2566f96f62bbadc740ec9d5d0448dc9af41ddf1d54f1a0761654b	openalex	work_by_doi	doi	10.1101/710533	conflict_all_exact_evidence	adjudicate_identifier_conflict
assignment:fc283f4dfbe0d02663a8acdca1f07c172fec98848f5bb606117dbc15a894ee2a	publication_component:citation:publication:doi:10.1101/710533	lookup:2cdeaf74cad5195a79e7bc08ea9652e0a99d55ef7e6de2569080769862c4ce39	openalex	work_by_openalex_id	openalex	W2963409590	conflict_all_exact_evidence	adjudicate_identifier_conflict
assignment:56f627de806311f7f903880d37263a3360a5e3beb58d3dc96cfbf39ee45d4d96	publication_component:citation:publication:doi:10.1101/710533	lookup:1f685586a8a53edb50f5db9862811447c036fb38eb946ce28413c204b948d20d	openalex	work_by_pmid	pmid	31921024	conflict_all_exact_evidence	adjudicate_identifier_conflict
assignment:e5b8cf01ba058fbf08476f2a95d1648d79789eb29a757ccfdd587869a092a69e	publication_component:citation:publication:doi:10.1101/710533	lookup:3f34ffe22e3bbb53a3d7c51f6289393368903c05d4f43efab0ff402eaf9117f9	opencitations_meta	metadata_by_doi	doi	10.1101/710533	conflict_all_exact_evidence	adjudicate_identifier_conflict
assignment:1260a4150b54cb2794ba2e71e4f49b908f4672991f76fbaf8743fb0c52ffec41	publication_component:citation:publication:doi:10.1101/710533	lookup:040d442a1d6e04031441cbae40d6bfb0ddd70936bf897692a7873eba0c98ab90	opencitations_meta	metadata_by_omid	omid	br/061903889045	conflict_all_exact_evidence	adjudicate_identifier_conflict
assignment:fcd8f07513d0caad2e1bf032f7299b4637fac8beec1999ad71c5fdf3aa1c13ae	publication_component:citation:publication:doi:10.1101/710533	lookup:5b21f5ce27f64b0003a0588cc0611ca9950e9b2e453a532b229d1a92b06b0b3a	pubmed	record_by_pmid	pmid	31921024	conflict_all_exact_evidence	adjudicate_identifier_conflict
assignment:be2dfb8a45fb7545218fe6e825b8224fa88399fc4d18833e3a7bae305c1d5ad2	publication_component:citation:publication:doi:10.1101/739037	lookup:52a947d6ddc60c27a9d46a5673f78653d2d72b0d9a9905907b613f4ad1d85d96	openalex	work_by_doi	doi	10.1101/739037	conflict_all_exact_evidence	adjudicate_identifier_conflict
assignment:facd45d523b7fa73a6b91bcd87e75a1fac70133e1e94378fc8abeaa61cf80f87	publication_component:citation:publication:doi:10.1101/739037	lookup:dfb91d8d001726110a63be89e29e0c1de67d031efe785b1f1003e7a4d5c00387	openalex	work_by_openalex_id	openalex	W2967728201	conflict_all_exact_evidence	adjudicate_identifier_conflict
assignment:4c398f4c31b029332f4e3cc463a756492b8306c5a214819e0860f8c6d3d7b226	publication_component:citation:publication:doi:10.1101/739037	lookup:bda87125bd9de4dc67f26a6c753b560a17f935803a46a0d55f20d564ea72a081	openalex	work_by_pmid	pmid	31913497	conflict_all_exact_evidence	adjudicate_identifier_conflict
assignment:a928ff525c0eccd23d62a968589bb05fb15b90bf29963eefac90575ece37b6b1	publication_component:citation:publication:doi:10.1101/739037	lookup:928a7136fba96a0ee48cf6f1307893f3adcb4f6849897507d180d77de2d7dbf6	opencitations_meta	metadata_by_doi	doi	10.1101/739037	conflict_all_exact_evidence	adjudicate_identifier_conflict
assignment:6f7de8b33358b0520fff3f5e08c8067afa0962c8224c7482aaedd0a421bcd1ac	publication_component:citation:publication:doi:10.1101/739037	lookup:4b99d303f3bc0bfcf6ad21f6e8fd7944e97e7dc0d2667ab4d9c710fccef0f1a0	opencitations_meta	metadata_by_omid	omid	br/06903914303	conflict_all_exact_evidence	adjudicate_identifier_conflict
assignment:48c13da91093649b4c674e7b3f482ee075262094b993f4534686255ebc7a63ce	publication_component:citation:publication:doi:10.1101/739037	lookup:aa72bffe1ff64e8c4cf692c2df0c74a7bd02ab84c31e3fdd2e12e596660a907a	pubmed	record_by_pmid	pmid	31913497	conflict_all_exact_evidence	adjudicate_identifier_conflict
assignment:d5116a014c8657b68d9001e0317e1ce911831b65a1a13a85330631c734ae20d3	publication_component:citation:publication:doi:10.1101/740852	lookup:b6c0776d3912ea0bf345183d24f3b51daa534494a1fe0c3eec6e7484ca1f3b68	opencitations_meta	metadata_by_omid	omid	br/06902309122	native_title_evidence	recover_title
assignment:a82a3cd351a16bcb7fc65164f11194a7e235594ccfb6cd4e9889485d67f2699e	publication_component:citation:publication:doi:10.1101/gr.234096.117	lookup:58e20317b49461be2c25e80a0450ae729ca81075fccebe64a1aed7e2225dead8	openalex	work_by_doi	doi	10.1101/gr.234096.117	conflict_all_exact_evidence	adjudicate_identifier_conflict
assignment:ff924d226f0164f50fcb2e3c303da38da56b3b63d7c5992977f262aa439791dd	publication_component:citation:publication:doi:10.1101/gr.234096.117	lookup:c4f61290cd181e820d90a9c51d26f10e6ec0942c6f3e4ddc50f234b30bca54d9	openalex	work_by_openalex_id	openalex	W2950454586	conflict_all_exact_evidence	adjudicate_identifier_conflict
assignment:9f0ba98a3d50523d8821a506ec37237ccff85358d9dfc3e2e001fa97ad001a97	publication_component:citation:publication:doi:10.1101/gr.234096.117	lookup:291372b84b0550f89b8875d2e1ce9f0eb8d536c1025326fb72b2bf9c683979db	openalex	work_by_pmid	pmid	29563166	conflict_all_exact_evidence	adjudicate_identifier_conflict
assignment:d3d70e2166b4db92b516fdc090eedfaffbc1df7fc0f22a2fcbeb54627b2cac47	publication_component:citation:publication:doi:10.1101/gr.234096.117	lookup:975b928df646a8ab9bc74f8e2a8faf131d113833bf4e922fb038c1be3dcd87da	opencitations_meta	metadata_by_doi	doi	10.1101/gr.234096.117	conflict_all_exact_evidence	adjudicate_identifier_conflict
assignment:72ab23ac9598dfbb88d41178079f4af456be3d45c8fd27ef5504bbd5b1013d49	publication_component:citation:publication:doi:10.1101/gr.234096.117	lookup:c8fac0b73420c7f78659d13c0d1682663e3c9c18fddcab57d0c1121b445ae075	pubmed	record_by_pmid	pmid	29563166	conflict_all_exact_evidence	adjudicate_identifier_conflict
assignment:0d5fd91c680eab74da7b4d516de7b0e57eb2ce59fa67622394240d4c1cac6f1c	publication_component:citation:publication:doi:10.1101/gr.849004	lookup:8d9f4fb64755e95c28abcb0189af1714194244fec83952bf8880846382c67bbd	opencitations_meta	metadata_by_omid	omid	br/06201028072	native_title_evidence	recover_title
assignment:5fd461940cc7ffebcabfc8c8a0f4f523e8f7bf5ae101bb8f956f4c6c23b46c3b	publication_component:citation:publication:doi:10.1109/iccabs.2016.7802772	lookup:d9a4e75e6ff2ef068d751a17c58cd4ae5d07e60f28d210fbf54a82164df069fb	openalex	work_by_doi	doi	10.1109/iccabs.2016.7802772	conflict_all_exact_evidence	adjudicate_identifier_conflict;recover_title
assignment:a5b1deae4c513d5a269a55409041de06eb91a2b6fe07e611daa59433f765d7ee	publication_component:citation:publication:doi:10.1109/iccabs.2016.7802772	lookup:dd6d437cbb6c3ce4cb34d5755e9756b3fcd9b339cd7ea01a2ea5cc3597dec888	openalex	work_by_pmid	pmid	29244015	conflict_all_exact_evidence	adjudicate_identifier_conflict;recover_title
assignment:f87dbb900a754a6905ed40b4ccf62d177df0f40e884896d777c6c7976eb268b5	publication_component:citation:publication:doi:10.1109/iccabs.2016.7802772	lookup:5a53e5b3c6a681bf9126bf6444a42d37e2c8291444361ee6dbf5961b5543b3f7	opencitations_meta	metadata_by_doi	doi	10.1109/iccabs.2016.7802772	conflict_all_exact_evidence	adjudicate_identifier_conflict;recover_title
assignment:00d8b806515b3c3968266791552c16dd967d45faac88ee72ae552e77ea7b1c41	publication_component:citation:publication:doi:10.1109/iccabs.2016.7802772	lookup:ce37576b83853a789c9a5465279b4c4fda8b6ce614c4cc854a135a36c21a7fcd	opencitations_meta	metadata_by_omid	omid	br/062301470837	conflict_all_exact_evidence	adjudicate_identifier_conflict;recover_title
assignment:16e8a334ad1f59848907173696b01453e31256d6d5afdac7f1078a84d5606c6f	publication_component:citation:publication:doi:10.1109/iccabs.2016.7802772	lookup:21f9322a555d8e18e36dfec8c6c6322eaa7e2c594085837aa0863ec74114cae9	pubmed	record_by_pmid	pmid	29244015	conflict_all_exact_evidence	adjudicate_identifier_conflict;recover_title
assignment:91b76999b4cc070ed01c79c97c6d8590c8ca12c94b40fc72178b69703511760d	publication_component:citation:publication:doi:10.1109/mcse.2007.58	lookup:2d05d60bd4ab7526d3fce9c75c5be6ca4491dc1f87f9a13b14b93c91b391a58d	opencitations_meta	metadata_by_omid	omid	br/061901512039	native_title_evidence	recover_title
assignment:43dea7c0b37a7f6c56ae788d53d18b6d51acdb2d4cbfeb1c3ad5b697d82d2d98	publication_component:citation:publication:doi:10.1109/mcse.2011.37	lookup:2cd75b4e7d40812588140f11c0a6afe1e1e9e825eca291f465c381c7455f48f0	opencitations_meta	metadata_by_omid	omid	br/061901511824	native_title_evidence	recover_title
assignment:ce84a481a42135a8fc8493cd0307d743703a5bc6715e84926232985202dcd51c	publication_component:citation:publication:doi:10.1109/mic.2010.145	lookup:1f9034e2b3d420c9db2652392a2efb56d4672d397645abdf6db5571dc4c78c43	opencitations_meta	metadata_by_omid	omid	br/06901874466	native_title_evidence	recover_title
assignment:5c4ee2a658afa25cd05848e60d61e69e0e96c108d8dbfc4ed0cec6122ee666f8	publication_component:citation:publication:doi:10.1109/tvcg.2011.185	lookup:6476ac947dbe08a73c05874af3d97d65e365e971ad575440540242961b837dab	opencitations_meta	metadata_by_omid	omid	br/0640188350	native_title_evidence	recover_title
assignment:94bfe76018487611f1ee1c81074a8228f95a1c2b74c04f5d92c924f10b0642fa	publication_component:citation:publication:doi:10.1111/cla.12454	lookup:3cacbeea5a1d19286668a1030d98b529d603d1049857d6b71516dd9671dba7ed	openalex	work_by_doi	doi	10.1111/cla.12454	conflict_all_exact_evidence	adjudicate_identifier_conflict
assignment:da188bcbd03f2b9466b3e4a14a2d046633895a2ca6f22e77e3ea98d92ba72b8f	publication_component:citation:publication:doi:10.1111/cla.12454	lookup:c4dbeb63b49ee19f308c02a6426e67f6f4ce570d57ca293a3e2a8f6a56a58c22	openalex	work_by_openalex_id	openalex	W3157657582	conflict_all_exact_evidence	adjudicate_identifier_conflict
assignment:711959be2d494c40c42c438cf3e1f0a4ed7bf028eb98c7778c2b3919c2782b79	publication_component:citation:publication:doi:10.1111/cla.12454	lookup:f3c467929ca82f3374b5b663754eb96c22cfc70933e6578eb36cdf07fcc81476	openalex	work_by_pmid	pmid	34219906	conflict_all_exact_evidence	adjudicate_identifier_conflict
assignment:c5094f0db0255253e9eb47611f120b92c00a6c11ea7ac961f93f5bbedc8a3853	publication_component:citation:publication:doi:10.1111/cla.12454	lookup:0bae5deb991f742cbfb43a384c0bb81397f68b41b435b3165ff66f8cbb229c5a	openalex	work_by_pmid	pmid	34570933	conflict_all_exact_evidence	adjudicate_identifier_conflict
assignment:37e014a35144bad867d2febb81bac3c6700fa5cc12604e6f799c839f9525d8db	publication_component:citation:publication:doi:10.1111/cla.12454	lookup:2a906c3b22e0bf8d1b020097a60afd26ae4a900bbf6709c0db0a9b2340e6db83	opencitations_meta	metadata_by_doi	doi	10.1111/cla.12454	conflict_all_exact_evidence	adjudicate_identifier_conflict
assignment:b8c9d284fa30657166448220999ebb2c770b70bff6b7ee7f96dd13945fd28ad5	publication_component:citation:publication:doi:10.1111/cla.12454	lookup:ba31eb451c05c733a94897e51459b967440f68998b9607bb5f7d6240f8aa8bea	opencitations_meta	metadata_by_omid	omid	br/061301970554	conflict_all_exact_evidence	adjudicate_identifier_conflict
assignment:58244a7b0f83372af6fbc0db3bfc2c57576bbbe7e5285a6082ace107358d3eb0	publication_component:citation:publication:doi:10.1111/cla.12454	lookup:a378c246619e7c7720404af1ee2ae49705ae3c97cce674e2e3e76803c4c73e6f	pubmed	record_by_pmid	pmid	34219906	conflict_all_exact_evidence	adjudicate_identifier_conflict
assignment:e0d48a5134b2f6500a09778c3f33b9850f0d0c6cc05097c64a1951f72c959adb	publication_component:citation:publication:doi:10.1111/cla.12454	lookup:d3346546b09f497cfc394595d9aebe84b525970adea5782eaad974a52e812e84	pubmed	record_by_pmid	pmid	34570933	conflict_all_exact_evidence	adjudicate_identifier_conflict
assignment:884fd4aece51fa50f782d44d8f194a8d1576033443359b87fe794a2fc51d06b3	publication_component:citation:publication:doi:10.1111/evo.13922	lookup:b6c3d8e044493c2d0064830c8b334e9350df68b6dbc61e345682f1df9345fa8c	openalex	work_by_doi	doi	10.1111/evo.13922	conflict_all_exact_evidence	adjudicate_identifier_conflict
assignment:131a79d63faff1d27c97179a17cfce96c44d70139681581bf4dfea7707fcc658	publication_component:citation:publication:doi:10.1111/evo.13922	lookup:0ab0a387ddb95e59d62baa529e93456b7db8a5dbfe314cb7fb812bbf8e717a31	openalex	work_by_openalex_id	openalex	W2999744214	conflict_all_exact_evidence	adjudicate_identifier_conflict
assignment:77bc2f83ffabb288bd5b6113e1e71b77ceefcf85ae00475e36837307ffe00912	publication_component:citation:publication:doi:10.1111/evo.13922	lookup:bda87125bd9de4dc67f26a6c753b560a17f935803a46a0d55f20d564ea72a081	openalex	work_by_pmid	pmid	31913497	conflict_all_exact_evidence	adjudicate_identifier_conflict
assignment:1dda7c400d914b84a5f1e5605dc50fbcef37246ed3317cdae52f5bdc3debe07c	publication_component:citation:publication:doi:10.1111/evo.13922	lookup:3b277ce9f5870446dfb1bc721bfd62915a6d69ace0dcb5cd299b680fb25c53e5	opencitations_meta	metadata_by_doi	doi	10.1111/evo.13922	conflict_all_exact_evidence	adjudicate_identifier_conflict
assignment:62081c7ad26f5f9834125bb056eb0b69927f88e80018215be4f4c995110c931e	publication_component:citation:publication:doi:10.1111/evo.13922	lookup:aa72bffe1ff64e8c4cf692c2df0c74a7bd02ab84c31e3fdd2e12e596660a907a	pubmed	record_by_pmid	pmid	31913497	conflict_all_exact_evidence	adjudicate_identifier_conflict
assignment:5b1dea9633030c40bbdf4a8ac379a99c94d4fbb8033c723ebbd1e3f21fdefe4c	publication_component:citation:publication:doi:10.1111/j.1365-2958.1993.tb00924.x	lookup:5f9f408aa198983540cf13370424cb78276b104ed24528f8dc32ade0e7686f44	opencitations_meta	metadata_by_omid	omid	br/062302218419	native_title_evidence	recover_title
assignment:e90add66be37b711d7c406fb431fbefeb53dc5a5736b87da612fa4f7f990ec7d	publication_component:citation:publication:doi:10.1111/j.1525-142x.2010.00406.x	lookup:d1256e15ffba5aedf07dfb9db696193ddcaca373a2afa06d9085acb505cfe4a8	opencitations_meta	metadata_by_omid	omid	br/06130621505	native_title_evidence	recover_title
assignment:f290c36fda467cfd0c24a73c4f0d491c6cdda2ea02a68e0f9d3f61d946a7996b	publication_component:citation:publication:doi:10.1111/j.1558-5646.2012.01720.x	lookup:5c674497ed3dd8cf82995504c21b087e90f2a17179153512a69a4f9c32cb4412	opencitations_meta	metadata_by_omid	omid	br/06250176475	native_title_evidence	recover_title
assignment:c98382784dceb4d3aacf1eed03953b6ccf0026eb9aef2b1af9ff10bb2b79791e	publication_component:citation:publication:doi:10.1111/j.1748-5827.2005.tb00337.x	lookup:32278174852ac63100e6477efe92ded4919d589612d27072d740d35226dacd3f	opencitations_meta	metadata_by_omid	omid	br/0620149797	native_title_evidence	recover_title
assignment:923b994615a2ebe823cbd115df08ea798df5c8fbc59c259a336c5c32a7067b90	publication_component:citation:publication:doi:10.1111/j.1748-5827.2009.00861.x	lookup:6636481331bcf25adc83a4b7cea63140aac3da5c096c9bd675e4bd87f1a5c9b2	opencitations_meta	metadata_by_omid	omid	br/06210153264	native_title_evidence	recover_title
assignment:098a6af1078c70e852a78087af04dd2a9e5d71c525824469acba20056ac6dc9c	publication_component:citation:publication:doi:10.1111/jsap.12707	lookup:9904951ed275c66a1442aa2d7c6020cd6ffa652cb9f8af805ffd2f69067ee4d3	opencitations_meta	metadata_by_omid	omid	br/06190155327	native_title_evidence	recover_title
assignment:8db6a10238f0a539e06ef9676df97bdfea63a2bdfcb6176c0cb40216b11755e9	publication_component:citation:publication:doi:10.1111/mec.16841	lookup:b8d1f8b87f9024b4a21012aff28ca40bc32f34b07c2d07444662f6852b4fee82	openalex	work_by_doi	doi	10.1111/mec.16841	conflict_all_exact_evidence	adjudicate_identifier_conflict
assignment:190efac1cdde5759e22a152d2638f73d4a6eee49c359f86fb3ed26bcb67c00cc	publication_component:citation:publication:doi:10.1111/mec.16841	lookup:9729871e6cf7ea032d6c2a7879f8662116287fb3d9502999053c1e2512f46b5e	openalex	work_by_openalex_id	openalex	W4313857809	conflict_all_exact_evidence	adjudicate_identifier_conflict
assignment:3d1bcf4696df62669667f3f687f379d90aab690765644a7b71585654bd62364a	publication_component:citation:publication:doi:10.1111/mec.16841	lookup:70400606c1c4810a4237e9b1fbf78c350ef118361884affbc2187fa55482f41f	openalex	work_by_pmid	pmid	36617622	conflict_all_exact_evidence	adjudicate_identifier_conflict
assignment:1c64c1e9fb9a3aa4f639a13f8cb6b31be15095f1c67e09c8a262058c366d795b	publication_component:citation:publication:doi:10.1111/mec.16841	lookup:82efbcf7fd2618fa0775aca324ff36eceea034138fb4cfe04aa5d24faa873795	opencitations_meta	metadata_by_doi	doi	10.1111/mec.16841	conflict_all_exact_evidence	adjudicate_identifier_conflict
assignment:6f78905f4188bf65ecffa96c48d3390897737456a8ce7bd6215e7368ddd7c686	publication_component:citation:publication:doi:10.1111/mec.16841	lookup:84bbbce092ac199967b670a4d72230d6c6e6ed3c93881fcb3ee23899495d49d2	pubmed	record_by_pmid	pmid	36617622	conflict_all_exact_evidence	adjudicate_identifier_conflict
assignment:3216bd6071e99e43720766872dc91cfad2b0edda2a6d29868a937d10dd5b8a72	publication_component:citation:publication:doi:10.1111/nph.15180	lookup:1c2799c01c52c45637667b9997840a88ea43346bbf2bf4fe7f4fe850fe88b14c	openalex	work_by_doi	doi	10.1111/nph.15180	conflict_all_exact_evidence	adjudicate_identifier_conflict
assignment:7395ba14cdc7308d2454ebfa2b466b47779c7b490857b0bed3ca2ac77884f210	publication_component:citation:publication:doi:10.1111/nph.15180	lookup:e060f2e550a20439fb78e02acefc8dc09f4e8f768b252946361500a1cc895006	openalex	work_by_openalex_id	openalex	W2795395985	conflict_all_exact_evidence	adjudicate_identifier_conflict
assignment:edd70b1b5c4775d401ba3382c77382ffc79735df05d327f72b3b1770a8aa8e90	publication_component:citation:publication:doi:10.1111/nph.15180	lookup:c0f3a6bbce46727b5627def8a3983d2537c7a733760b6a8b0a9f1f72aac88c8d	openalex	work_by_pmid	pmid	29693722	conflict_all_exact_evidence	adjudicate_identifier_conflict
assignment:fe968ba02d0806fd710b8110efbfb262103e03d16f9af9a548389e7a6cedb22f	publication_component:citation:publication:doi:10.1111/nph.15180	lookup:a2a2d7b49aa7a6e2076ec56bd4f8b55e741513619f0f53d9a12fd56323851cd9	opencitations_meta	metadata_by_doi	doi	10.1111/nph.15180	conflict_all_exact_evidence	adjudicate_identifier_conflict
assignment:4d5b36420e2aef8e0413bf8d10dc95677e3b6d344386b5b302d148af53fcf9c8	publication_component:citation:publication:doi:10.1111/nph.15180	lookup:0a09870bc9f8a084ce61cc5e6d511e1db9914c714fecd89bbf9972a366ac64ce	pubmed	record_by_pmid	pmid	29693722	conflict_all_exact_evidence	adjudicate_identifier_conflict
assignment:33d3ce6b1eea5296757971688b2c4a0a3bf51aec335faee991935a068f40a835	publication_component:citation:publication:doi:10.1111/pbi.70570	lookup:c3e31fdce23a6991021ab1c8523e3ff8dc827375f7a19f0f9d188c9c7d827650	opencitations_meta	metadata_by_omid	omid	br/06015008064	native_title_evidence	recover_title
assignment:07fe4be821bf6cb26644a7f411e6ebe42c4149c5cdbacee177c376fa3cc91889	publication_component:citation:publication:doi:10.11234/jsbibr.2021.7	lookup:4951c40d8598e07b4dae85ef640db95ddafc09d46c6aaeaaef77d1e3995323c1	opencitations_meta	metadata_by_omid	omid	br/06410249802	native_title_evidence	recover_title
assignment:d20cba7dcdaffcc471eb9e938e6065386c3eb68d2edc416128bf0f049330a6aa	publication_component:citation:publication:doi:10.11234/jsbibr.2023.primer2	lookup:f76661cdcadf99aa7fc5c2ddc673e25837a688e1731e3c0c078f25556a7d78b9	opencitations_meta	metadata_by_omid	omid	br/06016904653	native_title_evidence	recover_title
assignment:5ff177d2336248555d5de619a28ac0cad23677dc7e8aefae11c39de8f8b76a5a	publication_component:citation:publication:doi:10.1126/science.1070441	lookup:51c8d6ee4b96b9c35e425047113760845ff947efb0c3543d71cbdef819ae5731	opencitations_meta	metadata_by_omid	omid	br/06703899666	native_title_evidence	recover_title
assignment:ed6e51fc4ebc5073262c54e3d0927cfe45d4b99923383ac6dfc91badcf3f3def	publication_component:citation:publication:doi:10.1126/science.1086185	lookup:8a7ade12e52f9fd67fad0128fa1191f751df10e9f6bda7b6e3f05482b59b4274	opencitations_meta	metadata_by_omid	omid	br/06140480596	native_title_evidence	recover_title
assignment:6f134cf3afb2d3528a675dacb9d3e554d9bc18706ed05452d533e34ed08d2c14	publication_component:citation:publication:doi:10.1126/science.1256739	lookup:17d940d06d3e89629bcb6541ea854be686cefb519df9806e208ab085bac15d7f	opencitations_meta	metadata_by_omid	omid	br/0640486586	native_title_evidence	recover_title
assignment:761ce36fbad7b8f5f36e8b626acfb289942c1226fb20fc40c5e84331ed8ee8b4	publication_component:citation:publication:doi:10.1126/science.281.5375.375	lookup:6ab8d88516cf40d9c1af6d4ba8fab2e15908c70107f918c4c16466039af0f066	opencitations_meta	metadata_by_omid	omid	br/061103512672	native_title_evidence	recover_title
assignment:e72ed504971990db97cf5fd816fb9f75d9aa65e98ac86e9d3a417873e30ab86d	publication_component:citation:publication:doi:10.1127/0003-5548/2013/0313	lookup:3d9da87eb314d7c8ed5f5cb9975bc9d4d841e547040ffad0078d1bc10808bd8d	opencitations_meta	metadata_by_omid	omid	br/0660211208	native_title_evidence	recover_title
assignment:519dbb39bb91d7b05e7e8add122e6c1f4d2e04b26797e357ccc8af607f67392f	publication_component:citation:publication:doi:10.1128/aac.00110-08	lookup:f6aefd299887f1dc4ef887ae464aea6f1d2452a89c55e5665843a6959d366409	opencitations_meta	metadata_by_omid	omid	br/061501699471	native_title_evidence	recover_title
assignment:6a8ed4d3dd4b6048f969d6f8c05eca768f07215a2833aae928ff38de9f84c489	publication_component:citation:publication:doi:10.1128/aac.01095-09	lookup:ac1bf23087b944be05096720ca817acec810412049cef920c7065b32c7fe8370	opencitations_meta	metadata_by_omid	omid	br/061301694116	native_title_evidence	recover_title
assignment:d94ff9e0fbb4c09c3aa39bfa017ea452bb68ae47b9540a3e05fb4ad0cc0cf081	publication_component:citation:publication:doi:10.1128/aac.38.4.805	lookup:51d641a3a9ca4d39f4d089014557c6383ee50ccf57c5aca91689cc8438db151c	opencitations_meta	metadata_by_omid	omid	br/06101719103	native_title_evidence	recover_title
assignment:31e670dd2d6c0a19b778649f9661208f153678152d6dff5ac6f5f5400f6579e3	publication_component:citation:publication:doi:10.1128/jcm.02483-16	lookup:8a873e5884f2341aea750cf86840cf7fd425ced8eed7583d127bf8f5a87f896c	opencitations_meta	metadata_by_omid	omid	br/06240434893	native_title_evidence	recover_title
assignment:e041d26ed88f56ab6deb7d54d9b22d1f7a5c0ae939e2cc41dca3f23c01fbd840	publication_component:citation:publication:doi:10.1128/jvi.00902-20	lookup:2f2e0e8d8310474f6dde50a434913715acb30bae3c1f0fabfd0be1588ba85e1a	opencitations_meta	metadata_by_omid	omid	br/06601117708	native_title_evidence	recover_title
assignment:0a55a14236890d2d28936a040b8e06f772c11e042159aa8b37e82b252c3784c7	publication_component:citation:publication:doi:10.1128/jvi.01681-15	lookup:2c7561539cc733cb9a0a55a30412dbef7d34231bd8404e9f23671ba1c168550f	opencitations_meta	metadata_by_omid	omid	br/06601119405	native_title_evidence	recover_title
assignment:71eb7d09befbd1c1e398656abad2cd2c6aee8213fdb329e2af92a81a6b927a89	publication_component:citation:publication:doi:10.1128/jvi.74.22.10498-10507.2000	lookup:d406f7918d5ea8fa43f8c578d2b1e14a345fc1df883d948b556626e49aa87cf0	opencitations_meta	metadata_by_omid	omid	br/06603907227	native_title_evidence	recover_title
assignment:9aa1ca733b22c2b406eb1ab7647d4d4aec7a9ff0dad9c8ea38f0b4e9a94664e3	publication_component:citation:publication:doi:10.1128/mbio.01206-20	lookup:6a3baf6a704e0a4a5babd890b11bcd87f621a76bbe0fedc86d5c2a256e84c8c6	openalex	work_by_doi	doi	10.1128/mbio.01206-20	conflict_all_exact_evidence	adjudicate_identifier_conflict
assignment:bf41da4f47ab32db7543d37d87bef94c69ac886d4430fcdc1dc042dd3a7e6904	publication_component:citation:publication:doi:10.1128/mbio.01206-20	lookup:0f2952ab31f35a2c5dd6538a82ba30ccb7d4fdbde21e9a002e6979a5ba0d2418	openalex	work_by_openalex_id	openalex	W3043071564	conflict_all_exact_evidence	adjudicate_identifier_conflict
assignment:db21eee454920f2cae2cf6fcb618a99be3e0723829b8e9980d7188ed9c258042	publication_component:citation:publication:doi:10.1128/mbio.01206-20	lookup:117e4f85d8143a33cd823482e3c8dc3aeed8169cce0a2f908671abf81d0ca695	openalex	work_by_pmid	pmid	32665274	conflict_all_exact_evidence	adjudicate_identifier_conflict
assignment:14326b24ea539531345a13b16455c3f52f7112185a89ef01e8fea119e587735a	publication_component:citation:publication:doi:10.1128/mbio.01206-20	lookup:48474f66187ac3b42471faba293a0114dcd9f0e595ed18843273ef66816e040f	opencitations_meta	metadata_by_doi	doi	10.1128/mbio.01206-20	conflict_all_exact_evidence	adjudicate_identifier_conflict
assignment:2503aaeaaa32b879854e652727e6e0aab763794c945724589b89c0dc602825bc	publication_component:citation:publication:doi:10.1128/mbio.01206-20	lookup:db728bb1fda42103dd96c6f195584ae58c067c031cd79bfb6e3d5305b2657f41	pubmed	record_by_pmid	pmid	32665274	conflict_all_exact_evidence	adjudicate_identifier_conflict
assignment:d6c3ae50b6de3d677d473df88f1434ac99daa2a713ad44bd443a8b70a0b24960	publication_component:citation:publication:doi:10.1128/mbio.02158-14	lookup:83be4339d70491234e76abd21a4cecbba0708c52b98ffebba193a3e9f3d219fc	opencitations_meta	metadata_by_omid	omid	br/061101092362	native_title_evidence	recover_title
assignment:3d328b1cd6067c4a2d3718dcbee554fa274c8149053f3b47e5507ffcfbe91ecb	publication_component:citation:publication:doi:10.1128/msystems.00252-18	lookup:e2ea35d83b3fa769e20dd563b01c6100f35c337143135b88d2b6c142cb8c59c5	opencitations_meta	metadata_by_omid	omid	br/06602529915	native_title_evidence	recover_title
assignment:325f3bcafbb4fece81d1a096430d6dbbd53bf8486e131012f9e82fea904b0121	publication_component:citation:publication:doi:10.1128/spectrum.02641-21	lookup:11a7f6e985801cab029e06767ae165f535bd6290a85db501c67350be88480846	opencitations_meta	metadata_by_omid	omid	br/062403445387	native_title_evidence	recover_title
assignment:ff59a7bf9724ce60ed6fe467c84ff7fdd0c0f53f5b3e80e52d02b2d1949cc745	publication_component:citation:publication:doi:10.1137/0128004	lookup:ee97820e7fe35d2aea81cb3c6f3c146e45f6b4d921d038fe774e5a0d97693569	opencitations_meta	metadata_by_omid	omid	br/061401599060	native_title_evidence	recover_title
assignment:69a0862562f4a7a70de9dd6a0636cfe91358b3e3e9c09fda7071f952d81cc769	publication_component:citation:publication:doi:10.1137/0916069	lookup:673dfe2bd0faab6bb8d3f3a08a57a6c27f010fa6f4b326829c571f7931b016d8	opencitations_meta	metadata_by_omid	omid	br/06602526478	native_title_evidence	recover_title
assignment:f9f327ea5c7dd1a9fba7617f255b77307f81cbc3a8edf982955ad79cc5dd2c58	publication_component:citation:publication:doi:10.1145/279232.279236	lookup:1b17508dd0299dbe3a650e1c769870928efd2f229a0923c24c92036441ecb0ac	opencitations_meta	metadata_by_omid	omid	br/061103515231	native_title_evidence	recover_title
assignment:a074bcec7c7338853fb1112f4e1321fd7c9533e3ae9c704598b6a0322eb72259	publication_component:citation:publication:doi:10.1146/annurev-ecolsys-110512-135920	lookup:e67352ad1425d369fb2e707f57ba911689d0375f69bb8df5950fc1231383a953	opencitations_meta	metadata_by_omid	omid	br/06402134177	native_title_evidence	recover_title
assignment:fb19ed605343be9b4fe2ad0974255865b5c475600ce842858fa2dc593bf83960	publication_component:citation:publication:doi:10.1155/2013/167954	lookup:194b368cff1af2f83996f201cd840ce8953caa054dea2ae7405421fc0ae42e6e	opencitations_meta	metadata_by_omid	omid	br/06802583876	native_title_evidence	recover_title
assignment:062fdc7f5c6fc8b969f26940a9add8d86eb57b2f6a0b8081e18e534bd1965051	publication_component:citation:publication:doi:10.1175/1520-0493(1950)078<0001:vofeit>2.0.co	lookup:0fb31ed1dfa9fba3b4baeedc827bd16c8c60e75ff25706340b3e9c86fe32fe00	opencitations_meta	metadata_by_omid	omid	br/06220945537	native_title_evidence	recover_title
assignment:ca040daa5043971edca2a38238bced75798ac6c267aece12c1a7d9c9e7a98414	publication_component:citation:publication:doi:10.1186/1471-2105-5-123	lookup:cd60ba98e325c0cc1fa447b95d553d815a1a5b9f6d0330f0e346f4b569f0d640	opencitations_meta	metadata_by_omid	omid	br/06601479342	native_title_evidence	recover_title
assignment:fa574d19119302f4672589f00692ae8c24912d7260922cbbd779a9a79c2ec74d	publication_component:citation:publication:doi:10.1186/1471-2164-13-s7-s6	lookup:590414bde985a7c80521b78daa1d484a978f0e25965100b4f819b75daa1b2758	opencitations_meta	metadata_by_omid	omid	br/06701634379	native_title_evidence	recover_title
assignment:a29a12b655c6e40a24cd5ca400c447f2880323e4f1c21c86c2044f38e3e6c607	publication_component:citation:publication:doi:10.1186/1471-2164-15-162	lookup:54c9620c391857086f337c867f483e01b9d69b119b3c079a100440b5dd68eb7f	opencitations_meta	metadata_by_omid	omid	br/06501657448	native_title_evidence	recover_title
assignment:a0aa0984f02e0675e433250bf9f22626e3b64a57ed9945b1fd07ebee7fde127c	publication_component:citation:publication:doi:10.1186/1471-2164-15-966	lookup:6a94874c80fd6b732bf05ce826f5ff4630a9af9e457be8093016b43df900ddd5	openalex	work_by_doi	doi	10.1186/1471-2164-15-966	conflict_all_exact_evidence	adjudicate_identifier_conflict
assignment:4baa6e95e727968675d0941f76e3b2dddeb1517db101e3168ff26a229a7f4212	publication_component:citation:publication:doi:10.1186/1471-2164-15-966	lookup:8141c5ec3fe81c02a26b0d1d1a88b2660a60110e589ead10c9f6dfaba9eff03a	openalex	work_by_openalex_id	openalex	W1972821133	conflict_all_exact_evidence	adjudicate_identifier_conflict
assignment:43459a9e337a1c088b74b36eb4f70cd94ef2b16b0e5e7b0ab74afa4184dce35d	publication_component:citation:publication:doi:10.1186/1471-2164-15-966	lookup:7ad8d9c2b61a59d34612ea4cb6cd82dd4b9a0618a1439af07153d6ff323cd5be	openalex	work_by_pmid	pmid	25380807	conflict_all_exact_evidence	adjudicate_identifier_conflict
assignment:ed7d50aabbf31df32140b4a3e76f4fac9d1eba6273b95a015749bd863820981f	publication_component:citation:publication:doi:10.1186/1471-2164-15-966	lookup:af94cd2d28383b8e5ee6469a1c2f62e773ae691402b5250af1296adfa2c0112e	opencitations_meta	metadata_by_doi	doi	10.1186/1471-2164-15-966	conflict_all_exact_evidence	adjudicate_identifier_conflict
assignment:6896d72dc8ef92ac55c7479dec59de835fc0ebf72664e71b00386e3cefc084a6	publication_component:citation:publication:doi:10.1186/1471-2164-15-966	lookup:bb11df89e52e9608aa57a620a63d5bea8878f53a1b019a70b077bb8c8e99412a	pubmed	record_by_pmid	pmid	25380807	conflict_all_exact_evidence	adjudicate_identifier_conflict
assignment:9dda34cf0b55147450e0e57b7178860ca8803b02d65a6e6a5e6920ede2278dce	publication_component:citation:publication:doi:10.1186/1471-2180-14-192	lookup:9f2e5246d2c3d48b209d2ffa754edeaa473f2ca89764d47a8ba33cdf4ceb36c6	opencitations_meta	metadata_by_omid	omid	br/0620141148	native_title_evidence	recover_title
assignment:7c294ecd783128c8c2d8e8a66dd14d912eeeba45483173d521052e86d7aa054c	publication_component:citation:publication:doi:10.1186/s12859-017-1916-1	lookup:247abd257f3a486864c3bcec02cce205c2dc880faaee7db83e0c0a64e37511ea	openalex	work_by_doi	doi	10.1186/s12859-017-1916-1	conflict_all_exact_evidence	adjudicate_identifier_conflict
assignment:56950c814a792400baaff28e934853bfbf7042ed527d86361f44bcea732caaf2	publication_component:citation:publication:doi:10.1186/s12859-017-1916-1	lookup:0d3819c93a2fecbf903e0d687fed910d0eb5feaf93f3a662ccebf44a04568081	openalex	work_by_openalex_id	openalex	W2773561107	conflict_all_exact_evidence	adjudicate_identifier_conflict
assignment:57681809b5f2d91cf9f8e6496ae4fc1b824c4dc77b0255510af5af292e5d9c45	publication_component:citation:publication:doi:10.1186/s12859-017-1916-1	lookup:dd6d437cbb6c3ce4cb34d5755e9756b3fcd9b339cd7ea01a2ea5cc3597dec888	openalex	work_by_pmid	pmid	29244015	conflict_all_exact_evidence	adjudicate_identifier_conflict
assignment:3af901149786fd6984b2bcadcd47ccdfbd421b8433e2728f5e38ecc14fe21df9	publication_component:citation:publication:doi:10.1186/s12859-017-1916-1	lookup:f591b252f9e7c8a1b12042fb59114068025c9e1106fd625f7059ebd159a3e14a	opencitations_meta	metadata_by_doi	doi	10.1186/s12859-017-1916-1	conflict_all_exact_evidence	adjudicate_identifier_conflict
assignment:d5c9bc024e195b720c7d203df612c07543334cd0ac49609e6b0064aed4d7af10	publication_component:citation:publication:doi:10.1186/s12859-017-1916-1	lookup:21f9322a555d8e18e36dfec8c6c6322eaa7e2c594085837aa0863ec74114cae9	pubmed	record_by_pmid	pmid	29244015	conflict_all_exact_evidence	adjudicate_identifier_conflict
assignment:d895a19acbaf11d798895d90660618531413e208c5ca9a18b44c910a0a2a786c	publication_component:citation:publication:doi:10.1186/s12859-018-2283-2	lookup:cf6867bc2471b828f79c3495879d2562ce10e379452d606d31a2956dab1bb764	opencitations_meta	metadata_by_omid	omid	br/062301470508	native_title_evidence	recover_title
assignment:227f0744cc70ef193c13e80cc9e6b52f4621a4cb8f49abb0762a8705a8fe5478	publication_component:citation:publication:doi:10.1186/s12862-017-0875-5	lookup:15d43951d9206d8726acaac98e4e510a55b6cd2faf6bb8a1bc6e7fdcc283b222	opencitations_meta	metadata_by_omid	omid	br/06801475466	native_title_evidence	recover_title
assignment:bf3530a5c40537152e5a9e8ab8d0e3d38cea59de5c3d504b1f8c4c052b455f61	publication_component:citation:publication:doi:10.1186/s12864-017-3932-y	lookup:e1b7f94792bd8180504f428711e26c9d19e2c7def49af2bef04ed8681388e664	openalex	work_by_doi	doi	10.1186/s12864-017-3932-y	conflict_all_exact_evidence	adjudicate_identifier_conflict
assignment:180f3505c35b78b1681f83cf6a77cd42a831a285eb053f24b09d25008c3fdd57	publication_component:citation:publication:doi:10.1186/s12864-017-3932-y	lookup:df868e73e939380506f5ea8352ba487db4f7ca1442df01d369ee8917610fe116	openalex	work_by_openalex_id	openalex	W2949203875	conflict_all_exact_evidence	adjudicate_identifier_conflict
assignment:35a97c4685235540217e0346fd3255521bfb8e0780f0325e4444fbf1c24ffbfc	publication_component:citation:publication:doi:10.1186/s12864-017-3932-y	lookup:5b0ed7db53e031fc72c9abe04caf0db98a9a46ad83e906495ef42170ff1d9192	openalex	work_by_pmid	pmid	28732463	conflict_all_exact_evidence	adjudicate_identifier_conflict
assignment:70bccf2a8981b7bfaaa6b9115e0e9fee125fbbbcab29d368291c8b8d5319ebcb	publication_component:citation:publication:doi:10.1186/s12864-017-3932-y	lookup:e9bdbc079dae5382efecc50399884863a8b83b124cefce65e80d4d00fb89049a	opencitations_meta	metadata_by_doi	doi	10.1186/s12864-017-3932-y	conflict_all_exact_evidence	adjudicate_identifier_conflict
assignment:b0625a782db50c00ba08c2f80356a0e7fd00b0631a1aa6794ebac81f953abcc3	publication_component:citation:publication:doi:10.1186/s12864-017-3932-y	lookup:a4b063d702c0f8aac76065aced1a5c276652bf60a7e62b6c25b824645e5d7df0	pubmed	record_by_pmid	pmid	28732463	conflict_all_exact_evidence	adjudicate_identifier_conflict
assignment:e1db968c8be4f39659e53e49c9a6eb4d18e4e9414250ac7af3ea654053f3863d	publication_component:citation:publication:doi:10.1186/s13059-014-0524-x	lookup:90ad9d2f1ebac407e40cf288dab4f662a7e979e57e0275d92ff854d26a928b19	opencitations_meta	metadata_by_omid	omid	br/061401322271	native_title_evidence	recover_title
assignment:e0c14cb68da19e7df12ad514118be1109a2c302383240619ff0138782ca9c0ad	publication_component:citation:publication:doi:10.1186/s13059-015-0726-x	lookup:d0d6c5d3b2e661ed95eb5f4be7c45d8c51adac85ac070274993dbeb828d7b226	opencitations_meta	metadata_by_omid	omid	br/061401322092	native_title_evidence	recover_title
assignment:e14dfd2668c9e3c37ba53acc397f8f259e1380b40921ee94b10d4b9167d9b8c4	publication_component:citation:publication:doi:10.1186/s13059-016-0918-z	lookup:1ede3ffdab47d93676571c3eebb43c639f16638cac39732cd8d180b88424c031	opencitations_meta	metadata_by_omid	omid	br/061401321895	native_title_evidence	recover_title
assignment:bf2feb1649779757b6251c8c910a26c8a1a5c50642185443439005f6e1690e1a	publication_component:citation:publication:doi:10.1186/s13059-019-1793-1	lookup:60b88ca2345995ba2de49f30fff20f23b0e35d895bd25ee29a532c3df5c7f529	openalex	work_by_doi	doi	10.1186/s13059-019-1793-1	conflict_all_exact_evidence	adjudicate_identifier_conflict
assignment:29e018e7b595b31fc7b4691fa15e5b8d4fa84e7ace723cb17c0aae7689f89196	publication_component:citation:publication:doi:10.1186/s13059-019-1793-1	lookup:a04a265c9654cf32e1de3f3e3ba98d0b2098894f4559b99f51f5a14a90994549	openalex	work_by_openalex_id	openalex	W2971262182	conflict_all_exact_evidence	adjudicate_identifier_conflict
assignment:ad05393e5c148daf5b596569e14050c4e487096c77e8115812357b01bfe0ea5b	publication_component:citation:publication:doi:10.1186/s13059-019-1793-1	lookup:83f9a0d487b10cb785294b25612a9f15b9c8b5b528cc52cd3afc7c1bea8e5a80	openalex	work_by_pmid	pmid	31464627	conflict_all_exact_evidence	adjudicate_identifier_conflict
assignment:fbb0b257d87dd515b4a9920a39bd1bfe5837e401642769d976b07f8aff60abb8	publication_component:citation:publication:doi:10.1186/s13059-019-1793-1	lookup:7c8877aa66c7237703c72639529c931067ec779078210f7a8c18144cd22bd303	opencitations_meta	metadata_by_doi	doi	10.1186/s13059-019-1793-1	conflict_all_exact_evidence	adjudicate_identifier_conflict
assignment:732ccc061c8ba4270c2416303ecb9fb9f5c35014aa454686b56b9cee404673bc	publication_component:citation:publication:doi:10.1186/s13059-019-1793-1	lookup:352d4f1fa63b44236f6220a1bf4aac81a876e08bff5481185bfac298672cdd10	pubmed	record_by_pmid	pmid	31464627	conflict_all_exact_evidence	adjudicate_identifier_conflict
assignment:fb3b55cba4fb82754509b25bbf1b146a4c604fa1dc8f1d43fcdd3971233115fa	publication_component:citation:publication:doi:10.1198/016214506000001437	lookup:35dea90c84dd0626fd439b476ae536c68688217af5bbf6efa48fd07eeba6dbdb	opencitations_meta	metadata_by_omid	omid	br/062601514181	native_title_evidence	recover_title
assignment:a226554acaec4986ed350045dc72985fc0d16f3bfe75cda142f94f301c52a3b8	publication_component:citation:publication:doi:10.1201/b14910-16	lookup:6e15f4fea9b3540f5ed041b22dbd5581924c4fa94ae1e82a2c8c3894b320a293	opencitations_meta	metadata_by_omid	omid	br/062302936506	native_title_evidence	recover_title
assignment:b89cebf0ffb9c8e063832260e67412028f5b6d4211ade53f4b5ff342a179dabd	publication_component:citation:publication:doi:10.1201/b17511	lookup:3df6c08324cbff6e037c2abd9ef740f342797f0ff4808ce7f2e0f6de5505e1b9	opencitations_meta	metadata_by_omid	omid	br/06102309329	native_title_evidence	recover_title
assignment:db10377e0eec6a055a21a0e95e8e763ba1554891e8874ea5d73d0f2a40ff9ac5	publication_component:citation:publication:doi:10.12688/f1000research.17552.2	lookup:eacbaef5625f4b8dd5e3a8d60ae95d11948bbc5eb14d6303fde1fa4cf0977953	opencitations_meta	metadata_by_omid	omid	br/0660978856	native_title_evidence	recover_title
assignment:d1ee1a80f717a26da42fa1155189e17e06f000bde030c15be1bb119c19718fe1	publication_component:citation:publication:doi:10.12688/f1000research.76068.4	lookup:f70f26bc2cd7dc11c24aa87e7a3cc19be078cc0324b31a1fc90b484ddfae06ae	openalex	work_by_doi	doi	10.12688/f1000research.76068.4	conflict_all_exact_evidence	adjudicate_identifier_conflict
assignment:907fd1b3a0a553dc8a053c38bcb42a659863ada9834dc4c426c4ee1fc52d8cf6	publication_component:citation:publication:doi:10.12688/f1000research.76068.4	lookup:c3680151b8ba43c48250351c9629faab36bc96699b9095ed089321c261f09f7a	openalex	work_by_openalex_id	openalex	W4403257317	conflict_all_exact_evidence	adjudicate_identifier_conflict
assignment:8945831d4d9f79353760ccf4a4025826a9da6e2d054170c63192e2a6cdbc422f	publication_component:citation:publication:doi:10.12688/f1000research.76068.4	lookup:6d040a33190e37713929e3ec69a1e480fd51e0851ac121bc66b1a7c63ffbed68	openalex	work_by_pmid	pmid	39554852	conflict_all_exact_evidence	adjudicate_identifier_conflict
assignment:e50920fbd435a5fdb397b6444148d7995e5f47dbe170d83f382c2fff6a6690ae	publication_component:citation:publication:doi:10.12688/f1000research.76068.4	lookup:eac7bfb931d009b9040fd9a0e2225d94d0f8af4b3e60db2d46a106702f7001de	opencitations_meta	metadata_by_doi	doi	10.12688/f1000research.76068.4	conflict_all_exact_evidence	adjudicate_identifier_conflict
assignment:1e39e7e1832ed5692420078dfb761b0189f90579f45742d7e3f905f8da0ec108	publication_component:citation:publication:doi:10.12688/f1000research.76068.4	lookup:1e8e649d0e9c4bce17e9cb5749a32506e3c8fce63d34d57144ee63c382f6a0c8	opencitations_meta	metadata_by_omid	omid	br/061704269534	conflict_all_exact_evidence	adjudicate_identifier_conflict
assignment:1c966bbd2d0161e5203ae9596b4f66b6736bb03550795ae75aa2ef890060968c	publication_component:citation:publication:doi:10.12688/f1000research.76068.4	lookup:45ee7f6613c7f64f2d265334bac82605ed351e2e0db2b8cfae257551ddc04698	pubmed	record_by_pmid	pmid	39554852	conflict_all_exact_evidence	adjudicate_identifier_conflict
assignment:7956db64b3d4eda1b47220533064e111f7bdbf8ec6c61303078900cb0d532e73	publication_component:citation:publication:doi:10.12688/wellcomeopenres.14265.1	lookup:db62b7c7be71c8cbb0d4adfd65aeba3a4e0056668ded2344e916b55440f3a84a	opencitations_meta	metadata_by_omid	omid	br/06604243505	native_title_evidence	recover_title
assignment:0c339f6feca24fb0b0a012af32881452d40a1b04448dd7542bdbe5ec41295504	publication_component:citation:publication:doi:10.1371/currents.rrn1199	lookup:1c6bd09d3ca55a23e975dd886205c409627fc1aea34874d4b52a466c89852cb7	opencitations_meta	metadata_by_omid	omid	br/061602251839	native_title_evidence	recover_title
assignment:a0d6b22d255b757742b2484776a8f5c82063e8bc1f8e56d9815883fa4a907e5b	publication_component:citation:publication:doi:10.1371/journal.pbio.0030170	lookup:19b3ba64458bbedf3daed574d59b59250286430eccca32f23f80e1e4e3bb2ea2	opencitations_meta	metadata_by_omid	omid	br/061601920735	native_title_evidence	recover_title
assignment:e1cbcc0cf5f73be9a47a2308144bff7ac9c36c0b7f20c83ac17b4b1207b6e48d	publication_component:citation:publication:doi:10.1371/journal.pbio.0040088	lookup:7fb7aad1d59d49900c631da25eccf03844b2ea5de1152fe0eb383897e7108ab4	opencitations_meta	metadata_by_omid	omid	br/061601920499	native_title_evidence	recover_title
assignment:853f6a2e6925ff551a2b513f1dffe4ea4f62cc4bb99246b4676b3e81660ab265	publication_component:citation:publication:doi:10.1371/journal.pbio.3000341	lookup:c99a629b669a4583019e46675a92f04e4b9ef2c378afbf0f5c880e28c8ae9c87	openalex	work_by_doi	doi	10.1371/journal.pbio.3000341	conflict_all_exact_evidence	adjudicate_identifier_conflict
assignment:77c902a5ff71e7acd4dffd20f4fee29a646b97ac3789e86e3418322b18b68eae	publication_component:citation:publication:doi:10.1371/journal.pbio.3000341	lookup:427ad1be3f5feb7a4bc99800284ffabdc83a448b045ff00f81c1e963bc0517e3	openalex	work_by_openalex_id	openalex	W2950734189	conflict_all_exact_evidence	adjudicate_identifier_conflict
assignment:d338be4569ea39f675390ad4cbce00dc327869b9bdf035bddab1816e1eeadcde	publication_component:citation:publication:doi:10.1371/journal.pbio.3000341	lookup:3e38181b01f6aad2cb3f5909aaf07ba734851f98a04598d5251a21ad3cb9176b	openalex	work_by_pmid	pmid	31233486	conflict_all_exact_evidence	adjudicate_identifier_conflict
assignment:4a705e7f07761a00f276419340d9806d714a8f70aa565ed65d7bfc984dc3c7a0	publication_component:citation:publication:doi:10.1371/journal.pbio.3000341	lookup:8b53957a2d78153d2aae4f51f6e6a9d94b683bca6b3678eb6da1e625c558cbc8	opencitations_meta	metadata_by_doi	doi	10.1371/journal.pbio.3000341	conflict_all_exact_evidence	adjudicate_identifier_conflict
assignment:1f3519f6af588bb3ee1173757461f852a25b088a9adaf6218650496ce458d9d3	publication_component:citation:publication:doi:10.1371/journal.pbio.3000341	lookup:cdf2f2751ccc88624637182e83a4adc8dce4a59b44567000a831979c12b8cd1a	pubmed	record_by_pmid	pmid	31233486	conflict_all_exact_evidence	adjudicate_identifier_conflict
assignment:1fd646823a56d15ff7710e51c02d0504f0c6f299bde91a30f4f8bc6f1d457350	publication_component:citation:publication:doi:10.1371/journal.pcbi.1000214	lookup:d1d9bc9e5ce85d2fcda5eda35a28c0bde6313cd30689104fa65ec9208f946791	opencitations_meta	metadata_by_omid	omid	br/061301788954	native_title_evidence	recover_title
assignment:1f850a37a1bb67199cca57cb4c310f0aa9fdb735de974dc1caa683a3e546aa88	publication_component:citation:publication:doi:10.1371/journal.pcbi.1000520	lookup:07265aee59de4bb0b1905c2cbbf71459c06c208fba122ac60e4ec5eee58cdcfb	opencitations_meta	metadata_by_omid	omid	br/061301788659	native_title_evidence	recover_title
assignment:2474bd2d0adf6cffc32c9f007ce63b97bb814b51327d65b646dc04740c292778	publication_component:citation:publication:doi:10.1371/journal.pcbi.1002947	lookup:2d39cc595ff3b7f62cc4b4a1f608f01b47fe6acb43acb03d09e46126f52dc696	opencitations_meta	metadata_by_omid	omid	br/061101803553	native_title_evidence	recover_title
assignment:8aa051cf1213e145741123cd1f5ea5dcad353d5f824be8ed3ca9b169b96b7be4	publication_component:citation:publication:doi:10.1371/journal.pcbi.1004041	lookup:962c33e7961835b7794574ae7c425e6c7ee4c5e234880b2c5886600652837ad9	opencitations_meta	metadata_by_omid	omid	br/06901817067	native_title_evidence	recover_title
assignment:df73f1e65f9c76db8299f40d784a310a37ea5e564b1db84b5bf6c1c077686e4e	publication_component:citation:publication:doi:10.1371/journal.pcbi.1007913	lookup:55dd4632ea3dc09591f0f1a7e602ee6ba488bd1c067eb6153e2dfb5f89b6f53b	openalex	work_by_doi	doi	10.1371/journal.pcbi.1007913	conflict_all_exact_evidence	adjudicate_identifier_conflict
assignment:5601380656da37fd7ed4eb18717b628ce76fde12a68c0a479b57b86345575ee5	publication_component:citation:publication:doi:10.1371/journal.pcbi.1007913	lookup:a5956ca3564e318b56581a24831b0fe116cff5a6df9124980ec831710cf5ef40	openalex	work_by_openalex_id	openalex	W3028765608	conflict_all_exact_evidence	adjudicate_identifier_conflict
assignment:163dc4734be44db799ab911d3f3d17d59cf8545f170d0ea3b2994549b5f6468f	publication_component:citation:publication:doi:10.1371/journal.pcbi.1007913	lookup:ed7676f370d715d08c991d9cd46284b7ce8708ac61d17a074ae46104bfb50df6	openalex	work_by_pmid	pmid	32479549	conflict_all_exact_evidence	adjudicate_identifier_conflict
assignment:8875eabbbbeb67b7d3bd28e6fb727ddbd0bf15c118f3516e0d72da66699a616d	publication_component:citation:publication:doi:10.1371/journal.pcbi.1007913	lookup:6915944cd5160c5718ab85ecd01f1b3453694d26e1ed3ad5dda4a066de536786	opencitations_meta	metadata_by_doi	doi	10.1371/journal.pcbi.1007913	conflict_all_exact_evidence	adjudicate_identifier_conflict
assignment:bcee5db954cf284457c7428505133e133d769f3a98f5cf7fd4312b47bab7e78f	publication_component:citation:publication:doi:10.1371/journal.pcbi.1007913	lookup:ae10e4444ebbed3bb2088b4008aee61e859275ac0a7d742cf2383b42c67c7657	pubmed	record_by_pmid	pmid	32479549	conflict_all_exact_evidence	adjudicate_identifier_conflict
assignment:b69844e0f23f7b0dc9c0f85602023928e463b7add367f7bb2ec9d096f020794d	publication_component:citation:publication:doi:10.1371/journal.pgen.1002868	lookup:e15576124ff1421599d8f9494d4dc89b651aa2c037b48f6b9aa2e16f00c3be68	opencitations_meta	metadata_by_omid	omid	br/06501815158	native_title_evidence	recover_title
assignment:46bf56511078b757b8415c2d275fa3911619774e723de6f88f66e3394d7e7b35	publication_component:citation:publication:doi:10.1371/journal.pgen.1004434	lookup:69658a491625fd6d34683e54d9b5ada03f0281fc436f9d351fbb5c2d8c1146cd	openalex	work_by_doi	doi	10.1371/journal.pgen.1004434	conflict_all_exact_evidence	adjudicate_identifier_conflict
assignment:4b01ba8f50d213a03793d46ffe113c46df809aca9eae1f005b5aa91ccc62f697	publication_component:citation:publication:doi:10.1371/journal.pgen.1004434	lookup:db37d078ab3ffc2a70199b0a736a849a4efe2c8e6fde43aae35008da50521911	openalex	work_by_openalex_id	openalex	W2059201551	conflict_all_exact_evidence	adjudicate_identifier_conflict
assignment:e68dba33e3a456948996334ba0efac87855a329c7d4519d88a7ee8c8a7315f5f	publication_component:citation:publication:doi:10.1371/journal.pgen.1004434	lookup:b1b72247c6f319b793af2e19923014e34ce7b83116b56ed1c4a3ad4d9c7ea6b3	openalex	work_by_pmid	pmid	24968283	conflict_all_exact_evidence	adjudicate_identifier_conflict
assignment:71cf1463debeb7822a1e368a5ff1b0308cee320fd32bd173d5e97923fbf97cf1	publication_component:citation:publication:doi:10.1371/journal.pgen.1004434	lookup:be901a10cc02ccec5c1bf7663c3ac887ed8d3a500e6e91326fad371198782737	opencitations_meta	metadata_by_doi	doi	10.1371/journal.pgen.1004434	conflict_all_exact_evidence	adjudicate_identifier_conflict
assignment:85fe3d26d8833e143acfa14e917a7ab35faf94f79ab64ef089dc6f875bc704a7	publication_component:citation:publication:doi:10.1371/journal.pgen.1004434	lookup:603163a3c78f9e0fd3990d64f263635a2ee8bdda4b8808f09dcc6279a58a06a3	pubmed	record_by_pmid	pmid	24968283	conflict_all_exact_evidence	adjudicate_identifier_conflict
assignment:de06de920d8c32232cde4bb49fafab22b3e0716115f1cdc0741d3ceed132c4e6	publication_component:citation:publication:doi:10.1371/journal.pgen.1004622	lookup:6cdfded89a3014da921c69c1b8160f81c1b078069f3dc262995353f35e794165	openalex	work_by_doi	doi	10.1371/journal.pgen.1004622	conflict_all_exact_evidence	adjudicate_identifier_conflict
assignment:bc411b5bc35b32de26403e08e88742da1aa80fd5b6f251b5e9dc36b79319436e	publication_component:citation:publication:doi:10.1371/journal.pgen.1004622	lookup:b2bca70b53f4708c2751b4c27acc747ccc54becab88a8a6ad72a464562bdcd9a	openalex	work_by_openalex_id	openalex	W2952314547	conflict_all_exact_evidence	adjudicate_identifier_conflict
assignment:1b7c10c85934c961c820837275daeaeaca7ffdd93dd66448e8c7a52c4779425d	publication_component:citation:publication:doi:10.1371/journal.pgen.1004622	lookup:c9c8d47582fcd65d3775cc4ccb122b76b17d801002e0c18a496587b99f82687c	openalex	work_by_pmid	pmid	25255320	conflict_all_exact_evidence	adjudicate_identifier_conflict
assignment:3a3c26ed339676f475c731ae5e1f8658bc02681c85138c1ddb4cb84764c1d577	publication_component:citation:publication:doi:10.1371/journal.pgen.1004622	lookup:026a2ff932be5a548d886763dcd2ea2536796e00bf3aadd6a41b5548e133c796	opencitations_meta	metadata_by_doi	doi	10.1371/journal.pgen.1004622	conflict_all_exact_evidence	adjudicate_identifier_conflict
assignment:f0a0eaa1b57b30e4d9edb1dcf98bd9756867e210136b24daa1354b0893407975	publication_component:citation:publication:doi:10.1371/journal.pgen.1004622	lookup:bcc090d87e71c1339750df4c5ae4e0e9015f5bf7366c3328960bc7d10dd40ba9	pubmed	record_by_pmid	pmid	25255320	conflict_all_exact_evidence	adjudicate_identifier_conflict
assignment:7189cc7bdd40d67988de7da08c860b55b6cf1d1c000a52556c649130b67c0994	publication_component:citation:publication:doi:10.1371/journal.pgen.1005331	lookup:422e1ffd3c864f98bf99f7a3df8ad41938fd85b75aec8b340729cb0b5ffc39b2	openalex	work_by_doi	doi	10.1371/journal.pgen.1005331	conflict_all_exact_evidence	adjudicate_identifier_conflict
assignment:59f4ba059e5b6273165ad1cb4bae9eadea1635c51b78a544b74f62e663482cd1	publication_component:citation:publication:doi:10.1371/journal.pgen.1005331	lookup:813c5a019bf801d81ad760e384bddc13cb885a3cb75590108e0e6dc7ae285c74	openalex	work_by_openalex_id	openalex	W2952013840	conflict_all_exact_evidence	adjudicate_identifier_conflict
assignment:8a1b91ac09ed971bdc044faec76ac13d71e0b13543beaca4a5e4c219895f0f60	publication_component:citation:publication:doi:10.1371/journal.pgen.1005331	lookup:311fb6f929c406813c7e1ada16a2fd732bdb61ce859d96c50ca8fe370bf70ffa	openalex	work_by_pmid	pmid	26114585	conflict_all_exact_evidence	adjudicate_identifier_conflict
assignment:698bcb5b1058381daced4327c3e4caf5607feb21f3745880cfbae1d05c9000fd	publication_component:citation:publication:doi:10.1371/journal.pgen.1005331	lookup:7c4b44571fcdea8f2094929d87ad2e76134aaa4152ec59782c534249827c10db	opencitations_meta	metadata_by_doi	doi	10.1371/journal.pgen.1005331	conflict_all_exact_evidence	adjudicate_identifier_conflict
assignment:b66b20630023f8d70ffd858c83cfac93697c00915022e8ebfc5bef8b54bdb4cc	publication_component:citation:publication:doi:10.1371/journal.pgen.1005331	lookup:b209467847ab998268b4febc9cfa1160a710f802acb511bfab8fd925f68938ab	pubmed	record_by_pmid	pmid	26114585	conflict_all_exact_evidence	adjudicate_identifier_conflict
assignment:c60865bcf9c573aa5a887df6babb5f9841267e3688c754302c3508f979a32d21	publication_component:citation:publication:doi:10.1371/journal.pgen.1006063	lookup:bd84512560a4a99fe9b81145b2b44c42cd5de9468ef2daef662aeffafab6d4b2	openalex	work_by_doi	doi	10.1371/journal.pgen.1006063	conflict_all_exact_evidence	adjudicate_identifier_conflict
assignment:3f62cbceb20ed23fef9540ae951c040bc2e37d1dfbca99855acba60991fc978c	publication_component:citation:publication:doi:10.1371/journal.pgen.1006063	lookup:c6d9e75fec0dc0625ca77979e6263dec07a2bc1cb226151ac2d3e4e1f855d030	openalex	work_by_openalex_id	openalex	W2951745891	conflict_all_exact_evidence	adjudicate_identifier_conflict
assignment:f6638f4fa64adcf0f6a52bb869ad94dcdf94d7cf056d6e42711235e9f0479cbd	publication_component:citation:publication:doi:10.1371/journal.pgen.1006063	lookup:8a9dcdd98ec64bebd6f302c70407dd6c098b06a6245b1f616410d94904820c93	openalex	work_by_pmid	pmid	27203426	conflict_all_exact_evidence	adjudicate_identifier_conflict
assignment:badbb40f320e9f9bb4642abdf71ddf1edf92357377b2acb16a39c5e1ddff6b3f	publication_component:citation:publication:doi:10.1371/journal.pgen.1006063	lookup:b0fc25fab7ab28d05c1f87d28f7cf33f901c84e0dd58a265b31e75d05bfac810	opencitations_meta	metadata_by_doi	doi	10.1371/journal.pgen.1006063	conflict_all_exact_evidence	adjudicate_identifier_conflict
assignment:aabb208a4042c7b433d78b2a3463a6ed856bf7550c70ab174a9f4b8a4dfb47a7	publication_component:citation:publication:doi:10.1371/journal.pgen.1006063	lookup:6a10babf1581ad2ddeb0c6af7f316dc553c8b577528b0d4c3b01a41dba9f5adf	pubmed	record_by_pmid	pmid	27203426	conflict_all_exact_evidence	adjudicate_identifier_conflict
assignment:2ce78b50a4e79d84995869e02ad1da19b2ce774bb312144c19eaaee3a035940d	publication_component:citation:publication:doi:10.1371/journal.pgen.1006132	lookup:adfed6d9bba0b3b61db2fadc16c50c0cd1ecc36536413d4f370daaff105f8645	openalex	work_by_doi	doi	10.1371/journal.pgen.1006132	conflict_all_exact_evidence	adjudicate_identifier_conflict
assignment:68933a18b8711eaaf4b6ae46fdd02a3388809a3c8a155104dc21f158929dbcc7	publication_component:citation:publication:doi:10.1371/journal.pgen.1006132	lookup:4f61612979e4ced90d6a088b0b0696db9d2761789aafbd0581ae0f1dcdc01f24	openalex	work_by_openalex_id	openalex	W2465209785	conflict_all_exact_evidence	adjudicate_identifier_conflict
assignment:c0cec31162f0439fb043d7909c136051ee302e1937388471a4dda4cdbdad3323	publication_component:citation:publication:doi:10.1371/journal.pgen.1006132	lookup:3029ac47b6032e3378789c304a4fad66530daa7e6de5a3f8c9372d68e8a28534	openalex	work_by_pmid	pmid	27380265	conflict_all_exact_evidence	adjudicate_identifier_conflict
assignment:72e252011fc474cbafbb1afe5f88a08123a514030d045ff84dbdbd9806cdaeba	publication_component:citation:publication:doi:10.1371/journal.pgen.1006132	lookup:b0b5ea205a953e28e5313f3863e5e3230c783981778572f18a25c12448d6fb4b	opencitations_meta	metadata_by_doi	doi	10.1371/journal.pgen.1006132	conflict_all_exact_evidence	adjudicate_identifier_conflict
assignment:4d50d21de9648f9fb3d170007138fdc8bdff23335043fddba6ed014316f2dee8	publication_component:citation:publication:doi:10.1371/journal.pgen.1006132	lookup:203517e16e4d7b3be51a78754f7dff99dcf2d81de289d2b72bbfc461b6e2b4d8	pubmed	record_by_pmid	pmid	27380265	conflict_all_exact_evidence	adjudicate_identifier_conflict
assignment:3713dc240e00aa8da5324510fe57fdcfac8fd50ef7d63348c7f18c3bceab8a6b	publication_component:citation:publication:doi:10.1371/journal.pgph.0003943	lookup:8488d1ecfb2b3ad30fea6a4223b5e11b5ff63e644d67009c7da8f10c51ed4324	opencitations_meta	metadata_by_omid	omid	br/0606155588	native_title_evidence	recover_title
assignment:edb52cdcb411fc3e936b34ceaa755070fff48945e58411ee793212f8404ed3d4	publication_component:citation:publication:doi:10.1371/journal.pone.0004724	lookup:ffdbe517f76cddde2cc79dd2e25f184bf2a67037085b15dba3166c6a4da400d5	opencitations_meta	metadata_by_omid	omid	br/062201516522	native_title_evidence	recover_title
assignment:614a97b310376996372c8d90718f1edfc386d4454d61d0c1d9423aefc978bfff	publication_component:citation:publication:doi:10.1371/journal.pone.0009490	lookup:9b64c97c40702c3b135618c8189c143645608738d7c4d5c497f90f36bececce8	opencitations_meta	metadata_by_omid	omid	br/061601532129	native_title_evidence	recover_title
assignment:6a5be586ffc22fcbcc9e21d5fcc80e12fbf42adc3f89863c1bbbb3753b1ea33f	publication_component:citation:publication:doi:10.1371/journal.pone.0009590	lookup:28829288ab50062d7eae859a26e9265c7fec2b9e883bafdd7ffda623263b8c47	opencitations_meta	metadata_by_omid	omid	br/061601532112	native_title_evidence	recover_title
assignment:c803499850b43b8ef81781727310c31cd369d17a072c05aaf03071f9d9e7d8bb	publication_component:citation:publication:doi:10.1371/journal.pone.0033579	lookup:d208d181761f4ccc47a23ed5c2a23ce136745c066570b2307bdd2a20372428d8	opencitations_meta	metadata_by_omid	omid	br/061601530878	native_title_evidence	recover_title
assignment:d8740c994444fd977cae8521dc15b910889bf7c817c23d4e88522e0845e1a62c	publication_component:citation:publication:doi:10.1371/journal.pone.0033893	lookup:e2bc464b52941f49406a8e26a925091cee49a60db818babc0622281f59e33637	opencitations_meta	metadata_by_omid	omid	br/061701526954	native_title_evidence	recover_title
assignment:4d453eda92e442a0ef4a879f1a532d790d87e776e09e9e09fd74d211eb7e3eb8	publication_component:citation:publication:doi:10.1371/journal.pone.0081760	lookup:9643866b4fa2a1b55e8d4178ad68b10d8cf8fca4550f746121064ee621e679b0	opencitations_meta	metadata_by_omid	omid	br/061401508583	native_title_evidence	recover_title
assignment:485bb7c3a442d3f8899677332824152b051d58c4a421128a7fa1d774abf0d9ca	publication_component:citation:publication:doi:10.1371/journal.pone.0090490	lookup:5f40b90e3ad6aeb20cb5efa89cf38877a1c6b38d152e8526c8205c748466114d	opencitations_meta	metadata_by_omid	omid	br/06501542223	native_title_evidence	recover_title
assignment:c88524936440431f1c5ce9bd13bfeebd09266ae124b3915a31e9447c7ac0ede4	publication_component:citation:publication:doi:10.1371/journal.pone.0104400	lookup:ce192f69fb3926d4944f701955c6ccbbd6d219f26b226d58c0bad8af09373592	opencitations_meta	metadata_by_omid	omid	br/061601528228	native_title_evidence	recover_title
assignment:db754ad76afffa520602278da51c9679dbdeb04fb6365a2def0cd48c76531fda	publication_component:citation:publication:doi:10.1371/journal.ppat.1003932	lookup:3d9880da1e5b12262a4e8c01ec5758de4d18d74799321c4233f4a848db3d006a	opencitations_meta	metadata_by_omid	omid	br/061901793985	native_title_evidence	recover_title
assignment:61eb4f66f5aca942e46c62247640fe806014fe0fc28eb2eb1a3c93f350350684	publication_component:citation:publication:doi:10.1371/journal.ppat.1005279	lookup:549af3952b515b857cc7d779432009895205a686fe77e6c3e089bbb6aa798942	openalex	work_by_doi	doi	10.1371/journal.ppat.1005279	conflict_all_exact_evidence	adjudicate_identifier_conflict
assignment:639151015cf6837122543565f2b033a41b228f62eec5b2af224e2efc8d74f5a3	publication_component:citation:publication:doi:10.1371/journal.ppat.1005279	lookup:ecd5a51245cde6bc7cbfcb4409c035737d2f75dd1a232ac0c18c7c51431163af	openalex	work_by_openalex_id	openalex	W2950479280	conflict_all_exact_evidence	adjudicate_identifier_conflict
assignment:a67f51a6937963379260a8c6941fdbd08f49186c61357d0c91dc2be836fd20c0	publication_component:citation:publication:doi:10.1371/journal.ppat.1005279	lookup:44e3275936b4b64bb5f8578f1ab4292e81b1c05e2f35b5cd61aa945a2361f371	openalex	work_by_pmid	pmid	26562410	conflict_all_exact_evidence	adjudicate_identifier_conflict
assignment:883edaa8364f1a7cf326a8ba03d42f56ccd652800fdab46c20b6be0e3278c10a	publication_component:citation:publication:doi:10.1371/journal.ppat.1005279	lookup:6c44d1df258deae8ee2428b9e95d63c71ed4e4f3596809eadf7ef2339e5faeae	opencitations_meta	metadata_by_doi	doi	10.1371/journal.ppat.1005279	conflict_all_exact_evidence	adjudicate_identifier_conflict
assignment:aa346f083ac1e38a54a00f6fd7da54d30b510f4afd70887d13cf8e5adede345a	publication_component:citation:publication:doi:10.1371/journal.ppat.1005279	lookup:223c36a8683481367a740bcd2b4fd8ac543e86fe866015954822b93773ebc77a	pubmed	record_by_pmid	pmid	26562410	conflict_all_exact_evidence	adjudicate_identifier_conflict
assignment:9859817876b55eb05504b382ff5e9d448fbaa77ebf0898a2049dedcf15a36ca3	publication_component:citation:publication:doi:10.1371/journal.ppat.1006997	lookup:3486dbcfcf3f8d60b3b10c46c7863ae967f226aee1541456056f394a04cd47a6	opencitations_meta	metadata_by_omid	omid	br/061601802470	native_title_evidence	recover_title
assignment:a46ea4b6af20fadaf248f2674b769c8fae245ba9653b6481a890014e9906c280	publication_component:citation:publication:doi:10.1371/journal.ppat.1008984	lookup:002539c3212e449ec132f0b999e280c5c59e44e5ea3f5212aac6e4ae81018c31	openalex	work_by_doi	doi	10.1371/journal.ppat.1008984	conflict_all_exact_evidence	adjudicate_identifier_conflict
assignment:469421e7ff3253f69574d2740d07de9e499a1aa60a47788a24ce840cd9e63cba	publication_component:citation:publication:doi:10.1371/journal.ppat.1008984	lookup:7d07091eb388ff0585b8f95b3ca0633d1767a45d45c77f0516e5e94168028fea	openalex	work_by_openalex_id	openalex	W3105013251	conflict_all_exact_evidence	adjudicate_identifier_conflict
assignment:4ff4af693ddd15664e6fc75a2d008515b6a1a0b7e21ae01f886b5955b7d344dc	publication_component:citation:publication:doi:10.1371/journal.ppat.1008984	lookup:97f51cedb4ab0f00669146d17590c7457377ccac8fe073c00a6d0e1905b4599b	openalex	work_by_pmid	pmid	33211775	conflict_all_exact_evidence	adjudicate_identifier_conflict
assignment:53b4c21e50d9183c71a2387034664bf3267745ccbce997ad1ca287a3daf4959c	publication_component:citation:publication:doi:10.1371/journal.ppat.1008984	lookup:f77130e7367dcc62f381c1f3aeedd208f38e73903d2d55cd1e3ece3e3330c394	opencitations_meta	metadata_by_doi	doi	10.1371/journal.ppat.1008984	conflict_all_exact_evidence	adjudicate_identifier_conflict
assignment:9a7a82a0dcb5429c318c805c366fccc15a34f83b6bd6909420d04b6816515a08	publication_component:citation:publication:doi:10.1371/journal.ppat.1008984	lookup:acc8b671e834ecee048891e8aafe46bf70cf6fe25ad2b901ac7fc4373c1f8544	pubmed	record_by_pmid	pmid	33211775	conflict_all_exact_evidence	adjudicate_identifier_conflict
assignment:28eb29513c66589fdee0754839f3f83b0f41b454f1be846410fe654fc7c7c125	publication_component:citation:publication:doi:10.15252/msb.20198871	lookup:e40ff6c0c640ef92c569b63172ead4032e9d607bc62858fcff676b8b71a0c7f4	openalex	work_by_doi	doi	10.15252/msb.20198871	conflict_all_exact_evidence	adjudicate_identifier_conflict
assignment:3db969d6ee7bc2ad603cd8c6bb5e050b077b459645f32d6ea863c86fd5d56cdb	publication_component:citation:publication:doi:10.15252/msb.20198871	lookup:5d2b6671f1b0421a7abe8d04e74565f9c670b221061edc240dfc04c6f151402f	openalex	work_by_openalex_id	openalex	W2975112817	conflict_all_exact_evidence	adjudicate_identifier_conflict
assignment:abecddd0882a6a7522592a2bf89a715de6f27eb3f3eb341339e8ec5e25fc6ee4	publication_component:citation:publication:doi:10.15252/msb.20198871	lookup:767d6f2e82590cc214d0c3ab360369ff368664a988715ac93391011b0ddc5231	openalex	work_by_pmid	pmid	31556487	conflict_all_exact_evidence	adjudicate_identifier_conflict
assignment:4f1c84158b49a405a26a2b51ba62175ca8e37af310e7cf0554b7e38398f5a457	publication_component:citation:publication:doi:10.15252/msb.20198871	lookup:e047c093599fd56f28bd5587c02d97390defab6453c0a26cd81e4daadb912971	opencitations_meta	metadata_by_doi	doi	10.15252/msb.20198871	conflict_all_exact_evidence	adjudicate_identifier_conflict
assignment:ff110bce81abbde659b9cfef0f8ac72625901ff418ce52a2d618900530e40d1a	publication_component:citation:publication:doi:10.15252/msb.20198871	lookup:c444eec67bd96cc347db7095c6c5be470be17efc2e14df14883849cb1fe2bf85	pubmed	record_by_pmid	pmid	31556487	conflict_all_exact_evidence	adjudicate_identifier_conflict
assignment:fd96081f26439c05986ace27e6e6c74b2f8058be70b8f07514a1aa9a3ded7cfc	publication_component:citation:publication:doi:10.1534/genetics.104.031153	lookup:9848726c3e50ef076e753e4972e35de865847ee07ca6ce4793558f86082e9c62	opencitations_meta	metadata_by_omid	omid	br/062302224540	native_title_evidence	recover_title
assignment:3556c1fab6992488390a934d1b750f369ac8f7ecab1d2fe8b54b7307400fd9e8	publication_component:citation:publication:doi:10.1534/genetics.111.137893	lookup:21dff60f7de2231ebaceb68a5016cdedb262834ad0ffb8bf4d64100b5477f7b0	opencitations_meta	metadata_by_omid	omid	br/061802225941	native_title_evidence	recover_title
assignment:2ce168fa634143374691325c4c8512f0bea246e634e65e9a76ccb50cfb0547e1	publication_component:citation:publication:doi:10.1534/genetics.112.139618	lookup:99cb5284b23ef841b6de3d9ee1d763a6889d5134f60fc8f40e5ee92b4d038e9f	opencitations_meta	metadata_by_omid	omid	br/061802225876	native_title_evidence	recover_title
assignment:790decca89b2c3196e07c0ccddaea82f965a9ecc6e98dbf398af90e1e02bab2c	publication_component:citation:publication:doi:10.1534/genetics.119.302045	lookup:7bbc97b37a327f68a514d3e4866644cfb4cfc59afa52c8a25e5753b70f2662c7	openalex	work_by_doi	doi	10.1534/genetics.119.302045	conflict_all_exact_evidence	adjudicate_identifier_conflict
assignment:d399edba6fa3843eb08b0c69b43ec18f519d383b46a7bff9761043d1d40ceb1c	publication_component:citation:publication:doi:10.1534/genetics.119.302045	lookup:1d8d221b68689c22fa834ea6f9d173875ab6e022f2a6814678c843b7b0049c73	openalex	work_by_openalex_id	openalex	W2945997622	conflict_all_exact_evidence	adjudicate_identifier_conflict
assignment:42d1f93c1f42faf50df2081a196b2af8f4db17e32c3b5bc46733ed7dc29a99c0	publication_component:citation:publication:doi:10.1534/genetics.119.302045	lookup:09445a34a6a4a6c4edf9ea2dc98c11abb443494c45f1d2d688383ed99c6984e6	openalex	work_by_pmid	pmid	31113811	conflict_all_exact_evidence	adjudicate_identifier_conflict
assignment:912bd9f0fdca07a40c4cc0e3e14ddc2cf56c951e24294346f176d25502038170	publication_component:citation:publication:doi:10.1534/genetics.119.302045	lookup:2ce667d496ef1a4d5c701ff04e06e32a7087c460b1356700e2be05252ec8e999	opencitations_meta	metadata_by_doi	doi	10.1534/genetics.119.302045	conflict_all_exact_evidence	adjudicate_identifier_conflict
assignment:366e67def5d3fd4824bc14de75f8eaef4b5065f3ae91d8a808ea26f205c3c253	publication_component:citation:publication:doi:10.1534/genetics.119.302045	lookup:5930c73865b94ea8e2c839058ba8a1dfb8709b3db1062ce9c1ff542ff53ac7ab	pubmed	record_by_pmid	pmid	31113811	conflict_all_exact_evidence	adjudicate_identifier_conflict
assignment:dfb76506be84fc4d00ccf0b36d22b7fcfa68754a31a222382100ca53ec3db598	publication_component:citation:publication:doi:10.15407/agrisp10.03	lookup:424e3cb99d52cd9b167ab6fe7e28bb1c59b317f8a63160c6d84a66a38d57b854	openalex	work_by_openalex_id	openalex	W4392634648	native_title_evidence	recover_title
assignment:f70a6f0c8df814378552eab1e5588cf677e1b62cb8815f8a6876859a6b9743ed	publication_component:citation:publication:doi:10.1575/1912/67247	lookup:746a1c424b9e82f8bc120526e259387a7be3071f8fcca3fced0e229829c3af2d	opencitations_meta	metadata_by_omid	omid	br/06023643385	native_title_evidence	recover_title
assignment:12bb5ffa3fceca2ae9def7f70f48d61a7c885ea37ccfa10d201785f4c8e0e7fb	publication_component:citation:publication:doi:10.17863/cam.10253	lookup:0c25f8f6c4568de752936b833bd429dee8e170fe4818e4b197781e0f0b2d5393	openalex	work_by_doi	doi	10.17863/cam.10253	conflict_all_exact_evidence	adjudicate_identifier_conflict;recover_title
assignment:1f0e798de5fbfafd34f261429cc6888db4542a9427bc3b3587e88bbdcd37f451	publication_component:citation:publication:doi:10.17863/cam.10253	lookup:3faa1b4464bacc98cd1cdfcbe5d7e88061f6a4fe0f2e03490c88ef2ef5698bdf	openalex	work_by_pmid	pmid	28516864	conflict_all_exact_evidence	adjudicate_identifier_conflict;recover_title
assignment:5ab37933af3fe9a8cb44cee3f291490712104f3200a09bc3e831ae10e04bd788	publication_component:citation:publication:doi:10.17863/cam.10253	lookup:477bb1b7acf48952fbad750df21f38a7c54910eec25f2d50266ca33ecbc08830	opencitations_meta	metadata_by_doi	doi	10.17863/cam.10253	conflict_all_exact_evidence	adjudicate_identifier_conflict;recover_title
assignment:a4052f7cd7e21cc952265f05c9b82237f1088adf34931c7dd7d1c10c4eeb938e	publication_component:citation:publication:doi:10.17863/cam.10253	lookup:988172a23af86c3f9e7d52e53978542d07fbaab4597d87e0c4fdd19ed1e5a82d	opencitations_meta	metadata_by_omid	omid	br/061601841208	conflict_all_exact_evidence	adjudicate_identifier_conflict;recover_title
assignment:5bf8711e58eab34a2504299c6415183af1c03f0326bc53df9053a9cecb35dafa	publication_component:citation:publication:doi:10.17863/cam.10253	lookup:0bc47270b7ec0439424144ee28a76d1fa59c2716c8e334cb9a6c38569a24cade	pubmed	record_by_pmid	pmid	28516864	conflict_all_exact_evidence	adjudicate_identifier_conflict;recover_title
assignment:9e529657cd47fb0d42695a016528972d4ab4b9a6fefe3268db3e59ad2e56dc38	publication_component:citation:publication:doi:10.20944/preprints202110.0281.v1	lookup:781ec3fd5326a5fae9eb50ad6719f08397633ff272e427f7fb3ac38d372d6b56	opencitations_meta	metadata_by_omid	omid	br/06490106432	native_title_evidence	recover_title
assignment:0b01f3daf34082823fd8a326abf0158397172cc86b4976f121806766dbe1a788	publication_component:citation:publication:doi:10.21203/rs.3.rs-1831627/v1	lookup:2d9cb6b629aeee2346b70db06901123979b4b2fec569266ae1f92a96ae707c68	opencitations_meta	metadata_by_omid	omid	br/06023869596	native_title_evidence	recover_title
assignment:4f913eb4d7d7b98723a168c6b289349f522f1f787740052f3c351e9f6cfb7ba6	publication_component:citation:publication:doi:10.21203/rs.3.rs-8265704/v1	lookup:3f53c5c1d548f64f3dd7b682a02d0ac949d23728157a3458e0d101345a6d52e9	opencitations_meta	metadata_by_omid	omid	br/06015168332	native_title_evidence	recover_title
assignment:8300e9f75e1a3bc07cfe1a4cbc1d0993a76e047b46d36fa986264725c1299eb9	publication_component:citation:publication:doi:10.2139/ssrn.4214078	lookup:8394d1b15c6fc5f6391cd20e1125964473bde6d8f7274c490615a9d4268000ec	opencitations_meta	metadata_by_omid	omid	br/06023911326	native_title_evidence	recover_title
assignment:e897bc674bbcf5cbcc6cda609ab3b9c0660a05162911c9527146f8be543bf33b	publication_component:citation:publication:doi:10.2139/ssrn.4739395	lookup:5c613d6532a218fda3240bfa6592efb23cef5b14440eae060d6a7fe6730d6ad6	opencitations_meta	metadata_by_omid	omid	br/06023915410	native_title_evidence	recover_title
assignment:ecf57878be9ac7fac10ed83a792394552efffa6b483dbf5ac20ff68b956ed5b3	publication_component:citation:publication:doi:10.2139/ssrn.6175759	lookup:019c293cce5e43e14f7b8e467a884ed14a10f1efe6f8a0d1592990d76ed987c1	opencitations_meta	metadata_by_omid	omid	br/06013941908	native_title_evidence	recover_title
assignment:fd02d8dd9394899a0d7145883ba5539574d2846869d040977e7b065763090fe6	publication_component:citation:publication:doi:10.2174/0929866511107010979	lookup:47175037f9af5bd7c9bb03c07aef8af8f2aae8708deedacd620bfbfddb4f749c	opencitations_meta	metadata_by_omid	omid	br/062401163852	native_title_evidence	recover_title
assignment:c435ee966613eeb9072be05d7aa01cef5e783d23bcbd1ad2add37f5b1517f7e5	publication_component:citation:publication:doi:10.2174/157016209789973664	lookup:ac29919b066594680f946b529384085258d0b74830be86784ac9ea115e6bb5b7	opencitations_meta	metadata_by_omid	omid	br/0628033963	native_title_evidence	recover_title
assignment:995bfcc54001208a525357e8ad7449d26fcbb0bdfff3d96fcf6a5e9565045b20	publication_component:citation:publication:doi:10.2217/fmb.12.108	lookup:becd31e5e2f7840af8ddb9642654f56e4d21fd0d8676c742d7045eda6ac73d4c	opencitations_meta	metadata_by_omid	omid	br/061502391253	native_title_evidence	recover_title
assignment:e6311e01a7c306cb3ea0616467914074725517948d7cd8597579027981367bcd	publication_component:citation:publication:doi:10.22541/au.160977727.76870866/v1	lookup:adf4c0e166b6f8d7a9d42bdeb0097af96beaa8a2eab5deab27217f07c98809b4	opencitations_meta	metadata_by_omid	omid	br/06803875251	native_title_evidence	recover_title
assignment:6e131bd1c8ffd960c9762ffeefe1aa770400859b4b7aeede0232a1d647b426de	publication_component:citation:publication:doi:10.22541/au.160977727.76870866/v2	lookup:0a8ba0538400401f78bbf76c150cf4a40cf67059ca0ee95a50e60dd993977a3a	opencitations_meta	metadata_by_omid	omid	br/06024048100	native_title_evidence	recover_title
assignment:660ebba172d5338ca29746cce5085b92895acb348d88247f0d56dae9b1ee0d9e	publication_component:citation:publication:doi:10.2307/2340521	lookup:a5aa7ec3a05403baf4b8ab857b9bee5188f4798903b980400ac044f78a6f2ae4	opencitations_meta	metadata_by_omid	omid	br/06170774713	native_title_evidence	recover_title
assignment:163e7ab4f126e7c1acfc56b573895d2bd29961d27d5aefbf76f8e2bedd9143cf	publication_component:citation:publication:doi:10.24272/j.issn.2095-8137.2024.473	lookup:b728601efea190908d95b7e52195d13194ba7381f33fa0b91c7b331c271848a9	opencitations_meta	metadata_by_omid	omid	br/06024116421	native_title_evidence	recover_title
assignment:bff0b7f172a7a818c77e34bef7af9e6dc3aa1d7b4689b1c9b39bed7862ac94b3	publication_component:citation:publication:doi:10.26479/2022.0801.05	lookup:0fbaf5f6f3647c81ba63092d0cbd81a5a586ede1ee80d0be0b8882a0630933db	openalex	work_by_openalex_id	openalex	W4292461787	native_title_evidence	recover_title
assignment:d1eba2e28cd0a2af66b0e9af5ffeac4b195fa61677ddf5e409c9946cb4f163c2	publication_component:citation:publication:doi:10.3201/eid2306.161934	lookup:036a5332b9ddc57deb62abefa139374399e90f646b0bbee40b8aef7134c17c91	openalex	work_by_doi	doi	10.3201/eid2306.161934	conflict_all_exact_evidence	adjudicate_identifier_conflict
assignment:c49be4e411fc519228e3af5ac8cb10c9baf88f5cc3195a2bed60c06ed08a0e12	publication_component:citation:publication:doi:10.3201/eid2306.161934	lookup:71438523e7bba1ca56785ebb6aca92fc2de1ae448e82ca0b348b5b0ae56f0197	openalex	work_by_openalex_id	openalex	W2607894264	conflict_all_exact_evidence	adjudicate_identifier_conflict
assignment:eac01c2e4f3b0a0d9645e92da2cb0849014909fd6a4dd484a5f9505ea49027e6	publication_component:citation:publication:doi:10.3201/eid2306.161934	lookup:3faa1b4464bacc98cd1cdfcbe5d7e88061f6a4fe0f2e03490c88ef2ef5698bdf	openalex	work_by_pmid	pmid	28516864	conflict_all_exact_evidence	adjudicate_identifier_conflict
assignment:2d33c33e6a9bbd7124b27e465d97987e0eb4d8e88508b2f942b956987e9164d8	publication_component:citation:publication:doi:10.3201/eid2306.161934	lookup:0c88797afc9082c56d8de45e4137a183f3a444109295ebf8192655f23a7971be	opencitations_meta	metadata_by_doi	doi	10.3201/eid2306.161934	conflict_all_exact_evidence	adjudicate_identifier_conflict
assignment:cac83b67ad8b88b39b51dbece24e7bd194fec6a9eee0ef587665e01ec0affe15	publication_component:citation:publication:doi:10.3201/eid2306.161934	lookup:0bc47270b7ec0439424144ee28a76d1fa59c2716c8e334cb9a6c38569a24cade	pubmed	record_by_pmid	pmid	28516864	conflict_all_exact_evidence	adjudicate_identifier_conflict
assignment:cb5eff2190f118531d2b3dd66bf06724a58a8661f998cd3193ab19c875df5a45	publication_component:citation:publication:doi:10.3201/eid3111.251101	lookup:6bd75e1a6cd4de921d91738b9b740873e48fa9194ca605a2637f2627c9a120f4	opencitations_meta	metadata_by_omid	omid	br/06014956226	native_title_evidence	recover_title
assignment:fe6ed95171cd0a164ad146e5c18f28b58108f065c6b97c91e353a964d2db8895	publication_component:citation:publication:doi:10.3354/meps14701	lookup:d017febb19dbc4894f4f079e9a249304f215c1beadb16aa748bfaf0703891e1a	opencitations_meta	metadata_by_omid	omid	br/062204413539	native_title_evidence	recover_title
assignment:02c3b5c791ea2ad83f06837e06fe8e7c85e0daf2da695547c262ccf0c2716e38	publication_component:citation:publication:doi:10.3372/wi.54.54102	lookup:4a34a49db85cc0062515de6bde5fa1fe472546cb8909c2ef80ae130518b24d22	opencitations_meta	metadata_by_omid	omid	br/06104863321	native_title_evidence	recover_title
assignment:38f1c6a92994ead5d5d1ea7a51fc004994491e1aa1efdd99b98dc89d7b995fc8	publication_component:citation:publication:doi:10.3389/978-2-8325-4290-3	lookup:dc86d7d4fdf25409d89600bf5bc451ac64af4c6ee9a5bf9dca3783c566bbf9b0	opencitations_meta	metadata_by_omid	omid	br/06026302722	native_title_evidence	recover_title
assignment:f639b4299e8277f3d5999b146a713bcbc8a6a7779555060bad6dd1975d13e872	publication_component:citation:publication:doi:10.3389/fmicb.2019.02838	lookup:9d2718d5d799f519053ae848637a4e46d27c7b66f897c209ce2eab7c572a8cae	openalex	work_by_doi	doi	10.3389/fmicb.2019.02838	conflict_all_exact_evidence	adjudicate_identifier_conflict
assignment:6de762f2fedca81d705c3e88cbfd09946a4e005bd27c04d9b934b10ba4ef1502	publication_component:citation:publication:doi:10.3389/fmicb.2019.02838	lookup:7b9a36f8c811a52506e29fec6becaa25d33cc7fab50f50c008b608f9d1c59f49	openalex	work_by_openalex_id	openalex	W2991241322	conflict_all_exact_evidence	adjudicate_identifier_conflict
assignment:5e3c63fb3009eb88967c98a0496cb025c89e1fb944f3275ba16194e512e4505e	publication_component:citation:publication:doi:10.3389/fmicb.2019.02838	lookup:1f685586a8a53edb50f5db9862811447c036fb38eb946ce28413c204b948d20d	openalex	work_by_pmid	pmid	31921024	conflict_all_exact_evidence	adjudicate_identifier_conflict
assignment:f4752af76483e615d886c7eead8a7f30666d35a48bba64643eeee15dd88d9b83	publication_component:citation:publication:doi:10.3389/fmicb.2019.02838	lookup:0f83cc87bf2d9f8df144e9307e8bba34c4034288bb34fe8347fba786a244d158	opencitations_meta	metadata_by_doi	doi	10.3389/fmicb.2019.02838	conflict_all_exact_evidence	adjudicate_identifier_conflict
assignment:9dd075de2de28997a9d977186f056b944095b13e56c2868eb0955d10037caa4d	publication_component:citation:publication:doi:10.3389/fmicb.2019.02838	lookup:5b21f5ce27f64b0003a0588cc0611ca9950e9b2e453a532b229d1a92b06b0b3a	pubmed	record_by_pmid	pmid	31921024	conflict_all_exact_evidence	adjudicate_identifier_conflict
assignment:984ed3d72134f4e4e85b235a236777f5ff8b5dde50808769464b3173503d700f	publication_component:citation:publication:doi:10.3390/ai7010027	lookup:818dac45d08e10416ff2e054bc528f8da4c4bf15f4f8520c588a1c9300fdbba4	opencitations_meta	metadata_by_omid	omid	br/06014313552	native_title_evidence	recover_title
assignment:a9f7722b96dc2b539c03240763f235cb450c146d2f9e48f7cd74f6685bac7cce	publication_component:citation:publication:doi:10.3390/biology15020137	lookup:a39942574fa2076e9d92e3c30dc3dbce9525a956c27c47ab2decf905c4595e61	opencitations_meta	metadata_by_omid	omid	br/06013005978	native_title_evidence	recover_title
assignment:961fc421cfb30336e907e2edc7e37ddd87795e2b4195c18f0f2c8b2d0b651f61	publication_component:citation:publication:doi:10.3390/biology15020164	lookup:f475835e221638b22b3dc327161a9582fafcc573b51e6930a2efa065060dad11	opencitations_meta	metadata_by_omid	omid	br/06013426619	native_title_evidence	recover_title
assignment:5898ab38470cc56f1284f01b76429abdf85b00455457915260bb92e5876a45cf	publication_component:citation:publication:doi:10.3390/biom15121648	lookup:dcab138e1ff9c30f14abe18114fa93360d19fe91b4a37ca7d600cd761233b98a	opencitations_meta	metadata_by_omid	omid	br/06013675859	native_title_evidence	recover_title
assignment:28b74e85759531d7baaed73183b5fbb948e2c20c1329dec7ab8559cf93088e0d	publication_component:citation:publication:doi:10.3390/ijms262110705	lookup:fcdd24bbaf0f040fe055b02d2889b59ae2a0cf9e4db0b8f5f6b2f1076712b0da	opencitations_meta	metadata_by_omid	omid	br/06013241258	native_title_evidence	recover_title
assignment:f17a201c2ae1e6a919c5a66e3a228a42dafbae663daa7da228f040a14842ec82	publication_component:citation:publication:doi:10.3390/jmse14020185	lookup:b5ec2facdc77c9397a92975dcc9db2e4912d6f32c995ba1650230fd1adcc767d	opencitations_meta	metadata_by_omid	omid	br/06014976785	native_title_evidence	recover_title
assignment:41b5fcdcec6fa062e8262e0e9bc7e3d61cb34a46dbb4758e2aa2c3d3d189c2fb	publication_component:citation:publication:doi:10.3897/dez.69.68373.suppl6	lookup:819d51719b5ce69c81d20ab413b5d1c9b9f47161fd4ebe6db2b220ad6b7dfc4f	opencitations_meta	metadata_by_omid	omid	br/06026518220	native_title_evidence	recover_title
assignment:2b0794f7d9eca47ec1204e7cc7226cef20818e35de4a383f565a2ab7beb20a48	publication_component:citation:publication:doi:10.3897/zse.97.57968.figure1	lookup:b930c9c4178dc7ce154e6583b0a5bf7d8b6b2abf11791c97978a319dcdb6a682	opencitations_meta	metadata_by_omid	omid	br/06026520469	native_title_evidence	recover_title
assignment:4e98a670967efe10bc4aa37ebfc940dfda1df04da5377d57db2fc2a1fedfc77a	publication_component:citation:publication:doi:10.3929/ethz-b-000098273	lookup:b59b25d56e30041d59e75b3993810fe2440040f273d2bdfee9127b589cb1d87b	openalex	work_by_doi	doi	10.3929/ethz-b-000098273	conflict_all_exact_evidence	adjudicate_identifier_conflict;recover_title
assignment:6d76a947dcc6296c67b155cf8d0656b40de7a3b5e7852fbbd90ffb676ebbcd7a	publication_component:citation:publication:doi:10.3929/ethz-b-000098273	lookup:e63bb4fa9aedaa1fc956344360496965374f9f9164ea2377eab607c5583edcde	openalex	work_by_pmid	pmid	25594904	conflict_all_exact_evidence	adjudicate_identifier_conflict;recover_title
assignment:602392ff866b2b7a92bfc3e7401629b367c9bd837096be5b27a067c2b5a214b8	publication_component:citation:publication:doi:10.3929/ethz-b-000098273	lookup:d85e032536d02c1b93252796ad160e20322015b5551387aafb2caf66948a0d80	opencitations_meta	metadata_by_doi	doi	10.3929/ethz-b-000098273	conflict_all_exact_evidence	adjudicate_identifier_conflict;recover_title
assignment:df4362d6a55b91218360263e5794b0f76c882a347f29831a43286e043dfd4549	publication_component:citation:publication:doi:10.3929/ethz-b-000098273	lookup:e9fb17f44411cfcc00b87e5449c18d9f6bcfcada06568bc58c1fa0eef70ba215	opencitations_meta	metadata_by_omid	omid	br/06140831499	conflict_all_exact_evidence	adjudicate_identifier_conflict;recover_title
assignment:8c6844ab1f5fcfbcef9fbc568c48c534c835eceb1663bd6f14c7a4816a0ad34d	publication_component:citation:publication:doi:10.3929/ethz-b-000098273	lookup:e3d3c0c3835c2ae10ac5aa5c00fa80f43a5f1af7328689624de0cad8b6c065f7	pubmed	record_by_pmid	pmid	25594904	conflict_all_exact_evidence	adjudicate_identifier_conflict;recover_title
assignment:e538124a9ef8a83fae2b20a77b47e1af95304b17e33cd955928a612e58ae0efb	publication_component:citation:publication:doi:10.4014/jmb.1303.03045	lookup:12b09d703ccbab672d17ceeca77aeca5e4a92579d14761ae34a22ba8f63d2c85	opencitations_meta	metadata_by_omid	omid	br/062101621479	native_title_evidence	recover_title
assignment:281bdd222a198cda5323ef059afaa6a3e6208430633d491f92dcc577976df3a2	publication_component:citation:publication:doi:10.4014/jmb.1510.10081	lookup:5af715dbdfe1e64a0688bde79df1d49b89bb4162999ed30b9f33923812f7390a	opencitations_meta	metadata_by_omid	omid	br/061901631049	native_title_evidence	recover_title
assignment:9a4822059d91254f5f8b2697542acad2b31f7385b7b6be9a6786b8570d972404	publication_component:citation:publication:doi:10.4014/jmb.1703.03013	lookup:5007c68207d5da1bb1dc455bb943a3ad893f438b02d615c4faf29ef87c87c4b6	opencitations_meta	metadata_by_omid	omid	br/061901630724	native_title_evidence	recover_title
assignment:7f15e312dabcd4273c80fda1c09af10154e82e2df8eea27293c2af596e3f624d	publication_component:citation:publication:doi:10.4149/av_2012_03_257	lookup:ce07bb5708163f6701af919971868df0ef5a18a15415f4237e0e37cd87013483	opencitations_meta	metadata_by_omid	omid	br/062603624683	native_title_evidence	recover_title
assignment:c7945aff8bf11a60bedadebf00bd69116fd8dbddcd8cb86a1e30b28ba21ab5f1	publication_component:citation:publication:doi:10.4149/av_2017_01_120	lookup:292446355036abe0759f006a3607bf536547103f634b6b2593df468cec3bff8d	opencitations_meta	metadata_by_omid	omid	br/062603624727	native_title_evidence	recover_title
assignment:54822b8b7743076c0c1d495e6b5be4ce6a8303f3c6350f87febeaf6b8c4b0272	publication_component:citation:publication:doi:10.5061/dryad.cvdncjt2b	lookup:6ca6c38b1c713b658e312baa50e31f2755c81a839033762bd897b7274e529631	opencitations_meta	metadata_by_omid	omid	br/060284818	native_title_evidence	recover_title
assignment:00f05ad8c14485369f469acf834fc647d0f0cf0ff08c28a6dab5c46052500f2f	publication_component:citation:publication:doi:10.5167/uzh-19362	lookup:0d0a353c618919ad2d625f728c44de458587084186c8ac59f903cbc6de1e968e	opencitations_meta	metadata_by_omid	omid	br/06704287821	native_title_evidence	recover_title
assignment:3e0863966e8bc9572e55ba05b59c8cac18c1904b2ee95748d9ad345f4fec0050	publication_component:citation:publication:doi:10.5194/egusphere-egu22-1632	lookup:d7eee0a834938d67c9f5d09afd6e15841460c3c06c4525be9c8040f628c21880	opencitations_meta	metadata_by_omid	omid	br/06026757825	native_title_evidence	recover_title
assignment:3a1490ff3643a472e5fb8b9f45532de4b36404cb644b996713841dcb30ee2154	publication_component:citation:publication:doi:10.5252/cryptogamiemycologie2025v46a6	lookup:f3ead3aad90399d56d2d5618cc5940dc50167f1f14dc029b7fb4f2fd4b5e72f1	opencitations_meta	metadata_by_omid	omid	br/06014446648	native_title_evidence	recover_title
assignment:226c7b69dfacaaa11763f092eaa41e343b73b9315717d9a41bf499e77b8825a9	publication_component:citation:publication:doi:10.5365/wpsar.2015.6.4	lookup:742b78f0a384d6018675a8e2d6d7b102f00288f259cd521730a658171e0b8853	openalex	work_by_openalex_id	openalex	W4236554343	native_title_evidence	recover_title
assignment:ce47680621915c993e2c77b4eb4c4c02f039aab131510578c7968e3306fe7a26	publication_component:citation:publication:doi:10.53846/goediss-8888	lookup:f0367a2421b87d51c73dbbfb1e9bcdfa6c8cc8395176749a598065029fc0a9b5	opencitations_meta	metadata_by_omid	omid	br/06026880393	native_title_evidence	recover_title
assignment:f8d57b3c2aa8ca1e29e36730f5230770bcb7b28a6e5f0affcea0f1844a8e6f42	publication_component:citation:publication:doi:10.5451/unibas-ep72445	lookup:22492af077b3b6345882001f4c37ade4578b4c6c81b274ca9496e0feb4a16bc9	openalex	work_by_doi	doi	10.5451/unibas-ep72445	conflict_all_exact_evidence	adjudicate_identifier_conflict;recover_title
assignment:301eb491fec959f0b0c762268d36c4640e2c6e979de88bf5f961b6c3c24c7aca	publication_component:citation:publication:doi:10.5451/unibas-ep72445	lookup:189882ca4a2c91e8a01dd0089ca7eed6928dc304feb9191c5aa292cc1295e5b4	openalex	work_by_pmid	pmid	31532393	conflict_all_exact_evidence	adjudicate_identifier_conflict;recover_title
assignment:9a34982eda25c26454fbf11b8032c7135ec370cea0eec6dc5d0f92d96c1d8bc9	publication_component:citation:publication:doi:10.5451/unibas-ep72445	lookup:16ea456ed3b7146a6050baa9fd076a8fb6473d4e601255e6a951e31fb27a7e26	opencitations_meta	metadata_by_doi	doi	10.5451/unibas-ep72445	conflict_all_exact_evidence	adjudicate_identifier_conflict;recover_title
assignment:37e385862711f7cdaa03329bc6194c24b358f4976765599c28ea99244debd5b4	publication_component:citation:publication:doi:10.5451/unibas-ep72445	lookup:43fbe5924d9788a8b1030ed4147c099d52cecfdc0a5f24c06ca2f51b30893fed	opencitations_meta	metadata_by_omid	omid	br/0670836728	conflict_all_exact_evidence	adjudicate_identifier_conflict;recover_title
assignment:e2f7d13ae184fb38338b5fc637e3582ae717b225e3092d809bf0c177128bf66e	publication_component:citation:publication:doi:10.5451/unibas-ep72445	lookup:318ab1d4495e05ee5a0f9e5ff6f60d873cca0c9efbf494dc49bb1694c4cf2821	pubmed	record_by_pmid	pmid	31532393	conflict_all_exact_evidence	adjudicate_identifier_conflict;recover_title
assignment:b7012066b885411ccbb2f536d084d04a3ba58214014006bf3e92d8c357d7f1c4	publication_component:citation:publication:doi:10.58465/natprobiotech.2022.3	lookup:70caedc0a5adfd032c4fe56ee76572be4636a16e2688bb79e392eba24762982c	opencitations_meta	metadata_by_omid	omid	br/062304236597	native_title_evidence	recover_title
assignment:9a79d016eb7df7238d149d6be76fdb83b110ef9e667353761939de402d6339b9	publication_component:citation:publication:doi:10.5983/nl2008jsce.38.83	lookup:0ae5d368822cf256644e761be40ad978ddeed62d0959db189fef8296437ebe18	openalex	work_by_openalex_id	openalex	W4248159328	native_title_evidence	recover_title
assignment:8bb49897cdaf2735ba2174d6713a04d482f04f2b7e70313030c9f140f8aa4919	publication_component:citation:publication:doi:10.5983/nl2008jsce.38.83	lookup:70e5dae28f048caf544d8d4e75a2e569bc1c4e1691b0b4b149edddd1698f79c2	opencitations_meta	metadata_by_omid	omid	br/06503069479	native_title_evidence	recover_title
assignment:431a84f6f2a90bf2dd998c299a7cc529e1abd5eedf2f3abbb3768351853ce404	publication_component:citation:publication:doi:10.64898/2025.12.04.692409	lookup:17bcef6747a99a51e894d8cc8d2aab56715c94516b5343c4f5abadb2014ab431	opencitations_meta	metadata_by_omid	omid	br/06014575641	native_title_evidence	recover_title
assignment:8cedcb03c596696c699fe38c024f2772d646554d25142d1bf9cec50ccadf67fe	publication_component:citation:publication:doi:10.64898/2025.12.10.693425	lookup:3a0f12953b35a5f8bdae081c37ef9518dbbf8421b11d48a10adb8a8da85452d7	opencitations_meta	metadata_by_omid	omid	br/06013144597	native_title_evidence	recover_title
assignment:71b8fc6176294c5e041447aecc3afe17f475655157c4b7a39b022c5d1431591b	publication_component:citation:publication:doi:10.64898/2026.01.03.697505	lookup:4fd6b9d96a2ec9a6dea0ae138ec1c8a907103b2b75850b9e50998d3410591e9a	opencitations_meta	metadata_by_omid	omid	br/06014507518	native_title_evidence	recover_title
assignment:136f6c054e40e8e1b15d76aae35e76f91b6c6975d5a2837002cd95926ae50b09	publication_component:citation:publication:doi:10.64898/2026.01.07.698074	lookup:0359cb2b2d9331176079ba422f1b0de9368b605b0dd59ff7e584015f0823331f	opencitations_meta	metadata_by_omid	omid	br/06012989112	native_title_evidence	recover_title
assignment:f5f9bdaa6d59bc6e21a984d4a3231ff7fe27daac3eac68af67572d7ea436a4e9	publication_component:citation:publication:doi:10.64898/2026.01.13.699300	lookup:92b7e058c7756a6addc7cd24ccc292cf24caa46f7b4dd04d84172cab2dfac3cb	opencitations_meta	metadata_by_omid	omid	br/06015429209	native_title_evidence	recover_title
assignment:27c4e8eefcd3cdf6f4b2db0eeb896465648354ad81e96222f03d34b35b20df1d	publication_component:citation:publication:doi:10.7287/peerj.10456v0.1/reviews/1	lookup:48733765a98a473a14345968983ec05044f133980529c201725e9d3bc72285d3	opencitations_meta	metadata_by_omid	omid	br/06029107767	native_title_evidence	recover_title
assignment:f90a1fa7efded58e2f8f08367cc5d869fe576cc15e01bcf1518eef0db245c92d	publication_component:citation:publication:doi:10.7287/peerj.preprints.1708	lookup:ed2dadba32dd5b9f0ca1de2c58914e8d6464ee46e85870db1fabaa1e19b824ca	opencitations_meta	metadata_by_omid	omid	br/06029113416	native_title_evidence	recover_title
assignment:7dda148ec8baf84d570d2b29ce9a66c9b55ba8c55b9cfb897b15cb31a04ffe66	publication_component:citation:publication:doi:10.7287/peerj.preprints.1895	lookup:ffdf8713b48cebdfb04f9ff9faf2fe6d08809b823ba2424ad8fe38c150cbb554	opencitations_meta	metadata_by_omid	omid	br/06029113505	native_title_evidence	recover_title
assignment:83d243895da38b15a07964f982d710df3452db46c22055572bb412edbfae8e3b	publication_component:citation:publication:doi:10.7287/peerj.preprints.1895v1	lookup:3b51062d900cedc1df25a664f63c2ebca6b10c37a4a07a837d4f88c174574dff	opencitations_meta	metadata_by_omid	omid	br/061903882017	native_title_evidence	recover_title
assignment:f3c857a2ae77dff22e633b8ce1df110a6042de6682a447e20580a8752d80f420	publication_component:citation:publication:doi:10.7287/peerj.preprints.2167	lookup:e82c3204004de99a1e56ffb5f79e5a6b0fc055a71bb5851ef5002e67b93359cf	opencitations_meta	metadata_by_omid	omid	br/06029113658	native_title_evidence	recover_title
assignment:3c2babe49fc73cf6d3a109531129501c505d8a4c109992c1b2866304bf367742	publication_component:citation:publication:doi:10.7287/peerj.preprints.2167v1	lookup:65948f39301068a1b05de23016e5ca8d00131f0a14493cc189b8f6e251db2d81	openalex	work_by_doi	doi	10.7287/peerj.preprints.2167v1	conflict_all_exact_evidence	adjudicate_identifier_conflict;recover_title
assignment:0d9e22865546f3aa2b6f5ef11652beb5f70a8cf23ad421ad85e98e016aa66b4f	publication_component:citation:publication:doi:10.7287/peerj.preprints.2167v1	lookup:74c04b303dd601c8af771a266778177ace6a40b54ca411a25b08bfae531e3d6d	openalex	work_by_pmid	pmid	27651997	conflict_all_exact_evidence	adjudicate_identifier_conflict;recover_title
assignment:418d61f80a2b00a4daca2071b425e3606f7567d824a38e4bfd7a25fa78c442a0	publication_component:citation:publication:doi:10.7287/peerj.preprints.2167v1	lookup:5c8552de35313de3f928b7dabeeb5fc2acadea84217471811958d2d1bce7d548	opencitations_meta	metadata_by_doi	doi	10.7287/peerj.preprints.2167v1	conflict_all_exact_evidence	adjudicate_identifier_conflict;recover_title
assignment:4db2ab3c65b17ba3827d4254a9693ea51ef8b6e08f907795bdef2a64169a5997	publication_component:citation:publication:doi:10.7287/peerj.preprints.2167v1	lookup:18460264b4f3ae2993609be66bace0e229a807f932712ed69b19d360b0c53061	opencitations_meta	metadata_by_omid	omid	br/062402199248	conflict_all_exact_evidence	adjudicate_identifier_conflict;recover_title
assignment:68217513428733902a30ccd1cc819118d2f69dff86a5b8b07eef7fa481a22852	publication_component:citation:publication:doi:10.7287/peerj.preprints.2167v1	lookup:a757bdaa0f0d4d7a01a48bfdd590e966d3bd1eb061e6e9de4e2356cbe373c195	pubmed	record_by_pmid	pmid	27651997	conflict_all_exact_evidence	adjudicate_identifier_conflict;recover_title
assignment:584f7f137541463db2e75baaeab6748bdf3a413675a4e4a3011d928c456055f3	publication_component:citation:publication:doi:10.7287/peerj.preprints.2444	lookup:ef952bda54cd518089b9cc159b9d58f3850811e0de2b05182f333b1091c81b9e	opencitations_meta	metadata_by_omid	omid	br/06029113798	native_title_evidence	recover_title
assignment:1ada27967cbe1322af0eff17055bf3cbdec877cca18f1aab8e658a026dd23420	publication_component:citation:publication:doi:10.7287/peerj.preprints.2444v1	lookup:f6ba463c7bffd5a100e7edf26bafe965b158158a1d970b9efdb1d4d13840ba12	openalex	work_by_doi	doi	10.7287/peerj.preprints.2444v1	conflict_all_exact_evidence	adjudicate_identifier_conflict;recover_title
assignment:30630c72fe5f5011135c17de2f55cc5eaf09cc3c822fc0a3e01d22a970019068	publication_component:citation:publication:doi:10.7287/peerj.preprints.2444v1	lookup:52721ac668e85fa7a744ddd287a43693e1e7cf766153b5d2c4aed4298dc3263b	openalex	work_by_pmid	pmid	28396824	conflict_all_exact_evidence	adjudicate_identifier_conflict;recover_title
assignment:4bdf364547b92fcb030e107ccd546adea62c9df8590516fad6981ff16e3bd110	publication_component:citation:publication:doi:10.7287/peerj.preprints.2444v1	lookup:143c8062baa75249d500c17d02430356837d0d8b48626fecc696d853eb24b977	opencitations_meta	metadata_by_doi	doi	10.7287/peerj.preprints.2444v1	conflict_all_exact_evidence	adjudicate_identifier_conflict;recover_title
assignment:4ee54bbe5fccb23df75e085e6e1863d750a8b9e878db8d76f07b3242c2d905c4	publication_component:citation:publication:doi:10.7287/peerj.preprints.2444v1	lookup:84333f445761de8d9cf9061298d4d2b8bf7a847abb619896b08c56e3c5411a2d	opencitations_meta	metadata_by_omid	omid	br/062302202107	conflict_all_exact_evidence	adjudicate_identifier_conflict;recover_title
assignment:8df59bd74485b1c71f1f1f5ee6f47b1c1750d963e6abb6cb1acbfc7023dccf02	publication_component:citation:publication:doi:10.7287/peerj.preprints.2444v1	lookup:bca669509a294a693afc8a8590f041485d1edcd631651f78e3a609945e9e3b72	pubmed	record_by_pmid	pmid	28396824	conflict_all_exact_evidence	adjudicate_identifier_conflict;recover_title
assignment:4c3a9c7326cd17c22aacce112a3ab0b951584066502a20f21a7f71ca2a34ae5e	publication_component:citation:publication:doi:10.7287/peerj.preprints.26577v1	lookup:83228fd9413adbcfa1c954f4f243be648a3fb4ff3fbbd504d460efd2a422dc98	openalex	work_by_doi	doi	10.7287/peerj.preprints.26577v1	conflict_all_exact_evidence	adjudicate_identifier_conflict;recover_title
assignment:932b25f1a8ce3d6699b6ee2b6c043136c51908961903e014efc66708094506ba	publication_component:citation:publication:doi:10.7287/peerj.preprints.26577v1	lookup:d4123caf4ad5101edd23bf4a9378e47dafb7eb8ee82c8ea6ca74f5139d3497b9	openalex	work_by_pmid	pmid	29888138	conflict_all_exact_evidence	adjudicate_identifier_conflict;recover_title
assignment:a65d17619172dd6527dd6b1b0e2c126ce47f720d824cdc5292c22df1d3daa17f	publication_component:citation:publication:doi:10.7287/peerj.preprints.26577v1	lookup:34e2322c46ae7f1edb071d061f364b24ca968769231d518b46ea7188fb9c8026	opencitations_meta	metadata_by_doi	doi	10.7287/peerj.preprints.26577v1	conflict_all_exact_evidence	adjudicate_identifier_conflict;recover_title
assignment:d110be99130e6b1bfa15c70b3b127483fe8eb51070c398a923ea6ba26d1f75c2	publication_component:citation:publication:doi:10.7287/peerj.preprints.26577v1	lookup:54fc974f63e288f6f7b2ce04d337b5adfb1f9382287748bcce8f51ffa69474a2	opencitations_meta	metadata_by_omid	omid	br/062102201816	conflict_all_exact_evidence	adjudicate_identifier_conflict;recover_title
assignment:04ecc5fb70d899bffd50ed183dbf91aec93e20323417d00d83d1750f7033dfa0	publication_component:citation:publication:doi:10.7287/peerj.preprints.26577v1	lookup:3ff7a8f4eccd3e5a198c147f5031f70d55010319f5a2451a9ddd5ea7672ffddb	pubmed	record_by_pmid	pmid	29888138	conflict_all_exact_evidence	adjudicate_identifier_conflict;recover_title
assignment:566767a8a9b3c63b30f531f9500a5c1a203153ac7d0adc2238f36adf02113486	publication_component:citation:publication:doi:10.7554/elife.05055	lookup:7feb294cd2b250f7b19ccbb787791fb77ad1b03adadee525eeb920e9d8cca2ff	openalex	work_by_doi	doi	10.7554/elife.05055	conflict_all_exact_evidence	adjudicate_identifier_conflict
assignment:5627c23a75a54870cb0185a86f2e2f994a2a8b41dd94be6c014c47bb221ddc7b	publication_component:citation:publication:doi:10.7554/elife.05055	lookup:96104551e2bab2aca505510b840ccd426a8cb51099cda2bdbbcd0aa417ec5373	openalex	work_by_openalex_id	openalex	W2148594363	conflict_all_exact_evidence	adjudicate_identifier_conflict
assignment:6ca50b7365ea1ce58f85cd539399fdfd62d1c5ccd459db1fd4c631037c4a1fc8	publication_component:citation:publication:doi:10.7554/elife.05055	lookup:e63bb4fa9aedaa1fc956344360496965374f9f9164ea2377eab607c5583edcde	openalex	work_by_pmid	pmid	25594904	conflict_all_exact_evidence	adjudicate_identifier_conflict
assignment:e63ea5c8fbf0580c0c1324b68af39675718dfdcc52c78b8503b7ff6c88b77778	publication_component:citation:publication:doi:10.7554/elife.05055	lookup:3effb48ad6126948c59d7bfc420a6ceecff600f9abdc4e2ccc4b704b5b0e8af8	opencitations_meta	metadata_by_doi	doi	10.7554/elife.05055	conflict_all_exact_evidence	adjudicate_identifier_conflict
assignment:cf02494c6d99ac999070e867bd771075e2f941aa01abebc73ee4cbe34e11b55f	publication_component:citation:publication:doi:10.7554/elife.05055	lookup:e3d3c0c3835c2ae10ac5aa5c00fa80f43a5f1af7328689624de0cad8b6c065f7	pubmed	record_by_pmid	pmid	25594904	conflict_all_exact_evidence	adjudicate_identifier_conflict
assignment:d176436de4eb8824f59c51806ef152178b5abc5d79f87ad193c1060dc40b0669	publication_component:citation:publication:doi:10.7554/elife.16758	lookup:9857b228d039f910422c195f4528e47effcfebec8117528524ec2a7e8583fdb4	opencitations_meta	metadata_by_omid	omid	br/06130828933	native_title_evidence	recover_title
assignment:9159ec308e1f3d912bc804ac3eae118e60973edc1293e51a253e9f370839a923	publication_component:citation:publication:doi:10.7554/elife.44205	lookup:53739e7932d31c3deedc1f5736fb5d18b718ef87131746e08546bb3e98d12028	openalex	work_by_doi	doi	10.7554/elife.44205	conflict_all_exact_evidence	adjudicate_identifier_conflict
assignment:314f38e783bf0cfb9ae12323472fa4eda77c762cf3dcd644b13182362a73d9ae	publication_component:citation:publication:doi:10.7554/elife.44205	lookup:7e25ceec318d1267e2ff997272470d16d97d0111a57ca276b9b72be8038e1dde	openalex	work_by_openalex_id	openalex	W2973824500	conflict_all_exact_evidence	adjudicate_identifier_conflict
assignment:5925b8a4c501d735243c158b089365a9aac1e3c320006653017e9a55a1c63762	publication_component:citation:publication:doi:10.7554/elife.44205	lookup:189882ca4a2c91e8a01dd0089ca7eed6928dc304feb9191c5aa292cc1295e5b4	openalex	work_by_pmid	pmid	31532393	conflict_all_exact_evidence	adjudicate_identifier_conflict
assignment:e55dbe689c87ce1c3484a9a0b9c760f1f5b96cb41dd7db198bce35c3bced49d7	publication_component:citation:publication:doi:10.7554/elife.44205	lookup:c1dfd47f2930582743ba3adfa230cfc8642d95a06515eafbdefbd0f4e829627b	opencitations_meta	metadata_by_doi	doi	10.7554/elife.44205	conflict_all_exact_evidence	adjudicate_identifier_conflict
assignment:e0344119172433f2dcb8511f1deae4dbbaf8820af12d478119a2e89c50e212c5	publication_component:citation:publication:doi:10.7554/elife.44205	lookup:318ab1d4495e05ee5a0f9e5ff6f60d873cca0c9efbf494dc49bb1694c4cf2821	pubmed	record_by_pmid	pmid	31532393	conflict_all_exact_evidence	adjudicate_identifier_conflict
assignment:ef6f7890f9ec6cd8ef91ba8c6c0ce130fb20cc9c2622dde04ef272e75daef711	publication_component:citation:publication:doi:10.7554/elife.53348	lookup:208e35bdf96ccc7632f2b97e91384891837342ae9d351ac3492b5f34984bc83b	opencitations_meta	metadata_by_omid	omid	br/0670836246	native_title_evidence	recover_title
assignment:d54ea8509e4bc1fef92c4cc513c6cabeaaca3a5f688bbb6fb5a85db69855edc6	publication_component:citation:publication:doi:10.7554/elife.55136	lookup:12ff1a5baae58186e77a3c50c9aec5a089301a1e24612e4803e8fef0a07aa9aa	opencitations_meta	metadata_by_omid	omid	br/0660841074	native_title_evidence	recover_title
assignment:c31f4bb46cfdecd322ac367c64ef843a895ba9b139b38d6b3f9a005f4be78752	publication_component:citation:publication:doi:10.7717/peerj.2437	lookup:406def4fc69930661888e2fe1d86d3a3be3512f7a440ca48fb513b5576078ef4	openalex	work_by_doi	doi	10.7717/peerj.2437	conflict_all_exact_evidence	adjudicate_identifier_conflict
assignment:b28e0768d43d3b12b0e2335fd8b49a80b220aface9ed98419b8dee6e7af8c81c	publication_component:citation:publication:doi:10.7717/peerj.2437	lookup:e9efe82ddf372c08d6089f54fa942b4f753e404e876a49b62964c6a18c1e0c06	openalex	work_by_openalex_id	openalex	W2472973506	conflict_all_exact_evidence	adjudicate_identifier_conflict
assignment:e7fde33053c41c781c6754286d4befec10163b95e7a2613885597e2f27174f55	publication_component:citation:publication:doi:10.7717/peerj.2437	lookup:74c04b303dd601c8af771a266778177ace6a40b54ca411a25b08bfae531e3d6d	openalex	work_by_pmid	pmid	27651997	conflict_all_exact_evidence	adjudicate_identifier_conflict
assignment:11f6a99a500eda00bc08b39160f4bc4f381e30e1bda61d05486bb3872ba9808d	publication_component:citation:publication:doi:10.7717/peerj.2437	lookup:8bd37dc27eb504e51eb633a23095659637589cf172632be161002116bc5531b6	opencitations_meta	metadata_by_doi	doi	10.7717/peerj.2437	conflict_all_exact_evidence	adjudicate_identifier_conflict
assignment:d478d0487a9c2da5ac71d609936ea35ab7305bf63c591dccd1b24697003832e2	publication_component:citation:publication:doi:10.7717/peerj.2437	lookup:a757bdaa0f0d4d7a01a48bfdd590e966d3bd1eb061e6e9de4e2356cbe373c195	pubmed	record_by_pmid	pmid	27651997	conflict_all_exact_evidence	adjudicate_identifier_conflict
assignment:fc448f942fd34f55743e120cf00041fea841088ebd2621691a98dd59162d6969	publication_component:citation:publication:doi:10.7717/peerj.3145	lookup:13c0d132df9ce81abe7a1be4c8288f14817df3e31d152b3edf72d4942fbab346	openalex	work_by_doi	doi	10.7717/peerj.3145	conflict_all_exact_evidence	adjudicate_identifier_conflict
assignment:9e426cee6d83ba6fbee8f21f2061ffda4de8aee71d33dd38d4f1485681fa33b5	publication_component:citation:publication:doi:10.7717/peerj.3145	lookup:013c41ef1303830dd9fe4851255af925fc1a7c168adcb2878893c45262183834	openalex	work_by_openalex_id	openalex	W2560495119	conflict_all_exact_evidence	adjudicate_identifier_conflict
assignment:d4cb27b9f734c53f7d3dce87e634ef605e867905de7fa4dfa9d3e9cc20674642	publication_component:citation:publication:doi:10.7717/peerj.3145	lookup:52721ac668e85fa7a744ddd287a43693e1e7cf766153b5d2c4aed4298dc3263b	openalex	work_by_pmid	pmid	28396824	conflict_all_exact_evidence	adjudicate_identifier_conflict
assignment:0ccae3abac01e01f5bf9e233a2826e7649aaa00b47c8183031b994ec71d8a316	publication_component:citation:publication:doi:10.7717/peerj.3145	lookup:a2ff6ef61b7140a055750add0e01b660be316c17ce7f8e9667d82b76e6d4aa12	opencitations_meta	metadata_by_doi	doi	10.7717/peerj.3145	conflict_all_exact_evidence	adjudicate_identifier_conflict
assignment:ada6415fb8c22fadbada90ccb05a800cc77d0362e0b6df481e296cb1933ea250	publication_component:citation:publication:doi:10.7717/peerj.3145	lookup:bca669509a294a693afc8a8590f041485d1edcd631651f78e3a609945e9e3b72	pubmed	record_by_pmid	pmid	28396824	conflict_all_exact_evidence	adjudicate_identifier_conflict
assignment:336f6e0e6cd8848f64a75a77074cebae885705f76bd01b294d71f35bfb1a3682	publication_component:citation:publication:doi:10.7717/peerj.4234	lookup:77cfdc258d2d5202e3c2a9b44e97095308b7ba337485a9bdf2b4c707561ff6c1	openalex	work_by_doi	doi	10.7717/peerj.4234	conflict_all_exact_evidence	adjudicate_identifier_conflict
assignment:6c7ee4fd777d32c8bfb91a3083ba5e0b571fbe810d318eb10de7218df3072772	publication_component:citation:publication:doi:10.7717/peerj.4234	lookup:0a3592ae4496ef046b3119699b409ea1bdb4ac80e89071d6dce4bd3e5255a8a3	openalex	work_by_openalex_id	openalex	W2952744087	conflict_all_exact_evidence	adjudicate_identifier_conflict
assignment:ab09f44a85a3b4e14de975bd55a055e468e83a86bac8372c27f441ec4914164b	publication_component:citation:publication:doi:10.7717/peerj.4234	lookup:369e4aa3c11012288544610ffc3ee716058a89b43d7a4bc550367ef3ce8a187e	openalex	work_by_pmid	pmid	29372116	conflict_all_exact_evidence	adjudicate_identifier_conflict
assignment:acdfc2bfa733594162c0dca95f2b7be8d94cd167747a5e365ef8ceaf36a06ad0	publication_component:citation:publication:doi:10.7717/peerj.4234	lookup:2b869e811d901342e6fe06f7f8c45805437db8404b0673623be52349715345b4	opencitations_meta	metadata_by_doi	doi	10.7717/peerj.4234	conflict_all_exact_evidence	adjudicate_identifier_conflict
assignment:1268359643b23b76acde09f29320140b2603d8b4d04b204dda38331573200fa6	publication_component:citation:publication:doi:10.7717/peerj.4234	lookup:d8dd6f7729886315d15c0157dd7c3ec8fcb4de042aace577c178edb56ed25b89	pubmed	record_by_pmid	pmid	29372116	conflict_all_exact_evidence	adjudicate_identifier_conflict
assignment:0569670d5c1affe528aa99ae39a0dc436575bfd8bb9045c28587570fddc4fe08	publication_component:citation:publication:doi:10.7717/peerj.4953	lookup:28abecc4f66e1e1492e5941d170959c7c45aeb0fa3b834c61aca4536a8dc826c	openalex	work_by_doi	doi	10.7717/peerj.4953	conflict_all_exact_evidence	adjudicate_identifier_conflict
assignment:125470a2585c5408974e43a272e4649b3ebb3fdc3b524cb700f5d320edb734b6	publication_component:citation:publication:doi:10.7717/peerj.4953	lookup:9fd61c82587414df3d8236e587dd4048aef905cc691da8adefb2fc81fcfdd3c1	openalex	work_by_openalex_id	openalex	W2788887394	conflict_all_exact_evidence	adjudicate_identifier_conflict
assignment:04fffaa1c8170e216124aefc67ed93afe909f32f56346742104b0511f4dfa0c5	publication_component:citation:publication:doi:10.7717/peerj.4953	lookup:d4123caf4ad5101edd23bf4a9378e47dafb7eb8ee82c8ea6ca74f5139d3497b9	openalex	work_by_pmid	pmid	29888138	conflict_all_exact_evidence	adjudicate_identifier_conflict
assignment:a2634498994cfd8c4efd9900b59961b091de92c81ec314061867deb9031b4489	publication_component:citation:publication:doi:10.7717/peerj.4953	lookup:ecafc599a4a8f554a6c67f29ebcaab613a4c72b3036dccc4fadd06c36a92e34b	opencitations_meta	metadata_by_doi	doi	10.7717/peerj.4953	conflict_all_exact_evidence	adjudicate_identifier_conflict
assignment:77c20eaee0e383923d437b36e9f125f79b617158904ea349dcfb3de3375ceccd	publication_component:citation:publication:doi:10.7717/peerj.4953	lookup:3ff7a8f4eccd3e5a198c147f5031f70d55010319f5a2451a9ddd5ea7672ffddb	pubmed	record_by_pmid	pmid	29888138	conflict_all_exact_evidence	adjudicate_identifier_conflict
assignment:1c2c88b2bf6c8502d38a3b4904a9169c9c85861902d8962433827a88b98009ad	publication_component:citation:publication:doi:10.7717/peerj.642	lookup:90e15933132c556906c1edfb7866c21ab81a792d91cd8e5f56b221631c684636	openalex	work_by_doi	doi	10.7717/peerj.642	conflict_all_exact_evidence	adjudicate_identifier_conflict
assignment:f8b099a8cb7e9316553800290652c787480797fdb003775b40678496da2682d8	publication_component:citation:publication:doi:10.7717/peerj.642	lookup:431a1d7a62dda234ff4551c7fdd0cef468e6f3816d61698b5463170ec4467d41	openalex	work_by_openalex_id	openalex	W2144376678	conflict_all_exact_evidence	adjudicate_identifier_conflict
assignment:d24ca863139caa1e25da6108e8425782aa702aa38b90b034aeb4b277acbc9ee2	publication_component:citation:publication:doi:10.7717/peerj.642	lookup:f0f167bc35b2ac0776c2ef86127b1c75e8028f365de884fbb5769ec4af6975e1	openalex	work_by_pmid	pmid	25374784	conflict_all_exact_evidence	adjudicate_identifier_conflict
assignment:d5637b69e60b14f2e6721ba626548eb4ea928b6af70435b4c1d38e9d6f57f430	publication_component:citation:publication:doi:10.7717/peerj.642	lookup:9607f606e9cec19f810a75f187d15f56a92d72c45d18ac719511a4d06a565c5a	opencitations_meta	metadata_by_doi	doi	10.7717/peerj.642	conflict_all_exact_evidence	adjudicate_identifier_conflict
assignment:d69db1ec5d37ecbd150027b04cf3c5f2eff449d9803d4c5e9b7e2747710dd92e	publication_component:citation:publication:doi:10.7717/peerj.642	lookup:879bbc3721a3e4523797677fd039e1b46667655785853364ee4fc8bcff09b3d7	pubmed	record_by_pmid	pmid	25374784	conflict_all_exact_evidence	adjudicate_identifier_conflict
assignment:5ba85990a79e1be792482c0047db3434eda6290574ff9fae9c94ce84ea145442	publication_component:citation:publication:omid:br/06022949667	lookup:e505477628e3da52a93fe2161666a51256097328583a3a5bc74a9b5dc148802e	opencitations_meta	metadata_by_omid	omid	br/06022949667	native_provider_identity	recover_title;resolve_provider_identity
assignment:1990347ea59c16cc40733c7dea057c583c485c4cbeb0d9f870a705ff9e213c67	publication_component:citation:publication:omid:br/06022966454	lookup:a0e3e89294cf3150a60c27cdfa33a7d493fc9895785d0eafa8ac2a9971361201	opencitations_meta	metadata_by_omid	omid	br/06022966454	native_provider_identity	recover_title;resolve_provider_identity
assignment:cb3fb89adf03ec8979fda138a16e63f363dcd3536b5addfc662cd9e76f09ce21	publication_component:citation:publication:omid:br/06022980720	lookup:9033e586133aa902e9688ada4a87d8566e4bd96b624b806889418bf1b248541a	opencitations_meta	metadata_by_omid	omid	br/06022980720	native_provider_identity	recover_title;resolve_provider_identity
assignment:7a07d871b8adaca88919cd07184bfd2004d341b6a73dbb77f1186b5c603eece7	publication_component:citation:publication:omid:br/06023013278	lookup:79d796095a8bde2dd14703cbe8e40a5224f5c4c290b711a9d7775fd6d8e15121	opencitations_meta	metadata_by_omid	omid	br/06023013278	native_provider_identity	recover_title;resolve_provider_identity
assignment:a7155cd92885ca383ae8c9c98b426ed52374e5915716d5e98cb8e42861f179f9	publication_component:citation:publication:omid:br/06023045149	lookup:201726b8b469d209643c2a85daee05b14ea0f564a1d9945a448116533b35e7b9	opencitations_meta	metadata_by_omid	omid	br/06023045149	native_provider_identity	recover_title;resolve_provider_identity
assignment:86f69db1d1f6c0ef43e1cc6d700b8e06f9772080f5c1a57905bcf5d99a027cc0	publication_component:citation:publication:omid:br/06023050878	lookup:0ee239479ed40cc7a715af4af22603f56c3b3c834fc9d695e1b9bb661c5bce8b	opencitations_meta	metadata_by_omid	omid	br/06023050878	native_provider_identity	recover_title;resolve_provider_identity
assignment:10a75269948ac446f018797c13530f537e94dc784cedacb23cdd60010eeee3ca	publication_component:citation:publication:omid:br/061803881380	lookup:89ad97dddec5fb2fdfb7fdd2e78274962a44cf6eb1ffa89b1d251a8a083cd46c	opencitations_meta	metadata_by_omid	omid	br/061803881380	native_provider_identity	recover_title;resolve_provider_identity
assignment:ed5f368274d0ab38985c00af2d5a21166e1e9b3d7cbfd79d63c8eec1a20decb5	publication_component:citation:publication:openalex:W1018644608	lookup:d13a0e5678675c53682bb13b58938a49db5ff66dfceb7af4b3d2041e4091cde1	openalex	work_by_openalex_id	openalex	W1018644608	native_provider_identity	resolve_provider_identity
assignment:4260bde976736df583b8cd7ba0e75c600b6210f30de50d9170cc7c71af28ef76	publication_component:citation:publication:openalex:W1020120	lookup:9c629b35254c78701cfddfd5bf673106aa87595124cfb801c1b398dfd866c1cf	openalex	work_by_openalex_id	openalex	W1020120	native_provider_identity	resolve_provider_identity
assignment:87229bd36e00a5767a5a1902b7bb2094938a8fa19fbd6f70ba81f3f144b00f57	publication_component:citation:publication:openalex:W112519257	lookup:b04f81d5316cf43ca041d241e81c07e9605d791cffea20f7502890b21c24c2e4	openalex	work_by_openalex_id	openalex	W112519257	native_provider_identity	resolve_provider_identity
assignment:bc3831990df2cd983cb6ca77bd0817610032a363df5fe8d944affc55e9e7d5e8	publication_component:citation:publication:openalex:W1130941929	lookup:ee7a4a04682ce05826e58f220672a11d84e6b589dfd6a2a44e8834e9b5368d7d	openalex	work_by_openalex_id	openalex	W1130941929	native_provider_identity	resolve_provider_identity
assignment:97ff7e95bcf3e0b2175df6d3bcb86eedfda9468874e40f0ade265128560c73ab	publication_component:citation:publication:openalex:W11883565	lookup:8ef9fe3257744041fda57e7184398fafcb094455bdeb20a4962ee168f2c58b2a	openalex	work_by_openalex_id	openalex	W11883565	native_provider_identity	resolve_provider_identity
assignment:11a1cfdf052261ea9dbe9c5ace1b6b47e53003403f41c88c44d3e537b96a19e8	publication_component:citation:publication:openalex:W1204126625	lookup:0174ac7a5747254297d30f6e9ddacbb7e46705039b2d4c78b907d7754aedb4a9	openalex	work_by_openalex_id	openalex	W1204126625	native_provider_identity	resolve_provider_identity
assignment:0455da29b4cb2405ba2735786c973ff6af3bed63c5ed23c9a40e50231b2659e4	publication_component:citation:publication:openalex:W122863936	lookup:adca8891e4f15fb82c197e1eb83b58addb45f891ed6a8b48c547f76e71124717	openalex	work_by_openalex_id	openalex	W122863936	native_provider_identity	resolve_provider_identity
assignment:dd8ca133705fb7371bb42ed89db45d7333d26c34efbd7289325bb11ccc752d2f	publication_component:citation:publication:openalex:W1256353590	lookup:b7bb91143c420d57ea11ef2912c9d388029c8f58ea362fdc1e36fb71df93d4c6	openalex	work_by_openalex_id	openalex	W1256353590	native_provider_identity	resolve_provider_identity
assignment:ca94e3b63dea806f0ce5fdd4e619f85c6dc786840928517bf22af902cf7d8958	publication_component:citation:publication:openalex:W136096659	lookup:05111ba1e097e7a82a9fb331d69383caedebcf420f2006d195935c5940220832	openalex	work_by_openalex_id	openalex	W136096659	native_provider_identity	recover_title;resolve_provider_identity
assignment:e9313e8db8d4895cb8eb45b21f679aa1488babddfb168484f6154e8a79663250	publication_component:citation:publication:openalex:W144590366	lookup:61af71476e732ec2312dfa24c711afc48a9c4e2b0559062ae84d3d42681355d4	openalex	work_by_openalex_id	openalex	W144590366	native_provider_identity	resolve_provider_identity
assignment:4e0bc6ef725e5fc9b79100779f33451d98b5a6a9ca19fb1416a0dfa2a62faf56	publication_component:citation:publication:openalex:W1484194052	lookup:1b1d0fcdeb606aac5899392b0962a0f4363dea0159571fcd577438012741d1eb	openalex	work_by_openalex_id	openalex	W1484194052	native_provider_identity	resolve_provider_identity
assignment:02751899f4fa51c86dd210da9a41f2faaae0efb8136f3227c978bba5f8ed2d38	publication_component:citation:publication:openalex:W1487831158	lookup:6661bef4239f06808fe8b89390f0530d6d59026c217b1ddb9a3d84bce6685a96	openalex	work_by_openalex_id	openalex	W1487831158	native_provider_identity	resolve_provider_identity
assignment:b09c6dc3fff0c24f150b29df3ab8a79e9c368d61a39c4f0ba567dda7b90fe513	publication_component:citation:publication:openalex:W1495846593	lookup:f00679f8d60b99fcce42c176829f5c409650c3ab128341af0851c240bdd7fb45	openalex	work_by_openalex_id	openalex	W1495846593	native_provider_identity	recover_title;resolve_provider_identity
assignment:ed74771c87ea8df4b2841816f449fab1e631755bc5a3203e10e79fa5cf909605	publication_component:citation:publication:openalex:W1518345368	lookup:dd8e6d10d80fc6fc03f20ade2f896548eb8f3b31a0c98f0ea7a0dde2deb3586d	openalex	work_by_openalex_id	openalex	W1518345368	native_provider_identity	resolve_provider_identity
assignment:f05f9392714b7a5210d752ecf5d981022da0a917fadddcbb47d8f575587b9f73	publication_component:citation:publication:openalex:W1520961608	lookup:c86617e15e956b3d61158de9cd598b50cb69ee48145d1a6be21d99e3916e7bde	openalex	work_by_openalex_id	openalex	W1520961608	native_provider_identity	resolve_provider_identity
assignment:b8a891bad60f83fa023d14ebd4a0c51a18ee81c2fbd40429cfbd3c1b77b057ea	publication_component:citation:publication:openalex:W1524398723	lookup:f9edf10fa646abba244dbf768af924b48227a77d72e413fb028c4259544e56a3	openalex	work_by_openalex_id	openalex	W1524398723	native_provider_identity	resolve_provider_identity
assignment:f09f50f9a9fe7809e33157d1139d4d875d44f320e4ca51b660825f514bb16f89	publication_component:citation:publication:openalex:W1525734744	lookup:cb85c2df5b37fc25df2b9936d1e785465865ae32669bbad58c766d7edb17acbb	openalex	work_by_openalex_id	openalex	W1525734744	native_provider_identity	recover_title;resolve_provider_identity
assignment:6ec79919eaf0c7c92c64a463ecc45861a7517c953fdd96991ee9423a381e3f7a	publication_component:citation:publication:openalex:W1529337270	lookup:d2bcbed1b14a283cd75276bc093c94b54330b4eda6c42da53f22900680c45f6f	openalex	work_by_openalex_id	openalex	W1529337270	native_provider_identity	resolve_provider_identity
assignment:0c8c86c3fba40cd8acb3db1a277b869de0710ac7e4b33b3186898b5ff5931217	publication_component:citation:publication:openalex:W1534406401	lookup:6a4e30ab0d2b24c6efb791d351c828cc240f91d1413b73005000e0d5ee57b9cf	openalex	work_by_openalex_id	openalex	W1534406401	native_provider_identity	recover_title;resolve_provider_identity
assignment:69f6f5ef6d30ed8be77408038a03e8efd976f98b392cd939739d8d10b3e7611b	publication_component:citation:publication:openalex:W1552307298	lookup:348250b874442f7d92a29e604d58cc7a47c292b98356499187d25c657f26ce5e	openalex	work_by_openalex_id	openalex	W1552307298	native_provider_identity	resolve_provider_identity
assignment:da5620c5d0153bb4ec9c36f01060e752620076833b62112d2e703ec3b9f89f8f	publication_component:citation:publication:openalex:W1555986815	lookup:98bd858d2e26cd45879d847fa625ce9f42ad79e1721bce0f0fbf1f573cd545c1	openalex	work_by_openalex_id	openalex	W1555986815	native_provider_identity	recover_title;resolve_provider_identity
assignment:51d9fc3cb5c542bc250e0e42b8508931dcd576e964ca687668e0ec36671f1c93	publication_component:citation:publication:openalex:W1557460561	lookup:3341d9122f6727696666b6fcca6315e920071ed2737fa1448d540994140158e0	openalex	work_by_openalex_id	openalex	W1557460561	native_provider_identity	resolve_provider_identity
assignment:b4bee3c3417a0be61803532577638f12174abf3784216e2d1760c83222827a32	publication_component:citation:publication:openalex:W1562239266	lookup:0cfb65909ac40d5bbc8fe150bd57c7db0b79f59a3c0b62f48988d4904f270757	openalex	work_by_openalex_id	openalex	W1562239266	native_provider_identity	resolve_provider_identity
assignment:0ab04d6d82a738f5b59a79057997e4c51a3044ee5b20190cedab10edf67d1632	publication_component:citation:publication:openalex:W1570708476	lookup:1e7787b472df987fa056d03bf85e3f37813ed9636efca20d2085ed96ffec57e6	openalex	work_by_openalex_id	openalex	W1570708476	native_provider_identity	resolve_provider_identity
assignment:ede6f4a02cb7900b672913e65ba1967633780e09c74a7a8ec575db1a0b177cba	publication_component:citation:publication:openalex:W1574620970	lookup:f38bc6a23b13e8cad6f13ff073b372e4bebdf4e092e23e4fe35f105943b02447	openalex	work_by_openalex_id	openalex	W1574620970	native_provider_identity	resolve_provider_identity
assignment:3ba39677d95b872ff222514243251cd02f7e8ad98e22235e489e1dfdb215ed97	publication_component:citation:publication:openalex:W1575292542	lookup:c9d4dd1f774503db0e20bafde2fd44f49d55cae4b47a0343843e840b297d0fac	openalex	work_by_openalex_id	openalex	W1575292542	native_provider_identity	recover_title;resolve_provider_identity
assignment:fcbc0c949ba8dcae9801c3b5790d7e771b37f83b00495629402b7c77fe921188	publication_component:citation:publication:openalex:W1577683190	lookup:212c3fc70ddccdc280c6cfe1cbf245365720aad0eb43af974c05c56267f5dca9	openalex	work_by_openalex_id	openalex	W1577683190	native_provider_identity	recover_title;resolve_provider_identity
assignment:3dcfb9bbfd4134ed58934e5f2ccd4bf4308fb974b815cca096cc9998087d0d1d	publication_component:citation:publication:openalex:W1579352620	lookup:6de849eb9da693a688816b452558c660102453c43002e8ece52e053ae5ff81b4	openalex	work_by_openalex_id	openalex	W1579352620	native_provider_identity	recover_title;resolve_provider_identity
assignment:32c0d4d631351bf32b1c2ea58680613dda56dde5a3b2ac1c99729bf349de0d12	publication_component:citation:publication:openalex:W1593676244	lookup:3ae05ea45a4fba14587390b3c12143e89c154339450128dc9f8b9484b357967a	openalex	work_by_openalex_id	openalex	W1593676244	native_provider_identity	recover_title;resolve_provider_identity
assignment:882d4f82673366effab440bac60b1565e0b4daea47eb6191b1921995534cf6e5	publication_component:citation:publication:openalex:W1597219604	lookup:7ff7c78ade9fe9616ed88d790cf7aa77416a98395a48bcdb562b048cba61bd61	openalex	work_by_openalex_id	openalex	W1597219604	native_provider_identity	resolve_provider_identity
assignment:3491a1f9271c655ded83a7c6f6a215a648e7c38805c4d917183a34daca2bb891	publication_component:citation:publication:openalex:W1602259877	lookup:6dc15bfd0f7c3aa8c31e13a4b87a1956fa0f9036bdaee662eec28aa237e7568f	openalex	work_by_openalex_id	openalex	W1602259877	native_provider_identity	resolve_provider_identity
assignment:da3e4705a5c2d7b3c967bc02c2b4c1df057e3d35d03e1824f687e441b09e0801	publication_component:citation:publication:openalex:W16530808	lookup:7d0b8694e9640f88ca49a02841f5aaa6fea58a8dcc83927073dbf321043266cb	openalex	work_by_openalex_id	openalex	W16530808	native_provider_identity	resolve_provider_identity
assignment:a12b44c00f59f2a13f651e6dfc921e6845059120a117e3cf6577b977a0485ec7	publication_component:citation:publication:openalex:W1668487814	lookup:f8d3c813ff821e1973e7dc748659aa2f4ba1e2a362ff174999443bf870836cca	openalex	work_by_openalex_id	openalex	W1668487814	native_provider_identity	recover_title;resolve_provider_identity
assignment:c3ea1f8f84d2c3c75fb2860d9a14ee2b069cf12e285b2a5405173ad994c1191e	publication_component:citation:publication:openalex:W166934360	lookup:ee30d69e184119c09522683692c9dbb2f96c1e3ff6e9b4cd815ae696a150e8f7	openalex	work_by_openalex_id	openalex	W166934360	native_provider_identity	resolve_provider_identity
assignment:982e8c253a986d9cf749def23f019986a028ecedaa2d19d081a0ad6a25ddb1c0	publication_component:citation:publication:openalex:W1758545817	lookup:1518791ddb5cfdcc12551c03e41caafe878357ea424cfec2300272a6def7e666	openalex	work_by_openalex_id	openalex	W1758545817	native_provider_identity	recover_title;resolve_provider_identity
assignment:0d1a4b302bdff981f248910252f16c159d18a4ffc58c8074ffb4b8fdff1ffbce	publication_component:citation:publication:openalex:W1770147356	lookup:a3d045fc3117faa82a32b7a944871f815d489eb2cdfc46e87d39620cde163d5e	openalex	work_by_openalex_id	openalex	W1770147356	native_provider_identity	resolve_provider_identity
assignment:6a66e5cf4b8064adc35ee1924bbe9153c05d3ff77f313943ef604755d28c4eb0	publication_component:citation:publication:openalex:W1800636980	lookup:f8ef62abdaabce04fd16a4b271b9d04597a2a3ecd1f33dc54d03379ddb9e8678	openalex	work_by_openalex_id	openalex	W1800636980	native_provider_identity	recover_title;resolve_provider_identity
assignment:bd76ce9ca0189667ab295f7d105e18fda35a49dd7f5846de64ac5a04c6044f5e	publication_component:citation:publication:openalex:W1817385113	lookup:aee4011620259fd2296d6208fcb1631bf84eb6223ebcab7bb01cc754c1dd68cd	openalex	work_by_openalex_id	openalex	W1817385113	native_provider_identity	recover_title;resolve_provider_identity
assignment:9a47fefdca116344ed148685b4b2fcb55609f7a73e3fa9126c1e9d5d6e3274aa	publication_component:citation:publication:openalex:W1827709268	lookup:0b1b24586d84ec6a29f6bbb35216e7f665f315719d74b09a6388826d31071149	openalex	work_by_openalex_id	openalex	W1827709268	native_provider_identity	recover_title;resolve_provider_identity
assignment:8542d86a13813ef64b9f32ebbbcdef8191171ecf2dd9542e7cc02370359087f5	publication_component:citation:publication:openalex:W1838380626	lookup:06b6f4655b8b8a21190a3f4b231207cb8ab70c274822367b6bbc21e3a3afa928	openalex	work_by_openalex_id	openalex	W1838380626	native_provider_identity	recover_title;resolve_provider_identity
assignment:2ba744d4ac919775b26f4e84fee768183ad60c15f96de4333884f9c3190b97a1	publication_component:citation:publication:openalex:W1844951369	lookup:49c89c2190a6c1790821c2856cf0f5c1641deb117870c1678e3f15cb4674af8f	openalex	work_by_openalex_id	openalex	W1844951369	native_provider_identity	recover_title;resolve_provider_identity
assignment:c047175199f4409b40ccdda5039d246715c1282dd70ee42de383771d13b7552b	publication_component:citation:publication:openalex:W1846782763	lookup:393436054e676b5ecf571f559bda825484e409cc0f39aa4f630acbaa8e7b0ba0	openalex	work_by_openalex_id	openalex	W1846782763	native_provider_identity	resolve_provider_identity
assignment:2f7b30aeba2505c7315577dd18a86bfb123fbbb2a090472c087e3fe0f408ffde	publication_component:citation:publication:openalex:W1853989166	lookup:3cd35ec229bd55aa651610a476b668773d95e5c7f8761fdc6f02214d220e2e85	openalex	work_by_openalex_id	openalex	W1853989166	native_provider_identity	recover_title;resolve_provider_identity
assignment:e86afc7ebd97a3ce585a621855c3350e240f437c0db0af6fc98e3cdcf958abde	publication_component:citation:publication:openalex:W1874771495	lookup:fda3fdd890a5c1c36420f2d0136f36044b091c138817a20b8baed0533fb22e94	openalex	work_by_openalex_id	openalex	W1874771495	native_provider_identity	resolve_provider_identity
assignment:f6f79824830c173f85c088aabf9d92b1835262eb820cdfc5cdde34737b653ea2	publication_component:citation:publication:openalex:W1881807356	lookup:3cc9c0d30e5a5182c2600079c18fe7b6686d6385f63c8bf18b2859700be9e6ff	openalex	work_by_openalex_id	openalex	W1881807356	native_provider_identity	recover_title;resolve_provider_identity
assignment:ab27786a34b3f2d1f4ba76f8b1da113890453cd99c6c2054453e05fd3d5c67c7	publication_component:citation:publication:openalex:W1898801155	lookup:857de221734ebd9ae4dff75845b53d3c63f48c69c9dc8435f9f4fe33fad877e0	openalex	work_by_openalex_id	openalex	W1898801155	native_provider_identity	recover_title;resolve_provider_identity
assignment:f12f739e8b849a534f75a379bb0f79062b3a8a59186a5c90c296b11cb76819da	publication_component:citation:publication:openalex:W1898950877	lookup:adb6d7eeff9111e426a61fa87f9de731285ce94e6ad5447a11be2ca60eabdcda	openalex	work_by_openalex_id	openalex	W1898950877	native_provider_identity	resolve_provider_identity
assignment:73e9bfef4ea3df7633bc386fe82c5e066017cdb779e4220f6ea2e805be25fb53	publication_component:citation:publication:openalex:W1901989576	lookup:305c8bbbc25048177d36c1e3c7240dd800ba479e580055d668479973fa3067c6	openalex	work_by_openalex_id	openalex	W1901989576	native_provider_identity	resolve_provider_identity
assignment:876f0d38145243b72c517a5c97ab4982fae93b74593a6203df1d711c93af5c45	publication_component:citation:publication:openalex:W1907806866	lookup:33c6f105247e78420d9af1cc75055b363f9f60b136807bb47c7bd0919cd25df3	openalex	work_by_openalex_id	openalex	W1907806866	native_provider_identity	recover_title;resolve_provider_identity
assignment:7cde174f9965397bd76fb1490b3501d9001bced7ea628a05fc8c06d9084a90a5	publication_component:citation:publication:openalex:W1916277790	lookup:e9d9f08f24f25cdf428bc5d74bc2bd2ab514c14a99992919e517de038f91f764	openalex	work_by_openalex_id	openalex	W1916277790	native_provider_identity	recover_title;resolve_provider_identity
assignment:2176425142d1c6b92ba2cdd626b71306c6823b355c328f5bb7ee13f0e19e5949	publication_component:citation:publication:openalex:W1920973730	lookup:13031d3d6d9491c2cd8f2ed240dd7fee512f7534438dbefb7c6e15e62c225d35	openalex	work_by_openalex_id	openalex	W1920973730	native_provider_identity	recover_title;resolve_provider_identity
assignment:254f2cc1d0a5263954c2515e887cbe6d69a1e07636f174bac48d3695dbae9096	publication_component:citation:publication:openalex:W1923320973	lookup:08e665b2b032f1651f62812306f0d7d504f7ab4a1f603d0803580998539dc769	openalex	work_by_openalex_id	openalex	W1923320973	native_provider_identity	recover_title;resolve_provider_identity
assignment:27599868f111e4c9c262fe9ecf0ac0b74bd1e898615cd6268cb77ae26c857832	publication_component:citation:publication:openalex:W1934360192	lookup:92e2a8e406ce48d872381bcc7204db7a84cc2bf768364bad9fff731aad1bcee8	openalex	work_by_openalex_id	openalex	W1934360192	native_provider_identity	recover_title;resolve_provider_identity
assignment:365e1b7589cb8c504fc636615c7df815168a937a5e5549a522856a30d66e0d4d	publication_component:citation:publication:openalex:W1936769609	lookup:14cfe91ded8695306ee540f5b48fb931ecfc5adf01e62e020cfbab83b581acc5	openalex	work_by_openalex_id	openalex	W1936769609	native_provider_identity	recover_title;resolve_provider_identity
assignment:d904f58e66d3cdbfa964973f36be8c61b5a01391a4eebdb7b0191195371c8b93	publication_component:citation:publication:openalex:W1957469265	lookup:1f8ca15ebab84a131019289deb4da39de5550e697bc6e054ac0370b7954f74dd	openalex	work_by_openalex_id	openalex	W1957469265	native_provider_identity	recover_title;resolve_provider_identity
assignment:74ea8fc865d037a554e62e0b9a3c4550ed7d0ccc2452924e333bc5867d60adca	publication_component:citation:publication:openalex:W1960427981	lookup:654bdb935c5ce3def6dd562f19f67acab91e7c1753dcfd348d2044f45dcaf096	openalex	work_by_openalex_id	openalex	W1960427981	native_provider_identity	resolve_provider_identity
assignment:d0d949d4b49d2c5e4f1bdb05ce7a81b313a533f55e689d274fb8e5d3b59fb15a	publication_component:citation:publication:openalex:W1965307886	lookup:8d3c74a720d727d8d8be3bf8130226a26b460404203f2eed5e4fae436547caf0	openalex	work_by_openalex_id	openalex	W1965307886	native_provider_identity	recover_title;resolve_provider_identity
assignment:c749509acaebc0217f14f3b0d6b4872ec8a2875e6b50126fc81b330e7531365b	publication_component:citation:publication:openalex:W1966327236	lookup:961f78bbf4e44bbe07466c709163a467165a989f756128e6b3d61aa8c367ba3a	openalex	work_by_openalex_id	openalex	W1966327236	native_provider_identity	recover_title;resolve_provider_identity
assignment:235d3675cde299eaaace1df220ad98511ad9d0013aa8e145a207c3655ac58487	publication_component:citation:publication:openalex:W1966957912	lookup:d8b77a6db491af58e546b6fb37fec15ca13a4cbad1a4ace7ced7a38215f4dff2	openalex	work_by_openalex_id	openalex	W1966957912	native_provider_identity	recover_title;resolve_provider_identity
assignment:dcd146faa597ccc640dcb3d60213a4ead89e3e1a7a2cfce8147e54cb4b4c3f5b	publication_component:citation:publication:openalex:W1968248848	lookup:6dfd8d2b89292d12afa197beafbfecc2c46bd1fe5a2406a5d37766d214096a2f	openalex	work_by_openalex_id	openalex	W1968248848	native_provider_identity	recover_title;resolve_provider_identity
assignment:f420a8a3225724280fb6b1086beb11d37603c30f1c0e4d6c594c2586b523741f	publication_component:citation:publication:openalex:W197156525	lookup:7cae33a31db26946bb705bbc771e020106f0da5b37f407e40e92c66d08139b9a	openalex	work_by_openalex_id	openalex	W197156525	native_provider_identity	resolve_provider_identity
assignment:c047d4231d99ba4613e1207bb87a998f42ad163c88328349d7a041b26d62420d	publication_component:citation:publication:openalex:W1972145956	lookup:d954a4618d6988ebf04eb6536daae2ec1bfff3c4bd16a57bd4a016e8bbf1c626	openalex	work_by_openalex_id	openalex	W1972145956	native_provider_identity	recover_title;resolve_provider_identity
assignment:1d21d9b26b50ee3e6ef954097a887223bd254aa959e2ada77c31e9181d908b0b	publication_component:citation:publication:openalex:W1972189965	lookup:4a6aba3275ab89eba9e726d3b70a7e80e85e3a969c49d979e4fcd2d75635c143	openalex	work_by_openalex_id	openalex	W1972189965	native_provider_identity	recover_title;resolve_provider_identity
assignment:0759196f854bfdd17361cac473275320a95ca30315c2d31768ba08a22170dbb7	publication_component:citation:publication:openalex:W1973101413	lookup:a5bc00d5bae130c875407b37ca3c58ebc6b1e6da055396a8915276b08e94fc26	openalex	work_by_openalex_id	openalex	W1973101413	native_provider_identity	recover_title;resolve_provider_identity
assignment:9d7691cb8324d979154ef8598089867b986da93c6abb7265c939e0872e07f6e7	publication_component:citation:publication:openalex:W1973956874	lookup:2d51f19ed25f2e6adf6eaea4db7d4f6e9f235868c73a0b27ba53d0dc92f23f06	openalex	work_by_openalex_id	openalex	W1973956874	native_provider_identity	recover_title;resolve_provider_identity
assignment:bb78fa55bb6c4c2e1b03b01845f4477042840d505031c9d9b470370b3f1249e7	publication_component:citation:publication:openalex:W1974599898	lookup:3899e568973a4a506cab14c1816f1ca4917ba449e2ab0476faf09319c37f6125	openalex	work_by_openalex_id	openalex	W1974599898	native_provider_identity	recover_title;resolve_provider_identity
assignment:2f9af1273a2cccd94fa36d0cf9efa0f840b786eb3dee6804f668c3e21566df2a	publication_component:citation:publication:openalex:W1976445642	lookup:e70d48fd93b9fb0a37fe27a467d1ed4d4c6ab46674dca59bd5b6ff1905bf4616	openalex	work_by_openalex_id	openalex	W1976445642	native_provider_identity	recover_title;resolve_provider_identity
assignment:111e683eebd880c797c9e1e8bc91bb0cfbfb985fcbcd234a9a5ea3899947dcb4	publication_component:citation:publication:openalex:W1980316401	lookup:2368d9c2c4ed26addf082e6035ef70641b9470711e4f3c275ca583a881a71d38	openalex	work_by_openalex_id	openalex	W1980316401	native_provider_identity	recover_title;resolve_provider_identity
assignment:44c162ca3fac9f5c122bca36de4c56d9b2853eb87539780b214ab467e01c9f9e	publication_component:citation:publication:openalex:W1982607030	lookup:ac41173d501479c1c7b946c64cfb5eaaf1043a8ffcc4796fab1b54609e3bb654	openalex	work_by_openalex_id	openalex	W1982607030	native_provider_identity	recover_title;resolve_provider_identity
assignment:d450451f2a080055fdca7f3d4dc25d8ddf10bdb2c3057efcb4c97014b421e19d	publication_component:citation:publication:openalex:W1982848324	lookup:6b3a57ea654028033ebc9a4f57620be0bb91bb9a7a8a6e0ccd38797fc198a93b	openalex	work_by_openalex_id	openalex	W1982848324	native_provider_identity	recover_title;resolve_provider_identity
assignment:f40660ce57e2e0060a18b49109a85589bad33225141c8c6b41e43bfc1475f1f1	publication_component:citation:publication:openalex:W1983002447	lookup:49c918330c63e31b72c4890ed64c519769286681c01422fe8b84474b865d3970	openalex	work_by_openalex_id	openalex	W1983002447	native_provider_identity	recover_title;resolve_provider_identity
assignment:2b052ba252d6273e79ea3f6f2720661933b466a93915776d2b8033bc9db565a9	publication_component:citation:publication:openalex:W1983297759	lookup:a08f209f1fe9e5dc6b60ead946e42595799980f4e3af5b9327573ae20fab2326	openalex	work_by_openalex_id	openalex	W1983297759	native_provider_identity	recover_title;resolve_provider_identity
assignment:4f5087dc2814dd3fc3d156631e36ed144003b8fde0a2086ed4f144343e4f7c90	publication_component:citation:publication:openalex:W1984195830	lookup:d5ebb28cbc4f4a9ce8af3c7e8fe9dec964209fa5e8c3b7f7bebe45956ded3c50	openalex	work_by_openalex_id	openalex	W1984195830	native_provider_identity	recover_title;resolve_provider_identity
assignment:7425b3f930450542835bf7f74fb119f2ab77ee1784f85f33c4e3ca8d34b9ec7c	publication_component:citation:publication:openalex:W1987378985	lookup:257e842d6b8cdac0d298ba9d04dbf372e2580c25560773bf274fde694216c420	openalex	work_by_openalex_id	openalex	W1987378985	native_provider_identity	recover_title;resolve_provider_identity
assignment:22a050635cc70ec33b849949cf49faa340b4cb3fd9ccf5af94b62c2b7a808fcb	publication_component:citation:publication:openalex:W1987510089	lookup:a9993606761d14c1c43c137b8e2741b20dcf3b5a10953c1cdac1b2b50abfdcc8	openalex	work_by_openalex_id	openalex	W1987510089	native_provider_identity	recover_title;resolve_provider_identity
assignment:88b1098ed319052f1dd141a860c63d44dc6413470bd5fbe6c863ed13d08719ca	publication_component:citation:publication:openalex:W1989757746	lookup:052c4f1010da3ec0e726e8e51d4138e27a07b657da531a790992691eff38613e	openalex	work_by_openalex_id	openalex	W1989757746	native_provider_identity	recover_title;resolve_provider_identity
assignment:e9a4c60f9fecedd968076998734f6cde16736bca04a56c7a554fdfb8b6393ffb	publication_component:citation:publication:openalex:W1991932415	lookup:955e201c71340930f208e68d36156aae52936279597585f6a3f3c7afc23b55cb	openalex	work_by_openalex_id	openalex	W1991932415	native_provider_identity	recover_title;resolve_provider_identity
assignment:49c9398b99580b116e25951616dd92afc9677846a71f95f29cc6766a49314876	publication_component:citation:publication:openalex:W1992566665	lookup:8e9c16b30990500aad0ff65f984c927631a41b63fca6073f54295483280b420e	openalex	work_by_openalex_id	openalex	W1992566665	native_provider_identity	recover_title;resolve_provider_identity
assignment:05fbf7799ff733d2d1e86b563fe42cfde791b4b06db4e8a776877a9edc309bb6	publication_component:citation:publication:openalex:W1993054962	lookup:8c2cdb69bc7ba73b8f471f33f5e4669d538143ce1039ebff5e850c999514f88e	openalex	work_by_openalex_id	openalex	W1993054962	native_provider_identity	recover_title;resolve_provider_identity
assignment:f18753743b89a979472dc610ea9733b418194c6f6814018ea0c536e7a9c327f0	publication_component:citation:publication:openalex:W199626442	lookup:d0e59eb451c8d788b14132b8c660a2730256e8746b483d3fdb2967567aa6a33d	openalex	work_by_openalex_id	openalex	W199626442	native_provider_identity	resolve_provider_identity
assignment:df2d4cb184269d1b69d1b9bbcac928786a51ac83c0c67699984128dd5b4a6f51	publication_component:citation:publication:openalex:W1997064329	lookup:b1cd8d6744c41d146ca7d8f0cd4496fd8397ecc18cf07497bab1e8b34390126b	openalex	work_by_openalex_id	openalex	W1997064329	native_provider_identity	recover_title;resolve_provider_identity
assignment:c226b240938ffddc44d6d1f5e259c9eef61757f15d292e1905f5ea7b9769338f	publication_component:citation:publication:openalex:W1997497517	lookup:d4b2accf18d20dd14a91026ea7bd7ee5ad62d6aa0651f91fe64e20c64e2f3e89	openalex	work_by_openalex_id	openalex	W1997497517	native_provider_identity	recover_title;resolve_provider_identity
assignment:00b684658aa195be8212aa7a230af6edc67cb73ad72c61becd9225947517f342	publication_component:citation:publication:openalex:W2000359198	lookup:6a135ae46f96cf9370186129f1629f5d147e0e82a54edbf6442972786e611d28	openalex	work_by_openalex_id	openalex	W2000359198	native_provider_identity	recover_title;resolve_provider_identity
assignment:69e9dab80b3cc7bcdf6fb8f515912d48e5238ad4ba8264f49d642a2ac017a87b	publication_component:citation:publication:openalex:W2002363009	lookup:8986f69c98e5a90ae0e07fd533057a1ca74a51584eabb0d53f2515aede779bc9	openalex	work_by_openalex_id	openalex	W2002363009	native_provider_identity	recover_title;resolve_provider_identity
assignment:d164ab18301891ed6805b4b35c5812c05f0b8ad5732ba1ae4a54c6090749a0af	publication_component:citation:publication:openalex:W2005126631	lookup:0aeca11a5a270154034adad388b4d64cc31d87f90259690fb9572ab8a39ad5b6	openalex	work_by_openalex_id	openalex	W2005126631	native_provider_identity	recover_title;resolve_provider_identity
assignment:9497f1175564d9e686a778fa14a2415ef5af6a37bae471d94812cbb18323cbcf	publication_component:citation:publication:openalex:W2006193162	lookup:fc8e10d99aec1f71a6cc98dfc29493adf3b80bfe066a2e6ba42a5038313e56a6	openalex	work_by_openalex_id	openalex	W2006193162	native_provider_identity	recover_title;resolve_provider_identity
assignment:d2264f0365f9aa655510ca32597b1ed98c65a26bfa5ae1c7d4fbdd4e92c23e9f	publication_component:citation:publication:openalex:W2006227919	lookup:cf618d4946336a86e8f800d3c323db2773e670d046c1342903ce13d4d2c17b6b	openalex	work_by_openalex_id	openalex	W2006227919	native_provider_identity	recover_title;resolve_provider_identity
assignment:b71c2283e84515bee661f8ff7fb213f8b3986e4115cb177cb02a6304af15ba7c	publication_component:citation:publication:openalex:W2007172672	lookup:d650121b9505b9d13af81e348f133c7b6b44947ddf772487b79ea9655468f939	openalex	work_by_openalex_id	openalex	W2007172672	native_provider_identity	recover_title;resolve_provider_identity
assignment:fdc200412cd1e4fd20015bd857d611228891ed5a15da81c7267e555a0935445c	publication_component:citation:publication:openalex:W2009596137	lookup:b8ec43d6c67c2e67ecedad1aaa46b5c7481de51564aea0020ebd86ef5ec26ab6	openalex	work_by_openalex_id	openalex	W2009596137	native_provider_identity	recover_title;resolve_provider_identity
assignment:ffa679b774a986c14e976013b856b2b247dd9cb3f2e93de044ba1f9153fb9648	publication_component:citation:publication:openalex:W2010906224	lookup:f9ba97db1efdd5fecb69fe294126d2bd921dc8400d490ff81d9bf8a40e497c1b	openalex	work_by_openalex_id	openalex	W2010906224	native_provider_identity	recover_title;resolve_provider_identity
assignment:24c8d4c8e517da331bc87edbbbc04fe9a4e2feae5df406db10c71a6a0214fe1c	publication_component:citation:publication:openalex:W2015237638	lookup:a0f174ebff7afc520d8afaea7a2e36573dbdf65d8128807d27921f68bacca90e	openalex	work_by_openalex_id	openalex	W2015237638	native_provider_identity	recover_title;resolve_provider_identity
assignment:c390be62d1d03abb95139551400af32befff61d1f32a88060b57fb435d3829a0	publication_component:citation:publication:openalex:W2016000389	lookup:358991f15e401b4f22131dedfbd1f699214c4e31aa1c26925e553297ec381c41	openalex	work_by_openalex_id	openalex	W2016000389	native_provider_identity	recover_title;resolve_provider_identity
assignment:c199b932150b46c9f64830be5037e2a08d1c2f56b34bd81f5303251c52a5810e	publication_component:citation:publication:openalex:W2017519756	lookup:e2353d371bdcee0de0c87c0b0c4a19433594741ee5509576edecd06308905b5b	openalex	work_by_openalex_id	openalex	W2017519756	native_provider_identity	recover_title;resolve_provider_identity
assignment:8bbd05a10e06f662aeef8959e3ff8e73127caa7d7cdf5d56b30916e3b502be67	publication_component:citation:publication:openalex:W2018168413	lookup:5bc9a8fe8aaf242e3a2cb1d137c8e320028e301d743ef624c2b57bb097bf2b89	openalex	work_by_openalex_id	openalex	W2018168413	native_provider_identity	recover_title;resolve_provider_identity
assignment:21c5ec77ab5955145ebc7605b5069b3cba7a8802f8baf4703064ba5952417174	publication_component:citation:publication:openalex:W2023298040	lookup:74cdfe7ac26a57db7d4f1e1d07ae7b521ed47a2c72307ae4e10f5b60fdd52bac	openalex	work_by_openalex_id	openalex	W2023298040	native_provider_identity	recover_title;resolve_provider_identity
assignment:5e976a1e3faf6cb6c76cb5473cb55f8357bd33970473108f1b21be40954f3cdb	publication_component:citation:publication:openalex:W2024341709	lookup:19e94ef063ba3b344a051da075066e3689610ebf64a99234dcf0edf58875b4e2	openalex	work_by_openalex_id	openalex	W2024341709	native_provider_identity	recover_title;resolve_provider_identity
assignment:f5c1624bfd1155f9208d7dc407f97a1ca49eea34b332951204147990cce03f4e	publication_component:citation:publication:openalex:W2024612778	lookup:79ef20c5450458aca5adbf3a4b8b762548d212d58b2c9760b9b06a80d9523532	openalex	work_by_openalex_id	openalex	W2024612778	native_provider_identity	recover_title;resolve_provider_identity
assignment:a278e88727e24a4a2824af173041eea838d85058b50f8279c15eec3e8f046aac	publication_component:citation:publication:openalex:W2025021478	lookup:481dd52402f3be4a73576eda665498ac1f402509690a74d3af9bb6dfd706588c	openalex	work_by_openalex_id	openalex	W2025021478	native_provider_identity	recover_title;resolve_provider_identity
assignment:676faaba6339270aeb4c627f64575a4dfedbd50d1590db392317238dfd14efbb	publication_component:citation:publication:openalex:W2025097949	lookup:6b064929f5d8560e6fc04fd814573ddb1de744cea3fd3135e7b5599ffe26306b	openalex	work_by_openalex_id	openalex	W2025097949	native_provider_identity	resolve_provider_identity
assignment:aa46a8762af82a3d7377370be456028b766162055bca159c10a1266afe18643b	publication_component:citation:publication:openalex:W2025720061	lookup:dbb10e5b2da0e4260cb1ce455502f9e0a349b748e6ed31c006e90de9542cb6af	openalex	work_by_openalex_id	openalex	W2025720061	native_provider_identity	recover_title;resolve_provider_identity
assignment:2ba2e6be5f6158a40e2ac8b0a11e0edb8f8a01b19feffcdb9c287f90db2d4312	publication_component:citation:publication:openalex:W2026551295	lookup:7e5512277257fcefe46c951c6886d86bb612093820fb534e618c76b62e042813	openalex	work_by_openalex_id	openalex	W2026551295	native_provider_identity	recover_title;resolve_provider_identity
assignment:95a458361484a1224736dbaf71b2904c924415765f54db62c74ee434e44698b4	publication_component:citation:publication:openalex:W2028700918	lookup:9917b31adb7ac310d137ebd848e06ca98659134e38af15353413784bbafee2e1	openalex	work_by_openalex_id	openalex	W2028700918	native_provider_identity	recover_title;resolve_provider_identity
assignment:a628fafefbdf09d8f6b834d05aef9a3390467ed259d86d0808800258738efb33	publication_component:citation:publication:openalex:W2029030554	lookup:83ce8d20fb11ef549c22fffa5c051b4837e783733cb87e8bfe53054466701409	openalex	work_by_openalex_id	openalex	W2029030554	native_provider_identity	recover_title;resolve_provider_identity
assignment:4ecd8b9dc7f6690de8cf57c70069c965174c4ecb0004d810b3439868b7c40e41	publication_component:citation:publication:openalex:W2029353325	lookup:dba4cbdf6d0b2984862e04e1eb546490ea8358ac347079c43c2c4eaa86244382	openalex	work_by_openalex_id	openalex	W2029353325	native_provider_identity	recover_title;resolve_provider_identity
assignment:baf0c19c62f2a631f431ac128a78b56c043fd5d937454597f7e9a86549a8c429	publication_component:citation:publication:openalex:W2029549914	lookup:2eba50c385561f37860e4158cffda0bff16295126927fbecc363e55cea413959	openalex	work_by_openalex_id	openalex	W2029549914	native_provider_identity	recover_title;resolve_provider_identity
assignment:3be0a27111fbcf771ab61630f816cba7064dc5528ec74a7cdc7689901254f164	publication_component:citation:publication:openalex:W2030966943	lookup:0cb931a6e5aeeff10d8504791593c010329a9e5327f23e9bb2387e5340cb426a	openalex	work_by_openalex_id	openalex	W2030966943	native_provider_identity	recover_title;resolve_provider_identity
assignment:f7aac0ade352e79e77508ccb9e32eb5237e9c826f4a9ba64cbfd86fe78985b28	publication_component:citation:publication:openalex:W2031611770	lookup:2992d37e4be35aadde24bd4733f58e7e558ff92057cf1cfc42fd05cca2827085	openalex	work_by_openalex_id	openalex	W2031611770	native_provider_identity	recover_title;resolve_provider_identity
assignment:2732fb646bfd19e8f547607c89a228bd7083971ff0cb811542ca766b66263f2e	publication_component:citation:publication:openalex:W2031705623	lookup:6e1708cc5b5014351c244b78160cf10b73e24cf3eda9e2fd8720fa505be2f465	openalex	work_by_openalex_id	openalex	W2031705623	native_provider_identity	recover_title;resolve_provider_identity
assignment:32e65fbbbfb9a5129d26826becace519172f48d397e8592f3e9179183545698b	publication_component:citation:publication:openalex:W2036628186	lookup:04fdc996a5735e52760f6d9a8bdccbe43aab43b97604812912ab9a1a98fb7004	openalex	work_by_openalex_id	openalex	W2036628186	native_provider_identity	recover_title;resolve_provider_identity
assignment:b0a5f6f666427dd3f7ac18b5ec37cdf834afd2b32a8af74c163ed9d3d7662d2b	publication_component:citation:publication:openalex:W2037667459	lookup:de9897f5ab3844af53428cc2855e408bf0abe0c6605e22bd64f97e93dbcd97e1	openalex	work_by_openalex_id	openalex	W2037667459	native_provider_identity	recover_title;resolve_provider_identity
assignment:e21def44475703987932eeeea7c4a6e4d15fd8f1dcece41185948b632f13c8ea	publication_component:citation:publication:openalex:W2037764264	lookup:fadb44324d80f90a8865ba40927bfb11cb6a3ab4be1b3adda32e73162a1cb356	openalex	work_by_openalex_id	openalex	W2037764264	native_provider_identity	recover_title;resolve_provider_identity
assignment:5caf52aef1cfd871f6828fb383fab24caaca5f0d6d0e324f0918d69006a9906d	publication_component:citation:publication:openalex:W2038978937	lookup:c641f3d1da531e3cec51fe34118f637cc46d1191d14092325afd7f285403ab10	openalex	work_by_openalex_id	openalex	W2038978937	native_provider_identity	recover_title;resolve_provider_identity
assignment:7d16fb699fc6e983a617f50c617bca13ed05cbffbb5d4d478740a20d8ff2ddc5	publication_component:citation:publication:openalex:W2039644197	lookup:e9337b1e1d25c47a68811e24087f04aaf3879813ccc09e165be861b1e475fa29	openalex	work_by_openalex_id	openalex	W2039644197	native_provider_identity	recover_title;resolve_provider_identity
assignment:759b807135dccf8091a2b0c84ed706a7bffc2969fb8a181f91b56c5c57f48f0d	publication_component:citation:publication:openalex:W2041903808	lookup:3e94c231dbcb6f9e91df14b1a6110fb0cadb2e0ab0befd78e10642e29ab01543	openalex	work_by_openalex_id	openalex	W2041903808	native_provider_identity	recover_title;resolve_provider_identity
assignment:8b6da4a06e15e3d68a5da710e55879ad869a6eae94e4efcbf9eb42962ab1d7a5	publication_component:citation:publication:openalex:W2044573154	lookup:bd71dd6901562e383fc004357e443d4b8bbeefb827e27087c4750c123cacaf23	openalex	work_by_openalex_id	openalex	W2044573154	native_provider_identity	recover_title;resolve_provider_identity
assignment:5a4cb404cbc9bf387d978a3dc5bf0a5aba26f47330c4ff89538176845da13795	publication_component:citation:publication:openalex:W2045517599	lookup:66e2dcb08f080306b092c05957198a532b3a096290869d8c9d28f83da114a9e8	openalex	work_by_openalex_id	openalex	W2045517599	native_provider_identity	recover_title;resolve_provider_identity
assignment:5742ca3fd759b719fa5c8a6eb23975a030e81cc32666e4217909dd8f02de583e	publication_component:citation:publication:openalex:W2046076301	lookup:55f5edc6faafc44763e5b7cadcd4aac83440aeb915d731aa9fbe6cc17a21d60c	openalex	work_by_openalex_id	openalex	W2046076301	native_provider_identity	recover_title;resolve_provider_identity
assignment:3bedd5a3abecc5a0ad8033ab9ab3079369f2eebebc04f8744d793c57e89ef760	publication_component:citation:publication:openalex:W2046435207	lookup:33181558a23ef6da7bb492335f76d0686f08f1762511625e85fbfd4b65ae453e	openalex	work_by_openalex_id	openalex	W2046435207	native_provider_identity	recover_title;resolve_provider_identity
assignment:4d75316700acdb1ffdcdaaf01ed653a5568eb6d9f53e4c339d928fe8a712985a	publication_component:citation:publication:openalex:W2046575349	lookup:64f991cf7819ddfac5c69832a8d1a4c6c1ed3562bb3db34cf474e077c07ca130	openalex	work_by_openalex_id	openalex	W2046575349	native_provider_identity	recover_title;resolve_provider_identity
assignment:eefeee71e93025dc04471d302ee29a27ead57ed8f46563f6c4dbfc97b817ff38	publication_component:citation:publication:openalex:W2046793790	lookup:a02803d4d565e10f5ffef4c9fcc2cd2ecbed743af6a17bcb34514f8e62928515	openalex	work_by_openalex_id	openalex	W2046793790	native_provider_identity	recover_title;resolve_provider_identity
assignment:7f7e4f01c89caf763b85f12c4d305afd472c090da2b127090c5826ea4d521c6a	publication_component:citation:publication:openalex:W2051296828	lookup:d96eb662f8fc20e0d0550323006d580183d8d90f2f189538ba34fea7bc2afce9	openalex	work_by_openalex_id	openalex	W2051296828	native_provider_identity	recover_title;resolve_provider_identity
assignment:6440bae95c6955eeee64761113d46d43fb2357deff3bf4205da8caa4f73ec9df	publication_component:citation:publication:openalex:W2052694431	lookup:f5e9f8beaa5b2ee2646299bbb125a4534dd150cec191705d5157682355fe135c	openalex	work_by_openalex_id	openalex	W2052694431	native_provider_identity	recover_title;resolve_provider_identity
assignment:385a1cac0710a7e7acaa466f24bd1372cb66992b6f647ab2fa5957d8f6552be3	publication_component:citation:publication:openalex:W2053214735	lookup:dbcbff07a58509e18c8715e7210ab39b2b7d0dbf6c2f8825082313898fdcc084	openalex	work_by_openalex_id	openalex	W2053214735	native_provider_identity	recover_title;resolve_provider_identity
assignment:e40c5f7e715ff74695adeb6725fbaa04fc4c035e9c0761cc384c0d647cd7f35a	publication_component:citation:publication:openalex:W2057456873	lookup:a92454c4aaba2a62d79e1cabeac6e492caeaea6c62306980eba5a50ab3ae3975	openalex	work_by_openalex_id	openalex	W2057456873	native_provider_identity	recover_title;resolve_provider_identity
assignment:e2d87286e47b25518b3db9b83c9b371e4454467fc17b728f47cf45895a8abc56	publication_component:citation:publication:openalex:W2057538311	lookup:84a350d53221d6a83d09ab217b0d8bb6474356fb772da4e2bf152999f7c1e4a2	openalex	work_by_openalex_id	openalex	W2057538311	native_provider_identity	recover_title;resolve_provider_identity
assignment:c1cc3f17b6f6f9d2104ed0f564a221ef3623576bf519e3410ba8339619a2ba2b	publication_component:citation:publication:openalex:W2061140759	lookup:e3dd9cbe8d84fa2d5997e420f966ba79bcd51ef88021d2bb2bb365f6377e40a9	openalex	work_by_openalex_id	openalex	W2061140759	native_provider_identity	recover_title;resolve_provider_identity
assignment:4a38b6a8cf287de931b0a8aef0eac09d774cdbea5dbba1928d4df15ff8a5e76c	publication_component:citation:publication:openalex:W2062018285	lookup:64fcc3b5283eb9896e3f55830af7b0eb278c1c10ef075c94648eaabc07586aa9	openalex	work_by_openalex_id	openalex	W2062018285	native_provider_identity	recover_title;resolve_provider_identity
assignment:7054c65e320aeadaa6e206a62e18ca37f52b8a244484a92ca9a4f33cf3293a27	publication_component:citation:publication:openalex:W2064394080	lookup:0814a76beccfc7e6a9dccffa0aad498228b74a0ebf2bba05d75006e2a77725fa	openalex	work_by_openalex_id	openalex	W2064394080	native_provider_identity	recover_title;resolve_provider_identity
assignment:00c286a3dbfa171253793647aa9bfb60377f46b9eb8777cffd04e93d403cd62a	publication_component:citation:publication:openalex:W2065461553	lookup:7e48fe8734aff0c6322051d4f7d3c23ff2a3ef418874a4336c1787e6d4f26d9f	openalex	work_by_openalex_id	openalex	W2065461553	native_provider_identity	recover_title;resolve_provider_identity
assignment:813579698e175585e6a6a025ce97d193e0ec2384b6c72181d9048dd6280fb3f6	publication_component:citation:publication:openalex:W2065973977	lookup:9a1079c18386811186c1d5c1cee6415bdbfaaf69bd6092050976c5d6cac00071	openalex	work_by_openalex_id	openalex	W2065973977	native_provider_identity	recover_title;resolve_provider_identity
assignment:7c84b20b9c83eefc1ebc9bed700464c98e702ef970aaf0436c965bf2966cfde4	publication_component:citation:publication:openalex:W2073241381	lookup:12d0b1d62a8f0b24b0698c031c1a4caff7f01cd30ff55bb16405cbd02bdcfc11	openalex	work_by_openalex_id	openalex	W2073241381	native_provider_identity	recover_title;resolve_provider_identity
assignment:3ac508b3b252355ac24bdac45ad1c558e3c7889a03ffad047d3945ce06ea0dbc	publication_component:citation:publication:openalex:W2075588026	lookup:a9654df3c1ebcb7a1be6f36c517e2da5be7a15933754277ee32c3410ada432d6	openalex	work_by_openalex_id	openalex	W2075588026	native_provider_identity	recover_title;resolve_provider_identity
assignment:259b15a4df97b5aa25ef26d655662518c9db6f9c386501dc14f90e021775967e	publication_component:citation:publication:openalex:W2076079755	lookup:875fa8398bedcef8f458f721ba2cdebc7d675eec6a26382a8ea65cbb3081a3e6	openalex	work_by_openalex_id	openalex	W2076079755	native_provider_identity	recover_title;resolve_provider_identity
assignment:ccfc46786772d108f045d2e2c74addb1db92a1d62f5c4eebf2a5af9937508bb4	publication_component:citation:publication:openalex:W2076844958	lookup:85126853dc0de681719adf06fb1f4dc0434fe2fe7853a23bd5adae5c1cf71c36	openalex	work_by_openalex_id	openalex	W2076844958	native_provider_identity	recover_title;resolve_provider_identity
assignment:406885413aa0887f9264da883d44c0f0ddb45fc447cd982bd685fe9aaf4501a5	publication_component:citation:publication:openalex:W2077564233	lookup:80e8647c06c31d325a24c1c3a8f04c137ee2b7ea09ebe370c9893313ba262080	openalex	work_by_openalex_id	openalex	W2077564233	native_provider_identity	recover_title;resolve_provider_identity
assignment:1a45339ad873239bf8ace0f0e59ce9e37009f04c34dc1389665f961a0cde1ba4	publication_component:citation:publication:openalex:W2078253282	lookup:491fbe7ed1dda419e4ee985c1c4d2ea35cbd36bba1a6f3671bef71c798367611	openalex	work_by_openalex_id	openalex	W2078253282	native_provider_identity	recover_title;resolve_provider_identity
assignment:790b4bc2d7c41557aeaf57cd3122d254457701f9e20f6a4acd4f70f61ae79a8d	publication_component:citation:publication:openalex:W2083551778	lookup:e7776c99d1cc7f5a0027e87b42875459348a0ca0cc802d89b9e42c3e10c1f97a	openalex	work_by_openalex_id	openalex	W2083551778	native_provider_identity	recover_title;resolve_provider_identity
assignment:df58fde968537a23e286780be2590af6ec6286e391914652ac3b73a8aae5c09c	publication_component:citation:publication:openalex:W2086366527	lookup:050ad0d6c3da82cef2bb15fab2955965a8713c3f9c427073b5e43b147e786ebd	openalex	work_by_openalex_id	openalex	W2086366527	native_provider_identity	recover_title;resolve_provider_identity
assignment:6f449c1ae0549682d033bedfdf73821392f8bb2ba8c06c3e3086627b5940c8f9	publication_component:citation:publication:openalex:W2086528371	lookup:355db6fe9b7ce0eefd3faad2abda2791794ffaf77a62fd72ee6f28d0eded679e	openalex	work_by_openalex_id	openalex	W2086528371	native_provider_identity	recover_title;resolve_provider_identity
assignment:62d50c08d168879123976e865fdfffc1c0aff0815a93e5b0cf783bb7eba511fc	publication_component:citation:publication:openalex:W2088267428	lookup:0c584863364ee3d5da95f3714ba454843fe362304e9f3e2310a3340c89838b51	openalex	work_by_openalex_id	openalex	W2088267428	native_provider_identity	recover_title;resolve_provider_identity
assignment:d412c49c0c85e49375d6fffa636eef878a8c553842280ca06a2bc000c5e7bdbd	publication_component:citation:publication:openalex:W2088309661	lookup:c41a18412cbc361edec8244d3b12447d167c92f0019db14b3de3dc6bd7f5c39c	openalex	work_by_openalex_id	openalex	W2088309661	native_provider_identity	recover_title;resolve_provider_identity
assignment:a34f2f5721f9c7c8aaa57ccff03eca3f5b15f5feb24228a20fde9c40f619cc0c	publication_component:citation:publication:openalex:W2088975164	lookup:b260a8518c7bd40c5dd60c4112e81d97853885387de7359a8d200e92bea06754	openalex	work_by_openalex_id	openalex	W2088975164	native_provider_identity	recover_title;resolve_provider_identity
assignment:a594a0e32468148c33bfbc619eb676d9845689c3ad6cc4e92754bd330951a153	publication_component:citation:publication:openalex:W2091847893	lookup:30cb992454207c558032ae792b89485d4a973466ebae737ff82e21dfe4a90d26	openalex	work_by_openalex_id	openalex	W2091847893	native_provider_identity	recover_title;resolve_provider_identity
assignment:7ca2a40e22d01a33995767723c6e5749aa2b7cfc4027b75de557a6eef578f4b5	publication_component:citation:publication:openalex:W2092152975	lookup:997e3e4098c2c4e06a51e980495e8e94c9499af192777e6d9c6fa322b8482422	openalex	work_by_openalex_id	openalex	W2092152975	native_provider_identity	recover_title;resolve_provider_identity
assignment:fc1363fb07651d287775ea9ebc96f41ce023a742e83b9138672b5bcd0b0ddadb	publication_component:citation:publication:openalex:W2092979861	lookup:a5b3b2af410842870da670bdc3b965412bb012de16ab8097a8e6044ff6ee6096	openalex	work_by_openalex_id	openalex	W2092979861	native_provider_identity	recover_title;resolve_provider_identity
assignment:4823b561882b507c28eb459ad0a1ecbaa6cbbd05d662ed4c018958187cf2b5bb	publication_component:citation:publication:openalex:W2093323099	lookup:68e81fe3eaeb5f3e1754e4ccc075a49cd21a11ec8b145bd93d7520026504b239	openalex	work_by_openalex_id	openalex	W2093323099	native_provider_identity	recover_title;resolve_provider_identity
assignment:fde8c53688e575f6aebd412502898ef52db2beddd1984eac775723e710b71d1f	publication_component:citation:publication:openalex:W2094939159	lookup:154aa33ed4e861df5020fce525ac189258ddda58f7c66eb1392d0423832eb879	openalex	work_by_openalex_id	openalex	W2094939159	native_provider_identity	recover_title;resolve_provider_identity
assignment:d74cc3b1fffb075de1e4a0ff578ccc1b9a5303f3bc2bd178cb328d1bce673a42	publication_component:citation:publication:openalex:W2096484952	lookup:a02dbdb97068d20ce55978a23d464a8059de0f26017868292066d9ce73c135e0	openalex	work_by_openalex_id	openalex	W2096484952	native_provider_identity	recover_title;resolve_provider_identity
assignment:075baae23c83365cefb298694c9bb7c7881ae07d596de38393841f4a9f51ae9b	publication_component:citation:publication:openalex:W2096702350	lookup:776f6bd83a517489e4bae534106b945d7ca651a1b77d09f5c22fac7bcc7d76a3	openalex	work_by_openalex_id	openalex	W2096702350	native_provider_identity	recover_title;resolve_provider_identity
assignment:6d5aa089eb279f06ad65ff847d17109c08f80b38ed2ad39df87b7e3c3fbd3677	publication_component:citation:publication:openalex:W2096714129	lookup:bef6da8ffc45aaf010b840decf8fd820cbbb56d24f56d0fc4e50b1bc76406ea5	openalex	work_by_openalex_id	openalex	W2096714129	native_provider_identity	recover_title;resolve_provider_identity
assignment:517a61c252d123fe42c20c409cfde188c578e2046b438a89ae3e1af6b4dc4a0b	publication_component:citation:publication:openalex:W2097977090	lookup:1273b64c1fddc427094aaeb29572bde8b5ceba3ca9816dd18942cd7deceece9d	openalex	work_by_openalex_id	openalex	W2097977090	native_provider_identity	recover_title;resolve_provider_identity
assignment:b3ddb1b4f28703d11d8061540c45eec5432274592a7a44a76a8d02e8e2ec784a	publication_component:citation:publication:openalex:W2099109129	lookup:90bfe2664372817b929caa8dfdd3a4ae3d89e4972edac89941ec4a9cba8a5431	openalex	work_by_openalex_id	openalex	W2099109129	native_provider_identity	recover_title;resolve_provider_identity
assignment:d58b5af161a2b29db04f3b4375de27dc01227efce2301e1a78658aec1750f220	publication_component:citation:publication:openalex:W2100641815	lookup:7f595cfaccc6d9f977a0d23b79793720214440a713a63abcc41ecb9a7057a0ef	openalex	work_by_openalex_id	openalex	W2100641815	native_provider_identity	recover_title;resolve_provider_identity
assignment:38965f04821d036f4f44d6f511257fb533a0d7d4953bff6dde9d3697bb0218db	publication_component:citation:publication:openalex:W2101095863	lookup:42ccadb858e5915f0e0f9e141cc319b4c43458788b792b55c7cb4293946c09ee	openalex	work_by_openalex_id	openalex	W2101095863	native_provider_identity	recover_title;resolve_provider_identity
assignment:eba6de7cf3dbf418baf2292567905eb3376b4922271e64d5a3a98005dceef9e4	publication_component:citation:publication:openalex:W2102424972	lookup:513cb4ce8566cd3f1d59f708dd7704e21e958e04cb7d344c102f90df0681f192	openalex	work_by_openalex_id	openalex	W2102424972	native_provider_identity	recover_title;resolve_provider_identity
assignment:81732904d67bfd96278256ace851f64ac70503085795de69060bffc2ee072220	publication_component:citation:publication:openalex:W2102502076	lookup:c4d41494aae4d42eda629a9aec481dc9db9fe36a9c9a67a51385298e9f805ca3	openalex	work_by_openalex_id	openalex	W2102502076	native_provider_identity	recover_title;resolve_provider_identity
assignment:c9616ee391344617cfa8651cd0c7c8364a70db1f9ad5798bcdef8310e97bceb5	publication_component:citation:publication:openalex:W2103017472	lookup:ca5fe927a1dd3291f7285bc4deb25332247e00bc39d3b2b3e6cbf605bdd4ec41	openalex	work_by_openalex_id	openalex	W2103017472	native_provider_identity	recover_title;resolve_provider_identity
assignment:3ed0a8db4d9ed894699cd11d97622062d41890ea6de1f98e52364fbbef657914	publication_component:citation:publication:openalex:W2104306559	lookup:592734b75e4da700a12e511d7544aee9cf6f3a11326b86e59c4b7684956c44d5	openalex	work_by_openalex_id	openalex	W2104306559	native_provider_identity	recover_title;resolve_provider_identity
assignment:43041f9574a4f236bc07d11a7fa0f9bcf7e52ddf9ec994f315a112be7ff671ef	publication_component:citation:publication:openalex:W2104594675	lookup:b584d4bd64794e6f5235c0dc7d7f0a2cb3c624e70ac1f7407859a0378f109e8c	openalex	work_by_openalex_id	openalex	W2104594675	native_provider_identity	recover_title;resolve_provider_identity
assignment:133e0af00ef7b7df2c0e7a44275d1f08878191ed11267603bc3a65cf6667ef9e	publication_component:citation:publication:openalex:W2105273345	lookup:fa6fcd36260ddd3f4be5667e4feec2d4943cae8a37abe1c4ad742c43a8c7b7f7	openalex	work_by_openalex_id	openalex	W2105273345	native_provider_identity	recover_title;resolve_provider_identity
assignment:537658ac2a407705664bb67016bb374476ed446df7dfe89a19b3b71d117d5531	publication_component:citation:publication:openalex:W2105585336	lookup:ebbb4e60298937bc5b1fc2d6689c2a07e58c938cdcaa031dcf895e616711bd02	openalex	work_by_openalex_id	openalex	W2105585336	native_provider_identity	recover_title;resolve_provider_identity
assignment:2d532a3783267ea9272ad158438121f75dc128dfedf4b9bc08e98463d7a38ac3	publication_component:citation:publication:openalex:W2105752382	lookup:16bfbfab443d94900fea0446237c0e125468477735842ac7eed4bbefbd4fa059	openalex	work_by_openalex_id	openalex	W2105752382	native_provider_identity	recover_title;resolve_provider_identity
assignment:1747d6dd8d8a422c1b07e64739f93efd9d2b9590b6ae5b9c82f8b8bfd39a5b9b	publication_component:citation:publication:openalex:W2107289862	lookup:1ab96515a9006b8b28e81f20b057d44b96b8bd07015a298115af16f4558db593	openalex	work_by_openalex_id	openalex	W2107289862	native_provider_identity	recover_title;resolve_provider_identity
assignment:53af90bdd27e6979bcb1bf6e01929b4ef8aa71a70ef2d62cce1d7fd4136983d8	publication_component:citation:publication:openalex:W2108087670	lookup:53322c74c3a2f5e36bd380a2e819d44f14c2645146ed10d73bbd28505596f42b	openalex	work_by_openalex_id	openalex	W2108087670	native_provider_identity	recover_title;resolve_provider_identity
assignment:a86f7608c61cf3d2bd726f8283cfc290508404e682033374002571a89a43fb86	publication_component:citation:publication:openalex:W2108135089	lookup:8d0e8e1699b7fe3967d135facae4fcd7e04fb94025c519e718f58b7329f0cf85	openalex	work_by_openalex_id	openalex	W2108135089	native_provider_identity	recover_title;resolve_provider_identity
assignment:484e0556b49f9307a5e9742cad71a6e110327efb965dc34c1c48eec9b6f82e63	publication_component:citation:publication:openalex:W2109046728	lookup:8a441d2f792f788bf92132d7224f64579e62f0f657cc0a295bfc4e8f93f7dc1f	openalex	work_by_openalex_id	openalex	W2109046728	native_provider_identity	recover_title;resolve_provider_identity
assignment:cfc007e21aa040c4d0f7ee09b24ebe0d8a8657561d510c9581c4a9056597757c	publication_component:citation:publication:openalex:W2110114082	lookup:4d28fc80e5f150f803a40103aef92207941c7bdeb3c9e7f34b109c748d2b4632	openalex	work_by_openalex_id	openalex	W2110114082	native_provider_identity	recover_title;resolve_provider_identity
assignment:eebf52d30e92ecaa56e83c3528075d1d895ebf8fa7ba68fb33a6d88cdbd2ebe7	publication_component:citation:publication:openalex:W2110150994	lookup:77721bbbc58d7c7dbb0b2ad05e8db912dbc02a5c5d6b0073c635635d2d9208e4	openalex	work_by_openalex_id	openalex	W2110150994	native_provider_identity	recover_title;resolve_provider_identity
assignment:7f35d995c09cb4904f1180976e24c15048934acc8415ecaac2d296ddebeb6db9	publication_component:citation:publication:openalex:W2110335151	lookup:159aa9904016a16dece7b5ae0a5a999d5bbf9130ea9e3583b649526682ef8d36	openalex	work_by_openalex_id	openalex	W2110335151	native_provider_identity	recover_title;resolve_provider_identity
assignment:26b7748391be743fd9c3d72f26f3220123416f45fed6719d06904a48be3f2c12	publication_component:citation:publication:openalex:W2110417468	lookup:fad2a447a27dcfea013f6c3cb4b3d91b42dc558ba47e88321afb45838368ebbf	openalex	work_by_openalex_id	openalex	W2110417468	native_provider_identity	recover_title;resolve_provider_identity
assignment:0099719c4a0e050d45269ce08fd42ab0f45af23821b288325fc2b953e784bdf2	publication_component:citation:publication:openalex:W2110538282	lookup:d2a15231d974a04c268508b2cc7f59dc21acd684736a8a3110d3231c2e6add6a	openalex	work_by_openalex_id	openalex	W2110538282	native_provider_identity	recover_title;resolve_provider_identity
assignment:4fbb96ea584df775427675912f2f5ebaa77221dbd76f136bed527b471ea3f0ed	publication_component:citation:publication:openalex:W2110803328	lookup:84c5081a161301d4b80e5cb50b4c98db28700c045bc78428ddf16ff71e927ec5	openalex	work_by_openalex_id	openalex	W2110803328	native_provider_identity	recover_title;resolve_provider_identity
assignment:9920a0c317e3b8a0e8eca72d38361b50517ba8a0a3e100411172d0e797a47bcc	publication_component:citation:publication:openalex:W2111211467	lookup:6d83ed3db368e8505de3bff6b004c56e1748c29dd2ee1f2bdabcaebefbb2daec	openalex	work_by_openalex_id	openalex	W2111211467	native_provider_identity	recover_title;resolve_provider_identity
assignment:55d042c23744a8f1ca892a23a3cd7d264e5d19a81d300fff3d903bce79e4fc6f	publication_component:citation:publication:openalex:W2111647009	lookup:3255bfb992f6509a3a5095ef96b9acdf995c7de75a9162517e1505df8879ae99	openalex	work_by_openalex_id	openalex	W2111647009	native_provider_identity	recover_title;resolve_provider_identity
assignment:b1e5f6dfe7e9d7ac8e365536114409032cb162dc63cb6792375a621c187787b2	publication_component:citation:publication:openalex:W2111762123	lookup:2c6be8afeed4000627c21b3409228b79d17c9577c6ec25d48604c7579fac6c9f	openalex	work_by_openalex_id	openalex	W2111762123	native_provider_identity	recover_title;resolve_provider_identity
assignment:ee9e1221976f3616a5fe7dab367202f3a3a2c769dea3925c5d0f8f6968bc4c0a	publication_component:citation:publication:openalex:W2112282403	lookup:4499e4db88b20e4f8dc23cf20585e91f376b8ce989ad2dd71d794e9a19c0272b	openalex	work_by_openalex_id	openalex	W2112282403	native_provider_identity	recover_title;resolve_provider_identity
assignment:07b38ec1c9ba5af6268f3ad2154a425713b58fb6b8b0f7104678a68940bc928e	publication_component:citation:publication:openalex:W2112956791	lookup:c2f7ee88eb47d7e3812c15edc6abc30b8b4194de26074a3d57016c8104c5b989	openalex	work_by_openalex_id	openalex	W2112956791	native_provider_identity	recover_title;resolve_provider_identity
assignment:fcd1ab8cae4f75370e36947a79aa91e7a5f1d628a26f0e7d1782833b657560e8	publication_component:citation:publication:openalex:W2113080064	lookup:903172062e5ec8b9d13e4dc8e90bad717472b5ea2d52227224504e905abadae9	openalex	work_by_openalex_id	openalex	W2113080064	native_provider_identity	resolve_provider_identity
assignment:68cbd3eec47820a37ad28722f948a8e61fffe7e4de8230fba780825a6e69b2d2	publication_component:citation:publication:openalex:W2114075279	lookup:ad3993ad2c6220d98a9d6d3e9eacd5faf8277597287309b1d3677cc34e8e3e28	openalex	work_by_openalex_id	openalex	W2114075279	native_provider_identity	recover_title;resolve_provider_identity
assignment:c5b4203b3f9b43baff8fa05d41a6344d0cef0436064a29af030cd8931875343a	publication_component:citation:publication:openalex:W2114828923	lookup:f11eec13d07283f0067e116d157abcc1c05f9c2ef586d00cb4b4f0aed2d6a266	openalex	work_by_openalex_id	openalex	W2114828923	native_provider_identity	recover_title;resolve_provider_identity
assignment:1f3a8442d2e27554df5405fb4bba92405328998fd472077e563700cfa55e23d4	publication_component:citation:publication:openalex:W2115011276	lookup:4ebd0bc2fd2946e616a39f41db6f555fb6e6b77bf45f155c63ea67d6b67a7aea	openalex	work_by_openalex_id	openalex	W2115011276	native_provider_identity	recover_title;resolve_provider_identity
assignment:da4ccbe0f05e0df2c48864c40efb3addf229e82a54d93ef743fbe7a5c1a135ea	publication_component:citation:publication:openalex:W2115650522	lookup:f1ee83d2d6a5cbe8bb204fd46ca15893d24e117160db14d366eccdbe84ed194d	openalex	work_by_openalex_id	openalex	W2115650522	native_provider_identity	recover_title;resolve_provider_identity
assignment:14fe3b06f8da8b12bbf4cebf9cf6707b2af58ced74a5a30a22f198446801d545	publication_component:citation:publication:openalex:W2116111392	lookup:8d24ba525caae8e801806af8ac8cb9a1ce8a9d49292de5712861ef0d03684814	openalex	work_by_openalex_id	openalex	W2116111392	native_provider_identity	recover_title;resolve_provider_identity
assignment:6ed416b4dcceb35cf035d4ad0edb52960713a4f0b3563e472863322851146161	publication_component:citation:publication:openalex:W2117569909	lookup:cadf17a54cae5e2fe17c539697ab004a3a5436bcfb1f0841d32e318a335b0595	openalex	work_by_openalex_id	openalex	W2117569909	native_provider_identity	recover_title;resolve_provider_identity
assignment:a14f770cf2d3ea9a8df3864e57a6f56698779fb67ba7738d027ecf39e047bdc4	publication_component:citation:publication:openalex:W2117752525	lookup:504d0ebdbc5dd94e16b06be3801f63c3647f86bf54a73f29e78309e57d4d7ac1	openalex	work_by_openalex_id	openalex	W2117752525	native_provider_identity	recover_title;resolve_provider_identity
assignment:d90bb4b1ad6110c1792363555d865fbf8147571e2ba75dff9750803318d70f67	publication_component:citation:publication:openalex:W2117884309	lookup:2f5d5e34908e3367b4767242598fe7fb031c2274a8c05dfe7624fcf4a552d472	openalex	work_by_openalex_id	openalex	W2117884309	native_provider_identity	recover_title;resolve_provider_identity
assignment:915fc087dc3a437e19786dc8f7b2916bf66cb625f9ec6ac5eb2263ec7e88ca69	publication_component:citation:publication:openalex:W2118149874	lookup:9b5c2345590e6d7394bc940648d126fd67d3026e55a6bb494e6cd25bb523ff42	openalex	work_by_openalex_id	openalex	W2118149874	native_provider_identity	recover_title;resolve_provider_identity
assignment:a58fc470d37e1f6889c09f8dc32c14a7dca8e323bfdb50742e652d49cda2c437	publication_component:citation:publication:openalex:W2118442768	lookup:b77f5fb55f45b5e5f68294e7aaec4e18daac11eeefa8c84d6184cd94eec3d21d	openalex	work_by_openalex_id	openalex	W2118442768	native_provider_identity	recover_title;resolve_provider_identity
assignment:8d9b938a9a2975153772993b3450c6c8c637451cb0d2bf6d69803df544407d44	publication_component:citation:publication:openalex:W2119404698	lookup:ec2dfde99b585ed230cc3f9912851aa529523398f43d8f050f71223b86ba1594	openalex	work_by_openalex_id	openalex	W2119404698	native_provider_identity	recover_title;resolve_provider_identity
assignment:e14e5dfb742e8a54698511ffb6b0cc8985d3d6a3c43bf6f3dec9e2de0c9be509	publication_component:citation:publication:openalex:W2120772351	lookup:020754f6cfe1493249593d52cb9061fe3238ad5c742c083948489e8deb304787	openalex	work_by_openalex_id	openalex	W2120772351	native_provider_identity	recover_title;resolve_provider_identity
assignment:c988fd237a39b089e588ce11a9fc4776eef2713ae5da396b98d0fa432a23c4ae	publication_component:citation:publication:openalex:W2121044470	lookup:3da89aecbac17798debf8db133b44f8d7af71d754f4deaa7501044f8b9e89dfb	openalex	work_by_openalex_id	openalex	W2121044470	native_provider_identity	recover_title;resolve_provider_identity
assignment:66b452ad5dccc897d33f4deb36cbe2f988b912745ac4207c7ea44c0aba69dbb4	publication_component:citation:publication:openalex:W2121190890	lookup:da1c424c40328e369a9f5bdd81f15ef053e2797177b8e8528856a071e26d091f	openalex	work_by_openalex_id	openalex	W2121190890	native_provider_identity	recover_title;resolve_provider_identity
assignment:0e29daa6cde912e80908cc53b57dec3be614327ce649ef395a6908c81df36571	publication_component:citation:publication:openalex:W2121504310	lookup:c6fea1046c3b90a5c30713cd5cbb22ef4122a701362e5e078e60b9ab048d60cb	openalex	work_by_openalex_id	openalex	W2121504310	native_provider_identity	recover_title;resolve_provider_identity
assignment:3cd59abdc5b7abb98dede546e2b04b06832a72cb848e7be16ffeeb0832261717	publication_component:citation:publication:openalex:W2121958597	lookup:b0e752bf58008f9596e2df853c41946d882c4f3342885f6dde0b6d6485771e2b	openalex	work_by_openalex_id	openalex	W2121958597	native_provider_identity	recover_title;resolve_provider_identity
assignment:c1920ebbbfdd9fc5bfacaa7171f7db798e0620cec72db3b5ded7c712c11e7974	publication_component:citation:publication:openalex:W2122156817	lookup:e76c2c30e42e9a07c4dcfb24deb2a4445729e4f20d28ce287570fa1cebc6b6eb	openalex	work_by_openalex_id	openalex	W2122156817	native_provider_identity	recover_title;resolve_provider_identity
assignment:ca2e61c046ca35c8afaf7df7677e7526335fe411e95596d9fd43d01654707a32	publication_component:citation:publication:openalex:W2124608480	lookup:b1dd5df098eb6b7303e7e5da8a45b8eb840ae005d05f85ba3bf380a7b0bed160	openalex	work_by_openalex_id	openalex	W2124608480	native_provider_identity	recover_title;resolve_provider_identity
assignment:ee607a8f2161d7d0af1779e62cd45043726590ab93a453cdd40a9a6348d6039a	publication_component:citation:publication:openalex:W2124676809	lookup:be81db0b24097125fb5df32648d1ea4b1088cddd25a57e5b0cb916d7d96f851b	openalex	work_by_openalex_id	openalex	W2124676809	native_provider_identity	recover_title;resolve_provider_identity
assignment:d04245e31cebdcce22d6f5aa62583ef2c9dc5e224c477612fd49bcf0538e8b44	publication_component:citation:publication:openalex:W2124790653	lookup:a237b444e7d53149d44e83f3877f0e1a2c9738a9d3f74c619e1e8b66d2855e94	openalex	work_by_openalex_id	openalex	W2124790653	native_provider_identity	recover_title;resolve_provider_identity
assignment:6f091fe5eabadac8fc62dd4a51a3d62a94b50f963a18d19a18abf19ed3089dc2	publication_component:citation:publication:openalex:W2125359798	lookup:096b2499401a97a49d8951e581e551367dfa7de6293a4474fdf2e90474f753fc	openalex	work_by_openalex_id	openalex	W2125359798	native_provider_identity	recover_title;resolve_provider_identity
assignment:e6fed940ce5ba7036901ce175f3ac2cdc7465733fbf9ff2f5af6678661f2e3f0	publication_component:citation:publication:openalex:W2126424265	lookup:9485350b0f83b355e2f8870ed65f7c916d1a398e0a2cac379182a71afb6b0e48	openalex	work_by_openalex_id	openalex	W2126424265	native_provider_identity	recover_title;resolve_provider_identity
assignment:30fda0987acdc4ea0cd146938b5394cca7eecd55e4509e8d41508b8cef6de964	publication_component:citation:publication:openalex:W2126568957	lookup:8da1c540266d7034f1d76d6cd144f1da56d2ff96ddadd6d5fa811c2da2eef1f9	openalex	work_by_openalex_id	openalex	W2126568957	native_provider_identity	recover_title;resolve_provider_identity
assignment:77b7ae9e4af4331a324e14d807bc029b23117e0dc8981933beadbfb1d72b61c0	publication_component:citation:publication:openalex:W2127320825	lookup:7b28698a80312a1b46c53209cbe6f921ff88175f6114c0f9c7efde27c959edb1	openalex	work_by_openalex_id	openalex	W2127320825	native_provider_identity	recover_title;resolve_provider_identity
assignment:a8266a8e00c26be2dd13a45028526e4d8eb1cd10ea9547e592b324fe57ade21b	publication_component:citation:publication:openalex:W2127788872	lookup:d4cff539be1635392c5ecd3e935332f007b6bfbcbc1d9b6eaa04ed23ae6ff0a2	openalex	work_by_openalex_id	openalex	W2127788872	native_provider_identity	resolve_provider_identity
assignment:c26dc6e7fd4f2e49b77230b5c9352d0b28df8f5659a1727cea121ff56c313978	publication_component:citation:publication:openalex:W2129818998	lookup:78c220b8aa63cf96eedd05d647671b364d39cb41a31e942da2695058472d85e0	openalex	work_by_openalex_id	openalex	W2129818998	native_provider_identity	recover_title;resolve_provider_identity
assignment:28be039fb0da17b6d814102fa422db2a0eb2519ab9cf427390acc0e43b7b7a26	publication_component:citation:publication:openalex:W2130362098	lookup:f34b313d646c51e2d9bbb0d1066a1987f07c21ebc59b6149ba6a2a6d17714544	openalex	work_by_openalex_id	openalex	W2130362098	native_provider_identity	recover_title;resolve_provider_identity
assignment:2365c4c88fb177f9dce804a61f868f02808a28222f41d3b4710fbb1407dc23c1	publication_component:citation:publication:openalex:W2130675103	lookup:3261f0fe24301fc63bdbe6bb7797d39d1d37bb7a27a42a0359e57cdcef874957	openalex	work_by_openalex_id	openalex	W2130675103	native_provider_identity	recover_title;resolve_provider_identity
assignment:5950b9148d99464011bf02acd6c26bf11eb40ded15f14b328f863b1de77f8a65	publication_component:citation:publication:openalex:W2131229434	lookup:9742e87035410ed245b13cb3399b1c8f1658905eba586934a4df0e0c59eda50c	openalex	work_by_openalex_id	openalex	W2131229434	native_provider_identity	recover_title;resolve_provider_identity
assignment:6d05527d15b71d8d2b34f4ff8e99c0c545ee9b8d5e4625ae5ece43ff758d2a25	publication_component:citation:publication:openalex:W2132560348	lookup:cadd5966d5191fc55476aa5125d25f2bfae35d814c9e0a52be5be43945b64916	openalex	work_by_openalex_id	openalex	W2132560348	native_provider_identity	recover_title;resolve_provider_identity
assignment:3a94689bd405f08463d415f55a58e1795114275258fb2383094ceecc7942de51	publication_component:citation:publication:openalex:W2132576704	lookup:cfbc027e9887b495d11b028db4397b7273236bb6b9afe3d5868d8eb8a71ae8e7	openalex	work_by_openalex_id	openalex	W2132576704	native_provider_identity	recover_title;resolve_provider_identity
assignment:843e5c6ed5ff8aef95d5a1d893d3fadd2048819095376f8410da5558fc95b84e	publication_component:citation:publication:openalex:W2133585817	lookup:15bac004a206030d77476df1f00047a6a52536018660997c684ecc7c933acf91	openalex	work_by_openalex_id	openalex	W2133585817	native_provider_identity	recover_title;resolve_provider_identity
assignment:a92006949bec1011fad4d2933fa9fa603fc454559cd6b130ad3f9d4db89abcfd	publication_component:citation:publication:openalex:W2133893841	lookup:b6ba102176ba7e7b4ec25504be4430fb5643e4859a7a49439ea4c15656e33ad7	openalex	work_by_openalex_id	openalex	W2133893841	native_provider_identity	resolve_provider_identity
assignment:0e1f63188d26b02816e88610f3d5d99dbdd0bd45ec0a4a255c93d7d73064f5f6	publication_component:citation:publication:openalex:W2134155314	lookup:2ce75b9d814d8b50a48d0ff3242c3c9a826c207f3296718f2c800208d336219f	openalex	work_by_openalex_id	openalex	W2134155314	native_provider_identity	recover_title;resolve_provider_identity
assignment:fdc86453e54f4108e57a7fa1d9fdcf1656ff189d13d2901f8c03ebeacc67c732	publication_component:citation:publication:openalex:W2134936766	lookup:551770ca27dc314e3951ca46e06d844ee17febc60578829962da438236acf921	openalex	work_by_openalex_id	openalex	W2134936766	native_provider_identity	recover_title;resolve_provider_identity
assignment:55fcd0c2c07ee000ce3357148ce9b527bddac8198197c16b90c91a215350cb50	publication_component:citation:publication:openalex:W2135415614	lookup:498878d54a5ab835a9bf663310d3d6125ffa00d81a967ab3d379a8e4c72da4c6	openalex	work_by_openalex_id	openalex	W2135415614	native_provider_identity	recover_title;resolve_provider_identity
assignment:80d21df706eb7770cef4b89e05a14291dbd87ff7f2cbb41c5dc7009cf1a51150	publication_component:citation:publication:openalex:W2135445066	lookup:6bde1ffc5100bae33c21cd381c3ba001658e7332e5d60d462cd6dbbaafdfaedd	openalex	work_by_openalex_id	openalex	W2135445066	native_provider_identity	recover_title;resolve_provider_identity
assignment:5cbb38c6060a47244483962ad6845f5c19fbb57b97bb8b650bbd37f2af072439	publication_component:citation:publication:openalex:W2135611147	lookup:3f2d9c04f1eb8670af2ecf90cb097e4cbf5b299d7c82ab86032b3600a305d9b9	openalex	work_by_openalex_id	openalex	W2135611147	native_provider_identity	recover_title;resolve_provider_identity
assignment:a609ace1295b5085af8901aee52b48fd0511a9976aa94d162eca4bdda564bd3f	publication_component:citation:publication:openalex:W2135648896	lookup:ce7be2f323585ea7b55ce673fe38a76f71a041178a6304dfb0ef2de2764dee19	openalex	work_by_openalex_id	openalex	W2135648896	native_provider_identity	recover_title;resolve_provider_identity
assignment:71f60bb2b18157b6f95657fd7b8d337a27ea00d4787cc5bb482397f26105062e	publication_component:citation:publication:openalex:W2138178197	lookup:a10b01f482730787d65ce9a80a5e835dce9853598e8b0a7f480f3c81092f7bb7	openalex	work_by_openalex_id	openalex	W2138178197	native_provider_identity	recover_title;resolve_provider_identity
assignment:a7804282bece96e1751ad055bfc55f317190016b33e5f80a364bb7f033eb4086	publication_component:citation:publication:openalex:W2138468602	lookup:59cc4743eeee1c81a75e3fd00e921828ad631ec512e4475bfa03fba2872b165e	openalex	work_by_openalex_id	openalex	W2138468602	native_provider_identity	recover_title;resolve_provider_identity
assignment:f99184c9c0bdd8e8a83101eed5c0bb5cafa346b9ab48a1753cc70f88c3fea6e4	publication_component:citation:publication:openalex:W2139771752	lookup:7eb4cd53d2ead010df58b3ef62bdf5057815058a2ee937c95d96ffbfd52bcb88	openalex	work_by_openalex_id	openalex	W2139771752	native_provider_identity	recover_title;resolve_provider_identity
assignment:ed6da27da1e6a26fd75661644e8cd07502f3ac835948d1195cca5b90510843b7	publication_component:citation:publication:openalex:W2141052558	lookup:3cf6c476fdbfd7e199900c5be205e26f6a690f29dc0fcde167bfffaf9c9a96a6	openalex	work_by_openalex_id	openalex	W2141052558	native_provider_identity	recover_title;resolve_provider_identity
assignment:f58aaaa6260d318860d570294c904e9b9dee53d660dc9780df524e80768dbc09	publication_component:citation:publication:openalex:W2141497252	lookup:6d6997240af02d9ea9492d2726a3c4a25ac6d32fb8d172c578c7b4a85f358733	openalex	work_by_openalex_id	openalex	W2141497252	native_provider_identity	recover_title;resolve_provider_identity
assignment:2e13ec5768d8c23503c2d3e277432103b02cae3850fde131b116bfcbfb2f1021	publication_component:citation:publication:openalex:W2142420818	lookup:f4f3bd451f4b27181051304eb6bfc6cfe04263bbf334142b01a9c5db8414ef58	openalex	work_by_openalex_id	openalex	W2142420818	native_provider_identity	recover_title;resolve_provider_identity
assignment:2619e18e409b69a75ce34aafd259109ad16a8b79cf49a5970283ec53457bbbf2	publication_component:citation:publication:openalex:W2143007385	lookup:5b36f7ac84ea3fa8f51c2ed5a218fdaee8eaa5f8eeed19495d525b02be0a061c	openalex	work_by_openalex_id	openalex	W2143007385	native_provider_identity	recover_title;resolve_provider_identity
assignment:44e2f2d12a0bd543ec8d67d7910975b3a3859ec42018ac8290cc0b9cd3d37ed1	publication_component:citation:publication:openalex:W2144024099	lookup:c18ade023b8ff03ed802edf3a30ffec21b177d320f47dac0b16cafccdfeab903	openalex	work_by_openalex_id	openalex	W2144024099	native_provider_identity	recover_title;resolve_provider_identity
assignment:d9f9eab0a68a9f02f82a942319afe4770f292af55f90a43cff81f66a312d895c	publication_component:citation:publication:openalex:W2144368480	lookup:94e2dac63cb2d840e9140ab1d02f7d7dbf0fb3bdcfb0c924fec68bbe8c732e2e	openalex	work_by_openalex_id	openalex	W2144368480	native_provider_identity	recover_title;resolve_provider_identity
assignment:236f35efb55e50f18f3cf7f55dfbbaea1693253a31d520fe95d9e7c384f3222d	publication_component:citation:publication:openalex:W2144606496	lookup:2962dbad070fde7c91024c6fb7a1dd45e302e4779e1a04da95ac9e8ddd480152	openalex	work_by_openalex_id	openalex	W2144606496	native_provider_identity	recover_title;resolve_provider_identity
assignment:279cae353805e61f228d835eec880221c0c5087bfeeb7d5846cb97b0f3f2168b	publication_component:citation:publication:openalex:W2144722953	lookup:d37379f99dcfa25d94fead81d72329b64577d4a3c532deec1ee89b353e573096	openalex	work_by_openalex_id	openalex	W2144722953	native_provider_identity	resolve_provider_identity
assignment:786ee0e066f48510c8103f899ed81afbb4fce28c520087c028fb35e7c26327c3	publication_component:citation:publication:openalex:W2144755365	lookup:e616bacbe37c450647221da56be8bd171b133e6e85f512f14371f1ffb40fc9a0	openalex	work_by_openalex_id	openalex	W2144755365	native_provider_identity	recover_title;resolve_provider_identity
assignment:834e49aa9fdb4e1dd0d0fa503513392dbe062acfcaf8cd3172857d58378c6927	publication_component:citation:publication:openalex:W2144775551	lookup:4f176f255855f3dfbb6155a366967668730822561a7f68247fd60d036b48bb65	openalex	work_by_openalex_id	openalex	W2144775551	native_provider_identity	recover_title;resolve_provider_identity
assignment:aebe035af851f4c6f385c8decae22b74c93087e89409386619aedd58274912e8	publication_component:citation:publication:openalex:W2144975624	lookup:f4e00d6e2220605e3984831a11cbff13baa7f6dccfe94759f5eeb5c2c2728a1b	openalex	work_by_openalex_id	openalex	W2144975624	native_provider_identity	recover_title;resolve_provider_identity
assignment:2539e1f086cd8bac76bcd3ae589fdc6dc64f24387024680e6a6b1fc396ace3d1	publication_component:citation:publication:openalex:W2145780430	lookup:55fdfc050928fe9256644d6c2479654c30b00477b6c361dc062f265115af3ef5	openalex	work_by_openalex_id	openalex	W2145780430	native_provider_identity	recover_title;resolve_provider_identity
assignment:e905612fb823a36f70dfc5aa18433c4a14dda20e5ff1ca30c1f3cac03b543aeb	publication_component:citation:publication:openalex:W2146025047	lookup:09447345d36f83dec949c1dbe5faa595862bdd060375fcdeccd8c04c74888f64	openalex	work_by_openalex_id	openalex	W2146025047	native_provider_identity	resolve_provider_identity
assignment:510573de5d315e09c35d98fcb385a897f3b6f287c17f5cd2cf4f44aa4fd3524d	publication_component:citation:publication:openalex:W2146058063	lookup:33c5eb66b4f77d66ecb5fd60e409d9533af9eb3b7d82912f18bb26f5d5f8fc8d	openalex	work_by_openalex_id	openalex	W2146058063	native_provider_identity	recover_title;resolve_provider_identity
assignment:7dde2b79e5317c7b50aa04bb8db6553d72e707e96fe19d246bee2299224cc66e	publication_component:citation:publication:openalex:W2146058442	lookup:c25fd2b3730dd1b5a734ee1aad3c114b9e0a2b6d7685c63b9fe44b127d5f632f	openalex	work_by_openalex_id	openalex	W2146058442	native_provider_identity	recover_title;resolve_provider_identity
assignment:003bdd1b1e8dd4e92c0c0ac1db9983a6ceddef5947553481b3cd511d67598729	publication_component:citation:publication:openalex:W2146292423	lookup:2d02b3d7353eac583cd0e2765a71332e857ef131fd0f7b1d81cd65c7cb2bbe11	openalex	work_by_openalex_id	openalex	W2146292423	native_provider_identity	recover_title;resolve_provider_identity
assignment:9d30245f7c0868812d7ac9a20278840b74c691605b58006c9e09cfa606de33c7	publication_component:citation:publication:openalex:W2146344742	lookup:a17c325e61b60a0b83599bb3fdaf55c0e3c529c975625ce022562ae1ecb654e1	openalex	work_by_openalex_id	openalex	W2146344742	native_provider_identity	recover_title;resolve_provider_identity
assignment:28dc38dfbf72558980b256c872025c03daa60671bf283cb82624f5667396f639	publication_component:citation:publication:openalex:W2146396346	lookup:8e318f78024609ef8d262d5272c2c0d5e584b1d9df04a699a63478afc3640720	openalex	work_by_openalex_id	openalex	W2146396346	native_provider_identity	recover_title;resolve_provider_identity
assignment:4e88ab9a6a3ad20dc9cc34e8b9daba2b238c537cbcb2cd719bbefbfe57872888	publication_component:citation:publication:openalex:W2146602601	lookup:0092e8b0a2c2ba93c2e1c1c5601be094a86c5bebcd43aecefe66f476d4d73514	openalex	work_by_openalex_id	openalex	W2146602601	native_provider_identity	recover_title;resolve_provider_identity
assignment:810c485d4019830e0339d947096a57d4e1073ed958e197903cca1809f9af85ca	publication_component:citation:publication:openalex:W2147660889	lookup:12f32b2573c31d35813676490534ea5acf7320c92a3fb4e829e923f8d51a41ab	openalex	work_by_openalex_id	openalex	W2147660889	native_provider_identity	recover_title;resolve_provider_identity
assignment:06663c9aaa62145f8d4b06a5a0f3da0e737a7f38104cb02a9c808eea69010bb6	publication_component:citation:publication:openalex:W2148963653	lookup:32ffa6844455786e77fb27eb22d22eaee30f3bbd2d2b1db7bfca2ecf2f24d5e9	openalex	work_by_openalex_id	openalex	W2148963653	native_provider_identity	recover_title;resolve_provider_identity
assignment:fc4ed4325748446eaafca611df48fc31fc9428c43f48778e391b9d3a568df4bb	publication_component:citation:publication:openalex:W2150215622	lookup:911d0b59a657b8faa1e7867175ffdc2c3f25e7d001ddbf1a93efb75964832a06	openalex	work_by_openalex_id	openalex	W2150215622	native_provider_identity	recover_title;resolve_provider_identity
assignment:b0259fc3062d229c230ea1e515cea79f4f4e3921f2b9494ccf79fd28de80a3a4	publication_component:citation:publication:openalex:W2150783480	lookup:edcbdcdb23d9b27d88cd5f68dbd874ddbd2600a6d2c9ca3f1b579b0fab5f2fea	openalex	work_by_openalex_id	openalex	W2150783480	native_provider_identity	recover_title;resolve_provider_identity
assignment:a84532a751a3ecc0bfd5325ed051db3e3aaaf834ad7375f46bc8e31aefe7a37f	publication_component:citation:publication:openalex:W2150815933	lookup:29721f7df807d565848caa1cd642dc57be85fafd4324b6e785da6f562f8d0a63	openalex	work_by_openalex_id	openalex	W2150815933	native_provider_identity	recover_title;resolve_provider_identity
assignment:ef417f5478a169a9810df35ff2158cbf2fa50ca01e3ee3af01e29448c677b83f	publication_component:citation:publication:openalex:W2150938975	lookup:6a37360abe7782848e0bfc9a3665c6f7167f50ad81609be0a44fe51f98d8d61a	openalex	work_by_openalex_id	openalex	W2150938975	native_provider_identity	recover_title;resolve_provider_identity
assignment:3d1be3f16544a255eec606dbddd11f915f34efa22c69535b3fefbbf2c0c38060	publication_component:citation:publication:openalex:W2151835344	lookup:95c21d8cf0cd5a593830ba6dd4c64568faa4aab7a724c0fb1dd3c4b793a90393	openalex	work_by_openalex_id	openalex	W2151835344	native_provider_identity	recover_title;resolve_provider_identity
assignment:4d0345acc393566cc9ea125c0bb7beb414129867b6a4f383c1971897398289fd	publication_component:citation:publication:openalex:W2151983644	lookup:44f4f60a0be9d9dbc86c3081c7a0b2d3a5bb4468157cba5339c8215ac2d15e58	openalex	work_by_openalex_id	openalex	W2151983644	native_provider_identity	recover_title;resolve_provider_identity
assignment:f1483645a8b769646f232e796b8b2bec9d67073c3b858ea6e803978613f42b43	publication_component:citation:publication:openalex:W2152012269	lookup:4ee2b499a575ee149909603eb97ab5f0cb95ed24643f559c023fa2db702cb47f	openalex	work_by_openalex_id	openalex	W2152012269	native_provider_identity	resolve_provider_identity
assignment:ac050dabb2fc12f1c4cd8e86895dbfe2293337c05d808a71abefcbd656ee07a1	publication_component:citation:publication:openalex:W2152076818	lookup:16b3819262f2956b8971b22633281574d719f251294ca5721d5e24e844e60d9a	openalex	work_by_openalex_id	openalex	W2152076818	native_provider_identity	recover_title;resolve_provider_identity
assignment:9a7a7b79e29f01c844694622b1280d94823025ea3fe9ddc4846ab16dc30ebe3f	publication_component:citation:publication:openalex:W2152895327	lookup:b20a8b8c6a9a556b5ce23f0d40f7ae0de0f0cad344a0e9ebf7a5733bc0421744	openalex	work_by_openalex_id	openalex	W2152895327	native_provider_identity	recover_title;resolve_provider_identity
assignment:e3953bb8a9e3ede9ae2aa1ab5b2f2ef612b82396f0eb2f192c793fba1a808e34	publication_component:citation:publication:openalex:W2153163225	lookup:02d94339a7f6f8adc81cd5e6acd83e62fcab13b1a0b7cf884a34c740cab5d334	openalex	work_by_openalex_id	openalex	W2153163225	native_provider_identity	recover_title;resolve_provider_identity
assignment:2dba77c4e138b0b579e877b7d57dd0497bfe380b2c442e67775debc09196d59f	publication_component:citation:publication:openalex:W2154164013	lookup:fbe23fea6c2beed697efadd4e7fabc6d9af8c2857bfa658e9b710c7022243dd7	openalex	work_by_openalex_id	openalex	W2154164013	native_provider_identity	recover_title;resolve_provider_identity
assignment:242713db1703556ae685b2bf4fff91d8c0bb845dbd7557636fec68a6463052f0	publication_component:citation:publication:openalex:W2154331465	lookup:d3d6f1e4177b420f841c0042db117337ff2f1ccfcd151edc6ac7f4b12f9441fc	openalex	work_by_openalex_id	openalex	W2154331465	native_provider_identity	recover_title;resolve_provider_identity
assignment:8954c05a55f2e98ef02012136730fd040258f41bc06fec4da53efb0c9cb8a3dd	publication_component:citation:publication:openalex:W2155167571	lookup:d550afd771b2cf826617840ed600d5ea8589f13530953d6ed12766cc49af08d2	openalex	work_by_openalex_id	openalex	W2155167571	native_provider_identity	resolve_provider_identity
assignment:32967aba82699d41f532ff3e7a1cf27a2d084d28a4b7f76d5fd5b59a79dea4c7	publication_component:citation:publication:openalex:W2155761127	lookup:a55a2d9a1517f28a1e18d64ea301e0387f557dd1a3d2ad03df668f05bd72c1ba	openalex	work_by_openalex_id	openalex	W2155761127	native_provider_identity	recover_title;resolve_provider_identity
assignment:b1851369360a746334f89ffcd27a9dc3bdd3be50f5533ddb057a855b5ba7a59c	publication_component:citation:publication:openalex:W2155766042	lookup:ba27e69ab24f69cad93f3a676e3f55a4a766f38d6718621b114e55999c106d6a	openalex	work_by_openalex_id	openalex	W2155766042	native_provider_identity	recover_title;resolve_provider_identity
assignment:c63bf5c446a40d11741c51c0037ece14ad14b4154033ab9d27cd21eedd218790	publication_component:citation:publication:openalex:W2157380771	lookup:5116e00ec810d85459507b000bd7ddde5468a2caff4cf414c4ce1bebfe888905	openalex	work_by_openalex_id	openalex	W2157380771	native_provider_identity	resolve_provider_identity
assignment:e7ba52c1f309d488787ac6a3728c76732fa139fd2b4a3383c38825a6ddb42736	publication_component:citation:publication:openalex:W2157553803	lookup:907703afb8a1310c591ffc605a79f4b5c045c7eaf0e2710b63036c61c39ff84a	openalex	work_by_openalex_id	openalex	W2157553803	native_provider_identity	recover_title;resolve_provider_identity
assignment:8c9ba197a8435b0ae0959d60aefb68c18da8e2a97ed7f0d0630c871c1eb91f8e	publication_component:citation:publication:openalex:W2157847015	lookup:07fc77dcbf828e0ed899479145f4c08c677bd05a5a48ad0c13a6cb6c4ac5f407	openalex	work_by_openalex_id	openalex	W2157847015	native_provider_identity	recover_title;resolve_provider_identity
assignment:4f368a92e435fb4d02a0bb244d13752b0c0e5d9567a28ff39051c2c6347e6553	publication_component:citation:publication:openalex:W2158266834	lookup:248fbcf83ed29435c5fbfad61e73af3c82f81d6d32cd56ff61b6fe63efb0662c	openalex	work_by_openalex_id	openalex	W2158266834	native_provider_identity	recover_title;resolve_provider_identity
assignment:e49dcca5652231baaa6be69d405cd29f68aa0daf00b974adab6909c6f30fbc6a	publication_component:citation:publication:openalex:W2159044370	lookup:435ff989c19300ea28cc2c33350663d939adf979124d1b0bb50bf9c1cb241a19	openalex	work_by_openalex_id	openalex	W2159044370	native_provider_identity	recover_title;resolve_provider_identity
assignment:abc8cbaf6ae15e0de6d198dfc52298b4f470640abccb76f343f6f4d8bb5efd64	publication_component:citation:publication:openalex:W2159368494	lookup:d0d3bbbca3fd0fa38189998eafd55375d3be08d44b9277126d26139c688ccfb0	openalex	work_by_openalex_id	openalex	W2159368494	native_provider_identity	recover_title;resolve_provider_identity
assignment:22e1ff900260f4ffbeb86b789e710683c0dc7d83eeff26f91601cc7a7a2cebaf	publication_component:citation:publication:openalex:W2159816280	lookup:5e9ef29030a15a8608739e1a9d6c493fdb8ae6aa28afd23dca7324a62b785797	openalex	work_by_openalex_id	openalex	W2159816280	native_provider_identity	recover_title;resolve_provider_identity
assignment:ed4be0add908cfa74b5b2af82b36f9c865b443789a43c1e56e17a660c75a67d8	publication_component:citation:publication:openalex:W2160106395	lookup:40301292d9e7891cefbf258f5da11562fedaa69e8ba0008d27ad81bd4223bfdb	openalex	work_by_openalex_id	openalex	W2160106395	native_provider_identity	resolve_provider_identity
assignment:5912f24d4c70577ed38be441e521ef65051cf5fbecc9e1ca3063dbb65b66f01b	publication_component:citation:publication:openalex:W2160364329	lookup:dacc20736b334ae72797e1780d9b02d0988a467162fc38f188fb18c419c2db22	openalex	work_by_openalex_id	openalex	W2160364329	native_provider_identity	recover_title;resolve_provider_identity
assignment:3266cad415c9da594a35499e5025dae19b77b2e9deeb81499e5559e7de3b8385	publication_component:citation:publication:openalex:W2160378127	lookup:d131d1fca0b62d9a340d190f5b6bcfebfaf073c69b585981d1445dcf6612a8cb	openalex	work_by_openalex_id	openalex	W2160378127	native_provider_identity	recover_title;resolve_provider_identity
assignment:d67d97751e82bf209d92c112f35fbb302336a9e67b91a83430582cb219a33161	publication_component:citation:publication:openalex:W2160500073	lookup:5b7c93f8a8125b41aed65fbd7db70f092662d7667f5e4835ff53daef1f5fa296	openalex	work_by_openalex_id	openalex	W2160500073	native_provider_identity	recover_title;resolve_provider_identity
assignment:f3137fc637cc0a5125f8e8b04956582d226fcf8d68e0b976964bbeed2300007b	publication_component:citation:publication:openalex:W2160535947	lookup:ff23b427b80323c7873f45b90c5e0129db63e6bdf947265a7cbfb1a2b8c5a3cd	openalex	work_by_openalex_id	openalex	W2160535947	native_provider_identity	recover_title;resolve_provider_identity
assignment:8dbbfcaf414241061941273969cff948e712681fe48ffee9b2df67a59c710187	publication_component:citation:publication:openalex:W2160634817	lookup:82484af50f4ce01e2259bd503f0050e04197e6bec87d8e8dc6d11f6b0ce2d65a	openalex	work_by_openalex_id	openalex	W2160634817	native_provider_identity	recover_title;resolve_provider_identity
assignment:ba781bf82f15d8e8b5c640975725398cd3b319f0d9db54ff1dc772cafd0db0fa	publication_component:citation:publication:openalex:W2161299849	lookup:c6ed8a56fbd551992535354ae95370c45bc7e52b562dc6f8b3b00921e50ddd1d	openalex	work_by_openalex_id	openalex	W2161299849	native_provider_identity	recover_title;resolve_provider_identity
assignment:31a778d8412f1fa1cfe8ec6800ba37734207c4561d32df669a7341d3e1546df9	publication_component:citation:publication:openalex:W2161444534	lookup:6f9573123f24d1f3f3d5cd8003e3e0d2df84332337c7bebfecdc7b5ef3598a85	openalex	work_by_openalex_id	openalex	W2161444534	native_provider_identity	recover_title;resolve_provider_identity
assignment:c4c04d93da951868db18bfa70e604cc73d2b502b14d02d226f2c55ad766b0627	publication_component:citation:publication:openalex:W2162250327	lookup:04993598672a1810f934c80db9ca17deb2dacc1413bea21c8c4f8c8da59134b1	openalex	work_by_openalex_id	openalex	W2162250327	native_provider_identity	recover_title;resolve_provider_identity
assignment:6bded77757d5ffb1b0748d94bb07aad3dea399bb650a492b6fe4a2deb22f8779	publication_component:citation:publication:openalex:W2162273481	lookup:a9b6c92b1f6709eba4886aa4c14aa37136a55b15e9005d9bda779350d51d5b17	openalex	work_by_openalex_id	openalex	W2162273481	native_provider_identity	recover_title;resolve_provider_identity
assignment:fc62872a532d1fad3de2a6cc3fd9314f33631688d5f13d1961c39e3f049993cd	publication_component:citation:publication:openalex:W2163149699	lookup:bf675fedc1330d19031fd4314ebd151fffc9d2159881c2615fd8d2176890dbe5	openalex	work_by_openalex_id	openalex	W2163149699	native_provider_identity	recover_title;resolve_provider_identity
assignment:6ec49935be16b25787d160556ccbba614319a9e2a31cd453990185e462f399c1	publication_component:citation:publication:openalex:W2163627198	lookup:21b742dd0a6dd734686287a5dfef8dd7166446a4292a246ff9060d1ce2e204db	openalex	work_by_openalex_id	openalex	W2163627198	native_provider_identity	recover_title;resolve_provider_identity
assignment:5e70353b0cc8ad683fb57b999b8f377225e0bd940f4bb5fd71f736ecb0a7f820	publication_component:citation:publication:openalex:W2163711542	lookup:bcdafcd6a3516914ccb01aebaa2b100088e5495803b10aba1ea45f96d024f257	openalex	work_by_openalex_id	openalex	W2163711542	native_provider_identity	recover_title;resolve_provider_identity
assignment:a260739d0c3a684365fe0c241f720e898375618a540229bc159340d79c5b60d4	publication_component:citation:publication:openalex:W2163892779	lookup:b52e8ce36eb605388e51c38cbe6f7d45c57a63f0ddbe81507c55b889a06403f6	openalex	work_by_openalex_id	openalex	W2163892779	native_provider_identity	recover_title;resolve_provider_identity
assignment:754d8df7640c63a4c831eeb56c0640bc723e9a46aa779988c07d0f2c668688d4	publication_component:citation:publication:openalex:W2165892911	lookup:a7a640a429821847569fffb7ccdf6a1891b95b777715fa203e61d8c0330cb1bf	openalex	work_by_openalex_id	openalex	W2165892911	native_provider_identity	recover_title;resolve_provider_identity
assignment:9794349bf16510173165a1f62ce5b29cfbc88c1fd29d77f67c64369e69ee154c	publication_component:citation:publication:openalex:W2167740505	lookup:eb82397cb80d9e40b4dba12bbf02240f9a4ee5c3e75c6dc071b9b199401c64fe	openalex	work_by_openalex_id	openalex	W2167740505	native_provider_identity	recover_title;resolve_provider_identity
assignment:aa5e2c3676dad5d09ed8daa08a72e958b9e940a0922c31fb0570ea64fec8f40e	publication_component:citation:publication:openalex:W2169981472	lookup:dc46f2624c881e195ba7b125a68dea04bdd7e649e2082c91d77ed34bb491bfb1	openalex	work_by_openalex_id	openalex	W2169981472	native_provider_identity	recover_title;resolve_provider_identity
assignment:2b7902c64d3a7411ed5be38af481357fdc97d0c30655abd6ea75f4378473fb61	publication_component:citation:publication:openalex:W2170565120	lookup:d2a2e9bda46c1ba5e85f4f308130f06a8a7082014932d92c8528564b9b0a96dc	openalex	work_by_openalex_id	openalex	W2170565120	native_provider_identity	recover_title;resolve_provider_identity
assignment:ed1f9d407b5fb2a08b0c685f9581310b9236e731370af9d8e25ad9d83260a98f	publication_component:citation:publication:openalex:W2171170496	lookup:478d5e955cfda19fce81dc40c97a5ecfb3ba4e4546c38df082e95e6060f8aa5e	openalex	work_by_openalex_id	openalex	W2171170496	native_provider_identity	resolve_provider_identity
assignment:ad0ff68d90c9bc9a5fb3e456c582b89749aab5a056f21dd9a978636570a73a9b	publication_component:citation:publication:openalex:W2179127114	lookup:34ebba8875f0110fbf2e082a6ec9723697a7fd6f4136c4dcff128e25bd233c96	openalex	work_by_openalex_id	openalex	W2179127114	native_provider_identity	recover_title;resolve_provider_identity
assignment:2a0f90f51ac6daa3dfc4d378fd0d6016c0dd9e8a69bd7525ed82dff1a2c9a6b1	publication_component:citation:publication:openalex:W2182444863	lookup:d84b40aef9f5564c2e86bc91c150b7dd506185697194740383bf2e5e374d8b13	openalex	work_by_openalex_id	openalex	W2182444863	native_provider_identity	resolve_provider_identity
assignment:40e1456458e07ae05fa49408b32847836b80a012ef15e69cc918934f221cdf33	publication_component:citation:publication:openalex:W2183187503	lookup:9def01d1f8869805c1479e2c2dd33e2e08f61a6bd3eaa3f93b7f5201cb2a2e33	openalex	work_by_openalex_id	openalex	W2183187503	native_provider_identity	resolve_provider_identity
assignment:ebbbb2c0fdb7c93e3967647459e9ddd5a4a06a5725479e018505656fde846cbe	publication_component:citation:publication:openalex:W2184006217	lookup:c046a0d3e44da08f62827fc03a9a88c39c2244fe3d8b845d65994a44c4bf4c92	openalex	work_by_openalex_id	openalex	W2184006217	native_provider_identity	resolve_provider_identity
assignment:58de52e9d797b866b08889587a1f624f89319a642491e612865b6c9d8937eb95	publication_component:citation:publication:openalex:W2184088951	lookup:701c22c94a2aa4e35fc28b57a8e30d5599d413c01fac428c42758a5dc16831e2	openalex	work_by_openalex_id	openalex	W2184088951	native_provider_identity	resolve_provider_identity
assignment:eeb81937f3ac4dd5722fd3ad0a11aed3315f2e0f03f6ae577f1262b60e800257	publication_component:citation:publication:openalex:W2184344526	lookup:0d5e54faff7b8a49b1d4a0c8c6f3c4e5f881a05c153b0cc112606e5c3bae83a2	openalex	work_by_openalex_id	openalex	W2184344526	native_provider_identity	resolve_provider_identity
assignment:a47f14fd48cf82dea061ffffcd2d5b525971a0c05c83c58af69e17b66ed9aab8	publication_component:citation:publication:openalex:W2185205737	lookup:e6bc193d6a6951c67e1e0de6013e8c17dc5737dbf53f9dafd1758374d6d7cc00	openalex	work_by_openalex_id	openalex	W2185205737	native_provider_identity	resolve_provider_identity
assignment:67c88fe78cf9ae0aa6f45229b78b1b70a79d6d845a4ea9527501b01199870c1e	publication_component:citation:publication:openalex:W2185787488	lookup:e7142c0a243e2d2c2789f43c9bf2a800c77b21dc5c7afbd2fca887ca47f9bbad	openalex	work_by_openalex_id	openalex	W2185787488	native_provider_identity	resolve_provider_identity
assignment:0eb2cb84822620211d24b019c4e5edfe2e2f66544b374e59b61c44365d757cae	publication_component:citation:publication:openalex:W2186033574	lookup:3f67b4e472929ad110e8f6136d344892dc0f8b4aa51c546cebeb944b276b012d	openalex	work_by_openalex_id	openalex	W2186033574	native_provider_identity	resolve_provider_identity
assignment:8afa5a7444d80fe4e67796b6082c6cf3c080259196007e52e187b9a065c4dc42	publication_component:citation:publication:openalex:W2186160694	lookup:08c94f8dab793ea35e02bfa195d3bd1d56c4645aafa8c6bd18abce9cc3a3be8e	openalex	work_by_openalex_id	openalex	W2186160694	native_provider_identity	resolve_provider_identity
assignment:69da5cae4a0b8c1a5ab215c018c63eca5310ffb8af2c8034a9a5f7e9783830c1	publication_component:citation:publication:openalex:W2186288371	lookup:e1055e3b00e2addb0dd4022818f4590841e9dbc0ec16df3cc25399ffbb5eaba3	openalex	work_by_openalex_id	openalex	W2186288371	native_provider_identity	resolve_provider_identity
assignment:7d37833fb5271a7ae128e0ce3946754c0eeea22cdbc2dde446a952bf436271e2	publication_component:citation:publication:openalex:W2187498729	lookup:930fc24d63d17b0d24bedd8d2e734d600f2276aeaf299b8959678059f491eae7	openalex	work_by_openalex_id	openalex	W2187498729	native_provider_identity	resolve_provider_identity
assignment:4142935ef702594e6bf04399c121dc45abc35132302b93012645dcfbfad9696f	publication_component:citation:publication:openalex:W2187801721	lookup:9c9f98cc1f83561d3ed9fe56bafc6259f4da5d715bd29cc1028b7ac24df70085	openalex	work_by_openalex_id	openalex	W2187801721	native_provider_identity	resolve_provider_identity
assignment:7eab274e0c5f8b4ac0c54ec6f925ba7bb88abee4f9c0e12340c20f17f90a6124	publication_component:citation:publication:openalex:W2188383210	lookup:e415ee92f4b8ff00625ed74d76f973bedc988cf866269e867b4c3421d9311ca4	openalex	work_by_openalex_id	openalex	W2188383210	native_provider_identity	resolve_provider_identity
assignment:2c24cb8bab5d4e3515ecdaff26944cc9d06a6837fe757b46f6b6ed1218fdb63d	publication_component:citation:publication:openalex:W2188572994	lookup:80a8d699f480e6679c0f1c01b140b37647f3c89b937e9bf69f0b56903ad0fab7	openalex	work_by_openalex_id	openalex	W2188572994	native_provider_identity	resolve_provider_identity
assignment:4cfca7450dc8f46a82efd78313b80f13a122633d161701dd46f1875cf42f9fe7	publication_component:citation:publication:openalex:W2188740882	lookup:6d954015961e906c372eecf0be0567d2989db58f79cc7e1ec1276b8aa8e9bc61	openalex	work_by_openalex_id	openalex	W2188740882	native_provider_identity	resolve_provider_identity
assignment:b366900802c4030fdfd0d2c6f46cf461d1f54055c5dd494215fc792aace49382	publication_component:citation:publication:openalex:W2189562082	lookup:2bb6d234073b2ab39434a62dc2d72df4b491785191a16640328a69438ed099e9	openalex	work_by_openalex_id	openalex	W2189562082	native_provider_identity	resolve_provider_identity
assignment:41273fe364e3b1ac14b5396bd6786fe73f02c8cece9baaee21a5d450fbe80dd2	publication_component:citation:publication:openalex:W2207902135	lookup:9fca8571b486e434d707542782ee2a3ef8c4b4256122226e318d79621ff1468f	openalex	work_by_openalex_id	openalex	W2207902135	native_provider_identity	resolve_provider_identity
assignment:fd785621b5cf3a76202d5295c0cc08eb01e0f2ebef3905379f217cf52cfe3748	publication_component:citation:publication:openalex:W2228504615	lookup:4ace387583e398f8d8ef502453a3ebaed7feb5ad70b49d37b878971397fa1704	openalex	work_by_openalex_id	openalex	W2228504615	native_provider_identity	resolve_provider_identity
assignment:d9d002c7b916990b74008d3917d45314274ef9e3c56a52f295bfb8e5ca7f8703	publication_component:citation:publication:openalex:W2230520750	lookup:d5dea6c7c1f2d0488b71c15b492b4333c1367a01eeac0177cd7d1cdf4166b739	openalex	work_by_openalex_id	openalex	W2230520750	native_provider_identity	resolve_provider_identity
assignment:85803b88981ae76045a83573e31a1f4e8f060628818b2e98289454755519bbb4	publication_component:citation:publication:openalex:W2231454594	lookup:0eca2ebe87e50f7de794c6a97ad580bbbcc29f976b672f66e1bf4c88013f308c	openalex	work_by_openalex_id	openalex	W2231454594	native_provider_identity	resolve_provider_identity
assignment:7302a471c39eaf70809db6734c18cb5b596d275f0125b081a5eae28dd2d04fa3	publication_component:citation:publication:openalex:W2240742894	lookup:f062a1d5f6dbb688d9f8e6f7bc7563c4a816f0efc0481c95d665d430fc21e07a	openalex	work_by_openalex_id	openalex	W2240742894	native_provider_identity	resolve_provider_identity
assignment:986703107e5b83986939a23bd2d121952fbd8439d822cd88d7a85f1d99570e86	publication_component:citation:publication:openalex:W2246270786	lookup:3778d0a7f9294c01d8663c3a4b6a71cdac69ff8e04f6b8cdffb2c7f225ba7155	openalex	work_by_openalex_id	openalex	W2246270786	native_provider_identity	recover_title;resolve_provider_identity
assignment:edd8843496a86c141412f23b1dbd7358e59349c5ddb7524e071c12381e109b01	publication_component:citation:publication:openalex:W2250455581	lookup:a32dd70027e991f9016ce619fd46394c9598c8a01bc0199547298eca7966353e	openalex	work_by_openalex_id	openalex	W2250455581	native_provider_identity	resolve_provider_identity
assignment:68ddcae515a11a98766be93e22c1b56dec887daab50e5645b5cdf406f6fe66df	publication_component:citation:publication:openalex:W2257724703	lookup:24b25ea7ab7f30e92c1bc603a7d652a74eb0400bc61d19329adf9fda02108c46	openalex	work_by_openalex_id	openalex	W2257724703	native_provider_identity	resolve_provider_identity
assignment:84ce598cbf8313ecb18b820efe7b1b7b6daa25c2e0eb415c55d2cfb4fcab871e	publication_component:citation:publication:openalex:W2267110201	lookup:9f2dc6de63a5f77fcabb48b1f4ed5a3df62c1513f7de7e8a82b654b6154b9649	openalex	work_by_openalex_id	openalex	W2267110201	native_provider_identity	resolve_provider_identity
assignment:132f9858323095f8350730fe6013fec783f2f9c00ccfcb44492bffba07b01798	publication_component:citation:publication:openalex:W2268165181	lookup:274974f76841979cc5691d34650a5872f05194a36015d3e93b5bf155b76034a7	openalex	work_by_openalex_id	openalex	W2268165181	native_provider_identity	recover_title;resolve_provider_identity
assignment:f535e6ca65f9438a2e3f7eb0ebbe9fba2ab145b6b356897aed3fa045f41806f7	publication_component:citation:publication:openalex:W2269331167	lookup:b3aa8232bc4e16eda43355c291486ef4885f4d32473e8ef0ef65aaded1131f8e	openalex	work_by_openalex_id	openalex	W2269331167	native_provider_identity	resolve_provider_identity
assignment:7badc389558238a9576d9622f0e27f3ec8bd5633a2951d22614753a8ea88e466	publication_component:citation:publication:openalex:W2273091095	lookup:879db0277f2f328c693cf4443786e808e334c7050eb581b8c988ca1b335f3e3b	openalex	work_by_openalex_id	openalex	W2273091095	native_provider_identity	resolve_provider_identity
assignment:0c0766ba9ddd57eaf1c6801e0e413618e6e3afb6bb770b87187c6c859562be8d	publication_component:citation:publication:openalex:W2273624252	lookup:75820e5b91eeaa4c69077aeabc0d0c77df29bb0aec135b47ea21b2713f303ac6	openalex	work_by_openalex_id	openalex	W2273624252	native_provider_identity	recover_title;resolve_provider_identity
assignment:a1da2c855daee210b6817dabbfcd39947d2bd26cfd138d14c869062c61b2f835	publication_component:citation:publication:openalex:W2277953252	lookup:d5b579e82af3926c72dc39a65e710607f277191e1b30bb3dfa28779e6a716c3a	openalex	work_by_openalex_id	openalex	W2277953252	native_provider_identity	recover_title;resolve_provider_identity
assignment:52fd2eb5f9c9a173ca3d8e03fe054d816421532169965b4048f65eb1d3b18ed5	publication_component:citation:publication:openalex:W2286690680	lookup:867e77b45c04a23c1bf9296e47d8823291159d0983258c504ce7a580218e5c25	openalex	work_by_openalex_id	openalex	W2286690680	native_provider_identity	resolve_provider_identity
assignment:2e1c1f5ec787d3bfffe91d115faf8b0c3de69bde4c3afcec1bce2c7c2f236f7f	publication_component:citation:publication:openalex:W2288381564	lookup:e2e5c5b0ef177467087b3bf1b6fb84449aaf67e4c3bcf7f91b7682c3f4877a1f	openalex	work_by_openalex_id	openalex	W2288381564	native_provider_identity	recover_title;resolve_provider_identity
assignment:d076174fb507efdea6a59891ade278d947d0db7cdd902771e69d349bccf91306	publication_component:citation:publication:openalex:W2289869270	lookup:0ad0bdbf4278317a1766862ec585a47bbb50a093ca72e715c02e9cac43b8bc70	openalex	work_by_openalex_id	openalex	W2289869270	native_provider_identity	resolve_provider_identity
assignment:352d4f7522b9426de5112a183ec5f11d164f8f57f11ed5532962e931909afbbc	publication_component:citation:publication:openalex:W2290195878	lookup:765820318089ff166bb879b95da221fd0e52019f93b3a9f09869111c4c978dc3	openalex	work_by_openalex_id	openalex	W2290195878	native_provider_identity	recover_title;resolve_provider_identity
assignment:bd458dccbab6db18656c9b420682d1f798b4683884315eae81fb54ac8bbb4f1b	publication_component:citation:publication:openalex:W2291647668	lookup:7e35c705fb6aff6c531c943699c7bf5d6aeacd1abbc3a88e9b93575e18aa9343	openalex	work_by_openalex_id	openalex	W2291647668	native_provider_identity	recover_title;resolve_provider_identity
assignment:b4821770df5543ccb38440c70fe8445f10abec5652ec5a35e093b4960494818f	publication_component:citation:publication:openalex:W2291765035	lookup:942ad83e3adb8f95bb9dfffd7c314bf346966dfff958bad0628bf82f475fceb5	openalex	work_by_openalex_id	openalex	W2291765035	native_provider_identity	resolve_provider_identity
assignment:a6e0cb49f26fbbd027f366302cca1272d7bf4a8ac0485ffbd13432b386347409	publication_component:citation:publication:openalex:W2295151350	lookup:e381f739f67d2240dbf7203e3468a9b3d2b638dd7ccbbd14dd6267c13e46d9b7	openalex	work_by_openalex_id	openalex	W2295151350	native_provider_identity	resolve_provider_identity
assignment:26591b0a9d5b27d0a8a7eb21ea67123a1c483ceb8eba841fcf3ae5c629724044	publication_component:citation:publication:openalex:W2311322965	lookup:4773ceda59e641d6a0be558336e68e780d7d807e4ba3a087d8cf1f66f3dcbc06	openalex	work_by_openalex_id	openalex	W2311322965	native_provider_identity	resolve_provider_identity
assignment:0f4ad7d3932a3bd2be3fa60bdd0b764caa0c72df83b7935df41b2383cd08821f	publication_component:citation:publication:openalex:W2319185332	lookup:efb189f5b25c039547bac36c6f030058d88e389f10021756469e268e140829b0	openalex	work_by_openalex_id	openalex	W2319185332	native_provider_identity	recover_title;resolve_provider_identity
assignment:f3a8e58eaedba445f3a5aca3ec14b58240a913b8845d03577c685fc85dc96df5	publication_component:citation:publication:openalex:W2322358787	lookup:7f983968f7cd6187a96d9357733e9e37e295f1ea0fa2f2f219d827e38e059ab5	openalex	work_by_openalex_id	openalex	W2322358787	native_provider_identity	recover_title;resolve_provider_identity
assignment:37e9dd43d595a2087264e578ff1adff8406c3429c8393e6c67c0eb68743d7f2b	publication_component:citation:publication:openalex:W2322527039	lookup:9404d8f7e1435f7f608b95a69a74d6a349f938ca7895b30b01bc80c287bf415e	openalex	work_by_openalex_id	openalex	W2322527039	native_provider_identity	recover_title;resolve_provider_identity
assignment:b1e2be120a402300085f43a014d169d32b0fa4e3ae412f34976d2f29e42108e8	publication_component:citation:publication:openalex:W2332862580	lookup:761715acc8e563cd3eb377b3bcab10d25cf8f9f4e9f16af3da4904d38d377555	openalex	work_by_openalex_id	openalex	W2332862580	native_provider_identity	resolve_provider_identity
assignment:c2d2d53ba8a4dae29b5879a6dac8e7836698df438e619fb4ddd1bb06f15f3b7b	publication_component:citation:publication:openalex:W2334380117	lookup:3d42b4cb46fb71b29a8edaf5f6a48fcc0d23da533d863f1aee74a281473d6d6b	openalex	work_by_openalex_id	openalex	W2334380117	native_provider_identity	recover_title;resolve_provider_identity
assignment:0c0eaadd20d88be0c046158c8d8162a6ca852190f925fca7c56b2154c806889b	publication_component:citation:publication:openalex:W2335680057	lookup:43a24b94f736d506075faa5fae6fd4e24f39214d36eb16946fb7b4d34ab3100c	openalex	work_by_openalex_id	openalex	W2335680057	native_provider_identity	recover_title;resolve_provider_identity
assignment:68686ab4dd15f91ff829f3a9c6188ab9012f3f5aff3330be1137a37f53c59bc1	publication_component:citation:publication:openalex:W2336330109	lookup:69d2d74844afd056bfa981e23f1fc76fa39dd6dfe8d9e942fec7d6b99ec86294	openalex	work_by_openalex_id	openalex	W2336330109	native_provider_identity	recover_title;resolve_provider_identity
assignment:2be6fb5c83923a1069bf6bcc46822d8d2060dfbdc67516353623b12e1e772398	publication_component:citation:publication:openalex:W2338457743	lookup:c590b18b2726c48e03ad47b60d9ed27302aa984c450860e4559b3dc482aa6971	openalex	work_by_openalex_id	openalex	W2338457743	native_provider_identity	resolve_provider_identity
assignment:afaca4d509b82e587ebf63cba55bba5553902adcdaf5e91231c504a6f27a4848	publication_component:citation:publication:openalex:W2340827469	lookup:905a456d504826708ea53bb83cbe28c5f9dab7b4177e05203f1875ef94b779aa	openalex	work_by_openalex_id	openalex	W2340827469	native_provider_identity	resolve_provider_identity
assignment:929810d049d5b00242b2c93174bc35395ac0642c7094bdb14354100be7e2b8b1	publication_component:citation:publication:openalex:W2341514410	lookup:5316a1a41a2f7b2013b8ac09b128da260a1f6a3089c95051230130e92d717cdc	openalex	work_by_openalex_id	openalex	W2341514410	native_provider_identity	resolve_provider_identity
assignment:22c49223bd9f20a02a5643a9818ff5e74cda446a621d0251f97ccd155a1d13d7	publication_component:citation:publication:openalex:W2342577284	lookup:c6a4b766fa844e5c031af2ac854f1ff71efcf0ad796f1ff6931d4657f664d8cc	openalex	work_by_openalex_id	openalex	W2342577284	native_provider_identity	recover_title;resolve_provider_identity
assignment:95bb7a1775abf24319f5c48b2052f65a4a2b29a61e9cfbc3e21c53b89298d3dc	publication_component:citation:publication:openalex:W2377445633	lookup:66612bf4636a0335ef5111bbc4e9cf50364fac99cab14b5c945c650dc6ef5703	openalex	work_by_openalex_id	openalex	W2377445633	native_provider_identity	resolve_provider_identity
assignment:bb0670580a63c5bab8b51b6736f2dd7946847e1e4434d58702a2fdf14e8d1586	publication_component:citation:publication:openalex:W2396849069	lookup:f8d6dc425e2e73833a7713d689563afcce4c18541d4d021ad8acbf21e0d16ff4	openalex	work_by_openalex_id	openalex	W2396849069	native_provider_identity	recover_title;resolve_provider_identity
assignment:20b51e31c5f8db2017014ccbb7af581d77e19bd360411db40b167e71d3cfa06c	publication_component:citation:publication:openalex:W2409218178	lookup:3f8733b4a0a7e26dcc87ee8dab3e92823b7d8077a6d71193183dd58697ba4236	openalex	work_by_openalex_id	openalex	W2409218178	native_provider_identity	recover_title;resolve_provider_identity
assignment:d372a6660c0ec2b8442a5852fb18a196d12e74c18d5da72ab97e494700cd174f	publication_component:citation:publication:openalex:W2409420382	lookup:3123c5b5e721a7581cecc3bb86cd7e1dce2e8cf5d9bb20b408bb744712a10cf1	openalex	work_by_openalex_id	openalex	W2409420382	native_provider_identity	recover_title;resolve_provider_identity
assignment:7f13390aed97f63f4ab1774cfb3b0020b8145af0541fd69c0d9c541c8fde1f98	publication_component:citation:publication:openalex:W2416133343	lookup:f22409254581482af24274676aaca27e02457a3982eb29d9e39fa094db5b5f7d	openalex	work_by_openalex_id	openalex	W2416133343	native_provider_identity	recover_title;resolve_provider_identity
assignment:fd3c62ddfe2fe8e76a6221eeb3c869a1bb727a6ccf7d89dcfb9ecd7b967faa3c	publication_component:citation:publication:openalex:W2442916229	lookup:5f449e663f707abdb8e36ee5b6a3dbf7f7814cbd1a0da039fe776f905ae94283	openalex	work_by_openalex_id	openalex	W2442916229	native_provider_identity	resolve_provider_identity
assignment:beb2061f3c371f378ab26bc6966170848b2dc254bbef0ad4c019589f605ee94e	publication_component:citation:publication:openalex:W2464814531	lookup:71b236be8e0cb1c9790743a26beb07d1694cf8ddac30ec5cc7a439e5e19fcc00	openalex	work_by_openalex_id	openalex	W2464814531	native_provider_identity	resolve_provider_identity
assignment:5a50e40f56056b3b6c8678eb472f70b39b559ed9bf80bcf122832eba1405bc1c	publication_component:citation:publication:openalex:W2465378687	lookup:86ff37c3026eefd9cc754761ba9994a1214f98553a817557ee1db736e1f41e0f	openalex	work_by_openalex_id	openalex	W2465378687	native_provider_identity	resolve_provider_identity
assignment:c0fc5ba10b7727498085428ebaf834fdc533e1cfb9b66cab83e9bd9bc3f5a24a	publication_component:citation:publication:openalex:W2467434001	lookup:e965ff2c8e870b1c7c7447cf6bef1adf095f7e5419798b570f39e21a85c4a302	openalex	work_by_openalex_id	openalex	W2467434001	native_provider_identity	resolve_provider_identity
assignment:fcdeb88118cfb9bdca4224e06c9f12e4a914ec4dba075bce5299582df8c32ae6	publication_component:citation:publication:openalex:W249038901	lookup:e153154772c52c4c494b6bdb3d20bfd29b202cf844e9c4c0ee7d9a8427ec90f2	openalex	work_by_openalex_id	openalex	W249038901	native_provider_identity	resolve_provider_identity
assignment:4a316005941f3d4719437ce25221b1cd5d02a54113d17ee9f5724528d3e0bc5b	publication_component:citation:publication:openalex:W2507642082	lookup:9cc78073bff49c64e9e1ed536ee6c7972459cdc5efab12ad4fec0859478edc4c	openalex	work_by_openalex_id	openalex	W2507642082	native_provider_identity	resolve_provider_identity
assignment:f38a9c94024152a90a4a0560f229df9b526611aeaa95e4f490c4e69be5b5dd88	publication_component:citation:publication:openalex:W2516104505	lookup:5760255b72c87e53737e5b81864f8bb2c51a408d1a180cc960deedfb00adb162	openalex	work_by_openalex_id	openalex	W2516104505	native_provider_identity	recover_title;resolve_provider_identity
assignment:ec06bb49f17804386b3d4b5832fa18a1a786f7a1d78d37e46ed8a98527fea505	publication_component:citation:publication:openalex:W2523046994	lookup:0545a19c507178bcf7e0d45b25c21f316eac4630e84f8abc944b10c4e98f63de	openalex	work_by_openalex_id	openalex	W2523046994	native_provider_identity	recover_title;resolve_provider_identity
assignment:d40774a15a2477a61a639320ce6e47762daf7ee2d579b884b4930c7fa48bdb2f	publication_component:citation:publication:openalex:W252506560	lookup:9c5cd3b8166d42f83a9f72f6dc8d318d9bc29a22f365550dc8f8446fdb3a97b7	openalex	work_by_openalex_id	openalex	W252506560	native_provider_identity	resolve_provider_identity
assignment:883ae9d59a8da8044e0359f997ca1d59572bddf1bd84f01caa881c16b24452e8	publication_component:citation:publication:openalex:W2527209860	lookup:ca708f7a80cbadb57b30bf1c17af193818773998490d80884c3b208a064ec9ec	openalex	work_by_openalex_id	openalex	W2527209860	native_provider_identity	resolve_provider_identity
assignment:013be3786cdd21efcced8e0fe5802ebae5652d6482febbc2937259dad14c74b3	publication_component:citation:publication:openalex:W2528483098	lookup:a7aaa5e012532782cc48d3f68f1ba3760f0e3c6cf9ab5d482c410f033ed4dbc8	openalex	work_by_openalex_id	openalex	W2528483098	native_provider_identity	recover_title;resolve_provider_identity
assignment:2cc5f8a600d7c108bfada58c202a79a1f4555ec5f5fdd4eab8112070f3969c32	publication_component:citation:publication:openalex:W2548174155	lookup:3a57de2cd949f2e6f77f9de61c1ca166f3fee820c625a2e0b506adeb47efdd72	openalex	work_by_openalex_id	openalex	W2548174155	native_provider_identity	resolve_provider_identity
assignment:63e3f9c92cf73c896704d64f0b175e7276178c153993f7a0a2e641c98e94bd03	publication_component:citation:publication:openalex:W2549828057	lookup:12c568e217068027c4c9841cae9cde3a485ca8cd85acabd48b405e7c620a9f96	openalex	work_by_openalex_id	openalex	W2549828057	native_provider_identity	resolve_provider_identity
assignment:c8d64c21c4df9b092a9202b8e30f092cf6243dcb25ab75d883f944378ff15ae0	publication_component:citation:publication:openalex:W2552587308	lookup:67d0e87e7a61c113ee7032bac7d439cf8dd3699c7014a97912e00b293c4ddb4a	openalex	work_by_openalex_id	openalex	W2552587308	native_provider_identity	recover_title;resolve_provider_identity
assignment:151845c6869c85311919b1f4ed7498bebbf3881323044134d261b804b7ef630f	publication_component:citation:publication:openalex:W2553132434	lookup:93c7c792202382b164d3b396f37f12b0ab9ac4163cd13778f61b01bcbe39f15e	openalex	work_by_openalex_id	openalex	W2553132434	native_provider_identity	resolve_provider_identity
assignment:de49557af22199537df0aa935b77caa972c08baa049cb24bb8840ffa07cb1949	publication_component:citation:publication:openalex:W2553336566	lookup:6e6ccc6b7d096b04bc19cfceaef906187f93539e39e1ea6d706006fcf7cacdcc	openalex	work_by_openalex_id	openalex	W2553336566	native_provider_identity	resolve_provider_identity
assignment:9919418f3f3c313f01d661d4e658952e6c9a7f5db5db3b478ad0ee3b99395c74	publication_component:citation:publication:openalex:W2556315730	lookup:875783ac3777525a5f9ec7a501136f9a9773e6835eaa3861b09c18abb18beb2a	openalex	work_by_openalex_id	openalex	W2556315730	native_provider_identity	resolve_provider_identity
assignment:31930d01450d2224e17629fbaa8f00e664405b859eda2fb71e8a5118749e25da	publication_component:citation:publication:openalex:W2560113207	lookup:b432abb4652d87c6c1711f780c035d2361476ff52900d7f5b149d56cfd5ccbc4	openalex	work_by_openalex_id	openalex	W2560113207	native_provider_identity	recover_title;resolve_provider_identity
assignment:f617c72fc7ad49b49d8b130e08033a072575206350b297583f33d597d3cd2ab7	publication_component:citation:publication:openalex:W2560263151	lookup:5d4b822440989c261161ac6b1793a3e2e24612f963e3134a46c4c54d080f244b	openalex	work_by_openalex_id	openalex	W2560263151	native_provider_identity	recover_title;resolve_provider_identity
assignment:5cdfac95de554f5b2df3062258a615cf114bc22096095de9d258701444540766	publication_component:citation:publication:openalex:W2566505556	lookup:cb1f4d56be2dbefc703345846ec97e725a3ab6a0ed6e5a669728d2f1c32e0fb6	openalex	work_by_openalex_id	openalex	W2566505556	native_provider_identity	recover_title;resolve_provider_identity
assignment:ce5a266f08a84ae2447db0e037a3699a53a9a7be7e7f14fac7ed850f17f9cfe9	publication_component:citation:publication:openalex:W2570111040	lookup:b17e3719b34e3a5aa5108bb80f0e604b9950bb0e232058cae4b04ce2e8ff376d	openalex	work_by_openalex_id	openalex	W2570111040	native_provider_identity	recover_title;resolve_provider_identity
assignment:88b6832f52087a30a1048ef8ad5492020047ed5bf7b4fe22c903c0494cb8ba2b	publication_component:citation:publication:openalex:W2570743355	lookup:31444adc34fa5962a55d43ac5926d0f87f1445b50442768ef46aa5eb1bbeb13c	openalex	work_by_openalex_id	openalex	W2570743355	native_provider_identity	resolve_provider_identity
assignment:4bd9e37aeca09614eca270f87faab305bc6a7c0c723e4991f24f2b7287a286bd	publication_component:citation:publication:openalex:W2572368248	lookup:010d97cbcec2b101e41cd0eecf995e576e0daab8cd657354a5cc39eb422eed27	openalex	work_by_openalex_id	openalex	W2572368248	native_provider_identity	resolve_provider_identity
assignment:c0beb9fb21d13fad6ca80fe4c52931b2a04d404787f286a56d3950a32387f3af	publication_component:citation:publication:openalex:W2586634060	lookup:bb3e03ad62abf76822cf65624cb5448e85765cab7e04b977a93dae5956a1f359	openalex	work_by_openalex_id	openalex	W2586634060	native_provider_identity	recover_title;resolve_provider_identity
assignment:815477f814a77c3086bf10b0eac79261f9cf3792fa79a7ce3413d0626b7de0b7	publication_component:citation:publication:openalex:W2593459163	lookup:20bf0f6951b81fdf94399662524bf158468556c31316d9b5ff5bfc0aa43be12b	openalex	work_by_openalex_id	openalex	W2593459163	native_provider_identity	recover_title;resolve_provider_identity
assignment:417fabed192cf7c51fe24a38f1fec35b4e87a2e543c0fbd1a299461ae2f3582e	publication_component:citation:publication:openalex:W2594042085	lookup:a10060aac1e98a4e6c3450837628a9cfb4360c838d3cd613d0ff4544b7c18959	openalex	work_by_openalex_id	openalex	W2594042085	native_provider_identity	recover_title;resolve_provider_identity
assignment:c29af83dbdac88f4a1b3f9fb7543d5f81f667fc70e978c780d131d2994d82f69	publication_component:citation:publication:openalex:W2596444774	lookup:cbe69a400c835473fcb737920c2e0c215b41803094b6828e8e8b29dca51525b6	openalex	work_by_openalex_id	openalex	W2596444774	native_provider_identity	resolve_provider_identity
assignment:b36260bf49b7888a2b041b028eefe080a5a217c09ccf68191039705106b94d10	publication_component:citation:publication:openalex:W2597290286	lookup:bd0cec337e712ffc9dcdd8c65742b086192930cf6609cce5f4da973d7971bbce	openalex	work_by_openalex_id	openalex	W2597290286	native_provider_identity	resolve_provider_identity
assignment:81c062f77ccafdac7e0000cc5a7e45fc5debea55195efa9f4b8fce070ec43d9b	publication_component:citation:publication:openalex:W2598067950	lookup:38830f0dfbe51b7cbc89881d2b5e1b099e01c748093876ea2dfa352c95d0fdfd	openalex	work_by_openalex_id	openalex	W2598067950	native_provider_identity	resolve_provider_identity
assignment:65041e9911d3c6d6818a2bfe3f9800ef153919baa59d8ee0ed0a332980203769	publication_component:citation:publication:openalex:W2601913882	lookup:52001076f1f0e41e27593edac131f2c5da01b7760de4451bce063a9e77743104	openalex	work_by_openalex_id	openalex	W2601913882	native_provider_identity	recover_title;resolve_provider_identity
assignment:7b7ba10e3de6ae0bf10cb9969eb84e66cde52c6649f6902004448d9e87c09982	publication_component:citation:publication:openalex:W2608137557	lookup:06aedb5c9d4716f3fd9ff5c7c37a7fcf98f3bc6333c39ef329fe984617c4309f	openalex	work_by_openalex_id	openalex	W2608137557	native_provider_identity	resolve_provider_identity
assignment:dcb33ac483263c7f1d259a836bdf6d79adcb289e3df755130165c508b310c99d	publication_component:citation:publication:openalex:W2618642479	lookup:c360c99d68b4d78c846d3071bc47e999445731541c1ac0f0837e6c92c81cf088	openalex	work_by_openalex_id	openalex	W2618642479	native_provider_identity	resolve_provider_identity
assignment:d27f42529892c281820891fd506d3b9ca4acc78c425ae4cf734e169d44f02c8d	publication_component:citation:publication:openalex:W2619313640	lookup:40ad5cab5960a84d95d38212bc822b2a159f6d1a2a5d5aaf5d54e6d5ed364707	openalex	work_by_openalex_id	openalex	W2619313640	native_provider_identity	recover_title;resolve_provider_identity
assignment:b3d7421b0f445de687545ec95b939287745d0c9b32d42306482c2b53949ec4fc	publication_component:citation:publication:openalex:W2619712135	lookup:8336ced77573fe5ee6c5afb051a73bfc5735ca0ead3a6b8767ba6ccd99ed8c59	openalex	work_by_openalex_id	openalex	W2619712135	native_provider_identity	resolve_provider_identity
assignment:59c3dfbca6efa68afd12a46ef8201292d41c86aa48df535ecde3df4c6f6a33ff	publication_component:citation:publication:openalex:W2622784476	lookup:b5cd69eb3c6e2743a986633f515d9dcbc603be3e7b7c2323b1c55c56dbf68d4f	openalex	work_by_openalex_id	openalex	W2622784476	native_provider_identity	resolve_provider_identity
assignment:37a9023de3eb0d16fe0ad026d398bcf3d93555767fb5f76cce188cc2de3e5191	publication_component:citation:publication:openalex:W26419086	lookup:85ec41805a97c0d3cf2951a5f735b3ecd9bf264ecb1d8112a610c08989219be9	openalex	work_by_openalex_id	openalex	W26419086	native_provider_identity	resolve_provider_identity
assignment:157e14f60c71dc6821cf381f0cf39b5f4a94bdadcfe8553f416857f438482742	publication_component:citation:publication:openalex:W273553261	lookup:f7ae1e8b5c1de34afaccc704e07da2ad05a412e8184fbcc1547ecf5d508443df	openalex	work_by_openalex_id	openalex	W273553261	native_provider_identity	resolve_provider_identity
assignment:67b9ca59d54844b9df1a533ad5f3a19c70d6136aa50b9bc95e81772298713ff3	publication_component:citation:publication:openalex:W2741293025	lookup:874d6e5404f8265840abc6e144194ee30461cd76bcd3d8d43413f920e5c65c6d	openalex	work_by_openalex_id	openalex	W2741293025	native_provider_identity	resolve_provider_identity
assignment:dfe8fe1f054bd129fbe60077546b41902f1afe15367c0d29359364c11c55ebdc	publication_component:citation:publication:openalex:W2741601129	lookup:db60f34f3f8bbef25bd014b6815deee15671451fb954b6c60af14cac2bbce6fb	openalex	work_by_openalex_id	openalex	W2741601129	native_provider_identity	resolve_provider_identity
assignment:2a94015477ec9fb63e6d795f5485c500fd7bd54bb005b6b6fd2b5813a20a8f52	publication_component:citation:publication:openalex:W2741748285	lookup:004ba659f77532fec94f7266f2945854bff6969bd05f624bae61c9d84cf1c1f5	openalex	work_by_openalex_id	openalex	W2741748285	native_provider_identity	recover_title;resolve_provider_identity
assignment:62fc7bffa93eca9da7a07b12b4737ba8cb1555b6211c4999afc8fc25f510ad7c	publication_component:citation:publication:openalex:W2747950686	lookup:f981965c3cbbae1d503abb03d6dc4ffc58b175d3f358b7987c343372eafb6b4d	openalex	work_by_openalex_id	openalex	W2747950686	native_provider_identity	resolve_provider_identity
assignment:9d0ff0ed84227419c66ac057031c4d2ac12559591441124ba0803ce8c1fdb350	publication_component:citation:publication:openalex:W2752312824	lookup:ab1d784a5f75b3f48963b7fe8dfe15497efc745d5858d742cd58f297303ab77d	openalex	work_by_openalex_id	openalex	W2752312824	native_provider_identity	resolve_provider_identity
assignment:7d65c4f2878323118dea043e13f239ab8cf7e37aa5e3db5f286020fd5b7f0ce0	publication_component:citation:publication:openalex:W2752848773	lookup:147bc4e4804c482608e648f9716947907b10f02c8c73b18daf8138a1df77c007	openalex	work_by_openalex_id	openalex	W2752848773	native_provider_identity	resolve_provider_identity
assignment:25adc6b8bebcd614e0dd5f97f730fb9b36ee7ca7f9a5fc0438b81e17fee9aef8	publication_component:citation:publication:openalex:W2762828602	lookup:a798757e7567f76fb7ae90a30e2ea481e641296f4ec6126e1fd8daffabfc2329	openalex	work_by_openalex_id	openalex	W2762828602	native_provider_identity	recover_title;resolve_provider_identity
assignment:993eb4e537e8f110e25132bd6c3f05e2b1a096da6f4d1fd69bf57af3b2bb09b6	publication_component:citation:publication:openalex:W2763876765	lookup:34ba6cc48a2d117243f7c1f950cca25473015d7ca17c7fbcd58fbd30640b49cd	openalex	work_by_openalex_id	openalex	W2763876765	native_provider_identity	recover_title;resolve_provider_identity
assignment:2ad0c167bdfbe9117b59280255ad9db2a00fe4fbf079058b4b722e84efe81f4d	publication_component:citation:publication:openalex:W2764256869	lookup:c6865fee0d9aa2f19aa34fa6a3bcd2fd1b550c03f0b96bc29cfc7ab388a842f5	openalex	work_by_openalex_id	openalex	W2764256869	native_provider_identity	resolve_provider_identity
assignment:616daae0fb16ab5e5889410e1259d3cb9719088bbb99aba845584cef24df2e44	publication_component:citation:publication:openalex:W2767254872	lookup:fa6e35fb24381645afc62afe3f9e53f20fdd34bbd75c6ca524deb33c3d3f6193	openalex	work_by_openalex_id	openalex	W2767254872	native_provider_identity	resolve_provider_identity
assignment:2090094413a07aac6dc9fa2c7e798863b7058a956a62b063667577b853b19ec9	publication_component:citation:publication:openalex:W2781089637	lookup:f7bb265e77546acb2107c114522610be3c6f95e9cf819670d221079a1494b115	openalex	work_by_openalex_id	openalex	W2781089637	native_provider_identity	resolve_provider_identity
assignment:fdb7a1869c91845f7ece34b75f071bfd08d1d7b02d97f34caed12b529bd42c9b	publication_component:citation:publication:openalex:W2783758534	lookup:0893b1590ebe9d7039960c8a05bbfe28976cba51e7c8685b692cb9b55560428f	openalex	work_by_openalex_id	openalex	W2783758534	native_provider_identity	recover_title;resolve_provider_identity
assignment:e901b853867d37abf4ff1615a975709044dd0c898f4ea4ad90cf27c4186d0494	publication_component:citation:publication:openalex:W2787110886	lookup:ffde6bdd98212bd74961b73032ad41f0dab2553b514f7d99d4cb92772d1aabc4	openalex	work_by_openalex_id	openalex	W2787110886	native_provider_identity	resolve_provider_identity
assignment:0826efc084620d2986915cd1ef7d2c7b0f8f78052e307f522114f6c0b4b71e9f	publication_component:citation:publication:openalex:W2789571033	lookup:86176aa84fc76c8d657b4b30645c8326cdcdfcc77147d0984edc88d05ca081b7	openalex	work_by_openalex_id	openalex	W2789571033	native_provider_identity	recover_title;resolve_provider_identity
assignment:e52bea1953c98b80a19342223cc3eb5a63c882114088bfe6810a6995bbb6c4b1	publication_component:citation:publication:openalex:W2794335363	lookup:1aef504f63056af56502336545be7c42cc244d16d837682206ec1c47b03d8871	openalex	work_by_openalex_id	openalex	W2794335363	native_provider_identity	recover_title;resolve_provider_identity
assignment:4d5fb0714a72cf2ab74b39189001367b5c2a9640db15f62777baf6f4505387a7	publication_component:citation:publication:openalex:W2799524357	lookup:625dab5aeb73efd6d275f4e9896cc5fd3d254f8a8bce8329ee8d82ef12e3faf8	openalex	work_by_openalex_id	openalex	W2799524357	native_provider_identity	recover_title;resolve_provider_identity
assignment:972bddc51f5b2aecf7c3044512be2bf2ca78cacf78ed9a97af645a6a0f66e4a5	publication_component:citation:publication:openalex:W2799668520	lookup:25d8d1355729cdd0da48a11b85b34e093df3f3412fac5d3870af8837f0c82953	openalex	work_by_openalex_id	openalex	W2799668520	native_provider_identity	resolve_provider_identity
assignment:fe823e94e6cebfc96830b8670bee68e849573655b5403d6f8aacba33b611c8ba	publication_component:citation:publication:openalex:W2802970423	lookup:f61da375d10cc627893a53f341a267f72694ea63c2eaabfcc3a3405fe885d2dd	openalex	work_by_openalex_id	openalex	W2802970423	native_provider_identity	recover_title;resolve_provider_identity
assignment:39246fce312d4b4ae65aef9f1bcb6b414ac70527c25c71fd4083feb2b5109830	publication_component:citation:publication:openalex:W2803413725	lookup:fc40035291aa902102c74f54ccc8383e553de4030b95140143b43b300528233c	openalex	work_by_openalex_id	openalex	W2803413725	native_provider_identity	recover_title;resolve_provider_identity
assignment:3a5fcec36a533df3f672eec4c173edf8f74c2af8685239585d146580e8facf27	publication_component:citation:publication:openalex:W2806384627	lookup:b03f9c79cc04f6c554ca81998dddcc0daa83ac90c9f1cb55cf7909fbdabce6e9	openalex	work_by_openalex_id	openalex	W2806384627	native_provider_identity	recover_title;resolve_provider_identity
assignment:bd574b053f8d2d0bb376f03c4932e4b4780a8722179db5f949b593bce2bec90d	publication_component:citation:publication:openalex:W2807858845	lookup:e4219057d63f9574bddf498c24d2be324d314ea0a22d7254d928ed9911380b11	openalex	work_by_openalex_id	openalex	W2807858845	native_provider_identity	resolve_provider_identity
assignment:e4bc4500cd418ac6de7bf3fcc654b9dfb56615796b0b664023f52360ec9db5f3	publication_component:citation:publication:openalex:W2845591014	lookup:328fd9a963fdf41e8f67de87b558ca0f626d04f224557183f3420df176177b00	openalex	work_by_openalex_id	openalex	W2845591014	native_provider_identity	recover_title;resolve_provider_identity
assignment:2b224c3b80e683be9afed32b2e9b88e0be07a71eaae753c5d6dfaf826d1b4c36	publication_component:citation:publication:openalex:W2883315617	lookup:ef63fc741ce9f18f349e892889f439e2db247e4657e96ac72aca22784f48f00e	openalex	work_by_openalex_id	openalex	W2883315617	native_provider_identity	recover_title;resolve_provider_identity
assignment:2297f3eee9b4dc5b3e08c2f9ec506b8607898e43d2cffe40ebee77184cc17dea	publication_component:citation:publication:openalex:W2886016733	lookup:eb42dd088c7cd2365ec8c6d948b92e3c5d1dc8f60d601aac88c210017851bc72	openalex	work_by_openalex_id	openalex	W2886016733	native_provider_identity	recover_title;resolve_provider_identity
assignment:2688b0c27b259071c4b464513a5253be6ad7b1961959d33a5e324a280ea692ca	publication_component:citation:publication:openalex:W2886720679	lookup:24be5bc11979b80b412d243416f60a793617c93043640ceec36398a6b1b53e9f	openalex	work_by_openalex_id	openalex	W2886720679	native_provider_identity	resolve_provider_identity
assignment:439a718b2c6d0cfabca772f465a55259c731f9090e26166944aa3bc6339736ea	publication_component:citation:publication:openalex:W2887113590	lookup:3ca60e4cfcfedbdfafcdd4044a8530b3e25938a6e6a5b79354ac09deaaa8e14b	openalex	work_by_openalex_id	openalex	W2887113590	native_provider_identity	resolve_provider_identity
assignment:afd2c6433f9fcdd5bf9d0d77f6f9d3670005d459efd2bf46658d3e8e8eee3d53	publication_component:citation:publication:openalex:W2887199352	lookup:46d6d2b85dc6b890a557f3a67bc67028d8f273e44a4270e6e353aca4cbdf8681	openalex	work_by_openalex_id	openalex	W2887199352	native_provider_identity	resolve_provider_identity
assignment:3a5643b2cbc6659fdf6e5e390c3c70743a816221bf9fc1b44a379ca11382f1ac	publication_component:citation:publication:openalex:W2892409874	lookup:c9292e5444cdf680683ca6082ab3835a660aa600252fa8c87fa5a2b8d644739b	openalex	work_by_openalex_id	openalex	W2892409874	native_provider_identity	recover_title;resolve_provider_identity
assignment:0ebdd889d47a05dfbed8d3567599bf5389f2c994c5be5fde2fdb51afea273763	publication_component:citation:publication:openalex:W2896074335	lookup:0593b203059491e9090eaaa4394e8dc0f2ab893b15b4b506d5faeb1bbd2f8c04	openalex	work_by_openalex_id	openalex	W2896074335	native_provider_identity	resolve_provider_identity
assignment:8ee9d18039e4cd5a21ade1eb5fdb6a0c2e377a244289fc0f3380661ff5c8ccb6	publication_component:citation:publication:openalex:W2905699459	lookup:0e0ea539cef0ca6fe54909d5c931e21df228ad2d782efb5ec48f50e70083c9bb	openalex	work_by_openalex_id	openalex	W2905699459	native_provider_identity	recover_title;resolve_provider_identity
assignment:8d5e3b0ee19deb5ebb2afbc94a9206a5c4583cf3a9c58fd73c7edc2679ca70ab	publication_component:citation:publication:openalex:W2913512063	lookup:d9eaf232f615ef39132a4d5bf4fa19a95c243806bb148d57c70518d563551267	openalex	work_by_openalex_id	openalex	W2913512063	native_provider_identity	recover_title;resolve_provider_identity
assignment:65506cce6d19c8abb776f448f21a3a8d71977b4dfaf7aeab7e0be9e964d2d756	publication_component:citation:publication:openalex:W2922528198	lookup:defc7a5cfd1014961ecee617247c9a6dfb0b1d6f057f069177c5586ca91e56d4	openalex	work_by_openalex_id	openalex	W2922528198	native_provider_identity	resolve_provider_identity
assignment:c047ec4f4bdb22ff468c797e31c092975b5a4ffab1b6a0e7d5ba3739565f7120	publication_component:citation:publication:openalex:W2927961455	lookup:591d5cc6d97e2ce0d572fd2963c35215af5c63802440879fb9b500791f05bd44	openalex	work_by_openalex_id	openalex	W2927961455	native_provider_identity	recover_title;resolve_provider_identity
assignment:c7445ea04c0f4e40d5e2095a6a1bef679e7b45275cbd211046ae649f6818acb9	publication_component:citation:publication:openalex:W2930841567	lookup:e261436b2630ac7f6f96816484bf7ae5d1d0a14293a7203303959afdd85dd950	openalex	work_by_openalex_id	openalex	W2930841567	native_provider_identity	recover_title;resolve_provider_identity
assignment:456d1e012aebffa7beb6d7b000df68876954a7152b37cbafe429dce76c9deee5	publication_component:citation:publication:openalex:W2941807936	lookup:4f37721e762566d6b6b0bd6c468fbdf5eb265db0fd7ca2603d62747e8f10cd82	openalex	work_by_openalex_id	openalex	W2941807936	native_provider_identity	recover_title;resolve_provider_identity
assignment:def19e1741bf4fc46d0df97c3c2c8b939abee4f7bdcb97105cb5b26efcadf4d0	publication_component:citation:publication:openalex:W2944656196	lookup:c87f872a624e914223dcee050634e37f5e806f2e92a4a2df4c08566e764c9f5b	openalex	work_by_openalex_id	openalex	W2944656196	native_provider_identity	resolve_provider_identity
assignment:b06c9f5aeee9fe11715e3ef85a561c3787b0fe04afa65f937646aaa3d4ab5264	publication_component:citation:publication:openalex:W2946717857	lookup:f5f4ea4f52d47525e3cde03d2f97b08c68c5a3ace6c5d068688b200be35d3759	openalex	work_by_openalex_id	openalex	W2946717857	native_provider_identity	recover_title;resolve_provider_identity
assignment:84fa1f1c99d11fbe436694773e02a0e0d5378584638cd91d476890591f59e619	publication_component:citation:publication:openalex:W2949239325	lookup:3a154052c28d6e1a36cda5bad35dd71f87b1aa01e829827b9b52e82aa99c90a2	openalex	work_by_openalex_id	openalex	W2949239325	native_provider_identity	recover_title;resolve_provider_identity
assignment:04db8a389a53ecaa1883c60636c89fa4f77fe54cd12d154d4fdbcc470c0a62de	publication_component:citation:publication:openalex:W2949867654	lookup:8f82a17c570a15452888d961f7afa097a371180afda89115611a1b737f9cff2a	openalex	work_by_openalex_id	openalex	W2949867654	native_provider_identity	recover_title;resolve_provider_identity
assignment:5ee1701a899c04af760ea3cefda6be72c94b20d5d66a2c6e8a0e7a956086999b	publication_component:citation:publication:openalex:W2949949561	lookup:2e1fb759d2557d1e4b6dd0cc62c1e5c6ac54a3d2a64dbf79823515b07f6dd505	openalex	work_by_openalex_id	openalex	W2949949561	native_provider_identity	recover_title;resolve_provider_identity
assignment:ebb8e051871d71a53ffe422f5217c2c57f843c4aa4b2db119e6d1790eeb0b64d	publication_component:citation:publication:openalex:W2950672567	lookup:38149301ed07906ee0e4635b5dc4cbda85f35e35f287664c8b07331873a0fa40	openalex	work_by_openalex_id	openalex	W2950672567	native_provider_identity	recover_title;resolve_provider_identity
assignment:6def94af552441436ad38f6cfa40511401fc74d834e9c490011699cf44c39720	publication_component:citation:publication:openalex:W2951043046	lookup:604db4436c39a120c64d49c35945e7afc7c6a8d999a679bb970f6e24ba54f462	openalex	work_by_openalex_id	openalex	W2951043046	native_provider_identity	recover_title;resolve_provider_identity
assignment:055995a23dd9dd5bd3fa1963c486a1d7bccc0fcd506681951bd0d6ea06cf22aa	publication_component:citation:publication:openalex:W2951211878	lookup:dd3cef81e6352dbc8c77795c24b397507b2080b7712176c4ebef78cd22e69dbc	openalex	work_by_openalex_id	openalex	W2951211878	native_provider_identity	recover_title;resolve_provider_identity
assignment:1b4bd21843bf281077781f5f8c015b54c67c183c642b34af53ca734d86ae3c70	publication_component:citation:publication:openalex:W2951878836	lookup:e6253f5d03c94f69f22ed308cd442df76d1774f466f484a5878f4a41c2a4fe2e	openalex	work_by_openalex_id	openalex	W2951878836	native_provider_identity	recover_title;resolve_provider_identity
assignment:7ecf6a2af8a2529f8b3345d470bc535f99ead19c3b67c5807cea045caa464bce	publication_component:citation:publication:openalex:W2952045272	lookup:68b2b5b8cdb5d8324b33a5507a144cfaf167778f8f04a7d1aae8c614d5629dd0	openalex	work_by_openalex_id	openalex	W2952045272	native_provider_identity	recover_title;resolve_provider_identity
assignment:260052874f44f3117becd05277d42406221658a5428e2ddd1434b1594864717b	publication_component:citation:publication:openalex:W2963529202	lookup:2fdfdef88937270028d809e1e329681309b0e6da3ecdd88e5583c4a84aa24462	openalex	work_by_openalex_id	openalex	W2963529202	native_provider_identity	recover_title;resolve_provider_identity
assignment:52f666bb2a946e1f31f33cdc02bf1e3a728c390626c9c9d1e0f9fe643f6fb2a3	publication_component:citation:publication:openalex:W2964282341	lookup:1a25bcdd8e942baba4d1223b257b03566e921066aed3703b6084dca974e19d2d	openalex	work_by_openalex_id	openalex	W2964282341	native_provider_identity	resolve_provider_identity
assignment:2b8c211ca0a4c3bbeaa3a658e5b638ec97f0cfba45c9f824ce276d0b9b0add98	publication_component:citation:publication:openalex:W2967021531	lookup:ef842921db992d96d5bab8347b15d7d6dee6f3ef936ca1e3935f0984ceeccf9d	openalex	work_by_openalex_id	openalex	W2967021531	native_provider_identity	resolve_provider_identity
assignment:7813a3b6af888fc03bad048412c5273b71d6539a54b597db8ececd42e548bdb2	publication_component:citation:publication:openalex:W2969372055	lookup:76dab7d10a1f0902b0061092ddf8259cabdb072645a41bdbe7f71e7ecbcbbda7	openalex	work_by_openalex_id	openalex	W2969372055	native_provider_identity	recover_title;resolve_provider_identity
assignment:28bfdb45417cba9cf0e834604b347afc7a4ef046863cb34fd75c0b349770e319	publication_component:citation:publication:openalex:W2970252037	lookup:6d45c5b6f50f2401f22acf5fa81ccc6593d983a49d08bcaaccfd2e2d76f694df	openalex	work_by_openalex_id	openalex	W2970252037	native_provider_identity	resolve_provider_identity
assignment:d81aa6536d3507bed746397f403ad671a3488480de23a2d60bce66443fca9cac	publication_component:citation:publication:openalex:W2973908949	lookup:8e17819afa241170b70a960a22b5177144659bd5d0ce9e9a09a2a7ac9575989c	openalex	work_by_openalex_id	openalex	W2973908949	native_provider_identity	resolve_provider_identity
assignment:b0e0a387c4d287517447fa3c8b7b224b5a121e469ee856c047af9bbf7a7d83f6	publication_component:citation:publication:openalex:W2991219963	lookup:b81e2316aa9ee6bca7a5ccf1f19ff44221a88cdd134b5d0f09f9811f5dbba08f	openalex	work_by_openalex_id	openalex	W2991219963	native_provider_identity	recover_title;resolve_provider_identity
assignment:eff800a161330687a34dc77796c33bd53a06912f28bd01ecdc38265f5474ba35	publication_component:citation:publication:openalex:W2991497114	lookup:2964ce8fa7f3dcf77f89414d928979fb3776da7d6b20a4cf93d8421a29abcec1	openalex	work_by_openalex_id	openalex	W2991497114	native_provider_identity	resolve_provider_identity
assignment:3554d027a0cbd9184bdb50ca733603eb4b080697a07fbcecc8999df401c6d990	publication_component:citation:publication:openalex:W3003521128	lookup:3e89727172cc11ecc10b5ba8ea62bc928c5eb31f28921901c6eeee5e89385622	openalex	work_by_openalex_id	openalex	W3003521128	native_provider_identity	resolve_provider_identity
assignment:1331db458ec9eb1e06fa25399b2e614363b9d1e26e905af95d4087c00750f37e	publication_component:citation:publication:openalex:W3005235420	lookup:cb86c0d466ce960c3a2e5f463e36bd4d9dbd05325d971cc97465d3147fb1b8fc	openalex	work_by_openalex_id	openalex	W3005235420	native_provider_identity	recover_title;resolve_provider_identity
assignment:7f7a9702dd4448d537ea0129f355b5dd0f067c084ba52b3cb72489d03ab2197b	publication_component:citation:publication:openalex:W3013094827	lookup:83430228b9dcd1daa464012d041624404f5b366506980baa3836e310ca479554	openalex	work_by_openalex_id	openalex	W3013094827	native_provider_identity	resolve_provider_identity
assignment:5ed47872cdddc2eb4b0f6882ca937c1ba749415799ac59665abdf6685ad58682	publication_component:citation:publication:openalex:W3027208771	lookup:7f8fcd6012d125ea382026e78374b06e02e1174b589df0bf676d91353ff1c259	openalex	work_by_openalex_id	openalex	W3027208771	native_provider_identity	resolve_provider_identity
assignment:5f5f2bbed7857081b63ed5710964a54ce1cc4056bcce3348d6b4f624430a041a	publication_component:citation:publication:openalex:W3045878198	lookup:dfc6a17d4838decd9de340e0194a5458223ac3e9a9c34f0006d8e420f69f56fe	openalex	work_by_openalex_id	openalex	W3045878198	native_provider_identity	resolve_provider_identity
assignment:e7a5fbe26c830f9dd244e527e7c7337d3da0b65ec6f3950c02b946a03eb72693	publication_component:citation:publication:openalex:W309066717	lookup:0d5662b36049959d9fe645816de7e51ffec7c3ed0a60f84252f8de09bb52268a	openalex	work_by_openalex_id	openalex	W309066717	native_provider_identity	resolve_provider_identity
assignment:994a4b7ac8d213e247b981fc90a8ac7257cfa4546c4efb338193dada54ae4491	publication_component:citation:publication:openalex:W3093174083	lookup:b526c4802943b34a835f4e11a6ce3fe802e54fcc459bdca1a51e960fcec5dc23	openalex	work_by_openalex_id	openalex	W3093174083	native_provider_identity	resolve_provider_identity
assignment:505164e0cdbcf29ac9b49cb86f6fbc9332d788c0224fa69058bf427e3bb29b6b	publication_component:citation:publication:openalex:W3096619306	lookup:a53c067fa4995fa853c02c5e8f5ff1d1e31ab3786b8b6389c479e1d2c55340b8	openalex	work_by_openalex_id	openalex	W3096619306	native_provider_identity	recover_title;resolve_provider_identity
assignment:7e803e28944f1aaaeeb622f704d78678f9221aa844b555d2085589d64a3fe8ee	publication_component:citation:publication:openalex:W3098202346	lookup:9470698de3a0b567d99d9cf206736b274f68c23630d1409ccb779722aaadf7ce	openalex	work_by_openalex_id	openalex	W3098202346	native_provider_identity	recover_title;resolve_provider_identity
assignment:89711b6fc23666c0acb5b5689e64ee4895507842052096e7c9ea5a97aaef256c	publication_component:citation:publication:openalex:W3100998278	lookup:81597238e2ee73bb8073ace88c840ee74b15ceb37563d685d1de1f470d94a196	openalex	work_by_openalex_id	openalex	W3100998278	native_provider_identity	recover_title;resolve_provider_identity
assignment:609b4f9f5833b22dce9f6d96266d0f3cc5204a2663321ab602f800f522408b2c	publication_component:citation:publication:openalex:W3103572119	lookup:8f7784d63b22eff8d94b45d57b0fcf8cb1feda8c57b8d4f96b844b8cc0d9ad08	openalex	work_by_openalex_id	openalex	W3103572119	native_provider_identity	resolve_provider_identity
assignment:d7783a0584a7ca714aebc5408ebf29b584f36ff69a1f216064ff45226dbc6d9b	publication_component:citation:publication:openalex:W3110909731	lookup:39df1f3a5f7487497ac9a4ba0224a72bda005fec5edcbec209228bcf6eba9ae3	openalex	work_by_openalex_id	openalex	W3110909731	native_provider_identity	resolve_provider_identity
assignment:30f0769ba3403ca5facd3e37a181dcf3da16ad3202226e8f1d4245296cfe083f	publication_component:citation:publication:openalex:W3141493977	lookup:1fe4c43af6ff9268251a10b08c283f84221a36ec8469a1fe591092fb3fd61843	openalex	work_by_openalex_id	openalex	W3141493977	native_provider_identity	resolve_provider_identity
assignment:f533d2012bcf7f4b4844d9b5fbe26fef956293ea728302c3a80e4c0d46fe5f0b	publication_component:citation:publication:openalex:W3142773195	lookup:334cf0b3d1b41412c652837d2764ffe8f4bebb43a3e19664aa3716bba60e6e02	openalex	work_by_openalex_id	openalex	W3142773195	native_provider_identity	resolve_provider_identity
assignment:67216a01ecea52a0584c465f5ff2659632e56a8b09bad0ab08612a613c48d4bf	publication_component:citation:publication:openalex:W3145418930	lookup:ed2b39b6ceca99acd0c20e529189cd12e021230797f13ab6fc7055c14ab009e7	openalex	work_by_openalex_id	openalex	W3145418930	native_provider_identity	resolve_provider_identity
assignment:cf723fe589687ed2c18de05c4b01a5e3d90b6ed41902480b65916bed566f5a74	publication_component:citation:publication:openalex:W3146397058	lookup:8b3f8772b4959732eb2d556b3c65e96c78ef65b8fee513e4927279809ab42fbc	openalex	work_by_openalex_id	openalex	W3146397058	native_provider_identity	resolve_provider_identity
assignment:fa60689d4cded92ffea1dda6b2c0373b3ae4a2162eed05a91caf5277b28a6f3c	publication_component:citation:publication:openalex:W3148675453	lookup:174db03eaa917bb57ed7e8086f41ba635c5f2b63528c717bd83487b3f75cb944	openalex	work_by_openalex_id	openalex	W3148675453	native_provider_identity	resolve_provider_identity
assignment:4ead6cb7c0fbcc35f26e207bfc59019c8f2b4e96aac66e306fa030ea820342a2	publication_component:citation:publication:openalex:W3149637834	lookup:548e1fd7058e1a80f8950bd852e55c152b9ae22a3662ab33545f0007d066400b	openalex	work_by_openalex_id	openalex	W3149637834	native_provider_identity	resolve_provider_identity
assignment:8b86178b3a7a4d62cee3bacff13daef81b5aeaf57990d6deb9d876f6b00b0bb1	publication_component:citation:publication:openalex:W3157215791	lookup:566d51491ca16e084e09a75ca48dad178e7865e9a64e7f3a334baecf8a395a30	openalex	work_by_openalex_id	openalex	W3157215791	native_provider_identity	resolve_provider_identity
assignment:e69b30351c921d2e492fd6681f614e70d851e11deff6129c615f9ada4433685d	publication_component:citation:publication:openalex:W3157719597	lookup:441eb460d10b1e7704d9a14ac6dc0226a0ad19f6440dd9f59a3bab53286c0d56	openalex	work_by_openalex_id	openalex	W3157719597	native_provider_identity	resolve_provider_identity
assignment:ef0277b027675c50986adf24460b7566d365a487314027f78d00416a646717ec	publication_component:citation:publication:openalex:W3160736576	lookup:c5c53305e34b1c1e896e63dcf5cb5ed7bf5424bf6c196716326f3c663aa5699d	openalex	work_by_openalex_id	openalex	W3160736576	native_provider_identity	resolve_provider_identity
assignment:6ff38da5806dfa98277a87b8c446cf280b2d8d74da9c206fc03ef27059cf04ee	publication_component:citation:publication:openalex:W3187962553	lookup:161294598a05d34a518d2a5ca3c749300281841a3da6891dc82608faaef134e8	openalex	work_by_openalex_id	openalex	W3187962553	native_provider_identity	recover_title;resolve_provider_identity
assignment:e5307c042a05df20109a59623eccb040c8eb6bf0d9fe62f73bd742c115469b0a	publication_component:citation:publication:openalex:W3189492453	lookup:cce1cf6c6b5dfd62e5879b6dc99d42c52c52dbc4412aabe4e93c155f059db370	openalex	work_by_openalex_id	openalex	W3189492453	native_provider_identity	recover_title;resolve_provider_identity
assignment:ded2378a6014c04846d31ac77356cc1f3f859c6af6b6a49ce10c9b358482de20	publication_component:citation:publication:openalex:W31967665	lookup:18cd57ad7e46f07221b7ba90f83942b2300b3ad49a5f1eb4993ab41851c12342	openalex	work_by_openalex_id	openalex	W31967665	native_provider_identity	resolve_provider_identity
assignment:b06b88b731bb61741402f375fb8179c6ed2959fa32f3c32baeb65f4b5662585a	publication_component:citation:publication:openalex:W3196821031	lookup:deb6a7dcce0e5b9c222cb6c18c4ef68b83e2a50dfb283439c1094e5c438fdf56	openalex	work_by_openalex_id	openalex	W3196821031	native_provider_identity	resolve_provider_identity
assignment:9138714a0a72090e179c79153fe9e76690de77d3b3fe046e1fbce60d9ef837ab	publication_component:citation:publication:openalex:W3212943072	lookup:99fe357f9108f00781457b26d5dc1bb0e7a3f5335be23abcda2dd3fbf355cca4	openalex	work_by_openalex_id	openalex	W3212943072	native_provider_identity	recover_title;resolve_provider_identity
assignment:20e5d31cad8d1161afed7bbe2ae2568583871c9ac26f6edab06adfe07d88699b	publication_component:citation:publication:openalex:W34145765	lookup:ffed62831eb576a03337acdb976153ff4a323c52677c2bd1045d1987532fbfbd	openalex	work_by_openalex_id	openalex	W34145765	native_provider_identity	resolve_provider_identity
assignment:5febd1d937877cfa02201ff42993b5fa9657934dc1bff54029f9881b1b6db583	publication_component:citation:publication:openalex:W35467052	lookup:bd7c0d97528034240b82e77a950b5dbd84d912ac218806d0643e4c970b05c98b	openalex	work_by_openalex_id	openalex	W35467052	native_provider_identity	resolve_provider_identity
assignment:12fddda09a3c8032a05a45b71f71778bb6b3bfb81e4c9b9c5f94a40bd3f8a5bb	publication_component:citation:publication:openalex:W35824376	lookup:106fa8c44e661a9e6f89a48cc2b7bcc4bac6b357015ac9797584f332dd899694	openalex	work_by_openalex_id	openalex	W35824376	native_provider_identity	resolve_provider_identity
assignment:05326a7810fbe10e2a15d6babfa5c92e49b717e13fb7c3c544ba381a2d09f42f	publication_component:citation:publication:openalex:W37160724	lookup:c63ef9f28856ce8756b1d43bf982bca3b9e3b3e16a4413ce5572f848e11332e4	openalex	work_by_openalex_id	openalex	W37160724	native_provider_identity	resolve_provider_identity
assignment:bd84c981c15a6982b502c2d8832dd8e74aa8afe7ac81f388ed81162d40f612e9	publication_component:citation:publication:openalex:W39373803	lookup:1ddd4bb4fd7b888f7dba9d9ff326a39c445553040b349be6f55890307217a5d3	openalex	work_by_openalex_id	openalex	W39373803	native_provider_identity	resolve_provider_identity
assignment:62ca610496406327df47ab081979b1b1c874be5d1150d1f3a04cd64a583f0444	publication_component:citation:publication:openalex:W4205666856	lookup:6545dbb87a2570148bd1077c372b9655a3a1af5230aa24ecfe68788babac641c	openalex	work_by_openalex_id	openalex	W4205666856	native_provider_identity	recover_title;resolve_provider_identity
assignment:80c4ad65ed8d321939ede5f29c1955657daa70a0379fd5daf77892dbe28e5bd5	publication_component:citation:publication:openalex:W420957490	lookup:2c7f6f435dd743240e79245b7fe6424912181d6442b2c916ec5d6d4b1cb494bc	openalex	work_by_openalex_id	openalex	W420957490	native_provider_identity	recover_title;resolve_provider_identity
assignment:eae90238f08e771ae081f0b89ef84172ac3d5a9ae9c9a9f91439e83ad0887825	publication_component:citation:publication:openalex:W4210401154	lookup:5febd560cc60eb0271859f48b83b7339a6e296fc85ae916de177c91af9217b62	openalex	work_by_openalex_id	openalex	W4210401154	native_provider_identity	resolve_provider_identity
assignment:bb72b7fc48cf526dc8fd4470b9de8639da8b5ff7b948b17528a25486af837634	publication_component:citation:publication:openalex:W4210633230	lookup:d32229000e6c7db51843210877aed9c16ea957a3b2d65877bc98264afdc3a45a	openalex	work_by_openalex_id	openalex	W4210633230	native_provider_identity	recover_title;resolve_provider_identity
assignment:47b94ac4472ce0b8ee791449938a802c24ce953cde6757ea92b828622e262ed3	publication_component:citation:publication:openalex:W4233815609	lookup:375052445126442825a6d546a67f06fae4fc113fecff201f4f4c67f67a94970e	openalex	work_by_openalex_id	openalex	W4233815609	native_provider_identity	recover_title;resolve_provider_identity
assignment:34a8c916e6ada0496b854d50f0f7614ac1efed15e225710a4b479cf47d394e3b	publication_component:citation:publication:openalex:W4250847479	lookup:b40bd4ad49ded8971296d1f2e2a5e9de7028d93acf42d3fb495fb193f57ecf08	openalex	work_by_openalex_id	openalex	W4250847479	native_provider_identity	recover_title;resolve_provider_identity
assignment:5d63fd410a4e69cd42be22d65b1ce3a517acbe2ecfd93de93032349315196b06	publication_component:citation:publication:openalex:W4256620417	lookup:a6b5766b0af2b171507b75b5f71791b452a4eae1a986e9e4b34a0d00d68f9e21	openalex	work_by_openalex_id	openalex	W4256620417	native_provider_identity	recover_title;resolve_provider_identity
assignment:40096e6e6013b6abdf6c5604e489d2a9bebe45e107470b0faa0725ee50006307	publication_component:citation:publication:openalex:W4285719527	lookup:7cb3fe2985f5286cb601258b1d845581dc9d6ff4367c34b23ff867490f1e9cce	openalex	work_by_openalex_id	openalex	W4285719527	native_provider_identity	recover_title;resolve_provider_identity
assignment:61d006b92aa43def98ba837224b27f7c686606281b723389467ff57b609c7859	publication_component:citation:publication:openalex:W44719502	lookup:826ca6e7021decf57e149888bd6fd68caa54988b2dcb5cafec587b05f1a82fbd	openalex	work_by_openalex_id	openalex	W44719502	native_provider_identity	resolve_provider_identity
assignment:87136b05b1760d6d70f2af5763c6aedcfb1c1fbcdcc1ba93451e45f17b148fc8	publication_component:citation:publication:openalex:W51621268	lookup:02be1fb877560ac90f3acb8b8cb2dc80144fc82b69269738aa47abb50efa7f2e	openalex	work_by_openalex_id	openalex	W51621268	native_provider_identity	recover_title;resolve_provider_identity
assignment:c1a3a3256912fce53b1443428368e9e2b80d4d0f89cc9f883fe71ed75591d061	publication_component:citation:publication:openalex:W585037855	lookup:da72bd6ca7ab7a22859db462cd6bc9ba2bce723eab9a6696562c085d7caa600e	openalex	work_by_openalex_id	openalex	W585037855	native_provider_identity	recover_title;resolve_provider_identity
assignment:3bb828466257bb4e75d5699a390e151f13432a8d2f44bc6477ea116e909dbcdc	publication_component:citation:publication:openalex:W615931334	lookup:f03fee3f6764a44a57352a51d57aa9a7519aacce9ce1f24d28a76cbb21c4c5b5	openalex	work_by_openalex_id	openalex	W615931334	native_provider_identity	resolve_provider_identity
assignment:87f981561688692731b3d151a1312d5599bd68addee48e3c4d47fc0bfa66e2b9	publication_component:citation:publication:openalex:W616901932	lookup:ff72937fe40e241ebd9e0bf64cc3a2c245559b7367cad78749fb7dd95d5f9bf3	openalex	work_by_openalex_id	openalex	W616901932	native_provider_identity	resolve_provider_identity
assignment:731ba871ea0153f1f8d9ca164dee8cf91b160ab518b9bfd17f2fe1c9499480d5	publication_component:citation:publication:openalex:W638482479	lookup:7d8430f4422d6590cd0b2b9b8bf009ad4212434677fcea796a9f654ef2774779	openalex	work_by_openalex_id	openalex	W638482479	native_provider_identity	recover_title;resolve_provider_identity
assignment:6102dab9ec0599ca20ea3852f4b8d67bf6cb1e319b2f10e4c7c31fae215e2638	publication_component:citation:publication:openalex:W652850555	lookup:f163f9de73eae53d4051f02e1319ed3ffd269f662798aa2d549eb63673a68aa6	openalex	work_by_openalex_id	openalex	W652850555	native_provider_identity	resolve_provider_identity
assignment:5d2a7e1d1a45ebc5cb1a4a08ef97fe1ce4ace1c61c2dace027955554a5abfeb0	publication_component:citation:publication:openalex:W652889108	lookup:41f07f3eea80807f9fbcf4b3ee62b5774c1e19711bdacb70a99e914e89776b51	openalex	work_by_openalex_id	openalex	W652889108	native_provider_identity	resolve_provider_identity
assignment:1f30dfa351fa3782b7cf12d660d7831ec26e1d615a6bd687b0b1a05bccfe284e	publication_component:citation:publication:openalex:W6537587	lookup:d42e033c737608b49af4b9e659a10fa623cc977b130ae836bd66f38e80d8380e	openalex	work_by_openalex_id	openalex	W6537587	native_provider_identity	resolve_provider_identity
assignment:8b402cc1ed4f24ff39776909f36c98926e05997598606cde3b7ce62b8e00329c	publication_component:citation:publication:openalex:W655654533	lookup:3f16121fe76049b5357f6000e3f7089b80e0ab674e47913e7e1173346253271d	openalex	work_by_openalex_id	openalex	W655654533	native_provider_identity	resolve_provider_identity
assignment:7a4d096fe55554401d4273ac88515bea934d412341255a94fb23b3aa3b442cd5	publication_component:citation:publication:openalex:W6605527094	lookup:28f8c0f3623865a7c39897e60a1a33f990a2f8ff9b7e1b072fcbc10ef51b6cf4	openalex	work_by_openalex_id	openalex	W6605527094	native_provider_identity	recover_title;resolve_provider_identity
assignment:8fbcede02ef0a0abe54df879967a714b2f4123c9119e6c06dea02ed923455964	publication_component:citation:publication:openalex:W6631401015	lookup:1a985ebee3e128dc6b91058fcefcf125bee2fbca7abb4246b3d60b5dfbed7b0f	openalex	work_by_openalex_id	openalex	W6631401015	native_provider_identity	recover_title;resolve_provider_identity
assignment:7e05d07e34c9ee1826d09f528048211d167673a47ff67153088ca58ac601d814	publication_component:citation:publication:openalex:W6672639573	lookup:c4c3835b7e2d617979bd04be795cfce242abcb8240c1af13db9200e55448d7f4	openalex	work_by_openalex_id	openalex	W6672639573	native_provider_identity	recover_title;resolve_provider_identity
assignment:7b83fef7f9777c421826093ecbaf61db2fee969cc987c8fba8cc6fecfa0c1039	publication_component:citation:publication:openalex:W6678230397	lookup:26fd6966d94d5349268a7927524e0b1c8cbae0f8341168c5b7326d6ad618d8e1	openalex	work_by_openalex_id	openalex	W6678230397	native_provider_identity	recover_title;resolve_provider_identity
assignment:cd82701838cbe1fd0f164719b068111c885b38b49630090911f4483792c44bc4	publication_component:citation:publication:openalex:W6681312866	lookup:4467bdcc2a5ae8b009b806cab9754431b2a6cf6d706c1f911493259537a996e1	openalex	work_by_openalex_id	openalex	W6681312866	native_provider_identity	recover_title;resolve_provider_identity
assignment:176aba50d7211c08a897ff4b7da71eff6442b1631fcca907e6a34f1b2e5c1693	publication_component:citation:publication:openalex:W6731978992	lookup:9c5ed166dcdff50d2ee985fd675dd567e3ff721b00b42cc485eef1acb10d5028	openalex	work_by_openalex_id	openalex	W6731978992	native_provider_identity	recover_title;resolve_provider_identity
assignment:5dfbcc2b2e92d8ee4dcf101ba7164badbd5aa6c749aab29c7b9825005dc3ad33	publication_component:citation:publication:openalex:W6757627815	lookup:ec555c609bad0221a75362e3bb81aabc6701b80e36132558bc2612e325d132aa	openalex	work_by_openalex_id	openalex	W6757627815	native_provider_identity	recover_title;resolve_provider_identity
assignment:123266d85ff47bddc0722fb32193182b3505e6536b9e2bd83cafbd2d3734f37c	publication_component:citation:publication:openalex:W70188369	lookup:cf05da50de5590fd239af2e7ca3ba51c723a2778f93612ebcd61c9f25f4ed950	openalex	work_by_openalex_id	openalex	W70188369	native_provider_identity	resolve_provider_identity
assignment:3d2d4e721dd6a00d174ff911a5ac5fa5ac882a79031a199da63119027d42c101	publication_component:citation:publication:openalex:W70238153	lookup:13510594dd6354dfd643b7b9dee844d114c40d30c24746b670d7927d1662ae19	openalex	work_by_openalex_id	openalex	W70238153	native_provider_identity	resolve_provider_identity
assignment:60af35426a28918ea5f87682fb28a0a7b7de1fec5e1b3fb1562b9d67619ee9c8	publication_component:citation:publication:openalex:W7120345185	lookup:2d04fbebf65a98bc715e572e2e0b3e252d30ad180ec937cc6375b5664a77843f	openalex	work_by_openalex_id	openalex	W7120345185	native_provider_identity	resolve_provider_identity
assignment:52f660e58190825dc9416e09fd36ad8b28a7a12e0be278c73c8677588d55e329	publication_component:citation:publication:openalex:W7139650502	lookup:7b51d2fad78599634bbf552710e2a595f19aad027db7cf5a24a5d585b1c73bfb	openalex	work_by_openalex_id	openalex	W7139650502	native_provider_identity	resolve_provider_identity
assignment:0e4c25e69c0557c88edc910cdf4e0c209e60f82b09a499303c59e15c745cdad9	publication_component:citation:publication:openalex:W7163205	lookup:49779861a413db685ec90da70fd29fac76ac787d9b274dafb1104bd4bd85a398	openalex	work_by_openalex_id	openalex	W7163205	native_provider_identity	resolve_provider_identity
assignment:25eecb1c6685f370a5a9ad2bac34d8c9aa43e32b842135b111c88c2941ae7c04	publication_component:citation:publication:openalex:W765196177	lookup:52b0c6628b7bfadbaf9747ef5847e1a53d77570edb192446770203b42ce9c514	openalex	work_by_openalex_id	openalex	W765196177	native_provider_identity	resolve_provider_identity
assignment:46ba444a89e612a12056cac2247a54cc7c20edec80703bf4589ecada89328369	publication_component:citation:publication:openalex:W858096626	lookup:538638479025a1b2f62bbddcb542c2616d195353d5a532ebeaf3f177348570f2	openalex	work_by_openalex_id	openalex	W858096626	native_provider_identity	resolve_provider_identity
assignment:3eaffe9965ff3fcba1444bc23652d9b0a47d82d640c71f65a3c24be3b1219c89	publication_component:citation:publication:openalex:W85922227	lookup:d2d80c20273947872f6d86982d3a1f4078633d9b6dd0b54878da530672f9fa4e	openalex	work_by_openalex_id	openalex	W85922227	native_provider_identity	resolve_provider_identity
assignment:ae241316641428639d809e34bb8d4c9b0d76d8fa03f3bbcca43456dc5de63d99	publication_component:citation:publication:openalex:W86093671	lookup:162d6e01700122aee55458c2761f65a05ceb467ae580e04ce5bf01df64904d93	openalex	work_by_openalex_id	openalex	W86093671	native_provider_identity	resolve_provider_identity
assignment:d38825eaf6045d33b38b0015eabc69afeb20b831e762cc21ddb3b200693c0b4b	publication_component:citation:publication:openalex:W869654189	lookup:9aa35daf47677a48348c6c93465d4848a58ef3eb16a3d8c535f5041b020ddc55	openalex	work_by_openalex_id	openalex	W869654189	native_provider_identity	resolve_provider_identity
assignment:ba447aaf7088bbec3baad062184636b27b8d996c2cdee96680e20cb57ea3a949	publication_component:citation:publication:openalex:W884650706	lookup:eecbdd54bc7c600f17b090685bef68a00469ffc98bfab74441793d5df2492621	openalex	work_by_openalex_id	openalex	W884650706	native_provider_identity	recover_title;resolve_provider_identity
assignment:737685c8c8c60ed306977bbfc682a774cf921b0c0ee747384f84edc0a7ff28b7	publication_component:citation:publication:openalex:W96948675	lookup:40b81184ed187a793da635b8e3165cdcfe7e5ae9a9e82903405a2419152a5445	openalex	work_by_openalex_id	openalex	W96948675	native_provider_identity	resolve_provider_identity
assignment:4f697a5e932506243ce3140b7c1473485930d51a711c4ae4680bad234c678530	publication_component:citation:publication:pmid:17096474	lookup:7134c0c4c7469f1ddb0b5d2c13e5b068caa7fb49ed47cfde51091d0234c19f1f	opencitations_meta	metadata_by_omid	omid	br/06104275641	native_title_evidence	recover_title
assignment:29736b0b93bc42da09ed8f86a303667d2e0fea85c3a6e27578923fce588b49dc	publication_component:citation:publication:pmid:19625772	lookup:fdecdc8c7af167fe14a82c04b117cc909454e84535fca6d27c07e218fc962556	opencitations_meta	metadata_by_omid	omid	br/06504232088	native_title_evidence	recover_title
assignment:0a4195b1c295e6507d7a57f9517cb7a7e095b66307cf4d351853a84e18cfc9c6	publication_component:citation:publication:pmid:34150017	lookup:ddae02f05aafca5848d4c7b78ffc13119f87cf4429c0a645297968aa713042b1	opencitations_meta	metadata_by_omid	omid	br/06104235191	native_title_evidence	recover_title
assignment:1466f39eb8b945c461ba9aad3ec3a9d56cac6023283ac1c5634d32ea187ab5b4	publication_component:citation:publication:pmid:40390269	lookup:b3dda4729e44ed564222165d6327fd81acb9d79385e2674b9ce64f7b350244d3	opencitations_meta	metadata_by_omid	omid	br/06029566609	native_title_evidence	recover_title
assignment:ae0eb56ec6611a338e7d7d6a469e90612b035dd7d467b6347b5d312bc991ed95	publication_component:citation:publication:pmid:40407132	lookup:dde305307161aa6ff431af84b966943421926f300603c9365c8b705d6d5f710a	opencitations_meta	metadata_by_omid	omid	br/06029567366	native_title_evidence	recover_title
assignment:b1a473b8f6594e8f08772825ab5f1870db1a5f193e80a4d783a6445f397d9d4d	publication_component:database:publication:doi:10.1002/ece3.2017.7.issue-7	lookup:726d7274bd662d1c34ef37ec307dea50830a39dd22ee019e7d87703b019e8662	openalex	work_by_openalex_id	openalex	W4235114835	native_title_evidence	recover_title
assignment:2511503db05bb9f36868ca183d6048ed9766f8e0f98b6674e68daa40d97d535a	publication_component:database:publication:doi:10.1002/hep.v24:3	lookup:8856eba4132891e5cfb555b7288e6fbda3592a524a58133c2bf5669d6317e973	openalex	work_by_openalex_id	openalex	W4230240894	native_title_evidence	recover_title
assignment:bc9f407a1e2c8e4b519aca57588bd1d2558e0a4b6f7deba2c7f5d9c6935b526a	publication_component:database:publication:doi:10.1002/jmor.v280.5	lookup:6d1b41a908d445d01b95023e8f04bfd3898a30cd477bdc60ea25cf2210550a90	openalex	work_by_openalex_id	openalex	W4247487606	native_title_evidence	recover_title
assignment:b40320adab440189c0573b29d3cf311dbb5e0ae13fe95649d9e104f809793f42	publication_component:database:publication:doi:10.1002/jobm.v63.5	lookup:7719dc88ba7148607c177f06018fff5cb5cb684cfc31d139edf690e3a7074270	openalex	work_by_openalex_id	openalex	W4367680717	native_title_evidence	recover_title
assignment:c179375f31d93a3ba2e2ca55ceb7bf464dca48a3573aa42e2da98ee5dc6730eb	publication_component:database:publication:doi:10.1002/mbo3.2014.3.issue-6	lookup:593b9c77e72e3b22fdcb6f1236999b4a6f512b3af81fc7a17572d60f50b2fa83	openalex	work_by_openalex_id	openalex	W4248631668	native_title_evidence	recover_title
assignment:164fc43efb4df86a9bccf1ec78b9bba071eb71ee4985000c1aa486901dd57cba	publication_component:database:publication:doi:10.1007/s00606-002-0206-0	lookup:e734c85f479d0e2e0d7db544cd4276eef7b145e2535104b6f9078e38c94a249f	openalex	work_by_openalex_id	openalex	W2140973117	native_title_evidence	recover_title
assignment:f586decea82fda3e5d46f2c39b36bd2a66d91d0ba4b8d745ccbc2176538fd071	publication_component:database:publication:doi:10.1007/s00606-002-0208-y	lookup:cdecfa7943085fe086dc2494a810845c48a460d1c6c49b3f3fb47e46324fd276	openalex	work_by_openalex_id	openalex	W1587821681	native_title_evidence	recover_title
assignment:b5928a5c1b5b43d220fe67920231ce597e16f7da6bd0c8125f4c694255994d3f	publication_component:database:publication:doi:10.1016/j.protis.2005.11.003	lookup:6c99c08bf802bbac0ba16806348f50c61134233d09acbdc4d088f4010c2d99e7	openalex	work_by_openalex_id	openalex	W4234229405	native_title_evidence	recover_title
assignment:1a5daa23b60592705841a0952f03a7e732838ee520c302d25ca2e925b241dd80	publication_component:database:publication:doi:10.1016/j.xgen.2026.101327	lookup:fd8fb9249eef5118871809f47bb87a029d22c5985e771c4de27628f1c2eb5577	openalex	work_by_doi	doi	10.1016/j.xgen.2026.101327	conflict_all_exact_evidence	adjudicate_identifier_conflict
assignment:48ed15b90ce7c42110c6dcdf29e546eb6a4c3fcd94f0cdfe82fe6538d77e1f40	publication_component:database:publication:doi:10.1016/j.xgen.2026.101327	lookup:6c96f17001dbb48fbf4e7700fa1a23e0297d3a67a846283eb05cabb2784b6508	openalex	work_by_openalex_id	openalex	W4412949927	conflict_all_exact_evidence	adjudicate_identifier_conflict
assignment:6169e89f18eea0b48b27d21bbf5633cdb0cd988372fabe8b6f8edd1f992371d0	publication_component:database:publication:doi:10.1016/j.xgen.2026.101327	lookup:f07f54ed062c2afe8a87b2012bd600bb248efad81fe25f1277291ff46654b253	openalex	work_by_pmid	pmid	40799530	conflict_all_exact_evidence	adjudicate_identifier_conflict
assignment:74fc8dbb5f1c4b8bef199e925158f3023d5780e6d12a9abe0a68b9252768a87e	publication_component:database:publication:doi:10.1016/j.xgen.2026.101327	lookup:7a46b74e61715dc1c3dc81f009e367eb67db40e9165a8e4293d1625c1a612700	opencitations_meta	metadata_by_doi	doi	10.1016/j.xgen.2026.101327	conflict_all_exact_evidence	adjudicate_identifier_conflict
assignment:bac4c5ee763f7999be637261031ea152eb9994141b9bb3ad42782ec264a4eb61	publication_component:database:publication:doi:10.1016/j.xgen.2026.101327	lookup:db7118016d82e8f61d7c40ab9f4abe009ab114f446834c5e96da3f14707bf629	pubmed	record_by_pmid	pmid	40799530	conflict_all_exact_evidence	adjudicate_identifier_conflict
assignment:45978c938d6ea3a426b59868ec8bc4c95dd947f9debf7c0e9578fda998cc659c	publication_component:database:publication:doi:10.1017/s0003480099007794	lookup:84401746b719edbcbd58726118e644a0b4bdd07bf3940d2063889fb70a566fb1	openalex	work_by_doi	doi	10.1017/s0003480099007794	conflict_all_exact_evidence	adjudicate_identifier_conflict
assignment:0f9f2158762ec3524a910f41660761e42efe398c389f3af10dbd4c5346e555e4	publication_component:database:publication:doi:10.1017/s0003480099007794	lookup:7da37a6d20e9cb2e71c6bc4001cea26d9c7eb664002cba032cdc2e24789af617	openalex	work_by_pmid	pmid	11246451	conflict_all_exact_evidence	adjudicate_identifier_conflict
assignment:2f4d47d088bf514bab8ccba15f5d421912c4350c6e7ae20e8fec6bf91755909a	publication_component:database:publication:doi:10.1017/s0003480099007794	lookup:9333b57dbdfbca85932605156203f6a4f01de50c43915d99a8becb0a9272cf95	opencitations_meta	metadata_by_doi	doi	10.1017/s0003480099007794	conflict_all_exact_evidence	adjudicate_identifier_conflict
assignment:3b23a6f94423ddb64cf33534878d7f5af99d9155268486bc9dc63f61576cb69a	publication_component:database:publication:doi:10.1017/s0003480099007794	lookup:dcdb1f9831e080939f57fce64440015d7178784d795ff308c98ba9abdff1457b	pubmed	record_by_pmid	pmid	11246451	conflict_all_exact_evidence	adjudicate_identifier_conflict
assignment:4ea5672aff21a7956b1581c474c48abe63b13e9e3e11e23c356c53908c7e8513	publication_component:database:publication:doi:10.1038/ncomms16047	lookup:2e51341732e5c3a5e11414910e6ea33c540bdb4ffdc8762ef0b511c0cc62ae81	openalex	work_by_doi	doi	10.1038/ncomms16047	conflict_all_exact_evidence	adjudicate_identifier_conflict
assignment:fe38741278bee18c25a45350b31dff9b82a9035c81a24cf978303e880072aba8	publication_component:database:publication:doi:10.1038/ncomms16047	lookup:004ba659f77532fec94f7266f2945854bff6969bd05f624bae61c9d84cf1c1f5	openalex	work_by_openalex_id	openalex	W2741748285	conflict_all_exact_evidence	adjudicate_identifier_conflict
assignment:b3809030a0dfbe822877add2f0b850f7d7bed13a6586ac8238999198a967b9b5	publication_component:database:publication:doi:10.1038/ncomms16047	lookup:19c19d56b30eee18b1f558585edc079079eca214058f68d8198898d8c7f8b2cc	openalex	work_by_pmid	pmid	28763051	conflict_all_exact_evidence	adjudicate_identifier_conflict
assignment:9aa9e4f3b2245c2cc927883334bc2ced44883701222942281ece7fadc40db6f3	publication_component:database:publication:doi:10.1038/ncomms16047	lookup:4feea409bb7a7484524c74ea2f2c9f2b1cdf10a9016202f6aa01ed658a626a24	opencitations_meta	metadata_by_doi	doi	10.1038/ncomms16047	conflict_all_exact_evidence	adjudicate_identifier_conflict
assignment:e01af41ad062537882723eb1633aa508faf653de0d7135ec3f4ce8445013ddfc	publication_component:database:publication:doi:10.1038/ncomms16047	lookup:4d59de53918292210c35446c2edd7302aacbfb52e5eb16ba9dfe518978279e79	pubmed	record_by_pmid	pmid	28763051	conflict_all_exact_evidence	adjudicate_identifier_conflict
assignment:87e619ae5412da33e7c1a2f4fe8057e3d766164765b0d3efbfa39a2c81a70bae	publication_component:database:publication:doi:10.1046/j.1469-1809.1999.6360489.x	lookup:df80a4c9a66f9f9d4ea05e6abe0d80369ff06e3b8ad6c833facf5fa9525bfa3f	openalex	work_by_doi	doi	10.1046/j.1469-1809.1999.6360489.x	conflict_all_exact_evidence	adjudicate_identifier_conflict
assignment:b18e6aa9b00426e17b42c79b3fcc2f4bb9ea40cf6e1e4516e4d58bcd24acf9a5	publication_component:database:publication:doi:10.1046/j.1469-1809.1999.6360489.x	lookup:0416ad5af372a45b78f120e55cf3aeb534a0c7b1f89593e67c354095f7ad3aac	openalex	work_by_openalex_id	openalex	W2141830410	conflict_all_exact_evidence	adjudicate_identifier_conflict
assignment:fb7a195cc290422c6c08aa704a94eff657be4419f38c8c9e74fa87d589db1abb	publication_component:database:publication:doi:10.1046/j.1469-1809.1999.6360489.x	lookup:7da37a6d20e9cb2e71c6bc4001cea26d9c7eb664002cba032cdc2e24789af617	openalex	work_by_pmid	pmid	11246451	conflict_all_exact_evidence	adjudicate_identifier_conflict
assignment:22a72f3f6326a5c14b049724886604f37ccffed30254a2904cea01c12fac936e	publication_component:database:publication:doi:10.1046/j.1469-1809.1999.6360489.x	lookup:45184bd9d668eb81c9052bade69721646a528264e5544c96e0890177a264c443	opencitations_meta	metadata_by_doi	doi	10.1046/j.1469-1809.1999.6360489.x	conflict_all_exact_evidence	adjudicate_identifier_conflict
assignment:d854d9c45f3008a7aed6842fd0b9fc9dce556feba2f708044ea57ee8742248d4	publication_component:database:publication:doi:10.1046/j.1469-1809.1999.6360489.x	lookup:dcdb1f9831e080939f57fce64440015d7178784d795ff308c98ba9abdff1457b	pubmed	record_by_pmid	pmid	11246451	conflict_all_exact_evidence	adjudicate_identifier_conflict
assignment:5fa99bb7718bf3929809047141af8dc120ddf1022f198e8f1f15fe334445424a	publication_component:database:publication:doi:10.1055/s-011-50717	lookup:87460403e13dd86469a5a08c27f647545d09a223be4a28c387f00882e117978f	openalex	work_by_openalex_id	openalex	W4253151592	native_title_evidence	recover_title
assignment:e7a4772bd2a6860d67832f6a398b07ae868135fee688ad18b6cfb457c9218174	publication_component:database:publication:doi:10.1055/s-015-62546	lookup:d749c134d2d297979e917a5a2ba9a8ca1a5f9ecace988f5e6e50502d7b2d0ce1	openalex	work_by_openalex_id	openalex	W4416182559	native_title_evidence	recover_title
assignment:9f218266a672826bcaf07b7ce55e4a414ec391338b52e513f6fcf0acf372bec0	publication_component:database:publication:doi:10.1071/mr02017	lookup:d857ae156c6c399055efac3fbdd42c00c419c51425d75de8f86b215f560e530b	openalex	work_by_openalex_id	openalex	W1553072330	native_title_evidence	recover_title
assignment:b4fff59a706a0bb210c519ccb5b60a3fd12b66a401c0a3b6de3f9f75f7a096da	publication_component:database:publication:doi:10.1073/pnas.021450998	lookup:a18d178778140520aaeb88c235738ac3949eb14724bbd7988cc7c861af23e55b	openalex	work_by_doi	doi	10.1073/pnas.021450998	conflict_all_exact_evidence	adjudicate_identifier_conflict
assignment:97327780bfcec35d073e54e9a068038f0c3e1886b42733cb92ff67ae322bc3d6	publication_component:database:publication:doi:10.1073/pnas.021450998	lookup:0cc7246a108d632503727b9e5255afdfa55b4e39e93a350861474ae021b74d54	openalex	work_by_openalex_id	openalex	W2156891081	conflict_all_exact_evidence	adjudicate_identifier_conflict
assignment:fee80e870ddcd9ed1880f16112790d06532fc9b21ce4e45e0fa0ba80f6c0ee6d	publication_component:database:publication:doi:10.1073/pnas.021450998	lookup:f74ee9021375b5e2a85d1c1802341084d096ff79922b9a4cc5b7d283167bb671	openalex	work_by_pmid	pmid	11172045	conflict_all_exact_evidence	adjudicate_identifier_conflict
assignment:272c0ebff79f5bf8abbc76a29a86acde440b15b34626bb8855447606e99090c7	publication_component:database:publication:doi:10.1073/pnas.021450998	lookup:8521f6bea8985ebc833dc6dfa937ca7af426c33b23412370bf0e473741e048e6	opencitations_meta	metadata_by_doi	doi	10.1073/pnas.021450998	conflict_all_exact_evidence	adjudicate_identifier_conflict
assignment:39ce25797981ab449a098bb750639a2d86e12ef52cfa1763a9ae1ce9aad92d87	publication_component:database:publication:doi:10.1073/pnas.021450998	lookup:66e9d30533f3640b0f45e5a696621b1f80278af0e7905c8a9909c151e6ec57a3	pubmed	record_by_pmid	pmid	11172045	conflict_all_exact_evidence	adjudicate_identifier_conflict
assignment:ab710a8430d4e5406bd47fc85c1f312852f87a1da98f7b443fbe1072dc853735	publication_component:database:publication:doi:10.1073/pnas.98.4.1883	lookup:da4242424b2a9b714a61cd99fcaae2398e39f368c7e300ea015f9fca780bbc9e	openalex	work_by_doi	doi	10.1073/pnas.98.4.1883	conflict_all_exact_evidence	adjudicate_identifier_conflict
assignment:5bcb51206cf6368ffb44a0119e50b4e7be67f5a9afa1e40a54ccc77c4a7718d2	publication_component:database:publication:doi:10.1073/pnas.98.4.1883	lookup:212b328802528643aa1afba15d5ab797ef529c96388e4407f2b6c6c7b4c975ac	openalex	work_by_openalex_id	openalex	W3169430995	conflict_all_exact_evidence	adjudicate_identifier_conflict
assignment:cd993da63edd3b25bbb17f3d120de6ed330753cc75a44efd23e2a9707a7f270f	publication_component:database:publication:doi:10.1073/pnas.98.4.1883	lookup:f74ee9021375b5e2a85d1c1802341084d096ff79922b9a4cc5b7d283167bb671	openalex	work_by_pmid	pmid	11172045	conflict_all_exact_evidence	adjudicate_identifier_conflict
assignment:ad2af3889093064b173123a3f1ecc5b1bd6ee30a64381ac0d21e56303c28f931	publication_component:database:publication:doi:10.1073/pnas.98.4.1883	lookup:a3c7308a15b56dad692ebc1ee36af0bc69554e9f0c7c5a2563ea5ad0de220062	opencitations_meta	metadata_by_doi	doi	10.1073/pnas.98.4.1883	conflict_all_exact_evidence	adjudicate_identifier_conflict
assignment:4096b9bc96b087d42164950bfe754e70a9c550804f2a6ed00c3a479a1ed18c32	publication_component:database:publication:doi:10.1073/pnas.98.4.1883	lookup:66e9d30533f3640b0f45e5a696621b1f80278af0e7905c8a9909c151e6ec57a3	pubmed	record_by_pmid	pmid	11172045	conflict_all_exact_evidence	adjudicate_identifier_conflict
assignment:8850462fe4087cd4e487625a6e7158d7f787ff035581c380652937845a27c5fb	publication_component:database:publication:doi:10.1080/10635150309322	lookup:ec904049187dd9ddabef35c3b65ac5dcaf012ac97c5cc6c962387b91507fe458	openalex	work_by_doi	doi	10.1080/10635150309322	conflict_all_exact_evidence	adjudicate_identifier_conflict
assignment:c20f53e320d6515618ff05d9e7b54cef659902e416108912a1eebba33e174ddc	publication_component:database:publication:doi:10.1080/10635150309322	lookup:f4107012975792bf8061c81ec5db9624852fc37928e625e9d245f913b8d9f38e	openalex	work_by_openalex_id	openalex	W2110339205	conflict_all_exact_evidence	adjudicate_identifier_conflict
assignment:2203fba89f787f97680ca22362d3ff565b6a07ad55488fcbdd5677e39bb1225e	publication_component:database:publication:doi:10.1080/10635150309322	lookup:35808d14869cba82938a3c200730a4a2534a76bca8b285552cff7ca211a6d2db	openalex	work_by_pmid	pmid	12775522	conflict_all_exact_evidence	adjudicate_identifier_conflict
assignment:3574fce89f356ac1f2d56839ff660e6a7f938920bc0b77ec4711d698dca22469	publication_component:database:publication:doi:10.1080/10635150309322	lookup:2bc64a564cad2199024e6b681b4910090256eed7816b427c660cd0ce52d7ebe9	opencitations_meta	metadata_by_doi	doi	10.1080/10635150309322	conflict_all_exact_evidence	adjudicate_identifier_conflict
assignment:36bb30a9067a40c3df1f07d006e0038a717d2e9ef52ce14fa882c2752c471908	publication_component:database:publication:doi:10.1080/10635150309322	lookup:b7d33147693f2bcc39c11ff179015bb6061de1372994b2b3bba0b6f0470b0e49	pubmed	record_by_pmid	pmid	12775522	conflict_all_exact_evidence	adjudicate_identifier_conflict
assignment:e4b8697d61f6b1e09b2a6a2386861c7196a0d45b82437a8ab38f408a8b752dd9	publication_component:database:publication:doi:10.1080/10635150390196966	lookup:181a25bbfe21c85e22f01aaa237414fa400b51c82b239d7e588c9cfde63fbc03	openalex	work_by_doi	doi	10.1080/10635150390196966	conflict_all_exact_evidence	adjudicate_identifier_conflict
assignment:583e3359cd17ef782d982666734f6b4ade59ed8081cf71444c0088836a604900	publication_component:database:publication:doi:10.1080/10635150390196966	lookup:35808d14869cba82938a3c200730a4a2534a76bca8b285552cff7ca211a6d2db	openalex	work_by_pmid	pmid	12775522	conflict_all_exact_evidence	adjudicate_identifier_conflict
assignment:bad386c7ed9478b4f0d61bb464f5545b1bcf4c5010ba85da485c983696ff75f8	publication_component:database:publication:doi:10.1080/10635150390196966	lookup:f8086117cbc14194685f74c6d1ab4be31a7712ed4945f833c1212cca6ec83cef	opencitations_meta	metadata_by_doi	doi	10.1080/10635150390196966	conflict_all_exact_evidence	adjudicate_identifier_conflict
assignment:819080db323e744efbd1d65967a1485d8d9d7960ad16502f17ae924cb7299e42	publication_component:database:publication:doi:10.1080/10635150390196966	lookup:b7d33147693f2bcc39c11ff179015bb6061de1372994b2b3bba0b6f0470b0e49	pubmed	record_by_pmid	pmid	12775522	conflict_all_exact_evidence	adjudicate_identifier_conflict
assignment:1a770bd5c655f5e2b19174f1a3621334bec52c0271bee818bb8cd54d65fad25b	publication_component:database:publication:doi:10.1086/509080	lookup:c9e30f7efd85e47f80681f5dcbe98c5f40514a882c45ed3ac747d3d7b661b44c	openalex	work_by_openalex_id	openalex	W4231376833	native_title_evidence	recover_title
assignment:e87f8895cf5aa8c70ef003e6faf1d66409ad03e145127e187a36d6125a8a6edc	publication_component:database:publication:doi:10.1086/599006	lookup:ede036476e5f6d8c84901aa31feccc7067766f4f6cbca3b7c4aa9b2d78c8a0a3	openalex	work_by_openalex_id	openalex	W4232495284	native_title_evidence	recover_title
assignment:fd48d462943927a526514b5196c7fe1ca801bbc29157a698bac6287e98273b32	publication_component:database:publication:doi:10.1086/an.1972.106.issue-951	lookup:309876b15ddba96367dba3583467813104d1cf9358915eeae27b7531e891966e	openalex	work_by_openalex_id	openalex	W4246786490	native_title_evidence	recover_title
assignment:d9a3cbd96fdb04520430872da138b5418d25d1d28efbd5d9fd37e01e27045efb	publication_component:database:publication:doi:10.1086/ijps.2003.164.issue-1	lookup:a72a98b2415e1827f7da34f7b35dea94971f0d98e51ad3fbc6cdabaf3cfa9913	openalex	work_by_openalex_id	openalex	W4255349925	native_title_evidence	recover_title
assignment:13caa626d12c340eae4ea0b5626c21adbdc965d35bdfb0e6e769111ae31a2499	publication_component:database:publication:doi:10.1086/qrb.1982.57.issue-4	lookup:b6a97e5f52aab32813767280031f9b9500903bb0bb946f31813e369cd5616982	openalex	work_by_openalex_id	openalex	W4246003422	native_title_evidence	recover_title
assignment:812a8468d97f6e46bca14495d8397f79daa3638074a8614ebaf06f4f2e0082db	publication_component:database:publication:doi:10.1089/106652700750050925	lookup:10465b6560b3929bc6557393a7a19d44d84df0b7609165d191d5327bb99d73a2	openalex	work_by_doi	doi	10.1089/106652700750050925	conflict_all_exact_evidence	adjudicate_identifier_conflict
assignment:1fb2c3836ee670cf8cdb97d3a14d309307b9aed9f67f51fb9f238e3bb0df0e1c	publication_component:database:publication:doi:10.1089/106652700750050925	lookup:4b30037794806627e4c3d0f4f1eb5f7ae9cf096089a0206ea3246dc55dad5220	openalex	work_by_openalex_id	openalex	W4233853535	conflict_all_exact_evidence	adjudicate_identifier_conflict
assignment:c3de284cd0be45731567c3999ce2939f71d66d49bd6a042ae0a105372ba08882	publication_component:database:publication:doi:10.1089/106652700750050925	lookup:82ee110bcef4550b4c6b2c9fd596bda7283e334256f69d6966a01083f2cf1d9a	openalex	work_by_pmid	pmid	11108477	conflict_all_exact_evidence	adjudicate_identifier_conflict
assignment:c3b82bdc9ea524dbb3209565042e6a604865fffd71ed1d6d2fca650107d83da1	publication_component:database:publication:doi:10.1089/106652700750050925	lookup:3f3b50a8d240fd14321997fe4dd7557ef14393f9194ca291360693130fd5d4fa	opencitations_meta	metadata_by_doi	doi	10.1089/106652700750050925	conflict_all_exact_evidence	adjudicate_identifier_conflict
assignment:1a6a5be9075ecfabf02027b63236d9ae64000c7dc7ee4180e680c2c787bba4a9	publication_component:database:publication:doi:10.1089/106652700750050925	lookup:4af306d0726e41267daf089f45146384c52bdabc0cf964359e60ab07961d8729	pubmed	record_by_pmid	pmid	11108477	conflict_all_exact_evidence	adjudicate_identifier_conflict
assignment:b71f8c12ea59fe60475e87e4d184d5e0af95d7d40e7c2d7dcc5c1f10c708f731	publication_component:database:publication:doi:10.1093/gbe/evz101	lookup:2ef61c4e1a0825428d6da320b7887379cc920f57e29e843ecdf418677516dcb7	openalex	work_by_doi	doi	10.1093/gbe/evz101	conflict_all_exact_evidence	adjudicate_identifier_conflict
assignment:8437f00326b83c7fd4eef8968f770ffc94296a289b5ea8dbb83d0e0df4c36c40	publication_component:database:publication:doi:10.1093/gbe/evz101	lookup:ac49f12f5837c009f7435c686826ee4b50ddb7c89a662dd11b700ee2d9064f0d	openalex	work_by_openalex_id	openalex	W2945747574	conflict_all_exact_evidence	adjudicate_identifier_conflict
assignment:84bdaa99b4380bfe1f96966d3985cbe4cac6e0b54b79c9f222db2cf36cae40d6	publication_component:database:publication:doi:10.1093/gbe/evz101	lookup:45bcdeae9ad0b5e19b4aa942cfa2ef43f0ef5a967fe1fa5cf6341cc71fe0ed7d	openalex	work_by_pmid	pmid	31028697	conflict_all_exact_evidence	adjudicate_identifier_conflict
assignment:dc2a684efa79825a976305068ca39309ceb5919fb222f11a353121f90bc0c7f5	publication_component:database:publication:doi:10.1093/gbe/evz101	lookup:1de23be09d903931eb906c4368ce0310bf0d5094184c29dbcf96092a13304e2e	openalex	work_by_pmid	pmid	31114863	conflict_all_exact_evidence	adjudicate_identifier_conflict
assignment:a0b22a1b045e8cbc308808413f6e50362d19cdddf51468052e7d788b6dd1ee30	publication_component:database:publication:doi:10.1093/gbe/evz101	lookup:98652f561fb029177d2fdf69a55511cbf1bc1b0ced0b4a7a2ed48abeb3dd4c97	opencitations_meta	metadata_by_doi	doi	10.1093/gbe/evz101	conflict_all_exact_evidence	adjudicate_identifier_conflict
assignment:a3ab4576c66d7324943f50811a724821673b6b7a312b664ad1322f20816c2739	publication_component:database:publication:doi:10.1093/gbe/evz101	lookup:89516275bfe2b0cd6885b1213a198bcaec18875c293d6a34ba9a021df2ab9780	opencitations_meta	metadata_by_omid	omid	br/06180297507	conflict_all_exact_evidence	adjudicate_identifier_conflict
assignment:152bc85d402edf61c9be67951c2f9b6af52eaa9de5efaff3703d28065b9d476d	publication_component:database:publication:doi:10.1093/gbe/evz101	lookup:6f78abaafdd4b75130e5b8063aa4f04abddab19416f6073609b528fd3000ac8b	pubmed	record_by_pmid	pmid	31028697	conflict_all_exact_evidence	adjudicate_identifier_conflict
assignment:35a8e4bccc6be2b55ebd1c68a5708a481796bd3a964b82aa1853209fbc742831	publication_component:database:publication:doi:10.1093/gbe/evz101	lookup:264dbade3027076b9264fe2dc3adde947a672334ca1aeef3722dab09e7fb9f6f	pubmed	record_by_pmid	pmid	31114863	conflict_all_exact_evidence	adjudicate_identifier_conflict
assignment:bc46d2297d764dad18401aa3a7680157bf0bfb33c8ce0c10b95ed71bf6fbbbd2	publication_component:database:publication:doi:10.1093/molbev/msab028	lookup:0aee99022665147b5be51e78df078b8c0841bdd2e87a6308d2fc9ad9b5d478fe	openalex	work_by_doi	doi	10.1093/molbev/msab028	conflict_all_exact_evidence	adjudicate_identifier_conflict
assignment:ee6d421b08ceb8da85e75791c4bff17bdcc0bdb4df5b3c9dca3b3ce6797434bf	publication_component:database:publication:doi:10.1093/molbev/msab028	lookup:161e0d29eb6d7d3252fa850b7a9b99d62dab437d1155fd77928a198e94de3e3b	openalex	work_by_openalex_id	openalex	W3129594814	conflict_all_exact_evidence	adjudicate_identifier_conflict
assignment:3a322f575523ecc87db5a757ee7085896cedfd759547347ef403ad2fbd4ce656	publication_component:database:publication:doi:10.1093/molbev/msab028	lookup:11e5d63d524df8fa2368c594ed566a255a18cf6af98ad302a47eaa4587e87f61	openalex	work_by_pmid	pmid	33585899	conflict_all_exact_evidence	adjudicate_identifier_conflict
assignment:07850840947cbdf95ee88dc96e084c1300dc72d9cac2182707fc7a50ba0be30f	publication_component:database:publication:doi:10.1093/molbev/msab028	lookup:31334f186075f3e5ad308ac90b0b66e61e9808adaa00a9f035c20ea69ecf97fa	openalex	work_by_pmid	pmid	34426843	conflict_all_exact_evidence	adjudicate_identifier_conflict
assignment:74d906b2ee239f954f1a12f6e1d95384c63a5c8667b1836ceef1878c3d1415eb	publication_component:database:publication:doi:10.1093/molbev/msab028	lookup:bfef32ed107750e2b6299757a25e09dfb0ca6e08550f11ea3130e692bd4c8400	opencitations_meta	metadata_by_doi	doi	10.1093/molbev/msab028	conflict_all_exact_evidence	adjudicate_identifier_conflict
assignment:f751b20ff90636d3cdc76ca5fe730de2c8bead3292496db5845be0aac50bbaca	publication_component:database:publication:doi:10.1093/molbev/msab028	lookup:d9a5d8ab09c26791a324fd1f918a494e023bd730b7a3aa5e8b7eebfdabd00909	opencitations_meta	metadata_by_omid	omid	br/062101143564	conflict_all_exact_evidence	adjudicate_identifier_conflict
assignment:6c4552df50bfd8ca100bb4fd213c6f81a13f6edc0542829b729c0470a1bbb0e2	publication_component:database:publication:doi:10.1093/molbev/msab028	lookup:eef76810fd6885ffadf133287e64b373120095622f6596f8aadb268c4b0fcf31	pubmed	record_by_pmid	pmid	33585899	conflict_all_exact_evidence	adjudicate_identifier_conflict
assignment:365271492f28edc90f4543fdc493ca042ecccf53a7a75a5198a1688640f536db	publication_component:database:publication:doi:10.1093/molbev/msab028	lookup:e592da6e5ba7c3afb244819bac38fa8269d1bb9c9b645865a0d6bed7a7d897c3	pubmed	record_by_pmid	pmid	34426843	conflict_all_exact_evidence	adjudicate_identifier_conflict
assignment:c40cc80eb0d190cf1c6bf936b5476f26a90f1062ed9354edbd11a54894fb151e	publication_component:database:publication:doi:10.1093/molbev/msag135	lookup:6cb1a352c594491c31c1525f32444a91b1bd51cdad2426a6048d77f5be548200	openalex	work_by_doi	doi	10.1093/molbev/msag135	conflict_all_exact_evidence	adjudicate_identifier_conflict
assignment:aa3e2dfe142db513aabf8f55f6a183762fb9fd422995bdc8e7872c5517eee11b	publication_component:database:publication:doi:10.1093/molbev/msag135	lookup:7e6c3e50b3a076d6325ea7082d6dc0eb2b3d89320382fc5380652759fb2ec337	openalex	work_by_openalex_id	openalex	W7163550208	conflict_all_exact_evidence	adjudicate_identifier_conflict
assignment:3beeaee9ce58453fe62e8cb33e2ebe9c3407b185054adacae9064c8e1d6fa8cb	publication_component:database:publication:doi:10.1093/molbev/msag135	lookup:f07d53b0d3596034f5f69cf168cfda7199e7c3b44fad735873d15cd1ac89a19a	openalex	work_by_pmid	pmid	42241639	conflict_all_exact_evidence	adjudicate_identifier_conflict
assignment:b0cf8d355172eebca093629dd9499a9c148698c3adb8ccc9a55187669a91d78e	publication_component:database:publication:doi:10.1093/molbev/msag135	lookup:a63e870664deb5e8e28ef096331b8bd68e57e5c1b9f5b3b9c44d39b43645cf76	opencitations_meta	metadata_by_doi	doi	10.1093/molbev/msag135	conflict_all_exact_evidence	adjudicate_identifier_conflict
assignment:51ad3f3b05e7ccbf5655491b76c3eb9595c3df52317e68b559bf7315bc0910df	publication_component:database:publication:doi:10.1093/molbev/msag135	lookup:fc15bd16b76bcde3fa55488653e04fbe547e3eb4150ed4c28993639c53207cfc	pubmed	record_by_pmid	pmid	42241639	conflict_all_exact_evidence	adjudicate_identifier_conflict
assignment:95369e62e5b032f9fbd00f153438b45e49c3cc6363ee79d57ad9533a64692b08	publication_component:database:publication:doi:10.1093/sysbio/syag038	lookup:863e26d79cfd58e456dc7c5e40a6a7e2d99a3baab3a75ecc8fbfbe6ff13bdb46	openalex	work_by_doi	doi	10.1093/sysbio/syag038	conflict_all_exact_evidence	adjudicate_identifier_conflict
assignment:b9ff257f113d25fa97c9dcc4a8703875576d4094b090512df4bc5fe83d424525	publication_component:database:publication:doi:10.1093/sysbio/syag038	lookup:c67708e54e3aaa8d8664426842274d5f3c024b14a00aa534fcd1ef165e3e0dc4	openalex	work_by_pmid	pmid	42172051	conflict_all_exact_evidence	adjudicate_identifier_conflict
assignment:7e7b807afed042128ab55c032ae199cdc18877de260d97e8aa386f8180e3d9f1	publication_component:database:publication:doi:10.1093/sysbio/syag038	lookup:9176ba13575f80ef81ab6c8fc22b2c7dd2bb996307add3925cccdb82dd901df2	opencitations_meta	metadata_by_doi	doi	10.1093/sysbio/syag038	conflict_all_exact_evidence	adjudicate_identifier_conflict
assignment:99973a884b95c623a104e641c2e1f74edd82a213a151e99273768784b545e585	publication_component:database:publication:doi:10.1093/sysbio/syag038	lookup:57feeb8707d374455aab12c9d096772f2bba35068762b1b226bee5150586181d	pubmed	record_by_pmid	pmid	42172051	conflict_all_exact_evidence	adjudicate_identifier_conflict
assignment:a8b2f463a413df2f99627a833875a0745754b95ee81a137d12d4f73e455e429d	publication_component:database:publication:doi:10.1098/rstb.1992.0094	lookup:21dd1c500a26f02adf2146d1b704e27276c47f13a6bb145e9b5796e669756f9b	openalex	work_by_doi	doi	10.1098/rstb.1992.0094	conflict_all_exact_evidence	adjudicate_identifier_conflict
assignment:67e7e474c18b6eb9049c34a1441cc24803864b14aba40d7dd97672c5f369bf2c	publication_component:database:publication:doi:10.1098/rstb.1992.0094	lookup:282abe87e8b16ab46a9a8c14e13b540e0cf4a57a9a13cfbd24c05c66fff63599	openalex	work_by_openalex_id	openalex	W4249734277	conflict_all_exact_evidence	adjudicate_identifier_conflict
assignment:7210c2b1293b5b008ae2140bdbcd941e3c2a323f4facad6e9c53ba46dbf73404	publication_component:database:publication:doi:10.1098/rstb.1992.0094	lookup:0c4a3ac8c67cfce91fecb8e1fd6124b8e10ce38f707e1a00aa983252a97ebdf4	openalex	work_by_pmid	pmid	1357691	conflict_all_exact_evidence	adjudicate_identifier_conflict
assignment:9f3d3bc2cf263e71d1414e487abb587b16f9215f158db51a322672768e59b460	publication_component:database:publication:doi:10.1098/rstb.1992.0094	lookup:f78e500456da416a455ddad83d929cee8a2d9592d8a8606949d0e426a6cbc41e	opencitations_meta	metadata_by_doi	doi	10.1098/rstb.1992.0094	conflict_all_exact_evidence	adjudicate_identifier_conflict
assignment:4463ce67a554e7b996b5944a2861d19c88e8674451397bc6b1071ce6de11ccf3	publication_component:database:publication:doi:10.1098/rstb.1992.0094	lookup:9a4c7341ecd96dc37ece3a9b1e0324c5878b6de54f28adc23f6cd7c35a2ac607	pubmed	record_by_pmid	pmid	1357691	conflict_all_exact_evidence	adjudicate_identifier_conflict
assignment:26012035d5c0ca8ac4e3d27985a0ed05897510288ca4ac23b60126da5430e9b1	publication_component:database:publication:doi:10.1101/014928	lookup:e1440c8155f9584388a8c2d7f0b1f2895c8233402120d83f892836872cba5c42	openalex	work_by_doi	doi	10.1101/014928	conflict_all_exact_evidence	adjudicate_identifier_conflict
assignment:7ac1dc5313afd3522197d3b014267a9e20c3530de263c4dc5da2ae835067564a	publication_component:database:publication:doi:10.1101/014928	lookup:e9013ddb859d3746c7f39d39c0a0fe5103581c52727a17d86e9ad7750a9041a1	openalex	work_by_openalex_id	openalex	W2951990571	conflict_all_exact_evidence	adjudicate_identifier_conflict
assignment:d749f136ecea8954d16e80ac210525adc46d93a413a97e9985fe895557fa7e9f	publication_component:database:publication:doi:10.1101/014928	lookup:d0934702f615574effb82258c404722128318d7be4a914a51a92727938ccba24	opencitations_meta	metadata_by_doi	doi	10.1101/014928	conflict_all_exact_evidence	adjudicate_identifier_conflict
assignment:4b17137438edfde5f4245983559e7b547d33189aea4dc11cfc14fe38df6c87e1	publication_component:database:publication:doi:10.1101/2020.02.03.931667	lookup:770acc0244a36377bdf548b821b16208a8cdb92935a0686d30d7f13c03214184	openalex	work_by_doi	doi	10.1101/2020.02.03.931667	conflict_all_exact_evidence	adjudicate_identifier_conflict
assignment:0719fd078555b711c4f15a8a8e22b6e5550c90df5d1fe76d3998729bdf9d79d3	publication_component:database:publication:doi:10.1101/2020.02.03.931667	lookup:e405e528f7decad2a52d1936a653a55ebd9d2939967eab7ed4fb4ece54f42f4c	openalex	work_by_openalex_id	openalex	W3003629095	conflict_all_exact_evidence	adjudicate_identifier_conflict
assignment:29075babaa545bd2e93f7926e20e62400c77f695a6d6eff069429466ed68a9bd	publication_component:database:publication:doi:10.1101/2020.02.03.931667	lookup:02df65fc9f02787ee41739fdf3a3c7360c63560bd8f204803e668d66fbe2aba6	openalex	work_by_pmid	pmid	33109761	conflict_all_exact_evidence	adjudicate_identifier_conflict
assignment:3964e42153c169f8ab0cd4f2c9ff7fcec676074ef476acc26bbeb528e860b5f9	publication_component:database:publication:doi:10.1101/2020.02.03.931667	lookup:507c7dd60381159c6a1ae2931977ae14d8887005842ad44d63012f037fdf9e44	opencitations_meta	metadata_by_doi	doi	10.1101/2020.02.03.931667	conflict_all_exact_evidence	adjudicate_identifier_conflict
assignment:b20bf77beafda1c2b3bf03faf41fc9f3099e441188ee23831ac9585757aac478	publication_component:database:publication:doi:10.1101/2020.02.03.931667	lookup:dc4d6ec25de8ee709a33f928460a8783012846b792db3c3734825c2bae00d92e	pubmed	record_by_pmid	pmid	33109761	conflict_all_exact_evidence	adjudicate_identifier_conflict
assignment:f7f7ff56009760c1b0d13299adc45b629cb7116d6ce9a4f20007dd7a016f041a	publication_component:database:publication:doi:10.1101/2021.02.23.21252268	lookup:07bcb72e7fa4b16804a2d79a5b886a0e47739058d5acf107812c63a7edfb8057	openalex	work_by_doi	doi	10.1101/2021.02.23.21252268	conflict_all_exact_evidence	adjudicate_identifier_conflict
assignment:73786049b6473e1a0a811d0d6056db7f34405080b28efcebe363e182f1a2616e	publication_component:database:publication:doi:10.1101/2021.02.23.21252268	lookup:eb6ea3af2ac9d662e75a7f7132db4a8d4747e3d5d83bd5e9b5c3af088080db0a	openalex	work_by_openalex_id	openalex	W4232949030	conflict_all_exact_evidence	adjudicate_identifier_conflict
assignment:9371d78707c9b762c71324bfa13407f40b748f1ed32417b650b6e8b33a67eb96	publication_component:database:publication:doi:10.1101/2021.02.23.21252268	lookup:6932711230f1c4d5ef867fb16df5654dc45e9c608359bca90e303dcdaab37ca3	openalex	work_by_pmid	pmid	33688681	conflict_all_exact_evidence	adjudicate_identifier_conflict
assignment:6190a5a73a3bba9bdb551314f023bd99b3b192d948255016a294cdf47476190e	publication_component:database:publication:doi:10.1101/2021.02.23.21252268	lookup:b6b7ae14e68727e92e3a08e4577f21ad2d1b65a58733510f29e5208b46500d59	opencitations_meta	metadata_by_doi	doi	10.1101/2021.02.23.21252268	conflict_all_exact_evidence	adjudicate_identifier_conflict
assignment:f05c26b1167db814a4d58736735259f6cdb9e2a5c0f812b6e24f081da6a7ace3	publication_component:database:publication:doi:10.1101/2021.02.23.21252268	lookup:62227bbbf7695ef6bcefe082bcb55712340dfe1e1e452faa8a7b9f15ddd08478	pubmed	record_by_pmid	pmid	33688681	conflict_all_exact_evidence	adjudicate_identifier_conflict
assignment:2ca0225e6ece1d52a79def53ef4076398b4dc6bfcbbcc49ec63396e62c1331e9	publication_component:database:publication:doi:10.1101/2024.09.03.611065	lookup:679960234e95ddcb336a89c595e16cc12c11f56dccd47abd2afc54cef64b096a	openalex	work_by_doi	doi	10.1101/2024.09.03.611065	conflict_all_exact_evidence	adjudicate_identifier_conflict
assignment:f23ce754a04449c5eb37a2412f3672899bce51b11358d5cfb1f9856ae330befc	publication_component:database:publication:doi:10.1101/2024.09.03.611065	lookup:69a22e6354181aa1c19310a93a39506edaa4788fdc78a8951a387140e6f2578b	openalex	work_by_openalex_id	openalex	W4402343546	conflict_all_exact_evidence	adjudicate_identifier_conflict
assignment:609998ec107ad75f824b57629867541c4af40913d479d9f9adadc30ff90d726a	publication_component:database:publication:doi:10.1101/2024.09.03.611065	lookup:ebe68d5f8c4374e13ad5bb3c3f42eb7a79bba8d3b753b9aef4d9a8846c3c7b23	openalex	work_by_pmid	pmid	42269138	conflict_all_exact_evidence	adjudicate_identifier_conflict
assignment:ca9ea1c98940ef14f5767e27e84458967e5738ed50b9a7f115398daa23a161bc	publication_component:database:publication:doi:10.1101/2024.09.03.611065	lookup:8885f31af05fddf14bfcfbab6f7c5ee961e74bf7ba09001931af0b4dec564b14	opencitations_meta	metadata_by_doi	doi	10.1101/2024.09.03.611065	conflict_all_exact_evidence	adjudicate_identifier_conflict
assignment:4b830164134bb2c43bec3ab80fd19a1c6cb55bc0b71603226231d9cf61cf9067	publication_component:database:publication:doi:10.1101/2024.09.03.611065	lookup:87da05e4a587bd4b06e3c917ae033188aa45a3fcaf62691a25646f86b0bf7919	pubmed	record_by_pmid	pmid	42269138	conflict_all_exact_evidence	adjudicate_identifier_conflict
assignment:985937be43747b2706f27278988d8bc014a943fc2b43718e8d1525c9e47be9ef	publication_component:database:publication:doi:10.1101/2025.02.25.640207	lookup:f7cc363d4e4f311fa1948a8957a266b359b873457cc580e5fcae2ac3cd0237a8	openalex	work_by_doi	doi	10.1101/2025.02.25.640207	conflict_all_exact_evidence	adjudicate_identifier_conflict
assignment:12ee15405b2d818c94c12ec6535b79d00186f31d1ebcf2a2526dac10160a4128	publication_component:database:publication:doi:10.1101/2025.02.25.640207	lookup:a9716858cdf9485e024b5065ecb9f98b59ca8a9ca710d5916c352de4cac4c37b	openalex	work_by_pmid	pmid	40060389	conflict_all_exact_evidence	adjudicate_identifier_conflict
assignment:49ce32a50d5ffd8dafeb965ae45e4d95b3c0ccd093491774c7c0db6fa02ed51f	publication_component:database:publication:doi:10.1101/2025.02.25.640207	lookup:07850deb8381ff653d5ff00f5db28daec2c69b41725cd5e3c063848aee0f4e86	opencitations_meta	metadata_by_doi	doi	10.1101/2025.02.25.640207	conflict_all_exact_evidence	adjudicate_identifier_conflict
assignment:eca93aad61e124f513fa60de7a70586c97ce7aa6ac68e41cf85539dad649a310	publication_component:database:publication:doi:10.1101/2025.02.25.640207	lookup:e048bc496a8a5221c0f1ab93607295915b10b4ec79cb0c6ee09109f144c18666	opencitations_meta	metadata_by_omid	omid	br/0606256397	conflict_all_exact_evidence	adjudicate_identifier_conflict
assignment:1dfa80a92670287acfa766a7545263f19db3b5e89b7e23c5b22e378c006028a9	publication_component:database:publication:doi:10.1101/2025.02.25.640207	lookup:f5f0c941de1e423013c0f646cdfad2615e498a3156b97f0cfdd256569f1b997e	pubmed	record_by_pmid	pmid	40060389	conflict_all_exact_evidence	adjudicate_identifier_conflict
assignment:fd3b18fa79c06ace29086a43be04311f52ac153339033b12131cae5338aff32e	publication_component:database:publication:doi:10.1101/2025.08.04.668502	lookup:0ec4586d55f904183cccc2b9df9f35289a5f2f2290fd20414bbc35347c39f433	openalex	work_by_doi	doi	10.1101/2025.08.04.668502	conflict_all_exact_evidence	adjudicate_identifier_conflict
assignment:58c7570ba0d481b8fa4099ac86be7dcbf28224cb6496e796138b2c57c6b2ef28	publication_component:database:publication:doi:10.1101/2025.08.04.668502	lookup:f07f54ed062c2afe8a87b2012bd600bb248efad81fe25f1277291ff46654b253	openalex	work_by_pmid	pmid	40799530	conflict_all_exact_evidence	adjudicate_identifier_conflict
assignment:c872c2e211d7c5c93155caf3a3e0f7929c007e8edd650e131a7de5919ac25e9e	publication_component:database:publication:doi:10.1101/2025.08.04.668502	lookup:90f6e18fb0e53baf502e0daecb8d07201b0316d1b9a0b88a9a8fab7a360b5726	opencitations_meta	metadata_by_doi	doi	10.1101/2025.08.04.668502	conflict_all_exact_evidence	adjudicate_identifier_conflict
assignment:0b7aa3b1bad881f1d12a5a53bf03807365ed6cc133b6b4d7bd01d2b5b1e9374c	publication_component:database:publication:doi:10.1101/2025.08.04.668502	lookup:db7118016d82e8f61d7c40ab9f4abe009ab114f446834c5e96da3f14707bf629	pubmed	record_by_pmid	pmid	40799530	conflict_all_exact_evidence	adjudicate_identifier_conflict
assignment:2e6fd66406e4e365bba6c16fd16d1e7c9b8aa726b3d1c05e03d6cb915497f66e	publication_component:database:publication:doi:10.1101/2025.08.27.672632	lookup:65ca44f92972089b6b1d6c131d4d2f4b9b37a68300be0c5bb7074f1843ed6289	openalex	work_by_doi	doi	10.1101/2025.08.27.672632	conflict_all_exact_evidence	adjudicate_identifier_conflict
assignment:6bebc1a8d6c1553879b3f357b1a4d8a97c88f72067d55a11ef777e95516e1fdb	publication_component:database:publication:doi:10.1101/2025.08.27.672632	lookup:3411d45429d34491ae1b51c4b45b0feb15563e0f7ed763c309ad3f0a38a93eb9	openalex	work_by_openalex_id	openalex	W4413868849	conflict_all_exact_evidence	adjudicate_identifier_conflict
assignment:e049d29009113b912491017c9a76453a58ee26b1e88483835e35494522de7105	publication_component:database:publication:doi:10.1101/2025.08.27.672632	lookup:f07d53b0d3596034f5f69cf168cfda7199e7c3b44fad735873d15cd1ac89a19a	openalex	work_by_pmid	pmid	42241639	conflict_all_exact_evidence	adjudicate_identifier_conflict
assignment:221e9e3b6b9bdb0316161adeb164ec75cf56c5bcc43780bf0e0e68ee5eab3d29	publication_component:database:publication:doi:10.1101/2025.08.27.672632	lookup:068b1e1e5a2394f612240efbf0ed0c21b2ed8fb9abd927131cc3d5c6dab59424	opencitations_meta	metadata_by_doi	doi	10.1101/2025.08.27.672632	conflict_all_exact_evidence	adjudicate_identifier_conflict
assignment:8c10319800bc533c2ce8826474a3f547989a12c6f27474ec2836d2588d59ed89	publication_component:database:publication:doi:10.1101/2025.08.27.672632	lookup:fc15bd16b76bcde3fa55488653e04fbe547e3eb4150ed4c28993639c53207cfc	pubmed	record_by_pmid	pmid	42241639	conflict_all_exact_evidence	adjudicate_identifier_conflict
assignment:9e5b9aa399bc2c60f6dba7c308b89d2808ebe6f3a2d7ce78b67346ab8748644f	publication_component:database:publication:doi:10.1101/gr.190538.115	lookup:23264172b98517cc5e0f887008aa053a619619ad4250f51f47e96d8777b4e9c5	openalex	work_by_doi	doi	10.1101/gr.190538.115	conflict_all_exact_evidence	adjudicate_identifier_conflict
assignment:8296943766e3fe7f2c66c44902558e4c0438874ae69560801af738b295bb96bf	publication_component:database:publication:doi:10.1101/gr.190538.115	lookup:2fd76f9f2b815e6eaeb339953158d40d5343c7f3ccdc5ec4ae4162827475521b	openalex	work_by_openalex_id	openalex	W2133919074	conflict_all_exact_evidence	adjudicate_identifier_conflict
assignment:2ccd5ccd7efaca6d16eddafcc465a0300f5ad50da3cc66f399996a177d28c215	publication_component:database:publication:doi:10.1101/gr.190538.115	lookup:17fa1808022f3fdea3961058e7e246891f19f5341e95776791e719e3d45f1d70	openalex	work_by_pmid	pmid	26194102	conflict_all_exact_evidence	adjudicate_identifier_conflict
assignment:63b8064e01c1aba1f67f598a21d93eb56d3559b4d0cc9bd1740662dbbace675c	publication_component:database:publication:doi:10.1101/gr.190538.115	lookup:9ec132e78e94185fee231b530605537ec049b1f28010fea3b39d8200138221fe	opencitations_meta	metadata_by_doi	doi	10.1101/gr.190538.115	conflict_all_exact_evidence	adjudicate_identifier_conflict
assignment:8a17377e7bc65a14d336e7eddcf687b102e956f22cbf8b17483c7ead4847513c	publication_component:database:publication:doi:10.1101/gr.190538.115	lookup:f9b3c3d20fbcd957a4ef4c84f8152add324b8989e15bdc8f9e59f369912a9ffd	pubmed	record_by_pmid	pmid	26194102	conflict_all_exact_evidence	adjudicate_identifier_conflict
assignment:a5fea2ac177922de8095dd2df017653f5ecabfe2954b46f6def36d7f1a9458fb	publication_component:database:publication:doi:10.1111/aab.v186.3	lookup:658bfa09793d946abca4db793802bc775969df186552adaffbe5d18517880bd6	openalex	work_by_openalex_id	openalex	W4409942978	native_title_evidence	recover_title
assignment:120275dbf90a260c26e41a66c94e05089a1c0816abbeddbf2780a08b06be5492	publication_component:database:publication:doi:10.1111/ece3.2012.2.issue-1	lookup:6e6d19cc6000d7666d05902df6b1bd9cb700f756812a79d003c2b7a2e5abe21c	openalex	work_by_openalex_id	openalex	W4241180918	native_title_evidence	recover_title
assignment:2c34c107e1452e79ef06a22c431d87396cbcd39f0e164004ccb552c995d56ec1	publication_component:database:publication:doi:10.1111/evo.2001.55.issue-2	lookup:b13587a6596bf47d44ad210000a58cfd8eebbd1bbb15d7310533e2d9273dba63	openalex	work_by_openalex_id	openalex	W4235999315	native_title_evidence	recover_title
assignment:1716cc0d2f25a85f288be43bcbeb527e6db99d7bcb2491043ddafd8e7ca6aee4	publication_component:database:publication:doi:10.1111/febs.14741	lookup:af4a1ed100328eb458879e9304ae75bee0de2cbe175e6bdf13bec470374976e2	openalex	work_by_doi	doi	10.1111/febs.14741	conflict_all_exact_evidence	adjudicate_identifier_conflict
assignment:01a500a2d8babe064d23a2e779f48f93389a4e52a721bcd1f0d00e61d383c05d	publication_component:database:publication:doi:10.1111/febs.14741	lookup:03bae74fed8306c177c7c2e0ec3602b0c2a08fc2cd88e1dbf6f600b9fb4933bc	openalex	work_by_openalex_id	openalex	W4236130668	conflict_all_exact_evidence	adjudicate_identifier_conflict
assignment:dc7863f6019154b7ff17ac3ef2a1f692fda0db24a922b955a36a99c9c80fd543	publication_component:database:publication:doi:10.1111/febs.14741	lookup:7d9586155902d40f0cd5e2372f1b120aa93ea975c6cb87683271adeea57e9c2a	openalex	work_by_pmid	pmid	30589511	conflict_all_exact_evidence	adjudicate_identifier_conflict
assignment:2e176cbe34560a2a57fe3c11e0659442ad7030ea02464cb7a636ab3fc379a44a	publication_component:database:publication:doi:10.1111/febs.14741	lookup:1e6c0b5ef36aa54beb5593e0f7931a6a9f03e7387d63055f33135ae3cb196eb0	opencitations_meta	metadata_by_doi	doi	10.1111/febs.14741	conflict_all_exact_evidence	adjudicate_identifier_conflict
assignment:86742d1d8868f37491388b22b7e026f555d70c91d323bbeaf57b2e1c50b05615	publication_component:database:publication:doi:10.1111/febs.14741	lookup:900ca330fbcc517f078843caab4d97d9a602364ae05f8d7f7b24838126380a43	pubmed	record_by_pmid	pmid	30589511	conflict_all_exact_evidence	adjudicate_identifier_conflict
assignment:86868e295697c46acfb0b0a46c9acd8534cf2af91023d537bd8ab38b781344cb	publication_component:database:publication:doi:10.1111/hrd.2000.133.issue-1	lookup:a509c595d26a0ff4c0ca56f8f833114caa99d44ee7687287503d6c4600199877	openalex	work_by_openalex_id	openalex	W4242203474	native_title_evidence	recover_title
assignment:f31d1d386c18abe864d27208bce5878a78ae1b097adb5978b0fa5b9559c9335c	publication_component:database:publication:doi:10.1111/j.0014-3820.2003.tb00265.x	lookup:90990903b7ca28268360dedadf106cb70b2e1e3ff54ba40f245412edb768659e	openalex	work_by_doi	doi	10.1111/j.0014-3820.2003.tb00265.x	conflict_all_exact_evidence	adjudicate_identifier_conflict
assignment:34aa06c59da3904ec2668bbd21dd0300ab2a7a8f4c48248de9890df4efb02aed	publication_component:database:publication:doi:10.1111/j.0014-3820.2003.tb00265.x	lookup:82ceb9117596c1195042c63885c163ca1a1c7881fcc8b61a0f953236024ee657	openalex	work_by_openalex_id	openalex	W4254276788	conflict_all_exact_evidence	adjudicate_identifier_conflict
assignment:e0f7dfdec21bc191bd6801f82c93bad8fe77d0fe02be93112fa6b20b53a1faba	publication_component:database:publication:doi:10.1111/j.0014-3820.2003.tb00265.x	lookup:2e5bc4743a73a91a74f3365dd15a14fb104c2e38e02ba2f4cf6e69824598af18	openalex	work_by_pmid	pmid	12683527	conflict_all_exact_evidence	adjudicate_identifier_conflict
assignment:47b76d57ca64e7f04bf19b66f27e37db7631119a75166fde5840a17ca05f52e7	publication_component:database:publication:doi:10.1111/j.0014-3820.2003.tb00265.x	lookup:a526567bc5ffb26a2696845c29ee38affd0c567c5d960968a19946969b477a80	opencitations_meta	metadata_by_doi	doi	10.1111/j.0014-3820.2003.tb00265.x	conflict_all_exact_evidence	adjudicate_identifier_conflict
assignment:a809d089188eac4e75c212f10f391b9df8235ed681af78b8bd0aaf2eb9d1af42	publication_component:database:publication:doi:10.1111/j.0014-3820.2003.tb00265.x	lookup:03e7746d1173a15a6be460eda90867b860063882cbe1bfd3672a314fbb39c29e	pubmed	record_by_pmid	pmid	12683527	conflict_all_exact_evidence	adjudicate_identifier_conflict
assignment:04250967f45f7c56525f6c85b9d096dfa76b927e1e99f717dcac8704571966fd	publication_component:database:publication:doi:10.1111/j.1742-464x.2010.07674.x	lookup:2544a3703b6157dfa65db3e12bfe2b2575a01440bef482a1e17aa37a26202ea2	openalex	work_by_doi	doi	10.1111/j.1742-464x.2010.07674.x	conflict_all_exact_evidence	adjudicate_identifier_conflict
assignment:d67741bf4890bf90d63320bfeb8a88399237cefe197221b63791708167f80cf9	publication_component:database:publication:doi:10.1111/j.1742-464x.2010.07674.x	lookup:57ab7c24e6ba556e7ac22490baece7db97e33cefbbe64d7979e1e8f2479ea5f0	openalex	work_by_openalex_id	openalex	W2919227285	conflict_all_exact_evidence	adjudicate_identifier_conflict
assignment:b61e0be83817880337c17f3a3330ff6c770df2a87e76b9d99b05323e1a15836c	publication_component:database:publication:doi:10.1111/j.1742-464x.2010.07674.x	lookup:6abca6a81baf805a56929ee241387dc0be95432cfd1fa390812d8d71340bab04	openalex	work_by_pmid	pmid	20553498	conflict_all_exact_evidence	adjudicate_identifier_conflict
assignment:bad8100a5dbd46f14735e7768933806d0e1ab4018a3651c12ef7a9b1a0ecbac6	publication_component:database:publication:doi:10.1111/j.1742-464x.2010.07674.x	lookup:fde3148c2ab8e2eca7a610ae0e02a32fc17611f6736ed4f7f7cd2b711561d7fc	opencitations_meta	metadata_by_doi	doi	10.1111/j.1742-464x.2010.07674.x	conflict_all_exact_evidence	adjudicate_identifier_conflict
assignment:e90a06a759c301aa1c38b52f8dd1c7127e08b17d58eec6d9f28c4827e3d4e265	publication_component:database:publication:doi:10.1111/j.1742-464x.2010.07674.x	lookup:d0c84a72c22d4c4aa0775d6a361a0ef9896db377e24630f572ef9cf95c7156cc	pubmed	record_by_pmid	pmid	20553498	conflict_all_exact_evidence	adjudicate_identifier_conflict
assignment:8cb2aa9f28e3738e5622b5f867b098b532f99349c902eb036890daeb7bcd8028	publication_component:database:publication:doi:10.1111/j.1742-4658.2010.07674.x	lookup:d219976cc251b2ed386459ad426ee9a9a7ef76c3c306a201e08e1fca905340a6	openalex	work_by_doi	doi	10.1111/j.1742-4658.2010.07674.x	conflict_all_exact_evidence	adjudicate_identifier_conflict
assignment:4f0534b88c1b92bb105982ab187848d7ac6a84c46ceeeec2c1519de1d13f1c07	publication_component:database:publication:doi:10.1111/j.1742-4658.2010.07674.x	lookup:4c8b6462d6123a226cd0b89e7ee5424c9cf1afb91e2270eba99911ade1e7bc62	openalex	work_by_openalex_id	openalex	W2134709991	conflict_all_exact_evidence	adjudicate_identifier_conflict
assignment:4937277eb4e12f2f0d6952e7a96d32269de48d4972d6e847233c1b90923d54b0	publication_component:database:publication:doi:10.1111/j.1742-4658.2010.07674.x	lookup:6abca6a81baf805a56929ee241387dc0be95432cfd1fa390812d8d71340bab04	openalex	work_by_pmid	pmid	20553498	conflict_all_exact_evidence	adjudicate_identifier_conflict
assignment:1fba89e579f1eddee48f5b3bb972f95616c72e936f8bf387afe70760451214f7	publication_component:database:publication:doi:10.1111/j.1742-4658.2010.07674.x	lookup:178ab7e8e40d0c7519830046f4761a9d0baaae2e0d0311f4692b0d6ef961079c	opencitations_meta	metadata_by_doi	doi	10.1111/j.1742-4658.2010.07674.x	conflict_all_exact_evidence	adjudicate_identifier_conflict
assignment:5843d1346925dbf7be67ca275ed22ee194bd453165aa91ad19f70db8275a7229	publication_component:database:publication:doi:10.1111/j.1742-4658.2010.07674.x	lookup:d0c84a72c22d4c4aa0775d6a361a0ef9896db377e24630f572ef9cf95c7156cc	pubmed	record_by_pmid	pmid	20553498	conflict_all_exact_evidence	adjudicate_identifier_conflict
assignment:5a2ca8bcc67f9e8cfc6dbec5a5a2ed3c648a367c49cf3fcadd519071b1886151	publication_component:database:publication:doi:10.1111/jse.v60.1	lookup:cb0ae37f219c360423a05273fbd29d599eee03c2956826735640c273fe6198e2	openalex	work_by_openalex_id	openalex	W4220834769	native_title_evidence	recover_title
assignment:4083c1b89d9428d23fb64e0dadf647fbcde2d193c05fdc6d4d35c5145e64c5c5	publication_component:database:publication:doi:10.1111/men.v25.5	lookup:145fa85f042f4b0168a9e255114eb80700012549ea6b62a67ae454b22d1be640	openalex	work_by_openalex_id	openalex	W4411096302	native_title_evidence	recover_title
assignment:bacb591d1f051b2c61231d7e2c93d3b02d01f85159d30658f7a9bec40efd0e4e	publication_component:database:publication:doi:10.1111/tpj.70981	lookup:80de73ed20abceddd1fe7575d1ad52bc7d2108d3c1d5c73602976f5e24bffde7	openalex	work_by_doi	doi	10.1111/tpj.70981	conflict_all_exact_evidence	adjudicate_identifier_conflict
assignment:36cb397dc995728f4562c1fa6273326ca2829600be5874787d4dcbbb4490d717	publication_component:database:publication:doi:10.1111/tpj.70981	lookup:9fd2cb8acd6f7cadb904966a7033aa55c85a07adbad1cbeb10ee8e65d33d0cc5	openalex	work_by_openalex_id	openalex	W7164183454	conflict_all_exact_evidence	adjudicate_identifier_conflict
assignment:cacc5c7535ef348f3180ccd101295051e65f51752f58c658eac238c2329c9193	publication_component:database:publication:doi:10.1111/tpj.70981	lookup:ebe68d5f8c4374e13ad5bb3c3f42eb7a79bba8d3b753b9aef4d9a8846c3c7b23	openalex	work_by_pmid	pmid	42269138	conflict_all_exact_evidence	adjudicate_identifier_conflict
assignment:8cf565bf82599ab3fe168526c5fd63ea32ddb4bf4454bca68a303b9ad0f4e858	publication_component:database:publication:doi:10.1111/tpj.70981	lookup:4070df728a6c3929ac340fce401f1c51a8e1c3f1b6bb224f05314eba221f0547	opencitations_meta	metadata_by_doi	doi	10.1111/tpj.70981	conflict_all_exact_evidence	adjudicate_identifier_conflict
assignment:d7bb80f5d44e9ac406c0df61fc704ec4c211bd14d48f24e46f04fa89e1b98a8a	publication_component:database:publication:doi:10.1111/tpj.70981	lookup:87da05e4a587bd4b06e3c917ae033188aa45a3fcaf62691a25646f86b0bf7919	pubmed	record_by_pmid	pmid	42269138	conflict_all_exact_evidence	adjudicate_identifier_conflict
assignment:f526a6e2c936fcfc1e629bc0e0c13d3fc65b3c994e700812dc12606b485b9e9b	publication_component:database:publication:doi:10.1128/mbio.02359-20	lookup:f34ea357c105ae31800462ad2bf9a2e64a00e982d45349699995f986f4264420	openalex	work_by_doi	doi	10.1128/mbio.02359-20	conflict_all_exact_evidence	adjudicate_identifier_conflict
assignment:bb550bfb58a7b2affb26ec93bac6ca6e869247748f29972fab01c11819856191	publication_component:database:publication:doi:10.1128/mbio.02359-20	lookup:02df65fc9f02787ee41739fdf3a3c7360c63560bd8f204803e668d66fbe2aba6	openalex	work_by_pmid	pmid	33109761	conflict_all_exact_evidence	adjudicate_identifier_conflict
assignment:97116481988b276ae9577050aa0bb4371460fd878adcd2a978c9100b8e385828	publication_component:database:publication:doi:10.1128/mbio.02359-20	lookup:337e99faa9c882606028d88b8f44ead11299b7a4030cd3573e41aaa0603ff469	opencitations_meta	metadata_by_doi	doi	10.1128/mbio.02359-20	conflict_all_exact_evidence	adjudicate_identifier_conflict
assignment:f6ebb0cb3fc2bd9021e5db1124f946ea5a82750c59469f3bc2b622938275c537	publication_component:database:publication:doi:10.1128/mbio.02359-20	lookup:dc4d6ec25de8ee709a33f928460a8783012846b792db3c3734825c2bae00d92e	pubmed	record_by_pmid	pmid	33109761	conflict_all_exact_evidence	adjudicate_identifier_conflict
assignment:6a31b707aa3805d2bff1ba1fc7dacd2503ce08b7ee7e46d45e849174f7451675	publication_component:database:publication:doi:10.1128/mcb.11.1.458	lookup:2add7cd96e6eb8465393565c7dcb3e6c3b3c1890c2d78a2e37928ae9c4f4f636	openalex	work_by_doi	doi	10.1128/mcb.11.1.458	conflict_all_exact_evidence	adjudicate_identifier_conflict
assignment:4a61fd1ef5b1a4e2a283bc81b21b0ddcdb9234f8a6981f5b62ac7b0499d5d301	publication_component:database:publication:doi:10.1128/mcb.11.1.458	lookup:e66e2d52389ef2bb37f56e9fd23ba6c06a7dd7a99063629d60d0372d6f694673	openalex	work_by_openalex_id	openalex	W2115839673	conflict_all_exact_evidence	adjudicate_identifier_conflict
assignment:98367b01cff11176a7c3d23377754378d9cb2da601bff4a82426d189fc9d1377	publication_component:database:publication:doi:10.1128/mcb.11.1.458	lookup:1c08d65641504e65d5b13d5757db11d177c028cca6ff586275dcb776396acea9	openalex	work_by_pmid	pmid	1986240	conflict_all_exact_evidence	adjudicate_identifier_conflict
assignment:5393924177c6541bc439576f48d859e7f2cc031e2a6442ff2c228b31fee90129	publication_component:database:publication:doi:10.1128/mcb.11.1.458	lookup:0898d9fe72b72b28a10d9473a357861245e994d6870aa0311904785859d4c885	opencitations_meta	metadata_by_doi	doi	10.1128/mcb.11.1.458	conflict_all_exact_evidence	adjudicate_identifier_conflict
assignment:e54b51f31e2ea2dc60673111244643e9f8ce5addb749e0acb44f9ce9136f5491	publication_component:database:publication:doi:10.1128/mcb.11.1.458	lookup:eb612ccdb903bfaaae57d42d0cd9dcaea3416d07c739d014d3be21d747623211	pubmed	record_by_pmid	pmid	1986240	conflict_all_exact_evidence	adjudicate_identifier_conflict
assignment:0b76570020f82a94aec36fdbc7225abe444506d4f5e2bc903228842b257c1874	publication_component:database:publication:doi:10.1128/mcb.11.1.458-467.1991	lookup:99908484a5a0291900d3d8a598299c5d3b52eca57a7da29ae42bb5019de3805b	openalex	work_by_doi	doi	10.1128/mcb.11.1.458-467.1991	conflict_all_exact_evidence	adjudicate_identifier_conflict
assignment:615660bc2dccdc1276857dc50df08f1f67d9e34e8b22d2ffb59f32deefc220c3	publication_component:database:publication:doi:10.1128/mcb.11.1.458-467.1991	lookup:a0da4f6807216d7f9fef2ad4bcdc563b48412d8f75341dbf95f22eba020c7899	openalex	work_by_openalex_id	openalex	W4255028999	conflict_all_exact_evidence	adjudicate_identifier_conflict
assignment:b9de96c679e840f4221c49f6aa1822a0d4b6226d249afd13d4a07da1d495a654	publication_component:database:publication:doi:10.1128/mcb.11.1.458-467.1991	lookup:1c08d65641504e65d5b13d5757db11d177c028cca6ff586275dcb776396acea9	openalex	work_by_pmid	pmid	1986240	conflict_all_exact_evidence	adjudicate_identifier_conflict
assignment:d19202fea5f07f6a2ee5a0ee9fe3aff9abcc062dfcda2d4d15eba129a0c98041	publication_component:database:publication:doi:10.1128/mcb.11.1.458-467.1991	lookup:b2ae2b019ecab393243491f602f573297ec048fdee52db4aabf839e2ff59ebff	opencitations_meta	metadata_by_doi	doi	10.1128/mcb.11.1.458-467.1991	conflict_all_exact_evidence	adjudicate_identifier_conflict
assignment:c4b18c9546d40a77ddb7b12e11d2d0958090cf2db1af586df838f1d147468dcd	publication_component:database:publication:doi:10.1128/mcb.11.1.458-467.1991	lookup:eb612ccdb903bfaaae57d42d0cd9dcaea3416d07c739d014d3be21d747623211	pubmed	record_by_pmid	pmid	1986240	conflict_all_exact_evidence	adjudicate_identifier_conflict
assignment:dfaa1949abfeb247289694ef6109883a4967e14725e7995d255e214f5a369e4d	publication_component:database:publication:doi:10.1128/mcb.14.5.2985	lookup:f35ec3d583dc78997a94ee0e23f0e87881b1054a05e2c05802604c1f7531c446	openalex	work_by_doi	doi	10.1128/mcb.14.5.2985	conflict_all_exact_evidence	adjudicate_identifier_conflict
assignment:462786ed5ecd724566ecd09b2c522a9ddab271a33ac351a5221e5c9bba80892c	publication_component:database:publication:doi:10.1128/mcb.14.5.2985	lookup:42c6fe6acaaccad116edbfba8136cb96bb300d4a0419cf415046f2a0ed154b9b	openalex	work_by_openalex_id	openalex	W2107161940	conflict_all_exact_evidence	adjudicate_identifier_conflict
assignment:c4394abaf0ead42bd323886f15096fb62a5fb1b64f9de15d834f1823eaa96440	publication_component:database:publication:doi:10.1128/mcb.14.5.2985	lookup:2103f3a02be06ea9427f74b1117216ef80c3632f6d8ac8aae525cfc49cf3c875	openalex	work_by_pmid	pmid	7513049	conflict_all_exact_evidence	adjudicate_identifier_conflict
assignment:741dd2c3101015f3e6d4043f4eba96255416af77bd9f91dcdac6c76cf8a979ce	publication_component:database:publication:doi:10.1128/mcb.14.5.2985	lookup:ef078a7bf4bed1707f8897d74e7824b9674421fc790faac6c9dc00b7e2123d4a	opencitations_meta	metadata_by_doi	doi	10.1128/mcb.14.5.2985	conflict_all_exact_evidence	adjudicate_identifier_conflict
assignment:ea3f316dd70c2e982847b012b560ce427208adcc8eced463c551cda31b291a96	publication_component:database:publication:doi:10.1128/mcb.14.5.2985	lookup:72aa16c94da398835f1221fe2e358d5a996babfa59dfece084c1edcad8bb1d2e	pubmed	record_by_pmid	pmid	7513049	conflict_all_exact_evidence	adjudicate_identifier_conflict
assignment:f00bd7ecc0d663a98ed91435e43f628d860d3f18a4a84a48b7f93f1b7c5f06c6	publication_component:database:publication:doi:10.1128/mcb.14.5.2985-2993.1994	lookup:14fcec8f6e42a78072b51ec51e9f8512c24f6b49f529d775dcbfe90dacd2003b	openalex	work_by_doi	doi	10.1128/mcb.14.5.2985-2993.1994	conflict_all_exact_evidence	adjudicate_identifier_conflict
assignment:43634f4c54ef1a682d68c2743b9f62cc407f052671bfdbd89574e7cd561366f7	publication_component:database:publication:doi:10.1128/mcb.14.5.2985-2993.1994	lookup:3596be620ba655803c8f65bb54424a93370105ba0ab792c40bf2eaee4c4d2f74	openalex	work_by_openalex_id	openalex	W4245513884	conflict_all_exact_evidence	adjudicate_identifier_conflict
assignment:de523f50f0cfbe193b14df864e050423991d478c0e0d56b9172df55e2c168042	publication_component:database:publication:doi:10.1128/mcb.14.5.2985-2993.1994	lookup:2103f3a02be06ea9427f74b1117216ef80c3632f6d8ac8aae525cfc49cf3c875	openalex	work_by_pmid	pmid	7513049	conflict_all_exact_evidence	adjudicate_identifier_conflict
assignment:fe80878fc09e786f6af5bf90b0c8dae08855d8211660c153be4803d568508a8e	publication_component:database:publication:doi:10.1128/mcb.14.5.2985-2993.1994	lookup:b58edf92d3f77363236c73df4fca03f06c063b91ce2df51362b04554c188441a	opencitations_meta	metadata_by_doi	doi	10.1128/mcb.14.5.2985-2993.1994	conflict_all_exact_evidence	adjudicate_identifier_conflict
assignment:f35f18ccad8b8823b0e3db51ea0df962188b4c8aab8d14e670cd5ab46f5b71b7	publication_component:database:publication:doi:10.1128/mcb.14.5.2985-2993.1994	lookup:72aa16c94da398835f1221fe2e358d5a996babfa59dfece084c1edcad8bb1d2e	pubmed	record_by_pmid	pmid	7513049	conflict_all_exact_evidence	adjudicate_identifier_conflict
assignment:571046915037837af6267293cadf32bfdc901655ea617dce91db2d121040fb3b	publication_component:database:publication:doi:10.1134/s0026893313010056	lookup:9ed639926ab54e18209bb20a3eb7981693666d41eac151a03534bb870ac39235	openalex	work_by_doi	doi	10.1134/s0026893313010056	conflict_all_exact_evidence	adjudicate_identifier_conflict
assignment:a00b422dc89870678aaa61ff6c7252da0e8177c016fd2a2404324579524e8350	publication_component:database:publication:doi:10.1134/s0026893313010056	lookup:af809a32a842276fb9f36b3de083dfe7692f09c9badebd746b967cff19f00f24	openalex	work_by_openalex_id	openalex	W2023505578	conflict_all_exact_evidence	adjudicate_identifier_conflict
assignment:c12fed713c7833f54fbbad7c2eb63fa2b97da3531f0488b9213c93f0bca87b8e	publication_component:database:publication:doi:10.1134/s0026893313010056	lookup:520ad0c5768093d638798d4b7267eea191311d864720979c53380f259ce28af5	openalex	work_by_pmid	pmid	23705496	conflict_all_exact_evidence	adjudicate_identifier_conflict
assignment:1b10f37678fda4c098e145117c033d73de5d1cc9c94f426d431ff3bd079eff58	publication_component:database:publication:doi:10.1134/s0026893313010056	lookup:c85e70424eccd4ef7e851de9f7155c4ae45d32d2d569e855d20320345bde6795	opencitations_meta	metadata_by_doi	doi	10.1134/s0026893313010056	conflict_all_exact_evidence	adjudicate_identifier_conflict
assignment:527b55319f18788a07384ca38672b2d2d627be532880665d16452d200e2936fe	publication_component:database:publication:doi:10.1134/s0026893313010056	lookup:1d044de594074506bbfab5c027c487ac4d894b85f53e50f202c3f5c91728a272	pubmed	record_by_pmid	pmid	23705496	conflict_all_exact_evidence	adjudicate_identifier_conflict
assignment:49c2f02bf2c570c1aad6ceca41846cd2705a52ccfdf64f1694a2a2089d075b57	publication_component:database:publication:doi:10.1134/s1022795413050049	lookup:435df8d212bc6289c00294fe6ca8c27ed27e53545ec72e8667ee710520f2d5c1	openalex	work_by_doi	doi	10.1134/s1022795413050049	conflict_all_exact_evidence	adjudicate_identifier_conflict
assignment:d6815ff20b9c8da82b959be63bd83ac57d5d3981b9aab684118c260b1455d0fe	publication_component:database:publication:doi:10.1134/s1022795413050049	lookup:2269adbf6c6f9704913e61e25331d6708dca198423f38fac91a6b06fb7da273c	openalex	work_by_openalex_id	openalex	W2463998078	conflict_all_exact_evidence	adjudicate_identifier_conflict
assignment:af3f349e9e557b1b7787e7f8bd670dc57ebb18c28c8df9c0eb74ec89838a5c0f	publication_component:database:publication:doi:10.1134/s1022795413050049	lookup:8b68f6be6f53ca51c4b3bbd7bd13ed175bd81c4d1798cda574f652ed99576d11	openalex	work_by_pmid	pmid	24159804	conflict_all_exact_evidence	adjudicate_identifier_conflict
assignment:2fad81c73b7aa093e94ada01112154c2bcd97a2ac9d7e6802f35e7a205af4fd0	publication_component:database:publication:doi:10.1134/s1022795413050049	lookup:3b876b09a4342c985b1e61d685d5c2ef43d440b0528e0f0d9cfd0438e6b9540f	opencitations_meta	metadata_by_doi	doi	10.1134/s1022795413050049	conflict_all_exact_evidence	adjudicate_identifier_conflict
assignment:6a2ee319eb52f82e7cf09807fa6550daea896931a2c262ce8d64df08160eec0b	publication_component:database:publication:doi:10.1134/s1022795413050049	lookup:30ee8f08048330ac12aaa963e784d1a260564f7dd3d88c1125b49c95c52b78fd	pubmed	record_by_pmid	pmid	24159804	conflict_all_exact_evidence	adjudicate_identifier_conflict
assignment:cf2247144b65708d42a785cfd3ed4af7ba62ffd4f213ab6985861a9ab4dccc2e	publication_component:database:publication:doi:10.1134/s1022795414110076	lookup:324320aaa9c52da187a28e2ce8353ac401aa828b1ca2326641e92571d774f870	openalex	work_by_doi	doi	10.1134/s1022795414110076	conflict_all_exact_evidence	adjudicate_identifier_conflict
assignment:1ea9eb4d63997878fbbff0bd6cfb14e9703b546c54f215f469861404ba22ceff	publication_component:database:publication:doi:10.1134/s1022795414110076	lookup:5b86dcb2cb7b7344003f234c1f6d85e5f17bc1e02d170fbcf5e82890eae0d189	openalex	work_by_openalex_id	openalex	W2115814792	conflict_all_exact_evidence	adjudicate_identifier_conflict
assignment:db857bd860a41ef582df8959f7c1fea08e6a2ff7e95e43212ae33f0f4b5acc2c	publication_component:database:publication:doi:10.1134/s1022795414110076	lookup:c389f9df83018bac1875d5834e473ceb5952e3a9bf425f89feff7b6c8781fe80	openalex	work_by_pmid	pmid	25857192	conflict_all_exact_evidence	adjudicate_identifier_conflict
assignment:c20ae7c6be1bfaa19976614c5ea22d60ce1b35567a3c9bac289a3e234ad53a03	publication_component:database:publication:doi:10.1134/s1022795414110076	lookup:026902ca2553fbb4f4529de018c265b8a4a9e7823b725b139244731abda1ba65	opencitations_meta	metadata_by_doi	doi	10.1134/s1022795414110076	conflict_all_exact_evidence	adjudicate_identifier_conflict
assignment:179b7c0f0e2c6aa63311214998ddbd6fbb23833d86342d9219f362814a197513	publication_component:database:publication:doi:10.1134/s1022795414110076	lookup:f44080aac070a6cedf222218f8b1f2a787da88a1df816f63de9965474981567b	pubmed	record_by_pmid	pmid	25857192	conflict_all_exact_evidence	adjudicate_identifier_conflict
assignment:e886b4b2ebc55cc372d9b855bab409c5e31215ce85e80a3b14259faf453a21a4	publication_component:database:publication:doi:10.1145/332306.332563	lookup:ef20b199b02ff8172567aa4ac22ccf7b5461b4f8c2cd02b4af49d65d60ad1853	openalex	work_by_doi	doi	10.1145/332306.332563	conflict_all_exact_evidence	adjudicate_identifier_conflict
assignment:9efae7ea0f4ac2ec4c49152cb391e0de7edc5502fb99e3fd1d599c094c62b635	publication_component:database:publication:doi:10.1145/332306.332563	lookup:ea932be15e3737f1ff45977d8f4ad3a0d13040333949497830c19cbe63ecefab	openalex	work_by_openalex_id	openalex	W2030381931	conflict_all_exact_evidence	adjudicate_identifier_conflict
assignment:9958bfe2cb98512cd4ddd07b5fae8ec109de2959c057fa2239f4bb343adb0ebf	publication_component:database:publication:doi:10.1145/332306.332563	lookup:82ee110bcef4550b4c6b2c9fd596bda7283e334256f69d6966a01083f2cf1d9a	openalex	work_by_pmid	pmid	11108477	conflict_all_exact_evidence	adjudicate_identifier_conflict
assignment:de065158623b51e4906edd49d7edf8d0382b1c27250c14d7ae86cd7f1ed531bc	publication_component:database:publication:doi:10.1145/332306.332563	lookup:e4e0bb6cf5f4a214f55308e0c4c6d910bc45b5ecfbe6e186f9fa147eece44138	opencitations_meta	metadata_by_doi	doi	10.1145/332306.332563	conflict_all_exact_evidence	adjudicate_identifier_conflict
assignment:ccec9b2c215665ddf3a6d4d4c72459be0058cc6b1378dfee030ead9395ef308e	publication_component:database:publication:doi:10.1145/332306.332563	lookup:4af306d0726e41267daf089f45146384c52bdabc0cf964359e60ab07961d8729	pubmed	record_by_pmid	pmid	11108477	conflict_all_exact_evidence	adjudicate_identifier_conflict
assignment:e6bb6e0b7ef61000ec9d1ff004bac8cc0b05b5258dcbd2298e4ae796a0e08648	publication_component:database:publication:doi:10.11646/phytotaxa.613.3	lookup:90aec256eaa05e5e0848c9a45d9d711d9336670207a388c45310dfd32bdddf94	openalex	work_by_openalex_id	openalex	W4386697697	native_title_evidence	recover_title
assignment:aa4c3debfb71db2c10d9f345a0a6c730a9065d07699a59885742fa220321f2c6	publication_component:database:publication:doi:10.11646/phytotaxa.625.3	lookup:8e76ce929b40426a096221eddf054b715623a9b45ac45ea5852a5863dff28d1e	openalex	work_by_openalex_id	openalex	W4388621727	native_title_evidence	recover_title
assignment:cdf5d099723dd2147ea6ba255b12c8c350ea7af6fdc7560703091b4c0a3b4d66	publication_component:database:publication:doi:10.11646/phytotaxa.652.2	lookup:351bf2bd0f190a6ad3f9fd64d154087916e7e48a8e3073fba3a7f90be8334c93	openalex	work_by_openalex_id	openalex	W4399319307	native_title_evidence	recover_title
assignment:09fda037889f572eb32cedfc134421ff21de2286272c363d6044263e4721280c	publication_component:database:publication:doi:10.11646/phytotaxa.725.1	lookup:472cf463d06c1b21be023086bc4d211df346d18527823a778425aeda6ae4687a	openalex	work_by_openalex_id	openalex	W4415355517	native_title_evidence	recover_title
assignment:b51ecb28ea8b58a1c181b2e8fe231307988027e014542b3939cc7beecd749997	publication_component:database:publication:doi:10.1186/gb-2003-4-6-p6	lookup:52b19c9b8901559b97656280be5063bed9f7a0c6d3ff9cb3f39abe952a37eeb3	openalex	work_by_openalex_id	openalex	W2124267441	native_title_evidence	recover_title
assignment:0cfa7a7bd59386bd00eaa2b6f0fbfa73811a9509b90243db466e6b9feee594c3	publication_component:database:publication:doi:10.12688/f1000research.76068.5	lookup:348c9d962aee26a4a6f6bd0591a3f0ce095a03e29ab98ff905a024b4bbe517b1	openalex	work_by_doi	doi	10.12688/f1000research.76068.5	conflict_all_exact_evidence	adjudicate_identifier_conflict
assignment:adfe8837d9d1b32ef36bf83360eac2e8adfaf3735e84a94a97b44119b9bb4cd4	publication_component:database:publication:doi:10.12688/f1000research.76068.5	lookup:4ca2bb08a02a12c5a9187c6bda1cd4c2a843f5261e094c70487dd0a1dcbfbdfd	openalex	work_by_openalex_id	openalex	W4407564368	conflict_all_exact_evidence	adjudicate_identifier_conflict
assignment:74cd8c6d6769b7e6381dab56a403ffd9c8c67c6cb37ef30309d8b06d8a985eda	publication_component:database:publication:doi:10.12688/f1000research.76068.5	lookup:6d040a33190e37713929e3ec69a1e480fd51e0851ac121bc66b1a7c63ffbed68	openalex	work_by_pmid	pmid	39554852	conflict_all_exact_evidence	adjudicate_identifier_conflict
assignment:59552a58e54f42f099642503616e8cac03caa743d3f38c73b6140c80dae2df0a	publication_component:database:publication:doi:10.12688/f1000research.76068.5	lookup:d51bf911fb239d9b2a6ec1929ce1cbb8286820b5ca6c924e269fa088be769d0e	opencitations_meta	metadata_by_doi	doi	10.12688/f1000research.76068.5	conflict_all_exact_evidence	adjudicate_identifier_conflict
assignment:c3808450377f797746a598dcc914664257e3ca9e8ba01e2464b2811816c79ae1	publication_component:database:publication:doi:10.12688/f1000research.76068.5	lookup:b38cf5454e2882c5249e1654b275975b8ba1138161e9d34db5ee45bdd489867f	opencitations_meta	metadata_by_omid	omid	br/0605024925	conflict_all_exact_evidence	adjudicate_identifier_conflict
assignment:9d340888ab4e6d790d1e2d1081d1bbd1c280cde6ce8f11a746b4a49b30aec695	publication_component:database:publication:doi:10.12688/f1000research.76068.5	lookup:45ee7f6613c7f64f2d265334bac82605ed351e2e0db2b8cfae257551ddc04698	pubmed	record_by_pmid	pmid	39554852	conflict_all_exact_evidence	adjudicate_identifier_conflict
assignment:384d9ea12521e22887f4ed6916095155d60553bb0fee9b4743ba49b7e6959c57	publication_component:database:publication:doi:10.13040/ijpsr.0975-8232.1(8-s).37-46	lookup:ef4969a67fe34f20ffa3d7af444d9bbcace3c67f61143fad88744084300ab08f	openalex	work_by_openalex_id	openalex	W4252615593	native_title_evidence	recover_title
assignment:e6ac138e9576544b16673a8968f361084f039923a3785a9056e2afc35f2f5321	publication_component:database:publication:doi:10.1515/9781400851553.84	lookup:79e44e9d2e4ab19dc2b3838342688c4538d143c9392311e60387fa664cefa8b7	openalex	work_by_doi	doi	10.1515/9781400851553.84	conflict_all_exact_evidence	adjudicate_identifier_conflict
assignment:8906886e2489353dee55b7d19b812a8b805d471ab176c2a52213b4666130a99c	publication_component:database:publication:doi:10.1515/9781400851553.84	lookup:c8630a0ab8de6273fa99ddd43241761a03d10eb2550f1da3333fde09df197dc9	openalex	work_by_openalex_id	openalex	W2032897771	conflict_all_exact_evidence	adjudicate_identifier_conflict
assignment:8eaf4b98e4eb9b42b97eaab452ff0a7b0360af88e0ff7856aa58f98eb2210e1e	publication_component:database:publication:doi:10.1515/9781400851553.84	lookup:0c4a3ac8c67cfce91fecb8e1fd6124b8e10ce38f707e1a00aa983252a97ebdf4	openalex	work_by_pmid	pmid	1357691	conflict_all_exact_evidence	adjudicate_identifier_conflict
assignment:4b76d2f1ad6b3a6a63af72f1dab170bead3766f1237bf1c225b5b69f2dbf6dc3	publication_component:database:publication:doi:10.1515/9781400851553.84	lookup:593d11290892a98941db52a1e020103840bbd98e15849b6e1c618caacce22e63	opencitations_meta	metadata_by_doi	doi	10.1515/9781400851553.84	conflict_all_exact_evidence	adjudicate_identifier_conflict
assignment:b61d48a43dc371639f29337ee2ddc1fd93e889b1f7e8d08f9020aa91d6dd6da3	publication_component:database:publication:doi:10.1515/9781400851553.84	lookup:9a4c7341ecd96dc37ece3a9b1e0324c5878b6de54f28adc23f6cd7c35a2ac607	pubmed	record_by_pmid	pmid	1357691	conflict_all_exact_evidence	adjudicate_identifier_conflict
assignment:5b9283c72f0dd62fae8f74cabcd32d6f38d753edc0374ff227ca77351ddadf05	publication_component:database:publication:doi:10.1534/genetics.104.117275	lookup:b515dd42aa3480353984c630137b77920bd0081b43ef7a609de17591a28aa581	openalex	work_by_doi	doi	10.1534/genetics.104.117275	conflict_all_exact_evidence	adjudicate_identifier_conflict
assignment:f1c259bdd0b702e126b22ae393cde2fc5835e59e817482f5277c25a9fe2c2a46	publication_component:database:publication:doi:10.1534/genetics.104.117275	lookup:3503026613f393f57b138f3b149127e011f42b57c41ab2b8c637d81389887d45	openalex	work_by_openalex_id	openalex	W4231172525	conflict_all_exact_evidence	adjudicate_identifier_conflict
assignment:dde848f6164c241a37c4738ae992c26bc2c968440140cebc8b1cda0c768409b9	publication_component:database:publication:doi:10.1534/genetics.104.117275	lookup:6e8865e542a0379868e97ca3a46b2280825464276600a8b710773c04d59c9a14	openalex	work_by_pmid	pmid	20855576	conflict_all_exact_evidence	adjudicate_identifier_conflict
assignment:814e6682bc550633bd4ef67cbda485473ad1265a82ad011d02877c61a53f1310	publication_component:database:publication:doi:10.1534/genetics.104.117275	lookup:566992f07174ee38b219a9a998503713b2d9b42ffbd587af36e375c3016e1185	opencitations_meta	metadata_by_doi	doi	10.1534/genetics.104.117275	conflict_all_exact_evidence	adjudicate_identifier_conflict
assignment:d014e7cf5084b1115c27bd1c182160e604e3c89a9ad14100503bd1847dece77d	publication_component:database:publication:doi:10.1534/genetics.104.117275	lookup:06a9303b4740cd2cd94f4365f48d5aaffab4cc1eecc51057c26cf9d01e00702c	pubmed	record_by_pmid	pmid	20855576	conflict_all_exact_evidence	adjudicate_identifier_conflict
assignment:d46c0b3450ed388a5270a24324079e44bf24bfce14c315fd84304e2236704c7d	publication_component:database:publication:doi:10.1534/genetics.110.117275	lookup:cf60bf657f9297d96dc32a9edeec5a05c642dca261555e9d26ed919453366601	openalex	work_by_doi	doi	10.1534/genetics.110.117275	conflict_all_exact_evidence	adjudicate_identifier_conflict
assignment:5d9e356a608fafc713bd0d57cf1c4d161cebe599499344a0c482e4ba5baddea0	publication_component:database:publication:doi:10.1534/genetics.110.117275	lookup:cbd4a466ac1d3040abe4e5355d81a0e4b3dcab490601b537fa2595d04595c130	openalex	work_by_openalex_id	openalex	W2118484872	conflict_all_exact_evidence	adjudicate_identifier_conflict
assignment:58ce9cc47814c785f92a6a8af437bc2b7b7df8c4704d4ac0d83ca5e41ca37592	publication_component:database:publication:doi:10.1534/genetics.110.117275	lookup:6e8865e542a0379868e97ca3a46b2280825464276600a8b710773c04d59c9a14	openalex	work_by_pmid	pmid	20855576	conflict_all_exact_evidence	adjudicate_identifier_conflict
assignment:06ccee85aaa583b841d7dffed6fabaaaf56ecd0fd8741361092c6c0ce233ba5c	publication_component:database:publication:doi:10.1534/genetics.110.117275	lookup:d5ab99eed1efc719d32c76a4d5357638bd0d96dc0af8404095823d1965084cd0	opencitations_meta	metadata_by_doi	doi	10.1534/genetics.110.117275	conflict_all_exact_evidence	adjudicate_identifier_conflict
assignment:b45912c0a813e3def1caad670fd679807556b841c4109fb1cc63d8eb4b2a3375	publication_component:database:publication:doi:10.1534/genetics.110.117275	lookup:06a9303b4740cd2cd94f4365f48d5aaffab4cc1eecc51057c26cf9d01e00702c	pubmed	record_by_pmid	pmid	20855576	conflict_all_exact_evidence	adjudicate_identifier_conflict
assignment:8bfc2ec01148602a9fd2c89be0f134b9c94d6f9bf19e0e5b7964562b02d6ddf3	publication_component:database:publication:doi:10.1554/0014-3820(2003)057[0305:nabmdh]2.0.co;2	lookup:6c2d8dd10e20e2279665fc94fff70753511501af5d9524db0d873b3c01512d34	openalex	work_by_doi	doi	10.1554/0014-3820(2003)057[0305:nabmdh]2.0.co;2	conflict_all_exact_evidence	adjudicate_identifier_conflict
assignment:8fce05285175ad53214c20ce38759d8354a22846d6c3e93fdce8f71c70294711	publication_component:database:publication:doi:10.1554/0014-3820(2003)057[0305:nabmdh]2.0.co;2	lookup:c237909aa35078843386ba830695e7ac8bcd73aecf56439e9250d9645be9ab12	openalex	work_by_openalex_id	openalex	W2059746569	conflict_all_exact_evidence	adjudicate_identifier_conflict
assignment:0a06b713357b584d5298d45569687c4b0c6cf48e8698baa0418705639f124524	publication_component:database:publication:doi:10.1554/0014-3820(2003)057[0305:nabmdh]2.0.co;2	lookup:2e5bc4743a73a91a74f3365dd15a14fb104c2e38e02ba2f4cf6e69824598af18	openalex	work_by_pmid	pmid	12683527	conflict_all_exact_evidence	adjudicate_identifier_conflict
assignment:b8fd6c34e6aa644ab9cbfdb2338ed2f6fa6df5753f7d003bac0c73dfbb2d3a9c	publication_component:database:publication:doi:10.1554/0014-3820(2003)057[0305:nabmdh]2.0.co;2	lookup:8793583b8e8710b33cbceece2a6a8c3f5c06a1a53261c9ef9c7bdb85ed21294e	opencitations_meta	metadata_by_doi	doi	10.1554/0014-3820(2003)057[0305:nabmdh]2.0.co;2	conflict_all_exact_evidence	adjudicate_identifier_conflict
assignment:6ac83dc7cb7ed87716984e63cb67434bc356d419c669a069058a5a06341855b4	publication_component:database:publication:doi:10.1554/0014-3820(2003)057[0305:nabmdh]2.0.co;2	lookup:03e7746d1173a15a6be460eda90867b860063882cbe1bfd3672a314fbb39c29e	pubmed	record_by_pmid	pmid	12683527	conflict_all_exact_evidence	adjudicate_identifier_conflict
assignment:7c1d6418ede384400fc186f64ce0ccc38c0265d321ba821465e8b40621627641	publication_component:database:publication:doi:10.17221/pps-1	lookup:2bc9baa7b1d648c3cc3cd754c8ebfde01cb0b3c150b6eea2e979c3327b42b63d	openalex	work_by_openalex_id	openalex	W4237472940	native_title_evidence	recover_title
assignment:41967e726b9041e3efa7759136b1e1d66d2b094920c5d238a499c2ad7e63a41a	publication_component:database:publication:doi:10.21059/buletinpeternak.v50i2	lookup:bdc65114396da9a53ab3a553c52df029fc5a97c02b32cceac25834ec84a62ac6	openalex	work_by_openalex_id	openalex	W7162936631	native_title_evidence	recover_title
assignment:052209fe1521b7154ce13faab79de94083667416c4c64687620a8ea8c724cfa1	publication_component:database:publication:doi:10.21203/rs.3.rs-378702/v1	lookup:79e0516b1f8986ab7d981e4c9f9c8a5eea6468854b3a067349af54c3541732ba	openalex	work_by_doi	doi	10.21203/rs.3.rs-378702/v1	conflict_all_exact_evidence	adjudicate_identifier_conflict
assignment:d3629d99060795bd85acc53186bc91e61e810171f7da8b9e4ba27d8566e68711	publication_component:database:publication:doi:10.21203/rs.3.rs-378702/v1	lookup:04f95c214742c396c1f2310267206406e3e5cb588cd830ec00685dd8784a046b	openalex	work_by_openalex_id	openalex	W3148041504	conflict_all_exact_evidence	adjudicate_identifier_conflict
assignment:57598188428a3d251b695b82b82936de013fd3df882663c06ecc475c39798346	publication_component:database:publication:doi:10.21203/rs.3.rs-378702/v1	lookup:8b4a66551015a2a472dd3f81abbc0f009a8b991f7dbdaff4905ee273f7b5206f	openalex	work_by_pmid	pmid	33821261	conflict_all_exact_evidence	adjudicate_identifier_conflict
assignment:c3bb75c2cc9e0a4889003612370c638a12e03dbfa80c44197970680330af55a4	publication_component:database:publication:doi:10.21203/rs.3.rs-378702/v1	lookup:71335bf8891a1babfc75ca29263cae65fe8d74bd57402a1cb5f07cd525878b1f	opencitations_meta	metadata_by_doi	doi	10.21203/rs.3.rs-378702/v1	conflict_all_exact_evidence	adjudicate_identifier_conflict
assignment:915781844e47de7fcf4c2e9ce686ba36dbb987ecafd410c40299bdf65922d6b1	publication_component:database:publication:doi:10.21203/rs.3.rs-378702/v1	lookup:1de19484287d410556150d06ba1780e0dec554baa231d5536b646858fbb8ed89	pubmed	record_by_pmid	pmid	33821261	conflict_all_exact_evidence	adjudicate_identifier_conflict
assignment:78e9f7c9ed2a1b7827ee7972421bfae3901925ff3e560eb55c30bda6380e1483	publication_component:database:publication:doi:10.21203/rs.3.rs-378702/v3	lookup:9a9066728ef25a485b7857dac21d42cc17fac7e48b19efe36efc6ad2e13d6690	openalex	work_by_doi	doi	10.21203/rs.3.rs-378702/v3	conflict_all_exact_evidence	adjudicate_identifier_conflict
assignment:9b6ad5a6aee0e651c4ce63d2acc226b56bbb0922f946b9b3a3251c262e89a279	publication_component:database:publication:doi:10.21203/rs.3.rs-378702/v3	lookup:8c1081fa3fa841112f11b9a9271c591da77a93e21b297a9b2643ca6276642cbe	openalex	work_by_openalex_id	openalex	W4255018293	conflict_all_exact_evidence	adjudicate_identifier_conflict
assignment:c71a19c2481022e1502d3df104741c0f8079f9e9ed97d0bf74cff6651933e483	publication_component:database:publication:doi:10.21203/rs.3.rs-378702/v3	lookup:8b4a66551015a2a472dd3f81abbc0f009a8b991f7dbdaff4905ee273f7b5206f	openalex	work_by_pmid	pmid	33821261	conflict_all_exact_evidence	adjudicate_identifier_conflict
assignment:2be8aa324515d93c9603ab8aa60a5691ab3babef178937c87b7dd313fe12bae6	publication_component:database:publication:doi:10.21203/rs.3.rs-378702/v3	lookup:8b881a444edeffe4dd88b514ccb78d273c79da0c686c5e7b9b116f7e5281129f	opencitations_meta	metadata_by_doi	doi	10.21203/rs.3.rs-378702/v3	conflict_all_exact_evidence	adjudicate_identifier_conflict
assignment:55958256f23e4e067d90bd190f4613bf90f89db3df39862b1a634285cb13e314	publication_component:database:publication:doi:10.21203/rs.3.rs-378702/v3	lookup:1de19484287d410556150d06ba1780e0dec554baa231d5536b646858fbb8ed89	pubmed	record_by_pmid	pmid	33821261	conflict_all_exact_evidence	adjudicate_identifier_conflict
assignment:bf59e1e3dae2c39a8dbb7ea6df8895e74f095c3381d7dc8503437e14ebd4a44e	publication_component:database:publication:doi:10.2210/pdb6nee/pdb	lookup:940cc8081fabc4f05926d15bcbb3eb36fcbda80f3bb9b473b3ee554ca6718961	openalex	work_by_doi	doi	10.2210/pdb6nee/pdb	conflict_all_exact_evidence	adjudicate_identifier_conflict
assignment:97d9e452421db844f9824701006eca57f6433cd24ccb3cd35ceabdf6a409757c	publication_component:database:publication:doi:10.2210/pdb6nee/pdb	lookup:120beb5bfde72d973ae81113c79ab0ca42781ece9bc671d2c508918434345c99	openalex	work_by_openalex_id	openalex	W2907062950	conflict_all_exact_evidence	adjudicate_identifier_conflict
assignment:5a2be020bdc8499b711f77932b17875838f4fbf7f745afe61b9240ba0597805c	publication_component:database:publication:doi:10.2210/pdb6nee/pdb	lookup:7d9586155902d40f0cd5e2372f1b120aa93ea975c6cb87683271adeea57e9c2a	openalex	work_by_pmid	pmid	30589511	conflict_all_exact_evidence	adjudicate_identifier_conflict
assignment:d7b8e24732b2d07b024cdc2aa99fc846084fa65dc78eb637eb538fe94637b343	publication_component:database:publication:doi:10.2210/pdb6nee/pdb	lookup:70af0902da53e329d1695fda01e4b5f20eaae319962f89c315bcb2bc6b645268	opencitations_meta	metadata_by_doi	doi	10.2210/pdb6nee/pdb	conflict_all_exact_evidence	adjudicate_identifier_conflict
assignment:d1e4de1a8fbab4b69305733bd02653f3829cf604e10ca894d68e93790882d9a6	publication_component:database:publication:doi:10.2210/pdb6nee/pdb	lookup:900ca330fbcc517f078843caab4d97d9a602364ae05f8d7f7b24838126380a43	pubmed	record_by_pmid	pmid	30589511	conflict_all_exact_evidence	adjudicate_identifier_conflict
assignment:3e75046c71998fdade29d0474087185d511d5d3e4f8cd4ef0452323dcf710622	publication_component:database:publication:doi:10.2354/psj.27.010	lookup:9be51e338ea708a3a666b1bebfcdac2be3659303e7b9cf97aa4a62861677caa3	openalex	work_by_openalex_id	openalex	W4234342289	native_title_evidence	recover_title
assignment:2104e4ab9706d4b3754f643122f18a271e1b1bde412ccf490d7dfc0a00025c7d	publication_component:database:publication:doi:10.25073/2588-1140/vnunst.4740	lookup:9cb63aa2ae8f844f09566c6fabf9a7819c9e2b26453adcc3f44537b41a44fb3c	openalex	work_by_openalex_id	openalex	W4246930620	native_title_evidence	recover_title
assignment:c590c51323eb52266156dd29163974803f49cf7e3dafdd93113ff4d8b00c5b80	publication_component:database:publication:doi:10.26459/hueunijns.v132i1d	lookup:5179b0d7b3c8f9306fd9d7cc744cf7e1a7a84136b0c3a03317f54f4d45a3d77c	openalex	work_by_openalex_id	openalex	W4392253023	native_title_evidence	recover_title
assignment:72152c2ffab0faf4f5fbd735d583cf6a39fb52a49f18b49f020740345495e3c4	publication_component:database:publication:doi:10.34944/dspace/7022	lookup:12284e8edd9c238b37889b5f4c6a52d244d4cbc73cbc9de717e2930b99d5d128	openalex	work_by_doi	doi	10.34944/dspace/7022	conflict_all_exact_evidence	adjudicate_identifier_conflict
assignment:6a66342217527ffb74e2f2729e63cf3b02eb50e3c1197cb4d030179e5ccf6f3d	publication_component:database:publication:doi:10.34944/dspace/7022	lookup:41c63ba5dc3ab98669d00758313ba5e7865c43c5025b0eefef535b9a3282a9fd	openalex	work_by_openalex_id	openalex	W3134629063	conflict_all_exact_evidence	adjudicate_identifier_conflict
assignment:6222958a02cad8c7f07b92fbafb7795dddddfd1bb52f1ac7fa912eebe91ed61b	publication_component:database:publication:doi:10.34944/dspace/7022	lookup:6932711230f1c4d5ef867fb16df5654dc45e9c608359bca90e303dcdaab37ca3	openalex	work_by_pmid	pmid	33688681	conflict_all_exact_evidence	adjudicate_identifier_conflict
assignment:dff563ed071ef39ac6caeb0fd9749cf1a39f15d0fd9756a89e331d9b63d1e942	publication_component:database:publication:doi:10.34944/dspace/7022	lookup:d9831cd2da30607f2be0f1046e0ede992e5f6c911fae16d1ccecc9ecb8209d38	opencitations_meta	metadata_by_doi	doi	10.34944/dspace/7022	conflict_all_exact_evidence	adjudicate_identifier_conflict
assignment:788cd8622aca17a06efd52934dc02298ae915c112ab52553c21b0dc523422fb2	publication_component:database:publication:doi:10.34944/dspace/7022	lookup:62227bbbf7695ef6bcefe082bcb55712340dfe1e1e452faa8a7b9f15ddd08478	pubmed	record_by_pmid	pmid	33688681	conflict_all_exact_evidence	adjudicate_identifier_conflict
assignment:24354ebd1b31ba994e6f9e72ceb0aba09ba5b943036cf371238d1e1ea0dae870	publication_component:database:publication:doi:10.3752/cjai.2025.56	lookup:7ccfa1146d865f36658f13e61bfb7ccd1b4eae391a0e595967fe751156ca5a2c	openalex	work_by_openalex_id	openalex	W4415642942	native_title_evidence	recover_title
assignment:4f0e1bdbd27a51fe8d8f4d1064a04d297ac9be178b94953484cd67a9b6cdb01e	publication_component:database:publication:doi:10.4194/1303-2712-v20_1_03	lookup:ab7386d9db0ebfe4361ed3ace2f0f304a33ccc8708e93dd4aaffcd146daf8690	openalex	work_by_openalex_id	openalex	W4242090121	native_title_evidence	recover_title
assignment:56c99082a7c4e2bce26dfdc6603535ba25ab435f0cc2fae8a2d403fbe088dc91	publication_component:database:publication:doi:10.47665/tb.43.2	lookup:6be9717a736f9fc3ffda6ccac3a30d5d8a675d7dbbf609b7f34adea63a16215a	openalex	work_by_openalex_id	openalex	W7167096785	native_title_evidence	recover_title
assignment:659511d9ae6b5189d7c89ef03818943fe30c77d2ff598bc52fc85fbf52e101af	publication_component:database:publication:doi:10.7287/peerj.preprints.1283/supp-1	lookup:61dbe129fcdda24b0d932026820deaa7f15ebd3f5e72ad2e4d5882373a20b2a6	openalex	work_by_openalex_id	openalex	W4244313771	native_title_evidence	recover_title
assignment:0259434c7bd75ca4606bf600abebd693ed1955e869cb931ef6c995867cfa5375	publication_component:database:publication:doi:10.7287/peerj.preprints.1283/supp-2	lookup:4215dc2b1a0b0770425d44fe5ae9d32bceb83d570bcebbd7b9cc16b1d488517a	openalex	work_by_openalex_id	openalex	W4244682811	native_title_evidence	recover_title
assignment:5aad45816805c18f237de4f2c52a4ee668170d2e7fc1739353c0264b01d95ff3	publication_component:database:publication:doi:10.7287/peerj.preprints.1283/supp-3	lookup:60ece5df8b759c0f17b8ee1c2f425e23633b52f0618ca05677ab42fa5c8bd743	openalex	work_by_openalex_id	openalex	W4249484089	native_title_evidence	recover_title
assignment:7d93530d40d4c444c1ef51d8c848cb62c3ced4f111bdfb2ef1b4efe708477607	publication_component:database:publication:doi:10.7287/peerj.preprints.1283/supp-4	lookup:cf02d12cae1366ccf1ca82805e828e325e4d487dc2f35e3675211d1956ea7cc2	openalex	work_by_openalex_id	openalex	W4244992473	native_title_evidence	recover_title
assignment:f75f220ceca1fec06fc90f0a1918add5830cd7bf2b4bbc36c0cae5722aa81a81	publication_component:database:publication:doi:10.7287/peerj.preprints.1283/supp-5	lookup:db26442dc5283915fdc0afbc61fe224bf0cea5a26beeb090aab27884f3ff57b7	openalex	work_by_openalex_id	openalex	W4244856697	native_title_evidence	recover_title
assignment:ca6484da68713496f0dd008b02d31dd2d6dc364dc0fd779b02de576e3eeadd41	publication_component:database:publication:doi:10.7287/peerj.preprints.1283v1/supp-1	lookup:618a88e78d8c92dd652221c42a10e51c428db66904efcdd4cdbc1fd7d57617d5	openalex	work_by_openalex_id	openalex	W4245511884	native_title_evidence	recover_title
assignment:61d2ccb915dea14920214b59d675d21bb3f0c77174cabd60142090662878e68e	publication_component:database:publication:doi:10.7287/peerj.preprints.1283v1/supp-2	lookup:8b8d0e42cda7e2b590557ac6408f0ee69569286e3dcf98581c19b54302634f41	openalex	work_by_openalex_id	openalex	W4238082732	native_title_evidence	recover_title
assignment:af711017d224cad79ab61e399263b7249caa2c2c279356435df9c029b45058ab	publication_component:database:publication:doi:10.7287/peerj.preprints.1283v1/supp-3	lookup:774d4ba6a2c931410971fc75bab686087620a91d41f2d69c180067904118195b	openalex	work_by_openalex_id	openalex	W4255465274	native_title_evidence	recover_title
assignment:c874ce449497c1cc74a4202b6b8e3f40044e5016f9a032fe5e8093d21c19d06b	publication_component:database:publication:doi:10.7287/peerj.preprints.1283v1/supp-4	lookup:9a635ea92a2a18a2734a373f1498c1cceb4a5a5ff0152d6c163dc3ce818a2e42	openalex	work_by_openalex_id	openalex	W4232754279	native_title_evidence	recover_title
assignment:cca234c679c36d8ba4d9673ae4b67b1a18990fffa1691bf5bf4a12b1f6235e2f	publication_component:database:publication:doi:10.7287/peerj.preprints.1283v1/supp-5	lookup:e989fe2ba2d079bb619393c0f15e81fd85f7e119de4f8f1ac95520befc32e494	openalex	work_by_openalex_id	openalex	W4253333645	native_title_evidence	recover_title
assignment:6339588f7954d8d88b5a99b1d809c6af3f6a5bb43d7ca58a1d2c53f4193db2ac	publication_component:database:publication:doi:10.7287/peerj.preprints.1482/supp-1	lookup:44df8723b4c0521480def060a19c593e9abc605275a51330352b988367854ea3	openalex	work_by_openalex_id	openalex	W4240336211	native_title_evidence	recover_title
assignment:3e1ba78eb50b9a1f428c882ee0ad92267128f08c31dcbaa3b3376cfbc8cede4c	publication_component:database:publication:doi:10.7287/peerj.preprints.1482/supp-10	lookup:7bc85e6e167b3db718e484a71eecd3660fa0ae842febd2b87572d0808fcc7bf4	openalex	work_by_openalex_id	openalex	W4232152634	native_title_evidence	recover_title
assignment:390578944969a89ba5b4e314a4ea9513d48fbdbb493209112ecbefbd72afe219	publication_component:database:publication:doi:10.7287/peerj.preprints.1482/supp-11	lookup:da05675e1ff0845e122321546385fb2ff6f17f69b5266d3fe402c733b9737392	openalex	work_by_openalex_id	openalex	W4234878181	native_title_evidence	recover_title
assignment:9a0376fc525a1ca0219407c51d4030a8c65d64047ecf0fbd28508a6bbdab0c9d	publication_component:database:publication:doi:10.7287/peerj.preprints.1482/supp-12	lookup:42e52ebc59d18d64b5e8b0cf78936891477ccddb4e60c61046093e575981583e	openalex	work_by_openalex_id	openalex	W4236731071	native_title_evidence	recover_title
assignment:974f2895bbff8d204b64e122690cfba9b8895ea303a9addecc9f6306d1ea4b96	publication_component:database:publication:doi:10.7287/peerj.preprints.1482/supp-13	lookup:ded00adb9afeecf0cbd7f57fbdefa7041836e27a4a355fd8c2295881aff3b149	openalex	work_by_openalex_id	openalex	W4231039446	native_title_evidence	recover_title
assignment:4f311a77e0f37a1bab8d00a58b5a0f76f61c7a61a4ddce5e8d08578c417ee9e9	publication_component:database:publication:doi:10.7287/peerj.preprints.1482/supp-14	lookup:d1493f5ea0b74bbee23a7d72cfe571e00157e362c58d456402217f6e70210c1b	openalex	work_by_openalex_id	openalex	W4234087292	native_title_evidence	recover_title
assignment:97c2bc8ecebd7fb9fad0bbcb4e6f37b8097f9285dfe183f4c54ffc2587c17d09	publication_component:database:publication:doi:10.7287/peerj.preprints.1482/supp-15	lookup:4513f6d31fb0d6966dc6f4d62dbdc5e72af6236abda02b2b47d7ca7836117953	openalex	work_by_openalex_id	openalex	W4233111460	native_title_evidence	recover_title
assignment:7cd8249f72cc1513c1932e0916e211aefbc6a0ccc64d526b013b68dd49456b0c	publication_component:database:publication:doi:10.7287/peerj.preprints.1482/supp-2	lookup:e094344b0856346822de842331c5baf95b43ef8a1d65ddb9ab7ba4554f302e1c	openalex	work_by_openalex_id	openalex	W4253516454	native_title_evidence	recover_title
assignment:619679ffab93ed56ad336157bca8e169084d4841dbb7f15d23e9143e72abb75b	publication_component:database:publication:doi:10.7287/peerj.preprints.1482/supp-3	lookup:8318c1065c0eae3c51ab00b52cb0491aa542da5dd632fc9ef545ec0ccdf4bcfc	openalex	work_by_openalex_id	openalex	W4247093105	native_title_evidence	recover_title
assignment:54e9e9097f0a18a27fa7a66fc66b5020bc530c3dfa6fe89bc448d2ba45009ec2	publication_component:database:publication:doi:10.7287/peerj.preprints.1482/supp-4	lookup:369769b36784735b39b1c970e51000c4476791358b1ceb93d187390f16001ecc	openalex	work_by_openalex_id	openalex	W4244578039	native_title_evidence	recover_title
assignment:20243decfb445a582f9916bddc410820384b13bc10f967dab4946f405b1b57f1	publication_component:database:publication:doi:10.7287/peerj.preprints.1482/supp-5	lookup:baaa34dc60d80e4cf5a08ee12fd3f8f93f3320344e9948e351826e4fedeab8a2	openalex	work_by_openalex_id	openalex	W4236082192	native_title_evidence	recover_title
assignment:2325c4ea5d24626413ff28fdea3f7420fe837f3492a8029dd6fb95650fa8f328	publication_component:database:publication:doi:10.7287/peerj.preprints.1482/supp-6	lookup:d867ab299ec33422e77a4afcf0f5220ff55a3f7b59a4044935a94a88b395a06b	openalex	work_by_openalex_id	openalex	W4250025071	native_title_evidence	recover_title
assignment:46cff53fd9b8c97bc409e27f340c78230a511533aa65a49c5e6240a7da356a86	publication_component:database:publication:doi:10.7287/peerj.preprints.1482/supp-7	lookup:c4d9463e4508e893e0d640760f19d4502e277201ca7bc18c4a6097e6688525e4	openalex	work_by_openalex_id	openalex	W4233552592	native_title_evidence	recover_title
assignment:1fe4c4c6af4682c9487d9a078758e0964115c33971746d4efb0848eca9509876	publication_component:database:publication:doi:10.7287/peerj.preprints.1482/supp-8	lookup:a5ee3ea80014c4ef10854e7c597b934d41912258e43c10a5ce7ba9223d1b7fd4	openalex	work_by_openalex_id	openalex	W4244328604	native_title_evidence	recover_title
assignment:2c4903b4516dfda57425704cbeef6ee7ce4547360982a04f9e7d132c6fc638ab	publication_component:database:publication:doi:10.7287/peerj.preprints.1482/supp-9	lookup:f95c09ec8a9eefb1781a2f765b29638bfe2b4d559b7ca9477a0da0f129c85b84	openalex	work_by_openalex_id	openalex	W4235639950	native_title_evidence	recover_title
assignment:36572ba68c08e779c5078d544c2590b3d6a1227c4be2dbcbf99eedd0e5a9bf4d	publication_component:database:publication:doi:10.7287/peerj.preprints.1482v1/supp-1	lookup:85f7bda2b12357c5a8d6cea7fafa76b4afab6c5a309ab37cb9b42697a5ca7b22	openalex	work_by_openalex_id	openalex	W4253642789	native_title_evidence	recover_title
assignment:02934f4bb5be4c86ee2ad2766d767ac6510c002f3d9ffa087a5139143f87fd10	publication_component:database:publication:doi:10.7287/peerj.preprints.1482v1/supp-10	lookup:2f8938c10cd57fcaa463b7da0ca01b7f91d3e17d44a0803741ea05f55c0bc3b4	openalex	work_by_openalex_id	openalex	W4253780477	native_title_evidence	recover_title
assignment:ea3b0b0c27a3c69da0abbb8aae670148a1bc00c16534c2fb4618d1a46188bfe8	publication_component:database:publication:doi:10.7287/peerj.preprints.1482v1/supp-11	lookup:201027e582e5b868a7aae6b4f5bf5aa6d5b214673c705ef7c2189ed522954f37	openalex	work_by_openalex_id	openalex	W4249615197	native_title_evidence	recover_title
assignment:f7a938a59fb6fbf24fbf8d65c8a7e91550efdfc3cdbdbd22f87c4933475c49a2	publication_component:database:publication:doi:10.7287/peerj.preprints.1482v1/supp-12	lookup:23b8f4037ca8532d0b534434d797b4f609d5be310f676743e3e9d3677e6d3ca5	openalex	work_by_openalex_id	openalex	W4239450089	native_title_evidence	recover_title
assignment:6913d61e1e254da96e32bce9fb399715e5b4d26218995bc763377b50b78afe75	publication_component:database:publication:doi:10.7287/peerj.preprints.1482v1/supp-13	lookup:1401d9a3008c283b47027f04484e130b9278c20afcb9a7e6585c3d18aec7f2ed	openalex	work_by_openalex_id	openalex	W4235023616	native_title_evidence	recover_title
assignment:5eb532e9b9b095d92dcb0daef0ef10e1786534871f670ca5c259fbc4181518cd	publication_component:database:publication:doi:10.7287/peerj.preprints.1482v1/supp-14	lookup:cc7e996d06ac038fdb4ff006b8d84cfb819eb79d8519b56e7c4fb07239b73988	openalex	work_by_openalex_id	openalex	W4245033339	native_title_evidence	recover_title
assignment:052390dfa4f9c7ffb50a5060bddb4c9ed939fb2b8ce2abe0a44c0f8688cda6ef	publication_component:database:publication:doi:10.7287/peerj.preprints.1482v1/supp-15	lookup:4f87afb496cbc57779cb307b5027c7dfbfef298bd41cb69f4b0913959fbdd64e	openalex	work_by_openalex_id	openalex	W4248515772	native_title_evidence	recover_title
assignment:641c715ac0d27238047bd98abe38ecdfa64c56387cb348c9dc1bd04e5970e83e	publication_component:database:publication:doi:10.7287/peerj.preprints.1482v1/supp-2	lookup:44624e639adf369857bb24c0fd7f886f224688fa07bb27fab11d5a49044c80e8	openalex	work_by_openalex_id	openalex	W4240565520	native_title_evidence	recover_title
assignment:0a010a77b25764ec1a20d9520f0dc78821ee4030b3a0f2fc828afec490979583	publication_component:database:publication:doi:10.7287/peerj.preprints.1482v1/supp-3	lookup:6bf6decb73f331b30cb4d7d1d95a15899d72368a05d2a2dff612ae7198b801c7	openalex	work_by_openalex_id	openalex	W4242521400	native_title_evidence	recover_title
assignment:04770c25f7024fa2c2c93c620a169b79e8117b86cf8f3769feaebc9061907132	publication_component:database:publication:doi:10.7287/peerj.preprints.1482v1/supp-4	lookup:46f764142f46292f06c61e92750b5778a18132326c795c3a6942fdca1dad2507	openalex	work_by_openalex_id	openalex	W4243979119	native_title_evidence	recover_title
assignment:3eef8b3f9d1a2521fabefff69a450656467f5c31ad9ff3d4dae98e4e78da57ce	publication_component:database:publication:doi:10.7287/peerj.preprints.1482v1/supp-5	lookup:847981f68d10c922d331ee82b8c75960f8f36a18b9894f16c419e4ab9732aa5b	openalex	work_by_openalex_id	openalex	W4230623951	native_title_evidence	recover_title
assignment:88d16fa2059084c9866108e66d8d9b92696152afa6a642c47efe97f410328786	publication_component:database:publication:doi:10.7287/peerj.preprints.1482v1/supp-6	lookup:8b96cc3192f174f58b773c9cbecd8af5be6f2746b2ddcadb47f696abec77dfab	openalex	work_by_openalex_id	openalex	W4249960180	native_title_evidence	recover_title
assignment:2b1925f2528b570e9a64d361238288cc3881a64211f2dfd2edeefc623db4faf7	publication_component:database:publication:doi:10.7287/peerj.preprints.1482v1/supp-7	lookup:1958b6dbe7f6f2a570e775b336fe8e11b08d7249d97a0b07b29b74a9c20ab131	openalex	work_by_openalex_id	openalex	W4255132101	native_title_evidence	recover_title
assignment:4621537d355fe31445b48d10ea7f2cd23611e6a0ae3a9f2b86c09479692a0a30	publication_component:database:publication:doi:10.7287/peerj.preprints.1482v1/supp-8	lookup:e309276ee387dd31bab894a5f165ce2141d426cc0fc143dddf58c73e7bb826c8	openalex	work_by_openalex_id	openalex	W4246259501	native_title_evidence	recover_title
assignment:6ed97333d817616121ab84e1d816b2cb612be82cebe9cc4a4ee79eb981d2acd8	publication_component:database:publication:doi:10.7287/peerj.preprints.1482v1/supp-9	lookup:1c7e1e1a66357b5b18a27733521b670d314fc06e3c1f98884b786442aa8c87f7	openalex	work_by_openalex_id	openalex	W4237141949	native_title_evidence	recover_title
assignment:4f079795e4ebca944354b946fd11600bf4f24a7bb9f2cb091440cc24fbe68ac3	publication_component:database:publication:doi:10.7287/peerj.preprints.1564/supp-1	lookup:82d17a4e7befc1cd83826b0c252d91af3b639efaa5413d7de8f4d89e314c074e	openalex	work_by_openalex_id	openalex	W4230339428	native_title_evidence	recover_title
assignment:bfd416d40cdab521a1e535b97cb9eb72a1d49a67e7f4481eaae059ad2a7260d4	publication_component:database:publication:doi:10.7287/peerj.preprints.1564v1/supp-1	lookup:194aa5d5aa8d2a2fcab5e83f59a7c0f0c08cfae1d0136f8f222e27cb13215b5a	openalex	work_by_openalex_id	openalex	W4250845201	native_title_evidence	recover_title
assignment:963e47c1c7a7535b7decee21a2e69f9a7bcf598a4768eb88171230aab3118676	publication_component:database:publication:doi:10.7287/peerj.preprints.1615/supp-1	lookup:310bfcc82b028d7a0a85fbf1d587b39a23447ad04d1faa08ed948ecc18bb2a74	openalex	work_by_openalex_id	openalex	W4240267380	native_title_evidence	recover_title
assignment:68f5c3691b9fa412236403bec545e4699e9c45281963adf512d21d02b923c0d9	publication_component:database:publication:doi:10.7287/peerj.preprints.1615/supp-2	lookup:f1082e8c752734714add2d7ffe82f545a8e106dccdce03c77df6dfc3a78dc955	openalex	work_by_openalex_id	openalex	W4251851854	native_title_evidence	recover_title
assignment:81bd86c4d1958d46c3343c779beb78886d63af085c8334cf936cb8849e790cd7	publication_component:database:publication:doi:10.7287/peerj.preprints.1615/supp-3	lookup:d4cf2ecdcb0b3a5c7d225ff253e626b29d7907564031e15d4efb39261129dcf3	openalex	work_by_openalex_id	openalex	W4242644766	native_title_evidence	recover_title
assignment:c4c6736bf90976d5872aae052a4bd7cf04f068c77ce80bf52b78b5156cb964a1	publication_component:database:publication:doi:10.7287/peerj.preprints.1615v1/supp-1	lookup:4f71626b9572bdda429ff87095b46b48e360aae03b7cfd528b7e51ee3c44c658	openalex	work_by_openalex_id	openalex	W4244815850	native_title_evidence	recover_title
assignment:9365629d62382320d852597ca6092a22a11ba198aa07567203329fdf27b69f75	publication_component:database:publication:doi:10.7287/peerj.preprints.1615v1/supp-2	lookup:85c92477ad72d309f97153477b3bf748a951c4eb28e375d07d7e7ab12496a97d	openalex	work_by_openalex_id	openalex	W4235710101	native_title_evidence	recover_title
assignment:d8de962feb116a414dd83c52378516094c9eafa545f9b6194b51abf815a0220c	publication_component:database:publication:doi:10.7287/peerj.preprints.1615v1/supp-3	lookup:9ad6d6f297b9753b8f2fdeb6afb22cfc42e300d447e2af71e8f363dc6d099c6e	openalex	work_by_openalex_id	openalex	W4256126482	native_title_evidence	recover_title
assignment:5f5227b16e567f3f554a51b449804df2dc54a1ec84320ad1f59ee7e519d1931c	publication_component:database:publication:doi:10.7287/peerj.preprints.2023/supp-1	lookup:044cbc34275dc4f2ffa9e07aa2cc7802f7ee46ff858a907ea49db0e6fae500de	openalex	work_by_openalex_id	openalex	W4240805344	native_title_evidence	recover_title
assignment:dea237a3e2f84fb7cd5a03cfb3dda3eb79d11003c991307eda14846f2a8bfd1c	publication_component:database:publication:doi:10.7287/peerj.preprints.2023v1/supp-1	lookup:f1861742eb365cd4b47920f100f62cbc78ac488427365a989aa30f55bc437d02	openalex	work_by_openalex_id	openalex	W4232613098	native_title_evidence	recover_title
assignment:d47fa413c1cf47d47cb89639677632c105f1dff0888b1fa59eb0242005370f83	publication_component:database:publication:doi:10.7287/peerj.preprints.2058/supp-1	lookup:e0feec9114a573609253f49176ee6542d9f488834608e78976fbe390e5e9f7b2	openalex	work_by_openalex_id	openalex	W4249963138	native_title_evidence	recover_title
assignment:9e8e7a585bffe98022ada057f489cbba56cc6c750f711747ceccb095e8ab5352	publication_component:database:publication:doi:10.7287/peerj.preprints.2058/supp-2	lookup:0bfd576fb3a83a0507483e1858d11222b9b82359441018b560403bd5d45f1f6b	openalex	work_by_openalex_id	openalex	W4232810292	native_title_evidence	recover_title
assignment:b0d7e22fc8d75990a174c7647f19e06a3283f861b57b9f2153283910ee6fedb8	publication_component:database:publication:doi:10.7287/peerj.preprints.2058/supp-3	lookup:6a14a693ddd42892e93ee95e412027f7ee8011159a5235aac1300df35be77616	openalex	work_by_openalex_id	openalex	W4234891530	native_title_evidence	recover_title
assignment:1030302118f66189cb2c820cbf7b3b7b3e626cb37e07c99d900ea7e1a2d95b65	publication_component:database:publication:doi:10.7287/peerj.preprints.2058/supp-4	lookup:e98d58a0626ebf1c327bdd3865dcb8d429c07c67d909ad1cc76afa3c3ca8cb07	openalex	work_by_openalex_id	openalex	W4248894835	native_title_evidence	recover_title
assignment:0a6df7538e711476997c820289b6b162c737d21e9d30a05f6ba82e70fdd9d8a1	publication_component:database:publication:doi:10.7287/peerj.preprints.2058/supp-5	lookup:b47e19655faaf8ee699da05e137ef6a23b2b74d8709f72f79d133965993207e6	openalex	work_by_openalex_id	openalex	W4246002920	native_title_evidence	recover_title
assignment:08d5efd9b1274848014c5280493f970b8c27c6a673499411bf36807e5bae7ed8	publication_component:database:publication:doi:10.7287/peerj.preprints.2058/supp-6	lookup:47a62b79ea93b0e6b11dfce121c71cadb364d9ab54506b39bf715f81001a3ac1	openalex	work_by_openalex_id	openalex	W4236164001	native_title_evidence	recover_title
assignment:9ef20e356dcce10e5584b262e8bc06d4dfd8c7da5a8188633f5d38bf080dc101	publication_component:database:publication:doi:10.7287/peerj.preprints.2058/supp-7	lookup:22b0baf7a486af8368bf30df639715a31fb30f7898fe75cc0fcd281f1ef891ef	openalex	work_by_openalex_id	openalex	W4245154467	native_title_evidence	recover_title
assignment:c86bb90bc3693db66766feb7a1f86a2e96265e5aca44869fbe91dfb1dc2078a7	publication_component:database:publication:doi:10.7287/peerj.preprints.2058v1/supp-1	lookup:19347ccdb41a3c40e4e1c7d189e5dee2397fbbbc82041961d7e53a65eaa25dbb	openalex	work_by_openalex_id	openalex	W4242643979	native_title_evidence	recover_title
assignment:e4c2b26892ab9e89c4bcb853b31efd40ddf91ff583911fca47495740fdac95ac	publication_component:database:publication:doi:10.7287/peerj.preprints.2058v1/supp-2	lookup:c9d577cfa2581b94355ceca6108221271ff45da625339e49ec9a584059223f66	openalex	work_by_openalex_id	openalex	W4232856982	native_title_evidence	recover_title
assignment:cc9f9a129b50e924474b5d6da8e5f59053d2b81f6f9fa9fb47d5dcf198d08128	publication_component:database:publication:doi:10.7287/peerj.preprints.2058v1/supp-3	lookup:1646d05148a7819adcdb78988304417c5e3e7498c8ee0ec00c2a775101803457	openalex	work_by_openalex_id	openalex	W4232062847	native_title_evidence	recover_title
assignment:d62e0f5be3e5aff189c612f75286da7bca392db063ae314261b82dfde0c8a936	publication_component:database:publication:doi:10.7287/peerj.preprints.2058v1/supp-4	lookup:f4f8dbfd35eba4577c4e2d4d8d1a22b8ec2dbc9767d2942abb69edc413585229	openalex	work_by_openalex_id	openalex	W4246734179	native_title_evidence	recover_title
assignment:90085cb9628aa985cf8f0588bda54706a0da6b4065c1b4e3855e720dad691538	publication_component:database:publication:doi:10.7287/peerj.preprints.2058v1/supp-5	lookup:776acde00b0febc5267ecb1a992326b76b84e0aab282b89e084d823f87764d5a	openalex	work_by_openalex_id	openalex	W4232198348	native_title_evidence	recover_title
assignment:207f194915a9311e1a26adb20881731d9475022a3d61a794d782ec835180fa8e	publication_component:database:publication:doi:10.7287/peerj.preprints.2058v1/supp-6	lookup:493d93d68eef28fe1aee70032ce8cf87d41f7f4c1d98c01ad80f4bffa824e7fb	openalex	work_by_openalex_id	openalex	W4241591659	native_title_evidence	recover_title
assignment:61543f53c01b54cacd1acd0d44ca3bb83282f5964c3333beaffe33e33674c8da	publication_component:database:publication:doi:10.7287/peerj.preprints.2058v1/supp-7	lookup:78d7fb826527bbb716ead73fd006ca7cda397eb067e091b57245767cb13113e6	openalex	work_by_openalex_id	openalex	W4255981350	native_title_evidence	recover_title
assignment:a747ef1a07352c81273b0c9a0d91f5e80206e705a50e4e3180b92195903b2f56	publication_component:database:publication:doi:10.7287/peerj.preprints.2058v2/supp-1	lookup:70943d8df944009e798927d2a547787104e83b2c759cec533523fc9f09cc73ae	openalex	work_by_openalex_id	openalex	W4236512050	native_title_evidence	recover_title
assignment:2c799a5619f5df99ac1e558ba5d999190621544493140c89c82560f0c9459874	publication_component:database:publication:doi:10.7287/peerj.preprints.2058v2/supp-2	lookup:93bd1202abd6f65cd5a2b39b96aee818ed86261ef1a530dfb61a52c124bbd96a	openalex	work_by_openalex_id	openalex	W4249733700	native_title_evidence	recover_title
assignment:b5db35d7c4dfa6e549fcc858e30bd94e6c8ad7ff2fb9068ae67cd39857f230fe	publication_component:database:publication:doi:10.7287/peerj.preprints.2058v2/supp-3	lookup:648f97140a8df1b3b43f0edbcf29c18ca8ba4bbdd10d5a2427a1c81ba6777eb5	openalex	work_by_openalex_id	openalex	W4254043252	native_title_evidence	recover_title
assignment:a8102c381d6fc58eba5ac51e3bf4a7bc581eb593e23cc408b0d25af1820f0040	publication_component:database:publication:doi:10.7287/peerj.preprints.2058v2/supp-4	lookup:0a3d7a2e131d72d25c479f6601ed0511803ee54c581140960e100dd86a1ab7d8	openalex	work_by_openalex_id	openalex	W4235842050	native_title_evidence	recover_title
assignment:d2b7c08cb3a030f5fed07bd043728ffe874bf5b611d6578bff3c89cccfa32316	publication_component:database:publication:doi:10.7287/peerj.preprints.2058v2/supp-5	lookup:f7e2c120f0e49b324b774292c5044ce2e24a2bb56cd740480c2bf34a6f3c26c9	openalex	work_by_openalex_id	openalex	W4244889974	native_title_evidence	recover_title
assignment:db652e9902939970e919e7827a347be8c567ecb08e37d30d339bf73f29ea0939	publication_component:database:publication:doi:10.7287/peerj.preprints.2058v2/supp-6	lookup:9a50777af178f121bf9a777bce050497766bf10eeeba9d79691f6376b7eb991d	openalex	work_by_openalex_id	openalex	W4240841050	native_title_evidence	recover_title
assignment:71bcc8a9a0677f1b9d45a6ea872d88eb2ca73f5ba79543749a39c3db65554bd7	publication_component:database:publication:doi:10.7287/peerj.preprints.2058v2/supp-7	lookup:bb11c33874f3976d46c99732a906742baae9b24da9e323c157e2286274719284	openalex	work_by_openalex_id	openalex	W4230875466	native_title_evidence	recover_title
assignment:5aada7c9b32624ecebcc8b6b5a937118e260c1825147a7789b420e8c9f6003ea	publication_component:database:publication:doi:10.7287/peerj.preprints.220/supp-1	lookup:cb0216615ea4e8e2c230dc21fe49fb6945167be1be396b1f38d521058427a45c	openalex	work_by_openalex_id	openalex	W4243700343	native_title_evidence	recover_title
assignment:405af3c29b84cb29047957169d909c5b5c61c7506915c0e1e76d5ded1753e42e	publication_component:database:publication:doi:10.7287/peerj.preprints.220/supp-2	lookup:16c28ca8652c224c1b051b0b9715dfe9fcd234942810fc90ee11bdc75e3ef854	openalex	work_by_openalex_id	openalex	W4253150667	native_title_evidence	recover_title
assignment:5074f36f2156ae558d99b1d386d1a87bf489c616143b6bf85f4d2b0e2e406950	publication_component:database:publication:doi:10.7287/peerj.preprints.220/supp-3	lookup:e85c3caab2c7807c1e71b0bf8b404a134cfe8c48e11087760d855e5008426457	openalex	work_by_openalex_id	openalex	W4252776369	native_title_evidence	recover_title
assignment:48c06f9b8b2924fc359c1529840c2d9cb186840aaf4dd117cb564186605a5097	publication_component:database:publication:doi:10.7287/peerj.preprints.220/supp-4	lookup:6000f6962ef3337f8dad2780a8d16931de340aa2c6aed0530950f22fcd807d4f	openalex	work_by_openalex_id	openalex	W4229772971	native_title_evidence	recover_title
assignment:4fc97a5ad39b0ae60293556407150a0cda4fe9e854e772268019e4483f0cf408	publication_component:database:publication:doi:10.7287/peerj.preprints.220v1/supp-1	lookup:4ae300c234e98d7ce3dbe2774dce20e4f03b626844e44550d21522624d9ad0d0	openalex	work_by_openalex_id	openalex	W4245566139	native_title_evidence	recover_title
assignment:861b48a2644acec36860096f34c23ac422c4bb546ca943e890ee3c63a0834c86	publication_component:database:publication:doi:10.7287/peerj.preprints.220v1/supp-2	lookup:bfcb3b944bde97f0cc91a060646c5077ba92df1467370c2835fb137661809d10	openalex	work_by_openalex_id	openalex	W4237316751	native_title_evidence	recover_title
assignment:4879ab79d708b8654de58566a1af7dfd90d47c81be6618e4054e88270b9f3424	publication_component:database:publication:doi:10.7287/peerj.preprints.220v1/supp-3	lookup:8956b58fd2362005f7c8922e29ee92e3ebe0c4be250cfedb26e5e6cd390811b2	openalex	work_by_openalex_id	openalex	W4243263051	native_title_evidence	recover_title
assignment:e36da81f08a056a9d5d0339e22e246e621bea5c8214c080d5a15cf54b702fc5f	publication_component:database:publication:doi:10.7287/peerj.preprints.220v1/supp-4	lookup:25e3d8d9f5b28c310fcc3d16a76f6bdffaaf183875de8a332c5f05f7b13ef751	openalex	work_by_openalex_id	openalex	W4249097880	native_title_evidence	recover_title
assignment:cd6f30a1147bdb84a06bd5dcd26b1bba1e0f79a4cebe80e885af7911dc5537e0	publication_component:database:publication:doi:10.7287/peerj.preprints.2277/supp-1	lookup:0336a0982f1174a2202f84e3d732c7661a9dc563a93722fdb60c00d5aab48c20	openalex	work_by_openalex_id	openalex	W4250648631	native_title_evidence	recover_title
assignment:586df1e157ef279cc9fe45716e357193c3bd5b8a396862d213b4c1bbd155a140	publication_component:database:publication:doi:10.7287/peerj.preprints.2277v1/supp-1	lookup:7e28b0275d30de351d61f8b0ad0c27810571fba687c2f0670be0b94e26c7f06c	openalex	work_by_openalex_id	openalex	W4246249229	native_title_evidence	recover_title
assignment:8c89f0a46658cca993d4864f439c3aec025b20e00eaefd8b7fa83420ff55ac84	publication_component:database:publication:doi:10.7287/peerj.preprints.2300/supp-1	lookup:8e21778abb1468bc29584df9ae660482da6d8b3683aa068646e0ba1e28dfca55	openalex	work_by_openalex_id	openalex	W4241798033	native_title_evidence	recover_title
assignment:c0a549c1a6f3a2cb869c9ebbb5a919fcd3ae2a6e1e3e1e50e3f1e61140347d09	publication_component:database:publication:doi:10.7287/peerj.preprints.2300/supp-10	lookup:c0d1404c4e204e7802df73fde79b9317e86816a3d2612ce074066bc3ee166deb	openalex	work_by_openalex_id	openalex	W4241294307	native_title_evidence	recover_title
assignment:fd2e98ed02c54f00e0b845d1a1df93aa48b96ca4c9cb5cb89e17c21a1db7df00	publication_component:database:publication:doi:10.7287/peerj.preprints.2300/supp-2	lookup:5cbf248d2c58ba99e7a0c1556193c836304809ec6072037252d7677ca596d4a8	openalex	work_by_openalex_id	openalex	W4255769637	native_title_evidence	recover_title
assignment:2d7287f0bd6e52e538d437b13fb0efa3b114c0d8433d67f20a98c2ff8be62ede	publication_component:database:publication:doi:10.7287/peerj.preprints.2300/supp-3	lookup:16f29ea7df2b75d892825a7f746e967b037ff62c86c2efe5b15c6ae06349ac41	openalex	work_by_openalex_id	openalex	W4244331295	native_title_evidence	recover_title
assignment:94c85f6986ca5d3155c28d94afc36030dbca744e79cf96538026364a597e546e	publication_component:database:publication:doi:10.7287/peerj.preprints.2300/supp-4	lookup:6306f80ee457c123d0cf7fc24b7e86f2805c3269c43733b9aa30a72f25617480	openalex	work_by_openalex_id	openalex	W4254443205	native_title_evidence	recover_title
assignment:9814a413edfa799c4d4c5764b2474e98e5a356b5e3c0bae7c3d946fe613b72c5	publication_component:database:publication:doi:10.7287/peerj.preprints.2300/supp-5	lookup:499181f2d1b5ea7ab1d04b75f7faddaa8f5580622fdd11dcea5fa11835218254	openalex	work_by_openalex_id	openalex	W4255395671	native_title_evidence	recover_title
assignment:fa0774d2f8a8e57f042a3a8f0afdc0bc37642bf5d8cee6707672eb75bd4682bc	publication_component:database:publication:doi:10.7287/peerj.preprints.2300/supp-6	lookup:a3e96168e8f422129152fec04599c786d9bb4321028f9fc1ac0e849c9e62bbd9	openalex	work_by_openalex_id	openalex	W4251735961	native_title_evidence	recover_title
assignment:8f57546fe6ed5e01d3d4b8cff796feeb69e74b21702c34f13f1f94eeb40d243d	publication_component:database:publication:doi:10.7287/peerj.preprints.2300/supp-7	lookup:fa837541b5bd0f1fef61e159fcefe963199e3b6801543c1a6617b39d8a84e6e8	openalex	work_by_openalex_id	openalex	W4243889495	native_title_evidence	recover_title
assignment:540093af5da45a183ac7156398e80f1c28d75fa4d4c197a435601ea26f38ff95	publication_component:database:publication:doi:10.7287/peerj.preprints.2300/supp-8	lookup:af408ef4642d4edab22b9df23f235e706eba74652f36dede0ae4e325ae1d25c5	openalex	work_by_openalex_id	openalex	W4239873891	native_title_evidence	recover_title
assignment:bb772e58638ee59cf5097fb682fa1e95d6aff4e4c47c5c60334dca957f000420	publication_component:database:publication:doi:10.7287/peerj.preprints.2300/supp-9	lookup:c18214da58d970b25bcca684da691db647c1309c090f3dae68deaf73bf2c66fd	openalex	work_by_openalex_id	openalex	W4252668811	native_title_evidence	recover_title
assignment:b052f6eabf137a9aeb3d5898f0ffe4480d6bbda26e662b7a6c47c879f31593a9	publication_component:database:publication:doi:10.7287/peerj.preprints.2300v1/supp-1	lookup:1dacc5edcbe5bb3654ae3ccec9213093cc7763895a3ffee43b6bd428bfe1a94b	openalex	work_by_openalex_id	openalex	W4238856524	native_title_evidence	recover_title
assignment:3922278e560f269f5f4654b020edd51b78ecb48e018ae2e76c8e8ae0e5bbc01f	publication_component:database:publication:doi:10.7287/peerj.preprints.2300v1/supp-10	lookup:6cea8ad5251a649a76de37fcef44e7e6a27bd9d1ccf648258d866368607b104a	openalex	work_by_openalex_id	openalex	W4247330424	native_title_evidence	recover_title
assignment:97848a95bc27b8f5e6cb2800f6a9d96858590e1d6e0455f725d28f421c889c3b	publication_component:database:publication:doi:10.7287/peerj.preprints.2300v1/supp-2	lookup:a58f63b98b75da621c538d5c264cc7e28a2e5e9ff0e3c5d05beb6c129a8478f8	openalex	work_by_openalex_id	openalex	W4239303814	native_title_evidence	recover_title
assignment:e8c4ff1bc17f9adfd232245a6849f97f9a65158721260a3bd162f7a4680ebae9	publication_component:database:publication:doi:10.7287/peerj.preprints.2300v1/supp-3	lookup:47f2337430adbdde4390e3acf28ffd842620ec9c8584d3938ace54cbd47aac8a	openalex	work_by_openalex_id	openalex	W4254035069	native_title_evidence	recover_title
assignment:1e2ff2a4da808a4cfbc028c6057a8a8a0728b918bc17edc0ecb68681cc123312	publication_component:database:publication:doi:10.7287/peerj.preprints.2300v1/supp-4	lookup:b9c31595e348fbe56eea9cd19dd673ef35e7047cf43c5ffa1480cca549e9922f	openalex	work_by_openalex_id	openalex	W4237372058	native_title_evidence	recover_title
assignment:d061b3460e9457f97036dd168c0b8bba571efc713b8cac004e65b70cf326849f	publication_component:database:publication:doi:10.7287/peerj.preprints.2300v1/supp-5	lookup:ce88fff350ac09c50aa30d24ecd86dd0dbd8911360342ef3eec4590035742625	openalex	work_by_openalex_id	openalex	W4232592181	native_title_evidence	recover_title
assignment:72bb7e0863606994990654d1793ca9e81295be63a285505f57be8fce3d02cbd7	publication_component:database:publication:doi:10.7287/peerj.preprints.2300v1/supp-6	lookup:296e557322a103a2a3ee40c1a260b249462d31a642c3d164ef7d0afa0c039228	openalex	work_by_openalex_id	openalex	W4233974785	native_title_evidence	recover_title
assignment:64ad6dbe112108ec04d679c6ac94a8244336722053a80f14f3c09d5ae86ac3ec	publication_component:database:publication:doi:10.7287/peerj.preprints.2300v1/supp-7	lookup:fa8ab06bca13ecf08897744f64c32f958945d2160880b04dd28ef226590d1dc0	openalex	work_by_openalex_id	openalex	W4236326140	native_title_evidence	recover_title
assignment:3de07fd85e51ea6dc4b0c99b5bc7d4783eae26512913111762c9c764ea5f39d3	publication_component:database:publication:doi:10.7287/peerj.preprints.2300v1/supp-8	lookup:6b2e5ce1aedc3a3b5c722f56ebd9efaefbf1b4c6e19242d1992887df4060dae8	openalex	work_by_openalex_id	openalex	W4243751504	native_title_evidence	recover_title
assignment:be05a6f9b7ee8aec1c135ae1c141f1f98d19c16c086377a6e16eab58fdc6c631	publication_component:database:publication:doi:10.7287/peerj.preprints.2300v1/supp-9	lookup:fcd58272d0766ca06cceae96db137b1153a916a86538db815b33745e52112965	openalex	work_by_openalex_id	openalex	W4235511059	native_title_evidence	recover_title
assignment:cf7a448ff8c2d81326d05ec763ce9a5263cccf6e186cb8cc39f8e87380b25c41	publication_component:database:publication:doi:10.7287/peerj.preprints.243/supp-1	lookup:3b9b25e25589f0e3e4fe01d19a4859ecd4ad35e4d06a45dcc43397378abc4e90	openalex	work_by_openalex_id	openalex	W4232645394	native_title_evidence	recover_title
assignment:b4eb7fc8b28d8146961bb3351c96d3ab59684829ce49b110502ccc09e2711b9b	publication_component:database:publication:doi:10.7287/peerj.preprints.243/supp-2	lookup:2114c42444c13f8f360de83e5378eb8baa5599cc5f757b96af3d95ad76142317	openalex	work_by_openalex_id	openalex	W4246410858	native_title_evidence	recover_title
assignment:f93afbbbde2977f47f621b2f492cc2a80027ef245a70af6db8fe95d57358d25f	publication_component:database:publication:doi:10.7287/peerj.preprints.2434/supp-1	lookup:899b04f778516a087b637d972f13368530ef36806812cd6f5159ecc88a5aaade	openalex	work_by_openalex_id	openalex	W4237943547	native_title_evidence	recover_title
assignment:a41a984ceedeb7377b083e407a81c479927c4b3392cfcf3a93db7ee75efe24df	publication_component:database:publication:doi:10.7287/peerj.preprints.2434/supp-2	lookup:ae2e388541874355f5251cfdb243cb71ed8d5e82b7dd79bfef146bf58216096b	openalex	work_by_openalex_id	openalex	W4242710060	native_title_evidence	recover_title
assignment:f9329d8f6caf779773384d836598f4761edf53854c703a63ceee4c8c5e59859e	publication_component:database:publication:doi:10.7287/peerj.preprints.2434/supp-3	lookup:dbb159b9304982ac17c1e42b76c6487e41db6600d14db003cd1fbcd688b0e24f	openalex	work_by_openalex_id	openalex	W4241551701	native_title_evidence	recover_title
assignment:26a5df9b4041796acfa4773d83e8c05ace550db46b60732aed2ff197fcb13606	publication_component:database:publication:doi:10.7287/peerj.preprints.2434/supp-4	lookup:f8f52c51cd11094f779410b1739d08a04b5df6748bbaa6940759a18e60069829	openalex	work_by_openalex_id	openalex	W4240907627	native_title_evidence	recover_title
assignment:f27bd3a7c42ce280c27ae7c4a585cdf99fae2720c33f7e66ad76d24ed388eda4	publication_component:database:publication:doi:10.7287/peerj.preprints.2434v1/supp-1	lookup:27b1c3585283b5ad40cba55092caec43aa2d8d7ad82ea065fb71be73ee3f1e7f	openalex	work_by_openalex_id	openalex	W4251940321	native_title_evidence	recover_title
assignment:fe3a7c68cae47a67cd39d3135271356c7a9e9031800e8e27361455872e412ac2	publication_component:database:publication:doi:10.7287/peerj.preprints.2434v1/supp-2	lookup:90729f4e1c05b3714c2a0832a0123429847839272c3883bfc8f1d59fbe15a69d	openalex	work_by_openalex_id	openalex	W4232852876	native_title_evidence	recover_title
assignment:c26b2e682954c6c59899236b146f27c8df4010910a1434225257b6310caca3cf	publication_component:database:publication:doi:10.7287/peerj.preprints.2434v1/supp-3	lookup:b2a70979753892c25abbb006f99fdc2cce9ccb71c2769bed1871ec115a34dc39	openalex	work_by_openalex_id	openalex	W4232702021	native_title_evidence	recover_title
assignment:8152f166488de926b1bf77b1e2c9d2381070f7e9d1d91e008776cb4c562345dd	publication_component:database:publication:doi:10.7287/peerj.preprints.2434v1/supp-4	lookup:7105ea13de65af454805eefc7e7719e4f35d638b3d2bed60a78d3f3ba3c39511	openalex	work_by_openalex_id	openalex	W4239465284	native_title_evidence	recover_title
assignment:06997c102c9fbecc9e4ca3765f53b4324ca663f2b7451ff0114a592a266f2e5f	publication_component:database:publication:doi:10.7287/peerj.preprints.2434v2/supp-1	lookup:b993197552930bc519da505cde23448a5158ccaeb55ca25eccde25d82d0dba3e	openalex	work_by_openalex_id	openalex	W4247043023	native_title_evidence	recover_title
assignment:5d67658e1caf0706893b96106a8c0a908671ec5a932d12911989975b5b25aecf	publication_component:database:publication:doi:10.7287/peerj.preprints.2434v2/supp-2	lookup:852d8b892778d1aae3d9c98c7bdb34878f44fb3a61dd2b5c4f2f06394857e77c	openalex	work_by_openalex_id	openalex	W4231100564	native_title_evidence	recover_title
assignment:ad5dfcecde1220d80de30e62e1cddd928b59dfe05a70c0e62da534e8628dcd11	publication_component:database:publication:doi:10.7287/peerj.preprints.2434v2/supp-3	lookup:b1f71dcd9d5d5843cd3e8d565b1ac40aaab6bdb4acf4b22d4364da27d5358df4	openalex	work_by_openalex_id	openalex	W4249184828	native_title_evidence	recover_title
assignment:9e7a3654a21ec8560f45a49d1079d9e9c1bfceacd4c307beb64279d0a3c987cd	publication_component:database:publication:doi:10.7287/peerj.preprints.2434v2/supp-4	lookup:f15efc594e7a5c48c83ffbf871baffed894de0a8636d65a223d38f19ca3498bf	openalex	work_by_openalex_id	openalex	W4241035671	native_title_evidence	recover_title
assignment:38263e4ac70309b8008cab6149f0137c1340b805c7cc2ed95f48ce469bb1b78b	publication_component:database:publication:doi:10.7287/peerj.preprints.243v1/supp-1	lookup:9218ea0ba7e9d15681b9f8c989f4b8b5d743d36368d4ee720342bb09fabc6d36	openalex	work_by_openalex_id	openalex	W4230482707	native_title_evidence	recover_title
assignment:4ce008ae9dca78fca60d3a6b34080407b1528d9aae0aae39f5b07d650a2ba1b1	publication_component:database:publication:doi:10.7287/peerj.preprints.243v1/supp-2	lookup:354b4cae9673f2eec24af813ac13e66af62831962ca7a860ad6501272df46803	openalex	work_by_openalex_id	openalex	W4243507571	native_title_evidence	recover_title
assignment:4168c40970c82b0237edc8a43cf24264c21d655ec5e82a692b9e41ce11d7d7bd	publication_component:database:publication:doi:10.7287/peerj.preprints.26449/supp-1	lookup:6a6daa71deb07f889bc4a34b0fec6c91a083dc4ff6f17a8929f2ef89c72cbca9	openalex	work_by_openalex_id	openalex	W4243080574	native_title_evidence	recover_title
assignment:3f9463c4334c0c64edda1a66991a37e65c846903fcd09c17eb5f8ee1552a7058	publication_component:database:publication:doi:10.7287/peerj.preprints.26449/supp-2	lookup:6267d9c3fb373f55d4600cea5525cbeca94c27cc76f6bba9ba1600f67265752d	openalex	work_by_openalex_id	openalex	W4256305629	native_title_evidence	recover_title
assignment:0553e11c763d605f836f260133a93478b92ffa83bba0a909c2d47b2c2e37be28	publication_component:database:publication:doi:10.7287/peerj.preprints.26449v1/supp-1	lookup:46bc5c57c4db54d9500673160f651e4acace804e164515686edda0399a68e5aa	openalex	work_by_openalex_id	openalex	W4241811523	native_title_evidence	recover_title
assignment:e595466d2233b931973b53a0bb4997683dd9f31d03730f3a930c31bde5868d4d	publication_component:database:publication:doi:10.7287/peerj.preprints.26449v1/supp-2	lookup:744e9ccbf0b1c49f81712530a652ef97a59ddf7db689bd5ab68320a4a659e6db	openalex	work_by_openalex_id	openalex	W4229956904	native_title_evidence	recover_title
assignment:0acce0632035f41471f7850ec4c5124aa1d6064bd27a0a4a2e7597bf84ca80ea	publication_component:database:publication:doi:10.7287/peerj.preprints.26449v2/supp-1	lookup:75337d2f361d96bec9db8b2fbd5c2cb0efc58c393561dd926caca1f62b843b99	openalex	work_by_openalex_id	openalex	W4233921425	native_title_evidence	recover_title
assignment:58916919a300324678e6b3f206a3ae338a9bca546e1214aa7c06dda1cb4cab32	publication_component:database:publication:doi:10.7287/peerj.preprints.26449v2/supp-2	lookup:ea03201563762de67a97e9d041d1ed26dcf547dd93bd792d1e68274f6437840d	openalex	work_by_openalex_id	openalex	W4242156601	native_title_evidence	recover_title
assignment:667f270b63a39c70a98dcfb8ec413006bb78e4e3ed4216197c9eaf65496373af	publication_component:database:publication:doi:10.7287/peerj.preprints.26449v3/supp-1	lookup:66a7311248d8dcbd9b281feb41fc667122a56f463e5ae65e8afbb640aabcd4af	openalex	work_by_openalex_id	openalex	W4248732013	native_title_evidence	recover_title
assignment:60b39ea86ebae8a62d4ca888a7a99ac21a3384d58096e1df2a4bee84fbbd8a0c	publication_component:database:publication:doi:10.7287/peerj.preprints.26449v3/supp-2	lookup:15a55560255e4bbf7f3942a4b2590c266c7649b5c43a132032619bd729abbbb5	openalex	work_by_openalex_id	openalex	W4242488276	native_title_evidence	recover_title
assignment:52f149de410b5cc783e92399659ff23c37da21c25f2f54c9068c1a2cc107786e	publication_component:database:publication:doi:10.7287/peerj.preprints.26506/supp-1	lookup:fd2bbf039d929fac18a956b55ad7e91b611857e807586e1d82b52a6d70dbe8ff	openalex	work_by_openalex_id	openalex	W4250575019	native_title_evidence	recover_title
assignment:7c94cde8a04cfd2b12aff619be806a0741449464cc7f84d251c25310c12a6c97	publication_component:database:publication:doi:10.7287/peerj.preprints.26506v1/supp-1	lookup:9c4ddf98d4872ce2597f50644771d584784996fa9bc9635d3c3c94176d37ebcb	openalex	work_by_openalex_id	openalex	W4245544571	native_title_evidence	recover_title
assignment:28be38e02b5b2106623c178d29c6faf3e358a41b517b46850b58bbc2042e70f9	publication_component:database:publication:doi:10.7287/peerj.preprints.26616/supp-1	lookup:4f8ea2c317d12931e7055adf9a46508d01867b3b15e61fbb0959c2d6c98df07a	openalex	work_by_openalex_id	openalex	W4245742891	native_title_evidence	recover_title
assignment:1f19e6f08c9a56ce2b8ef343d79d6edb81b7c999a753e04fd505cc05792bb796	publication_component:database:publication:doi:10.7287/peerj.preprints.26616/supp-2	lookup:cd183653918b5ed2ab05e26c191bc1d109993f3a86d7b7272bfd9e7646e36503	openalex	work_by_openalex_id	openalex	W4246687105	native_title_evidence	recover_title
assignment:18e308d3a548fe2b93b9f2e02d3678c694c1a927bc9310abf09f422e264a98ba	publication_component:database:publication:doi:10.7287/peerj.preprints.26616v1/supp-1	lookup:7fc9296196b3e2e28422a76347fc4b82a38333b3fc8621058e58d4d4604fc93c	openalex	work_by_openalex_id	openalex	W4252959177	native_title_evidence	recover_title
assignment:e6f1f71b7d97f5c516bfdf03b2bd46071249d9890c73ba12ea23c341646f2ee8	publication_component:database:publication:doi:10.7287/peerj.preprints.26616v1/supp-2	lookup:828b3b018c382e739d57f6adcf3aaea3f38c7d974dc2daffed816b9ba5a8a94a	openalex	work_by_openalex_id	openalex	W4243641996	native_title_evidence	recover_title
assignment:f58103f52d34da8a333bf2bfa0463fef79f57c04c1b5c6ca42f6442d6f397eb0	publication_component:database:publication:doi:10.7287/peerj.preprints.2663/supp-1	lookup:e078fe7665339dddb72316bb6a538c99c719bd09cb62fb9d8fd9a527f9412899	openalex	work_by_openalex_id	openalex	W4235248837	native_title_evidence	recover_title
assignment:25fe96374e33f3352ffe9b893bc32b7742447daaea0ad2fa45629c5863f3b4f5	publication_component:database:publication:doi:10.7287/peerj.preprints.2663/supp-2	lookup:154d54455ba860683b6f47ad99f502008a9267108368ac1e1fc9fd2288cdb4ea	openalex	work_by_openalex_id	openalex	W4251761624	native_title_evidence	recover_title
assignment:969a62cb5307c5b0711afb5977f99af309b56a2eb33d7592292b5f8c6704aea8	publication_component:database:publication:doi:10.7287/peerj.preprints.2663/supp-3	lookup:473ac4d879233973118f28a9fc306c065bd51634782cfd29b3747dcd057eeed7	openalex	work_by_openalex_id	openalex	W4236601581	native_title_evidence	recover_title
assignment:a8b5b55dfb8e625fb2087c4024d69c58c6c41fd72ddad57bd21420291b2147ec	publication_component:database:publication:doi:10.7287/peerj.preprints.2663/supp-4	lookup:92f2fd1ccdfd0de854eb2de8bb61b32ed58fa0d074bb6aa897fef74f565ba059	openalex	work_by_openalex_id	openalex	W4230840456	native_title_evidence	recover_title
assignment:615de42e361f27d88a08ac401745b30c08d9ebd4075abcd4900dc367c70c660a	publication_component:database:publication:doi:10.7287/peerj.preprints.2663v1/supp-1	lookup:805be6cbcd9527b8ba024b8afd226c3b017a13a928c387f10e734c9611dbc3e5	openalex	work_by_openalex_id	openalex	W4247727353	native_title_evidence	recover_title
assignment:c8082fb7b55250ae8981baab1f8695053acba0c98faa6422b6f8b38615767733	publication_component:database:publication:doi:10.7287/peerj.preprints.2663v1/supp-2	lookup:5be6e989f57d8023566397a4058a0e52e91ffa80aa54d8781496d135bad3d26e	openalex	work_by_openalex_id	openalex	W4235337474	native_title_evidence	recover_title
assignment:a8852eaaeeb58088f0b465efbebb934d04c27c6dcae6eff043e5d43226177c28	publication_component:database:publication:doi:10.7287/peerj.preprints.2663v1/supp-3	lookup:a550ed46de49a68119a9d149078a15d1e38b464d039c137fe95bf41985a52fcb	openalex	work_by_openalex_id	openalex	W4233405135	native_title_evidence	recover_title
assignment:a0b6bd26fa225d40ca6472ea19affaefbcb32ac1fe862931884f169ba1ffdfa7	publication_component:database:publication:doi:10.7287/peerj.preprints.2663v1/supp-4	lookup:abd85e44dd572ad967534afea208dc5f67b692d449ed22a4d54e6a8fbaf7e9f0	openalex	work_by_openalex_id	openalex	W4246391157	native_title_evidence	recover_title
assignment:c2e7cb4a3195e7d566d35314026774df438bd795200af14beb2b81e3db61ab82	publication_component:database:publication:doi:10.7287/peerj.preprints.2663v2/supp-1	lookup:b9f54c9f6cd652360dc39555d76a4306e81722b8e9f4a0476365b9918c95c87c	openalex	work_by_openalex_id	openalex	W4255319058	native_title_evidence	recover_title
assignment:963bdcdf967effadc855d444074fd68437bcec3a0b29d6dc256198fac858edbe	publication_component:database:publication:doi:10.7287/peerj.preprints.2663v2/supp-2	lookup:6e4182c10cbbd3d0a72893bf0b4e92f7d1f3e97c51d88fc82c362af4b34abbb3	openalex	work_by_openalex_id	openalex	W4249111205	native_title_evidence	recover_title
assignment:d11503306244a39ee7eb97faecdcdece58bcb37869767b9f9c5d4c882e2b0741	publication_component:database:publication:doi:10.7287/peerj.preprints.2663v2/supp-3	lookup:757107a5131bdd77db634b264bbfcf61ac9230d20ec25fe737f9b3615becc61f	openalex	work_by_openalex_id	openalex	W4240567225	native_title_evidence	recover_title
assignment:9619fd92d0320272fe183ca623d015f1cade3e2d7e705e92bd3ac389d8f1b11a	publication_component:database:publication:doi:10.7287/peerj.preprints.2663v2/supp-4	lookup:369dfa5e6b1ff745d974a119a2823419b5ad01f8ba694c9ceb810af774e9f81e	openalex	work_by_openalex_id	openalex	W4240797844	native_title_evidence	recover_title
assignment:ace4df3526a8dc44f8a5020c3d27690a1c736e6a0b1b23f25aaba538a96877f0	publication_component:database:publication:doi:10.7287/peerj.preprints.26863/supp-1	lookup:162eb2a286066c12c52d7876f4b737d0e358cd41da18156c915aed31857d02a9	openalex	work_by_openalex_id	openalex	W4233305150	native_title_evidence	recover_title
assignment:e70b76c50360017f0442d0e34b76fa85f83385f5a3499b0c523cdda4aad4aa20	publication_component:database:publication:doi:10.7287/peerj.preprints.26863/supp-2	lookup:924620ec7e2aee76fbcdbd9b44c8470d6cc0f01eaef859f16628227c91111159	openalex	work_by_openalex_id	openalex	W4233633342	native_title_evidence	recover_title
assignment:b798fc9fb55cb0d94738b185c1870af140cd7d750e336327307edf243bc93d20	publication_component:database:publication:doi:10.7287/peerj.preprints.26863v1/supp-1	lookup:65689451af22068c514cbf95b0a1fbfb7ec4cce3ad5ed02a9a920359bbac9de1	openalex	work_by_openalex_id	openalex	W4230938731	native_title_evidence	recover_title
assignment:90fbefd67b72a33b5b61406bc65a3e10c76848d7694e9308f347fd0e14b748ab	publication_component:database:publication:doi:10.7287/peerj.preprints.26863v1/supp-2	lookup:6fdd7798be93eb4945e0a415558cc11207ffe2244349c36dd99be9c384c24e56	openalex	work_by_openalex_id	openalex	W4246622185	native_title_evidence	recover_title
assignment:f0b89f754a8e8f5b3e8d90025ba3f900b4363835248f7fb4b045178810d1b57f	publication_component:database:publication:doi:10.7287/peerj.preprints.27011/supp-1	lookup:0b07ff5d06477fdb26d3cdf21e66cb5dfa3d1f4a4669e7429e541eb866ffb608	openalex	work_by_openalex_id	openalex	W4243789092	native_title_evidence	recover_title
assignment:31fb67be50f26ce354984990139996d85bed5000e621d0148166a1e440822cd9	publication_component:database:publication:doi:10.7287/peerj.preprints.27011v2/supp-1	lookup:997ee32d91998a60d8362360b4a04c68794d76d9327c5e7161fcd8e3708884fb	openalex	work_by_openalex_id	openalex	W4240159528	native_title_evidence	recover_title
assignment:240e283caad6222352003355250306c6e3efc4d40121f1f18630aa23ab17fe8e	publication_component:database:publication:doi:10.7287/peerj.preprints.27035/supp-1	lookup:6c2cff105f73f2d040380037b375e663927a19e28a122cc30dd5067f19c8939d	openalex	work_by_openalex_id	openalex	W4243186730	native_title_evidence	recover_title
assignment:4ab0e7b76657abaa537618f771dca41d6f00bae6c7d764b47662e6aab7ebcf3d	publication_component:database:publication:doi:10.7287/peerj.preprints.27035v1/supp-1	lookup:2b28e6b0623af1f5c0485e2fad565f8f0557d5d3efcbf001aa7fed94142bd296	openalex	work_by_openalex_id	openalex	W4252504917	native_title_evidence	recover_title
assignment:9ec3f040f10253016cc215c52cb3102a2000bb57f3f6edf4e0560f23f9b9edd2	publication_component:database:publication:doi:10.7287/peerj.preprints.27162/supp-1	lookup:294cbf6c8a096d4f59cf70e0ced7570df8dc319f30bcedc7a93fe63f12ec0a92	openalex	work_by_openalex_id	openalex	W4250177818	native_title_evidence	recover_title
assignment:769631fa3eb71f2f4a0ed70d9719ba30c6f3b39680bda8d20b230d50efc9f55f	publication_component:database:publication:doi:10.7287/peerj.preprints.27162/supp-10	lookup:387e2b85d2a11a702406c839c2ceddd05ba0f5dea5799578d5e119e2c5183da8	openalex	work_by_openalex_id	openalex	W4237054439	native_title_evidence	recover_title
assignment:04b2e6b2a7b00b206c1ddad98b42d910abb69e0f9d78b1878a8d132bc0d1c078	publication_component:database:publication:doi:10.7287/peerj.preprints.27162/supp-11	lookup:61aae567c5aec3c6d1b79f0557ad4a5d38135da277186f6289891d74623f0b85	openalex	work_by_openalex_id	openalex	W4253098214	native_title_evidence	recover_title
assignment:e9ac6f670bc75915e15922e60c7a1c5dec4b1743a77f42e536d8df971c596270	publication_component:database:publication:doi:10.7287/peerj.preprints.27162/supp-12	lookup:f09b7746513c6dd42ecc2f7350d8a833c1caf34c54fe1865fb1dceb38d4d23db	openalex	work_by_openalex_id	openalex	W4242373014	native_title_evidence	recover_title
assignment:77c22eae21feac6cf958794dba4fd84f944d1d131a1ac7077938d978d5efa91f	publication_component:database:publication:doi:10.7287/peerj.preprints.27162/supp-13	lookup:c998feab341e1dd28710d4c5b670effd054f12ed11f760c7725976057795f25a	openalex	work_by_openalex_id	openalex	W4240629660	native_title_evidence	recover_title
assignment:b0470bac0c196b9db643132bbbcc52a654149d42ffdfbbbf8b0c2e3bcff547b3	publication_component:database:publication:doi:10.7287/peerj.preprints.27162/supp-14	lookup:cdaebda052f6df44ee601eac8c8455ebc2ed2aff208182fde6e6dc72e76c36e9	openalex	work_by_openalex_id	openalex	W4253635457	native_title_evidence	recover_title
assignment:dcf62740664025945c34ad9afe235a8dea43b1607b6de174498d59ad568b5abc	publication_component:database:publication:doi:10.7287/peerj.preprints.27162/supp-15	lookup:bd0c0e9997c1f9c62ce99ea895a4b4495904e92c49f9df3224609c469fc37c68	openalex	work_by_openalex_id	openalex	W4233649982	native_title_evidence	recover_title
assignment:bd977e3d323840cf8f8deae43a2dc31baa797db1e9702eacd8c6b73a33d5a5bf	publication_component:database:publication:doi:10.7287/peerj.preprints.27162/supp-16	lookup:9db4987da5da822d641c58cc9746b32f026abe80f12317105b044758a24b77f3	openalex	work_by_openalex_id	openalex	W4256419895	native_title_evidence	recover_title
assignment:b91d3722d263300307ba26b9fd937e70e1e34a1a4d718049c8fb3cc15789cc4d	publication_component:database:publication:doi:10.7287/peerj.preprints.27162/supp-17	lookup:38b0fb63afa7c3507d4345b23fc5c7aa4df0703204e862e47b98e84f25b9ad86	openalex	work_by_openalex_id	openalex	W4254125485	native_title_evidence	recover_title
assignment:aff76cf01a27540a26c03c7627a33f7517a62460a65fb39aeeaa2d75cd54b9a7	publication_component:database:publication:doi:10.7287/peerj.preprints.27162/supp-2	lookup:f3e8929aa41633cc4b17ce0a0ad8c8fad08216f50e8931068873fbe0fb986ba7	openalex	work_by_openalex_id	openalex	W4236121259	native_title_evidence	recover_title
assignment:a2f6097ec5cedd80e482096ab91e3ae3097571dfeb5eec728ba855bfd7bd65fd	publication_component:database:publication:doi:10.7287/peerj.preprints.27162/supp-3	lookup:6417775e7423322457220d998c5a902372c436cf04bea0c181c5f1bc2c6575af	openalex	work_by_openalex_id	openalex	W4231348991	native_title_evidence	recover_title
assignment:8e64ef16e5f2be93c38bbd5b6123192053289f4b1e6e58432c22e68683fd95e4	publication_component:database:publication:doi:10.7287/peerj.preprints.27162/supp-4	lookup:1a78e94b65c528f7e78e4d09809b66400f984428780969065d5cfc651970c7d6	openalex	work_by_openalex_id	openalex	W4249890143	native_title_evidence	recover_title
assignment:c8246925d2ecfc5e1b00669010aeb17eceea051aa7bd9173986b40aeacdb20f6	publication_component:database:publication:doi:10.7287/peerj.preprints.27162/supp-5	lookup:f7fe22c8c23174782baa1299305781dfcbf03a2eef3758e36847b15ea5f16e35	openalex	work_by_openalex_id	openalex	W4235567672	native_title_evidence	recover_title
assignment:82089c32a72d869f1a60455989d16f91920a8240a2b749a489a62159a8ebe695	publication_component:database:publication:doi:10.7287/peerj.preprints.27162/supp-6	lookup:9e9bd34d5228da59a627fb53958b0f09b1a3c3939447cf084dace11c76d40dd5	openalex	work_by_openalex_id	openalex	W4238236775	native_title_evidence	recover_title
assignment:922740d1b5fe1b5222a3f279f25505c218072ba0fb308cb05331970ad27d278a	publication_component:database:publication:doi:10.7287/peerj.preprints.27162/supp-7	lookup:d032d43a0a18a1614d8e08d91b8e10eba4dc80f80cc6ce993c7336a14a8866ae	openalex	work_by_openalex_id	openalex	W4250683954	native_title_evidence	recover_title
assignment:5ead8dff76f36c3a3c59d1b621f87f08bb762dd2e38c8df7e064388e07e9ee72	publication_component:database:publication:doi:10.7287/peerj.preprints.27162/supp-8	lookup:b5772feced34e07212d1f26902abf541162706fb61057c17dfe5e31c5dc4c46e	openalex	work_by_openalex_id	openalex	W4234765296	native_title_evidence	recover_title
assignment:6bf05660b5ca52afe934a378530a6d81b06814d5851b4d18ea79cad9c7f9a085	publication_component:database:publication:doi:10.7287/peerj.preprints.27162/supp-9	lookup:fd65edf96e0bd6e92a0cc4583f99deebe60db41fe93ecf551dfe4140a6641314	openalex	work_by_openalex_id	openalex	W4241036277	native_title_evidence	recover_title
assignment:49551670f7bceace8b4b67e253064d4fff97662f7b6748f125b1f62ffe7b56be	publication_component:database:publication:doi:10.7287/peerj.preprints.27162v1/supp-1	lookup:79bf3408956d0908d96e72d7c944d4d73dc7ace8b8f35d93219065064c9fd254	openalex	work_by_openalex_id	openalex	W4229990376	native_title_evidence	recover_title
assignment:2fd77c0f8ffcdd1a5bfa6b0e2dd9f031753fc67e3ac942eca7025687c555ee10	publication_component:database:publication:doi:10.7287/peerj.preprints.27162v1/supp-10	lookup:da778463856d62561df3d022f25e7c6386117569dbd6093eb29b21f75085ec92	openalex	work_by_openalex_id	openalex	W4232071074	native_title_evidence	recover_title
assignment:de4f285ed5a496fa8d48bf56d9fe20e9cf6b44dc5c3aa00cc66a19906c5560f6	publication_component:database:publication:doi:10.7287/peerj.preprints.27162v1/supp-11	lookup:ecf7e87131886ff87b0acee934b21d72bebd6d38e7c65e9f21bb39661882b28a	openalex	work_by_openalex_id	openalex	W4232376500	native_title_evidence	recover_title
assignment:eb36dec15d1ecb24a6b0dbf07fc2b08f8521e602ed8326083b4131c5cdc34946	publication_component:database:publication:doi:10.7287/peerj.preprints.27162v1/supp-12	lookup:4bcb48c03722f1115d53fd02c0361b2193d202ff10a1705c3ea824706862bedc	openalex	work_by_openalex_id	openalex	W4255719347	native_title_evidence	recover_title
assignment:bde74dd72b0347095c62884b9207af4f19ee35870ee8ebb6db769e50bfc57ed6	publication_component:database:publication:doi:10.7287/peerj.preprints.27162v1/supp-13	lookup:4ceeef49a12f4625be26807d42d0baf41e6c7aa35749cb8c2def329c000c22eb	openalex	work_by_openalex_id	openalex	W4241638241	native_title_evidence	recover_title
assignment:b77f1184f3deee576077fb32168935fe4e505d5e34e1a0ce7670deb2fad954d3	publication_component:database:publication:doi:10.7287/peerj.preprints.27162v1/supp-14	lookup:91678a74cbee3db757bf02691259cb6b4b42e669a04109cb787d077acba67c6b	openalex	work_by_openalex_id	openalex	W4237529464	native_title_evidence	recover_title
assignment:ae0276329e9e6dc6f56f38d5c92de5abed85592192253148e3fc9c84e0f40785	publication_component:database:publication:doi:10.7287/peerj.preprints.27162v1/supp-15	lookup:b57bc38ea5ee0c990ac0cf9264cf798c6e3d10f76e4760a5c5802fab67d86cf0	openalex	work_by_openalex_id	openalex	W4242048084	native_title_evidence	recover_title
assignment:353ebeb65464ef79289f0781ef4b5d9dd8c54e5560e00ad2e430b32bfa53028c	publication_component:database:publication:doi:10.7287/peerj.preprints.27162v1/supp-16	lookup:c43dd23e0938553876baa0410c4651e89b4adde42fb371165a1ddf2db8e2b84d	openalex	work_by_openalex_id	openalex	W4249930441	native_title_evidence	recover_title
assignment:e94d16fe9a2d1561dadf3af5397366892e6accbc127f51adee50c01ee64257a4	publication_component:database:publication:doi:10.7287/peerj.preprints.27162v1/supp-17	lookup:d4278864d02234d838a384653204eb47bba448ac5b9837254ac57f853a8f2134	openalex	work_by_openalex_id	openalex	W4242971786	native_title_evidence	recover_title
assignment:296ac3571de82e133829d665bce44515c303a8e3e0a438c68159397c104206fe	publication_component:database:publication:doi:10.7287/peerj.preprints.27162v1/supp-2	lookup:017caf2e30d1ebe12cb3bf6de9c8b986f5fedf18e9bae295e9b8022d4de1f074	openalex	work_by_openalex_id	openalex	W4242007513	native_title_evidence	recover_title
assignment:8bbada691d28f3b05233adda7952655349de0b894aa5d3c0215ca35beda9b5b4	publication_component:database:publication:doi:10.7287/peerj.preprints.27162v1/supp-3	lookup:6fd9a9f03eff9d856cb89ee1a7fbc6d5f4f607868971a01eb9c9881afd84f509	openalex	work_by_openalex_id	openalex	W4245087398	native_title_evidence	recover_title
assignment:5aa4a3cdc3c3c652df021885928fc5115b372fe8fc4676565b6208924b65636c	publication_component:database:publication:doi:10.7287/peerj.preprints.27162v1/supp-4	lookup:7992ce1c7d4ca85321070e850a7b471bb8320b9215afc9c1143728440a2c3a21	openalex	work_by_openalex_id	openalex	W4241838249	native_title_evidence	recover_title
assignment:f5627868d5dc0c5b616c8ee3b7c1e201609675f6795f3401a1c6d8ac9cf567b7	publication_component:database:publication:doi:10.7287/peerj.preprints.27162v1/supp-5	lookup:16134e6b97bbe5204ef791b7d8a41472080417e7f79b8ab8735b5fc13c0a86a4	openalex	work_by_openalex_id	openalex	W4235507152	native_title_evidence	recover_title
assignment:63ca7c495e47c4d48801bd20f55820baec8378f1abc5f270ba29441858076585	publication_component:database:publication:doi:10.7287/peerj.preprints.27162v1/supp-6	lookup:f6df5595fe1ad22b301cd2a8c48b3b0bc1aa3356a521d5a7236b16e3c6a04004	openalex	work_by_openalex_id	openalex	W4240263817	native_title_evidence	recover_title
assignment:d984152ab12b7253dfcdb400dd6b41b19b92409312f6caaf604b528461363145	publication_component:database:publication:doi:10.7287/peerj.preprints.27162v1/supp-7	lookup:0aeeea774d3629799843c2c473346d4f873da82274973b54cefe19fdfef85f6a	openalex	work_by_openalex_id	openalex	W4239989962	native_title_evidence	recover_title
assignment:d2e52e29d1ad6174d85c3ca1fe1961127a174c4eae6766d1e889ef8df09beeb9	publication_component:database:publication:doi:10.7287/peerj.preprints.27162v1/supp-8	lookup:90db2c6e05bd7dddf9924c1691f490ae9161223cdf541f581ef0fc818c4fb5a4	openalex	work_by_openalex_id	openalex	W4237119452	native_title_evidence	recover_title
assignment:4dda50f84e1d804765595aa43ebd7686daec2e33d24ff7295cda29395de72bd8	publication_component:database:publication:doi:10.7287/peerj.preprints.27162v1/supp-9	lookup:8bcd9db90eb3f1fb8a694425d3b067a0ece53ee9a6e1963c31fdc8bf79db70de	openalex	work_by_openalex_id	openalex	W4250117976	native_title_evidence	recover_title
assignment:597bd9ed525b5c071ecae809cd40cd0e860eea4140e5a6a134e470a6a7dc7aba	publication_component:database:publication:doi:10.7287/peerj.preprints.27296/supp-1	lookup:4e9b2734fcf41d70c4d057909f0f3e35bdc953b6531589bf36b2ebe89193b46b	openalex	work_by_openalex_id	openalex	W4241602211	native_title_evidence	recover_title
assignment:749aa8148329a9dd6da16ad967bf03c0d65cb6d1292101681e2459218d56ed70	publication_component:database:publication:doi:10.7287/peerj.preprints.27296/supp-2	lookup:1a1f47c5e8f10deb2a5331fc57c1fa7125f2e42bd6a0c54deb4eb964a31fedec	openalex	work_by_openalex_id	openalex	W4244357913	native_title_evidence	recover_title
assignment:070565d9dabe100ff873abf05a751692476e6d96654460f068ff1546d6084735	publication_component:database:publication:doi:10.7287/peerj.preprints.27296v1/supp-1	lookup:7786c66293f482191403263d9fd92eff5fbea05b2af63cd15020d4c687c5a215	openalex	work_by_openalex_id	openalex	W4251337412	native_title_evidence	recover_title
assignment:25a545a6d3c542af256879b0fffa68db3900f9e636f9a2c89027dba7dcfebcb9	publication_component:database:publication:doi:10.7287/peerj.preprints.27296v1/supp-2	lookup:f5603eddc8ddd20aa0cc9b68322c04b3868056614630d552694665a06b6134a0	openalex	work_by_openalex_id	openalex	W4253259950	native_title_evidence	recover_title
assignment:46f645bf1ce9492da5f2e36134fe484dc0029afce143f88a167787ca5d9169a5	publication_component:database:publication:doi:10.7287/peerj.preprints.27329/supp-1	lookup:608edbd036083b77a6e4e973c8e4e1b7f9d9cc8ca71880802b338e90fdb401de	openalex	work_by_openalex_id	openalex	W4253999701	native_title_evidence	recover_title
assignment:212bec37ef1d70e409ce7568fa3a9ad227309e5a9912713d53fa53ad87e9d803	publication_component:database:publication:doi:10.7287/peerj.preprints.27329/supp-10	lookup:ad0e9317b3b28c8dcd19923e629a7eae9192706256b06ca805f78de32313527f	openalex	work_by_openalex_id	openalex	W4247815289	native_title_evidence	recover_title
assignment:4bd4f3f3424ce8b356803858626f44c40dd859f5957ec2a1de190ff4c6c86b78	publication_component:database:publication:doi:10.7287/peerj.preprints.27329/supp-11	lookup:5de3c015612cb2df2dca6a48c26e1f25cd6ddea56548f531dbcdacb6e5622e6c	openalex	work_by_openalex_id	openalex	W4252005614	native_title_evidence	recover_title
assignment:4c5830523cdcfea71d70112778124da0967c462cc7722d249b8f2e31fda6d14c	publication_component:database:publication:doi:10.7287/peerj.preprints.27329/supp-2	lookup:297d2eb53cf9fe2b4a896db3f3b4dd8659180544b0ccc6c6ee1443c934cb7ffb	openalex	work_by_openalex_id	openalex	W4247007878	native_title_evidence	recover_title
assignment:f49612dfbac03c3af8d013f3930bc62ae006bed279cc53705f10e3b64384988f	publication_component:database:publication:doi:10.7287/peerj.preprints.27329/supp-3	lookup:ca9d11e25fad3c0897637c2f34c3c257b2c9161ac8142410910a0939053d6c02	openalex	work_by_openalex_id	openalex	W4243290025	native_title_evidence	recover_title
assignment:063cd94e85afe72c98e6ba654a4695ab6cabbb6c2c7d750f22b51b4f1acb7651	publication_component:database:publication:doi:10.7287/peerj.preprints.27329/supp-4	lookup:360b40f3de2af80237334c8c33c534985b8cb2349af90d8f64d5253b6cfa9f46	openalex	work_by_openalex_id	openalex	W4234560670	native_title_evidence	recover_title
assignment:1c5d04dfa59cd31f024a7b4ee77342fee639c31676cfdeea4dc2c675a76a1ec0	publication_component:database:publication:doi:10.7287/peerj.preprints.27329/supp-5	lookup:51c54d731295ced7650afee08ab95010a3339d6eaa216ad763e340f9b04fa9c5	openalex	work_by_openalex_id	openalex	W4242385748	native_title_evidence	recover_title
assignment:5a2005b1b64b404b9c92ee9619bcfba42e4fbbc24040d3c9a264f2535557958e	publication_component:database:publication:doi:10.7287/peerj.preprints.27329/supp-6	lookup:8979f81cac4c3484570ddde0c231a5bdfb9b52543315ef9f4cd226fda756803c	openalex	work_by_openalex_id	openalex	W4248426504	native_title_evidence	recover_title
assignment:7fc6b28ee1c9be7401eb589c236fa74159c35dc348d4d8ecb5b0870350f1b897	publication_component:database:publication:doi:10.7287/peerj.preprints.27329/supp-7	lookup:b99df9729359f751e8487ffa75af242d2ef1946c84c98d04a4fc201e925b8f3a	openalex	work_by_openalex_id	openalex	W4250637795	native_title_evidence	recover_title
assignment:5ade4e6939ff922d895d7d748cad9740d1fe66da225161df15d165d971f9ef4b	publication_component:database:publication:doi:10.7287/peerj.preprints.27329/supp-8	lookup:b666245dd93fddbd74f043538acae06f02b7cd95d887ad589b070d2f21d3859a	openalex	work_by_openalex_id	openalex	W4245241745	native_title_evidence	recover_title
assignment:531af85d797298926ed6b5c48465de369e199f301e98770d57365d2ee5111382	publication_component:database:publication:doi:10.7287/peerj.preprints.27329/supp-9	lookup:0cddaa0dc073d8144009c043ed988e445da79f963ecbfeb3a8f486268e7b5e75	openalex	work_by_openalex_id	openalex	W4235862446	native_title_evidence	recover_title
assignment:a25289452e3144c7d35c8d866c647ed62443c149cf821ece48ce5a9e7ae0ad16	publication_component:database:publication:doi:10.7287/peerj.preprints.27329v1/supp-1	lookup:3d3f9c499d9fe6df3d2690fecb11c2d18811aa726e3fe1039907b9a3bb21ff14	openalex	work_by_openalex_id	openalex	W4254920836	native_title_evidence	recover_title
assignment:1668d252de963f4b8bae62d95010d94319611292f57b62434344d646e7b9448f	publication_component:database:publication:doi:10.7287/peerj.preprints.27329v1/supp-10	lookup:b087ca777dd590269b139f99b54682d494453c0960ab1b5a2259a5e2cc1b4c03	openalex	work_by_openalex_id	openalex	W4235834953	native_title_evidence	recover_title
assignment:7ace6e90ee54eeeb079bc411f735dfe645d8136778c62422ac6ec1099187ff2b	publication_component:database:publication:doi:10.7287/peerj.preprints.27329v1/supp-11	lookup:6dab5cdd081a018851a95544852dc5b87ccd8112d09002d7d55e3941bb49cf44	openalex	work_by_openalex_id	openalex	W4231452486	native_title_evidence	recover_title
assignment:0766ee7a240b7b87a198f97700d07468ea51445086df223f6e01437185a048c1	publication_component:database:publication:doi:10.7287/peerj.preprints.27329v1/supp-2	lookup:0e86cad2563a92b2be975caae01e6c88230fb170c957c72995a119b42fd59a2d	openalex	work_by_openalex_id	openalex	W4235497191	native_title_evidence	recover_title
assignment:87ef065148b45b78be3e5298ec4a6da752f40b565ac1c0ace8c4cbc8d4b16276	publication_component:database:publication:doi:10.7287/peerj.preprints.27329v1/supp-3	lookup:f212053ea0e51789cae05f02cff11f9d99404a206aba88bc061b1c22292b0766	openalex	work_by_openalex_id	openalex	W4236458640	native_title_evidence	recover_title
assignment:28baac86d43fe6c817bc798d5da07a697b2efd97a338d287baee4729685a34d0	publication_component:database:publication:doi:10.7287/peerj.preprints.27329v1/supp-4	lookup:c3e4d672f7bdb7fa92a7d295fd969fe5936764defa97a2ae020fcc82249ca3ab	openalex	work_by_openalex_id	openalex	W4245032879	native_title_evidence	recover_title
assignment:1050a2d9d44873f8ed6154a365851f10db8ce57be14e493c230ac3152f0c1988	publication_component:database:publication:doi:10.7287/peerj.preprints.27329v1/supp-5	lookup:05d7b64cdd3768638c9b72a0b2f10cf72a4fbd21164a8e927ee458c2cfca0a97	openalex	work_by_openalex_id	openalex	W4244740070	native_title_evidence	recover_title
assignment:99c3a24608adcb498baea90b3d6a8755752152611628adf2ca6e65739c3d3854	publication_component:database:publication:doi:10.7287/peerj.preprints.27329v1/supp-6	lookup:3f412ce4211d5c3eed59c07cfb017856634a623e0ee5b8c4507a21ee84512878	openalex	work_by_openalex_id	openalex	W4238542636	native_title_evidence	recover_title
assignment:e9578effb3fc0a93c4c782c901d2f44e92461b4dd1319ee26e9d091c9a5e1a49	publication_component:database:publication:doi:10.7287/peerj.preprints.27329v1/supp-7	lookup:8ef0183f24eb7ad757723ab346d715a881a7e9bc4e1ec1be5abd1b362584216f	openalex	work_by_openalex_id	openalex	W4236351502	native_title_evidence	recover_title
assignment:21149bc059c0abae4f59f636f3c2cf7c2030a1f111d543c2c2abb3111658b815	publication_component:database:publication:doi:10.7287/peerj.preprints.27329v1/supp-8	lookup:17d1134df0e405ec03e0f5f25eed277e595b90fea07fd1714750aff8e8444609	openalex	work_by_openalex_id	openalex	W4251286404	native_title_evidence	recover_title
assignment:61481a0c27e7681c98160775b56dc6ebc7b21a2011a14970ff717a0422e18ee9	publication_component:database:publication:doi:10.7287/peerj.preprints.27329v1/supp-9	lookup:9f0eb87eb333928b6704e95ad8a86a782172a45c0b987028a3cc038586cfe29c	openalex	work_by_openalex_id	openalex	W4245636488	native_title_evidence	recover_title
assignment:9632fb7b51e3fa327e6e51729935dee2573f26d2939cdc1bd20cdc532afffac9	publication_component:database:publication:doi:10.7287/peerj.preprints.27342/supp-1	lookup:a139849b5a773c6083173037d081cf331e8ffe648143674ae8a411796223a3e9	openalex	work_by_openalex_id	openalex	W4239948271	native_title_evidence	recover_title
assignment:e9238339ce80086c315128748a4f8fbbcd9bb941f4cdea34245d111075eb6962	publication_component:database:publication:doi:10.7287/peerj.preprints.27342/supp-2	lookup:4828106be3bc2714da6f0f03be0c6a833f2abe0a0eff514d881272eb0dc4e113	openalex	work_by_openalex_id	openalex	W4253165917	native_title_evidence	recover_title
assignment:70f52bb56de63ada0fe0b1833e85d871ec4bee5e18f15f4304c983e67fdebcc0	publication_component:database:publication:doi:10.7287/peerj.preprints.27342/supp-3	lookup:71dd3f893aad06ebf142785151cc6c65d32d6f333d5bef9b1d13e66930775a56	openalex	work_by_openalex_id	openalex	W4233695602	native_title_evidence	recover_title
assignment:be057f9f9afab1e5f35bf34293bcd56b5e0cf79675eb21e888cc4d7b7721d662	publication_component:database:publication:doi:10.7287/peerj.preprints.27342/supp-4	lookup:13fe515be5afc5450678543d2134ecdc6f125f982cd7cf9ab173ea9561d3a8f5	openalex	work_by_openalex_id	openalex	W4237831176	native_title_evidence	recover_title
assignment:db78b52c8a25788ac364cc21a0a19c6f761bc099fc3f723f39741853348c6e4c	publication_component:database:publication:doi:10.7287/peerj.preprints.27342/supp-5	lookup:685e874719ddf6030dbdad7e79a7d89da7214837be46d81e0413eaa2ab4d4f99	openalex	work_by_openalex_id	openalex	W4238680898	native_title_evidence	recover_title
assignment:66d9aa98aff04257e4964d755543219ef34f4c1dbc02b20b14ff8e6648b8a433	publication_component:database:publication:doi:10.7287/peerj.preprints.27342/supp-6	lookup:699cc9130aaf72d9ec53d4b421155c9ef23d6e5d171d918d1694600bc29bbbc8	openalex	work_by_openalex_id	openalex	W4243298443	native_title_evidence	recover_title
assignment:8c26955f4fcac1aba10e6b0cc9ba8ccf806037c412bdedd53752fcbb561ea8bb	publication_component:database:publication:doi:10.7287/peerj.preprints.27342v1/supp-1	lookup:0837c45161659dcec91bf2fa3e871a68485aec07e7dd2d956b84ba055331b47d	openalex	work_by_openalex_id	openalex	W4251394260	native_title_evidence	recover_title
assignment:83a875ea1eb4eb457b87d14710d0545894da5ee6d8a3c356efd78bbf37bb333a	publication_component:database:publication:doi:10.7287/peerj.preprints.27342v1/supp-2	lookup:6d15791bee5621e3dbb395ba7a5d941884eadbed28fa8a21b744b7020fd968d2	openalex	work_by_openalex_id	openalex	W4254343245	native_title_evidence	recover_title
assignment:4ead1af6ef3c6f54b65d50568c8a064965cc5e1d8d6e233d83a5c490cc56901b	publication_component:database:publication:doi:10.7287/peerj.preprints.27342v1/supp-3	lookup:cfbab7f61844231bddd7006448a40bae0e1634100eabe66571614a5c7246374f	openalex	work_by_openalex_id	openalex	W4253038992	native_title_evidence	recover_title
assignment:10c2b71b6882b396dc72a856c6c2d6aad1ebbf00d038b8b0125ad2ce8f9ea7f4	publication_component:database:publication:doi:10.7287/peerj.preprints.27342v1/supp-4	lookup:7c9fb5213fd5ae2f6d648153f86155be67f4ac6588bef981cfbb7ec0b0958afd	openalex	work_by_openalex_id	openalex	W4242550240	native_title_evidence	recover_title
assignment:86651c05479ae2eed19ec3bde2b730a05d5562a9aefb4ab163ecddc6cbe0b7fd	publication_component:database:publication:doi:10.7287/peerj.preprints.27342v1/supp-5	lookup:83947fd583b3e407bbe165d00856fdc9f4d48d8a64358a417aa698c9f8e8e016	openalex	work_by_openalex_id	openalex	W4231839338	native_title_evidence	recover_title
assignment:ecc0b5570dbedcc6e5d0a5fb27b6be857d1eff3b0b04ebcd3928f95a36cac0c7	publication_component:database:publication:doi:10.7287/peerj.preprints.27342v1/supp-6	lookup:7b4be0024f8ecef47a42cae40d9fa432c37b6925c8663adc26ea7e0817e364f3	openalex	work_by_openalex_id	openalex	W4243348112	native_title_evidence	recover_title
assignment:bd1b97c2398b73af740533c807f2fafa0d22d24655911f1ade06f21b7da90fab	publication_component:database:publication:doi:10.7287/peerj.preprints.27406/supp-1	lookup:481c6c426a98ad98561ea868221e39bf8dba25d7a5c3e53c3fba5fa2827329be	openalex	work_by_openalex_id	openalex	W4254850720	native_title_evidence	recover_title
assignment:ad3c86e15707b05fd748486c7f4a0deb300feb10a2b126ac91d8781de1c5958e	publication_component:database:publication:doi:10.7287/peerj.preprints.27406/supp-2	lookup:32bced584aa4ba16258b06d1c6102134553698e621e4f9b87d7bfd5298e48827	openalex	work_by_openalex_id	openalex	W4241022874	native_title_evidence	recover_title
assignment:b8a0cafb0f9279040a822a302340775a585bebec592357b945af7ec660bb6e48	publication_component:database:publication:doi:10.7287/peerj.preprints.27406/supp-3	lookup:36e4b2029bf0232cca3121309cd516629f622f8b69c857de854f0d4fb1de2a6b	openalex	work_by_openalex_id	openalex	W4249809830	native_title_evidence	recover_title
assignment:17f0b29c9a4b4c3fa17f7c8a27084f3cdf111556ff94ce830d3889582179110f	publication_component:database:publication:doi:10.7287/peerj.preprints.27406/supp-4	lookup:5af2e5c7524ab54befd9de81a647bb12e93531ed0315d9fbb49a7c74e8c9de3a	openalex	work_by_openalex_id	openalex	W4238600248	native_title_evidence	recover_title
assignment:605a33e2ffea2f7cfaff1171daf8eaf5b2a380b9cc437e989f45ddc359a403b2	publication_component:database:publication:doi:10.7287/peerj.preprints.27406v1/supp-1	lookup:cb375b361b940adff5785568cb3f2790c511975cebea8b91d7f77415350916f2	openalex	work_by_openalex_id	openalex	W4255508320	native_title_evidence	recover_title
assignment:a9f112254122e56b793dbbaced55db24dab58ff6c737867a7e8e0ebd354f99b8	publication_component:database:publication:doi:10.7287/peerj.preprints.27406v1/supp-2	lookup:6d05ebf31a89f99f25ea929a6c9857944fd7afe4c0bcd430bb6ff72463fe5cce	openalex	work_by_openalex_id	openalex	W4252296988	native_title_evidence	recover_title
assignment:3d6774916bf8737f2de5364e5a02ff12f32512ff26ba0733273150141468996b	publication_component:database:publication:doi:10.7287/peerj.preprints.27406v1/supp-3	lookup:202b66d175de50dd45f26fea2d1ae45aca597a9d34f7063340dffec6768d74fe	openalex	work_by_openalex_id	openalex	W4237300641	native_title_evidence	recover_title
assignment:3f64004812ab1abadd480bbd2d9ab0de24ecff324caab25b2bd7b2cc98de2111	publication_component:database:publication:doi:10.7287/peerj.preprints.27406v1/supp-4	lookup:be837a6fa491228dbec036912b92ab72bd7f8224c3ed4b97359cf7bc38ee8978	openalex	work_by_openalex_id	openalex	W4251043751	native_title_evidence	recover_title
assignment:5d0dfd85c79d8485548766266d17326a2cceb93f2aa6b70e3f0edbfa39d2c973	publication_component:database:publication:doi:10.7287/peerj.preprints.27406v2/supp-1	lookup:8912f84b2304b141d9f73bcf32103772b02c5cc4974752b4ff3f77204d25f6f6	openalex	work_by_openalex_id	openalex	W4250101660	native_title_evidence	recover_title
assignment:be3d2b57419ef1300c49784bb5afd324f1f2684068c4202b73a2fd6b4bff057c	publication_component:database:publication:doi:10.7287/peerj.preprints.27406v2/supp-2	lookup:99bd4d68bc84da0746556a5aaeb3a003a9ddd0a991cd4524ea77d313dce25390	openalex	work_by_openalex_id	openalex	W4242220852	native_title_evidence	recover_title
assignment:631f32440041d6a3d8d6119a002dc9e1eda232275572851175892df5e5f04397	publication_component:database:publication:doi:10.7287/peerj.preprints.27406v2/supp-3	lookup:272beb62929a924282cd776206f49752f2f7892ec5529c41178b95b647ece70f	openalex	work_by_openalex_id	openalex	W4244657853	native_title_evidence	recover_title
assignment:e9d7d76abad2d17ac1517fb4e92671deacec782ed8c4b6d352a7b2fd92ed4ecf	publication_component:database:publication:doi:10.7287/peerj.preprints.27406v2/supp-4	lookup:7ac5472d775acc467195d82305c11882581096f42c2da713d7de0d69c0b9371b	openalex	work_by_openalex_id	openalex	W4230361615	native_title_evidence	recover_title
assignment:821b2689fe66bd903cc1f74bcd2054c6851d53b1b4df5ea3d91fb6c098a3d3a6	publication_component:database:publication:doi:10.7287/peerj.preprints.2741/supp-1	lookup:c9b5974aff676dcbf1de41a4710b50528fe6a0fb76d7d19b1e8e420f074af8e9	openalex	work_by_openalex_id	openalex	W4232035999	native_title_evidence	recover_title
assignment:36a62aba9ed32bf189ff2def4f291140d865263a43772424396c8bb84050710d	publication_component:database:publication:doi:10.7287/peerj.preprints.2741/supp-2	lookup:44597e9feee9e85daf94385c36b95f06f8afa8fb674de84091c78c02d9ea7c97	openalex	work_by_openalex_id	openalex	W4238590003	native_title_evidence	recover_title
assignment:59e90cd76e698ed3c005b06ddf1ab01c7f13725f0e5d57ad26e6d1d74b89c826	publication_component:database:publication:doi:10.7287/peerj.preprints.2741/supp-3	lookup:832739cde8a6335d7d2e5921b323618bbbde57d2e0e5727e9e1b99f66f6b700a	openalex	work_by_openalex_id	openalex	W4248584893	native_title_evidence	recover_title
assignment:5e3b51310b9bc5096e648a01934ff34ff7d2dca3a577df2214dfe7285e49352b	publication_component:database:publication:doi:10.7287/peerj.preprints.2741/supp-4	lookup:1508cd3d193c42dc82f32838b2664e99504e484d0844a403635700f26fc6a0e4	openalex	work_by_openalex_id	openalex	W4256478563	native_title_evidence	recover_title
assignment:87800c44aea7ee1e53c2993abf34c584390d48d9a726869475a9f6b2fb9df99c	publication_component:database:publication:doi:10.7287/peerj.preprints.2741/supp-5	lookup:d55fe5f011992486ec35642b30e5aa8c38d97d79b472cd53d15949f0681dbb53	openalex	work_by_openalex_id	openalex	W4240602901	native_title_evidence	recover_title
assignment:31c07f30ef1ff7e1c13422d4dc61e9163b6a02303ca8a6a2b28a19fa21e208b2	publication_component:database:publication:doi:10.7287/peerj.preprints.2741/supp-6	lookup:dcd952a113fa4d9f2c025bf96ef1f6cbb4921d890b5c877c378a6cc4bf30b231	openalex	work_by_openalex_id	openalex	W4244230717	native_title_evidence	recover_title
assignment:2e90cbd825779b349dbe27b6c47f17201370bdbc8496f900d3862969526693e8	publication_component:database:publication:doi:10.7287/peerj.preprints.2741/supp-7	lookup:6505bf11cf078b0e225dbd70fc39628faf86597c03913d8f0461e70f01dedd9f	openalex	work_by_openalex_id	openalex	W4243547467	native_title_evidence	recover_title
assignment:cb141e9a32999a51969e2f4db8f0e3b8d760c627fd64e647ef6d3bd5eda7a67b	publication_component:database:publication:doi:10.7287/peerj.preprints.2741/supp-8	lookup:4d96d34205ae6274bb0bbcb586646904dda6cf85e85a5b998af5a9ae35a88358	openalex	work_by_openalex_id	openalex	W4240024712	native_title_evidence	recover_title
assignment:1cc88ffdf8dea70a29f9aa58cf25b517da86f9ea0893a29df31d3f50e84a0fd4	publication_component:database:publication:doi:10.7287/peerj.preprints.2741v1/supp-1	lookup:50340aa83ce922b340b5777d13105a4c579097d9802a771f15ace0a291ab714f	openalex	work_by_openalex_id	openalex	W4242474150	native_title_evidence	recover_title
assignment:dff7fd7a47de1ab0e1fa70ef0bebd7fcd0c75d61ecb0e735e37a6cb0fc01da69	publication_component:database:publication:doi:10.7287/peerj.preprints.2741v1/supp-2	lookup:65a953dd03a49c320e396785f73e67b7fbfbad10b9d108b9039eaff3117e6553	openalex	work_by_openalex_id	openalex	W4234189076	native_title_evidence	recover_title
assignment:7f43c2ae56218d6b22a099f7ce09f2b8084d47c1cc8c96d4ad22d0ba7332e964	publication_component:database:publication:doi:10.7287/peerj.preprints.2741v1/supp-3	lookup:6c5ce2bd2306d10cde7cbbe86686ebeea12912f7d8cd64c32526be130419a6ec	openalex	work_by_openalex_id	openalex	W4244800191	native_title_evidence	recover_title
assignment:db35673cd260d01afa6c90c5348eeab4d32ae18a1875c47e283e82a554eccdbe	publication_component:database:publication:doi:10.7287/peerj.preprints.2741v1/supp-4	lookup:faef205cd4701dbd8e191069cab7962c9b1ff9b4bd977112e197087e9221c2b6	openalex	work_by_openalex_id	openalex	W4229588879	native_title_evidence	recover_title
assignment:18322b8741c7e92edb42e8c6c58fcac8d2e690697e8aacf03cfc8a58d5b216f7	publication_component:database:publication:doi:10.7287/peerj.preprints.2741v1/supp-5	lookup:ed560fd496eac2d769d5141689b0dbaf98cdfdb295f80c77f8cdb8a8c7c67104	openalex	work_by_openalex_id	openalex	W4250578992	native_title_evidence	recover_title
assignment:09b409a838562861a764290b6a0fdd177ed8e772b7ab44791da47c04136aa7fc	publication_component:database:publication:doi:10.7287/peerj.preprints.2741v1/supp-6	lookup:440c232607a397ac6032cb579955ae60b23e8b132cffbfe71e8c3c6cd3500373	openalex	work_by_openalex_id	openalex	W4245788452	native_title_evidence	recover_title
assignment:a4bcc962b84d1b44e69c7c343bea911426b3cd2dba454ac9e3cd35d8cc01c0cf	publication_component:database:publication:doi:10.7287/peerj.preprints.2741v1/supp-7	lookup:ee425bdb40d63f31f4d5f46cb52461357ca9b3482c4c9755c88d3744b33f00be	openalex	work_by_openalex_id	openalex	W4254771442	native_title_evidence	recover_title
assignment:bcf1c0f4819e879917b60df5e3ad806915146679d4168b0a461c106dabfb1a8b	publication_component:database:publication:doi:10.7287/peerj.preprints.2741v1/supp-8	lookup:90e1a2b5e4693f0664d8a1ddd70c701209e6620a594058a540fe8b1c661f90fb	openalex	work_by_openalex_id	openalex	W4240426832	native_title_evidence	recover_title
assignment:671aa82c8a88856dbdc1c6b849ca0cfc08396cbe1a67e92d6978f3dd4e873cc5	publication_component:database:publication:doi:10.7287/peerj.preprints.2757/supp-1	lookup:def16133074b5b8563cef0426d65234bf6d697f95ef23ede0dd94f353bb9c656	openalex	work_by_openalex_id	openalex	W4231981051	native_title_evidence	recover_title
assignment:159b64e676b74cf71a1c2f1820be10b68088977302b847ee17b29a905a4f22a5	publication_component:database:publication:doi:10.7287/peerj.preprints.2757v1/supp-1	lookup:3ea89ea57c66ad71bd2c146e46d1d7d44cffba56eda89a933f8397b8197907c7	openalex	work_by_openalex_id	openalex	W4245133048	native_title_evidence	recover_title
assignment:6e1d15b4afa79a5f537fcd400cd00294ce6066ea123f0b7b43580df838faba96	publication_component:database:publication:doi:10.7287/peerj.preprints.27835/supp-1	lookup:b80591fd618d25ee0dca48e700c8023a0857a36f495ab90998a75f9e3a354be0	openalex	work_by_openalex_id	openalex	W4246379838	native_title_evidence	recover_title
assignment:7e371c01c6bd9226ce4433cf599dda6e1fdc9d56f238bc7c062d780deccc0d13	publication_component:database:publication:doi:10.7287/peerj.preprints.27835v1/supp-1	lookup:edda7fe263069606d22a7d4f024b72ef0bc135dc2efb238d4fdee68ec3c602c8	openalex	work_by_openalex_id	openalex	W4230011524	native_title_evidence	recover_title
assignment:f1d068c498e90c109561fa0a74ecaf0599a97bf102a8d6c473c2fe560ed00079	publication_component:database:publication:doi:10.7287/peerj.preprints.2787/supp-1	lookup:4782ac7f0758ddc7319913688a19af7d2e4b5841cf44ebc91b67a9d8d90b4cc5	openalex	work_by_openalex_id	openalex	W4249882635	native_title_evidence	recover_title
assignment:35055514f65a461f6174fbbb1ec496c6b6ee53f9dae0cf9952bd28082c4ac069	publication_component:database:publication:doi:10.7287/peerj.preprints.2787/supp-2	lookup:8df5f36350a00d7b74b69af12993ea557c1894436ceab227009b710b9964c788	openalex	work_by_openalex_id	openalex	W4230867729	native_title_evidence	recover_title
assignment:a462983000cf8ce54ca58a443ac8810b6cef5102f09658d4441b5d7c89a88136	publication_component:database:publication:doi:10.7287/peerj.preprints.2787v1/supp-1	lookup:542e0275eebae2d8eeeebdb19472cf17412f7c62fa4c1a2673ad8021869cb9eb	openalex	work_by_openalex_id	openalex	W4237490067	native_title_evidence	recover_title
assignment:67c1fec75b272f705ad099c81a9959715f5a5397e1d573ae5814807e0c3fc4a1	publication_component:database:publication:doi:10.7287/peerj.preprints.2787v1/supp-2	lookup:e54f0e55aba62d380c3d007e46d8e743c741c1e36dc002bce9127ebcb8629be4	openalex	work_by_openalex_id	openalex	W4246749588	native_title_evidence	recover_title
assignment:8d83fa9da5a4e81b8a891ad61b2f4a881bb6d466c7e03b2b4bd510659d882d4d	publication_component:database:publication:doi:10.7287/peerj.preprints.2903/supp-1	lookup:fd4e678068717ac14f6781e97876d53cce776e598c0edd62f1a208ece16c4b04	openalex	work_by_openalex_id	openalex	W4242300720	native_title_evidence	recover_title
assignment:49591107e3dab5509cbaa57dcea62043ae0eea434ddbe0dc13ee668fed2d45b7	publication_component:database:publication:doi:10.7287/peerj.preprints.2903/supp-2	lookup:4bbc362a3b4fa552f1f4274e0ebf55934d21ba449de57e572a21da1591511a9c	openalex	work_by_openalex_id	openalex	W4243557313	native_title_evidence	recover_title
assignment:5520db585b7e5fdd0d3d980382948995f7221d57cb2be4b1c31ff54390073409	publication_component:database:publication:doi:10.7287/peerj.preprints.2903/supp-3	lookup:29f35877e0e4b0b4b79d793bcf19ed3e6ff9d3e551d957db4eff38542b9ade25	openalex	work_by_openalex_id	openalex	W4231423320	native_title_evidence	recover_title
assignment:d75cd332e4d061e0b9c675dcf711807b0a9f0affb4cd0c2d0556018559140ac8	publication_component:database:publication:doi:10.7287/peerj.preprints.2903v1/supp-1	lookup:3f07000720656d24d6f24ef85969b6f493819b4aa6a94e9604c802911464db1f	openalex	work_by_openalex_id	openalex	W4246433740	native_title_evidence	recover_title
assignment:3d01aa0232b29fb679a06e83d84e87930f9c07881ae2e196d34656471c195eb1	publication_component:database:publication:doi:10.7287/peerj.preprints.2903v1/supp-2	lookup:63fea042d5abdec0160c5af42cb0845eb5e6600159698442621881a34af24b79	openalex	work_by_openalex_id	openalex	W4250398522	native_title_evidence	recover_title
assignment:d9646752f21b03bb586d4abbc436d5ff130f423db8b11a933f7779918a3a8fd4	publication_component:database:publication:doi:10.7287/peerj.preprints.2903v1/supp-3	lookup:1f75bcf4ba2d853ccda999abfed43348ab512471cf6905b0e8a2b2536d612922	openalex	work_by_openalex_id	openalex	W4229825524	native_title_evidence	recover_title
assignment:ccad0157c894b08f51880686f6caa70aaa48f81264f2e7f5c56e753a173956b3	publication_component:database:publication:doi:10.7287/peerj.preprints.2988/supp-1	lookup:1fe8714edb91ef222f116e1920e2588f2ab6de761f6c137e50171034df0054a0	openalex	work_by_openalex_id	openalex	W4255021025	native_title_evidence	recover_title
assignment:753078b2a059379d2775493f38d979c740b56c857e6e78560c5b5df511d2ad74	publication_component:database:publication:doi:10.7287/peerj.preprints.2988v1/supp-1	lookup:4e4a84c71a92a488a9590533b1f62e5cb3593b68470bf0ff84c75798017d8931	openalex	work_by_openalex_id	openalex	W4247681067	native_title_evidence	recover_title
assignment:9bf7bc8849e870fca574bc35d0041181958809262d15bcede20a7be09f5a443c	publication_component:database:publication:doi:10.7287/peerj.preprints.3067/supp-1	lookup:93af8e8fc49a79719ca08cb21d07ac2d8f126f427cb9ea6b3ca5c5c63f7986ce	openalex	work_by_openalex_id	openalex	W4247435314	native_title_evidence	recover_title
assignment:5d8197ade0d8878b6f4014b5ebc7ff86a23b3359754fa902f4c61ddfee7d138d	publication_component:database:publication:doi:10.7287/peerj.preprints.3067v2/supp-1	lookup:9748c4a531c6f11ab1e614475bd856a70e56a71ca8d8408b079ea572b21eeabb	openalex	work_by_openalex_id	openalex	W4243726761	native_title_evidence	recover_title
assignment:d0536ffeed1d225781bfb3bf063ffcc7a0485dc73c7c8015d824b55ff9524655	publication_component:database:publication:doi:10.7287/peerj.preprints.3223/supp-1	lookup:1a76fb311440fa5105bcf11d4520224ed0b793d8b1ba8758b25e1788df6a7e59	openalex	work_by_openalex_id	openalex	W4241117055	native_title_evidence	recover_title
assignment:65c9bd2b531470eb7b2058ed930cfd3a2aeed8a98f6a15e8c0942f6920675747	publication_component:database:publication:doi:10.7287/peerj.preprints.3223v1/supp-1	lookup:ec583678dc1fd7cfcc7b84ccc905a437410530bcc59abd4b35182c8e02443d6c	openalex	work_by_openalex_id	openalex	W4250331925	native_title_evidence	recover_title
assignment:9ba70f186482a9ca6791addf55ff89d87b92432d93295c71dea685853919f277	publication_component:database:publication:doi:10.7287/peerj.preprints.3420/supp-1	lookup:665d5f9b5a3bd32f32b5b15c2f8c8f77fddfbf858aa2dcf3ecc97d9d4e8de99e	openalex	work_by_openalex_id	openalex	W4237101353	native_title_evidence	recover_title
assignment:0065b126bfe99883c9fbf29c95dbccc7dc347df626a94eed6e06df5215a6de0c	publication_component:database:publication:doi:10.7287/peerj.preprints.3420v1/supp-1	lookup:7a9aed1363fb70e7a529343e55b3e22852620f8a5982042cb322a4f283acb56b	openalex	work_by_openalex_id	openalex	W4255516486	native_title_evidence	recover_title
assignment:be9f465bf2d76139efeac358f76604b9489032952e6ba339cdc47bcc179602c1	publication_component:database:publication:doi:10.7287/peerj.preprints.3488/supp-1	lookup:1b2450a358d7ece92447c833671186aff2c40f4c838475f1919cab618ef07401	openalex	work_by_openalex_id	openalex	W4233977261	native_title_evidence	recover_title
assignment:e5ce09ab06aa3affd23b056dde68e359ef9266b1fc18197c55c1228da3ef071b	publication_component:database:publication:doi:10.7287/peerj.preprints.3488/supp-2	lookup:309f07a32417f27af460297a18a62dc1960f32f159e75ab0375b6a596ccc7795	openalex	work_by_openalex_id	openalex	W4256491253	native_title_evidence	recover_title
assignment:25cbf8927e1140f18d26c559b842317cd6edd7ca3105f7d870c5c1fd651e7e10	publication_component:database:publication:doi:10.7287/peerj.preprints.3488/supp-3	lookup:29f1656c449934f6401bb589c1ea17d4dc9f73be3907fde42d541f0f4b6997c6	openalex	work_by_openalex_id	openalex	W4255622168	native_title_evidence	recover_title
assignment:2f17fbbfe60444b35500a9bbe11c77d0808bd5ea2950ed0b0661d6f98b0f20ff	publication_component:database:publication:doi:10.7287/peerj.preprints.3488/supp-4	lookup:6ee76fdfe2819b2a5024f6d6c901f061dd3689c522caf8b6f9536288c5f97e15	openalex	work_by_openalex_id	openalex	W4238516486	native_title_evidence	recover_title
assignment:a0d80ff37012541160517fcc1181bfef46c65beeee2e4863add7af966123639f	publication_component:database:publication:doi:10.7287/peerj.preprints.3488/supp-5	lookup:de331ca78bdab69204f938026f908a4e77653ea9d1c856aa7ecd6b535f146bbf	openalex	work_by_openalex_id	openalex	W4236741021	native_title_evidence	recover_title
assignment:b41aec44a1e669170bc2143b9cf62f6ca9f7d0fcf99f4ef278aa330e1e65aed8	publication_component:database:publication:doi:10.7287/peerj.preprints.3488/supp-6	lookup:7e59af0250746a278b07625c57acca98740183232bb2ef8ee452a44a1e906811	openalex	work_by_openalex_id	openalex	W4245293289	native_title_evidence	recover_title
assignment:f437f2def5fda08ccf9012c6407cf955afbca4460496169b3fc0d3ce3c9f7608	publication_component:database:publication:doi:10.7287/peerj.preprints.3488/supp-7	lookup:f25017fd0e07c53f5d467275ef30a75163e79dd7ef6f11c5039e3f7408782e57	openalex	work_by_openalex_id	openalex	W4246492654	native_title_evidence	recover_title
assignment:8638a9642e82287d15ef7cafd9323685c06377d747cae01477b83ba7a7242f50	publication_component:database:publication:doi:10.7287/peerj.preprints.3488/supp-8	lookup:d959b6cd1b1ac7609d86b6e194e5e39fe9ef3fd8828bf2f5f7d287942a611b82	openalex	work_by_openalex_id	openalex	W4241517805	native_title_evidence	recover_title
assignment:c9cdd1ff59f8c6cd4dc9a87b9b17bde3a078068bbcbf21e5cc892c695768b900	publication_component:database:publication:doi:10.7287/peerj.preprints.3488v1/supp-1	lookup:199b36269e84ceb54161ca632714834bb91bb826587a224d2020892d17150e5b	openalex	work_by_openalex_id	openalex	W4240775092	native_title_evidence	recover_title
assignment:d9891f47c2ffd5c1acbbbfaefdb0338ffb31230ec9359bd664ef932f87363c2e	publication_component:database:publication:doi:10.7287/peerj.preprints.3488v1/supp-2	lookup:dc46b7ed332f1cebc076ff1f5a73eeba8f005c8a87c43d9d657763c464f091a7	openalex	work_by_openalex_id	openalex	W4254319709	native_title_evidence	recover_title
assignment:8e22a31a4797c6f911ddfd23a5ac4eb0f0594aa1b17321bca9bf054aad9e3c1f	publication_component:database:publication:doi:10.7287/peerj.preprints.3488v1/supp-3	lookup:cfbe1d42ec21f7ba14e3ceb7dacb50eb09349c87f591c3b93f415dbb4fd971c6	openalex	work_by_openalex_id	openalex	W4232880630	native_title_evidence	recover_title
assignment:e79c7d8b6163ae3cf2a31dabe8034f9a82861ee65016d7105445497a630f77a8	publication_component:database:publication:doi:10.7287/peerj.preprints.3488v1/supp-4	lookup:aa4b0fff2ca8633a6d65626db345f40fa3f2db0fbe31752fb06d846ef9d75bc6	openalex	work_by_openalex_id	openalex	W4247152998	native_title_evidence	recover_title
assignment:fa146b92caef46af8ba2d87054fe8582fb1565027a7430b8b6789a0b5bef33c4	publication_component:database:publication:doi:10.7287/peerj.preprints.3488v1/supp-5	lookup:e51b54c4be76be73685f04f482a9d0a81937c3a884bc425b6afb307e2e99d79a	openalex	work_by_openalex_id	openalex	W4249797356	native_title_evidence	recover_title
assignment:c0acfe1a941f8b2ad57aa0ecdba9ea98dba017363878ed9aae75aa924090be9c	publication_component:database:publication:doi:10.7287/peerj.preprints.3488v1/supp-6	lookup:b3c3f76e06082f81501cafea6dc96428010281b4bb70aea8447e71b8cc21da06	openalex	work_by_openalex_id	openalex	W4254493876	native_title_evidence	recover_title
assignment:ffa85811d08238807b025f77f8bbbadc876074e0d4b96dbc7733dcca3ad7dc36	publication_component:database:publication:doi:10.7287/peerj.preprints.3488v1/supp-7	lookup:057e0d566ed5c6c71ba34c793fefd5310fd1b56ac8e425313ee16144ab7bd950	openalex	work_by_openalex_id	openalex	W4235640616	native_title_evidence	recover_title
assignment:1cf9264bc6858e02e9475556abe639611bcdb5d5e594f4a9baa2fd4a4d795344	publication_component:database:publication:doi:10.7287/peerj.preprints.3488v2/supp-1	lookup:47dcd6f53d99c3fa681796d278e3376b15ca1a224430482288e335fb61ed59ed	openalex	work_by_openalex_id	openalex	W4240669935	native_title_evidence	recover_title
assignment:f3db7a4fce0ac4697d4047b520d25c987374ba9ebf75d4642240bc34478aae60	publication_component:database:publication:doi:10.7287/peerj.preprints.3488v2/supp-2	lookup:c8b88b01611d80f6d61f27de0aad72418a80fbb196090fe98756a61cb5a2e445	openalex	work_by_openalex_id	openalex	W4252614005	native_title_evidence	recover_title
assignment:0d36e68dc7cb9ab55c629927025f4acb00c9ef7cfa856d6df53cc7cd770fd721	publication_component:database:publication:doi:10.7287/peerj.preprints.3488v2/supp-3	lookup:8b452adf4b8b527c795c8eb07f0d113cc2d1f732684c953629df2724d93e2bf2	openalex	work_by_openalex_id	openalex	W4243387237	native_title_evidence	recover_title
assignment:dfa6d0d255b2ccd2d023b224b38c0b4f9e8e4f9c75faeed44ccdf58251511cf8	publication_component:database:publication:doi:10.7287/peerj.preprints.3488v2/supp-4	lookup:638223299eabd2506afa02245a755d9f4b8fd065b02c8eb5ccc9ee22d09aafbc	openalex	work_by_openalex_id	openalex	W4239250174	native_title_evidence	recover_title
assignment:030c677dc7574117230d316f169b8a66354b816037512185ca15064a4213dee4	publication_component:database:publication:doi:10.7287/peerj.preprints.3488v2/supp-5	lookup:1bf16248283a926e01b4846d5f3fc0e0003b8329e55fb666f675a6aa78b3c56b	openalex	work_by_openalex_id	openalex	W4231947883	native_title_evidence	recover_title
assignment:ee74b4d2138850168dccce2e0537fb4eb58e014a508beebe090a8108cc857114	publication_component:database:publication:doi:10.7287/peerj.preprints.3488v2/supp-6	lookup:862ab940a3cb08704854607948465b21ff89a243d99496fc75d4b2dd3a86ffd7	openalex	work_by_openalex_id	openalex	W4239086582	native_title_evidence	recover_title
assignment:c991aabbd4d4d53a6a920c4edec34d6252519d33ecaf361a94aaac3bf13f48df	publication_component:database:publication:doi:10.7287/peerj.preprints.3488v2/supp-7	lookup:f3875ebfe0f8ff447ca2ab382918eb773d1189d5838e2fc48b5c426f6ecdd3d2	openalex	work_by_openalex_id	openalex	W4234466362	native_title_evidence	recover_title
assignment:aa73358ee3a666a01c7baf64b9090f4e71a450ded2be6b15595ea89c5ccf8362	publication_component:database:publication:doi:10.7287/peerj.preprints.3488v2/supp-8	lookup:5c74924b4e531426f64dd07943a9262869a5289157f571ffc77cd5252847f829	openalex	work_by_openalex_id	openalex	W4237339153	native_title_evidence	recover_title
assignment:b1535d8a41dca3c1173f849b38a15618b1ab9770506d288ed575e1b2865bb0b0	publication_component:database:publication:doi:10.7287/peerj.preprints.373/supp-1	lookup:6816d23d95ea799e72e74cf0079494d2d35ce79307f48583aa6c0d1c3cc0a457	openalex	work_by_openalex_id	openalex	W4254947623	native_title_evidence	recover_title
assignment:da3dfed7c0a1daf1f6192a123bbbdbd4293488dbbe79561d42344ffcc73e2cd0	publication_component:database:publication:doi:10.7287/peerj.preprints.373/supp-2	lookup:46c301e3c943a7006ff56fde40caa4fd6486badea540463cc137a92909d0c41b	openalex	work_by_openalex_id	openalex	W4231807901	native_title_evidence	recover_title
assignment:bc19afb792b3257a633af6fe0395d4237334f1ff6ab3e71f0958c065656e8215	publication_component:database:publication:doi:10.7287/peerj.preprints.373/supp-3	lookup:513d4ea1751051f8bc13fd0518fb5ee2445e77e0dff0765619614d26ec57d3fd	openalex	work_by_openalex_id	openalex	W4249864717	native_title_evidence	recover_title
assignment:ad9d975e010c9f7408b1479b2be55593ab71bcc32493b9b27fc2dd2a2dc3102d	publication_component:database:publication:doi:10.7287/peerj.preprints.373/supp-4	lookup:438dbdbc4ea8880e900eb2c4599116a9c5de49e148dd179d6a0acf8047975fa2	openalex	work_by_openalex_id	openalex	W4240576623	native_title_evidence	recover_title
assignment:130a5f129251d1693ef2e32d268850697981483afa416759a7d0185af919e459	publication_component:database:publication:doi:10.7287/peerj.preprints.373v1/supp-1	lookup:c0d864122197a1e3f7c16d34237ecb40ee9b493044891102d82fc5e2e163bba0	openalex	work_by_openalex_id	openalex	W4245149711	native_title_evidence	recover_title
assignment:5a562e79b990a268b0e63650c31c1a5292f2522734680dcd0bad04636497611f	publication_component:database:publication:doi:10.7287/peerj.preprints.373v1/supp-2	lookup:bfcfb9becc3ca9356665b3399f237a14a10ed9133b7c7b2116206c34541a7172	openalex	work_by_openalex_id	openalex	W4256522246	native_title_evidence	recover_title
assignment:298a0f2fd82021ceb781b313c41e742dd6a10bb8f8a985ae4911e1d484bab741	publication_component:database:publication:doi:10.7287/peerj.preprints.373v1/supp-3	lookup:679636197d9f75aafa01e291dc886bb797b44b35eedb0a8173f6a360323d1da8	openalex	work_by_openalex_id	openalex	W4248371904	native_title_evidence	recover_title
assignment:9782ac125cdecaa2aab7b0242c696271ba377b6ab399a2fe0ada2496bd97a2fd	publication_component:database:publication:doi:10.7287/peerj.preprints.373v1/supp-4	lookup:def888187b158ce9489b6c576ba969c1c127565800325415c2116d66b4a9a5c3	openalex	work_by_openalex_id	openalex	W4246533758	native_title_evidence	recover_title
assignment:7c4e3ec8e50de5381d2efc10ab20bcd9d1a2bb3929484e0b3cf2cca0722a76d6	publication_component:database:publication:doi:10.7287/peerj.preprints.377/supp-1	lookup:e3e82d3e5ccf2986c41f486fd794c3d581f2357bc7890a45a9c74f9f273ca511	openalex	work_by_openalex_id	openalex	W4251787342	native_title_evidence	recover_title
assignment:e8b1dc22acdf3c6f1fed446c081d6a4782c688db552ee8ae4bc5d6de7904ebb1	publication_component:database:publication:doi:10.7287/peerj.preprints.377/supp-10	lookup:2d3bc303939ae1a1764b3f01a2ad238f895ad64eb4d0f0dca68420fafacd6f3e	openalex	work_by_openalex_id	openalex	W4235568836	native_title_evidence	recover_title
assignment:06cfbd9ba678b789d530092c333134460e996f084ea1bbcf0c57e54c36e875b4	publication_component:database:publication:doi:10.7287/peerj.preprints.377/supp-11	lookup:3d91fe8ffdcde9b84efe71343f12cfc57dfd577a97163d0fc4087e91977b737f	openalex	work_by_openalex_id	openalex	W4229775905	native_title_evidence	recover_title
assignment:9bb6b298fb7ecdfdc6b5700a3cab7cbbf2966f25661ff907afd659580f010387	publication_component:database:publication:doi:10.7287/peerj.preprints.377/supp-12	lookup:a224d2c7c7e8a57782290cd72bb89359671b7a1d09bcecdd76068558a40bd101	openalex	work_by_openalex_id	openalex	W4234914551	native_title_evidence	recover_title
assignment:baed4ecbd1b6842f714c8a1f76efbea6be6e94f5285ea28008904ea648f6b4d5	publication_component:database:publication:doi:10.7287/peerj.preprints.377/supp-13	lookup:4b61f066f06b3c4827448dbab3141bde47ce6433238cc137a1f1965fd1b6015b	openalex	work_by_openalex_id	openalex	W4230932061	native_title_evidence	recover_title
assignment:c5094fa9eafdf663c4515830cd6955ab588b0491d4fb8f65437e51b8fc89ad47	publication_component:database:publication:doi:10.7287/peerj.preprints.377/supp-14	lookup:184434456f0a2fc560d9ec483b61c17c10648a6da04b4957800cc3ba412dc465	openalex	work_by_openalex_id	openalex	W4231055196	native_title_evidence	recover_title
assignment:0243767242dd0385113f26ec725b8b6d2731221019eed393d3e87edd3950152f	publication_component:database:publication:doi:10.7287/peerj.preprints.377/supp-2	lookup:85f9cc32aa0dd7c756789f6b5c83f4f1f5c2f7ed7723276ae7fc17f064138ce1	openalex	work_by_openalex_id	openalex	W4236805057	native_title_evidence	recover_title
assignment:9fd894e81b375822669ae2daffdc18b4a993337e25760b86e30fb3364e073400	publication_component:database:publication:doi:10.7287/peerj.preprints.377/supp-3	lookup:7737db82cd10b5847b85462d2d14860342299dfd8585e91ec9e92479f14d066f	openalex	work_by_openalex_id	openalex	W4254822530	native_title_evidence	recover_title
assignment:f1e7922a3fc9dda6c69caffa97de97f7d377f25ecdfa421e48b3d55426819f5f	publication_component:database:publication:doi:10.7287/peerj.preprints.377/supp-4	lookup:506e5c480cdf345e0e4fa9aefefa18a150b61d699d5254a00df72cbf03b6e7b3	openalex	work_by_openalex_id	openalex	W4234480504	native_title_evidence	recover_title
assignment:7592d54995b00df97d4f57c2be5e063105a390170fda085d9a78db472d1c35d4	publication_component:database:publication:doi:10.7287/peerj.preprints.377/supp-5	lookup:b6783eedc33be98b2098a7db3db8bd6d789f2b9c8fa05bb8c36d75ec6d66a542	openalex	work_by_openalex_id	openalex	W4251014946	native_title_evidence	recover_title
assignment:8fe1ed01e43739af1d41ecf4aabcc31f798e083370cda663b1642dd1f34b334a	publication_component:database:publication:doi:10.7287/peerj.preprints.377/supp-6	lookup:a263912ea1188c1211cae10434caddb761fc32eba773b6346bb6638e375442ed	openalex	work_by_openalex_id	openalex	W4251450679	native_title_evidence	recover_title
assignment:a118b9459a7eb8f9b6ec57004dc52401dd716b9b1d9174739fee9fd3930bbec5	publication_component:database:publication:doi:10.7287/peerj.preprints.377/supp-7	lookup:5a3e36efd5955092f2c4b486ba375aa2d179700dee60c120d889df768f85d061	openalex	work_by_openalex_id	openalex	W4247938931	native_title_evidence	recover_title
assignment:175fe7a5798bca2597f4d97606cbac3eeb9d9108ca529cb2842f72993935fdf5	publication_component:database:publication:doi:10.7287/peerj.preprints.377/supp-8	lookup:3ed81a5bc5f9b607ee7239c8a457d69ac5f766c643302a4ba346c7e40f7e6d60	openalex	work_by_openalex_id	openalex	W4233109582	native_title_evidence	recover_title
assignment:128b95c10398708127813d4662b413b6d6cc97795a93a2f06566cf33ee72e45c	publication_component:database:publication:doi:10.7287/peerj.preprints.377/supp-9	lookup:ba5a6c6a42d57492e216941d1fe68824d44d468036d045436c22d96990ecdcb9	openalex	work_by_openalex_id	openalex	W4248649061	native_title_evidence	recover_title
assignment:4bd038de98762c71eb4c2ce1eb71fcc4325a76754e16cb6f5dd1b3bc03bb2b1a	publication_component:database:publication:doi:10.7287/peerj.preprints.377v1/supp-1	lookup:c4f2c4c73a670c6682726cb3c49e83fd5f970b70a5249eed8ed2ecd9cdcdae70	openalex	work_by_openalex_id	openalex	W4256618424	native_title_evidence	recover_title
assignment:f72daeb51f2adf70bdc09e1f141363c9801396cec5e5371f680137e93bea2854	publication_component:database:publication:doi:10.7287/peerj.preprints.377v1/supp-10	lookup:45288ae0a07cfac151b376c3db0a8b575c1eb783e6355370e8c7d96cf8d1e9cd	openalex	work_by_openalex_id	openalex	W4232280994	native_title_evidence	recover_title
assignment:75392d767f818f1aa1da619cec271327fc040c29ed345b927605489dff6dc6f5	publication_component:database:publication:doi:10.7287/peerj.preprints.377v1/supp-11	lookup:522934797d04ef39a182b3bd7a5396f24d09daa5218c81a257195abccb6b210e	openalex	work_by_openalex_id	openalex	W4237244614	native_title_evidence	recover_title
assignment:1f4b2d016b926467f838a510eb15e518aaabc13e6ce7d0060232f85bb0c5be77	publication_component:database:publication:doi:10.7287/peerj.preprints.377v1/supp-12	lookup:35c3a00f500dc04f99fd51b20fbdf607a0bd2c7353e7c5197a6e46c7af16b55d	openalex	work_by_openalex_id	openalex	W4241272712	native_title_evidence	recover_title
assignment:09108200a7d5a431b103e647602c3cb0bdb0aa898cbffaa893ec31317aac45f7	publication_component:database:publication:doi:10.7287/peerj.preprints.377v1/supp-13	lookup:2cb898ad1ac4e61e2b790d00aaa1ef481373d993324dbc3c7420958e25fb2e78	openalex	work_by_openalex_id	openalex	W4230786408	native_title_evidence	recover_title
assignment:b39e386a32349908ce84ee43eba59111762ba0605792486b473401ff6a8b0772	publication_component:database:publication:doi:10.7287/peerj.preprints.377v1/supp-14	lookup:fe2b1d0ca3927181f0af5f5579e70467fc77e785402e52bc6bbc4ab63530e5dc	openalex	work_by_openalex_id	openalex	W4237447856	native_title_evidence	recover_title
assignment:72474a05ae27936fb89c99c70ea315dea1336775406a16c34153c8e2a0b152d4	publication_component:database:publication:doi:10.7287/peerj.preprints.377v1/supp-2	lookup:01b552471f6f08718293bbf09b9b41c30aa19456be9b01114b0ea452be0434a4	openalex	work_by_openalex_id	openalex	W4250127219	native_title_evidence	recover_title
assignment:a7b0be544f2e4d06f0c9ed1865c6288a87ef47a90279b3f94b91ef49ad9b4e50	publication_component:database:publication:doi:10.7287/peerj.preprints.377v1/supp-3	lookup:fc1a616c317be7256370b2b596501f5c238b4b5a9b6d092263709b075207a443	openalex	work_by_openalex_id	openalex	W4232945669	native_title_evidence	recover_title
assignment:ea07dcbc74754c345caed8fe3f1d75b5d415761ed0fd4b09a04feb380f832453	publication_component:database:publication:doi:10.7287/peerj.preprints.377v1/supp-4	lookup:6f48b32a1ed371b1d3525d7c0e94307cd8707e79dfff18e3ca428a8350e352c4	openalex	work_by_openalex_id	openalex	W4252315983	native_title_evidence	recover_title
assignment:a66d0b5f3f434abc4c5a3047d354e02bdd85851a1a2a6793816d319005af6435	publication_component:database:publication:doi:10.7287/peerj.preprints.377v1/supp-5	lookup:ad63960521206ee682058ca52626a492d1fbb9fdb9e660afcee8c3ecbf8dd682	openalex	work_by_openalex_id	openalex	W4248788169	native_title_evidence	recover_title
assignment:4ec556fdefa98cb763ce544d40b7e169800749919a237383aba737014fe19d61	publication_component:database:publication:doi:10.7287/peerj.preprints.377v1/supp-6	lookup:3e8798e68a9626179656170ede2ff8e6264b97fd4cc794421bd764ad2198b168	openalex	work_by_openalex_id	openalex	W4235776043	native_title_evidence	recover_title
assignment:114c742e2e03d7683d8311b8a4ebe17472c7943441c1b209f0e10ccf6f2d177f	publication_component:database:publication:doi:10.7287/peerj.preprints.377v1/supp-7	lookup:675854751255c0bea50e8f4f780e0046c852a79842b8965bcc168a2717afe2da	openalex	work_by_openalex_id	openalex	W4236932687	native_title_evidence	recover_title
assignment:fb3a17d56ff799291f63c90e693522b1e286521b312909ef4b50f8a021e946b6	publication_component:database:publication:doi:10.7287/peerj.preprints.377v1/supp-8	lookup:9e690dca6f432957b9297f0172b8df64a7395168c83c49b19194e0da770e059e	openalex	work_by_openalex_id	openalex	W4239262853	native_title_evidence	recover_title
assignment:eb22458b82bba049fe72f6331fda81cacd862eda63e75ec08ac98d899eb63811	publication_component:database:publication:doi:10.7287/peerj.preprints.377v1/supp-9	lookup:3c513f20df611de9a4a2ff1fd49849e5376605ffd275340f7a1e2f16d3ee7eb4	openalex	work_by_openalex_id	openalex	W4231431230	native_title_evidence	recover_title
assignment:8ec3a1bb42667bc757d065093f3bdf3779917c03221006c3a02e9715b05a3e02	publication_component:database:publication:doi:10.7287/peerj.preprints.482/supp-1	lookup:77c2dd547fd8c608599c45c8edbd12df0a3f8bb6a915475ab09dbaea813dcecb	openalex	work_by_openalex_id	openalex	W4240064357	native_title_evidence	recover_title
assignment:eae3a106db4dafc6cd11e8078bebe1f9d0c425293aded99a4da0c6ca239a60af	publication_component:database:publication:doi:10.7287/peerj.preprints.482/supp-2	lookup:32d0d1ebbe827de04fa504fd798367311e743e78efb61d8dc345ca0ec1d392e2	openalex	work_by_openalex_id	openalex	W4240994384	native_title_evidence	recover_title
assignment:344ed5302dc6166e8c1c91dbdb012f5c1d6b51b3c6c3c03d4d8b65a5ae531899	publication_component:database:publication:doi:10.7287/peerj.preprints.482/supp-3	lookup:3c5f4b50f057255d6ed8478e3a6660a8bbe7588242b2d83e897214f0f0c89277	openalex	work_by_openalex_id	openalex	W4232569206	native_title_evidence	recover_title
assignment:16d975d4c4207c872b1631ed6edd2868a074c5ccf43241299c0b1fbe58d7f1f2	publication_component:database:publication:doi:10.7287/peerj.preprints.482v1/supp-1	lookup:e0f4c97993153c58ab89df904a04e99b080c9e06652c5df51aff28eeac1e02eb	openalex	work_by_openalex_id	openalex	W4234762576	native_title_evidence	recover_title
assignment:c0b72afe945c9a35529ee4880e67594b2e55db47c672dec2a29fc58ee427e796	publication_component:database:publication:doi:10.7287/peerj.preprints.482v1/supp-2	lookup:b1d36e56bf55fa250054be6b736448841800182e1d7fca01c75ae9f3aae45ed8	openalex	work_by_openalex_id	openalex	W4248271989	native_title_evidence	recover_title
assignment:2ed25a0fb41bf041f070209a14a8c87953110a4b30e5c2bf2988b2ae0ca0a115	publication_component:database:publication:doi:10.7287/peerj.preprints.482v1/supp-3	lookup:a478f17afc3fe39925281c8ebda107eda38b53a0f690776cbbb799d1a6924016	openalex	work_by_openalex_id	openalex	W4239051120	native_title_evidence	recover_title
assignment:ed113e7df1150c99b55d2aa8f5562a50c5f66beb53160c2f9413b22f2b2e99f3	publication_component:database:publication:doi:10.7287/peerj.preprints.621/supp-1	lookup:3f11976ca04743796b95eb619ca1dcd9e0e077ac549710d20c154b97af72798d	openalex	work_by_openalex_id	openalex	W4249133570	native_title_evidence	recover_title
assignment:67d065a65f0e34805cf57b613d348621899e93f5a9e66dcfba15f7c8cd29b97f	publication_component:database:publication:doi:10.7287/peerj.preprints.621/supp-2	lookup:d4b5a9becec613fb6481ac4f87917e92ab9f3214c44ad972e3861cc6166ff203	openalex	work_by_openalex_id	openalex	W4235407813	native_title_evidence	recover_title
assignment:8c7c7f8ebf63913d819be94bd34b342c5b60ef74b2b5e39f74eb38657f999195	publication_component:database:publication:doi:10.7287/peerj.preprints.621/supp-3	lookup:4af08302297bb605bfa71dfb7f37455bb2fb0759c6d13b10b4c6c322a5686463	openalex	work_by_openalex_id	openalex	W4243649290	native_title_evidence	recover_title
assignment:c4f5b3da9bc06e7f720cc30ceee3d1a896f657add3d30c8c77c8cc9af0a0a836	publication_component:database:publication:doi:10.7287/peerj.preprints.621/supp-4	lookup:6e1369d872e016c5bf64fbd2f7d2cc459027a1f4601e6bacd109794d4cd28084	openalex	work_by_openalex_id	openalex	W4232755703	native_title_evidence	recover_title
assignment:265119a839d7f6fa1790a0c5ad7fcea70ebe1bdf19ded93d3328894a7684733d	publication_component:database:publication:doi:10.7287/peerj.preprints.621v1/supp-1	lookup:b4db96d15eee951772358ac32c75fcb6f08a55ed9f3a4b3dbbad818971a5d071	openalex	work_by_openalex_id	openalex	W4239240477	native_title_evidence	recover_title
assignment:f496c7dd312224003bbd4e6db1884e03573339a507da009a1fef6ac34d9622f2	publication_component:database:publication:doi:10.7287/peerj.preprints.621v1/supp-2	lookup:c40e441bfdd3f63b1b280ecec1a6668d4606bec5fa4c22aadca8117f5daa339f	openalex	work_by_openalex_id	openalex	W4236099815	native_title_evidence	recover_title
assignment:7eb837dba8cf6c834908a667fa83fcbd33818cf16f4a6c3ab98481b3355f4c7d	publication_component:database:publication:doi:10.7287/peerj.preprints.621v1/supp-3	lookup:e5bc04c8e91d54e850a7f4f9a9039bb8f688291aecabbc600a2c661d5b39c0db	openalex	work_by_openalex_id	openalex	W4234021648	native_title_evidence	recover_title
assignment:25f249eb538e55388f600157488b351c7f4303bcbc001e13e08a97ffa6cce528	publication_component:database:publication:doi:10.7287/peerj.preprints.621v1/supp-4	lookup:3533aed801c0e02f871c867258669528ee10e13c982eba033e02302560d77c2b	openalex	work_by_openalex_id	openalex	W4233054309	native_title_evidence	recover_title
assignment:f627de30644ac88a088e30d8cf5d4cbed1b4ae7252a0da3bec1082f28cbbd876	publication_component:database:publication:doi:10.7287/peerj.preprints.621v1/supp-5	lookup:e86de57f074f774ed22a32f99f7a8bbc405facf3ad10cc1a897b9c59dfe6e125	openalex	work_by_openalex_id	openalex	W4242024453	native_title_evidence	recover_title
assignment:e63d74b54428dca89e09950fbf59ca42a0080a8e5130902cfc3a0106b0f746eb	publication_component:database:publication:doi:10.7287/peerj.preprints.621v1/supp-6	lookup:fffce2878b0885a213e9da6c73405b7960669466b2308a0dda1333312a8b47eb	openalex	work_by_openalex_id	openalex	W4245633248	native_title_evidence	recover_title
assignment:a3a76fb19b564ab6c9338288f0f3af595920300c1c8f48338cd25ba083c647be	publication_component:database:publication:doi:10.7287/peerj.preprints.621v1/supp-7	lookup:bbf1b22cdefb11a2e4509eaecd3b32f58d977a359227e3f0353f50c2d9918d8b	openalex	work_by_openalex_id	openalex	W4251068680	native_title_evidence	recover_title
assignment:68b4795cd84b3c3609df438217de6207e3f823c44ae49ddd9ae430df83cf2485	publication_component:database:publication:doi:10.7287/peerj.preprints.621v1/supp-8	lookup:36d682db0f6e1aa16b4212574778b1bf2a9ef02cb4941a6534414aa228b80e7a	openalex	work_by_openalex_id	openalex	W4242013349	native_title_evidence	recover_title
assignment:7bf9ec1e26c974a65fab2eae9c4953ac52c4aab5d2cf9c44337e54f92eca9cf8	publication_component:database:publication:doi:10.7287/peerj.preprints.621v2/supp-1	lookup:44ccdb993b0d1d599776d16b9485367c4df9fb50f6f6af579beb0df130187c04	openalex	work_by_openalex_id	openalex	W4256168354	native_title_evidence	recover_title
assignment:a5808a5adb6a8b2bcb7c610a68a3e6aad80212fb8f7f9e33667ff3a0f26443ca	publication_component:database:publication:doi:10.7287/peerj.preprints.621v2/supp-2	lookup:d0184ed1892e03bd4a3b15d3c6465eaa5f0542c8ed51abe0c7dd90021c6f8918	openalex	work_by_openalex_id	openalex	W4243701905	native_title_evidence	recover_title
assignment:51928304d7c3a38c097fa13c3d739ece236d9a1a5657cf758bdb1d03557b7820	publication_component:database:publication:doi:10.7287/peerj.preprints.621v2/supp-3	lookup:308194cd4932070d54bf0ca94f084ff262ce58897e1fad0b593727944712ede1	openalex	work_by_openalex_id	openalex	W4244636174	native_title_evidence	recover_title
assignment:564d407228616441d5f80de0cd374d603d27a0ef403a7a7be4176d3623988d0d	publication_component:database:publication:doi:10.7287/peerj.preprints.621v2/supp-4	lookup:59d7c618afb2c552d838fd7789e16b84c2785f44731ee32b129906898575ad66	openalex	work_by_openalex_id	openalex	W4237467176	native_title_evidence	recover_title
assignment:e054e4b9fa76785c5ea34b1148da9bd2e9a6c4c3deffd6cdaa9b580ee58cb0b2	publication_component:database:publication:doi:10.7868/s0016675813050044	lookup:98694aadb117dbdc7bed878c55b474940267637f7358c644da48c4ccc17ad713	openalex	work_by_doi	doi	10.7868/s0016675813050044	conflict_all_exact_evidence	adjudicate_identifier_conflict
assignment:14320341f6ada86539d73ce68204272b6fe5883e53e5e811d450fabce957c96f	publication_component:database:publication:doi:10.7868/s0016675813050044	lookup:1c76cdabe1d16508d2d20e2a4a3a7353c40faf427aa209ee72456b6c31ca669b	openalex	work_by_openalex_id	openalex	W4241987207	conflict_all_exact_evidence	adjudicate_identifier_conflict
assignment:ae1189683f6a271a7b02781b1f3b6b9c9c5b48e6e2b31d2c8cd73e5935409930	publication_component:database:publication:doi:10.7868/s0016675813050044	lookup:8b68f6be6f53ca51c4b3bbd7bd13ed175bd81c4d1798cda574f652ed99576d11	openalex	work_by_pmid	pmid	24159804	conflict_all_exact_evidence	adjudicate_identifier_conflict
assignment:aecb7851df37c48c1fb3fd33c6da006737ec677e6330e91a79517b9b5e0c207d	publication_component:database:publication:doi:10.7868/s0016675813050044	lookup:647ee5ab8b05687c47101da129c309d551d13fda372d52461b6884cd0c2de5ca	opencitations_meta	metadata_by_doi	doi	10.7868/s0016675813050044	conflict_all_exact_evidence	adjudicate_identifier_conflict
assignment:e2412a62cdc24b7fb5b5b926e168d336bfa9e4a44b605dae6e7934809c718ff7	publication_component:database:publication:doi:10.7868/s0016675813050044	lookup:30ee8f08048330ac12aaa963e784d1a260564f7dd3d88c1125b49c95c52b78fd	pubmed	record_by_pmid	pmid	24159804	conflict_all_exact_evidence	adjudicate_identifier_conflict
assignment:ce2a4c9b2c9b8018cff6ef0df31e5850c81d3e9fa135018e29f1c386d9c31578	publication_component:database:publication:doi:10.7868/s0016675814110071	lookup:7fda8f88ce4de816034013cc626776eee2806f5c76383123f4bbd1c0485959ab	openalex	work_by_doi	doi	10.7868/s0016675814110071	conflict_all_exact_evidence	adjudicate_identifier_conflict
assignment:fc3f1caaa66d689c97f3e2c0b11c87d87f8ba97e257c1c8cfc1feff72a5a1dd4	publication_component:database:publication:doi:10.7868/s0016675814110071	lookup:a1ef90678478a18d26fb6f742705cbe972472aae6ff040a80efc1fd0d6d54b38	openalex	work_by_openalex_id	openalex	W4233334725	conflict_all_exact_evidence	adjudicate_identifier_conflict
assignment:a24cee459301c1e7a9ecc13e170c34c90fd31e6af6ebbb832e076e3e1357df82	publication_component:database:publication:doi:10.7868/s0016675814110071	lookup:c389f9df83018bac1875d5834e473ceb5952e3a9bf425f89feff7b6c8781fe80	openalex	work_by_pmid	pmid	25857192	conflict_all_exact_evidence	adjudicate_identifier_conflict
assignment:fa601b55a0443b0f65444c7506b4634dbc378f7c74ea7f5b0e326dc3420c9542	publication_component:database:publication:doi:10.7868/s0016675814110071	lookup:a7a7ebca0e96d25eb59c00e69bae652d4399d80a7df8df1de613884a22d71138	opencitations_meta	metadata_by_doi	doi	10.7868/s0016675814110071	conflict_all_exact_evidence	adjudicate_identifier_conflict
assignment:7f5107485f773c263a43e4155de543625f814b1d8d8e933ee59045172d1516d2	publication_component:database:publication:doi:10.7868/s0016675814110071	lookup:f44080aac070a6cedf222218f8b1f2a787da88a1df816f63de9965474981567b	pubmed	record_by_pmid	pmid	25857192	conflict_all_exact_evidence	adjudicate_identifier_conflict
assignment:f12f500d4b06a16cc542ccdc8c3e9ed26c25e9346fee03aec2a3895d96efcc11	publication_component:database:publication:doi:10.7868/s0026898413010059	lookup:50b15549c9ed1265073b66918cc0f5c47ff619da7cf2ad56eb8ac93c9323f883	openalex	work_by_doi	doi	10.7868/s0026898413010059	conflict_all_exact_evidence	adjudicate_identifier_conflict
assignment:c7f89a1445a6994fc4b1fbaee83af99e88f48c55e0861fb0092e04b0c64b5aa6	publication_component:database:publication:doi:10.7868/s0026898413010059	lookup:520ad0c5768093d638798d4b7267eea191311d864720979c53380f259ce28af5	openalex	work_by_pmid	pmid	23705496	conflict_all_exact_evidence	adjudicate_identifier_conflict
assignment:58588f079176390b6d94c21fdb75befb99574c5402b5147d023c6be7a286b589	publication_component:database:publication:doi:10.7868/s0026898413010059	lookup:53eab7a1b2351c2efd24485dc24404367db3bd747142b64addbb618e72a096a3	opencitations_meta	metadata_by_doi	doi	10.7868/s0026898413010059	conflict_all_exact_evidence	adjudicate_identifier_conflict
assignment:a1f4f34da6fc64ef4f0cc3a9b6174f7b47abb6d5db4e33ac059916427592483c	publication_component:database:publication:doi:10.7868/s0026898413010059	lookup:1d044de594074506bbfab5c027c487ac4d894b85f53e50f202c3f5c91728a272	pubmed	record_by_pmid	pmid	23705496	conflict_all_exact_evidence	adjudicate_identifier_conflict
