logical_lookup_id	provider	route	identifier_namespace	identifier	assignment_count	component_count	component_ids	policy_classes	purposes
lookup:002539c3212e449ec132f0b999e280c5c59e44e5ea3f5212aac6e4ae81018c31	openalex	work_by_doi	doi	10.1371/journal.ppat.1008984	1	1	publication_component:citation:publication:doi:10.1371/journal.ppat.1008984	conflict_all_exact_evidence	adjudicate_identifier_conflict
lookup:004ba659f77532fec94f7266f2945854bff6969bd05f624bae61c9d84cf1c1f5	openalex	work_by_openalex_id	openalex	W2741748285	2	2	publication_component:citation:publication:openalex:W2741748285;publication_component:database:publication:doi:10.1038/ncomms16047	conflict_all_exact_evidence;native_provider_identity	adjudicate_identifier_conflict;recover_title;resolve_provider_identity
lookup:00682e8327a7efbd3aaf9c79ce2a2b5f2c13881b7e44d4ea0394ec70101266a7	opencitations_meta	metadata_by_omid	omid	br/062201146079	1	1	publication_component:citation:publication:doi:10.1093/oxfordjournals.molbev.a040003	native_title_evidence	recover_title
lookup:00849b3cd779be510093a9743c1e8bd80eddb12dd994066aad4d7f932a38b2d5	opencitations_meta	metadata_by_doi	doi	10.1101/2022.02.04.479011	1	1	publication_component:citation:publication:doi:10.1101/2022.02.04.479011	conflict_all_exact_evidence	adjudicate_identifier_conflict
lookup:0092e8b0a2c2ba93c2e1c1c5601be094a86c5bebcd43aecefe66f476d4d73514	openalex	work_by_openalex_id	openalex	W2146602601	1	1	publication_component:citation:publication:openalex:W2146602601	native_provider_identity	recover_title;resolve_provider_identity
lookup:010d97cbcec2b101e41cd0eecf995e576e0daab8cd657354a5cc39eb422eed27	openalex	work_by_openalex_id	openalex	W2572368248	1	1	publication_component:citation:publication:openalex:W2572368248	native_provider_identity	resolve_provider_identity
lookup:013c41ef1303830dd9fe4851255af925fc1a7c168adcb2878893c45262183834	openalex	work_by_openalex_id	openalex	W2560495119	1	1	publication_component:citation:publication:doi:10.7717/peerj.3145	conflict_all_exact_evidence	adjudicate_identifier_conflict
lookup:01499b1659c3366c6540f9611b4460aec82294a793f5047c1097890493edda0b	openalex	work_by_openalex_id	openalex	W3023218077	1	1	publication_component:citation:publication:doi:10.1101/2020.04.27.052225	conflict_all_exact_evidence	adjudicate_identifier_conflict
lookup:0174ac7a5747254297d30f6e9ddacbb7e46705039b2d4c78b907d7754aedb4a9	openalex	work_by_openalex_id	openalex	W1204126625	1	1	publication_component:citation:publication:openalex:W1204126625	native_provider_identity	resolve_provider_identity
lookup:017caf2e30d1ebe12cb3bf6de9c8b986f5fedf18e9bae295e9b8022d4de1f074	openalex	work_by_openalex_id	openalex	W4242007513	1	1	publication_component:database:publication:doi:10.7287/peerj.preprints.27162v1/supp-2	native_title_evidence	recover_title
lookup:019c293cce5e43e14f7b8e467a884ed14a10f1efe6f8a0d1592990d76ed987c1	opencitations_meta	metadata_by_omid	omid	br/06013941908	1	1	publication_component:citation:publication:doi:10.2139/ssrn.6175759	native_title_evidence	recover_title
lookup:01b552471f6f08718293bbf09b9b41c30aa19456be9b01114b0ea452be0434a4	openalex	work_by_openalex_id	openalex	W4250127219	1	1	publication_component:database:publication:doi:10.7287/peerj.preprints.377v1/supp-2	native_title_evidence	recover_title
lookup:01e05829cc5c41927a39de6e7aac4b39d7852db445b60bde3ceb90fd52fb0e40	openalex	work_by_pmid	pmid	34846280	2	2	publication_component:citation:publication:doi:10.1099/mgen.0.000693;publication_component:citation:publication:doi:10.1101/2021.06.04.21258352	conflict_all_exact_evidence	adjudicate_identifier_conflict
lookup:020754f6cfe1493249593d52cb9061fe3238ad5c742c083948489e8deb304787	openalex	work_by_openalex_id	openalex	W2120772351	1	1	publication_component:citation:publication:openalex:W2120772351	native_provider_identity	recover_title;resolve_provider_identity
lookup:026902ca2553fbb4f4529de018c265b8a4a9e7823b725b139244731abda1ba65	opencitations_meta	metadata_by_doi	doi	10.1134/s1022795414110076	1	1	publication_component:database:publication:doi:10.1134/s1022795414110076	conflict_all_exact_evidence	adjudicate_identifier_conflict
lookup:026a2ff932be5a548d886763dcd2ea2536796e00bf3aadd6a41b5548e133c796	opencitations_meta	metadata_by_doi	doi	10.1371/journal.pgen.1004622	1	1	publication_component:citation:publication:doi:10.1371/journal.pgen.1004622	conflict_all_exact_evidence	adjudicate_identifier_conflict
lookup:029b1c9881ad4a94bfbb2c897dfb24a80c1ad0411e084f71a51090f44570b13d	opencitations_meta	metadata_by_doi	doi	10.1101/002766	1	1	publication_component:citation:publication:doi:10.1101/002766	conflict_all_exact_evidence	adjudicate_identifier_conflict
lookup:02be1fb877560ac90f3acb8b8cb2dc80144fc82b69269738aa47abb50efa7f2e	openalex	work_by_openalex_id	openalex	W51621268	1	1	publication_component:citation:publication:openalex:W51621268	native_provider_identity	recover_title;resolve_provider_identity
lookup:02d94339a7f6f8adc81cd5e6acd83e62fcab13b1a0b7cf884a34c740cab5d334	openalex	work_by_openalex_id	openalex	W2153163225	1	1	publication_component:citation:publication:openalex:W2153163225	native_provider_identity	recover_title;resolve_provider_identity
lookup:02dbf3a5726f46fa6621fe02a06fb51c3b16f48b70056aafee3f37ec72df21fa	openalex	work_by_openalex_id	openalex	W4408036999	1	1	publication_component:citation:publication:doi:10.1093/sysbio/syag038	conflict_all_exact_evidence	adjudicate_identifier_conflict
lookup:02df65fc9f02787ee41739fdf3a3c7360c63560bd8f204803e668d66fbe2aba6	openalex	work_by_pmid	pmid	33109761	2	2	publication_component:database:publication:doi:10.1101/2020.02.03.931667;publication_component:database:publication:doi:10.1128/mbio.02359-20	conflict_all_exact_evidence	adjudicate_identifier_conflict
lookup:0336a0982f1174a2202f84e3d732c7661a9dc563a93722fdb60c00d5aab48c20	openalex	work_by_openalex_id	openalex	W4250648631	1	1	publication_component:database:publication:doi:10.7287/peerj.preprints.2277/supp-1	native_title_evidence	recover_title
lookup:0359cb2b2d9331176079ba422f1b0de9368b605b0dd59ff7e584015f0823331f	opencitations_meta	metadata_by_omid	omid	br/06012989112	1	1	publication_component:citation:publication:doi:10.64898/2026.01.07.698074	native_title_evidence	recover_title
lookup:036a5332b9ddc57deb62abefa139374399e90f646b0bbee40b8aef7134c17c91	openalex	work_by_doi	doi	10.3201/eid2306.161934	1	1	publication_component:citation:publication:doi:10.3201/eid2306.161934	conflict_all_exact_evidence	adjudicate_identifier_conflict
lookup:03a3680f98d05e35ec3e5144ed0dbcdedde43277be54b50913fb29072c4a972a	openalex	work_by_doi	doi	10.1101/043091	1	1	publication_component:citation:publication:doi:10.1101/043091	conflict_all_exact_evidence	adjudicate_identifier_conflict
lookup:03bae74fed8306c177c7c2e0ec3602b0c2a08fc2cd88e1dbf6f600b9fb4933bc	openalex	work_by_openalex_id	openalex	W4236130668	1	1	publication_component:database:publication:doi:10.1111/febs.14741	conflict_all_exact_evidence	adjudicate_identifier_conflict
lookup:03ce6dfd8e2b75ed4d4afcf244f289f0488bb4e793dac994a8f3d3e5844ae684	opencitations_meta	metadata_by_omid	omid	br/0690440497	1	1	publication_component:citation:publication:doi:10.1080/10635150290102375	native_title_evidence	recover_title
lookup:03e7746d1173a15a6be460eda90867b860063882cbe1bfd3672a314fbb39c29e	pubmed	record_by_pmid	pmid	12683527	2	2	publication_component:database:publication:doi:10.1111/j.0014-3820.2003.tb00265.x;publication_component:database:publication:doi:10.1554/0014-3820(2003)057[0305:nabmdh]2.0.co;2	conflict_all_exact_evidence	adjudicate_identifier_conflict
lookup:040d442a1d6e04031441cbae40d6bfb0ddd70936bf897692a7873eba0c98ab90	opencitations_meta	metadata_by_omid	omid	br/061903889045	1	1	publication_component:citation:publication:doi:10.1101/710533	conflict_all_exact_evidence	adjudicate_identifier_conflict
lookup:0415917b22ccc6b8307d2b4b04a1e50356482ee598503526c42329f003559fd2	opencitations_meta	metadata_by_omid	omid	br/06120584168	1	1	publication_component:citation:publication:doi:10.1093/ve/veab007	native_title_evidence	recover_title
lookup:0416ad5af372a45b78f120e55cf3aeb534a0c7b1f89593e67c354095f7ad3aac	openalex	work_by_openalex_id	openalex	W2141830410	1	1	publication_component:database:publication:doi:10.1046/j.1469-1809.1999.6360489.x	conflict_all_exact_evidence	adjudicate_identifier_conflict
lookup:044cbc34275dc4f2ffa9e07aa2cc7802f7ee46ff858a907ea49db0e6fae500de	openalex	work_by_openalex_id	openalex	W4240805344	1	1	publication_component:database:publication:doi:10.7287/peerj.preprints.2023/supp-1	native_title_evidence	recover_title
lookup:04993598672a1810f934c80db9ca17deb2dacc1413bea21c8c4f8c8da59134b1	openalex	work_by_openalex_id	openalex	W2162250327	1	1	publication_component:citation:publication:openalex:W2162250327	native_provider_identity	recover_title;resolve_provider_identity
lookup:04f95c214742c396c1f2310267206406e3e5cb588cd830ec00685dd8784a046b	openalex	work_by_openalex_id	openalex	W3148041504	1	1	publication_component:database:publication:doi:10.21203/rs.3.rs-378702/v1	conflict_all_exact_evidence	adjudicate_identifier_conflict
lookup:04fdc996a5735e52760f6d9a8bdccbe43aab43b97604812912ab9a1a98fb7004	openalex	work_by_openalex_id	openalex	W2036628186	1	1	publication_component:citation:publication:openalex:W2036628186	native_provider_identity	recover_title;resolve_provider_identity
lookup:050ad0d6c3da82cef2bb15fab2955965a8713c3f9c427073b5e43b147e786ebd	openalex	work_by_openalex_id	openalex	W2086366527	1	1	publication_component:citation:publication:openalex:W2086366527	native_provider_identity	recover_title;resolve_provider_identity
lookup:05111ba1e097e7a82a9fb331d69383caedebcf420f2006d195935c5940220832	openalex	work_by_openalex_id	openalex	W136096659	1	1	publication_component:citation:publication:openalex:W136096659	native_provider_identity	recover_title;resolve_provider_identity
lookup:052c4f1010da3ec0e726e8e51d4138e27a07b657da531a790992691eff38613e	openalex	work_by_openalex_id	openalex	W1989757746	1	1	publication_component:citation:publication:openalex:W1989757746	native_provider_identity	recover_title;resolve_provider_identity
lookup:0545a19c507178bcf7e0d45b25c21f316eac4630e84f8abc944b10c4e98f63de	openalex	work_by_openalex_id	openalex	W2523046994	1	1	publication_component:citation:publication:openalex:W2523046994	native_provider_identity	recover_title;resolve_provider_identity
lookup:057e0d566ed5c6c71ba34c793fefd5310fd1b56ac8e425313ee16144ab7bd950	openalex	work_by_openalex_id	openalex	W4235640616	1	1	publication_component:database:publication:doi:10.7287/peerj.preprints.3488v1/supp-7	native_title_evidence	recover_title
lookup:0593b203059491e9090eaaa4394e8dc0f2ab893b15b4b506d5faeb1bbd2f8c04	openalex	work_by_openalex_id	openalex	W2896074335	1	1	publication_component:citation:publication:openalex:W2896074335	native_provider_identity	resolve_provider_identity
lookup:05d7b64cdd3768638c9b72a0b2f10cf72a4fbd21164a8e927ee458c2cfca0a97	openalex	work_by_openalex_id	openalex	W4244740070	1	1	publication_component:database:publication:doi:10.7287/peerj.preprints.27329v1/supp-5	native_title_evidence	recover_title
lookup:0610b891fa44150a37ed39d2b0c522c54e208e0b984ee8e7410905ecd7b21a6b	opencitations_meta	metadata_by_doi	doi	10.1101/106120	1	1	publication_component:citation:publication:doi:10.1101/106120	conflict_all_exact_evidence	adjudicate_identifier_conflict
lookup:061fcf55d7667811d626daea819441ca04c2e312f5884edc3ca0d81e8b20e7a9	opencitations_meta	metadata_by_omid	omid	br/06502675388	1	1	publication_component:citation:publication:doi:10.1101/692194	native_title_evidence	recover_title
lookup:068b1e1e5a2394f612240efbf0ed0c21b2ed8fb9abd927131cc3d5c6dab59424	opencitations_meta	metadata_by_doi	doi	10.1101/2025.08.27.672632	1	1	publication_component:database:publication:doi:10.1101/2025.08.27.672632	conflict_all_exact_evidence	adjudicate_identifier_conflict
lookup:06a9303b4740cd2cd94f4365f48d5aaffab4cc1eecc51057c26cf9d01e00702c	pubmed	record_by_pmid	pmid	20855576	2	2	publication_component:database:publication:doi:10.1534/genetics.104.117275;publication_component:database:publication:doi:10.1534/genetics.110.117275	conflict_all_exact_evidence	adjudicate_identifier_conflict
lookup:06aedb5c9d4716f3fd9ff5c7c37a7fcf98f3bc6333c39ef329fe984617c4309f	openalex	work_by_openalex_id	openalex	W2608137557	1	1	publication_component:citation:publication:openalex:W2608137557	native_provider_identity	resolve_provider_identity
lookup:06b6f4655b8b8a21190a3f4b231207cb8ab70c274822367b6bbc21e3a3afa928	openalex	work_by_openalex_id	openalex	W1838380626	1	1	publication_component:citation:publication:openalex:W1838380626	native_provider_identity	recover_title;resolve_provider_identity
lookup:06b99f334ea6ec6d092d110c05b5ba6eecf458fc3a5d1bcf4885b993709547e4	opencitations_meta	metadata_by_omid	omid	br/062301455000	1	1	publication_component:citation:publication:doi:10.1016/0047-2484(89)90075-4	native_title_evidence	recover_title
lookup:06ff0f548781ab85e9b78dafd444ace146222ab10d7ee8513e1487877b7bda5f	opencitations_meta	metadata_by_omid	omid	br/06120394691	1	1	publication_component:citation:publication:doi:10.1016/j.plantsci.2016.12.014	native_title_evidence	recover_title
lookup:071b324367f5eec10e9027dfc2c7cf433ec97cd259866593f1ad87400b65241c	opencitations_meta	metadata_by_omid	omid	br/06903906460	1	1	publication_component:citation:publication:doi:10.1101/443945	conflict_all_exact_evidence	adjudicate_identifier_conflict
lookup:07265aee59de4bb0b1905c2cbbf71459c06c208fba122ac60e4ec5eee58cdcfb	opencitations_meta	metadata_by_omid	omid	br/061301788659	1	1	publication_component:citation:publication:doi:10.1371/journal.pcbi.1000520	native_title_evidence	recover_title
lookup:07850deb8381ff653d5ff00f5db28daec2c69b41725cd5e3c063848aee0f4e86	opencitations_meta	metadata_by_doi	doi	10.1101/2025.02.25.640207	1	1	publication_component:database:publication:doi:10.1101/2025.02.25.640207	conflict_all_exact_evidence	adjudicate_identifier_conflict
lookup:078bb9c56b9df9558869bce96cd7e78714334a013fa55d8dd5558315899b432f	openalex	work_by_doi	doi	10.1101/443945	1	1	publication_component:citation:publication:doi:10.1101/443945	conflict_all_exact_evidence	adjudicate_identifier_conflict
lookup:07bcb72e7fa4b16804a2d79a5b886a0e47739058d5acf107812c63a7edfb8057	openalex	work_by_doi	doi	10.1101/2021.02.23.21252268	1	1	publication_component:database:publication:doi:10.1101/2021.02.23.21252268	conflict_all_exact_evidence	adjudicate_identifier_conflict
lookup:07bd7bea07fcb90156815d2884e4ae48e92a0c281174307fa8e440da07a775b4	opencitations_meta	metadata_by_doi	doi	10.1101/026658	1	1	publication_component:citation:publication:doi:10.1101/026658	conflict_all_exact_evidence	adjudicate_identifier_conflict
lookup:07fc77dcbf828e0ed899479145f4c08c677bd05a5a48ad0c13a6cb6c4ac5f407	openalex	work_by_openalex_id	openalex	W2157847015	1	1	publication_component:citation:publication:openalex:W2157847015	native_provider_identity	recover_title;resolve_provider_identity
lookup:0814a76beccfc7e6a9dccffa0aad498228b74a0ebf2bba05d75006e2a77725fa	openalex	work_by_openalex_id	openalex	W2064394080	1	1	publication_component:citation:publication:openalex:W2064394080	native_provider_identity	recover_title;resolve_provider_identity
lookup:0837c45161659dcec91bf2fa3e871a68485aec07e7dd2d956b84ba055331b47d	openalex	work_by_openalex_id	openalex	W4251394260	1	1	publication_component:database:publication:doi:10.7287/peerj.preprints.27342v1/supp-1	native_title_evidence	recover_title
lookup:0893b1590ebe9d7039960c8a05bbfe28976cba51e7c8685b692cb9b55560428f	openalex	work_by_openalex_id	openalex	W2783758534	1	1	publication_component:citation:publication:openalex:W2783758534	native_provider_identity	recover_title;resolve_provider_identity
lookup:0898d9fe72b72b28a10d9473a357861245e994d6870aa0311904785859d4c885	opencitations_meta	metadata_by_doi	doi	10.1128/mcb.11.1.458	1	1	publication_component:database:publication:doi:10.1128/mcb.11.1.458	conflict_all_exact_evidence	adjudicate_identifier_conflict
lookup:08c94f8dab793ea35e02bfa195d3bd1d56c4645aafa8c6bd18abce9cc3a3be8e	openalex	work_by_openalex_id	openalex	W2186160694	1	1	publication_component:citation:publication:openalex:W2186160694	native_provider_identity	resolve_provider_identity
lookup:08ddf96ae1c63d8b70184e899b703d74d84449ab303b20544b8b08366293d2c9	opencitations_meta	metadata_by_omid	omid	br/06130244248	1	1	publication_component:citation:publication:doi:10.1007/bf02100115	native_title_evidence	recover_title
lookup:08e665b2b032f1651f62812306f0d7d504f7ab4a1f603d0803580998539dc769	openalex	work_by_openalex_id	openalex	W1923320973	1	1	publication_component:citation:publication:openalex:W1923320973	native_provider_identity	recover_title;resolve_provider_identity
lookup:09445a34a6a4a6c4edf9ea2dc98c11abb443494c45f1d2d688383ed99c6984e6	openalex	work_by_pmid	pmid	31113811	2	2	publication_component:citation:publication:doi:10.1101/106120;publication_component:citation:publication:doi:10.1534/genetics.119.302045	conflict_all_exact_evidence	adjudicate_identifier_conflict
lookup:09447345d36f83dec949c1dbe5faa595862bdd060375fcdeccd8c04c74888f64	openalex	work_by_openalex_id	openalex	W2146025047	1	1	publication_component:citation:publication:openalex:W2146025047	native_provider_identity	resolve_provider_identity
lookup:096b2499401a97a49d8951e581e551367dfa7de6293a4474fdf2e90474f753fc	openalex	work_by_openalex_id	openalex	W2125359798	1	1	publication_component:citation:publication:openalex:W2125359798	native_provider_identity	recover_title;resolve_provider_identity
lookup:0a09870bc9f8a084ce61cc5e6d511e1db9914c714fecd89bbf9972a366ac64ce	pubmed	record_by_pmid	pmid	29693722	2	2	publication_component:citation:publication:doi:10.1101/264226;publication_component:citation:publication:doi:10.1111/nph.15180	conflict_all_exact_evidence	adjudicate_identifier_conflict
lookup:0a3592ae4496ef046b3119699b409ea1bdb4ac80e89071d6dce4bd3e5255a8a3	openalex	work_by_openalex_id	openalex	W2952744087	1	1	publication_component:citation:publication:doi:10.7717/peerj.4234	conflict_all_exact_evidence	adjudicate_identifier_conflict
lookup:0a3c7c690daac6d04cb7a7d6c0501067f494f4bdc81e6fa2b2a19032a0d49dae	opencitations_meta	metadata_by_omid	omid	br/06012955153	1	1	publication_component:citation:publication:doi:10.1016/j.xplc.2025.101381	native_title_evidence	recover_title
lookup:0a3d7a2e131d72d25c479f6601ed0511803ee54c581140960e100dd86a1ab7d8	openalex	work_by_openalex_id	openalex	W4235842050	1	1	publication_component:database:publication:doi:10.7287/peerj.preprints.2058v2/supp-4	native_title_evidence	recover_title
lookup:0a8ba0538400401f78bbf76c150cf4a40cf67059ca0ee95a50e60dd993977a3a	opencitations_meta	metadata_by_omid	omid	br/06024048100	1	1	publication_component:citation:publication:doi:10.22541/au.160977727.76870866/v2	native_title_evidence	recover_title
lookup:0ab0a387ddb95e59d62baa529e93456b7db8a5dbfe314cb7fb812bbf8e717a31	openalex	work_by_openalex_id	openalex	W2999744214	1	1	publication_component:citation:publication:doi:10.1111/evo.13922	conflict_all_exact_evidence	adjudicate_identifier_conflict
lookup:0ad0bdbf4278317a1766862ec585a47bbb50a093ca72e715c02e9cac43b8bc70	openalex	work_by_openalex_id	openalex	W2289869270	1	1	publication_component:citation:publication:openalex:W2289869270	native_provider_identity	resolve_provider_identity
lookup:0ae5d368822cf256644e761be40ad978ddeed62d0959db189fef8296437ebe18	openalex	work_by_openalex_id	openalex	W4248159328	1	1	publication_component:citation:publication:doi:10.5983/nl2008jsce.38.83	native_title_evidence	recover_title
lookup:0aeca11a5a270154034adad388b4d64cc31d87f90259690fb9572ab8a39ad5b6	openalex	work_by_openalex_id	openalex	W2005126631	1	1	publication_component:citation:publication:openalex:W2005126631	native_provider_identity	recover_title;resolve_provider_identity
lookup:0aee99022665147b5be51e78df078b8c0841bdd2e87a6308d2fc9ad9b5d478fe	openalex	work_by_doi	doi	10.1093/molbev/msab028	1	1	publication_component:database:publication:doi:10.1093/molbev/msab028	conflict_all_exact_evidence	adjudicate_identifier_conflict
lookup:0aeeea774d3629799843c2c473346d4f873da82274973b54cefe19fdfef85f6a	openalex	work_by_openalex_id	openalex	W4239989962	1	1	publication_component:database:publication:doi:10.7287/peerj.preprints.27162v1/supp-7	native_title_evidence	recover_title
lookup:0b07ff5d06477fdb26d3cdf21e66cb5dfa3d1f4a4669e7429e541eb866ffb608	openalex	work_by_openalex_id	openalex	W4243789092	1	1	publication_component:database:publication:doi:10.7287/peerj.preprints.27011/supp-1	native_title_evidence	recover_title
lookup:0b1b24586d84ec6a29f6bbb35216e7f665f315719d74b09a6388826d31071149	openalex	work_by_openalex_id	openalex	W1827709268	1	1	publication_component:citation:publication:openalex:W1827709268	native_provider_identity	recover_title;resolve_provider_identity
lookup:0b8764f832250f11d7c2864febb2eb0b2ca6bc9efa4d27068b76551d2c98127e	opencitations_meta	metadata_by_doi	doi	10.1016/j.tig.2018.05.002	1	1	publication_component:citation:publication:doi:10.1016/j.tig.2018.05.002	conflict_all_exact_evidence	adjudicate_identifier_conflict;recover_title
lookup:0bae5deb991f742cbfb43a384c0bb81397f68b41b435b3165ff66f8cbb229c5a	openalex	work_by_pmid	pmid	34570933	1	1	publication_component:citation:publication:doi:10.1111/cla.12454	conflict_all_exact_evidence	adjudicate_identifier_conflict
lookup:0bc47270b7ec0439424144ee28a76d1fa59c2716c8e334cb9a6c38569a24cade	pubmed	record_by_pmid	pmid	28516864	2	2	publication_component:citation:publication:doi:10.17863/cam.10253;publication_component:citation:publication:doi:10.3201/eid2306.161934	conflict_all_exact_evidence	adjudicate_identifier_conflict;recover_title
lookup:0bfd576fb3a83a0507483e1858d11222b9b82359441018b560403bd5d45f1f6b	openalex	work_by_openalex_id	openalex	W4232810292	1	1	publication_component:database:publication:doi:10.7287/peerj.preprints.2058/supp-2	native_title_evidence	recover_title
lookup:0c25f8f6c4568de752936b833bd429dee8e170fe4818e4b197781e0f0b2d5393	openalex	work_by_doi	doi	10.17863/cam.10253	1	1	publication_component:citation:publication:doi:10.17863/cam.10253	conflict_all_exact_evidence	adjudicate_identifier_conflict;recover_title
lookup:0c2722123ec650aff3ae5248ebd0d3568c106afd4bc14551136f3f193afb0d96	opencitations_meta	metadata_by_omid	omid	br/061801032739	1	1	publication_component:citation:publication:doi:10.1080/106351599260193	native_title_evidence	recover_title
lookup:0c4a3ac8c67cfce91fecb8e1fd6124b8e10ce38f707e1a00aa983252a97ebdf4	openalex	work_by_pmid	pmid	1357691	2	2	publication_component:database:publication:doi:10.1098/rstb.1992.0094;publication_component:database:publication:doi:10.1515/9781400851553.84	conflict_all_exact_evidence	adjudicate_identifier_conflict
lookup:0c4c6da205f7c766415804085a634e6d21f6b68695cb9d25ec28dd175112cb84	opencitations_meta	metadata_by_omid	omid	br/06230576829	1	1	publication_component:citation:publication:doi:10.1093/bioinformatics/btg180	native_title_evidence	recover_title
lookup:0c584863364ee3d5da95f3714ba454843fe362304e9f3e2310a3340c89838b51	openalex	work_by_openalex_id	openalex	W2088267428	1	1	publication_component:citation:publication:openalex:W2088267428	native_provider_identity	recover_title;resolve_provider_identity
lookup:0c88797afc9082c56d8de45e4137a183f3a444109295ebf8192655f23a7971be	opencitations_meta	metadata_by_doi	doi	10.3201/eid2306.161934	1	1	publication_component:citation:publication:doi:10.3201/eid2306.161934	conflict_all_exact_evidence	adjudicate_identifier_conflict
lookup:0cb931a6e5aeeff10d8504791593c010329a9e5327f23e9bb2387e5340cb426a	openalex	work_by_openalex_id	openalex	W2030966943	1	1	publication_component:citation:publication:openalex:W2030966943	native_provider_identity	recover_title;resolve_provider_identity
lookup:0cc7246a108d632503727b9e5255afdfa55b4e39e93a350861474ae021b74d54	openalex	work_by_openalex_id	openalex	W2156891081	1	1	publication_component:database:publication:doi:10.1073/pnas.021450998	conflict_all_exact_evidence	adjudicate_identifier_conflict
lookup:0cddaa0dc073d8144009c043ed988e445da79f963ecbfeb3a8f486268e7b5e75	openalex	work_by_openalex_id	openalex	W4235862446	1	1	publication_component:database:publication:doi:10.7287/peerj.preprints.27329/supp-9	native_title_evidence	recover_title
lookup:0cfb65909ac40d5bbc8fe150bd57c7db0b79f59a3c0b62f48988d4904f270757	openalex	work_by_openalex_id	openalex	W1562239266	1	1	publication_component:citation:publication:openalex:W1562239266	native_provider_identity	resolve_provider_identity
lookup:0d0a353c618919ad2d625f728c44de458587084186c8ac59f903cbc6de1e968e	opencitations_meta	metadata_by_omid	omid	br/06704287821	1	1	publication_component:citation:publication:doi:10.5167/uzh-19362	native_title_evidence	recover_title
lookup:0d3819c93a2fecbf903e0d687fed910d0eb5feaf93f3a662ccebf44a04568081	openalex	work_by_openalex_id	openalex	W2773561107	1	1	publication_component:citation:publication:doi:10.1186/s12859-017-1916-1	conflict_all_exact_evidence	adjudicate_identifier_conflict
lookup:0d5662b36049959d9fe645816de7e51ffec7c3ed0a60f84252f8de09bb52268a	openalex	work_by_openalex_id	openalex	W309066717	1	1	publication_component:citation:publication:openalex:W309066717	native_provider_identity	resolve_provider_identity
lookup:0d5e54faff7b8a49b1d4a0c8c6f3c4e5f881a05c153b0cc112606e5c3bae83a2	openalex	work_by_openalex_id	openalex	W2184344526	1	1	publication_component:citation:publication:openalex:W2184344526	native_provider_identity	resolve_provider_identity
lookup:0e0ea539cef0ca6fe54909d5c931e21df228ad2d782efb5ec48f50e70083c9bb	openalex	work_by_openalex_id	openalex	W2905699459	1	1	publication_component:citation:publication:openalex:W2905699459	native_provider_identity	recover_title;resolve_provider_identity
lookup:0e86cad2563a92b2be975caae01e6c88230fb170c957c72995a119b42fd59a2d	openalex	work_by_openalex_id	openalex	W4235497191	1	1	publication_component:database:publication:doi:10.7287/peerj.preprints.27329v1/supp-2	native_title_evidence	recover_title
lookup:0ec4586d55f904183cccc2b9df9f35289a5f2f2290fd20414bbc35347c39f433	openalex	work_by_doi	doi	10.1101/2025.08.04.668502	1	1	publication_component:database:publication:doi:10.1101/2025.08.04.668502	conflict_all_exact_evidence	adjudicate_identifier_conflict
lookup:0eca2ebe87e50f7de794c6a97ad580bbbcc29f976b672f66e1bf4c88013f308c	openalex	work_by_openalex_id	openalex	W2231454594	1	1	publication_component:citation:publication:openalex:W2231454594	native_provider_identity	resolve_provider_identity
lookup:0ee239479ed40cc7a715af4af22603f56c3b3c834fc9d695e1b9bb661c5bce8b	opencitations_meta	metadata_by_omid	omid	br/06023050878	1	1	publication_component:citation:publication:omid:br/06023050878	native_provider_identity	recover_title;resolve_provider_identity
lookup:0f2952ab31f35a2c5dd6538a82ba30ccb7d4fdbde21e9a002e6979a5ba0d2418	openalex	work_by_openalex_id	openalex	W3043071564	1	1	publication_component:citation:publication:doi:10.1128/mbio.01206-20	conflict_all_exact_evidence	adjudicate_identifier_conflict
lookup:0f83cc87bf2d9f8df144e9307e8bba34c4034288bb34fe8347fba786a244d158	opencitations_meta	metadata_by_doi	doi	10.3389/fmicb.2019.02838	1	1	publication_component:citation:publication:doi:10.3389/fmicb.2019.02838	conflict_all_exact_evidence	adjudicate_identifier_conflict
lookup:0fb31ed1dfa9fba3b4baeedc827bd16c8c60e75ff25706340b3e9c86fe32fe00	opencitations_meta	metadata_by_omid	omid	br/06220945537	1	1	publication_component:citation:publication:doi:10.1175/1520-0493(1950)078<0001:vofeit>2.0.co	native_title_evidence	recover_title
lookup:0fbaf5f6f3647c81ba63092d0cbd81a5a586ede1ee80d0be0b8882a0630933db	openalex	work_by_openalex_id	openalex	W4292461787	1	1	publication_component:citation:publication:doi:10.26479/2022.0801.05	native_title_evidence	recover_title
lookup:10465b6560b3929bc6557393a7a19d44d84df0b7609165d191d5327bb99d73a2	openalex	work_by_doi	doi	10.1089/106652700750050925	1	1	publication_component:database:publication:doi:10.1089/106652700750050925	conflict_all_exact_evidence	adjudicate_identifier_conflict
lookup:106fa8c44e661a9e6f89a48cc2b7bcc4bac6b357015ac9797584f332dd899694	openalex	work_by_openalex_id	openalex	W35824376	1	1	publication_component:citation:publication:openalex:W35824376	native_provider_identity	resolve_provider_identity
lookup:10cd476e9b88fc254a7248fb41e9b18b82208e2e804f0c3fed57b9d5b70b40b7	opencitations_meta	metadata_by_omid	omid	br/06120854012	1	1	publication_component:citation:publication:doi:10.1016/s0959-437x(02)00348-9	native_title_evidence	recover_title
lookup:117e4f85d8143a33cd823482e3c8dc3aeed8169cce0a2f908671abf81d0ca695	openalex	work_by_pmid	pmid	32665274	2	2	publication_component:citation:publication:doi:10.1101/2020.05.06.081315;publication_component:citation:publication:doi:10.1128/mbio.01206-20	conflict_all_exact_evidence	adjudicate_identifier_conflict
lookup:11a7f6e985801cab029e06767ae165f535bd6290a85db501c67350be88480846	opencitations_meta	metadata_by_omid	omid	br/062403445387	1	1	publication_component:citation:publication:doi:10.1128/spectrum.02641-21	native_title_evidence	recover_title
lookup:11e5d63d524df8fa2368c594ed566a255a18cf6af98ad302a47eaa4587e87f61	openalex	work_by_pmid	pmid	33585899	1	1	publication_component:database:publication:doi:10.1093/molbev/msab028	conflict_all_exact_evidence	adjudicate_identifier_conflict
lookup:120beb5bfde72d973ae81113c79ab0ca42781ece9bc671d2c508918434345c99	openalex	work_by_openalex_id	openalex	W2907062950	1	1	publication_component:database:publication:doi:10.2210/pdb6nee/pdb	conflict_all_exact_evidence	adjudicate_identifier_conflict
lookup:12284e8edd9c238b37889b5f4c6a52d244d4cbc73cbc9de717e2930b99d5d128	openalex	work_by_doi	doi	10.34944/dspace/7022	1	1	publication_component:database:publication:doi:10.34944/dspace/7022	conflict_all_exact_evidence	adjudicate_identifier_conflict
lookup:1273b64c1fddc427094aaeb29572bde8b5ceba3ca9816dd18942cd7deceece9d	openalex	work_by_openalex_id	openalex	W2097977090	1	1	publication_component:citation:publication:openalex:W2097977090	native_provider_identity	recover_title;resolve_provider_identity
lookup:12a1f899daa5514c434542fc11bb779e3c7df2bc4d2fe905aac700805850f3aa	opencitations_meta	metadata_by_omid	omid	br/062503974400	1	1	publication_component:citation:publication:doi:10.1101/2023.08.30.555585	native_title_evidence	recover_title
lookup:12b09d703ccbab672d17ceeca77aeca5e4a92579d14761ae34a22ba8f63d2c85	opencitations_meta	metadata_by_omid	omid	br/062101621479	1	1	publication_component:citation:publication:doi:10.4014/jmb.1303.03045	native_title_evidence	recover_title
lookup:12c568e217068027c4c9841cae9cde3a485ca8cd85acabd48b405e7c620a9f96	openalex	work_by_openalex_id	openalex	W2549828057	1	1	publication_component:citation:publication:openalex:W2549828057	native_provider_identity	resolve_provider_identity
lookup:12d0b1d62a8f0b24b0698c031c1a4caff7f01cd30ff55bb16405cbd02bdcfc11	openalex	work_by_openalex_id	openalex	W2073241381	1	1	publication_component:citation:publication:openalex:W2073241381	native_provider_identity	recover_title;resolve_provider_identity
lookup:12f32b2573c31d35813676490534ea5acf7320c92a3fb4e829e923f8d51a41ab	openalex	work_by_openalex_id	openalex	W2147660889	1	1	publication_component:citation:publication:openalex:W2147660889	native_provider_identity	recover_title;resolve_provider_identity
lookup:12ff1a5baae58186e77a3c50c9aec5a089301a1e24612e4803e8fef0a07aa9aa	opencitations_meta	metadata_by_omid	omid	br/0660841074	1	1	publication_component:citation:publication:doi:10.7554/elife.55136	native_title_evidence	recover_title
lookup:13031d3d6d9491c2cd8f2ed240dd7fee512f7534438dbefb7c6e15e62c225d35	openalex	work_by_openalex_id	openalex	W1920973730	1	1	publication_component:citation:publication:openalex:W1920973730	native_provider_identity	recover_title;resolve_provider_identity
lookup:130628157bc0067591f0dcc7fa733889b3f274043fb1ef24fd0c9bddeef892f6	opencitations_meta	metadata_by_omid	omid	br/06202322650	1	1	publication_component:citation:publication:doi:10.1099/mgen.0.000693	conflict_all_exact_evidence	adjudicate_identifier_conflict
lookup:13510594dd6354dfd643b7b9dee844d114c40d30c24746b670d7927d1662ae19	openalex	work_by_openalex_id	openalex	W70238153	1	1	publication_component:citation:publication:openalex:W70238153	native_provider_identity	resolve_provider_identity
lookup:13c0d132df9ce81abe7a1be4c8288f14817df3e31d152b3edf72d4942fbab346	openalex	work_by_doi	doi	10.7717/peerj.3145	1	1	publication_component:citation:publication:doi:10.7717/peerj.3145	conflict_all_exact_evidence	adjudicate_identifier_conflict
lookup:13fe515be5afc5450678543d2134ecdc6f125f982cd7cf9ab173ea9561d3a8f5	openalex	work_by_openalex_id	openalex	W4237831176	1	1	publication_component:database:publication:doi:10.7287/peerj.preprints.27342/supp-4	native_title_evidence	recover_title
lookup:1401d9a3008c283b47027f04484e130b9278c20afcb9a7e6585c3d18aec7f2ed	openalex	work_by_openalex_id	openalex	W4235023616	1	1	publication_component:database:publication:doi:10.7287/peerj.preprints.1482v1/supp-13	native_title_evidence	recover_title
lookup:143c8062baa75249d500c17d02430356837d0d8b48626fecc696d853eb24b977	opencitations_meta	metadata_by_doi	doi	10.7287/peerj.preprints.2444v1	1	1	publication_component:citation:publication:doi:10.7287/peerj.preprints.2444v1	conflict_all_exact_evidence	adjudicate_identifier_conflict;recover_title
lookup:145fa85f042f4b0168a9e255114eb80700012549ea6b62a67ae454b22d1be640	openalex	work_by_openalex_id	openalex	W4411096302	1	1	publication_component:database:publication:doi:10.1111/men.v25.5	native_title_evidence	recover_title
lookup:147bc4e4804c482608e648f9716947907b10f02c8c73b18daf8138a1df77c007	openalex	work_by_openalex_id	openalex	W2752848773	1	1	publication_component:citation:publication:openalex:W2752848773	native_provider_identity	resolve_provider_identity
lookup:14cfe91ded8695306ee540f5b48fb931ecfc5adf01e62e020cfbab83b581acc5	openalex	work_by_openalex_id	openalex	W1936769609	1	1	publication_component:citation:publication:openalex:W1936769609	native_provider_identity	recover_title;resolve_provider_identity
lookup:14fcec8f6e42a78072b51ec51e9f8512c24f6b49f529d775dcbfe90dacd2003b	openalex	work_by_doi	doi	10.1128/mcb.14.5.2985-2993.1994	1	1	publication_component:database:publication:doi:10.1128/mcb.14.5.2985-2993.1994	conflict_all_exact_evidence	adjudicate_identifier_conflict
lookup:1508cd3d193c42dc82f32838b2664e99504e484d0844a403635700f26fc6a0e4	openalex	work_by_openalex_id	openalex	W4256478563	1	1	publication_component:database:publication:doi:10.7287/peerj.preprints.2741/supp-4	native_title_evidence	recover_title
lookup:1518791ddb5cfdcc12551c03e41caafe878357ea424cfec2300272a6def7e666	openalex	work_by_openalex_id	openalex	W1758545817	1	1	publication_component:citation:publication:openalex:W1758545817	native_provider_identity	recover_title;resolve_provider_identity
lookup:154aa33ed4e861df5020fce525ac189258ddda58f7c66eb1392d0423832eb879	openalex	work_by_openalex_id	openalex	W2094939159	1	1	publication_component:citation:publication:openalex:W2094939159	native_provider_identity	recover_title;resolve_provider_identity
lookup:154d54455ba860683b6f47ad99f502008a9267108368ac1e1fc9fd2288cdb4ea	openalex	work_by_openalex_id	openalex	W4251761624	1	1	publication_component:database:publication:doi:10.7287/peerj.preprints.2663/supp-2	native_title_evidence	recover_title
lookup:159a73f34d1cf0ba2d48d95d8d19a4ea90923e12743136fae6b5da21bd5d0c11	opencitations_meta	metadata_by_omid	omid	br/0609604910	1	1	publication_component:citation:publication:doi:10.1101/2025.04.29.651360	native_title_evidence	recover_title
lookup:159aa9904016a16dece7b5ae0a5a999d5bbf9130ea9e3583b649526682ef8d36	openalex	work_by_openalex_id	openalex	W2110335151	1	1	publication_component:citation:publication:openalex:W2110335151	native_provider_identity	recover_title;resolve_provider_identity
lookup:15a55560255e4bbf7f3942a4b2590c266c7649b5c43a132032619bd729abbbb5	openalex	work_by_openalex_id	openalex	W4242488276	1	1	publication_component:database:publication:doi:10.7287/peerj.preprints.26449v3/supp-2	native_title_evidence	recover_title
lookup:15bac004a206030d77476df1f00047a6a52536018660997c684ecc7c933acf91	openalex	work_by_openalex_id	openalex	W2133585817	1	1	publication_component:citation:publication:openalex:W2133585817	native_provider_identity	recover_title;resolve_provider_identity
lookup:15d43951d9206d8726acaac98e4e510a55b6cd2faf6bb8a1bc6e7fdcc283b222	opencitations_meta	metadata_by_omid	omid	br/06801475466	1	1	publication_component:citation:publication:doi:10.1186/s12862-017-0875-5	native_title_evidence	recover_title
lookup:161294598a05d34a518d2a5ca3c749300281841a3da6891dc82608faaef134e8	openalex	work_by_openalex_id	openalex	W3187962553	1	1	publication_component:citation:publication:openalex:W3187962553	native_provider_identity	recover_title;resolve_provider_identity
lookup:16134e6b97bbe5204ef791b7d8a41472080417e7f79b8ab8735b5fc13c0a86a4	openalex	work_by_openalex_id	openalex	W4235507152	1	1	publication_component:database:publication:doi:10.7287/peerj.preprints.27162v1/supp-5	native_title_evidence	recover_title
lookup:161e0d29eb6d7d3252fa850b7a9b99d62dab437d1155fd77928a198e94de3e3b	openalex	work_by_openalex_id	openalex	W3129594814	1	1	publication_component:database:publication:doi:10.1093/molbev/msab028	conflict_all_exact_evidence	adjudicate_identifier_conflict
lookup:162d6e01700122aee55458c2761f65a05ceb467ae580e04ce5bf01df64904d93	openalex	work_by_openalex_id	openalex	W86093671	1	1	publication_component:citation:publication:openalex:W86093671	native_provider_identity	resolve_provider_identity
lookup:162eb2a286066c12c52d7876f4b737d0e358cd41da18156c915aed31857d02a9	openalex	work_by_openalex_id	openalex	W4233305150	1	1	publication_component:database:publication:doi:10.7287/peerj.preprints.26863/supp-1	native_title_evidence	recover_title
lookup:1646d05148a7819adcdb78988304417c5e3e7498c8ee0ec00c2a775101803457	openalex	work_by_openalex_id	openalex	W4232062847	1	1	publication_component:database:publication:doi:10.7287/peerj.preprints.2058v1/supp-3	native_title_evidence	recover_title
lookup:16b19d541ac60126740a979a23227f01823e0c7be8245ce4148e9ecc7d0dcaf7	opencitations_meta	metadata_by_omid	omid	br/062603924311	1	1	publication_component:citation:publication:doi:10.1101/2020.05.06.081315	conflict_all_exact_evidence	adjudicate_identifier_conflict
lookup:16b3819262f2956b8971b22633281574d719f251294ca5721d5e24e844e60d9a	openalex	work_by_openalex_id	openalex	W2152076818	1	1	publication_component:citation:publication:openalex:W2152076818	native_provider_identity	recover_title;resolve_provider_identity
lookup:16bfbfab443d94900fea0446237c0e125468477735842ac7eed4bbefbd4fa059	openalex	work_by_openalex_id	openalex	W2105752382	1	1	publication_component:citation:publication:openalex:W2105752382	native_provider_identity	recover_title;resolve_provider_identity
lookup:16c28ca8652c224c1b051b0b9715dfe9fcd234942810fc90ee11bdc75e3ef854	openalex	work_by_openalex_id	openalex	W4253150667	1	1	publication_component:database:publication:doi:10.7287/peerj.preprints.220/supp-2	native_title_evidence	recover_title
lookup:16dc79d800d2395df2b7b3c0914fe9dabe13840dad75f5d075ef5f2e50ede64f	opencitations_meta	metadata_by_omid	omid	br/062103685277	1	1	publication_component:citation:publication:doi:10.1016/s0076-6879(02)43142-4	native_title_evidence	recover_title
lookup:16ea456ed3b7146a6050baa9fd076a8fb6473d4e601255e6a951e31fb27a7e26	opencitations_meta	metadata_by_doi	doi	10.5451/unibas-ep72445	1	1	publication_component:citation:publication:doi:10.5451/unibas-ep72445	conflict_all_exact_evidence	adjudicate_identifier_conflict;recover_title
lookup:16f29ea7df2b75d892825a7f746e967b037ff62c86c2efe5b15c6ae06349ac41	openalex	work_by_openalex_id	openalex	W4244331295	1	1	publication_component:database:publication:doi:10.7287/peerj.preprints.2300/supp-3	native_title_evidence	recover_title
lookup:174db03eaa917bb57ed7e8086f41ba635c5f2b63528c717bd83487b3f75cb944	openalex	work_by_openalex_id	openalex	W3148675453	1	1	publication_component:citation:publication:openalex:W3148675453	native_provider_identity	resolve_provider_identity
lookup:178ab7e8e40d0c7519830046f4761a9d0baaae2e0d0311f4692b0d6ef961079c	opencitations_meta	metadata_by_doi	doi	10.1111/j.1742-4658.2010.07674.x	1	1	publication_component:database:publication:doi:10.1111/j.1742-4658.2010.07674.x	conflict_all_exact_evidence	adjudicate_identifier_conflict
lookup:17a7073a10f1c21f597d4fe3b1e949f43bdacd49c3305e6a5a262cd8d9bb6d8b	opencitations_meta	metadata_by_doi	doi	10.1101/2020.05.06.081315	1	1	publication_component:citation:publication:doi:10.1101/2020.05.06.081315	conflict_all_exact_evidence	adjudicate_identifier_conflict
lookup:17bcef6747a99a51e894d8cc8d2aab56715c94516b5343c4f5abadb2014ab431	opencitations_meta	metadata_by_omid	omid	br/06014575641	1	1	publication_component:citation:publication:doi:10.64898/2025.12.04.692409	native_title_evidence	recover_title
lookup:17d1134df0e405ec03e0f5f25eed277e595b90fea07fd1714750aff8e8444609	openalex	work_by_openalex_id	openalex	W4251286404	1	1	publication_component:database:publication:doi:10.7287/peerj.preprints.27329v1/supp-8	native_title_evidence	recover_title
lookup:17d940d06d3e89629bcb6541ea854be686cefb519df9806e208ab085bac15d7f	opencitations_meta	metadata_by_omid	omid	br/0640486586	1	1	publication_component:citation:publication:doi:10.1126/science.1256739	native_title_evidence	recover_title
lookup:17fa1808022f3fdea3961058e7e246891f19f5341e95776791e719e3d45f1d70	openalex	work_by_pmid	pmid	26194102	2	2	publication_component:citation:publication:doi:10.1101/014928;publication_component:database:publication:doi:10.1101/gr.190538.115	conflict_all_exact_evidence	adjudicate_identifier_conflict
lookup:181a25bbfe21c85e22f01aaa237414fa400b51c82b239d7e588c9cfde63fbc03	openalex	work_by_doi	doi	10.1080/10635150390196966	1	1	publication_component:database:publication:doi:10.1080/10635150390196966	conflict_all_exact_evidence	adjudicate_identifier_conflict
lookup:1836ee886ed6571163ec8482ee5b1d0fef74bb18f220441951ee5c918684625f	opencitations_meta	metadata_by_doi	doi	10.1101/005017	1	1	publication_component:citation:publication:doi:10.1101/005017	conflict_all_exact_evidence	adjudicate_identifier_conflict
lookup:184434456f0a2fc560d9ec483b61c17c10648a6da04b4957800cc3ba412dc465	openalex	work_by_openalex_id	openalex	W4231055196	1	1	publication_component:database:publication:doi:10.7287/peerj.preprints.377/supp-14	native_title_evidence	recover_title
lookup:18460264b4f3ae2993609be66bace0e229a807f932712ed69b19d360b0c53061	opencitations_meta	metadata_by_omid	omid	br/062402199248	1	1	publication_component:citation:publication:doi:10.7287/peerj.preprints.2167v1	conflict_all_exact_evidence	adjudicate_identifier_conflict;recover_title
lookup:184bf53d3c04e2c79981d07f3241e9cac0870641d20d590a3bd16e36b084a6a5	opencitations_meta	metadata_by_omid	omid	br/06190802436	1	1	publication_component:citation:publication:doi:10.1016/0304-4149(82)90011-4	native_title_evidence	recover_title
lookup:18519e150d8d60470fc15ee760697209a8b78806717fc2127999792baeaa4164	openalex	work_by_doi	doi	10.1016/j.bpj.2019.11.3379	1	1	publication_component:citation:publication:doi:10.1016/j.bpj.2019.11.3379	conflict_all_exact_evidence	adjudicate_identifier_conflict;recover_title
lookup:189882ca4a2c91e8a01dd0089ca7eed6928dc304feb9191c5aa292cc1295e5b4	openalex	work_by_pmid	pmid	31532393	2	2	publication_component:citation:publication:doi:10.5451/unibas-ep72445;publication_component:citation:publication:doi:10.7554/elife.44205	conflict_all_exact_evidence	adjudicate_identifier_conflict;recover_title
lookup:18cd57ad7e46f07221b7ba90f83942b2300b3ad49a5f1eb4993ab41851c12342	openalex	work_by_openalex_id	openalex	W31967665	1	1	publication_component:citation:publication:openalex:W31967665	native_provider_identity	resolve_provider_identity
lookup:19347ccdb41a3c40e4e1c7d189e5dee2397fbbbc82041961d7e53a65eaa25dbb	openalex	work_by_openalex_id	openalex	W4242643979	1	1	publication_component:database:publication:doi:10.7287/peerj.preprints.2058v1/supp-1	native_title_evidence	recover_title
lookup:194aa5d5aa8d2a2fcab5e83f59a7c0f0c08cfae1d0136f8f222e27cb13215b5a	openalex	work_by_openalex_id	openalex	W4250845201	1	1	publication_component:database:publication:doi:10.7287/peerj.preprints.1564v1/supp-1	native_title_evidence	recover_title
lookup:194b368cff1af2f83996f201cd840ce8953caa054dea2ae7405421fc0ae42e6e	opencitations_meta	metadata_by_omid	omid	br/06802583876	1	1	publication_component:citation:publication:doi:10.1155/2013/167954	native_title_evidence	recover_title
lookup:1958b6dbe7f6f2a570e775b336fe8e11b08d7249d97a0b07b29b74a9c20ab131	openalex	work_by_openalex_id	openalex	W4255132101	1	1	publication_component:database:publication:doi:10.7287/peerj.preprints.1482v1/supp-7	native_title_evidence	recover_title
lookup:199b36269e84ceb54161ca632714834bb91bb826587a224d2020892d17150e5b	openalex	work_by_openalex_id	openalex	W4240775092	1	1	publication_component:database:publication:doi:10.7287/peerj.preprints.3488v1/supp-1	native_title_evidence	recover_title
lookup:19b3ba64458bbedf3daed574d59b59250286430eccca32f23f80e1e4e3bb2ea2	opencitations_meta	metadata_by_omid	omid	br/061601920735	1	1	publication_component:citation:publication:doi:10.1371/journal.pbio.0030170	native_title_evidence	recover_title
lookup:19c19d56b30eee18b1f558585edc079079eca214058f68d8198898d8c7f8b2cc	openalex	work_by_pmid	pmid	28763051	2	2	publication_component:citation:publication:doi:10.1016/j.tplants.2018.05.006;publication_component:database:publication:doi:10.1038/ncomms16047	conflict_all_exact_evidence	adjudicate_identifier_conflict;recover_title
lookup:19dae0a2036b2b5002c360f216ed1477fa07ddc30d3e57b857448a4b82c9e354	opencitations_meta	metadata_by_omid	omid	br/06101168900	1	1	publication_component:citation:publication:doi:10.1093/molbev/msj021	native_title_evidence	recover_title
lookup:19e94ef063ba3b344a051da075066e3689610ebf64a99234dcf0edf58875b4e2	openalex	work_by_openalex_id	openalex	W2024341709	1	1	publication_component:citation:publication:openalex:W2024341709	native_provider_identity	recover_title;resolve_provider_identity
lookup:1a1f47c5e8f10deb2a5331fc57c1fa7125f2e42bd6a0c54deb4eb964a31fedec	openalex	work_by_openalex_id	openalex	W4244357913	1	1	publication_component:database:publication:doi:10.7287/peerj.preprints.27296/supp-2	native_title_evidence	recover_title
lookup:1a25bcdd8e942baba4d1223b257b03566e921066aed3703b6084dca974e19d2d	openalex	work_by_openalex_id	openalex	W2964282341	1	1	publication_component:citation:publication:openalex:W2964282341	native_provider_identity	resolve_provider_identity
lookup:1a76fb311440fa5105bcf11d4520224ed0b793d8b1ba8758b25e1788df6a7e59	openalex	work_by_openalex_id	openalex	W4241117055	1	1	publication_component:database:publication:doi:10.7287/peerj.preprints.3223/supp-1	native_title_evidence	recover_title
lookup:1a78e94b65c528f7e78e4d09809b66400f984428780969065d5cfc651970c7d6	openalex	work_by_openalex_id	openalex	W4249890143	1	1	publication_component:database:publication:doi:10.7287/peerj.preprints.27162/supp-4	native_title_evidence	recover_title
lookup:1a8747bf170217b75e2654f3111d5c67ed1fc2247a522e5e0f0ca0d4ee0def06	opencitations_meta	metadata_by_omid	omid	br/06802609310	1	1	publication_component:citation:publication:doi:10.1093/genetics/49.4.725	native_title_evidence	recover_title
lookup:1a96de4b8f8f02f7617db06e42f228c83865a481f58379e65491eb98aa3aef78	openalex	work_by_doi	doi	10.1101/2020.05.06.081315	1	1	publication_component:citation:publication:doi:10.1101/2020.05.06.081315	conflict_all_exact_evidence	adjudicate_identifier_conflict
lookup:1a985ebee3e128dc6b91058fcefcf125bee2fbca7abb4246b3d60b5dfbed7b0f	openalex	work_by_openalex_id	openalex	W6631401015	1	1	publication_component:citation:publication:openalex:W6631401015	native_provider_identity	recover_title;resolve_provider_identity
lookup:1aa1024634e2730e90d5e40163892134ecd376df4b74a6107414c9cf52b5d7da	opencitations_meta	metadata_by_omid	omid	br/0690673862	1	1	publication_component:citation:publication:doi:10.1002/jse.236	native_title_evidence	recover_title
lookup:1ab96515a9006b8b28e81f20b057d44b96b8bd07015a298115af16f4558db593	openalex	work_by_openalex_id	openalex	W2107289862	1	1	publication_component:citation:publication:openalex:W2107289862	native_provider_identity	recover_title;resolve_provider_identity
lookup:1aef504f63056af56502336545be7c42cc244d16d837682206ec1c47b03d8871	openalex	work_by_openalex_id	openalex	W2794335363	1	1	publication_component:citation:publication:openalex:W2794335363	native_provider_identity	recover_title;resolve_provider_identity
lookup:1b17508dd0299dbe3a650e1c769870928efd2f229a0923c24c92036441ecb0ac	opencitations_meta	metadata_by_omid	omid	br/061103515231	1	1	publication_component:citation:publication:doi:10.1145/279232.279236	native_title_evidence	recover_title
lookup:1b1d0fcdeb606aac5899392b0962a0f4363dea0159571fcd577438012741d1eb	openalex	work_by_openalex_id	openalex	W1484194052	1	1	publication_component:citation:publication:openalex:W1484194052	native_provider_identity	resolve_provider_identity
lookup:1b2450a358d7ece92447c833671186aff2c40f4c838475f1919cab618ef07401	openalex	work_by_openalex_id	openalex	W4233977261	1	1	publication_component:database:publication:doi:10.7287/peerj.preprints.3488/supp-1	native_title_evidence	recover_title
lookup:1bf16248283a926e01b4846d5f3fc0e0003b8329e55fb666f675a6aa78b3c56b	openalex	work_by_openalex_id	openalex	W4231947883	1	1	publication_component:database:publication:doi:10.7287/peerj.preprints.3488v2/supp-5	native_title_evidence	recover_title
lookup:1c08d65641504e65d5b13d5757db11d177c028cca6ff586275dcb776396acea9	openalex	work_by_pmid	pmid	1986240	2	2	publication_component:database:publication:doi:10.1128/mcb.11.1.458;publication_component:database:publication:doi:10.1128/mcb.11.1.458-467.1991	conflict_all_exact_evidence	adjudicate_identifier_conflict
lookup:1c2799c01c52c45637667b9997840a88ea43346bbf2bf4fe7f4fe850fe88b14c	openalex	work_by_doi	doi	10.1111/nph.15180	1	1	publication_component:citation:publication:doi:10.1111/nph.15180	conflict_all_exact_evidence	adjudicate_identifier_conflict
lookup:1c3fa7a9425e7834f49b342f1f78e53baaeb0e19fd7637516f6496e4a1271dac	opencitations_meta	metadata_by_omid	omid	br/06110574677	1	1	publication_component:citation:publication:doi:10.1093/bioinformatics/btx324	native_title_evidence	recover_title
lookup:1c6bd09d3ca55a23e975dd886205c409627fc1aea34874d4b52a466c89852cb7	opencitations_meta	metadata_by_omid	omid	br/061602251839	1	1	publication_component:citation:publication:doi:10.1371/currents.rrn1199	native_title_evidence	recover_title
lookup:1c76cdabe1d16508d2d20e2a4a3a7353c40faf427aa209ee72456b6c31ca669b	openalex	work_by_openalex_id	openalex	W4241987207	1	1	publication_component:database:publication:doi:10.7868/s0016675813050044	conflict_all_exact_evidence	adjudicate_identifier_conflict
lookup:1c7e1e1a66357b5b18a27733521b670d314fc06e3c1f98884b786442aa8c87f7	openalex	work_by_openalex_id	openalex	W4237141949	1	1	publication_component:database:publication:doi:10.7287/peerj.preprints.1482v1/supp-9	native_title_evidence	recover_title
lookup:1cfd775ce8f0e6a84be263ec89a5ce8a62baa6e26aac8d0e19986c04fdb581a4	opencitations_meta	metadata_by_omid	omid	br/06504753172	1	1	publication_component:citation:publication:doi:10.1101/2023.10.27.564379	native_title_evidence	recover_title
lookup:1d044de594074506bbfab5c027c487ac4d894b85f53e50f202c3f5c91728a272	pubmed	record_by_pmid	pmid	23705496	2	2	publication_component:database:publication:doi:10.1134/s0026893313010056;publication_component:database:publication:doi:10.7868/s0026898413010059	conflict_all_exact_evidence	adjudicate_identifier_conflict
lookup:1d36b005f3748d69e990f2a0cba557cf658b45629c1cfab998841fcc1d701ba5	opencitations_meta	metadata_by_omid	omid	br/06250348473	1	1	publication_component:citation:publication:doi:10.1038/nature22040	native_title_evidence	recover_title
lookup:1d60cb375ae9ead900553fdeca927e0fe824ac001d7c4f53267df85a8d4a158b	opencitations_meta	metadata_by_omid	omid	br/06010864316	1	1	publication_component:citation:publication:doi:10.1101/2025.09.26.678787	native_title_evidence	recover_title
lookup:1d8d221b68689c22fa834ea6f9d173875ab6e022f2a6814678c843b7b0049c73	openalex	work_by_openalex_id	openalex	W2945997622	1	1	publication_component:citation:publication:doi:10.1534/genetics.119.302045	conflict_all_exact_evidence	adjudicate_identifier_conflict
lookup:1dacc5edcbe5bb3654ae3ccec9213093cc7763895a3ffee43b6bd428bfe1a94b	openalex	work_by_openalex_id	openalex	W4238856524	1	1	publication_component:database:publication:doi:10.7287/peerj.preprints.2300v1/supp-1	native_title_evidence	recover_title
lookup:1ddd4bb4fd7b888f7dba9d9ff326a39c445553040b349be6f55890307217a5d3	openalex	work_by_openalex_id	openalex	W39373803	1	1	publication_component:citation:publication:openalex:W39373803	native_provider_identity	resolve_provider_identity
lookup:1de19484287d410556150d06ba1780e0dec554baa231d5536b646858fbb8ed89	pubmed	record_by_pmid	pmid	33821261	2	2	publication_component:database:publication:doi:10.21203/rs.3.rs-378702/v1;publication_component:database:publication:doi:10.21203/rs.3.rs-378702/v3	conflict_all_exact_evidence	adjudicate_identifier_conflict
lookup:1de23be09d903931eb906c4368ce0310bf0d5094184c29dbcf96092a13304e2e	openalex	work_by_pmid	pmid	31114863	1	1	publication_component:database:publication:doi:10.1093/gbe/evz101	conflict_all_exact_evidence	adjudicate_identifier_conflict
lookup:1e6c0b5ef36aa54beb5593e0f7931a6a9f03e7387d63055f33135ae3cb196eb0	opencitations_meta	metadata_by_doi	doi	10.1111/febs.14741	1	1	publication_component:database:publication:doi:10.1111/febs.14741	conflict_all_exact_evidence	adjudicate_identifier_conflict
lookup:1e7787b472df987fa056d03bf85e3f37813ed9636efca20d2085ed96ffec57e6	openalex	work_by_openalex_id	openalex	W1570708476	1	1	publication_component:citation:publication:openalex:W1570708476	native_provider_identity	resolve_provider_identity
lookup:1e894de7319b40898b12d6edbdb5600eda56f5401ab957699a019bbca5217941	opencitations_meta	metadata_by_omid	omid	br/06702682520	1	1	publication_component:citation:publication:doi:10.1101/456897	native_title_evidence	recover_title
lookup:1e8e649d0e9c4bce17e9cb5749a32506e3c8fce63d34d57144ee63c382f6a0c8	opencitations_meta	metadata_by_omid	omid	br/061704269534	1	1	publication_component:citation:publication:doi:10.12688/f1000research.76068.4	conflict_all_exact_evidence	adjudicate_identifier_conflict
lookup:1ede3ffdab47d93676571c3eebb43c639f16638cac39732cd8d180b88424c031	opencitations_meta	metadata_by_omid	omid	br/061401321895	1	1	publication_component:citation:publication:doi:10.1186/s13059-016-0918-z	native_title_evidence	recover_title
lookup:1ee620890b887ee21a196cff19d88477130ea4c4ae6595bef31e33a3206f669d	opencitations_meta	metadata_by_omid	omid	br/06140243031	1	1	publication_component:citation:publication:doi:10.1007/bf01734359	native_title_evidence	recover_title
lookup:1f685586a8a53edb50f5db9862811447c036fb38eb946ce28413c204b948d20d	openalex	work_by_pmid	pmid	31921024	2	2	publication_component:citation:publication:doi:10.1101/710533;publication_component:citation:publication:doi:10.3389/fmicb.2019.02838	conflict_all_exact_evidence	adjudicate_identifier_conflict
lookup:1f75bcf4ba2d853ccda999abfed43348ab512471cf6905b0e8a2b2536d612922	openalex	work_by_openalex_id	openalex	W4229825524	1	1	publication_component:database:publication:doi:10.7287/peerj.preprints.2903v1/supp-3	native_title_evidence	recover_title
lookup:1f8ca15ebab84a131019289deb4da39de5550e697bc6e054ac0370b7954f74dd	openalex	work_by_openalex_id	openalex	W1957469265	1	1	publication_component:citation:publication:openalex:W1957469265	native_provider_identity	recover_title;resolve_provider_identity
lookup:1f9034e2b3d420c9db2652392a2efb56d4672d397645abdf6db5571dc4c78c43	opencitations_meta	metadata_by_omid	omid	br/06901874466	1	1	publication_component:citation:publication:doi:10.1109/mic.2010.145	native_title_evidence	recover_title
lookup:1fe4c43af6ff9268251a10b08c283f84221a36ec8469a1fe591092fb3fd61843	openalex	work_by_openalex_id	openalex	W3141493977	1	1	publication_component:citation:publication:openalex:W3141493977	native_provider_identity	resolve_provider_identity
lookup:1fe8714edb91ef222f116e1920e2588f2ab6de761f6c137e50171034df0054a0	openalex	work_by_openalex_id	openalex	W4255021025	1	1	publication_component:database:publication:doi:10.7287/peerj.preprints.2988/supp-1	native_title_evidence	recover_title
lookup:1feecee8d0c497181486224932ee3a9bb17882693600cf81acf7b64ba5876066	opencitations_meta	metadata_by_omid	omid	br/06220567424	1	1	publication_component:citation:publication:doi:10.1093/bioinformatics/bti191	native_title_evidence	recover_title
lookup:201027e582e5b868a7aae6b4f5bf5aa6d5b214673c705ef7c2189ed522954f37	openalex	work_by_openalex_id	openalex	W4249615197	1	1	publication_component:database:publication:doi:10.7287/peerj.preprints.1482v1/supp-11	native_title_evidence	recover_title
lookup:201726b8b469d209643c2a85daee05b14ea0f564a1d9945a448116533b35e7b9	opencitations_meta	metadata_by_omid	omid	br/06023045149	1	1	publication_component:citation:publication:omid:br/06023045149	native_provider_identity	recover_title;resolve_provider_identity
lookup:202b66d175de50dd45f26fea2d1ae45aca597a9d34f7063340dffec6768d74fe	openalex	work_by_openalex_id	openalex	W4237300641	1	1	publication_component:database:publication:doi:10.7287/peerj.preprints.27406v1/supp-3	native_title_evidence	recover_title
lookup:203517e16e4d7b3be51a78754f7dff99dcf2d81de289d2b72bbfc461b6e2b4d8	pubmed	record_by_pmid	pmid	27380265	2	2	publication_component:citation:publication:doi:10.1101/026658;publication_component:citation:publication:doi:10.1371/journal.pgen.1006132	conflict_all_exact_evidence	adjudicate_identifier_conflict
lookup:205644fa87a261d8a3a01704a294d1e0536ce275d8e845d84aa7659c5edfb768	opencitations_meta	metadata_by_omid	omid	br/061103910313	1	1	publication_component:citation:publication:doi:10.1093/bioinformatics/bts480	native_title_evidence	recover_title
lookup:2065c87549d3e7f8703e780e0c510a3b814b6585c49f015937c06660cafa4ac9	opencitations_meta	metadata_by_omid	omid	br/06101169072	1	1	publication_component:citation:publication:doi:10.1093/molbev/msi097	native_title_evidence	recover_title
lookup:207250d626a77cad02ac54adef1c760fda8daf5b834c62c168ef001e6300a0ad	opencitations_meta	metadata_by_omid	omid	br/062201146109	1	1	publication_component:citation:publication:doi:10.1093/oxfordjournals.molbev.a040200	native_title_evidence	recover_title
lookup:208101526e75a1671638d51fa8c160ea420514fd2b352c8346e507b907c75690	opencitations_meta	metadata_by_omid	omid	br/06390187814	1	1	publication_component:citation:publication:doi:10.1101/2023.07.24.550320	native_title_evidence	recover_title
lookup:208e35bdf96ccc7632f2b97e91384891837342ae9d351ac3492b5f34984bc83b	opencitations_meta	metadata_by_omid	omid	br/0670836246	1	1	publication_component:citation:publication:doi:10.7554/elife.53348	native_title_evidence	recover_title
lookup:20acb90015a4d352acf1b6db96edf0dd5a3b7ff26d9646b6ee62f6ea62164aea	opencitations_meta	metadata_by_omid	omid	br/06010105916	1	1	publication_component:citation:publication:doi:10.1101/2025.08.27.672529	native_title_evidence	recover_title
lookup:20bf0f6951b81fdf94399662524bf158468556c31316d9b5ff5bfc0aa43be12b	openalex	work_by_openalex_id	openalex	W2593459163	1	1	publication_component:citation:publication:openalex:W2593459163	native_provider_identity	recover_title;resolve_provider_identity
lookup:2103f3a02be06ea9427f74b1117216ef80c3632f6d8ac8aae525cfc49cf3c875	openalex	work_by_pmid	pmid	7513049	2	2	publication_component:database:publication:doi:10.1128/mcb.14.5.2985;publication_component:database:publication:doi:10.1128/mcb.14.5.2985-2993.1994	conflict_all_exact_evidence	adjudicate_identifier_conflict
lookup:2114c42444c13f8f360de83e5378eb8baa5599cc5f757b96af3d95ad76142317	openalex	work_by_openalex_id	openalex	W4246410858	1	1	publication_component:database:publication:doi:10.7287/peerj.preprints.243/supp-2	native_title_evidence	recover_title
lookup:212b328802528643aa1afba15d5ab797ef529c96388e4407f2b6c6c7b4c975ac	openalex	work_by_openalex_id	openalex	W3169430995	1	1	publication_component:database:publication:doi:10.1073/pnas.98.4.1883	conflict_all_exact_evidence	adjudicate_identifier_conflict
lookup:212c3fc70ddccdc280c6cfe1cbf245365720aad0eb43af974c05c56267f5dca9	openalex	work_by_openalex_id	openalex	W1577683190	1	1	publication_component:citation:publication:openalex:W1577683190	native_provider_identity	recover_title;resolve_provider_identity
lookup:21a5a62a541c43296aafe92fc1b85ddeba53f66a2bdf0a1758e7ef26f1e8fd30	openalex	work_by_openalex_id	openalex	W2621871101	1	1	publication_component:citation:publication:doi:10.1101/146951	conflict_all_exact_evidence	adjudicate_identifier_conflict
lookup:21b742dd0a6dd734686287a5dfef8dd7166446a4292a246ff9060d1ce2e204db	openalex	work_by_openalex_id	openalex	W2163627198	1	1	publication_component:citation:publication:openalex:W2163627198	native_provider_identity	recover_title;resolve_provider_identity
lookup:21dd1c500a26f02adf2146d1b704e27276c47f13a6bb145e9b5796e669756f9b	openalex	work_by_doi	doi	10.1098/rstb.1992.0094	1	1	publication_component:database:publication:doi:10.1098/rstb.1992.0094	conflict_all_exact_evidence	adjudicate_identifier_conflict
lookup:21dff60f7de2231ebaceb68a5016cdedb262834ad0ffb8bf4d64100b5477f7b0	opencitations_meta	metadata_by_omid	omid	br/061802225941	1	1	publication_component:citation:publication:doi:10.1534/genetics.111.137893	native_title_evidence	recover_title
lookup:21f9322a555d8e18e36dfec8c6c6322eaa7e2c594085837aa0863ec74114cae9	pubmed	record_by_pmid	pmid	29244015	2	2	publication_component:citation:publication:doi:10.1109/iccabs.2016.7802772;publication_component:citation:publication:doi:10.1186/s12859-017-1916-1	conflict_all_exact_evidence	adjudicate_identifier_conflict;recover_title
lookup:223c36a8683481367a740bcd2b4fd8ac543e86fe866015954822b93773ebc77a	pubmed	record_by_pmid	pmid	26562410	2	2	publication_component:citation:publication:doi:10.1101/024190;publication_component:citation:publication:doi:10.1371/journal.ppat.1005279	conflict_all_exact_evidence	adjudicate_identifier_conflict
lookup:22492af077b3b6345882001f4c37ade4578b4c6c81b274ca9496e0feb4a16bc9	openalex	work_by_doi	doi	10.5451/unibas-ep72445	1	1	publication_component:citation:publication:doi:10.5451/unibas-ep72445	conflict_all_exact_evidence	adjudicate_identifier_conflict;recover_title
lookup:2269adbf6c6f9704913e61e25331d6708dca198423f38fac91a6b06fb7da273c	openalex	work_by_openalex_id	openalex	W2463998078	1	1	publication_component:database:publication:doi:10.1134/s1022795413050049	conflict_all_exact_evidence	adjudicate_identifier_conflict
lookup:22b0baf7a486af8368bf30df639715a31fb30f7898fe75cc0fcd281f1ef891ef	openalex	work_by_openalex_id	openalex	W4245154467	1	1	publication_component:database:publication:doi:10.7287/peerj.preprints.2058/supp-7	native_title_evidence	recover_title
lookup:22d88e711a0d0ffb3c454cb57382cdefb3372bdcc411aa4fe6f37e83e7ab869c	opencitations_meta	metadata_by_omid	omid	br/06303015847	1	1	publication_component:citation:publication:doi:10.1038/75556	native_title_evidence	recover_title
lookup:23264172b98517cc5e0f887008aa053a619619ad4250f51f47e96d8777b4e9c5	openalex	work_by_doi	doi	10.1101/gr.190538.115	1	1	publication_component:database:publication:doi:10.1101/gr.190538.115	conflict_all_exact_evidence	adjudicate_identifier_conflict
lookup:235296eb71b4619ab849b9f5f5324385110f421c7996fe740096da2ac6986d66	opencitations_meta	metadata_by_doi	doi	10.1101/2021.06.04.21258352	1	1	publication_component:citation:publication:doi:10.1101/2021.06.04.21258352	conflict_all_exact_evidence	adjudicate_identifier_conflict
lookup:2368d9c2c4ed26addf082e6035ef70641b9470711e4f3c275ca583a881a71d38	openalex	work_by_openalex_id	openalex	W1980316401	1	1	publication_component:citation:publication:openalex:W1980316401	native_provider_identity	recover_title;resolve_provider_identity
lookup:23a7ac364a71eb27fed950e74134713b1c39510deda32ff000569d879bc60cb8	opencitations_meta	metadata_by_omid	omid	br/0670429895	1	1	publication_component:citation:publication:doi:10.1093/sysbio/49.2.369	native_title_evidence	recover_title
lookup:23b8f4037ca8532d0b534434d797b4f609d5be310f676743e3e9d3677e6d3ca5	openalex	work_by_openalex_id	openalex	W4239450089	1	1	publication_component:database:publication:doi:10.7287/peerj.preprints.1482v1/supp-12	native_title_evidence	recover_title
lookup:247abd257f3a486864c3bcec02cce205c2dc880faaee7db83e0c0a64e37511ea	openalex	work_by_doi	doi	10.1186/s12859-017-1916-1	1	1	publication_component:citation:publication:doi:10.1186/s12859-017-1916-1	conflict_all_exact_evidence	adjudicate_identifier_conflict
lookup:248fbcf83ed29435c5fbfad61e73af3c82f81d6d32cd56ff61b6fe63efb0662c	openalex	work_by_openalex_id	openalex	W2158266834	1	1	publication_component:citation:publication:openalex:W2158266834	native_provider_identity	recover_title;resolve_provider_identity
lookup:24b25ea7ab7f30e92c1bc603a7d652a74eb0400bc61d19329adf9fda02108c46	openalex	work_by_openalex_id	openalex	W2257724703	1	1	publication_component:citation:publication:openalex:W2257724703	native_provider_identity	resolve_provider_identity
lookup:24be5bc11979b80b412d243416f60a793617c93043640ceec36398a6b1b53e9f	openalex	work_by_openalex_id	openalex	W2886720679	1	1	publication_component:citation:publication:openalex:W2886720679	native_provider_identity	resolve_provider_identity
lookup:2544a3703b6157dfa65db3e12bfe2b2575a01440bef482a1e17aa37a26202ea2	openalex	work_by_doi	doi	10.1111/j.1742-464x.2010.07674.x	1	1	publication_component:database:publication:doi:10.1111/j.1742-464x.2010.07674.x	conflict_all_exact_evidence	adjudicate_identifier_conflict
lookup:257e842d6b8cdac0d298ba9d04dbf372e2580c25560773bf274fde694216c420	openalex	work_by_openalex_id	openalex	W1987378985	1	1	publication_component:citation:publication:openalex:W1987378985	native_provider_identity	recover_title;resolve_provider_identity
lookup:25d8d1355729cdd0da48a11b85b34e093df3f3412fac5d3870af8837f0c82953	openalex	work_by_openalex_id	openalex	W2799668520	1	1	publication_component:citation:publication:openalex:W2799668520	native_provider_identity	resolve_provider_identity
lookup:25e3d8d9f5b28c310fcc3d16a76f6bdffaaf183875de8a332c5f05f7b13ef751	openalex	work_by_openalex_id	openalex	W4249097880	1	1	publication_component:database:publication:doi:10.7287/peerj.preprints.220v1/supp-4	native_title_evidence	recover_title
lookup:264dbade3027076b9264fe2dc3adde947a672334ca1aeef3722dab09e7fb9f6f	pubmed	record_by_pmid	pmid	31114863	1	1	publication_component:database:publication:doi:10.1093/gbe/evz101	conflict_all_exact_evidence	adjudicate_identifier_conflict
lookup:264e0acb6953cefe173fac42198e1669878226e62c1a88cd7243cd77fd81aa8f	openalex	work_by_doi	doi	10.1093/plcell/koab146	1	1	publication_component:citation:publication:doi:10.1093/plcell/koab146	conflict_all_exact_evidence	adjudicate_identifier_conflict
lookup:26bbbcb265bbbdb2ae1e31e6b6bf625ffecf27b9284353aab0b708232b7ec936	opencitations_meta	metadata_by_omid	omid	br/061202564347	1	1	publication_component:citation:publication:doi:10.1016/b978-1-4832-2734-4.50017-6	native_title_evidence	recover_title
lookup:26fd6966d94d5349268a7927524e0b1c8cbae0f8341168c5b7326d6ad618d8e1	openalex	work_by_openalex_id	openalex	W6678230397	1	1	publication_component:citation:publication:openalex:W6678230397	native_provider_identity	recover_title;resolve_provider_identity
lookup:272beb62929a924282cd776206f49752f2f7892ec5529c41178b95b647ece70f	openalex	work_by_openalex_id	openalex	W4244657853	1	1	publication_component:database:publication:doi:10.7287/peerj.preprints.27406v2/supp-3	native_title_evidence	recover_title
lookup:273b06fda6068f02b9721ba9e6859b599fd71806990923ee78012725faed4f02	opencitations_meta	metadata_by_omid	omid	br/062101143558	1	1	publication_component:citation:publication:doi:10.1093/molbev/msab055	conflict_all_exact_evidence	adjudicate_identifier_conflict
lookup:274974f76841979cc5691d34650a5872f05194a36015d3e93b5bf155b76034a7	openalex	work_by_openalex_id	openalex	W2268165181	1	1	publication_component:citation:publication:openalex:W2268165181	native_provider_identity	recover_title;resolve_provider_identity
lookup:27b1c3585283b5ad40cba55092caec43aa2d8d7ad82ea065fb71be73ee3f1e7f	openalex	work_by_openalex_id	openalex	W4251940321	1	1	publication_component:database:publication:doi:10.7287/peerj.preprints.2434v1/supp-1	native_title_evidence	recover_title
lookup:282abe87e8b16ab46a9a8c14e13b540e0cf4a57a9a13cfbd24c05c66fff63599	openalex	work_by_openalex_id	openalex	W4249734277	1	1	publication_component:database:publication:doi:10.1098/rstb.1992.0094	conflict_all_exact_evidence	adjudicate_identifier_conflict
lookup:28829288ab50062d7eae859a26e9265c7fec2b9e883bafdd7ffda623263b8c47	opencitations_meta	metadata_by_omid	omid	br/061601532112	1	1	publication_component:citation:publication:doi:10.1371/journal.pone.0009590	native_title_evidence	recover_title
lookup:28abecc4f66e1e1492e5941d170959c7c45aeb0fa3b834c61aca4536a8dc826c	openalex	work_by_doi	doi	10.7717/peerj.4953	1	1	publication_component:citation:publication:doi:10.7717/peerj.4953	conflict_all_exact_evidence	adjudicate_identifier_conflict
lookup:28f8c0f3623865a7c39897e60a1a33f990a2f8ff9b7e1b072fcbc10ef51b6cf4	openalex	work_by_openalex_id	openalex	W6605527094	1	1	publication_component:citation:publication:openalex:W6605527094	native_provider_identity	recover_title;resolve_provider_identity
lookup:28fa4af29d214ad950382714bcb7312d15005daa8c857a6ba483a08bdf054924	opencitations_meta	metadata_by_omid	omid	br/06101168899	1	1	publication_component:citation:publication:doi:10.1093/molbev/msj024	native_title_evidence	recover_title
lookup:291372b84b0550f89b8875d2e1ce9f0eb8d536c1025326fb72b2bf9c683979db	openalex	work_by_pmid	pmid	29563166	2	2	publication_component:citation:publication:doi:10.1016/j.tig.2018.05.002;publication_component:citation:publication:doi:10.1101/gr.234096.117	conflict_all_exact_evidence	adjudicate_identifier_conflict;recover_title
lookup:292446355036abe0759f006a3607bf536547103f634b6b2593df468cec3bff8d	opencitations_meta	metadata_by_omid	omid	br/062603624727	1	1	publication_component:citation:publication:doi:10.4149/av_2017_01_120	native_title_evidence	recover_title
lookup:294cbf6c8a096d4f59cf70e0ced7570df8dc319f30bcedc7a93fe63f12ec0a92	openalex	work_by_openalex_id	openalex	W4250177818	1	1	publication_component:database:publication:doi:10.7287/peerj.preprints.27162/supp-1	native_title_evidence	recover_title
lookup:2962dbad070fde7c91024c6fb7a1dd45e302e4779e1a04da95ac9e8ddd480152	openalex	work_by_openalex_id	openalex	W2144606496	1	1	publication_component:citation:publication:openalex:W2144606496	native_provider_identity	recover_title;resolve_provider_identity
lookup:2964ce8fa7f3dcf77f89414d928979fb3776da7d6b20a4cf93d8421a29abcec1	openalex	work_by_openalex_id	openalex	W2991497114	1	1	publication_component:citation:publication:openalex:W2991497114	native_provider_identity	resolve_provider_identity
lookup:296e557322a103a2a3ee40c1a260b249462d31a642c3d164ef7d0afa0c039228	openalex	work_by_openalex_id	openalex	W4233974785	1	1	publication_component:database:publication:doi:10.7287/peerj.preprints.2300v1/supp-6	native_title_evidence	recover_title
lookup:29721f7df807d565848caa1cd642dc57be85fafd4324b6e785da6f562f8d0a63	openalex	work_by_openalex_id	openalex	W2150815933	1	1	publication_component:citation:publication:openalex:W2150815933	native_provider_identity	recover_title;resolve_provider_identity
lookup:297d2eb53cf9fe2b4a896db3f3b4dd8659180544b0ccc6c6ee1443c934cb7ffb	openalex	work_by_openalex_id	openalex	W4247007878	1	1	publication_component:database:publication:doi:10.7287/peerj.preprints.27329/supp-2	native_title_evidence	recover_title
lookup:2992d37e4be35aadde24bd4733f58e7e558ff92057cf1cfc42fd05cca2827085	openalex	work_by_openalex_id	openalex	W2031611770	1	1	publication_component:citation:publication:openalex:W2031611770	native_provider_identity	recover_title;resolve_provider_identity
lookup:29f1656c449934f6401bb589c1ea17d4dc9f73be3907fde42d541f0f4b6997c6	openalex	work_by_openalex_id	openalex	W4255622168	1	1	publication_component:database:publication:doi:10.7287/peerj.preprints.3488/supp-3	native_title_evidence	recover_title
lookup:29f35877e0e4b0b4b79d793bcf19ed3e6ff9d3e551d957db4eff38542b9ade25	openalex	work_by_openalex_id	openalex	W4231423320	1	1	publication_component:database:publication:doi:10.7287/peerj.preprints.2903/supp-3	native_title_evidence	recover_title
lookup:2a906c3b22e0bf8d1b020097a60afd26ae4a900bbf6709c0db0a9b2340e6db83	opencitations_meta	metadata_by_doi	doi	10.1111/cla.12454	1	1	publication_component:citation:publication:doi:10.1111/cla.12454	conflict_all_exact_evidence	adjudicate_identifier_conflict
lookup:2add7cd96e6eb8465393565c7dcb3e6c3b3c1890c2d78a2e37928ae9c4f4f636	openalex	work_by_doi	doi	10.1128/mcb.11.1.458	1	1	publication_component:database:publication:doi:10.1128/mcb.11.1.458	conflict_all_exact_evidence	adjudicate_identifier_conflict
lookup:2b28e6b0623af1f5c0485e2fad565f8f0557d5d3efcbf001aa7fed94142bd296	openalex	work_by_openalex_id	openalex	W4252504917	1	1	publication_component:database:publication:doi:10.7287/peerj.preprints.27035v1/supp-1	native_title_evidence	recover_title
lookup:2b30fc5137e77038ae55f78ee59e0cfe93e2c550305fb2767e93f2c6856d38b2	openalex	work_by_openalex_id	openalex	W2950124125	1	1	publication_component:citation:publication:doi:10.1101/009134	conflict_all_exact_evidence	adjudicate_identifier_conflict
lookup:2b869e811d901342e6fe06f7f8c45805437db8404b0673623be52349715345b4	opencitations_meta	metadata_by_doi	doi	10.7717/peerj.4234	1	1	publication_component:citation:publication:doi:10.7717/peerj.4234	conflict_all_exact_evidence	adjudicate_identifier_conflict
lookup:2bb6d234073b2ab39434a62dc2d72df4b491785191a16640328a69438ed099e9	openalex	work_by_openalex_id	openalex	W2189562082	1	1	publication_component:citation:publication:openalex:W2189562082	native_provider_identity	resolve_provider_identity
lookup:2bc64a564cad2199024e6b681b4910090256eed7816b427c660cd0ce52d7ebe9	opencitations_meta	metadata_by_doi	doi	10.1080/10635150309322	1	1	publication_component:database:publication:doi:10.1080/10635150309322	conflict_all_exact_evidence	adjudicate_identifier_conflict
lookup:2bc9baa7b1d648c3cc3cd754c8ebfde01cb0b3c150b6eea2e979c3327b42b63d	openalex	work_by_openalex_id	openalex	W4237472940	1	1	publication_component:database:publication:doi:10.17221/pps-1	native_title_evidence	recover_title
lookup:2c6be8afeed4000627c21b3409228b79d17c9577c6ec25d48604c7579fac6c9f	openalex	work_by_openalex_id	openalex	W2111762123	1	1	publication_component:citation:publication:openalex:W2111762123	native_provider_identity	recover_title;resolve_provider_identity
lookup:2c7561539cc733cb9a0a55a30412dbef7d34231bd8404e9f23671ba1c168550f	opencitations_meta	metadata_by_omid	omid	br/06601119405	1	1	publication_component:citation:publication:doi:10.1128/jvi.01681-15	native_title_evidence	recover_title
lookup:2c7f6f435dd743240e79245b7fe6424912181d6442b2c916ec5d6d4b1cb494bc	openalex	work_by_openalex_id	openalex	W420957490	1	1	publication_component:citation:publication:openalex:W420957490	native_provider_identity	recover_title;resolve_provider_identity
lookup:2cb898ad1ac4e61e2b790d00aaa1ef481373d993324dbc3c7420958e25fb2e78	openalex	work_by_openalex_id	openalex	W4230786408	1	1	publication_component:database:publication:doi:10.7287/peerj.preprints.377v1/supp-13	native_title_evidence	recover_title
lookup:2cd75b4e7d40812588140f11c0a6afe1e1e9e825eca291f465c381c7455f48f0	opencitations_meta	metadata_by_omid	omid	br/061901511824	1	1	publication_component:citation:publication:doi:10.1109/mcse.2011.37	native_title_evidence	recover_title
lookup:2cdeaf74cad5195a79e7bc08ea9652e0a99d55ef7e6de2569080769862c4ce39	openalex	work_by_openalex_id	openalex	W2963409590	1	1	publication_component:citation:publication:doi:10.1101/710533	conflict_all_exact_evidence	adjudicate_identifier_conflict
lookup:2ce667d496ef1a4d5c701ff04e06e32a7087c460b1356700e2be05252ec8e999	opencitations_meta	metadata_by_doi	doi	10.1534/genetics.119.302045	1	1	publication_component:citation:publication:doi:10.1534/genetics.119.302045	conflict_all_exact_evidence	adjudicate_identifier_conflict
lookup:2ce75b9d814d8b50a48d0ff3242c3c9a826c207f3296718f2c800208d336219f	openalex	work_by_openalex_id	openalex	W2134155314	1	1	publication_component:citation:publication:openalex:W2134155314	native_provider_identity	recover_title;resolve_provider_identity
lookup:2d02b3d7353eac583cd0e2765a71332e857ef131fd0f7b1d81cd65c7cb2bbe11	openalex	work_by_openalex_id	openalex	W2146292423	1	1	publication_component:citation:publication:openalex:W2146292423	native_provider_identity	recover_title;resolve_provider_identity
lookup:2d04fbebf65a98bc715e572e2e0b3e252d30ad180ec937cc6375b5664a77843f	openalex	work_by_openalex_id	openalex	W7120345185	1	1	publication_component:citation:publication:openalex:W7120345185	native_provider_identity	resolve_provider_identity
lookup:2d05d60bd4ab7526d3fce9c75c5be6ca4491dc1f87f9a13b14b93c91b391a58d	opencitations_meta	metadata_by_omid	omid	br/061901512039	1	1	publication_component:citation:publication:doi:10.1109/mcse.2007.58	native_title_evidence	recover_title
lookup:2d39cc595ff3b7f62cc4b4a1f608f01b47fe6acb43acb03d09e46126f52dc696	opencitations_meta	metadata_by_omid	omid	br/061101803553	1	1	publication_component:citation:publication:doi:10.1371/journal.pcbi.1002947	native_title_evidence	recover_title
lookup:2d3bc303939ae1a1764b3f01a2ad238f895ad64eb4d0f0dca68420fafacd6f3e	openalex	work_by_openalex_id	openalex	W4235568836	1	1	publication_component:database:publication:doi:10.7287/peerj.preprints.377/supp-10	native_title_evidence	recover_title
lookup:2d51f19ed25f2e6adf6eaea4db7d4f6e9f235868c73a0b27ba53d0dc92f23f06	openalex	work_by_openalex_id	openalex	W1973956874	1	1	publication_component:citation:publication:openalex:W1973956874	native_provider_identity	recover_title;resolve_provider_identity
lookup:2d86d63cfedafa33b340ee087ddf0bdbcfcbd5dc3c689480176e74cf53c44668	openalex	work_by_doi	doi	10.1016/j.tig.2018.05.002	1	1	publication_component:citation:publication:doi:10.1016/j.tig.2018.05.002	conflict_all_exact_evidence	adjudicate_identifier_conflict;recover_title
lookup:2d9cb6b629aeee2346b70db06901123979b4b2fec569266ae1f92a96ae707c68	opencitations_meta	metadata_by_omid	omid	br/06023869596	1	1	publication_component:citation:publication:doi:10.21203/rs.3.rs-1831627/v1	native_title_evidence	recover_title
lookup:2e1fb759d2557d1e4b6dd0cc62c1e5c6ac54a3d2a64dbf79823515b07f6dd505	openalex	work_by_openalex_id	openalex	W2949949561	1	1	publication_component:citation:publication:openalex:W2949949561	native_provider_identity	recover_title;resolve_provider_identity
lookup:2e51341732e5c3a5e11414910e6ea33c540bdb4ffdc8762ef0b511c0cc62ae81	openalex	work_by_doi	doi	10.1038/ncomms16047	1	1	publication_component:database:publication:doi:10.1038/ncomms16047	conflict_all_exact_evidence	adjudicate_identifier_conflict
lookup:2e5bc4743a73a91a74f3365dd15a14fb104c2e38e02ba2f4cf6e69824598af18	openalex	work_by_pmid	pmid	12683527	2	2	publication_component:database:publication:doi:10.1111/j.0014-3820.2003.tb00265.x;publication_component:database:publication:doi:10.1554/0014-3820(2003)057[0305:nabmdh]2.0.co;2	conflict_all_exact_evidence	adjudicate_identifier_conflict
lookup:2eba50c385561f37860e4158cffda0bff16295126927fbecc363e55cea413959	openalex	work_by_openalex_id	openalex	W2029549914	1	1	publication_component:citation:publication:openalex:W2029549914	native_provider_identity	recover_title;resolve_provider_identity
lookup:2ec6a0d3ced606f094f8dc5996d9ca73015cd2e432ee5362af93d17455215641	openalex	work_by_openalex_id	openalex	W2953343103	1	1	publication_component:citation:publication:doi:10.1101/026658	conflict_all_exact_evidence	adjudicate_identifier_conflict
lookup:2eea28006f72558e53fd99fcff2934ea7745e503d5491ea2b2b57d213d2c51dd	opencitations_meta	metadata_by_omid	omid	br/062502200367	1	1	publication_component:citation:publication:doi:10.1101/009134	conflict_all_exact_evidence	adjudicate_identifier_conflict
lookup:2ef61c4e1a0825428d6da320b7887379cc920f57e29e843ecdf418677516dcb7	openalex	work_by_doi	doi	10.1093/gbe/evz101	1	1	publication_component:database:publication:doi:10.1093/gbe/evz101	conflict_all_exact_evidence	adjudicate_identifier_conflict
lookup:2f0ccea1ef4730a718456c7e0d6430597aff1591b69446513204dc4c9cc6d571	opencitations_meta	metadata_by_omid	omid	br/0670429575	1	1	publication_component:citation:publication:doi:10.1093/sysbio/syr100	native_title_evidence	recover_title
lookup:2f2e0e8d8310474f6dde50a434913715acb30bae3c1f0fabfd0be1588ba85e1a	opencitations_meta	metadata_by_omid	omid	br/06601117708	1	1	publication_component:citation:publication:doi:10.1128/jvi.00902-20	native_title_evidence	recover_title
lookup:2f2eed1d9b1bd67e8ae76dc4fc28007572bcc96e2ae0ad850ad1e7dd3b174d8f	opencitations_meta	metadata_by_omid	omid	br/06101168614	1	1	publication_component:citation:publication:doi:10.1093/molbev/msl175	native_title_evidence	recover_title
lookup:2f5d5e34908e3367b4767242598fe7fb031c2274a8c05dfe7624fcf4a552d472	openalex	work_by_openalex_id	openalex	W2117884309	1	1	publication_component:citation:publication:openalex:W2117884309	native_provider_identity	recover_title;resolve_provider_identity
lookup:2f8938c10cd57fcaa463b7da0ca01b7f91d3e17d44a0803741ea05f55c0bc3b4	openalex	work_by_openalex_id	openalex	W4253780477	1	1	publication_component:database:publication:doi:10.7287/peerj.preprints.1482v1/supp-10	native_title_evidence	recover_title
lookup:2fd76f9f2b815e6eaeb339953158d40d5343c7f3ccdc5ec4ae4162827475521b	openalex	work_by_openalex_id	openalex	W2133919074	1	1	publication_component:database:publication:doi:10.1101/gr.190538.115	conflict_all_exact_evidence	adjudicate_identifier_conflict
lookup:2fdfdef88937270028d809e1e329681309b0e6da3ecdd88e5583c4a84aa24462	openalex	work_by_openalex_id	openalex	W2963529202	1	1	publication_component:citation:publication:openalex:W2963529202	native_provider_identity	recover_title;resolve_provider_identity
lookup:3029ac47b6032e3378789c304a4fad66530daa7e6de5a3f8c9372d68e8a28534	openalex	work_by_pmid	pmid	27380265	2	2	publication_component:citation:publication:doi:10.1101/026658;publication_component:citation:publication:doi:10.1371/journal.pgen.1006132	conflict_all_exact_evidence	adjudicate_identifier_conflict
lookup:305c8bbbc25048177d36c1e3c7240dd800ba479e580055d668479973fa3067c6	openalex	work_by_openalex_id	openalex	W1901989576	1	1	publication_component:citation:publication:openalex:W1901989576	native_provider_identity	resolve_provider_identity
lookup:308194cd4932070d54bf0ca94f084ff262ce58897e1fad0b593727944712ede1	openalex	work_by_openalex_id	openalex	W4244636174	1	1	publication_component:database:publication:doi:10.7287/peerj.preprints.621v2/supp-3	native_title_evidence	recover_title
lookup:309876b15ddba96367dba3583467813104d1cf9358915eeae27b7531e891966e	openalex	work_by_openalex_id	openalex	W4246786490	1	1	publication_component:database:publication:doi:10.1086/an.1972.106.issue-951	native_title_evidence	recover_title
lookup:309f07a32417f27af460297a18a62dc1960f32f159e75ab0375b6a596ccc7795	openalex	work_by_openalex_id	openalex	W4256491253	1	1	publication_component:database:publication:doi:10.7287/peerj.preprints.3488/supp-2	native_title_evidence	recover_title
lookup:30ac0805b1079103808a0d00204aa44881a7944a23db9de08a14943f97f9c945	openalex	work_by_openalex_id	openalex	W2142429167	1	1	publication_component:citation:publication:doi:10.1101/002428	conflict_all_exact_evidence	adjudicate_identifier_conflict
lookup:30b7c7e37a4bc4c10e4066b055259c62772c841a1ac337680bb0d7fec0e353c1	opencitations_meta	metadata_by_omid	omid	br/0620230219	1	1	publication_component:citation:publication:doi:10.1016/0025-5564(87)90074-5	native_title_evidence	recover_title
lookup:30cb992454207c558032ae792b89485d4a973466ebae737ff82e21dfe4a90d26	openalex	work_by_openalex_id	openalex	W2091847893	1	1	publication_component:citation:publication:openalex:W2091847893	native_provider_identity	recover_title;resolve_provider_identity
lookup:30ee8f08048330ac12aaa963e784d1a260564f7dd3d88c1125b49c95c52b78fd	pubmed	record_by_pmid	pmid	24159804	2	2	publication_component:database:publication:doi:10.1134/s1022795413050049;publication_component:database:publication:doi:10.7868/s0016675813050044	conflict_all_exact_evidence	adjudicate_identifier_conflict
lookup:310bfcc82b028d7a0a85fbf1d587b39a23447ad04d1faa08ed948ecc18bb2a74	openalex	work_by_openalex_id	openalex	W4240267380	1	1	publication_component:database:publication:doi:10.7287/peerj.preprints.1615/supp-1	native_title_evidence	recover_title
lookup:311fb6f929c406813c7e1ada16a2fd732bdb61ce859d96c50ca8fe370bf70ffa	openalex	work_by_pmid	pmid	26114585	2	2	publication_component:citation:publication:doi:10.1101/019786;publication_component:citation:publication:doi:10.1371/journal.pgen.1005331	conflict_all_exact_evidence	adjudicate_identifier_conflict
lookup:3123c5b5e721a7581cecc3bb86cd7e1dce2e8cf5d9bb20b408bb744712a10cf1	openalex	work_by_openalex_id	openalex	W2409420382	1	1	publication_component:citation:publication:openalex:W2409420382	native_provider_identity	recover_title;resolve_provider_identity
lookup:31334f186075f3e5ad308ac90b0b66e61e9808adaa00a9f035c20ea69ecf97fa	openalex	work_by_pmid	pmid	34426843	1	1	publication_component:database:publication:doi:10.1093/molbev/msab028	conflict_all_exact_evidence	adjudicate_identifier_conflict
lookup:31444adc34fa5962a55d43ac5926d0f87f1445b50442768ef46aa5eb1bbeb13c	openalex	work_by_openalex_id	openalex	W2570743355	1	1	publication_component:citation:publication:openalex:W2570743355	native_provider_identity	resolve_provider_identity
lookup:318ab1d4495e05ee5a0f9e5ff6f60d873cca0c9efbf494dc49bb1694c4cf2821	pubmed	record_by_pmid	pmid	31532393	2	2	publication_component:citation:publication:doi:10.5451/unibas-ep72445;publication_component:citation:publication:doi:10.7554/elife.44205	conflict_all_exact_evidence	adjudicate_identifier_conflict;recover_title
lookup:31aae229d1651e012ffea9b8d727d5db99248baa46b8deac786ff2088e5f2899	opencitations_meta	metadata_by_omid	omid	br/06130243550	1	1	publication_component:citation:publication:doi:10.1007/pl00006427	native_title_evidence	recover_title
lookup:3219e30662f5250649534f2e624b6ba42ed4e6d0f1c400fa502bdfc556604a2c	opencitations_meta	metadata_by_omid	omid	br/06902504171	1	1	publication_component:citation:publication:doi:10.1101/086231	native_title_evidence	recover_title
lookup:32278174852ac63100e6477efe92ded4919d589612d27072d740d35226dacd3f	opencitations_meta	metadata_by_omid	omid	br/0620149797	1	1	publication_component:citation:publication:doi:10.1111/j.1748-5827.2005.tb00337.x	native_title_evidence	recover_title
lookup:324320aaa9c52da187a28e2ce8353ac401aa828b1ca2326641e92571d774f870	openalex	work_by_doi	doi	10.1134/s1022795414110076	1	1	publication_component:database:publication:doi:10.1134/s1022795414110076	conflict_all_exact_evidence	adjudicate_identifier_conflict
lookup:3255bfb992f6509a3a5095ef96b9acdf995c7de75a9162517e1505df8879ae99	openalex	work_by_openalex_id	openalex	W2111647009	1	1	publication_component:citation:publication:openalex:W2111647009	native_provider_identity	recover_title;resolve_provider_identity
lookup:3261f0fe24301fc63bdbe6bb7797d39d1d37bb7a27a42a0359e57cdcef874957	openalex	work_by_openalex_id	openalex	W2130675103	1	1	publication_component:citation:publication:openalex:W2130675103	native_provider_identity	recover_title;resolve_provider_identity
lookup:3287a83f4b7cb515082ae84742da748e467c2ce4e881eb4b90d068a11ee25d93	opencitations_meta	metadata_by_omid	omid	br/06210493468	1	1	publication_component:citation:publication:doi:10.1039/d1sc04832e	native_title_evidence	recover_title
lookup:328fd9a963fdf41e8f67de87b558ca0f626d04f224557183f3420df176177b00	openalex	work_by_openalex_id	openalex	W2845591014	1	1	publication_component:citation:publication:openalex:W2845591014	native_provider_identity	recover_title;resolve_provider_identity
lookup:32bced584aa4ba16258b06d1c6102134553698e621e4f9b87d7bfd5298e48827	openalex	work_by_openalex_id	openalex	W4241022874	1	1	publication_component:database:publication:doi:10.7287/peerj.preprints.27406/supp-2	native_title_evidence	recover_title
lookup:32d0d1ebbe827de04fa504fd798367311e743e78efb61d8dc345ca0ec1d392e2	openalex	work_by_openalex_id	openalex	W4240994384	1	1	publication_component:database:publication:doi:10.7287/peerj.preprints.482/supp-2	native_title_evidence	recover_title
lookup:32d9ed8ab7d2566f96f62bbadc740ec9d5d0448dc9af41ddf1d54f1a0761654b	openalex	work_by_doi	doi	10.1101/710533	1	1	publication_component:citation:publication:doi:10.1101/710533	conflict_all_exact_evidence	adjudicate_identifier_conflict
lookup:32ffa6844455786e77fb27eb22d22eaee30f3bbd2d2b1db7bfca2ecf2f24d5e9	openalex	work_by_openalex_id	openalex	W2148963653	1	1	publication_component:citation:publication:openalex:W2148963653	native_provider_identity	recover_title;resolve_provider_identity
lookup:33181558a23ef6da7bb492335f76d0686f08f1762511625e85fbfd4b65ae453e	openalex	work_by_openalex_id	openalex	W2046435207	1	1	publication_component:citation:publication:openalex:W2046435207	native_provider_identity	recover_title;resolve_provider_identity
lookup:3341d9122f6727696666b6fcca6315e920071ed2737fa1448d540994140158e0	openalex	work_by_openalex_id	openalex	W1557460561	1	1	publication_component:citation:publication:openalex:W1557460561	native_provider_identity	resolve_provider_identity
lookup:334cf0b3d1b41412c652837d2764ffe8f4bebb43a3e19664aa3716bba60e6e02	openalex	work_by_openalex_id	openalex	W3142773195	1	1	publication_component:citation:publication:openalex:W3142773195	native_provider_identity	resolve_provider_identity
lookup:337e99faa9c882606028d88b8f44ead11299b7a4030cd3573e41aaa0603ff469	opencitations_meta	metadata_by_doi	doi	10.1128/mbio.02359-20	1	1	publication_component:database:publication:doi:10.1128/mbio.02359-20	conflict_all_exact_evidence	adjudicate_identifier_conflict
lookup:33c5eb66b4f77d66ecb5fd60e409d9533af9eb3b7d82912f18bb26f5d5f8fc8d	openalex	work_by_openalex_id	openalex	W2146058063	1	1	publication_component:citation:publication:openalex:W2146058063	native_provider_identity	recover_title;resolve_provider_identity
lookup:33c6f105247e78420d9af1cc75055b363f9f60b136807bb47c7bd0919cd25df3	openalex	work_by_openalex_id	openalex	W1907806866	1	1	publication_component:citation:publication:openalex:W1907806866	native_provider_identity	recover_title;resolve_provider_identity
lookup:33c750f72bf1ea19c07efeeb5a61021e6c5bdaa7c89271be7657084a924af22e	opencitations_meta	metadata_by_doi	doi	10.1093/gbe/evac069	1	1	publication_component:citation:publication:doi:10.1093/gbe/evac069	conflict_all_exact_evidence	adjudicate_identifier_conflict
lookup:3411d45429d34491ae1b51c4b45b0feb15563e0f7ed763c309ad3f0a38a93eb9	openalex	work_by_openalex_id	openalex	W4413868849	1	1	publication_component:database:publication:doi:10.1101/2025.08.27.672632	conflict_all_exact_evidence	adjudicate_identifier_conflict
lookup:348250b874442f7d92a29e604d58cc7a47c292b98356499187d25c657f26ce5e	openalex	work_by_openalex_id	openalex	W1552307298	1	1	publication_component:citation:publication:openalex:W1552307298	native_provider_identity	resolve_provider_identity
lookup:3486dbcfcf3f8d60b3b10c46c7863ae967f226aee1541456056f394a04cd47a6	opencitations_meta	metadata_by_omid	omid	br/061601802470	1	1	publication_component:citation:publication:doi:10.1371/journal.ppat.1006997	native_title_evidence	recover_title
lookup:348c9d962aee26a4a6f6bd0591a3f0ce095a03e29ab98ff905a024b4bbe517b1	openalex	work_by_doi	doi	10.12688/f1000research.76068.5	1	1	publication_component:database:publication:doi:10.12688/f1000research.76068.5	conflict_all_exact_evidence	adjudicate_identifier_conflict
lookup:34ba6cc48a2d117243f7c1f950cca25473015d7ca17c7fbcd58fbd30640b49cd	openalex	work_by_openalex_id	openalex	W2763876765	1	1	publication_component:citation:publication:openalex:W2763876765	native_provider_identity	recover_title;resolve_provider_identity
lookup:34e2322c46ae7f1edb071d061f364b24ca968769231d518b46ea7188fb9c8026	opencitations_meta	metadata_by_doi	doi	10.7287/peerj.preprints.26577v1	1	1	publication_component:citation:publication:doi:10.7287/peerj.preprints.26577v1	conflict_all_exact_evidence	adjudicate_identifier_conflict;recover_title
lookup:34ebba8875f0110fbf2e082a6ec9723697a7fd6f4136c4dcff128e25bd233c96	openalex	work_by_openalex_id	openalex	W2179127114	1	1	publication_component:citation:publication:openalex:W2179127114	native_provider_identity	recover_title;resolve_provider_identity
lookup:34f5663bd42d1252798f2d4ae7123028f5e965e4d69e0f18c98b8210d5019add	openalex	work_by_pmid	pmid	35533072	1	1	publication_component:citation:publication:doi:10.1093/gbe/evac069	conflict_all_exact_evidence	adjudicate_identifier_conflict
lookup:3503026613f393f57b138f3b149127e011f42b57c41ab2b8c637d81389887d45	openalex	work_by_openalex_id	openalex	W4231172525	1	1	publication_component:database:publication:doi:10.1534/genetics.104.117275	conflict_all_exact_evidence	adjudicate_identifier_conflict
lookup:351bf2bd0f190a6ad3f9fd64d154087916e7e48a8e3073fba3a7f90be8334c93	openalex	work_by_openalex_id	openalex	W4399319307	1	1	publication_component:database:publication:doi:10.11646/phytotaxa.652.2	native_title_evidence	recover_title
lookup:352d4f1fa63b44236f6220a1bf4aac81a876e08bff5481185bfac298672cdd10	pubmed	record_by_pmid	pmid	31464627	2	2	publication_component:citation:publication:doi:10.1101/598821;publication_component:citation:publication:doi:10.1186/s13059-019-1793-1	conflict_all_exact_evidence	adjudicate_identifier_conflict
lookup:3533aed801c0e02f871c867258669528ee10e13c982eba033e02302560d77c2b	openalex	work_by_openalex_id	openalex	W4233054309	1	1	publication_component:database:publication:doi:10.7287/peerj.preprints.621v1/supp-4	native_title_evidence	recover_title
lookup:354b4cae9673f2eec24af813ac13e66af62831962ca7a860ad6501272df46803	openalex	work_by_openalex_id	openalex	W4243507571	1	1	publication_component:database:publication:doi:10.7287/peerj.preprints.243v1/supp-2	native_title_evidence	recover_title
lookup:355db6fe9b7ce0eefd3faad2abda2791794ffaf77a62fd72ee6f28d0eded679e	openalex	work_by_openalex_id	openalex	W2086528371	1	1	publication_component:citation:publication:openalex:W2086528371	native_provider_identity	recover_title;resolve_provider_identity
lookup:35647f5b9af15b36cc5fb84d392a27025b5db8db9a46d69626ed93556548a86b	opencitations_meta	metadata_by_omid	omid	br/061502266628	1	1	publication_component:citation:publication:doi:10.1101/2020.02.20.957068	native_title_evidence	recover_title
lookup:35808d14869cba82938a3c200730a4a2534a76bca8b285552cff7ca211a6d2db	openalex	work_by_pmid	pmid	12775522	2	2	publication_component:database:publication:doi:10.1080/10635150309322;publication_component:database:publication:doi:10.1080/10635150390196966	conflict_all_exact_evidence	adjudicate_identifier_conflict
lookup:358991f15e401b4f22131dedfbd1f699214c4e31aa1c26925e553297ec381c41	openalex	work_by_openalex_id	openalex	W2016000389	1	1	publication_component:citation:publication:openalex:W2016000389	native_provider_identity	recover_title;resolve_provider_identity
lookup:3596be620ba655803c8f65bb54424a93370105ba0ab792c40bf2eaee4c4d2f74	openalex	work_by_openalex_id	openalex	W4245513884	1	1	publication_component:database:publication:doi:10.1128/mcb.14.5.2985-2993.1994	conflict_all_exact_evidence	adjudicate_identifier_conflict
lookup:35c3a00f500dc04f99fd51b20fbdf607a0bd2c7353e7c5197a6e46c7af16b55d	openalex	work_by_openalex_id	openalex	W4241272712	1	1	publication_component:database:publication:doi:10.7287/peerj.preprints.377v1/supp-12	native_title_evidence	recover_title
lookup:35dea90c84dd0626fd439b476ae536c68688217af5bbf6efa48fd07eeba6dbdb	opencitations_meta	metadata_by_omid	omid	br/062601514181	1	1	publication_component:citation:publication:doi:10.1198/016214506000001437	native_title_evidence	recover_title
lookup:360b40f3de2af80237334c8c33c534985b8cb2349af90d8f64d5253b6cfa9f46	openalex	work_by_openalex_id	openalex	W4234560670	1	1	publication_component:database:publication:doi:10.7287/peerj.preprints.27329/supp-4	native_title_evidence	recover_title
lookup:36249a70d2614491fc94bf07678aa5a79658e054e7186f238563bcfac0231211	opencitations_meta	metadata_by_omid	omid	br/06701455142	1	1	publication_component:citation:publication:doi:10.1016/j.ygeno.2014.06.001	native_title_evidence	recover_title
lookup:369769b36784735b39b1c970e51000c4476791358b1ceb93d187390f16001ecc	openalex	work_by_openalex_id	openalex	W4244578039	1	1	publication_component:database:publication:doi:10.7287/peerj.preprints.1482/supp-4	native_title_evidence	recover_title
lookup:369dfa5e6b1ff745d974a119a2823419b5ad01f8ba694c9ceb810af774e9f81e	openalex	work_by_openalex_id	openalex	W4240797844	1	1	publication_component:database:publication:doi:10.7287/peerj.preprints.2663v2/supp-4	native_title_evidence	recover_title
lookup:369e4aa3c11012288544610ffc3ee716058a89b43d7a4bc550367ef3ce8a187e	openalex	work_by_pmid	pmid	29372116	2	2	publication_component:citation:publication:doi:10.1101/146951;publication_component:citation:publication:doi:10.7717/peerj.4234	conflict_all_exact_evidence	adjudicate_identifier_conflict
lookup:36d14147eb88257d327d61ba4fff4ca4821ec643844d73bc79e77a3e1afda9b2	opencitations_meta	metadata_by_omid	omid	br/06340505651	1	1	publication_component:citation:publication:doi:10.1101/2024.10.02.616334	native_title_evidence	recover_title
lookup:36d682db0f6e1aa16b4212574778b1bf2a9ef02cb4941a6534414aa228b80e7a	openalex	work_by_openalex_id	openalex	W4242013349	1	1	publication_component:database:publication:doi:10.7287/peerj.preprints.621v1/supp-8	native_title_evidence	recover_title
lookup:36e4b2029bf0232cca3121309cd516629f622f8b69c857de854f0d4fb1de2a6b	openalex	work_by_openalex_id	openalex	W4249809830	1	1	publication_component:database:publication:doi:10.7287/peerj.preprints.27406/supp-3	native_title_evidence	recover_title
lookup:370f55a9324a28fb4f81f7257ba59fab87f65fc062a3abd182c9b37102b08271	opencitations_meta	metadata_by_omid	omid	br/06120772386	1	1	publication_component:citation:publication:doi:10.1093/infdis/jix411	native_title_evidence	recover_title
lookup:373adad3960d3dd329689485337d33bf90cef92f773edec065a9821b98edc9b8	pubmed	record_by_pmid	pmid	34426844	1	1	publication_component:citation:publication:doi:10.1093/molbev/msab055	conflict_all_exact_evidence	adjudicate_identifier_conflict
lookup:375052445126442825a6d546a67f06fae4fc113fecff201f4f4c67f67a94970e	openalex	work_by_openalex_id	openalex	W4233815609	1	1	publication_component:citation:publication:openalex:W4233815609	native_provider_identity	recover_title;resolve_provider_identity
lookup:3778d0a7f9294c01d8663c3a4b6a71cdac69ff8e04f6b8cdffb2c7f225ba7155	openalex	work_by_openalex_id	openalex	W2246270786	1	1	publication_component:citation:publication:openalex:W2246270786	native_provider_identity	recover_title;resolve_provider_identity
lookup:38149301ed07906ee0e4635b5dc4cbda85f35e35f287664c8b07331873a0fa40	openalex	work_by_openalex_id	openalex	W2950672567	1	1	publication_component:citation:publication:openalex:W2950672567	native_provider_identity	recover_title;resolve_provider_identity
lookup:387e2b85d2a11a702406c839c2ceddd05ba0f5dea5799578d5e119e2c5183da8	openalex	work_by_openalex_id	openalex	W4237054439	1	1	publication_component:database:publication:doi:10.7287/peerj.preprints.27162/supp-10	native_title_evidence	recover_title
lookup:38830f0dfbe51b7cbc89881d2b5e1b099e01c748093876ea2dfa352c95d0fdfd	openalex	work_by_openalex_id	openalex	W2598067950	1	1	publication_component:citation:publication:openalex:W2598067950	native_provider_identity	resolve_provider_identity
lookup:3899e568973a4a506cab14c1816f1ca4917ba449e2ab0476faf09319c37f6125	openalex	work_by_openalex_id	openalex	W1974599898	1	1	publication_component:citation:publication:openalex:W1974599898	native_provider_identity	recover_title;resolve_provider_identity
lookup:38b0fb63afa7c3507d4345b23fc5c7aa4df0703204e862e47b98e84f25b9ad86	openalex	work_by_openalex_id	openalex	W4254125485	1	1	publication_component:database:publication:doi:10.7287/peerj.preprints.27162/supp-17	native_title_evidence	recover_title
lookup:38c8dc2c16185223e5749e6801c893835dec6329ee67cc26b5911cc55bf8db84	opencitations_meta	metadata_by_omid	omid	br/061103574812	1	1	publication_component:citation:publication:doi:10.1101/2022.10.26.513839	native_title_evidence	recover_title
lookup:393436054e676b5ecf571f559bda825484e409cc0f39aa4f630acbaa8e7b0ba0	openalex	work_by_openalex_id	openalex	W1846782763	1	1	publication_component:citation:publication:openalex:W1846782763	native_provider_identity	resolve_provider_identity
lookup:39df1f3a5f7487497ac9a4ba0224a72bda005fec5edcbec209228bcf6eba9ae3	openalex	work_by_openalex_id	openalex	W3110909731	1	1	publication_component:citation:publication:openalex:W3110909731	native_provider_identity	resolve_provider_identity
lookup:3a0f12953b35a5f8bdae081c37ef9518dbbf8421b11d48a10adb8a8da85452d7	opencitations_meta	metadata_by_omid	omid	br/06013144597	1	1	publication_component:citation:publication:doi:10.64898/2025.12.10.693425	native_title_evidence	recover_title
lookup:3a154052c28d6e1a36cda5bad35dd71f87b1aa01e829827b9b52e82aa99c90a2	openalex	work_by_openalex_id	openalex	W2949239325	1	1	publication_component:citation:publication:openalex:W2949239325	native_provider_identity	recover_title;resolve_provider_identity
lookup:3a57de2cd949f2e6f77f9de61c1ca166f3fee820c625a2e0b506adeb47efdd72	openalex	work_by_openalex_id	openalex	W2548174155	1	1	publication_component:citation:publication:openalex:W2548174155	native_provider_identity	resolve_provider_identity
lookup:3ae05ea45a4fba14587390b3c12143e89c154339450128dc9f8b9484b357967a	openalex	work_by_openalex_id	openalex	W1593676244	1	1	publication_component:citation:publication:openalex:W1593676244	native_provider_identity	recover_title;resolve_provider_identity
lookup:3b277ce9f5870446dfb1bc721bfd62915a6d69ace0dcb5cd299b680fb25c53e5	opencitations_meta	metadata_by_doi	doi	10.1111/evo.13922	1	1	publication_component:citation:publication:doi:10.1111/evo.13922	conflict_all_exact_evidence	adjudicate_identifier_conflict
lookup:3b28be7d02a5f9cd75d05444bae1d90ebec55d29ae4f04fa384222e7db59661c	opencitations_meta	metadata_by_omid	omid	br/06501814267	1	1	publication_component:citation:publication:doi:10.1101/2020.01.13.901538	conflict_all_exact_evidence	adjudicate_identifier_conflict
lookup:3b51062d900cedc1df25a664f63c2ebca6b10c37a4a07a837d4f88c174574dff	opencitations_meta	metadata_by_omid	omid	br/061903882017	1	1	publication_component:citation:publication:doi:10.7287/peerj.preprints.1895v1	native_title_evidence	recover_title
lookup:3b876b09a4342c985b1e61d685d5c2ef43d440b0528e0f0d9cfd0438e6b9540f	opencitations_meta	metadata_by_doi	doi	10.1134/s1022795413050049	1	1	publication_component:database:publication:doi:10.1134/s1022795413050049	conflict_all_exact_evidence	adjudicate_identifier_conflict
lookup:3b9b25e25589f0e3e4fe01d19a4859ecd4ad35e4d06a45dcc43397378abc4e90	openalex	work_by_openalex_id	openalex	W4232645394	1	1	publication_component:database:publication:doi:10.7287/peerj.preprints.243/supp-1	native_title_evidence	recover_title
lookup:3c2a9a2fc26a92679e1399413ae6b6246461b04096e1ba7a99f5a0128a3a494d	opencitations_meta	metadata_by_omid	omid	br/06601477788	1	1	publication_component:citation:publication:doi:10.1038/nrg.2016.49	native_title_evidence	recover_title
lookup:3c513f20df611de9a4a2ff1fd49849e5376605ffd275340f7a1e2f16d3ee7eb4	openalex	work_by_openalex_id	openalex	W4231431230	1	1	publication_component:database:publication:doi:10.7287/peerj.preprints.377v1/supp-9	native_title_evidence	recover_title
lookup:3c5f4b50f057255d6ed8478e3a6660a8bbe7588242b2d83e897214f0f0c89277	openalex	work_by_openalex_id	openalex	W4232569206	1	1	publication_component:database:publication:doi:10.7287/peerj.preprints.482/supp-3	native_title_evidence	recover_title
lookup:3ca60e4cfcfedbdfafcdd4044a8530b3e25938a6e6a5b79354ac09deaaa8e14b	openalex	work_by_openalex_id	openalex	W2887113590	1	1	publication_component:citation:publication:openalex:W2887113590	native_provider_identity	resolve_provider_identity
lookup:3cacbeea5a1d19286668a1030d98b529d603d1049857d6b71516dd9671dba7ed	openalex	work_by_doi	doi	10.1111/cla.12454	1	1	publication_component:citation:publication:doi:10.1111/cla.12454	conflict_all_exact_evidence	adjudicate_identifier_conflict
lookup:3cc9c0d30e5a5182c2600079c18fe7b6686d6385f63c8bf18b2859700be9e6ff	openalex	work_by_openalex_id	openalex	W1881807356	1	1	publication_component:citation:publication:openalex:W1881807356	native_provider_identity	recover_title;resolve_provider_identity
lookup:3cd35ec229bd55aa651610a476b668773d95e5c7f8761fdc6f02214d220e2e85	openalex	work_by_openalex_id	openalex	W1853989166	1	1	publication_component:citation:publication:openalex:W1853989166	native_provider_identity	recover_title;resolve_provider_identity
lookup:3cded519daa9ddd8155dfcfce570a7eee6b7a788d9c948526a45805e9c98a0ad	opencitations_meta	metadata_by_omid	omid	br/062401228893	1	1	publication_component:citation:publication:doi:10.1086/503914	native_title_evidence	recover_title
lookup:3cf6c476fdbfd7e199900c5be205e26f6a690f29dc0fcde167bfffaf9c9a96a6	openalex	work_by_openalex_id	openalex	W2141052558	1	1	publication_component:citation:publication:openalex:W2141052558	native_provider_identity	recover_title;resolve_provider_identity
lookup:3d3f9c499d9fe6df3d2690fecb11c2d18811aa726e3fe1039907b9a3bb21ff14	openalex	work_by_openalex_id	openalex	W4254920836	1	1	publication_component:database:publication:doi:10.7287/peerj.preprints.27329v1/supp-1	native_title_evidence	recover_title
lookup:3d42b4cb46fb71b29a8edaf5f6a48fcc0d23da533d863f1aee74a281473d6d6b	openalex	work_by_openalex_id	openalex	W2334380117	1	1	publication_component:citation:publication:openalex:W2334380117	native_provider_identity	recover_title;resolve_provider_identity
lookup:3d76f314e3bf4a277bc2dd77cd4b38a80ecf33d4ea706c45724a21f216da63fa	opencitations_meta	metadata_by_omid	omid	br/061801032550	1	1	publication_component:citation:publication:doi:10.1080/106351500750049752	native_title_evidence	recover_title
lookup:3d91fe8ffdcde9b84efe71343f12cfc57dfd577a97163d0fc4087e91977b737f	openalex	work_by_openalex_id	openalex	W4229775905	1	1	publication_component:database:publication:doi:10.7287/peerj.preprints.377/supp-11	native_title_evidence	recover_title
lookup:3d9880da1e5b12262a4e8c01ec5758de4d18d74799321c4233f4a848db3d006a	opencitations_meta	metadata_by_omid	omid	br/061901793985	1	1	publication_component:citation:publication:doi:10.1371/journal.ppat.1003932	native_title_evidence	recover_title
lookup:3d9da87eb314d7c8ed5f5cb9975bc9d4d841e547040ffad0078d1bc10808bd8d	opencitations_meta	metadata_by_omid	omid	br/0660211208	1	1	publication_component:citation:publication:doi:10.1127/0003-5548/2013/0313	native_title_evidence	recover_title
lookup:3da89aecbac17798debf8db133b44f8d7af71d754f4deaa7501044f8b9e89dfb	openalex	work_by_openalex_id	openalex	W2121044470	1	1	publication_component:citation:publication:openalex:W2121044470	native_provider_identity	recover_title;resolve_provider_identity
lookup:3db0b06ee16c78bbd8391df8aef1a1ad8b3a21312b5eea3f6f1731fe27f02f59	opencitations_meta	metadata_by_doi	doi	10.1101/2020.01.13.901538	1	1	publication_component:citation:publication:doi:10.1101/2020.01.13.901538	conflict_all_exact_evidence	adjudicate_identifier_conflict
lookup:3de41999251f542c7b718b94d50a584ebeaf1dfc4403d98285e3824a48bfa5d4	opencitations_meta	metadata_by_doi	doi	10.1016/j.tplants.2018.05.006	1	1	publication_component:citation:publication:doi:10.1016/j.tplants.2018.05.006	conflict_all_exact_evidence	adjudicate_identifier_conflict;recover_title
lookup:3df6c08324cbff6e037c2abd9ef740f342797f0ff4808ce7f2e0f6de5505e1b9	opencitations_meta	metadata_by_omid	omid	br/06102309329	1	1	publication_component:citation:publication:doi:10.1201/b17511	native_title_evidence	recover_title
lookup:3e38181b01f6aad2cb3f5909aaf07ba734851f98a04598d5251a21ad3cb9176b	openalex	work_by_pmid	pmid	31233486	2	2	publication_component:citation:publication:doi:10.1101/443945;publication_component:citation:publication:doi:10.1371/journal.pbio.3000341	conflict_all_exact_evidence	adjudicate_identifier_conflict
lookup:3e8798e68a9626179656170ede2ff8e6264b97fd4cc794421bd764ad2198b168	openalex	work_by_openalex_id	openalex	W4235776043	1	1	publication_component:database:publication:doi:10.7287/peerj.preprints.377v1/supp-6	native_title_evidence	recover_title
lookup:3e89727172cc11ecc10b5ba8ea62bc928c5eb31f28921901c6eeee5e89385622	openalex	work_by_openalex_id	openalex	W3003521128	1	1	publication_component:citation:publication:openalex:W3003521128	native_provider_identity	resolve_provider_identity
lookup:3e94c231dbcb6f9e91df14b1a6110fb0cadb2e0ab0befd78e10642e29ab01543	openalex	work_by_openalex_id	openalex	W2041903808	1	1	publication_component:citation:publication:openalex:W2041903808	native_provider_identity	recover_title;resolve_provider_identity
lookup:3ea89ea57c66ad71bd2c146e46d1d7d44cffba56eda89a933f8397b8197907c7	openalex	work_by_openalex_id	openalex	W4245133048	1	1	publication_component:database:publication:doi:10.7287/peerj.preprints.2757v1/supp-1	native_title_evidence	recover_title
lookup:3ed81a5bc5f9b607ee7239c8a457d69ac5f766c643302a4ba346c7e40f7e6d60	openalex	work_by_openalex_id	openalex	W4233109582	1	1	publication_component:database:publication:doi:10.7287/peerj.preprints.377/supp-8	native_title_evidence	recover_title
lookup:3effb48ad6126948c59d7bfc420a6ceecff600f9abdc4e2ccc4b704b5b0e8af8	opencitations_meta	metadata_by_doi	doi	10.7554/elife.05055	1	1	publication_component:citation:publication:doi:10.7554/elife.05055	conflict_all_exact_evidence	adjudicate_identifier_conflict
lookup:3f07000720656d24d6f24ef85969b6f493819b4aa6a94e9604c802911464db1f	openalex	work_by_openalex_id	openalex	W4246433740	1	1	publication_component:database:publication:doi:10.7287/peerj.preprints.2903v1/supp-1	native_title_evidence	recover_title
lookup:3f11976ca04743796b95eb619ca1dcd9e0e077ac549710d20c154b97af72798d	openalex	work_by_openalex_id	openalex	W4249133570	1	1	publication_component:database:publication:doi:10.7287/peerj.preprints.621/supp-1	native_title_evidence	recover_title
lookup:3f16121fe76049b5357f6000e3f7089b80e0ab674e47913e7e1173346253271d	openalex	work_by_openalex_id	openalex	W655654533	1	1	publication_component:citation:publication:openalex:W655654533	native_provider_identity	resolve_provider_identity
lookup:3f2d9c04f1eb8670af2ecf90cb097e4cbf5b299d7c82ab86032b3600a305d9b9	openalex	work_by_openalex_id	openalex	W2135611147	1	1	publication_component:citation:publication:openalex:W2135611147	native_provider_identity	recover_title;resolve_provider_identity
lookup:3f34ffe22e3bbb53a3d7c51f6289393368903c05d4f43efab0ff402eaf9117f9	opencitations_meta	metadata_by_doi	doi	10.1101/710533	1	1	publication_component:citation:publication:doi:10.1101/710533	conflict_all_exact_evidence	adjudicate_identifier_conflict
lookup:3f3b50a8d240fd14321997fe4dd7557ef14393f9194ca291360693130fd5d4fa	opencitations_meta	metadata_by_doi	doi	10.1089/106652700750050925	1	1	publication_component:database:publication:doi:10.1089/106652700750050925	conflict_all_exact_evidence	adjudicate_identifier_conflict
lookup:3f412ce4211d5c3eed59c07cfb017856634a623e0ee5b8c4507a21ee84512878	openalex	work_by_openalex_id	openalex	W4238542636	1	1	publication_component:database:publication:doi:10.7287/peerj.preprints.27329v1/supp-6	native_title_evidence	recover_title
lookup:3f53c5c1d548f64f3dd7b682a02d0ac949d23728157a3458e0d101345a6d52e9	opencitations_meta	metadata_by_omid	omid	br/06015168332	1	1	publication_component:citation:publication:doi:10.21203/rs.3.rs-8265704/v1	native_title_evidence	recover_title
lookup:3f67b4e472929ad110e8f6136d344892dc0f8b4aa51c546cebeb944b276b012d	openalex	work_by_openalex_id	openalex	W2186033574	1	1	publication_component:citation:publication:openalex:W2186033574	native_provider_identity	resolve_provider_identity
lookup:3f8733b4a0a7e26dcc87ee8dab3e92823b7d8077a6d71193183dd58697ba4236	openalex	work_by_openalex_id	openalex	W2409218178	1	1	publication_component:citation:publication:openalex:W2409218178	native_provider_identity	recover_title;resolve_provider_identity
lookup:3faa1b4464bacc98cd1cdfcbe5d7e88061f6a4fe0f2e03490c88ef2ef5698bdf	openalex	work_by_pmid	pmid	28516864	2	2	publication_component:citation:publication:doi:10.17863/cam.10253;publication_component:citation:publication:doi:10.3201/eid2306.161934	conflict_all_exact_evidence	adjudicate_identifier_conflict;recover_title
lookup:3fea98db24f1b136a70938a41581ba37343bf06722a8a9906812c37bf60e4121	opencitations_meta	metadata_by_omid	omid	br/06202672245	1	1	publication_component:citation:publication:doi:10.1101/2022.02.04.479011	conflict_all_exact_evidence	adjudicate_identifier_conflict
lookup:3ff7a8f4eccd3e5a198c147f5031f70d55010319f5a2451a9ddd5ea7672ffddb	pubmed	record_by_pmid	pmid	29888138	2	2	publication_component:citation:publication:doi:10.7287/peerj.preprints.26577v1;publication_component:citation:publication:doi:10.7717/peerj.4953	conflict_all_exact_evidence	adjudicate_identifier_conflict;recover_title
lookup:40301292d9e7891cefbf258f5da11562fedaa69e8ba0008d27ad81bd4223bfdb	openalex	work_by_openalex_id	openalex	W2160106395	1	1	publication_component:citation:publication:openalex:W2160106395	native_provider_identity	resolve_provider_identity
lookup:403f3bd3843e300e9b33bff89f035589cd38fe0ed7bc1de197753f8cfa93359f	opencitations_meta	metadata_by_omid	omid	br/06401657311	1	1	publication_component:citation:publication:doi:10.1101/002766	conflict_all_exact_evidence	adjudicate_identifier_conflict
lookup:406def4fc69930661888e2fe1d86d3a3be3512f7a440ca48fb513b5576078ef4	openalex	work_by_doi	doi	10.7717/peerj.2437	1	1	publication_component:citation:publication:doi:10.7717/peerj.2437	conflict_all_exact_evidence	adjudicate_identifier_conflict
lookup:4070df728a6c3929ac340fce401f1c51a8e1c3f1b6bb224f05314eba221f0547	opencitations_meta	metadata_by_doi	doi	10.1111/tpj.70981	1	1	publication_component:database:publication:doi:10.1111/tpj.70981	conflict_all_exact_evidence	adjudicate_identifier_conflict
lookup:408245cb3b948ee94b78d36b38c1ede3069cd4723e93b7c487837ed7ab611cd4	opencitations_meta	metadata_by_omid	omid	br/0680467815	1	1	publication_component:citation:publication:doi:10.1016/j.molmed.2011.12.001	native_title_evidence	recover_title
lookup:40ad5cab5960a84d95d38212bc822b2a159f6d1a2a5d5aaf5d54e6d5ed364707	openalex	work_by_openalex_id	openalex	W2619313640	1	1	publication_component:citation:publication:openalex:W2619313640	native_provider_identity	recover_title;resolve_provider_identity
lookup:40b81184ed187a793da635b8e3165cdcfe7e5ae9a9e82903405a2419152a5445	openalex	work_by_openalex_id	openalex	W96948675	1	1	publication_component:citation:publication:openalex:W96948675	native_provider_identity	resolve_provider_identity
lookup:4149814d202b732e53563d282821c2087ac6976a38794dbbba809805c084d01c	opencitations_meta	metadata_by_omid	omid	br/062501141829	1	1	publication_component:citation:publication:doi:10.1093/oxfordjournals.molbev.a003776	native_title_evidence	recover_title
lookup:415089809e174802cb2fb283e559d0914d0a85e1279c3c4a4e48454bde81f442	opencitations_meta	metadata_by_omid	omid	br/06120243213	1	1	publication_component:citation:publication:doi:10.1007/bf02407308	native_title_evidence	recover_title
lookup:41c63ba5dc3ab98669d00758313ba5e7865c43c5025b0eefef535b9a3282a9fd	openalex	work_by_openalex_id	openalex	W3134629063	1	1	publication_component:database:publication:doi:10.34944/dspace/7022	conflict_all_exact_evidence	adjudicate_identifier_conflict
lookup:41f07f3eea80807f9fbcf4b3ee62b5774c1e19711bdacb70a99e914e89776b51	openalex	work_by_openalex_id	openalex	W652889108	1	1	publication_component:citation:publication:openalex:W652889108	native_provider_identity	resolve_provider_identity
lookup:42083590063a5045e3f377a058cb7078be28dc656c4bdc365acfa3dbed7755e8	opencitations_meta	metadata_by_omid	omid	br/06101168604	1	1	publication_component:citation:publication:doi:10.1093/molbev/msl178	native_title_evidence	recover_title
lookup:4215dc2b1a0b0770425d44fe5ae9d32bceb83d570bcebbd7b9cc16b1d488517a	openalex	work_by_openalex_id	openalex	W4244682811	1	1	publication_component:database:publication:doi:10.7287/peerj.preprints.1283/supp-2	native_title_evidence	recover_title
lookup:422e1ffd3c864f98bf99f7a3df8ad41938fd85b75aec8b340729cb0b5ffc39b2	openalex	work_by_doi	doi	10.1371/journal.pgen.1005331	1	1	publication_component:citation:publication:doi:10.1371/journal.pgen.1005331	conflict_all_exact_evidence	adjudicate_identifier_conflict
lookup:424e3cb99d52cd9b167ab6fe7e28bb1c59b317f8a63160c6d84a66a38d57b854	openalex	work_by_openalex_id	openalex	W4392634648	1	1	publication_component:citation:publication:doi:10.15407/agrisp10.03	native_title_evidence	recover_title
lookup:427ad1be3f5feb7a4bc99800284ffabdc83a448b045ff00f81c1e963bc0517e3	openalex	work_by_openalex_id	openalex	W2950734189	1	1	publication_component:citation:publication:doi:10.1371/journal.pbio.3000341	conflict_all_exact_evidence	adjudicate_identifier_conflict
lookup:42c6ba642a159924515e6e8e5cab3df3042528eb72bb33c060cb0167470a664b	pubmed	record_by_pmid	pmid	33624822	1	1	publication_component:citation:publication:doi:10.1093/molbev/msab055	conflict_all_exact_evidence	adjudicate_identifier_conflict
lookup:42c6fe6acaaccad116edbfba8136cb96bb300d4a0419cf415046f2a0ed154b9b	openalex	work_by_openalex_id	openalex	W2107161940	1	1	publication_component:database:publication:doi:10.1128/mcb.14.5.2985	conflict_all_exact_evidence	adjudicate_identifier_conflict
lookup:42ccadb858e5915f0e0f9e141cc319b4c43458788b792b55c7cb4293946c09ee	openalex	work_by_openalex_id	openalex	W2101095863	1	1	publication_component:citation:publication:openalex:W2101095863	native_provider_identity	recover_title;resolve_provider_identity
lookup:42e52ebc59d18d64b5e8b0cf78936891477ccddb4e60c61046093e575981583e	openalex	work_by_openalex_id	openalex	W4236731071	1	1	publication_component:database:publication:doi:10.7287/peerj.preprints.1482/supp-12	native_title_evidence	recover_title
lookup:431a1d7a62dda234ff4551c7fdd0cef468e6f3816d61698b5463170ec4467d41	openalex	work_by_openalex_id	openalex	W2144376678	1	1	publication_component:citation:publication:doi:10.7717/peerj.642	conflict_all_exact_evidence	adjudicate_identifier_conflict
lookup:435df8d212bc6289c00294fe6ca8c27ed27e53545ec72e8667ee710520f2d5c1	openalex	work_by_doi	doi	10.1134/s1022795413050049	1	1	publication_component:database:publication:doi:10.1134/s1022795413050049	conflict_all_exact_evidence	adjudicate_identifier_conflict
lookup:435ff989c19300ea28cc2c33350663d939adf979124d1b0bb50bf9c1cb241a19	openalex	work_by_openalex_id	openalex	W2159044370	1	1	publication_component:citation:publication:openalex:W2159044370	native_provider_identity	recover_title;resolve_provider_identity
lookup:438dbdbc4ea8880e900eb2c4599116a9c5de49e148dd179d6a0acf8047975fa2	openalex	work_by_openalex_id	openalex	W4240576623	1	1	publication_component:database:publication:doi:10.7287/peerj.preprints.373/supp-4	native_title_evidence	recover_title
lookup:43a24b94f736d506075faa5fae6fd4e24f39214d36eb16946fb7b4d34ab3100c	openalex	work_by_openalex_id	openalex	W2335680057	1	1	publication_component:citation:publication:openalex:W2335680057	native_provider_identity	recover_title;resolve_provider_identity
lookup:43fbe5924d9788a8b1030ed4147c099d52cecfdc0a5f24c06ca2f51b30893fed	opencitations_meta	metadata_by_omid	omid	br/0670836728	1	1	publication_component:citation:publication:doi:10.5451/unibas-ep72445	conflict_all_exact_evidence	adjudicate_identifier_conflict;recover_title
lookup:440c232607a397ac6032cb579955ae60b23e8b132cffbfe71e8c3c6cd3500373	openalex	work_by_openalex_id	openalex	W4245788452	1	1	publication_component:database:publication:doi:10.7287/peerj.preprints.2741v1/supp-6	native_title_evidence	recover_title
lookup:4416e97c2cea1bcc15895135bd8d118eb980ba1ddbfaf85a1a4f4a9fef6262af	opencitations_meta	metadata_by_omid	omid	br/062501141983	1	1	publication_component:citation:publication:doi:10.1093/oxfordjournals.molbev.a003945	native_title_evidence	recover_title
lookup:441eb460d10b1e7704d9a14ac6dc0226a0ad19f6440dd9f59a3bab53286c0d56	openalex	work_by_openalex_id	openalex	W3157719597	1	1	publication_component:citation:publication:openalex:W3157719597	native_provider_identity	resolve_provider_identity
lookup:44597e9feee9e85daf94385c36b95f06f8afa8fb674de84091c78c02d9ea7c97	openalex	work_by_openalex_id	openalex	W4238590003	1	1	publication_component:database:publication:doi:10.7287/peerj.preprints.2741/supp-2	native_title_evidence	recover_title
lookup:44624e639adf369857bb24c0fd7f886f224688fa07bb27fab11d5a49044c80e8	openalex	work_by_openalex_id	openalex	W4240565520	1	1	publication_component:database:publication:doi:10.7287/peerj.preprints.1482v1/supp-2	native_title_evidence	recover_title
lookup:4467bdcc2a5ae8b009b806cab9754431b2a6cf6d706c1f911493259537a996e1	openalex	work_by_openalex_id	openalex	W6681312866	1	1	publication_component:citation:publication:openalex:W6681312866	native_provider_identity	recover_title;resolve_provider_identity
lookup:4499e4db88b20e4f8dc23cf20585e91f376b8ce989ad2dd71d794e9a19c0272b	openalex	work_by_openalex_id	openalex	W2112282403	1	1	publication_component:citation:publication:openalex:W2112282403	native_provider_identity	recover_title;resolve_provider_identity
lookup:44a0b3927f4e854edac41fb3f7c8aa7a0b1713aea4ad69a8bc9117a7a1b5ec86	opencitations_meta	metadata_by_doi	doi	10.1101/030619	1	1	publication_component:citation:publication:doi:10.1101/030619	conflict_all_exact_evidence	adjudicate_identifier_conflict
lookup:44a2b17a52d075ed22d7085959ed4e7d569bb15cdc2d5b8e8894c7467dd361dc	opencitations_meta	metadata_by_doi	doi	10.1101/009134	1	1	publication_component:citation:publication:doi:10.1101/009134	conflict_all_exact_evidence	adjudicate_identifier_conflict
lookup:44ccdb993b0d1d599776d16b9485367c4df9fb50f6f6af579beb0df130187c04	openalex	work_by_openalex_id	openalex	W4256168354	1	1	publication_component:database:publication:doi:10.7287/peerj.preprints.621v2/supp-1	native_title_evidence	recover_title
lookup:44df8723b4c0521480def060a19c593e9abc605275a51330352b988367854ea3	openalex	work_by_openalex_id	openalex	W4240336211	1	1	publication_component:database:publication:doi:10.7287/peerj.preprints.1482/supp-1	native_title_evidence	recover_title
lookup:44e3275936b4b64bb5f8578f1ab4292e81b1c05e2f35b5cd61aa945a2361f371	openalex	work_by_pmid	pmid	26562410	2	2	publication_component:citation:publication:doi:10.1101/024190;publication_component:citation:publication:doi:10.1371/journal.ppat.1005279	conflict_all_exact_evidence	adjudicate_identifier_conflict
lookup:44f4f60a0be9d9dbc86c3081c7a0b2d3a5bb4468157cba5339c8215ac2d15e58	openalex	work_by_openalex_id	openalex	W2151983644	1	1	publication_component:citation:publication:openalex:W2151983644	native_provider_identity	recover_title;resolve_provider_identity
lookup:4513f6d31fb0d6966dc6f4d62dbdc5e72af6236abda02b2b47d7ca7836117953	openalex	work_by_openalex_id	openalex	W4233111460	1	1	publication_component:database:publication:doi:10.7287/peerj.preprints.1482/supp-15	native_title_evidence	recover_title
lookup:45184bd9d668eb81c9052bade69721646a528264e5544c96e0890177a264c443	opencitations_meta	metadata_by_doi	doi	10.1046/j.1469-1809.1999.6360489.x	1	1	publication_component:database:publication:doi:10.1046/j.1469-1809.1999.6360489.x	conflict_all_exact_evidence	adjudicate_identifier_conflict
lookup:45288ae0a07cfac151b376c3db0a8b575c1eb783e6355370e8c7d96cf8d1e9cd	openalex	work_by_openalex_id	openalex	W4232280994	1	1	publication_component:database:publication:doi:10.7287/peerj.preprints.377v1/supp-10	native_title_evidence	recover_title
lookup:45405930cd79119129fac0475903c5345d5d49795df621e0d9ab2ebb312ed1e0	opencitations_meta	metadata_by_doi	doi	10.1101/024190	1	1	publication_component:citation:publication:doi:10.1101/024190	conflict_all_exact_evidence	adjudicate_identifier_conflict
lookup:45bcdeae9ad0b5e19b4aa942cfa2ef43f0ef5a967fe1fa5cf6341cc71fe0ed7d	openalex	work_by_pmid	pmid	31028697	2	2	publication_component:citation:publication:doi:10.1093/gbe/evz090;publication_component:database:publication:doi:10.1093/gbe/evz101	conflict_all_exact_evidence	adjudicate_identifier_conflict
lookup:45ee7f6613c7f64f2d265334bac82605ed351e2e0db2b8cfae257551ddc04698	pubmed	record_by_pmid	pmid	39554852	2	2	publication_component:citation:publication:doi:10.12688/f1000research.76068.4;publication_component:database:publication:doi:10.12688/f1000research.76068.5	conflict_all_exact_evidence	adjudicate_identifier_conflict
lookup:46bc5c57c4db54d9500673160f651e4acace804e164515686edda0399a68e5aa	openalex	work_by_openalex_id	openalex	W4241811523	1	1	publication_component:database:publication:doi:10.7287/peerj.preprints.26449v1/supp-1	native_title_evidence	recover_title
lookup:46bf66ba9f01159fb9ce947f4816f09d00fc2b1eae063e6780749b7f063e2363	opencitations_meta	metadata_by_omid	omid	br/061202040593	1	1	publication_component:citation:publication:doi:10.1016/j.archoralbio.2004.09.004	native_title_evidence	recover_title
lookup:46c301e3c943a7006ff56fde40caa4fd6486badea540463cc137a92909d0c41b	openalex	work_by_openalex_id	openalex	W4231807901	1	1	publication_component:database:publication:doi:10.7287/peerj.preprints.373/supp-2	native_title_evidence	recover_title
lookup:46d6d2b85dc6b890a557f3a67bc67028d8f273e44a4270e6e353aca4cbdf8681	openalex	work_by_openalex_id	openalex	W2887199352	1	1	publication_component:citation:publication:openalex:W2887199352	native_provider_identity	resolve_provider_identity
lookup:46f764142f46292f06c61e92750b5778a18132326c795c3a6942fdca1dad2507	openalex	work_by_openalex_id	openalex	W4243979119	1	1	publication_component:database:publication:doi:10.7287/peerj.preprints.1482v1/supp-4	native_title_evidence	recover_title
lookup:470c325ccbe49f97104190803b90bb2d19d62bb70f8717dc299c6a619f68b01b	opencitations_meta	metadata_by_omid	omid	br/062501141833	1	1	publication_component:citation:publication:doi:10.1093/oxfordjournals.molbev.a003974	native_title_evidence	recover_title
lookup:47175037f9af5bd7c9bb03c07aef8af8f2aae8708deedacd620bfbfddb4f749c	opencitations_meta	metadata_by_omid	omid	br/062401163852	1	1	publication_component:citation:publication:doi:10.2174/0929866511107010979	native_title_evidence	recover_title
lookup:472cf463d06c1b21be023086bc4d211df346d18527823a778425aeda6ae4687a	openalex	work_by_openalex_id	openalex	W4415355517	1	1	publication_component:database:publication:doi:10.11646/phytotaxa.725.1	native_title_evidence	recover_title
lookup:472ecfdc9818d40171cf1336844c9e8af91062aa8fbccc5346c7632037fd9faf	opencitations_meta	metadata_by_omid	omid	br/061403552123	1	1	publication_component:citation:publication:doi:10.1101/2022.10.22.513338	native_title_evidence	recover_title
lookup:473ac4d879233973118f28a9fc306c065bd51634782cfd29b3747dcd057eeed7	openalex	work_by_openalex_id	openalex	W4236601581	1	1	publication_component:database:publication:doi:10.7287/peerj.preprints.2663/supp-3	native_title_evidence	recover_title
lookup:4773ceda59e641d6a0be558336e68e780d7d807e4ba3a087d8cf1f66f3dcbc06	openalex	work_by_openalex_id	openalex	W2311322965	1	1	publication_component:citation:publication:openalex:W2311322965	native_provider_identity	resolve_provider_identity
lookup:477bb1b7acf48952fbad750df21f38a7c54910eec25f2d50266ca33ecbc08830	opencitations_meta	metadata_by_doi	doi	10.17863/cam.10253	1	1	publication_component:citation:publication:doi:10.17863/cam.10253	conflict_all_exact_evidence	adjudicate_identifier_conflict;recover_title
lookup:4782ac7f0758ddc7319913688a19af7d2e4b5841cf44ebc91b67a9d8d90b4cc5	openalex	work_by_openalex_id	openalex	W4249882635	1	1	publication_component:database:publication:doi:10.7287/peerj.preprints.2787/supp-1	native_title_evidence	recover_title
lookup:478d5e955cfda19fce81dc40c97a5ecfb3ba4e4546c38df082e95e6060f8aa5e	openalex	work_by_openalex_id	openalex	W2171170496	1	1	publication_component:citation:publication:openalex:W2171170496	native_provider_identity	resolve_provider_identity
lookup:47a62b79ea93b0e6b11dfce121c71cadb364d9ab54506b39bf715f81001a3ac1	openalex	work_by_openalex_id	openalex	W4236164001	1	1	publication_component:database:publication:doi:10.7287/peerj.preprints.2058/supp-6	native_title_evidence	recover_title
lookup:47dcd6f53d99c3fa681796d278e3376b15ca1a224430482288e335fb61ed59ed	openalex	work_by_openalex_id	openalex	W4240669935	1	1	publication_component:database:publication:doi:10.7287/peerj.preprints.3488v2/supp-1	native_title_evidence	recover_title
lookup:47f2337430adbdde4390e3acf28ffd842620ec9c8584d3938ace54cbd47aac8a	openalex	work_by_openalex_id	openalex	W4254035069	1	1	publication_component:database:publication:doi:10.7287/peerj.preprints.2300v1/supp-3	native_title_evidence	recover_title
lookup:47f701039aade9223898f3235b7fff06bef45e28c88386dc5afc51439b05ff0a	opencitations_meta	metadata_by_omid	omid	br/062301147364	1	1	publication_component:citation:publication:doi:10.1093/molbev/msw026	native_title_evidence	recover_title
lookup:481c6c426a98ad98561ea868221e39bf8dba25d7a5c3e53c3fba5fa2827329be	openalex	work_by_openalex_id	openalex	W4254850720	1	1	publication_component:database:publication:doi:10.7287/peerj.preprints.27406/supp-1	native_title_evidence	recover_title
lookup:481dd52402f3be4a73576eda665498ac1f402509690a74d3af9bb6dfd706588c	openalex	work_by_openalex_id	openalex	W2025021478	1	1	publication_component:citation:publication:openalex:W2025021478	native_provider_identity	recover_title;resolve_provider_identity
lookup:4828106be3bc2714da6f0f03be0c6a833f2abe0a0eff514d881272eb0dc4e113	openalex	work_by_openalex_id	openalex	W4253165917	1	1	publication_component:database:publication:doi:10.7287/peerj.preprints.27342/supp-2	native_title_evidence	recover_title
lookup:48474f66187ac3b42471faba293a0114dcd9f0e595ed18843273ef66816e040f	opencitations_meta	metadata_by_doi	doi	10.1128/mbio.01206-20	1	1	publication_component:citation:publication:doi:10.1128/mbio.01206-20	conflict_all_exact_evidence	adjudicate_identifier_conflict
lookup:48733765a98a473a14345968983ec05044f133980529c201725e9d3bc72285d3	opencitations_meta	metadata_by_omid	omid	br/06029107767	1	1	publication_component:citation:publication:doi:10.7287/peerj.10456v0.1/reviews/1	native_title_evidence	recover_title
lookup:491fbe7ed1dda419e4ee985c1c4d2ea35cbd36bba1a6f3671bef71c798367611	openalex	work_by_openalex_id	openalex	W2078253282	1	1	publication_component:citation:publication:openalex:W2078253282	native_provider_identity	recover_title;resolve_provider_identity
lookup:493d93d68eef28fe1aee70032ce8cf87d41f7f4c1d98c01ad80f4bffa824e7fb	openalex	work_by_openalex_id	openalex	W4241591659	1	1	publication_component:database:publication:doi:10.7287/peerj.preprints.2058v1/supp-6	native_title_evidence	recover_title
lookup:4951c40d8598e07b4dae85ef640db95ddafc09d46c6aaeaaef77d1e3995323c1	opencitations_meta	metadata_by_omid	omid	br/06410249802	1	1	publication_component:citation:publication:doi:10.11234/jsbibr.2021.7	native_title_evidence	recover_title
lookup:49779861a413db685ec90da70fd29fac76ac787d9b274dafb1104bd4bd85a398	openalex	work_by_openalex_id	openalex	W7163205	1	1	publication_component:citation:publication:openalex:W7163205	native_provider_identity	resolve_provider_identity
lookup:498878d54a5ab835a9bf663310d3d6125ffa00d81a967ab3d379a8e4c72da4c6	openalex	work_by_openalex_id	openalex	W2135415614	1	1	publication_component:citation:publication:openalex:W2135415614	native_provider_identity	recover_title;resolve_provider_identity
lookup:499181f2d1b5ea7ab1d04b75f7faddaa8f5580622fdd11dcea5fa11835218254	openalex	work_by_openalex_id	openalex	W4255395671	1	1	publication_component:database:publication:doi:10.7287/peerj.preprints.2300/supp-5	native_title_evidence	recover_title
lookup:49c89c2190a6c1790821c2856cf0f5c1641deb117870c1678e3f15cb4674af8f	openalex	work_by_openalex_id	openalex	W1844951369	1	1	publication_component:citation:publication:openalex:W1844951369	native_provider_identity	recover_title;resolve_provider_identity
lookup:49c918330c63e31b72c4890ed64c519769286681c01422fe8b84474b865d3970	openalex	work_by_openalex_id	openalex	W1983002447	1	1	publication_component:citation:publication:openalex:W1983002447	native_provider_identity	recover_title;resolve_provider_identity
lookup:49e75c018cd3e90a90ae0e02a8a948af65826ee61b5928f91b4597f8b9ffb3a3	opencitations_meta	metadata_by_omid	omid	br/06120243108	1	1	publication_component:citation:publication:doi:10.1007/bf02498640	native_title_evidence	recover_title
lookup:4a2fb1ac05b0f64635db0859c4ee49e92658bbd67b28a319325a6be516872d30	opencitations_meta	metadata_by_omid	omid	br/062401126425	1	1	publication_component:citation:publication:doi:10.1093/oxfordjournals.molbev.a025940	native_title_evidence	recover_title
lookup:4a34a49db85cc0062515de6bde5fa1fe472546cb8909c2ef80ae130518b24d22	opencitations_meta	metadata_by_omid	omid	br/06104863321	1	1	publication_component:citation:publication:doi:10.3372/wi.54.54102	native_title_evidence	recover_title
lookup:4a6aba3275ab89eba9e726d3b70a7e80e85e3a969c49d979e4fcd2d75635c143	openalex	work_by_openalex_id	openalex	W1972189965	1	1	publication_component:citation:publication:openalex:W1972189965	native_provider_identity	recover_title;resolve_provider_identity
lookup:4ace387583e398f8d8ef502453a3ebaed7feb5ad70b49d37b878971397fa1704	openalex	work_by_openalex_id	openalex	W2228504615	1	1	publication_component:citation:publication:openalex:W2228504615	native_provider_identity	resolve_provider_identity
lookup:4ae300c234e98d7ce3dbe2774dce20e4f03b626844e44550d21522624d9ad0d0	openalex	work_by_openalex_id	openalex	W4245566139	1	1	publication_component:database:publication:doi:10.7287/peerj.preprints.220v1/supp-1	native_title_evidence	recover_title
lookup:4af08302297bb605bfa71dfb7f37455bb2fb0759c6d13b10b4c6c322a5686463	openalex	work_by_openalex_id	openalex	W4243649290	1	1	publication_component:database:publication:doi:10.7287/peerj.preprints.621/supp-3	native_title_evidence	recover_title
lookup:4af306d0726e41267daf089f45146384c52bdabc0cf964359e60ab07961d8729	pubmed	record_by_pmid	pmid	11108477	2	2	publication_component:database:publication:doi:10.1089/106652700750050925;publication_component:database:publication:doi:10.1145/332306.332563	conflict_all_exact_evidence	adjudicate_identifier_conflict
lookup:4b207658fa6129bd9f5092e45d4b20ae8cbeba964a59ee1afb70aa858c8de79c	opencitations_meta	metadata_by_omid	omid	br/062401126941	1	1	publication_component:citation:publication:doi:10.1093/oxfordjournals.molbev.a026236	native_title_evidence	recover_title
lookup:4b30037794806627e4c3d0f4f1eb5f7ae9cf096089a0206ea3246dc55dad5220	openalex	work_by_openalex_id	openalex	W4233853535	1	1	publication_component:database:publication:doi:10.1089/106652700750050925	conflict_all_exact_evidence	adjudicate_identifier_conflict
lookup:4b5cc0332943fb8fe7834d8ed5d12d39ee9fe25847036de770e426460106bcd6	opencitations_meta	metadata_by_omid	omid	br/062301147962	1	1	publication_component:citation:publication:doi:10.1093/molbev/msu088	native_title_evidence	recover_title
lookup:4b61f066f06b3c4827448dbab3141bde47ce6433238cc137a1f1965fd1b6015b	openalex	work_by_openalex_id	openalex	W4230932061	1	1	publication_component:database:publication:doi:10.7287/peerj.preprints.377/supp-13	native_title_evidence	recover_title
lookup:4b67d0bf20b154a79b24f1baa5f2c007cd20532cd14530242a3549ba99ae75dc	openalex	work_by_openalex_id	openalex	W2208164270	1	1	publication_component:citation:publication:doi:10.1101/030619	conflict_all_exact_evidence	adjudicate_identifier_conflict
lookup:4b99d303f3bc0bfcf6ad21f6e8fd7944e97e7dc0d2667ab4d9c710fccef0f1a0	opencitations_meta	metadata_by_omid	omid	br/06903914303	1	1	publication_component:citation:publication:doi:10.1101/739037	conflict_all_exact_evidence	adjudicate_identifier_conflict
lookup:4bbc362a3b4fa552f1f4274e0ebf55934d21ba449de57e572a21da1591511a9c	openalex	work_by_openalex_id	openalex	W4243557313	1	1	publication_component:database:publication:doi:10.7287/peerj.preprints.2903/supp-2	native_title_evidence	recover_title
lookup:4bcb48c03722f1115d53fd02c0361b2193d202ff10a1705c3ea824706862bedc	openalex	work_by_openalex_id	openalex	W4255719347	1	1	publication_component:database:publication:doi:10.7287/peerj.preprints.27162v1/supp-12	native_title_evidence	recover_title
lookup:4c8b6462d6123a226cd0b89e7ee5424c9cf1afb91e2270eba99911ade1e7bc62	openalex	work_by_openalex_id	openalex	W2134709991	1	1	publication_component:database:publication:doi:10.1111/j.1742-4658.2010.07674.x	conflict_all_exact_evidence	adjudicate_identifier_conflict
lookup:4ca2bb08a02a12c5a9187c6bda1cd4c2a843f5261e094c70487dd0a1dcbfbdfd	openalex	work_by_openalex_id	openalex	W4407564368	1	1	publication_component:database:publication:doi:10.12688/f1000research.76068.5	conflict_all_exact_evidence	adjudicate_identifier_conflict
lookup:4ceeef49a12f4625be26807d42d0baf41e6c7aa35749cb8c2def329c000c22eb	openalex	work_by_openalex_id	openalex	W4241638241	1	1	publication_component:database:publication:doi:10.7287/peerj.preprints.27162v1/supp-13	native_title_evidence	recover_title
lookup:4d28fc80e5f150f803a40103aef92207941c7bdeb3c9e7f34b109c748d2b4632	openalex	work_by_openalex_id	openalex	W2110114082	1	1	publication_component:citation:publication:openalex:W2110114082	native_provider_identity	recover_title;resolve_provider_identity
lookup:4d59de53918292210c35446c2edd7302aacbfb52e5eb16ba9dfe518978279e79	pubmed	record_by_pmid	pmid	28763051	2	2	publication_component:citation:publication:doi:10.1016/j.tplants.2018.05.006;publication_component:database:publication:doi:10.1038/ncomms16047	conflict_all_exact_evidence	adjudicate_identifier_conflict;recover_title
lookup:4d96d34205ae6274bb0bbcb586646904dda6cf85e85a5b998af5a9ae35a88358	openalex	work_by_openalex_id	openalex	W4240024712	1	1	publication_component:database:publication:doi:10.7287/peerj.preprints.2741/supp-8	native_title_evidence	recover_title
lookup:4de41498733b09988fc1d39e1e7b5e5ad26b55968c7ec823ba67665983a58574	opencitations_meta	metadata_by_omid	omid	br/06804318585	1	1	publication_component:citation:publication:doi:10.1016/j.tig.2018.05.002	conflict_all_exact_evidence	adjudicate_identifier_conflict;recover_title
lookup:4e0d9ed2dac01368893937835baa1ed348830ba2a392dedc6da11afd76f58e85	opencitations_meta	metadata_by_omid	omid	br/062501141745	1	1	publication_component:citation:publication:doi:10.1093/oxfordjournals.molbev.a003981	native_title_evidence	recover_title
lookup:4e17e81973888d005a840a02dabe8fe215e53e438049e9fbf5795f6a5a9336e1	opencitations_meta	metadata_by_omid	omid	br/06902294313	1	1	publication_component:citation:publication:doi:10.1101/2020.03.25.006957	native_title_evidence	recover_title
lookup:4e43e3a923b86ee2e3e500e4e249b82fbffa5278c8084994424bdec78b814d35	opencitations_meta	metadata_by_omid	omid	br/0650572011	1	1	publication_component:citation:publication:doi:10.1093/bioinformatics/17.7.662	native_title_evidence	recover_title
lookup:4e4a84c71a92a488a9590533b1f62e5cb3593b68470bf0ff84c75798017d8931	openalex	work_by_openalex_id	openalex	W4247681067	1	1	publication_component:database:publication:doi:10.7287/peerj.preprints.2988v1/supp-1	native_title_evidence	recover_title
lookup:4e9b2734fcf41d70c4d057909f0f3e35bdc953b6531589bf36b2ebe89193b46b	openalex	work_by_openalex_id	openalex	W4241602211	1	1	publication_component:database:publication:doi:10.7287/peerj.preprints.27296/supp-1	native_title_evidence	recover_title
lookup:4ea0cc70b085009ac6fd78860b06840543b4e0a0bd7a8c73befba1943a00bc7f	opencitations_meta	metadata_by_omid	omid	br/06301802960	1	1	publication_component:citation:publication:doi:10.1101/019786	conflict_all_exact_evidence	adjudicate_identifier_conflict
lookup:4ebd0bc2fd2946e616a39f41db6f555fb6e6b77bf45f155c63ea67d6b67a7aea	openalex	work_by_openalex_id	openalex	W2115011276	1	1	publication_component:citation:publication:openalex:W2115011276	native_provider_identity	recover_title;resolve_provider_identity
lookup:4ee2b499a575ee149909603eb97ab5f0cb95ed24643f559c023fa2db702cb47f	openalex	work_by_openalex_id	openalex	W2152012269	1	1	publication_component:citation:publication:openalex:W2152012269	native_provider_identity	resolve_provider_identity
lookup:4f176f255855f3dfbb6155a366967668730822561a7f68247fd60d036b48bb65	openalex	work_by_openalex_id	openalex	W2144775551	1	1	publication_component:citation:publication:openalex:W2144775551	native_provider_identity	recover_title;resolve_provider_identity
lookup:4f37721e762566d6b6b0bd6c468fbdf5eb265db0fd7ca2603d62747e8f10cd82	openalex	work_by_openalex_id	openalex	W2941807936	1	1	publication_component:citation:publication:openalex:W2941807936	native_provider_identity	recover_title;resolve_provider_identity
lookup:4f61612979e4ced90d6a088b0b0696db9d2761789aafbd0581ae0f1dcdc01f24	openalex	work_by_openalex_id	openalex	W2465209785	1	1	publication_component:citation:publication:doi:10.1371/journal.pgen.1006132	conflict_all_exact_evidence	adjudicate_identifier_conflict
lookup:4f71626b9572bdda429ff87095b46b48e360aae03b7cfd528b7e51ee3c44c658	openalex	work_by_openalex_id	openalex	W4244815850	1	1	publication_component:database:publication:doi:10.7287/peerj.preprints.1615v1/supp-1	native_title_evidence	recover_title
lookup:4f87afb496cbc57779cb307b5027c7dfbfef298bd41cb69f4b0913959fbdd64e	openalex	work_by_openalex_id	openalex	W4248515772	1	1	publication_component:database:publication:doi:10.7287/peerj.preprints.1482v1/supp-15	native_title_evidence	recover_title
lookup:4f8ea2c317d12931e7055adf9a46508d01867b3b15e61fbb0959c2d6c98df07a	openalex	work_by_openalex_id	openalex	W4245742891	1	1	publication_component:database:publication:doi:10.7287/peerj.preprints.26616/supp-1	native_title_evidence	recover_title
lookup:4fc0baef26f9964a4e5c83ebf119da8a55a857fb22954156b5a27df09a86d542	pubmed	record_by_pmid	pmid	34077549	1	1	publication_component:citation:publication:doi:10.1093/plcell/koab146	conflict_all_exact_evidence	adjudicate_identifier_conflict
lookup:4fd6b9d96a2ec9a6dea0ae138ec1c8a907103b2b75850b9e50998d3410591e9a	opencitations_meta	metadata_by_omid	omid	br/06014507518	1	1	publication_component:citation:publication:doi:10.64898/2026.01.03.697505	native_title_evidence	recover_title
lookup:4fe21421d11175b07fca95fcb4a9af579f0b44f75a2dde6f5f2f05e2abb59651	openalex	work_by_openalex_id	openalex	W3165274455	1	1	publication_component:citation:publication:doi:10.1093/plcell/koab146	conflict_all_exact_evidence	adjudicate_identifier_conflict
lookup:4feea409bb7a7484524c74ea2f2c9f2b1cdf10a9016202f6aa01ed658a626a24	opencitations_meta	metadata_by_doi	doi	10.1038/ncomms16047	1	1	publication_component:database:publication:doi:10.1038/ncomms16047	conflict_all_exact_evidence	adjudicate_identifier_conflict
lookup:5007c68207d5da1bb1dc455bb943a3ad893f438b02d615c4faf29ef87c87c4b6	opencitations_meta	metadata_by_omid	omid	br/061901630724	1	1	publication_component:citation:publication:doi:10.4014/jmb.1703.03013	native_title_evidence	recover_title
lookup:50340aa83ce922b340b5777d13105a4c579097d9802a771f15ace0a291ab714f	openalex	work_by_openalex_id	openalex	W4242474150	1	1	publication_component:database:publication:doi:10.7287/peerj.preprints.2741v1/supp-1	native_title_evidence	recover_title
lookup:504d0ebdbc5dd94e16b06be3801f63c3647f86bf54a73f29e78309e57d4d7ac1	openalex	work_by_openalex_id	openalex	W2117752525	1	1	publication_component:citation:publication:openalex:W2117752525	native_provider_identity	recover_title;resolve_provider_identity
lookup:506e5c480cdf345e0e4fa9aefefa18a150b61d699d5254a00df72cbf03b6e7b3	openalex	work_by_openalex_id	openalex	W4234480504	1	1	publication_component:database:publication:doi:10.7287/peerj.preprints.377/supp-4	native_title_evidence	recover_title
lookup:507c7dd60381159c6a1ae2931977ae14d8887005842ad44d63012f037fdf9e44	opencitations_meta	metadata_by_doi	doi	10.1101/2020.02.03.931667	1	1	publication_component:database:publication:doi:10.1101/2020.02.03.931667	conflict_all_exact_evidence	adjudicate_identifier_conflict
lookup:50b15549c9ed1265073b66918cc0f5c47ff619da7cf2ad56eb8ac93c9323f883	openalex	work_by_doi	doi	10.7868/s0026898413010059	1	1	publication_component:database:publication:doi:10.7868/s0026898413010059	conflict_all_exact_evidence	adjudicate_identifier_conflict
lookup:50bf1f942e4ea68098020637aae72c7357da4a0c0492e819eb8ffe8740932a89	opencitations_meta	metadata_by_omid	omid	br/061701311462	1	1	publication_component:citation:publication:doi:10.1038/ncomms15483	native_title_evidence	recover_title
lookup:50d72ef8f3414dfa15441ada77c2c22a5750288b6235854fc57bfc04c6819b13	opencitations_meta	metadata_by_omid	omid	br/062302345158	1	1	publication_component:citation:publication:doi:10.1101/261354	native_title_evidence	recover_title
lookup:5101837b922a82150ae3c9db56071c77a6787e56a0ef7f6ee7c34a0b91050944	openalex	work_by_openalex_id	openalex	W2950835708	1	1	publication_component:citation:publication:doi:10.1101/002766	conflict_all_exact_evidence	adjudicate_identifier_conflict
lookup:5116e00ec810d85459507b000bd7ddde5468a2caff4cf414c4ce1bebfe888905	openalex	work_by_openalex_id	openalex	W2157380771	1	1	publication_component:citation:publication:openalex:W2157380771	native_provider_identity	resolve_provider_identity
lookup:513cb4ce8566cd3f1d59f708dd7704e21e958e04cb7d344c102f90df0681f192	openalex	work_by_openalex_id	openalex	W2102424972	1	1	publication_component:citation:publication:openalex:W2102424972	native_provider_identity	recover_title;resolve_provider_identity
lookup:513d4ea1751051f8bc13fd0518fb5ee2445e77e0dff0765619614d26ec57d3fd	openalex	work_by_openalex_id	openalex	W4249864717	1	1	publication_component:database:publication:doi:10.7287/peerj.preprints.373/supp-3	native_title_evidence	recover_title
lookup:51600b16a8461027d7e06ab60e174a79b90cf44a45e818007e4e99085cd5495e	opencitations_meta	metadata_by_omid	omid	br/062301148089	1	1	publication_component:citation:publication:doi:10.1093/molbev/mst172	native_title_evidence	recover_title
lookup:5179b0d7b3c8f9306fd9d7cc744cf7e1a7a84136b0c3a03317f54f4d45a3d77c	openalex	work_by_openalex_id	openalex	W4392253023	1	1	publication_component:database:publication:doi:10.26459/hueunijns.v132i1d	native_title_evidence	recover_title
lookup:51c54d731295ced7650afee08ab95010a3339d6eaa216ad763e340f9b04fa9c5	openalex	work_by_openalex_id	openalex	W4242385748	1	1	publication_component:database:publication:doi:10.7287/peerj.preprints.27329/supp-5	native_title_evidence	recover_title
lookup:51c8d6ee4b96b9c35e425047113760845ff947efb0c3543d71cbdef819ae5731	opencitations_meta	metadata_by_omid	omid	br/06703899666	1	1	publication_component:citation:publication:doi:10.1126/science.1070441	native_title_evidence	recover_title
lookup:51d641a3a9ca4d39f4d089014557c6383ee50ccf57c5aca91689cc8438db151c	opencitations_meta	metadata_by_omid	omid	br/06101719103	1	1	publication_component:citation:publication:doi:10.1128/aac.38.4.805	native_title_evidence	recover_title
lookup:52001076f1f0e41e27593edac131f2c5da01b7760de4451bce063a9e77743104	openalex	work_by_openalex_id	openalex	W2601913882	1	1	publication_component:citation:publication:openalex:W2601913882	native_provider_identity	recover_title;resolve_provider_identity
lookup:520ad0c5768093d638798d4b7267eea191311d864720979c53380f259ce28af5	openalex	work_by_pmid	pmid	23705496	2	2	publication_component:database:publication:doi:10.1134/s0026893313010056;publication_component:database:publication:doi:10.7868/s0026898413010059	conflict_all_exact_evidence	adjudicate_identifier_conflict
lookup:5219ca4e194a5b4fd7648cdeeba7559d3c802022e7cb37f0302b9d6488101868	opencitations_meta	metadata_by_doi	doi	10.1101/443945	1	1	publication_component:citation:publication:doi:10.1101/443945	conflict_all_exact_evidence	adjudicate_identifier_conflict
lookup:522934797d04ef39a182b3bd7a5396f24d09daa5218c81a257195abccb6b210e	openalex	work_by_openalex_id	openalex	W4237244614	1	1	publication_component:database:publication:doi:10.7287/peerj.preprints.377v1/supp-11	native_title_evidence	recover_title
lookup:52721ac668e85fa7a744ddd287a43693e1e7cf766153b5d2c4aed4298dc3263b	openalex	work_by_pmid	pmid	28396824	2	2	publication_component:citation:publication:doi:10.7287/peerj.preprints.2444v1;publication_component:citation:publication:doi:10.7717/peerj.3145	conflict_all_exact_evidence	adjudicate_identifier_conflict;recover_title
lookup:52a947d6ddc60c27a9d46a5673f78653d2d72b0d9a9905907b613f4ad1d85d96	openalex	work_by_doi	doi	10.1101/739037	1	1	publication_component:citation:publication:doi:10.1101/739037	conflict_all_exact_evidence	adjudicate_identifier_conflict
lookup:52b0c6628b7bfadbaf9747ef5847e1a53d77570edb192446770203b42ce9c514	openalex	work_by_openalex_id	openalex	W765196177	1	1	publication_component:citation:publication:openalex:W765196177	native_provider_identity	resolve_provider_identity
lookup:52b19c9b8901559b97656280be5063bed9f7a0c6d3ff9cb3f39abe952a37eeb3	openalex	work_by_openalex_id	openalex	W2124267441	1	1	publication_component:database:publication:doi:10.1186/gb-2003-4-6-p6	native_title_evidence	recover_title
lookup:52fab9fc9d3fa0bfe541313ce7b743e35560543652146d31c681fe10c2d8b5fc	opencitations_meta	metadata_by_omid	omid	br/062503874814	1	1	publication_component:citation:publication:doi:10.1016/j.bpj.2019.11.3379	conflict_all_exact_evidence	adjudicate_identifier_conflict;recover_title
lookup:5316a1a41a2f7b2013b8ac09b128da260a1f6a3089c95051230130e92d717cdc	openalex	work_by_openalex_id	openalex	W2341514410	1	1	publication_component:citation:publication:openalex:W2341514410	native_provider_identity	resolve_provider_identity
lookup:53322c74c3a2f5e36bd380a2e819d44f14c2645146ed10d73bbd28505596f42b	openalex	work_by_openalex_id	openalex	W2108087670	1	1	publication_component:citation:publication:openalex:W2108087670	native_provider_identity	recover_title;resolve_provider_identity
lookup:5345ac878f434666c7c5ec9513b1bb0cf4c60779eeea9bddc6014b7b6f5faf67	opencitations_meta	metadata_by_omid	omid	br/06180296733	1	1	publication_component:citation:publication:doi:10.1093/gbe/evac069	conflict_all_exact_evidence	adjudicate_identifier_conflict
lookup:53739e7932d31c3deedc1f5736fb5d18b718ef87131746e08546bb3e98d12028	openalex	work_by_doi	doi	10.7554/elife.44205	1	1	publication_component:citation:publication:doi:10.7554/elife.44205	conflict_all_exact_evidence	adjudicate_identifier_conflict
lookup:538638479025a1b2f62bbddcb542c2616d195353d5a532ebeaf3f177348570f2	openalex	work_by_openalex_id	openalex	W858096626	1	1	publication_component:citation:publication:openalex:W858096626	native_provider_identity	resolve_provider_identity
lookup:53a0a7aacbf509f1270dc44d3bd6ab45bfc0d485bcd61abbbf0949c9438fedc2	opencitations_meta	metadata_by_omid	omid	br/06504274701	1	1	publication_component:citation:publication:doi:10.1101/2020.04.27.052225	conflict_all_exact_evidence	adjudicate_identifier_conflict
lookup:53eab7a1b2351c2efd24485dc24404367db3bd747142b64addbb618e72a096a3	opencitations_meta	metadata_by_doi	doi	10.7868/s0026898413010059	1	1	publication_component:database:publication:doi:10.7868/s0026898413010059	conflict_all_exact_evidence	adjudicate_identifier_conflict
lookup:542e0275eebae2d8eeeebdb19472cf17412f7c62fa4c1a2673ad8021869cb9eb	openalex	work_by_openalex_id	openalex	W4237490067	1	1	publication_component:database:publication:doi:10.7287/peerj.preprints.2787v1/supp-1	native_title_evidence	recover_title
lookup:545111c4e780a764fb15f03aa3336360a6ad29a2e60edd918203a15549c94a2e	opencitations_meta	metadata_by_omid	omid	br/06014412559	1	1	publication_component:citation:publication:doi:10.1093/molbev/msaf238	native_title_evidence	recover_title
lookup:548e1fd7058e1a80f8950bd852e55c152b9ae22a3662ab33545f0007d066400b	openalex	work_by_openalex_id	openalex	W3149637834	1	1	publication_component:citation:publication:openalex:W3149637834	native_provider_identity	resolve_provider_identity
lookup:549af3952b515b857cc7d779432009895205a686fe77e6c3e089bbb6aa798942	openalex	work_by_doi	doi	10.1371/journal.ppat.1005279	1	1	publication_component:citation:publication:doi:10.1371/journal.ppat.1005279	conflict_all_exact_evidence	adjudicate_identifier_conflict
lookup:549e0ed70c83f079cd68c36342d95de3f94d13e5dde182db159ff63b25fe72c2	opencitations_meta	metadata_by_omid	omid	br/06404300743	1	1	publication_component:citation:publication:doi:10.1101/106120	conflict_all_exact_evidence	adjudicate_identifier_conflict
lookup:54c9620c391857086f337c867f483e01b9d69b119b3c079a100440b5dd68eb7f	opencitations_meta	metadata_by_omid	omid	br/06501657448	1	1	publication_component:citation:publication:doi:10.1186/1471-2164-15-162	native_title_evidence	recover_title
lookup:54fc974f63e288f6f7b2ce04d337b5adfb1f9382287748bcce8f51ffa69474a2	opencitations_meta	metadata_by_omid	omid	br/062102201816	1	1	publication_component:citation:publication:doi:10.7287/peerj.preprints.26577v1	conflict_all_exact_evidence	adjudicate_identifier_conflict;recover_title
lookup:551770ca27dc314e3951ca46e06d844ee17febc60578829962da438236acf921	openalex	work_by_openalex_id	openalex	W2134936766	1	1	publication_component:citation:publication:openalex:W2134936766	native_provider_identity	recover_title;resolve_provider_identity
lookup:556b84392ca3464c11cfd8c1c92223cd584406a9277338bf2448f2930d755fad	opencitations_meta	metadata_by_omid	omid	br/062501014322	1	1	publication_component:citation:publication:doi:10.1101/014928	conflict_all_exact_evidence	adjudicate_identifier_conflict
lookup:558166f561101fc2cede2378627bcb156b608a69ecec29831f488c61c13faeee	opencitations_meta	metadata_by_omid	omid	br/06150782801	1	1	publication_component:citation:publication:doi:10.1093/infdis/jit345	native_title_evidence	recover_title
lookup:5598e87aedca1122ff44d67d20f0c83922b5a6654b63029ba82a9eaae6122e26	opencitations_meta	metadata_by_omid	omid	br/062103818118	1	1	publication_component:citation:publication:doi:10.1016/j.tplants.2018.05.006	conflict_all_exact_evidence	adjudicate_identifier_conflict;recover_title
lookup:55dd4632ea3dc09591f0f1a7e602ee6ba488bd1c067eb6153e2dfb5f89b6f53b	openalex	work_by_doi	doi	10.1371/journal.pcbi.1007913	1	1	publication_component:citation:publication:doi:10.1371/journal.pcbi.1007913	conflict_all_exact_evidence	adjudicate_identifier_conflict
lookup:55f5edc6faafc44763e5b7cadcd4aac83440aeb915d731aa9fbe6cc17a21d60c	openalex	work_by_openalex_id	openalex	W2046076301	1	1	publication_component:citation:publication:openalex:W2046076301	native_provider_identity	recover_title;resolve_provider_identity
lookup:55fdfc050928fe9256644d6c2479654c30b00477b6c361dc062f265115af3ef5	openalex	work_by_openalex_id	openalex	W2145780430	1	1	publication_component:citation:publication:openalex:W2145780430	native_provider_identity	recover_title;resolve_provider_identity
lookup:566992f07174ee38b219a9a998503713b2d9b42ffbd587af36e375c3016e1185	opencitations_meta	metadata_by_doi	doi	10.1534/genetics.104.117275	1	1	publication_component:database:publication:doi:10.1534/genetics.104.117275	conflict_all_exact_evidence	adjudicate_identifier_conflict
lookup:566d51491ca16e084e09a75ca48dad178e7865e9a64e7f3a334baecf8a395a30	openalex	work_by_openalex_id	openalex	W3157215791	1	1	publication_component:citation:publication:openalex:W3157215791	native_provider_identity	resolve_provider_identity
lookup:5760255b72c87e53737e5b81864f8bb2c51a408d1a180cc960deedfb00adb162	openalex	work_by_openalex_id	openalex	W2516104505	1	1	publication_component:citation:publication:openalex:W2516104505	native_provider_identity	recover_title;resolve_provider_identity
lookup:577e111effab844c8a7511b0f5a6774daad01e3b149ab89916b3e8f7dc9d7add	opencitations_meta	metadata_by_omid	omid	br/061601955324	1	1	publication_component:citation:publication:doi:10.1038/s41559-018-0493-7	native_title_evidence	recover_title
lookup:57ab7c24e6ba556e7ac22490baece7db97e33cefbbe64d7979e1e8f2479ea5f0	openalex	work_by_openalex_id	openalex	W2919227285	1	1	publication_component:database:publication:doi:10.1111/j.1742-464x.2010.07674.x	conflict_all_exact_evidence	adjudicate_identifier_conflict
lookup:57f3758347cd4687a99cb9b87f0034e04a0a2ca30cbcb3a75aeec3c37a2c24aa	opencitations_meta	metadata_by_omid	omid	br/062201145607	1	1	publication_component:citation:publication:doi:10.1093/molbev/msy096	native_title_evidence	recover_title
lookup:57feeb8707d374455aab12c9d096772f2bba35068762b1b226bee5150586181d	pubmed	record_by_pmid	pmid	42172051	1	1	publication_component:database:publication:doi:10.1093/sysbio/syag038	conflict_all_exact_evidence	adjudicate_identifier_conflict
lookup:58121ea83200c0e7ede27e61e40f3088fbf1f13e8a674bfddcbc7384691de235	opencitations_meta	metadata_by_omid	omid	br/062201146093	1	1	publication_component:citation:publication:doi:10.1093/oxfordjournals.molbev.a040153	native_title_evidence	recover_title
lookup:58e20317b49461be2c25e80a0450ae729ca81075fccebe64a1aed7e2225dead8	openalex	work_by_doi	doi	10.1101/gr.234096.117	1	1	publication_component:citation:publication:doi:10.1101/gr.234096.117	conflict_all_exact_evidence	adjudicate_identifier_conflict
lookup:590414bde985a7c80521b78daa1d484a978f0e25965100b4f819b75daa1b2758	opencitations_meta	metadata_by_omid	omid	br/06701634379	1	1	publication_component:citation:publication:doi:10.1186/1471-2164-13-s7-s6	native_title_evidence	recover_title
lookup:591d5cc6d97e2ce0d572fd2963c35215af5c63802440879fb9b500791f05bd44	openalex	work_by_openalex_id	openalex	W2927961455	1	1	publication_component:citation:publication:openalex:W2927961455	native_provider_identity	recover_title;resolve_provider_identity
lookup:592734b75e4da700a12e511d7544aee9cf6f3a11326b86e59c4b7684956c44d5	openalex	work_by_openalex_id	openalex	W2104306559	1	1	publication_component:citation:publication:openalex:W2104306559	native_provider_identity	recover_title;resolve_provider_identity
lookup:5930c73865b94ea8e2c839058ba8a1dfb8709b3db1062ce9c1ff542ff53ac7ab	pubmed	record_by_pmid	pmid	31113811	2	2	publication_component:citation:publication:doi:10.1101/106120;publication_component:citation:publication:doi:10.1534/genetics.119.302045	conflict_all_exact_evidence	adjudicate_identifier_conflict
lookup:593b9c77e72e3b22fdcb6f1236999b4a6f512b3af81fc7a17572d60f50b2fa83	openalex	work_by_openalex_id	openalex	W4248631668	1	1	publication_component:database:publication:doi:10.1002/mbo3.2014.3.issue-6	native_title_evidence	recover_title
lookup:593d11290892a98941db52a1e020103840bbd98e15849b6e1c618caacce22e63	opencitations_meta	metadata_by_doi	doi	10.1515/9781400851553.84	1	1	publication_component:database:publication:doi:10.1515/9781400851553.84	conflict_all_exact_evidence	adjudicate_identifier_conflict
lookup:59cc4743eeee1c81a75e3fd00e921828ad631ec512e4475bfa03fba2872b165e	openalex	work_by_openalex_id	openalex	W2138468602	1	1	publication_component:citation:publication:openalex:W2138468602	native_provider_identity	recover_title;resolve_provider_identity
lookup:59d7c618afb2c552d838fd7789e16b84c2785f44731ee32b129906898575ad66	openalex	work_by_openalex_id	openalex	W4237467176	1	1	publication_component:database:publication:doi:10.7287/peerj.preprints.621v2/supp-4	native_title_evidence	recover_title
lookup:59e432df4d7aba3f92456e45267b0fd04881b17dce9ec9d3526ea56f41d0ffb1	openalex	work_by_doi	doi	10.1093/gbe/evz090	1	1	publication_component:citation:publication:doi:10.1093/gbe/evz090	conflict_all_exact_evidence	adjudicate_identifier_conflict
lookup:5a2d981bbfe349e1bac32d540252da70c17c20c8f5cfeeab8ab7dc74998a8d77	openalex	work_by_pmid	pmid	35660862	1	1	publication_component:citation:publication:doi:10.1093/gbe/evac069	conflict_all_exact_evidence	adjudicate_identifier_conflict
lookup:5a3e36efd5955092f2c4b486ba375aa2d179700dee60c120d889df768f85d061	openalex	work_by_openalex_id	openalex	W4247938931	1	1	publication_component:database:publication:doi:10.7287/peerj.preprints.377/supp-7	native_title_evidence	recover_title
lookup:5a53e5b3c6a681bf9126bf6444a42d37e2c8291444361ee6dbf5961b5543b3f7	opencitations_meta	metadata_by_doi	doi	10.1109/iccabs.2016.7802772	1	1	publication_component:citation:publication:doi:10.1109/iccabs.2016.7802772	conflict_all_exact_evidence	adjudicate_identifier_conflict;recover_title
lookup:5a9b06a86c8cae98d1d07071729d148ad87a529e5811d095adba61851e6acb0c	openalex	work_by_pmid	pmid	34077549	1	1	publication_component:citation:publication:doi:10.1093/plcell/koab146	conflict_all_exact_evidence	adjudicate_identifier_conflict
lookup:5af2e5c7524ab54befd9de81a647bb12e93531ed0315d9fbb49a7c74e8c9de3a	openalex	work_by_openalex_id	openalex	W4238600248	1	1	publication_component:database:publication:doi:10.7287/peerj.preprints.27406/supp-4	native_title_evidence	recover_title
lookup:5af715dbdfe1e64a0688bde79df1d49b89bb4162999ed30b9f33923812f7390a	opencitations_meta	metadata_by_omid	omid	br/061901631049	1	1	publication_component:citation:publication:doi:10.4014/jmb.1510.10081	native_title_evidence	recover_title
lookup:5b0ed7db53e031fc72c9abe04caf0db98a9a46ad83e906495ef42170ff1d9192	openalex	work_by_pmid	pmid	28732463	2	2	publication_component:citation:publication:doi:10.1101/030619;publication_component:citation:publication:doi:10.1186/s12864-017-3932-y	conflict_all_exact_evidence	adjudicate_identifier_conflict
lookup:5b21f5ce27f64b0003a0588cc0611ca9950e9b2e453a532b229d1a92b06b0b3a	pubmed	record_by_pmid	pmid	31921024	2	2	publication_component:citation:publication:doi:10.1101/710533;publication_component:citation:publication:doi:10.3389/fmicb.2019.02838	conflict_all_exact_evidence	adjudicate_identifier_conflict
lookup:5b36f7ac84ea3fa8f51c2ed5a218fdaee8eaa5f8eeed19495d525b02be0a061c	openalex	work_by_openalex_id	openalex	W2143007385	1	1	publication_component:citation:publication:openalex:W2143007385	native_provider_identity	recover_title;resolve_provider_identity
lookup:5b7c93f8a8125b41aed65fbd7db70f092662d7667f5e4835ff53daef1f5fa296	openalex	work_by_openalex_id	openalex	W2160500073	1	1	publication_component:citation:publication:openalex:W2160500073	native_provider_identity	recover_title;resolve_provider_identity
lookup:5b86dcb2cb7b7344003f234c1f6d85e5f17bc1e02d170fbcf5e82890eae0d189	openalex	work_by_openalex_id	openalex	W2115814792	1	1	publication_component:database:publication:doi:10.1134/s1022795414110076	conflict_all_exact_evidence	adjudicate_identifier_conflict
lookup:5bc9a8fe8aaf242e3a2cb1d137c8e320028e301d743ef624c2b57bb097bf2b89	openalex	work_by_openalex_id	openalex	W2018168413	1	1	publication_component:citation:publication:openalex:W2018168413	native_provider_identity	recover_title;resolve_provider_identity
lookup:5be6e989f57d8023566397a4058a0e52e91ffa80aa54d8781496d135bad3d26e	openalex	work_by_openalex_id	openalex	W4235337474	1	1	publication_component:database:publication:doi:10.7287/peerj.preprints.2663v1/supp-2	native_title_evidence	recover_title
lookup:5bfbcf0ff6307eff90a5d2c38b70331c3eff4375da831d3bd826619ec8dce258	opencitations_meta	metadata_by_omid	omid	br/06702996350	1	1	publication_component:citation:publication:doi:10.1038/ng.477	native_title_evidence	recover_title
lookup:5c613d6532a218fda3240bfa6592efb23cef5b14440eae060d6a7fe6730d6ad6	opencitations_meta	metadata_by_omid	omid	br/06023915410	1	1	publication_component:citation:publication:doi:10.2139/ssrn.4739395	native_title_evidence	recover_title
lookup:5c674497ed3dd8cf82995504c21b087e90f2a17179153512a69a4f9c32cb4412	opencitations_meta	metadata_by_omid	omid	br/06250176475	1	1	publication_component:citation:publication:doi:10.1111/j.1558-5646.2012.01720.x	native_title_evidence	recover_title
lookup:5c74924b4e531426f64dd07943a9262869a5289157f571ffc77cd5252847f829	openalex	work_by_openalex_id	openalex	W4237339153	1	1	publication_component:database:publication:doi:10.7287/peerj.preprints.3488v2/supp-8	native_title_evidence	recover_title
lookup:5c8552de35313de3f928b7dabeeb5fc2acadea84217471811958d2d1bce7d548	opencitations_meta	metadata_by_doi	doi	10.7287/peerj.preprints.2167v1	1	1	publication_component:citation:publication:doi:10.7287/peerj.preprints.2167v1	conflict_all_exact_evidence	adjudicate_identifier_conflict;recover_title
lookup:5c85b252839d2ce652f85d28b77dc8cac6204a92eb4484446cef89487b3509bc	opencitations_meta	metadata_by_omid	omid	br/06501489589	1	1	publication_component:citation:publication:doi:10.1038/s41576-019-0119-1	native_title_evidence	recover_title
lookup:5cbf248d2c58ba99e7a0c1556193c836304809ec6072037252d7677ca596d4a8	openalex	work_by_openalex_id	openalex	W4255769637	1	1	publication_component:database:publication:doi:10.7287/peerj.preprints.2300/supp-2	native_title_evidence	recover_title
lookup:5cf3944ea02c024b3a58af14cb0fb3533ec8a3b2deed2994211b48b87dd23a91	opencitations_meta	metadata_by_omid	omid	br/06401817622	1	1	publication_component:citation:publication:doi:10.1101/002428	conflict_all_exact_evidence	adjudicate_identifier_conflict
lookup:5d29c3d94707d3e0473bf721909bb80ad7b3363501dae16ea1d3388218a82dda	opencitations_meta	metadata_by_omid	omid	br/06501364324	1	1	publication_component:citation:publication:doi:10.1093/nar/gkz357	native_title_evidence	recover_title
lookup:5d2b6671f1b0421a7abe8d04e74565f9c670b221061edc240dfc04c6f151402f	openalex	work_by_openalex_id	openalex	W2975112817	1	1	publication_component:citation:publication:doi:10.15252/msb.20198871	conflict_all_exact_evidence	adjudicate_identifier_conflict
lookup:5d4b2c1d7f15f3cc6cde1befa3284aa6ee8c62249abe75af0974335c974e8eec	opencitations_meta	metadata_by_omid	omid	br/06102091011	1	1	publication_component:citation:publication:doi:10.1101/2020.09.09.287623	native_title_evidence	recover_title
lookup:5d4b822440989c261161ac6b1793a3e2e24612f963e3134a46c4c54d080f244b	openalex	work_by_openalex_id	openalex	W2560263151	1	1	publication_component:citation:publication:openalex:W2560263151	native_provider_identity	recover_title;resolve_provider_identity
lookup:5da2ad2a586106e07cc46007017ffe6bfdf3d324e441242fb2a8ff0f778c6316	opencitations_meta	metadata_by_omid	omid	br/061302879129	1	1	publication_component:citation:publication:doi:10.1093/plcell/koab146	conflict_all_exact_evidence	adjudicate_identifier_conflict
lookup:5de3c015612cb2df2dca6a48c26e1f25cd6ddea56548f531dbcdacb6e5622e6c	openalex	work_by_openalex_id	openalex	W4252005614	1	1	publication_component:database:publication:doi:10.7287/peerj.preprints.27329/supp-11	native_title_evidence	recover_title
lookup:5df1ee093a7ab1a85de78b14ba4e2922f306d018ceb42222522e9b75cdc76f10	opencitations_meta	metadata_by_omid	omid	br/06011165595	1	1	publication_component:citation:publication:doi:10.1093/evolinnean/kzaf005	native_title_evidence	recover_title
lookup:5e9ef29030a15a8608739e1a9d6c493fdb8ae6aa28afd23dca7324a62b785797	openalex	work_by_openalex_id	openalex	W2159816280	1	1	publication_component:citation:publication:openalex:W2159816280	native_provider_identity	recover_title;resolve_provider_identity
lookup:5ed293a2f837b593aed1d5a12345e125c07b570bd7b8de9e9e1aa6a4a14de528	opencitations_meta	metadata_by_omid	omid	br/06120243403	1	1	publication_component:citation:publication:doi:10.1007/bf02352289	native_title_evidence	recover_title
lookup:5f40b90e3ad6aeb20cb5efa89cf38877a1c6b38d152e8526c8205c748466114d	opencitations_meta	metadata_by_omid	omid	br/06501542223	1	1	publication_component:citation:publication:doi:10.1371/journal.pone.0090490	native_title_evidence	recover_title
lookup:5f449e663f707abdb8e36ee5b6a3dbf7f7814cbd1a0da039fe776f905ae94283	openalex	work_by_openalex_id	openalex	W2442916229	1	1	publication_component:citation:publication:openalex:W2442916229	native_provider_identity	resolve_provider_identity
lookup:5f9f408aa198983540cf13370424cb78276b104ed24528f8dc32ade0e7686f44	opencitations_meta	metadata_by_omid	omid	br/062302218419	1	1	publication_component:citation:publication:doi:10.1111/j.1365-2958.1993.tb00924.x	native_title_evidence	recover_title
lookup:5febd560cc60eb0271859f48b83b7339a6e296fc85ae916de177c91af9217b62	openalex	work_by_openalex_id	openalex	W4210401154	1	1	publication_component:citation:publication:openalex:W4210401154	native_provider_identity	resolve_provider_identity
lookup:5ffddbaf50b25652dba9106378c51b69beb56c65f7658d69c0bbfd353048c38c	opencitations_meta	metadata_by_omid	omid	br/0670679284	1	1	publication_component:citation:publication:doi:10.1016/j.chembiol.2016.05.009	native_title_evidence	recover_title
lookup:6000f6962ef3337f8dad2780a8d16931de340aa2c6aed0530950f22fcd807d4f	openalex	work_by_openalex_id	openalex	W4229772971	1	1	publication_component:database:publication:doi:10.7287/peerj.preprints.220/supp-4	native_title_evidence	recover_title
lookup:603163a3c78f9e0fd3990d64f263635a2ee8bdda4b8808f09dcc6279a58a06a3	pubmed	record_by_pmid	pmid	24968283	2	2	publication_component:citation:publication:doi:10.1101/005017;publication_component:citation:publication:doi:10.1371/journal.pgen.1004434	conflict_all_exact_evidence	adjudicate_identifier_conflict
lookup:604db4436c39a120c64d49c35945e7afc7c6a8d999a679bb970f6e24ba54f462	openalex	work_by_openalex_id	openalex	W2951043046	1	1	publication_component:citation:publication:openalex:W2951043046	native_provider_identity	recover_title;resolve_provider_identity
lookup:606de130234dab0bb024c299998a86311699df3ef6c95af04ed50d68829d21b0	pubmed	record_by_pmid	pmid	35660862	1	1	publication_component:citation:publication:doi:10.1093/gbe/evac069	conflict_all_exact_evidence	adjudicate_identifier_conflict
lookup:608edbd036083b77a6e4e973c8e4e1b7f9d9cc8ca71880802b338e90fdb401de	openalex	work_by_openalex_id	openalex	W4253999701	1	1	publication_component:database:publication:doi:10.7287/peerj.preprints.27329/supp-1	native_title_evidence	recover_title
lookup:60b88ca2345995ba2de49f30fff20f23b0e35d895bd25ee29a532c3df5c7f529	openalex	work_by_doi	doi	10.1186/s13059-019-1793-1	1	1	publication_component:citation:publication:doi:10.1186/s13059-019-1793-1	conflict_all_exact_evidence	adjudicate_identifier_conflict
lookup:60ece5df8b759c0f17b8ee1c2f425e23633b52f0618ca05677ab42fa5c8bd743	openalex	work_by_openalex_id	openalex	W4249484089	1	1	publication_component:database:publication:doi:10.7287/peerj.preprints.1283/supp-3	native_title_evidence	recover_title
lookup:618a88e78d8c92dd652221c42a10e51c428db66904efcdd4cdbc1fd7d57617d5	openalex	work_by_openalex_id	openalex	W4245511884	1	1	publication_component:database:publication:doi:10.7287/peerj.preprints.1283v1/supp-1	native_title_evidence	recover_title
lookup:61aae567c5aec3c6d1b79f0557ad4a5d38135da277186f6289891d74623f0b85	openalex	work_by_openalex_id	openalex	W4253098214	1	1	publication_component:database:publication:doi:10.7287/peerj.preprints.27162/supp-11	native_title_evidence	recover_title
lookup:61af71476e732ec2312dfa24c711afc48a9c4e2b0559062ae84d3d42681355d4	openalex	work_by_openalex_id	openalex	W144590366	1	1	publication_component:citation:publication:openalex:W144590366	native_provider_identity	resolve_provider_identity
lookup:61c6d5cffd8f0ce7457c0fc31b8f77b972d8f56f1e43836d4f4ac17de9f101e4	opencitations_meta	metadata_by_omid	omid	br/06101168932	1	1	publication_component:citation:publication:doi:10.1093/molbev/msi237	native_title_evidence	recover_title
lookup:61dbe129fcdda24b0d932026820deaa7f15ebd3f5e72ad2e4d5882373a20b2a6	openalex	work_by_openalex_id	openalex	W4244313771	1	1	publication_component:database:publication:doi:10.7287/peerj.preprints.1283/supp-1	native_title_evidence	recover_title
lookup:62227bbbf7695ef6bcefe082bcb55712340dfe1e1e452faa8a7b9f15ddd08478	pubmed	record_by_pmid	pmid	33688681	2	2	publication_component:database:publication:doi:10.1101/2021.02.23.21252268;publication_component:database:publication:doi:10.34944/dspace/7022	conflict_all_exact_evidence	adjudicate_identifier_conflict
lookup:625dab5aeb73efd6d275f4e9896cc5fd3d254f8a8bce8329ee8d82ef12e3faf8	openalex	work_by_openalex_id	openalex	W2799524357	1	1	publication_component:citation:publication:openalex:W2799524357	native_provider_identity	recover_title;resolve_provider_identity
lookup:6267d9c3fb373f55d4600cea5525cbeca94c27cc76f6bba9ba1600f67265752d	openalex	work_by_openalex_id	openalex	W4256305629	1	1	publication_component:database:publication:doi:10.7287/peerj.preprints.26449/supp-2	native_title_evidence	recover_title
lookup:626d7daa616716a4efbe59a8705946fa5659e5c7744bdad16bb7264a979e367f	opencitations_meta	metadata_by_omid	omid	br/061102631413	1	1	publication_component:citation:publication:doi:10.1038/srep18661	native_title_evidence	recover_title
lookup:62769e155c046265ccdbb25f5024fc5e33b8c398de94d8ba4d73576830c565ac	openalex	work_by_openalex_id	openalex	W4229446964	1	1	publication_component:citation:publication:doi:10.1093/gbe/evac069	conflict_all_exact_evidence	adjudicate_identifier_conflict
lookup:62f18d0b675af571b05496b3be634ef65ca6ff7d45d87733eeecbca9f1d67982	opencitations_meta	metadata_by_omid	omid	br/06110252607	1	1	publication_component:citation:publication:doi:10.1007/s002399910038	native_title_evidence	recover_title
lookup:6306f80ee457c123d0cf7fc24b7e86f2805c3269c43733b9aa30a72f25617480	openalex	work_by_openalex_id	openalex	W4254443205	1	1	publication_component:database:publication:doi:10.7287/peerj.preprints.2300/supp-4	native_title_evidence	recover_title
lookup:638223299eabd2506afa02245a755d9f4b8fd065b02c8eb5ccc9ee22d09aafbc	openalex	work_by_openalex_id	openalex	W4239250174	1	1	publication_component:database:publication:doi:10.7287/peerj.preprints.3488v2/supp-4	native_title_evidence	recover_title
lookup:63fea042d5abdec0160c5af42cb0845eb5e6600159698442621881a34af24b79	openalex	work_by_openalex_id	openalex	W4250398522	1	1	publication_component:database:publication:doi:10.7287/peerj.preprints.2903v1/supp-2	native_title_evidence	recover_title
lookup:6417775e7423322457220d998c5a902372c436cf04bea0c181c5f1bc2c6575af	openalex	work_by_openalex_id	openalex	W4231348991	1	1	publication_component:database:publication:doi:10.7287/peerj.preprints.27162/supp-3	native_title_evidence	recover_title
lookup:641b8e072f8a34d70671f5377f24e90df0b27ebf7d2ccb2400c8e3136320d338	opencitations_meta	metadata_by_omid	omid	br/06160961647	1	1	publication_component:citation:publication:doi:10.1046/j.1365-2540.2001.00895.x	native_title_evidence	recover_title
lookup:6476ac947dbe08a73c05874af3d97d65e365e971ad575440540242961b837dab	opencitations_meta	metadata_by_omid	omid	br/0640188350	1	1	publication_component:citation:publication:doi:10.1109/tvcg.2011.185	native_title_evidence	recover_title
lookup:647ee5ab8b05687c47101da129c309d551d13fda372d52461b6884cd0c2de5ca	opencitations_meta	metadata_by_doi	doi	10.7868/s0016675813050044	1	1	publication_component:database:publication:doi:10.7868/s0016675813050044	conflict_all_exact_evidence	adjudicate_identifier_conflict
lookup:648f97140a8df1b3b43f0edbcf29c18ca8ba4bbdd10d5a2427a1c81ba6777eb5	openalex	work_by_openalex_id	openalex	W4254043252	1	1	publication_component:database:publication:doi:10.7287/peerj.preprints.2058v2/supp-3	native_title_evidence	recover_title
lookup:64deab393637e061120c6547cfb82215034c4e9d32ff97b25aa736ab5d55366e	opencitations_meta	metadata_by_omid	omid	br/062501142050	1	1	publication_component:citation:publication:doi:10.1093/oxfordjournals.molbev.a003851	native_title_evidence	recover_title
lookup:64f991cf7819ddfac5c69832a8d1a4c6c1ed3562bb3db34cf474e077c07ca130	openalex	work_by_openalex_id	openalex	W2046575349	1	1	publication_component:citation:publication:openalex:W2046575349	native_provider_identity	recover_title;resolve_provider_identity
lookup:64fcc3b5283eb9896e3f55830af7b0eb278c1c10ef075c94648eaabc07586aa9	openalex	work_by_openalex_id	openalex	W2062018285	1	1	publication_component:citation:publication:openalex:W2062018285	native_provider_identity	recover_title;resolve_provider_identity
lookup:6505bf11cf078b0e225dbd70fc39628faf86597c03913d8f0461e70f01dedd9f	openalex	work_by_openalex_id	openalex	W4243547467	1	1	publication_component:database:publication:doi:10.7287/peerj.preprints.2741/supp-7	native_title_evidence	recover_title
lookup:65343dc318a6f9a4e8bea46ce4012143ffae2ed617eb367914b0a9df17ceb0b8	opencitations_meta	metadata_by_omid	omid	br/061601110319	1	1	publication_component:citation:publication:doi:10.1016/j.jtbi.2014.02.031	native_title_evidence	recover_title
lookup:6545dbb87a2570148bd1077c372b9655a3a1af5230aa24ecfe68788babac641c	openalex	work_by_openalex_id	openalex	W4205666856	1	1	publication_component:citation:publication:openalex:W4205666856	native_provider_identity	recover_title;resolve_provider_identity
lookup:654bdb935c5ce3def6dd562f19f67acab91e7c1753dcfd348d2044f45dcaf096	openalex	work_by_openalex_id	openalex	W1960427981	1	1	publication_component:citation:publication:openalex:W1960427981	native_provider_identity	resolve_provider_identity
lookup:65689451af22068c514cbf95b0a1fbfb7ec4cce3ad5ed02a9a920359bbac9de1	openalex	work_by_openalex_id	openalex	W4230938731	1	1	publication_component:database:publication:doi:10.7287/peerj.preprints.26863v1/supp-1	native_title_evidence	recover_title
lookup:658bfa09793d946abca4db793802bc775969df186552adaffbe5d18517880bd6	openalex	work_by_openalex_id	openalex	W4409942978	1	1	publication_component:database:publication:doi:10.1111/aab.v186.3	native_title_evidence	recover_title
lookup:65948f39301068a1b05de23016e5ca8d00131f0a14493cc189b8f6e251db2d81	openalex	work_by_doi	doi	10.7287/peerj.preprints.2167v1	1	1	publication_component:citation:publication:doi:10.7287/peerj.preprints.2167v1	conflict_all_exact_evidence	adjudicate_identifier_conflict;recover_title
lookup:65a953dd03a49c320e396785f73e67b7fbfbad10b9d108b9039eaff3117e6553	openalex	work_by_openalex_id	openalex	W4234189076	1	1	publication_component:database:publication:doi:10.7287/peerj.preprints.2741v1/supp-2	native_title_evidence	recover_title
lookup:65aab0ef12a2f142830d2114392ad7544cf543dea9e6311d379085eec53bb08d	opencitations_meta	metadata_by_omid	omid	br/06801044831	1	1	publication_component:citation:publication:doi:10.1093/bib/5.2.150	native_title_evidence	recover_title
lookup:65ca44f92972089b6b1d6c131d4d2f4b9b37a68300be0c5bb7074f1843ed6289	openalex	work_by_doi	doi	10.1101/2025.08.27.672632	1	1	publication_component:database:publication:doi:10.1101/2025.08.27.672632	conflict_all_exact_evidence	adjudicate_identifier_conflict
lookup:6622bbc01b5ebfee3f5e1428951332009bef637cee6a60707ad272408df512c9	opencitations_meta	metadata_by_omid	omid	br/062501142047	1	1	publication_component:citation:publication:doi:10.1093/oxfordjournals.molbev.a003811	native_title_evidence	recover_title
lookup:6636481331bcf25adc83a4b7cea63140aac3da5c096c9bd675e4bd87f1a5c9b2	opencitations_meta	metadata_by_omid	omid	br/06210153264	1	1	publication_component:citation:publication:doi:10.1111/j.1748-5827.2009.00861.x	native_title_evidence	recover_title
lookup:665d5f9b5a3bd32f32b5b15c2f8c8f77fddfbf858aa2dcf3ecc97d9d4e8de99e	openalex	work_by_openalex_id	openalex	W4237101353	1	1	publication_component:database:publication:doi:10.7287/peerj.preprints.3420/supp-1	native_title_evidence	recover_title
lookup:66612bf4636a0335ef5111bbc4e9cf50364fac99cab14b5c945c650dc6ef5703	openalex	work_by_openalex_id	openalex	W2377445633	1	1	publication_component:citation:publication:openalex:W2377445633	native_provider_identity	resolve_provider_identity
lookup:6661bef4239f06808fe8b89390f0530d6d59026c217b1ddb9a3d84bce6685a96	openalex	work_by_openalex_id	openalex	W1487831158	1	1	publication_component:citation:publication:openalex:W1487831158	native_provider_identity	resolve_provider_identity
lookup:66a7311248d8dcbd9b281feb41fc667122a56f463e5ae65e8afbb640aabcd4af	openalex	work_by_openalex_id	openalex	W4248732013	1	1	publication_component:database:publication:doi:10.7287/peerj.preprints.26449v3/supp-1	native_title_evidence	recover_title
lookup:66e2dcb08f080306b092c05957198a532b3a096290869d8c9d28f83da114a9e8	openalex	work_by_openalex_id	openalex	W2045517599	1	1	publication_component:citation:publication:openalex:W2045517599	native_provider_identity	recover_title;resolve_provider_identity
lookup:66e9d30533f3640b0f45e5a696621b1f80278af0e7905c8a9909c151e6ec57a3	pubmed	record_by_pmid	pmid	11172045	2	2	publication_component:database:publication:doi:10.1073/pnas.021450998;publication_component:database:publication:doi:10.1073/pnas.98.4.1883	conflict_all_exact_evidence	adjudicate_identifier_conflict
lookup:673dfe2bd0faab6bb8d3f3a08a57a6c27f010fa6f4b326829c571f7931b016d8	opencitations_meta	metadata_by_omid	omid	br/06602526478	1	1	publication_component:citation:publication:doi:10.1137/0916069	native_title_evidence	recover_title
lookup:675854751255c0bea50e8f4f780e0046c852a79842b8965bcc168a2717afe2da	openalex	work_by_openalex_id	openalex	W4236932687	1	1	publication_component:database:publication:doi:10.7287/peerj.preprints.377v1/supp-7	native_title_evidence	recover_title
lookup:679636197d9f75aafa01e291dc886bb797b44b35eedb0a8173f6a360323d1da8	openalex	work_by_openalex_id	openalex	W4248371904	1	1	publication_component:database:publication:doi:10.7287/peerj.preprints.373v1/supp-3	native_title_evidence	recover_title
lookup:679960234e95ddcb336a89c595e16cc12c11f56dccd47abd2afc54cef64b096a	openalex	work_by_doi	doi	10.1101/2024.09.03.611065	1	1	publication_component:database:publication:doi:10.1101/2024.09.03.611065	conflict_all_exact_evidence	adjudicate_identifier_conflict
lookup:67d0e87e7a61c113ee7032bac7d439cf8dd3699c7014a97912e00b293c4ddb4a	openalex	work_by_openalex_id	openalex	W2552587308	1	1	publication_component:citation:publication:openalex:W2552587308	native_provider_identity	recover_title;resolve_provider_identity
lookup:6816d23d95ea799e72e74cf0079494d2d35ce79307f48583aa6c0d1c3cc0a457	openalex	work_by_openalex_id	openalex	W4254947623	1	1	publication_component:database:publication:doi:10.7287/peerj.preprints.373/supp-1	native_title_evidence	recover_title
lookup:685e874719ddf6030dbdad7e79a7d89da7214837be46d81e0413eaa2ab4d4f99	openalex	work_by_openalex_id	openalex	W4238680898	1	1	publication_component:database:publication:doi:10.7287/peerj.preprints.27342/supp-5	native_title_evidence	recover_title
lookup:68ad396e110800d042a91709d59bb5462fe4d3a64119166d2316cedce1cd905b	opencitations_meta	metadata_by_omid	omid	br/06014481674	1	1	publication_component:citation:publication:doi:10.1016/j.ympev.2026.108553	native_title_evidence	recover_title
lookup:68b2b5b8cdb5d8324b33a5507a144cfaf167778f8f04a7d1aae8c614d5629dd0	openalex	work_by_openalex_id	openalex	W2952045272	1	1	publication_component:citation:publication:openalex:W2952045272	native_provider_identity	recover_title;resolve_provider_identity
lookup:68e81fe3eaeb5f3e1754e4ccc075a49cd21a11ec8b145bd93d7520026504b239	openalex	work_by_openalex_id	openalex	W2093323099	1	1	publication_component:citation:publication:openalex:W2093323099	native_provider_identity	recover_title;resolve_provider_identity
lookup:6915944cd5160c5718ab85ecd01f1b3453694d26e1ed3ad5dda4a066de536786	opencitations_meta	metadata_by_doi	doi	10.1371/journal.pcbi.1007913	1	1	publication_component:citation:publication:doi:10.1371/journal.pcbi.1007913	conflict_all_exact_evidence	adjudicate_identifier_conflict
lookup:6932711230f1c4d5ef867fb16df5654dc45e9c608359bca90e303dcdaab37ca3	openalex	work_by_pmid	pmid	33688681	2	2	publication_component:database:publication:doi:10.1101/2021.02.23.21252268;publication_component:database:publication:doi:10.34944/dspace/7022	conflict_all_exact_evidence	adjudicate_identifier_conflict
lookup:69387bd45f12d62e079e1522e563d1cea2c5234b4394a1296c9ac41f03cc0d8e	opencitations_meta	metadata_by_omid	omid	br/06703960092	1	1	publication_component:citation:publication:doi:10.1101/2022.11.17.516924	native_title_evidence	recover_title
lookup:694bfce36f4aec2757c3e77b9445bdb7d5d8f00ca43623cb383a1ca10104d1b5	opencitations_meta	metadata_by_omid	omid	br/061601955429	1	1	publication_component:citation:publication:doi:10.1038/s41559-017-0366-5	native_title_evidence	recover_title
lookup:69658a491625fd6d34683e54d9b5ada03f0281fc436f9d351fbb5c2d8c1146cd	openalex	work_by_doi	doi	10.1371/journal.pgen.1004434	1	1	publication_component:citation:publication:doi:10.1371/journal.pgen.1004434	conflict_all_exact_evidence	adjudicate_identifier_conflict
lookup:699cc9130aaf72d9ec53d4b421155c9ef23d6e5d171d918d1694600bc29bbbc8	openalex	work_by_openalex_id	openalex	W4243298443	1	1	publication_component:database:publication:doi:10.7287/peerj.preprints.27342/supp-6	native_title_evidence	recover_title
lookup:69a22e6354181aa1c19310a93a39506edaa4788fdc78a8951a387140e6f2578b	openalex	work_by_openalex_id	openalex	W4402343546	1	1	publication_component:database:publication:doi:10.1101/2024.09.03.611065	conflict_all_exact_evidence	adjudicate_identifier_conflict
lookup:69d2d74844afd056bfa981e23f1fc76fa39dd6dfe8d9e942fec7d6b99ec86294	openalex	work_by_openalex_id	openalex	W2336330109	1	1	publication_component:citation:publication:openalex:W2336330109	native_provider_identity	recover_title;resolve_provider_identity
lookup:6a10babf1581ad2ddeb0c6af7f316dc553c8b577528b0d4c3b01a41dba9f5adf	pubmed	record_by_pmid	pmid	27203426	2	2	publication_component:citation:publication:doi:10.1101/043091;publication_component:citation:publication:doi:10.1371/journal.pgen.1006063	conflict_all_exact_evidence	adjudicate_identifier_conflict
lookup:6a135ae46f96cf9370186129f1629f5d147e0e82a54edbf6442972786e611d28	openalex	work_by_openalex_id	openalex	W2000359198	1	1	publication_component:citation:publication:openalex:W2000359198	native_provider_identity	recover_title;resolve_provider_identity
lookup:6a14a693ddd42892e93ee95e412027f7ee8011159a5235aac1300df35be77616	openalex	work_by_openalex_id	openalex	W4234891530	1	1	publication_component:database:publication:doi:10.7287/peerj.preprints.2058/supp-3	native_title_evidence	recover_title
lookup:6a37360abe7782848e0bfc9a3665c6f7167f50ad81609be0a44fe51f98d8d61a	openalex	work_by_openalex_id	openalex	W2150938975	1	1	publication_component:citation:publication:openalex:W2150938975	native_provider_identity	recover_title;resolve_provider_identity
lookup:6a3baf6a704e0a4a5babd890b11bcd87f621a76bbe0fedc86d5c2a256e84c8c6	openalex	work_by_doi	doi	10.1128/mbio.01206-20	1	1	publication_component:citation:publication:doi:10.1128/mbio.01206-20	conflict_all_exact_evidence	adjudicate_identifier_conflict
lookup:6a4e30ab0d2b24c6efb791d351c828cc240f91d1413b73005000e0d5ee57b9cf	openalex	work_by_openalex_id	openalex	W1534406401	1	1	publication_component:citation:publication:openalex:W1534406401	native_provider_identity	recover_title;resolve_provider_identity
lookup:6a6daa71deb07f889bc4a34b0fec6c91a083dc4ff6f17a8929f2ef89c72cbca9	openalex	work_by_openalex_id	openalex	W4243080574	1	1	publication_component:database:publication:doi:10.7287/peerj.preprints.26449/supp-1	native_title_evidence	recover_title
lookup:6a94874c80fd6b732bf05ce826f5ff4630a9af9e457be8093016b43df900ddd5	openalex	work_by_doi	doi	10.1186/1471-2164-15-966	1	1	publication_component:citation:publication:doi:10.1186/1471-2164-15-966	conflict_all_exact_evidence	adjudicate_identifier_conflict
lookup:6ab8d88516cf40d9c1af6d4ba8fab2e15908c70107f918c4c16466039af0f066	opencitations_meta	metadata_by_omid	omid	br/061103512672	1	1	publication_component:citation:publication:doi:10.1126/science.281.5375.375	native_title_evidence	recover_title
lookup:6abca6a81baf805a56929ee241387dc0be95432cfd1fa390812d8d71340bab04	openalex	work_by_pmid	pmid	20553498	2	2	publication_component:database:publication:doi:10.1111/j.1742-464x.2010.07674.x;publication_component:database:publication:doi:10.1111/j.1742-4658.2010.07674.x	conflict_all_exact_evidence	adjudicate_identifier_conflict
lookup:6b064929f5d8560e6fc04fd814573ddb1de744cea3fd3135e7b5599ffe26306b	openalex	work_by_openalex_id	openalex	W2025097949	1	1	publication_component:citation:publication:openalex:W2025097949	native_provider_identity	resolve_provider_identity
lookup:6b2e5ce1aedc3a3b5c722f56ebd9efaefbf1b4c6e19242d1992887df4060dae8	openalex	work_by_openalex_id	openalex	W4243751504	1	1	publication_component:database:publication:doi:10.7287/peerj.preprints.2300v1/supp-8	native_title_evidence	recover_title
lookup:6b3a57ea654028033ebc9a4f57620be0bb91bb9a7a8a6e0ccd38797fc198a93b	openalex	work_by_openalex_id	openalex	W1982848324	1	1	publication_component:citation:publication:openalex:W1982848324	native_provider_identity	recover_title;resolve_provider_identity
lookup:6b67565d4d3a99ea1b38df9a5293f3e0d7a297e7392b00646b436523fd87d7b7	opencitations_meta	metadata_by_omid	omid	br/061302493864	1	1	publication_component:citation:publication:doi:10.1101/048348	native_title_evidence	recover_title
lookup:6bd75e1a6cd4de921d91738b9b740873e48fa9194ca605a2637f2627c9a120f4	opencitations_meta	metadata_by_omid	omid	br/06014956226	1	1	publication_component:citation:publication:doi:10.3201/eid3111.251101	native_title_evidence	recover_title
lookup:6bde1ffc5100bae33c21cd381c3ba001658e7332e5d60d462cd6dbbaafdfaedd	openalex	work_by_openalex_id	openalex	W2135445066	1	1	publication_component:citation:publication:openalex:W2135445066	native_provider_identity	recover_title;resolve_provider_identity
lookup:6be9717a736f9fc3ffda6ccac3a30d5d8a675d7dbbf609b7f34adea63a16215a	openalex	work_by_openalex_id	openalex	W7167096785	1	1	publication_component:database:publication:doi:10.47665/tb.43.2	native_title_evidence	recover_title
lookup:6bf6decb73f331b30cb4d7d1d95a15899d72368a05d2a2dff612ae7198b801c7	openalex	work_by_openalex_id	openalex	W4242521400	1	1	publication_component:database:publication:doi:10.7287/peerj.preprints.1482v1/supp-3	native_title_evidence	recover_title
lookup:6c2cff105f73f2d040380037b375e663927a19e28a122cc30dd5067f19c8939d	openalex	work_by_openalex_id	openalex	W4243186730	1	1	publication_component:database:publication:doi:10.7287/peerj.preprints.27035/supp-1	native_title_evidence	recover_title
lookup:6c2d8dd10e20e2279665fc94fff70753511501af5d9524db0d873b3c01512d34	openalex	work_by_doi	doi	10.1554/0014-3820(2003)057[0305:nabmdh]2.0.co;2	1	1	publication_component:database:publication:doi:10.1554/0014-3820(2003)057[0305:nabmdh]2.0.co;2	conflict_all_exact_evidence	adjudicate_identifier_conflict
lookup:6c44d1df258deae8ee2428b9e95d63c71ed4e4f3596809eadf7ef2339e5faeae	opencitations_meta	metadata_by_doi	doi	10.1371/journal.ppat.1005279	1	1	publication_component:citation:publication:doi:10.1371/journal.ppat.1005279	conflict_all_exact_evidence	adjudicate_identifier_conflict
lookup:6c5ce2bd2306d10cde7cbbe86686ebeea12912f7d8cd64c32526be130419a6ec	openalex	work_by_openalex_id	openalex	W4244800191	1	1	publication_component:database:publication:doi:10.7287/peerj.preprints.2741v1/supp-3	native_title_evidence	recover_title
lookup:6c96f17001dbb48fbf4e7700fa1a23e0297d3a67a846283eb05cabb2784b6508	openalex	work_by_openalex_id	openalex	W4412949927	1	1	publication_component:database:publication:doi:10.1016/j.xgen.2026.101327	conflict_all_exact_evidence	adjudicate_identifier_conflict
lookup:6c99c08bf802bbac0ba16806348f50c61134233d09acbdc4d088f4010c2d99e7	openalex	work_by_openalex_id	openalex	W4234229405	1	1	publication_component:database:publication:doi:10.1016/j.protis.2005.11.003	native_title_evidence	recover_title
lookup:6ca6c38b1c713b658e312baa50e31f2755c81a839033762bd897b7274e529631	opencitations_meta	metadata_by_omid	omid	br/060284818	1	1	publication_component:citation:publication:doi:10.5061/dryad.cvdncjt2b	native_title_evidence	recover_title
lookup:6cb1a352c594491c31c1525f32444a91b1bd51cdad2426a6048d77f5be548200	openalex	work_by_doi	doi	10.1093/molbev/msag135	1	1	publication_component:database:publication:doi:10.1093/molbev/msag135	conflict_all_exact_evidence	adjudicate_identifier_conflict
lookup:6cdfded89a3014da921c69c1b8160f81c1b078069f3dc262995353f35e794165	openalex	work_by_doi	doi	10.1371/journal.pgen.1004622	1	1	publication_component:citation:publication:doi:10.1371/journal.pgen.1004622	conflict_all_exact_evidence	adjudicate_identifier_conflict
lookup:6cea8ad5251a649a76de37fcef44e7e6a27bd9d1ccf648258d866368607b104a	openalex	work_by_openalex_id	openalex	W4247330424	1	1	publication_component:database:publication:doi:10.7287/peerj.preprints.2300v1/supp-10	native_title_evidence	recover_title
lookup:6cf1e030fa8baa4bda0d0247627175364ddcce3346f48c2b5a027de456ae17c5	openalex	work_by_openalex_id	openalex	W4210904329	1	1	publication_component:citation:publication:doi:10.1101/2022.02.04.479011	conflict_all_exact_evidence	adjudicate_identifier_conflict
lookup:6d040a33190e37713929e3ec69a1e480fd51e0851ac121bc66b1a7c63ffbed68	openalex	work_by_pmid	pmid	39554852	2	2	publication_component:citation:publication:doi:10.12688/f1000research.76068.4;publication_component:database:publication:doi:10.12688/f1000research.76068.5	conflict_all_exact_evidence	adjudicate_identifier_conflict
lookup:6d05ebf31a89f99f25ea929a6c9857944fd7afe4c0bcd430bb6ff72463fe5cce	openalex	work_by_openalex_id	openalex	W4252296988	1	1	publication_component:database:publication:doi:10.7287/peerj.preprints.27406v1/supp-2	native_title_evidence	recover_title
lookup:6d15791bee5621e3dbb395ba7a5d941884eadbed28fa8a21b744b7020fd968d2	openalex	work_by_openalex_id	openalex	W4254343245	1	1	publication_component:database:publication:doi:10.7287/peerj.preprints.27342v1/supp-2	native_title_evidence	recover_title
lookup:6d1b41a908d445d01b95023e8f04bfd3898a30cd477bdc60ea25cf2210550a90	openalex	work_by_openalex_id	openalex	W4247487606	1	1	publication_component:database:publication:doi:10.1002/jmor.v280.5	native_title_evidence	recover_title
lookup:6d45c5b6f50f2401f22acf5fa81ccc6593d983a49d08bcaaccfd2e2d76f694df	openalex	work_by_openalex_id	openalex	W2970252037	1	1	publication_component:citation:publication:openalex:W2970252037	native_provider_identity	resolve_provider_identity
lookup:6d6997240af02d9ea9492d2726a3c4a25ac6d32fb8d172c578c7b4a85f358733	openalex	work_by_openalex_id	openalex	W2141497252	1	1	publication_component:citation:publication:openalex:W2141497252	native_provider_identity	recover_title;resolve_provider_identity
lookup:6d83ed3db368e8505de3bff6b004c56e1748c29dd2ee1f2bdabcaebefbb2daec	openalex	work_by_openalex_id	openalex	W2111211467	1	1	publication_component:citation:publication:openalex:W2111211467	native_provider_identity	recover_title;resolve_provider_identity
lookup:6d954015961e906c372eecf0be0567d2989db58f79cc7e1ec1276b8aa8e9bc61	openalex	work_by_openalex_id	openalex	W2188740882	1	1	publication_component:citation:publication:openalex:W2188740882	native_provider_identity	resolve_provider_identity
lookup:6dab5cdd081a018851a95544852dc5b87ccd8112d09002d7d55e3941bb49cf44	openalex	work_by_openalex_id	openalex	W4231452486	1	1	publication_component:database:publication:doi:10.7287/peerj.preprints.27329v1/supp-11	native_title_evidence	recover_title
lookup:6dc15bfd0f7c3aa8c31e13a4b87a1956fa0f9036bdaee662eec28aa237e7568f	openalex	work_by_openalex_id	openalex	W1602259877	1	1	publication_component:citation:publication:openalex:W1602259877	native_provider_identity	resolve_provider_identity
lookup:6de849eb9da693a688816b452558c660102453c43002e8ece52e053ae5ff81b4	openalex	work_by_openalex_id	openalex	W1579352620	1	1	publication_component:citation:publication:openalex:W1579352620	native_provider_identity	recover_title;resolve_provider_identity
lookup:6dfd8d2b89292d12afa197beafbfecc2c46bd1fe5a2406a5d37766d214096a2f	openalex	work_by_openalex_id	openalex	W1968248848	1	1	publication_component:citation:publication:openalex:W1968248848	native_provider_identity	recover_title;resolve_provider_identity
lookup:6e1369d872e016c5bf64fbd2f7d2cc459027a1f4601e6bacd109794d4cd28084	openalex	work_by_openalex_id	openalex	W4232755703	1	1	publication_component:database:publication:doi:10.7287/peerj.preprints.621/supp-4	native_title_evidence	recover_title
lookup:6e15f4fea9b3540f5ed041b22dbd5581924c4fa94ae1e82a2c8c3894b320a293	opencitations_meta	metadata_by_omid	omid	br/062302936506	1	1	publication_component:citation:publication:doi:10.1201/b14910-16	native_title_evidence	recover_title
lookup:6e1708cc5b5014351c244b78160cf10b73e24cf3eda9e2fd8720fa505be2f465	openalex	work_by_openalex_id	openalex	W2031705623	1	1	publication_component:citation:publication:openalex:W2031705623	native_provider_identity	recover_title;resolve_provider_identity
lookup:6e2efd480f16d83545e4c07254f909790cda7ffa15073f940b8df156444ad2a5	opencitations_meta	metadata_by_doi	doi	10.1101/146951	1	1	publication_component:citation:publication:doi:10.1101/146951	conflict_all_exact_evidence	adjudicate_identifier_conflict
lookup:6e4182c10cbbd3d0a72893bf0b4e92f7d1f3e97c51d88fc82c362af4b34abbb3	openalex	work_by_openalex_id	openalex	W4249111205	1	1	publication_component:database:publication:doi:10.7287/peerj.preprints.2663v2/supp-2	native_title_evidence	recover_title
lookup:6e6ccc6b7d096b04bc19cfceaef906187f93539e39e1ea6d706006fcf7cacdcc	openalex	work_by_openalex_id	openalex	W2553336566	1	1	publication_component:citation:publication:openalex:W2553336566	native_provider_identity	resolve_provider_identity
lookup:6e6d19cc6000d7666d05902df6b1bd9cb700f756812a79d003c2b7a2e5abe21c	openalex	work_by_openalex_id	openalex	W4241180918	1	1	publication_component:database:publication:doi:10.1111/ece3.2012.2.issue-1	native_title_evidence	recover_title
lookup:6e78a35967c5d66d4c06ae6e64093b15bcf5fe9e5e6f07c0d498cd31c200c308	opencitations_meta	metadata_by_omid	omid	br/06160991751	1	1	publication_component:citation:publication:doi:10.1002/pro.324	native_title_evidence	recover_title
lookup:6e8865e542a0379868e97ca3a46b2280825464276600a8b710773c04d59c9a14	openalex	work_by_pmid	pmid	20855576	2	2	publication_component:database:publication:doi:10.1534/genetics.104.117275;publication_component:database:publication:doi:10.1534/genetics.110.117275	conflict_all_exact_evidence	adjudicate_identifier_conflict
lookup:6ee76fdfe2819b2a5024f6d6c901f061dd3689c522caf8b6f9536288c5f97e15	openalex	work_by_openalex_id	openalex	W4238516486	1	1	publication_component:database:publication:doi:10.7287/peerj.preprints.3488/supp-4	native_title_evidence	recover_title
lookup:6f48b32a1ed371b1d3525d7c0e94307cd8707e79dfff18e3ca428a8350e352c4	openalex	work_by_openalex_id	openalex	W4252315983	1	1	publication_component:database:publication:doi:10.7287/peerj.preprints.377v1/supp-4	native_title_evidence	recover_title
lookup:6f4ce94148fd4f252028ccfd0d51111cf1ded3bef41e72f175efd19978d655cb	openalex	work_by_openalex_id	openalex	W2312559377	1	1	publication_component:citation:publication:doi:10.1101/024190	conflict_all_exact_evidence	adjudicate_identifier_conflict
lookup:6f78abaafdd4b75130e5b8063aa4f04abddab19416f6073609b528fd3000ac8b	pubmed	record_by_pmid	pmid	31028697	2	2	publication_component:citation:publication:doi:10.1093/gbe/evz090;publication_component:database:publication:doi:10.1093/gbe/evz101	conflict_all_exact_evidence	adjudicate_identifier_conflict
lookup:6f9573123f24d1f3f3d5cd8003e3e0d2df84332337c7bebfecdc7b5ef3598a85	openalex	work_by_openalex_id	openalex	W2161444534	1	1	publication_component:citation:publication:openalex:W2161444534	native_provider_identity	recover_title;resolve_provider_identity
lookup:6fd58e3e5192a9855a9285cec229e6b34cc2dca04a252e7fbd135ea0afda94a8	opencitations_meta	metadata_by_omid	omid	br/06140243626	1	1	publication_component:citation:publication:doi:10.1007/bf00160154	native_title_evidence	recover_title
lookup:6fd9a9f03eff9d856cb89ee1a7fbc6d5f4f607868971a01eb9c9881afd84f509	openalex	work_by_openalex_id	openalex	W4245087398	1	1	publication_component:database:publication:doi:10.7287/peerj.preprints.27162v1/supp-3	native_title_evidence	recover_title
lookup:6fdd7798be93eb4945e0a415558cc11207ffe2244349c36dd99be9c384c24e56	openalex	work_by_openalex_id	openalex	W4246622185	1	1	publication_component:database:publication:doi:10.7287/peerj.preprints.26863v1/supp-2	native_title_evidence	recover_title
lookup:701c22c94a2aa4e35fc28b57a8e30d5599d413c01fac428c42758a5dc16831e2	openalex	work_by_openalex_id	openalex	W2184088951	1	1	publication_component:citation:publication:openalex:W2184088951	native_provider_identity	resolve_provider_identity
lookup:70400606c1c4810a4237e9b1fbf78c350ef118361884affbc2187fa55482f41f	openalex	work_by_pmid	pmid	36617622	2	2	publication_component:citation:publication:doi:10.1101/2022.02.04.479011;publication_component:citation:publication:doi:10.1111/mec.16841	conflict_all_exact_evidence	adjudicate_identifier_conflict
lookup:704e73794cdc3dbfa989f598df16cbe8f56befa42dd5725ba96429b75b76a256	opencitations_meta	metadata_by_omid	omid	br/062501141626	1	1	publication_component:citation:publication:doi:10.1093/oxfordjournals.molbev.a004152	native_title_evidence	recover_title
lookup:70943d8df944009e798927d2a547787104e83b2c759cec533523fc9f09cc73ae	openalex	work_by_openalex_id	openalex	W4236512050	1	1	publication_component:database:publication:doi:10.7287/peerj.preprints.2058v2/supp-1	native_title_evidence	recover_title
lookup:70a8f0432941b36cd1d8816dd9536669b48ca9f518b1fa401e1c9c0cbd23df43	opencitations_meta	metadata_by_omid	omid	br/06603720166	1	1	publication_component:citation:publication:doi:10.1007/0-387-27733-1_6	native_title_evidence	recover_title
lookup:70af0902da53e329d1695fda01e4b5f20eaae319962f89c315bcb2bc6b645268	opencitations_meta	metadata_by_doi	doi	10.2210/pdb6nee/pdb	1	1	publication_component:database:publication:doi:10.2210/pdb6nee/pdb	conflict_all_exact_evidence	adjudicate_identifier_conflict
lookup:70c42513a3588800f7e88473127ee07fc8e94d9b17c8263df99b74aff21e682b	opencitations_meta	metadata_by_omid	omid	br/06504310980	1	1	publication_component:citation:publication:doi:10.1101/598821	conflict_all_exact_evidence	adjudicate_identifier_conflict
lookup:70caedc0a5adfd032c4fe56ee76572be4636a16e2688bb79e392eba24762982c	opencitations_meta	metadata_by_omid	omid	br/062304236597	1	1	publication_component:citation:publication:doi:10.58465/natprobiotech.2022.3	native_title_evidence	recover_title
lookup:70e5dae28f048caf544d8d4e75a2e569bc1c4e1691b0b4b149edddd1698f79c2	opencitations_meta	metadata_by_omid	omid	br/06503069479	1	1	publication_component:citation:publication:doi:10.5983/nl2008jsce.38.83	native_title_evidence	recover_title
lookup:7105ea13de65af454805eefc7e7719e4f35d638b3d2bed60a78d3f3ba3c39511	openalex	work_by_openalex_id	openalex	W4239465284	1	1	publication_component:database:publication:doi:10.7287/peerj.preprints.2434v1/supp-4	native_title_evidence	recover_title
lookup:71335bf8891a1babfc75ca29263cae65fe8d74bd57402a1cb5f07cd525878b1f	opencitations_meta	metadata_by_doi	doi	10.21203/rs.3.rs-378702/v1	1	1	publication_component:database:publication:doi:10.21203/rs.3.rs-378702/v1	conflict_all_exact_evidence	adjudicate_identifier_conflict
lookup:7134c0c4c7469f1ddb0b5d2c13e5b068caa7fb49ed47cfde51091d0234c19f1f	opencitations_meta	metadata_by_omid	omid	br/06104275641	1	1	publication_component:citation:publication:pmid:17096474	native_title_evidence	recover_title
lookup:71438523e7bba1ca56785ebb6aca92fc2de1ae448e82ca0b348b5b0ae56f0197	openalex	work_by_openalex_id	openalex	W2607894264	1	1	publication_component:citation:publication:doi:10.3201/eid2306.161934	conflict_all_exact_evidence	adjudicate_identifier_conflict
lookup:71b236be8e0cb1c9790743a26beb07d1694cf8ddac30ec5cc7a439e5e19fcc00	openalex	work_by_openalex_id	openalex	W2464814531	1	1	publication_component:citation:publication:openalex:W2464814531	native_provider_identity	resolve_provider_identity
lookup:71dd3f893aad06ebf142785151cc6c65d32d6f333d5bef9b1d13e66930775a56	openalex	work_by_openalex_id	openalex	W4233695602	1	1	publication_component:database:publication:doi:10.7287/peerj.preprints.27342/supp-3	native_title_evidence	recover_title
lookup:721cab81fa710c34508e8751eedc16cd4ba0665c09d10bf8a66b1cec134df1e1	openalex	work_by_openalex_id	openalex	W3022448961	1	1	publication_component:citation:publication:doi:10.1101/2020.05.06.081315	conflict_all_exact_evidence	adjudicate_identifier_conflict
lookup:726d7274bd662d1c34ef37ec307dea50830a39dd22ee019e7d87703b019e8662	openalex	work_by_openalex_id	openalex	W4235114835	1	1	publication_component:database:publication:doi:10.1002/ece3.2017.7.issue-7	native_title_evidence	recover_title
lookup:72aa16c94da398835f1221fe2e358d5a996babfa59dfece084c1edcad8bb1d2e	pubmed	record_by_pmid	pmid	7513049	2	2	publication_component:database:publication:doi:10.1128/mcb.14.5.2985;publication_component:database:publication:doi:10.1128/mcb.14.5.2985-2993.1994	conflict_all_exact_evidence	adjudicate_identifier_conflict
lookup:742b78f0a384d6018675a8e2d6d7b102f00288f259cd521730a658171e0b8853	openalex	work_by_openalex_id	openalex	W4236554343	1	1	publication_component:citation:publication:doi:10.5365/wpsar.2015.6.4	native_title_evidence	recover_title
lookup:744e9ccbf0b1c49f81712530a652ef97a59ddf7db689bd5ab68320a4a659e6db	openalex	work_by_openalex_id	openalex	W4229956904	1	1	publication_component:database:publication:doi:10.7287/peerj.preprints.26449v1/supp-2	native_title_evidence	recover_title
lookup:746a1c424b9e82f8bc120526e259387a7be3071f8fcca3fced0e229829c3af2d	opencitations_meta	metadata_by_omid	omid	br/06023643385	1	1	publication_component:citation:publication:doi:10.1575/1912/67247	native_title_evidence	recover_title
lookup:74b99015428cfed9742401b7caf3aa53fd13891ef39900891c05ed79c99a10c9	opencitations_meta	metadata_by_omid	omid	br/06013337849	1	1	publication_component:citation:publication:doi:10.1093/molbev/msag009	native_title_evidence	recover_title
lookup:74c04b303dd601c8af771a266778177ace6a40b54ca411a25b08bfae531e3d6d	openalex	work_by_pmid	pmid	27651997	2	2	publication_component:citation:publication:doi:10.7287/peerj.preprints.2167v1;publication_component:citation:publication:doi:10.7717/peerj.2437	conflict_all_exact_evidence	adjudicate_identifier_conflict;recover_title
lookup:74cdfe7ac26a57db7d4f1e1d07ae7b521ed47a2c72307ae4e10f5b60fdd52bac	openalex	work_by_openalex_id	openalex	W2023298040	1	1	publication_component:citation:publication:openalex:W2023298040	native_provider_identity	recover_title;resolve_provider_identity
lookup:75337d2f361d96bec9db8b2fbd5c2cb0efc58c393561dd926caca1f62b843b99	openalex	work_by_openalex_id	openalex	W4233921425	1	1	publication_component:database:publication:doi:10.7287/peerj.preprints.26449v2/supp-1	native_title_evidence	recover_title
lookup:757107a5131bdd77db634b264bbfcf61ac9230d20ec25fe737f9b3615becc61f	openalex	work_by_openalex_id	openalex	W4240567225	1	1	publication_component:database:publication:doi:10.7287/peerj.preprints.2663v2/supp-3	native_title_evidence	recover_title
lookup:75820e5b91eeaa4c69077aeabc0d0c77df29bb0aec135b47ea21b2713f303ac6	openalex	work_by_openalex_id	openalex	W2273624252	1	1	publication_component:citation:publication:openalex:W2273624252	native_provider_identity	recover_title;resolve_provider_identity
lookup:761715acc8e563cd3eb377b3bcab10d25cf8f9f4e9f16af3da4904d38d377555	openalex	work_by_openalex_id	openalex	W2332862580	1	1	publication_component:citation:publication:openalex:W2332862580	native_provider_identity	resolve_provider_identity
lookup:765820318089ff166bb879b95da221fd0e52019f93b3a9f09869111c4c978dc3	openalex	work_by_openalex_id	openalex	W2290195878	1	1	publication_component:citation:publication:openalex:W2290195878	native_provider_identity	recover_title;resolve_provider_identity
lookup:7664b16700dcd9c60ae3ef32f18bdc112fa7e25a022ed4264b7153850c1f87b5	opencitations_meta	metadata_by_omid	omid	br/06012331983	1	1	publication_component:citation:publication:doi:10.1086/738376	native_title_evidence	recover_title
lookup:767d6f2e82590cc214d0c3ab360369ff368664a988715ac93391011b0ddc5231	openalex	work_by_pmid	pmid	31556487	2	2	publication_component:citation:publication:doi:10.1016/j.bpj.2019.11.3379;publication_component:citation:publication:doi:10.15252/msb.20198871	conflict_all_exact_evidence	adjudicate_identifier_conflict;recover_title
lookup:7681e1f50afcceef1bb206dbca7853841131ad61f1c567d658dc13248d6c67df	opencitations_meta	metadata_by_omid	omid	br/06120563717	1	1	publication_component:citation:publication:doi:10.1093/bioinformatics/btv557	native_title_evidence	recover_title
lookup:768522d72f93e298b05532e3d1c1d4b71fc492e4923e4a080b084ced16a6d3a7	opencitations_meta	metadata_by_omid	omid	br/06101940297	1	1	publication_component:citation:publication:doi:10.1101/2021.11.08.21266069	native_title_evidence	recover_title
lookup:769193e4559345894f4a8191cdd608279521e0ab4a8ac6722db0d973c082f9a8	opencitations_meta	metadata_by_omid	omid	br/06102733357	1	1	publication_component:citation:publication:doi:10.1101/366112	native_title_evidence	recover_title
lookup:76dab7d10a1f0902b0061092ddf8259cabdb072645a41bdbe7f71e7ecbcbbda7	openalex	work_by_openalex_id	openalex	W2969372055	1	1	publication_component:citation:publication:openalex:W2969372055	native_provider_identity	recover_title;resolve_provider_identity
lookup:76e27debe369ee0b35a993f927c1b26b2c9615ad722443b1118d68ecbf9943bf	opencitations_meta	metadata_by_omid	omid	br/061102240268	1	1	publication_component:citation:publication:doi:10.1093/genetics/146.4.1501	native_title_evidence	recover_title
lookup:770acc0244a36377bdf548b821b16208a8cdb92935a0686d30d7f13c03214184	openalex	work_by_doi	doi	10.1101/2020.02.03.931667	1	1	publication_component:database:publication:doi:10.1101/2020.02.03.931667	conflict_all_exact_evidence	adjudicate_identifier_conflict
lookup:771353c05233d90e8522e7cef989c405e5240e8c5c7b52b11402978d169eb00f	opencitations_meta	metadata_by_omid	omid	br/06504318239	1	1	publication_component:citation:publication:doi:10.1093/molbev/msw064	native_title_evidence	recover_title
lookup:7719dc88ba7148607c177f06018fff5cb5cb684cfc31d139edf690e3a7074270	openalex	work_by_openalex_id	openalex	W4367680717	1	1	publication_component:database:publication:doi:10.1002/jobm.v63.5	native_title_evidence	recover_title
lookup:7737db82cd10b5847b85462d2d14860342299dfd8585e91ec9e92479f14d066f	openalex	work_by_openalex_id	openalex	W4254822530	1	1	publication_component:database:publication:doi:10.7287/peerj.preprints.377/supp-3	native_title_evidence	recover_title
lookup:774d4ba6a2c931410971fc75bab686087620a91d41f2d69c180067904118195b	openalex	work_by_openalex_id	openalex	W4255465274	1	1	publication_component:database:publication:doi:10.7287/peerj.preprints.1283v1/supp-3	native_title_evidence	recover_title
lookup:776acde00b0febc5267ecb1a992326b76b84e0aab282b89e084d823f87764d5a	openalex	work_by_openalex_id	openalex	W4232198348	1	1	publication_component:database:publication:doi:10.7287/peerj.preprints.2058v1/supp-5	native_title_evidence	recover_title
lookup:776f6bd83a517489e4bae534106b945d7ca651a1b77d09f5c22fac7bcc7d76a3	openalex	work_by_openalex_id	openalex	W2096702350	1	1	publication_component:citation:publication:openalex:W2096702350	native_provider_identity	recover_title;resolve_provider_identity
lookup:77721bbbc58d7c7dbb0b2ad05e8db912dbc02a5c5d6b0073c635635d2d9208e4	openalex	work_by_openalex_id	openalex	W2110150994	1	1	publication_component:citation:publication:openalex:W2110150994	native_provider_identity	recover_title;resolve_provider_identity
lookup:7786c66293f482191403263d9fd92eff5fbea05b2af63cd15020d4c687c5a215	openalex	work_by_openalex_id	openalex	W4251337412	1	1	publication_component:database:publication:doi:10.7287/peerj.preprints.27296v1/supp-1	native_title_evidence	recover_title
lookup:7790712d01294d154b92a402a0d2914d350773140fe521d398adc76738e3c5dc	openalex	work_by_openalex_id	openalex	W2926766792	1	1	publication_component:citation:publication:doi:10.1101/598821	conflict_all_exact_evidence	adjudicate_identifier_conflict
lookup:77c2dd547fd8c608599c45c8edbd12df0a3f8bb6a915475ab09dbaea813dcecb	openalex	work_by_openalex_id	openalex	W4240064357	1	1	publication_component:database:publication:doi:10.7287/peerj.preprints.482/supp-1	native_title_evidence	recover_title
lookup:77cfdc258d2d5202e3c2a9b44e97095308b7ba337485a9bdf2b4c707561ff6c1	openalex	work_by_doi	doi	10.7717/peerj.4234	1	1	publication_component:citation:publication:doi:10.7717/peerj.4234	conflict_all_exact_evidence	adjudicate_identifier_conflict
lookup:781ec3fd5326a5fae9eb50ad6719f08397633ff272e427f7fb3ac38d372d6b56	opencitations_meta	metadata_by_omid	omid	br/06490106432	1	1	publication_component:citation:publication:doi:10.20944/preprints202110.0281.v1	native_title_evidence	recover_title
lookup:78c220b8aa63cf96eedd05d647671b364d39cb41a31e942da2695058472d85e0	openalex	work_by_openalex_id	openalex	W2129818998	1	1	publication_component:citation:publication:openalex:W2129818998	native_provider_identity	recover_title;resolve_provider_identity
lookup:78d7fb826527bbb716ead73fd006ca7cda397eb067e091b57245767cb13113e6	openalex	work_by_openalex_id	openalex	W4255981350	1	1	publication_component:database:publication:doi:10.7287/peerj.preprints.2058v1/supp-7	native_title_evidence	recover_title
lookup:796c4e9af932bfd18b86091df9266e749f0f257765ab9564b7825a4880a68b14	opencitations_meta	metadata_by_omid	omid	br/061104298593	1	1	publication_component:citation:publication:doi:10.1101/2024.03.06.583810	native_title_evidence	recover_title
lookup:797d1cf9eab36fc3848c1f04ec67026e4f924c088e50114483ac192a1a93cccf	opencitations_meta	metadata_by_omid	omid	br/062601111073	1	1	publication_component:citation:publication:doi:10.1098/rsif.2013.1106	native_title_evidence	recover_title
lookup:7992ce1c7d4ca85321070e850a7b471bb8320b9215afc9c1143728440a2c3a21	openalex	work_by_openalex_id	openalex	W4241838249	1	1	publication_component:database:publication:doi:10.7287/peerj.preprints.27162v1/supp-4	native_title_evidence	recover_title
lookup:79bf3408956d0908d96e72d7c944d4d73dc7ace8b8f35d93219065064c9fd254	openalex	work_by_openalex_id	openalex	W4229990376	1	1	publication_component:database:publication:doi:10.7287/peerj.preprints.27162v1/supp-1	native_title_evidence	recover_title
lookup:79d3002bab26c8dce406ddd5d034492e37a7dbc78e281684ed4326501def9dba	opencitations_meta	metadata_by_omid	omid	br/061801086449	1	1	publication_component:citation:publication:doi:10.1071/ma20011	native_title_evidence	recover_title
lookup:79d796095a8bde2dd14703cbe8e40a5224f5c4c290b711a9d7775fd6d8e15121	opencitations_meta	metadata_by_omid	omid	br/06023013278	1	1	publication_component:citation:publication:omid:br/06023013278	native_provider_identity	recover_title;resolve_provider_identity
lookup:79e0516b1f8986ab7d981e4c9f9c8a5eea6468854b3a067349af54c3541732ba	openalex	work_by_doi	doi	10.21203/rs.3.rs-378702/v1	1	1	publication_component:database:publication:doi:10.21203/rs.3.rs-378702/v1	conflict_all_exact_evidence	adjudicate_identifier_conflict
lookup:79e44e9d2e4ab19dc2b3838342688c4538d143c9392311e60387fa664cefa8b7	openalex	work_by_doi	doi	10.1515/9781400851553.84	1	1	publication_component:database:publication:doi:10.1515/9781400851553.84	conflict_all_exact_evidence	adjudicate_identifier_conflict
lookup:79ef20c5450458aca5adbf3a4b8b762548d212d58b2c9760b9b06a80d9523532	openalex	work_by_openalex_id	openalex	W2024612778	1	1	publication_component:citation:publication:openalex:W2024612778	native_provider_identity	recover_title;resolve_provider_identity
lookup:7a065b112c790e6e838ad4c1c42f8588b8c7490f3eeea6f16ca0d28fcd197e64	opencitations_meta	metadata_by_omid	omid	br/06130244275	1	1	publication_component:citation:publication:doi:10.1007/bf02101694	native_title_evidence	recover_title
lookup:7a307193b1fde64efdd6d18cc46f42fa544c0dc22c05a78fe83c4fa012872ee7	opencitations_meta	metadata_by_omid	omid	br/06702060050	1	1	publication_component:citation:publication:doi:10.1101/2020.08.31.275453	native_title_evidence	recover_title
lookup:7a46b74e61715dc1c3dc81f009e367eb67db40e9165a8e4293d1625c1a612700	opencitations_meta	metadata_by_doi	doi	10.1016/j.xgen.2026.101327	1	1	publication_component:database:publication:doi:10.1016/j.xgen.2026.101327	conflict_all_exact_evidence	adjudicate_identifier_conflict
lookup:7a55536243e32bfcf3c2142064fa1357c5d2b3c2f9b2b03b9799a3bcf3329aab	opencitations_meta	metadata_by_doi	doi	10.1093/gbe/evz090	1	1	publication_component:citation:publication:doi:10.1093/gbe/evz090	conflict_all_exact_evidence	adjudicate_identifier_conflict
lookup:7a9aed1363fb70e7a529343e55b3e22852620f8a5982042cb322a4f283acb56b	openalex	work_by_openalex_id	openalex	W4255516486	1	1	publication_component:database:publication:doi:10.7287/peerj.preprints.3420v1/supp-1	native_title_evidence	recover_title
lookup:7ac5472d775acc467195d82305c11882581096f42c2da713d7de0d69c0b9371b	openalex	work_by_openalex_id	openalex	W4230361615	1	1	publication_component:database:publication:doi:10.7287/peerj.preprints.27406v2/supp-4	native_title_evidence	recover_title
lookup:7ad8d9c2b61a59d34612ea4cb6cd82dd4b9a0618a1439af07153d6ff323cd5be	openalex	work_by_pmid	pmid	25380807	2	2	publication_component:citation:publication:doi:10.1101/002766;publication_component:citation:publication:doi:10.1186/1471-2164-15-966	conflict_all_exact_evidence	adjudicate_identifier_conflict
lookup:7aff63c4e2a4e4c3836dba6b036c052513bbee39776ecefc5d4db9e299cc1750	opencitations_meta	metadata_by_omid	omid	br/0640575358	1	1	publication_component:citation:publication:doi:10.1016/j.cbpa.2011.03.005	native_title_evidence	recover_title
lookup:7b28698a80312a1b46c53209cbe6f921ff88175f6114c0f9c7efde27c959edb1	openalex	work_by_openalex_id	openalex	W2127320825	1	1	publication_component:citation:publication:openalex:W2127320825	native_provider_identity	recover_title;resolve_provider_identity
lookup:7b4be0024f8ecef47a42cae40d9fa432c37b6925c8663adc26ea7e0817e364f3	openalex	work_by_openalex_id	openalex	W4243348112	1	1	publication_component:database:publication:doi:10.7287/peerj.preprints.27342v1/supp-6	native_title_evidence	recover_title
lookup:7b51d2fad78599634bbf552710e2a595f19aad027db7cf5a24a5d585b1c73bfb	openalex	work_by_openalex_id	openalex	W7139650502	1	1	publication_component:citation:publication:openalex:W7139650502	native_provider_identity	resolve_provider_identity
lookup:7b9a36f8c811a52506e29fec6becaa25d33cc7fab50f50c008b608f9d1c59f49	openalex	work_by_openalex_id	openalex	W2991241322	1	1	publication_component:citation:publication:doi:10.3389/fmicb.2019.02838	conflict_all_exact_evidence	adjudicate_identifier_conflict
lookup:7bbc97b37a327f68a514d3e4866644cfb4cfc59afa52c8a25e5753b70f2662c7	openalex	work_by_doi	doi	10.1534/genetics.119.302045	1	1	publication_component:citation:publication:doi:10.1534/genetics.119.302045	conflict_all_exact_evidence	adjudicate_identifier_conflict
lookup:7bc85e6e167b3db718e484a71eecd3660fa0ae842febd2b87572d0808fcc7bf4	openalex	work_by_openalex_id	openalex	W4232152634	1	1	publication_component:database:publication:doi:10.7287/peerj.preprints.1482/supp-10	native_title_evidence	recover_title
lookup:7c4b44571fcdea8f2094929d87ad2e76134aaa4152ec59782c534249827c10db	opencitations_meta	metadata_by_doi	doi	10.1371/journal.pgen.1005331	1	1	publication_component:citation:publication:doi:10.1371/journal.pgen.1005331	conflict_all_exact_evidence	adjudicate_identifier_conflict
lookup:7c8877aa66c7237703c72639529c931067ec779078210f7a8c18144cd22bd303	opencitations_meta	metadata_by_doi	doi	10.1186/s13059-019-1793-1	1	1	publication_component:citation:publication:doi:10.1186/s13059-019-1793-1	conflict_all_exact_evidence	adjudicate_identifier_conflict
lookup:7c9fb5213fd5ae2f6d648153f86155be67f4ac6588bef981cfbb7ec0b0958afd	openalex	work_by_openalex_id	openalex	W4242550240	1	1	publication_component:database:publication:doi:10.7287/peerj.preprints.27342v1/supp-4	native_title_evidence	recover_title
lookup:7cae33a31db26946bb705bbc771e020106f0da5b37f407e40e92c66d08139b9a	openalex	work_by_openalex_id	openalex	W197156525	1	1	publication_component:citation:publication:openalex:W197156525	native_provider_identity	resolve_provider_identity
lookup:7cb3fe2985f5286cb601258b1d845581dc9d6ff4367c34b23ff867490f1e9cce	openalex	work_by_openalex_id	openalex	W4285719527	1	1	publication_component:citation:publication:openalex:W4285719527	native_provider_identity	recover_title;resolve_provider_identity
lookup:7ccfa1146d865f36658f13e61bfb7ccd1b4eae391a0e595967fe751156ca5a2c	openalex	work_by_openalex_id	openalex	W4415642942	1	1	publication_component:database:publication:doi:10.3752/cjai.2025.56	native_title_evidence	recover_title
lookup:7d07091eb388ff0585b8f95b3ca0633d1767a45d45c77f0516e5e94168028fea	openalex	work_by_openalex_id	openalex	W3105013251	1	1	publication_component:citation:publication:doi:10.1371/journal.ppat.1008984	conflict_all_exact_evidence	adjudicate_identifier_conflict
lookup:7d0b8694e9640f88ca49a02841f5aaa6fea58a8dcc83927073dbf321043266cb	openalex	work_by_openalex_id	openalex	W16530808	1	1	publication_component:citation:publication:openalex:W16530808	native_provider_identity	resolve_provider_identity
lookup:7d20a56692de1fe163ddf78d86372d5bcaa4ef8bd96a35578642488fab3cb3f5	opencitations_meta	metadata_by_omid	omid	br/06210296905	1	1	publication_component:citation:publication:doi:10.1093/gbe/evr101	native_title_evidence	recover_title
lookup:7d7b91c406bf8d761777e80e47c8dc40fabc64518604e749bf8f84af49690b43	opencitations_meta	metadata_by_omid	omid	br/06502871853	1	1	publication_component:citation:publication:doi:10.1016/j.aml.2010.06.021	native_title_evidence	recover_title
lookup:7d8430f4422d6590cd0b2b9b8bf009ad4212434677fcea796a9f654ef2774779	openalex	work_by_openalex_id	openalex	W638482479	1	1	publication_component:citation:publication:openalex:W638482479	native_provider_identity	recover_title;resolve_provider_identity
lookup:7d9586155902d40f0cd5e2372f1b120aa93ea975c6cb87683271adeea57e9c2a	openalex	work_by_pmid	pmid	30589511	2	2	publication_component:database:publication:doi:10.1111/febs.14741;publication_component:database:publication:doi:10.2210/pdb6nee/pdb	conflict_all_exact_evidence	adjudicate_identifier_conflict
lookup:7da37a6d20e9cb2e71c6bc4001cea26d9c7eb664002cba032cdc2e24789af617	openalex	work_by_pmid	pmid	11246451	2	2	publication_component:database:publication:doi:10.1017/s0003480099007794;publication_component:database:publication:doi:10.1046/j.1469-1809.1999.6360489.x	conflict_all_exact_evidence	adjudicate_identifier_conflict
lookup:7e25ceec318d1267e2ff997272470d16d97d0111a57ca276b9b72be8038e1dde	openalex	work_by_openalex_id	openalex	W2973824500	1	1	publication_component:citation:publication:doi:10.7554/elife.44205	conflict_all_exact_evidence	adjudicate_identifier_conflict
lookup:7e28b0275d30de351d61f8b0ad0c27810571fba687c2f0670be0b94e26c7f06c	openalex	work_by_openalex_id	openalex	W4246249229	1	1	publication_component:database:publication:doi:10.7287/peerj.preprints.2277v1/supp-1	native_title_evidence	recover_title
lookup:7e35c705fb6aff6c531c943699c7bf5d6aeacd1abbc3a88e9b93575e18aa9343	openalex	work_by_openalex_id	openalex	W2291647668	1	1	publication_component:citation:publication:openalex:W2291647668	native_provider_identity	recover_title;resolve_provider_identity
lookup:7e48fe8734aff0c6322051d4f7d3c23ff2a3ef418874a4336c1787e6d4f26d9f	openalex	work_by_openalex_id	openalex	W2065461553	1	1	publication_component:citation:publication:openalex:W2065461553	native_provider_identity	recover_title;resolve_provider_identity
lookup:7e5512277257fcefe46c951c6886d86bb612093820fb534e618c76b62e042813	openalex	work_by_openalex_id	openalex	W2026551295	1	1	publication_component:citation:publication:openalex:W2026551295	native_provider_identity	recover_title;resolve_provider_identity
lookup:7e59af0250746a278b07625c57acca98740183232bb2ef8ee452a44a1e906811	openalex	work_by_openalex_id	openalex	W4245293289	1	1	publication_component:database:publication:doi:10.7287/peerj.preprints.3488/supp-6	native_title_evidence	recover_title
lookup:7e6c3e50b3a076d6325ea7082d6dc0eb2b3d89320382fc5380652759fb2ec337	openalex	work_by_openalex_id	openalex	W7163550208	1	1	publication_component:database:publication:doi:10.1093/molbev/msag135	conflict_all_exact_evidence	adjudicate_identifier_conflict
lookup:7e7e16393877d5f9d14d8a76247138e7dffd5c5bfe08dc51b831bf8c2257ea6b	opencitations_meta	metadata_by_omid	omid	br/06190574602	1	1	publication_component:citation:publication:doi:10.1093/bioinformatics/13.3.235	native_title_evidence	recover_title
lookup:7ea205f1c6420435a85304e43f93f56878e533257210c93528dc84b8ba055de9	opencitations_meta	metadata_by_omid	omid	br/06402619009	1	1	publication_component:citation:publication:doi:10.1093/genetics/164.3.1229	native_title_evidence	recover_title
lookup:7eb4cd53d2ead010df58b3ef62bdf5057815058a2ee937c95d96ffbfd52bcb88	openalex	work_by_openalex_id	openalex	W2139771752	1	1	publication_component:citation:publication:openalex:W2139771752	native_provider_identity	recover_title;resolve_provider_identity
lookup:7f595cfaccc6d9f977a0d23b79793720214440a713a63abcc41ecb9a7057a0ef	openalex	work_by_openalex_id	openalex	W2100641815	1	1	publication_component:citation:publication:openalex:W2100641815	native_provider_identity	recover_title;resolve_provider_identity
lookup:7f8fcd6012d125ea382026e78374b06e02e1174b589df0bf676d91353ff1c259	openalex	work_by_openalex_id	openalex	W3027208771	1	1	publication_component:citation:publication:openalex:W3027208771	native_provider_identity	resolve_provider_identity
lookup:7f983968f7cd6187a96d9357733e9e37e295f1ea0fa2f2f219d827e38e059ab5	openalex	work_by_openalex_id	openalex	W2322358787	1	1	publication_component:citation:publication:openalex:W2322358787	native_provider_identity	recover_title;resolve_provider_identity
lookup:7fb50b515608dac9c2f1ec798f09c8c456b8849a5d5bcbb959ff00dd7db87fad	openalex	work_by_openalex_id	openalex	W2952536325	1	1	publication_component:citation:publication:doi:10.1101/005017	conflict_all_exact_evidence	adjudicate_identifier_conflict
lookup:7fb7aad1d59d49900c631da25eccf03844b2ea5de1152fe0eb383897e7108ab4	opencitations_meta	metadata_by_omid	omid	br/061601920499	1	1	publication_component:citation:publication:doi:10.1371/journal.pbio.0040088	native_title_evidence	recover_title
lookup:7fc9296196b3e2e28422a76347fc4b82a38333b3fc8621058e58d4d4604fc93c	openalex	work_by_openalex_id	openalex	W4252959177	1	1	publication_component:database:publication:doi:10.7287/peerj.preprints.26616v1/supp-1	native_title_evidence	recover_title
lookup:7fda8f88ce4de816034013cc626776eee2806f5c76383123f4bbd1c0485959ab	openalex	work_by_doi	doi	10.7868/s0016675814110071	1	1	publication_component:database:publication:doi:10.7868/s0016675814110071	conflict_all_exact_evidence	adjudicate_identifier_conflict
lookup:7fe3af3256288d26850efc14a93e3f9c76c3ebf7bd992e4b557d2f4cd7b66d0a	opencitations_meta	metadata_by_omid	omid	br/062201146322	1	1	publication_component:citation:publication:doi:10.1093/molbev/msw217	native_title_evidence	recover_title
lookup:7feb294cd2b250f7b19ccbb787791fb77ad1b03adadee525eeb920e9d8cca2ff	openalex	work_by_doi	doi	10.7554/elife.05055	1	1	publication_component:citation:publication:doi:10.7554/elife.05055	conflict_all_exact_evidence	adjudicate_identifier_conflict
lookup:7ff7c78ade9fe9616ed88d790cf7aa77416a98395a48bcdb562b048cba61bd61	openalex	work_by_openalex_id	openalex	W1597219604	1	1	publication_component:citation:publication:openalex:W1597219604	native_provider_identity	resolve_provider_identity
lookup:800cee1a3ec624c7cb7c4813ee12aa8305ff1072dca427d99a3f761e761ee270	opencitations_meta	metadata_by_omid	omid	br/06401101784	1	1	publication_component:citation:publication:doi:10.1016/j.ijmyco.2016.11.028	native_title_evidence	recover_title
lookup:805be6cbcd9527b8ba024b8afd226c3b017a13a928c387f10e734c9611dbc3e5	openalex	work_by_openalex_id	openalex	W4247727353	1	1	publication_component:database:publication:doi:10.7287/peerj.preprints.2663v1/supp-1	native_title_evidence	recover_title
lookup:80a8d699f480e6679c0f1c01b140b37647f3c89b937e9bf69f0b56903ad0fab7	openalex	work_by_openalex_id	openalex	W2188572994	1	1	publication_component:citation:publication:openalex:W2188572994	native_provider_identity	resolve_provider_identity
lookup:80de73ed20abceddd1fe7575d1ad52bc7d2108d3c1d5c73602976f5e24bffde7	openalex	work_by_doi	doi	10.1111/tpj.70981	1	1	publication_component:database:publication:doi:10.1111/tpj.70981	conflict_all_exact_evidence	adjudicate_identifier_conflict
lookup:80e8647c06c31d325a24c1c3a8f04c137ee2b7ea09ebe370c9893313ba262080	openalex	work_by_openalex_id	openalex	W2077564233	1	1	publication_component:citation:publication:openalex:W2077564233	native_provider_identity	recover_title;resolve_provider_identity
lookup:81122aa57b8a97fcbd6a03cf08331390b4ab38eb60ef5813ea3c131c261dbe42	opencitations_meta	metadata_by_omid	omid	br/0660686180	1	1	publication_component:citation:publication:doi:10.1099/vir.0.000155	native_title_evidence	recover_title
lookup:811e13411dd6b23f62761db66c7c263edd0444e25c55870257bb07013fbb339f	opencitations_meta	metadata_by_omid	omid	br/062204102337	1	1	publication_component:citation:publication:doi:10.1093/molbev/msaa015	native_title_evidence	recover_title
lookup:813c5a019bf801d81ad760e384bddc13cb885a3cb75590108e0e6dc7ae285c74	openalex	work_by_openalex_id	openalex	W2952013840	1	1	publication_component:citation:publication:doi:10.1371/journal.pgen.1005331	conflict_all_exact_evidence	adjudicate_identifier_conflict
lookup:8141c5ec3fe81c02a26b0d1d1a88b2660a60110e589ead10c9f6dfaba9eff03a	openalex	work_by_openalex_id	openalex	W1972821133	1	1	publication_component:citation:publication:doi:10.1186/1471-2164-15-966	conflict_all_exact_evidence	adjudicate_identifier_conflict
lookup:81597238e2ee73bb8073ace88c840ee74b15ceb37563d685d1de1f470d94a196	openalex	work_by_openalex_id	openalex	W3100998278	1	1	publication_component:citation:publication:openalex:W3100998278	native_provider_identity	recover_title;resolve_provider_identity
lookup:818dac45d08e10416ff2e054bc528f8da4c4bf15f4f8520c588a1c9300fdbba4	opencitations_meta	metadata_by_omid	omid	br/06014313552	1	1	publication_component:citation:publication:doi:10.3390/ai7010027	native_title_evidence	recover_title
lookup:819d51719b5ce69c81d20ab413b5d1c9b9f47161fd4ebe6db2b220ad6b7dfc4f	opencitations_meta	metadata_by_omid	omid	br/06026518220	1	1	publication_component:citation:publication:doi:10.3897/dez.69.68373.suppl6	native_title_evidence	recover_title
lookup:81bbbe9311047274d44314ed1efd3b863c1780daa5e405e4667aad9a88a06a48	opencitations_meta	metadata_by_omid	omid	br/06201804533	1	1	publication_component:citation:publication:doi:10.1101/043091	conflict_all_exact_evidence	adjudicate_identifier_conflict
lookup:82152be9bd523e0aaf72c0054ba0d98620f0392fb7c9bac296d286463c345c6d	opencitations_meta	metadata_by_omid	omid	br/06150352163	1	1	publication_component:citation:publication:doi:10.1038/267275a0	native_title_evidence	recover_title
lookup:82484af50f4ce01e2259bd503f0050e04197e6bec87d8e8dc6d11f6b0ce2d65a	openalex	work_by_openalex_id	openalex	W2160634817	1	1	publication_component:citation:publication:openalex:W2160634817	native_provider_identity	recover_title;resolve_provider_identity
lookup:826ca6e7021decf57e149888bd6fd68caa54988b2dcb5cafec587b05f1a82fbd	openalex	work_by_openalex_id	openalex	W44719502	1	1	publication_component:citation:publication:openalex:W44719502	native_provider_identity	resolve_provider_identity
lookup:828b3b018c382e739d57f6adcf3aaea3f38c7d974dc2daffed816b9ba5a8a94a	openalex	work_by_openalex_id	openalex	W4243641996	1	1	publication_component:database:publication:doi:10.7287/peerj.preprints.26616v1/supp-2	native_title_evidence	recover_title
lookup:82ceb9117596c1195042c63885c163ca1a1c7881fcc8b61a0f953236024ee657	openalex	work_by_openalex_id	openalex	W4254276788	1	1	publication_component:database:publication:doi:10.1111/j.0014-3820.2003.tb00265.x	conflict_all_exact_evidence	adjudicate_identifier_conflict
lookup:82d17a4e7befc1cd83826b0c252d91af3b639efaa5413d7de8f4d89e314c074e	openalex	work_by_openalex_id	openalex	W4230339428	1	1	publication_component:database:publication:doi:10.7287/peerj.preprints.1564/supp-1	native_title_evidence	recover_title
lookup:82ee110bcef4550b4c6b2c9fd596bda7283e334256f69d6966a01083f2cf1d9a	openalex	work_by_pmid	pmid	11108477	2	2	publication_component:database:publication:doi:10.1089/106652700750050925;publication_component:database:publication:doi:10.1145/332306.332563	conflict_all_exact_evidence	adjudicate_identifier_conflict
lookup:82efbcf7fd2618fa0775aca324ff36eceea034138fb4cfe04aa5d24faa873795	opencitations_meta	metadata_by_doi	doi	10.1111/mec.16841	1	1	publication_component:citation:publication:doi:10.1111/mec.16841	conflict_all_exact_evidence	adjudicate_identifier_conflict
lookup:8318c1065c0eae3c51ab00b52cb0491aa542da5dd632fc9ef545ec0ccdf4bcfc	openalex	work_by_openalex_id	openalex	W4247093105	1	1	publication_component:database:publication:doi:10.7287/peerj.preprints.1482/supp-3	native_title_evidence	recover_title
lookup:83228fd9413adbcfa1c954f4f243be648a3fb4ff3fbbd504d460efd2a422dc98	openalex	work_by_doi	doi	10.7287/peerj.preprints.26577v1	1	1	publication_component:citation:publication:doi:10.7287/peerj.preprints.26577v1	conflict_all_exact_evidence	adjudicate_identifier_conflict;recover_title
lookup:832739cde8a6335d7d2e5921b323618bbbde57d2e0e5727e9e1b99f66f6b700a	openalex	work_by_openalex_id	openalex	W4248584893	1	1	publication_component:database:publication:doi:10.7287/peerj.preprints.2741/supp-3	native_title_evidence	recover_title
lookup:8336ced77573fe5ee6c5afb051a73bfc5735ca0ead3a6b8767ba6ccd99ed8c59	openalex	work_by_openalex_id	openalex	W2619712135	1	1	publication_component:citation:publication:openalex:W2619712135	native_provider_identity	resolve_provider_identity
lookup:83430228b9dcd1daa464012d041624404f5b366506980baa3836e310ca479554	openalex	work_by_openalex_id	openalex	W3013094827	1	1	publication_component:citation:publication:openalex:W3013094827	native_provider_identity	resolve_provider_identity
lookup:83947fd583b3e407bbe165d00856fdc9f4d48d8a64358a417aa698c9f8e8e016	openalex	work_by_openalex_id	openalex	W4231839338	1	1	publication_component:database:publication:doi:10.7287/peerj.preprints.27342v1/supp-5	native_title_evidence	recover_title
lookup:8394d1b15c6fc5f6391cd20e1125964473bde6d8f7274c490615a9d4268000ec	opencitations_meta	metadata_by_omid	omid	br/06023911326	1	1	publication_component:citation:publication:doi:10.2139/ssrn.4214078	native_title_evidence	recover_title
lookup:83a1a2731e90e4b896d5ea8bb6ac0bd0faefcef8e9217f4435b0cdbbe01e3a5a	opencitations_meta	metadata_by_doi	doi	10.1101/043091	1	1	publication_component:citation:publication:doi:10.1101/043091	conflict_all_exact_evidence	adjudicate_identifier_conflict
lookup:83be4339d70491234e76abd21a4cecbba0708c52b98ffebba193a3e9f3d219fc	opencitations_meta	metadata_by_omid	omid	br/061101092362	1	1	publication_component:citation:publication:doi:10.1128/mbio.02158-14	native_title_evidence	recover_title
lookup:83ce8d20fb11ef549c22fffa5c051b4837e783733cb87e8bfe53054466701409	openalex	work_by_openalex_id	openalex	W2029030554	1	1	publication_component:citation:publication:openalex:W2029030554	native_provider_identity	recover_title;resolve_provider_identity
lookup:83f9a0d487b10cb785294b25612a9f15b9c8b5b528cc52cd3afc7c1bea8e5a80	openalex	work_by_pmid	pmid	31464627	2	2	publication_component:citation:publication:doi:10.1101/598821;publication_component:citation:publication:doi:10.1186/s13059-019-1793-1	conflict_all_exact_evidence	adjudicate_identifier_conflict
lookup:8411f6ca4d999610a551a9a6c49119fc065fbbbcc2a581825c0907a6d263169b	opencitations_meta	metadata_by_omid	omid	br/061703066994	1	1	publication_component:citation:publication:doi:10.1073/pnas.0409853102	native_title_evidence	recover_title
lookup:84333f445761de8d9cf9061298d4d2b8bf7a847abb619896b08c56e3c5411a2d	opencitations_meta	metadata_by_omid	omid	br/062302202107	1	1	publication_component:citation:publication:doi:10.7287/peerj.preprints.2444v1	conflict_all_exact_evidence	adjudicate_identifier_conflict;recover_title
lookup:84401746b719edbcbd58726118e644a0b4bdd07bf3940d2063889fb70a566fb1	openalex	work_by_doi	doi	10.1017/s0003480099007794	1	1	publication_component:database:publication:doi:10.1017/s0003480099007794	conflict_all_exact_evidence	adjudicate_identifier_conflict
lookup:847981f68d10c922d331ee82b8c75960f8f36a18b9894f16c419e4ab9732aa5b	openalex	work_by_openalex_id	openalex	W4230623951	1	1	publication_component:database:publication:doi:10.7287/peerj.preprints.1482v1/supp-5	native_title_evidence	recover_title
lookup:8488d1ecfb2b3ad30fea6a4223b5e11b5ff63e644d67009c7da8f10c51ed4324	opencitations_meta	metadata_by_omid	omid	br/0606155588	1	1	publication_component:citation:publication:doi:10.1371/journal.pgph.0003943	native_title_evidence	recover_title
lookup:84a350d53221d6a83d09ab217b0d8bb6474356fb772da4e2bf152999f7c1e4a2	openalex	work_by_openalex_id	openalex	W2057538311	1	1	publication_component:citation:publication:openalex:W2057538311	native_provider_identity	recover_title;resolve_provider_identity
lookup:84bbbce092ac199967b670a4d72230d6c6e6ed3c93881fcb3ee23899495d49d2	pubmed	record_by_pmid	pmid	36617622	2	2	publication_component:citation:publication:doi:10.1101/2022.02.04.479011;publication_component:citation:publication:doi:10.1111/mec.16841	conflict_all_exact_evidence	adjudicate_identifier_conflict
lookup:84c5081a161301d4b80e5cb50b4c98db28700c045bc78428ddf16ff71e927ec5	openalex	work_by_openalex_id	openalex	W2110803328	1	1	publication_component:citation:publication:openalex:W2110803328	native_provider_identity	recover_title;resolve_provider_identity
lookup:84f4980d646972c64fd9a9953e67ffd4f1d873147f7d4193055184904f3b2e20	openalex	work_by_doi	doi	10.1101/009134	1	1	publication_component:citation:publication:doi:10.1101/009134	conflict_all_exact_evidence	adjudicate_identifier_conflict
lookup:85126853dc0de681719adf06fb1f4dc0434fe2fe7853a23bd5adae5c1cf71c36	openalex	work_by_openalex_id	openalex	W2076844958	1	1	publication_component:citation:publication:openalex:W2076844958	native_provider_identity	recover_title;resolve_provider_identity
lookup:8521f6bea8985ebc833dc6dfa937ca7af426c33b23412370bf0e473741e048e6	opencitations_meta	metadata_by_doi	doi	10.1073/pnas.021450998	1	1	publication_component:database:publication:doi:10.1073/pnas.021450998	conflict_all_exact_evidence	adjudicate_identifier_conflict
lookup:852d8b892778d1aae3d9c98c7bdb34878f44fb3a61dd2b5c4f2f06394857e77c	openalex	work_by_openalex_id	openalex	W4231100564	1	1	publication_component:database:publication:doi:10.7287/peerj.preprints.2434v2/supp-2	native_title_evidence	recover_title
lookup:857de221734ebd9ae4dff75845b53d3c63f48c69c9dc8435f9f4fe33fad877e0	openalex	work_by_openalex_id	openalex	W1898801155	1	1	publication_component:citation:publication:openalex:W1898801155	native_provider_identity	recover_title;resolve_provider_identity
lookup:85c92477ad72d309f97153477b3bf748a951c4eb28e375d07d7e7ab12496a97d	openalex	work_by_openalex_id	openalex	W4235710101	1	1	publication_component:database:publication:doi:10.7287/peerj.preprints.1615v1/supp-2	native_title_evidence	recover_title
lookup:85d0c83968b2b592b356212ff3de647bf1dcd6348a6dd2692232ee76bfbb457d	opencitations_meta	metadata_by_omid	omid	br/0690440446	1	1	publication_component:citation:publication:doi:10.1080/10635150390192780	native_title_evidence	recover_title
lookup:85ec41805a97c0d3cf2951a5f735b3ecd9bf264ecb1d8112a610c08989219be9	openalex	work_by_openalex_id	openalex	W26419086	1	1	publication_component:citation:publication:openalex:W26419086	native_provider_identity	resolve_provider_identity
lookup:85f7bda2b12357c5a8d6cea7fafa76b4afab6c5a309ab37cb9b42697a5ca7b22	openalex	work_by_openalex_id	openalex	W4253642789	1	1	publication_component:database:publication:doi:10.7287/peerj.preprints.1482v1/supp-1	native_title_evidence	recover_title
lookup:85f9cc32aa0dd7c756789f6b5c83f4f1f5c2f7ed7723276ae7fc17f064138ce1	openalex	work_by_openalex_id	openalex	W4236805057	1	1	publication_component:database:publication:doi:10.7287/peerj.preprints.377/supp-2	native_title_evidence	recover_title
lookup:86176aa84fc76c8d657b4b30645c8326cdcdfcc77147d0984edc88d05ca081b7	openalex	work_by_openalex_id	openalex	W2789571033	1	1	publication_component:citation:publication:openalex:W2789571033	native_provider_identity	recover_title;resolve_provider_identity
lookup:862ab940a3cb08704854607948465b21ff89a243d99496fc75d4b2dd3a86ffd7	openalex	work_by_openalex_id	openalex	W4239086582	1	1	publication_component:database:publication:doi:10.7287/peerj.preprints.3488v2/supp-6	native_title_evidence	recover_title
lookup:863e26d79cfd58e456dc7c5e40a6a7e2d99a3baab3a75ecc8fbfbe6ff13bdb46	openalex	work_by_doi	doi	10.1093/sysbio/syag038	2	2	publication_component:citation:publication:doi:10.1093/sysbio/syag038;publication_component:database:publication:doi:10.1093/sysbio/syag038	conflict_all_exact_evidence	adjudicate_identifier_conflict
lookup:867e77b45c04a23c1bf9296e47d8823291159d0983258c504ce7a580218e5c25	openalex	work_by_openalex_id	openalex	W2286690680	1	1	publication_component:citation:publication:openalex:W2286690680	native_provider_identity	resolve_provider_identity
lookup:86ff37c3026eefd9cc754761ba9994a1214f98553a817557ee1db736e1f41e0f	openalex	work_by_openalex_id	openalex	W2465378687	1	1	publication_component:citation:publication:openalex:W2465378687	native_provider_identity	resolve_provider_identity
lookup:87460403e13dd86469a5a08c27f647545d09a223be4a28c387f00882e117978f	openalex	work_by_openalex_id	openalex	W4253151592	1	1	publication_component:database:publication:doi:10.1055/s-011-50717	native_title_evidence	recover_title
lookup:874d6e5404f8265840abc6e144194ee30461cd76bcd3d8d43413f920e5c65c6d	openalex	work_by_openalex_id	openalex	W2741293025	1	1	publication_component:citation:publication:openalex:W2741293025	native_provider_identity	resolve_provider_identity
lookup:875783ac3777525a5f9ec7a501136f9a9773e6835eaa3861b09c18abb18beb2a	openalex	work_by_openalex_id	openalex	W2556315730	1	1	publication_component:citation:publication:openalex:W2556315730	native_provider_identity	resolve_provider_identity
lookup:875fa8398bedcef8f458f721ba2cdebc7d675eec6a26382a8ea65cbb3081a3e6	openalex	work_by_openalex_id	openalex	W2076079755	1	1	publication_component:citation:publication:openalex:W2076079755	native_provider_identity	recover_title;resolve_provider_identity
lookup:8793583b8e8710b33cbceece2a6a8c3f5c06a1a53261c9ef9c7bdb85ed21294e	opencitations_meta	metadata_by_doi	doi	10.1554/0014-3820(2003)057[0305:nabmdh]2.0.co;2	1	1	publication_component:database:publication:doi:10.1554/0014-3820(2003)057[0305:nabmdh]2.0.co;2	conflict_all_exact_evidence	adjudicate_identifier_conflict
lookup:879bbc3721a3e4523797677fd039e1b46667655785853364ee4fc8bcff09b3d7	pubmed	record_by_pmid	pmid	25374784	2	2	publication_component:citation:publication:doi:10.1101/009134;publication_component:citation:publication:doi:10.7717/peerj.642	conflict_all_exact_evidence	adjudicate_identifier_conflict
lookup:879db0277f2f328c693cf4443786e808e334c7050eb581b8c988ca1b335f3e3b	openalex	work_by_openalex_id	openalex	W2273091095	1	1	publication_component:citation:publication:openalex:W2273091095	native_provider_identity	resolve_provider_identity
lookup:87bede4a5d0a5655b0da353c8f31956a5fa1087dbd41b6b0e977c1b8843f0400	opencitations_meta	metadata_by_omid	omid	br/06150571218	1	1	publication_component:citation:publication:doi:10.1093/bioinformatics/bts633	native_title_evidence	recover_title
lookup:87da05e4a587bd4b06e3c917ae033188aa45a3fcaf62691a25646f86b0bf7919	pubmed	record_by_pmid	pmid	42269138	2	2	publication_component:database:publication:doi:10.1101/2024.09.03.611065;publication_component:database:publication:doi:10.1111/tpj.70981	conflict_all_exact_evidence	adjudicate_identifier_conflict
lookup:8856eba4132891e5cfb555b7288e6fbda3592a524a58133c2bf5669d6317e973	openalex	work_by_openalex_id	openalex	W4230240894	1	1	publication_component:database:publication:doi:10.1002/hep.v24:3	native_title_evidence	recover_title
lookup:8885f31af05fddf14bfcfbab6f7c5ee961e74bf7ba09001931af0b4dec564b14	opencitations_meta	metadata_by_doi	doi	10.1101/2024.09.03.611065	1	1	publication_component:database:publication:doi:10.1101/2024.09.03.611065	conflict_all_exact_evidence	adjudicate_identifier_conflict
lookup:890de2220ee3c520cb035c8313f4347e116817dd5057d9f1b96fee112fc6f93c	opencitations_meta	metadata_by_omid	omid	br/062201302749	1	1	publication_component:citation:publication:doi:10.1038/s41467-020-19248-0	native_title_evidence	recover_title
lookup:890f6ff8c0f4aa6ef3470da6ad42dc145b129e53b00d963575b1896b6a7a3edb	opencitations_meta	metadata_by_doi	doi	10.1101/598821	1	1	publication_component:citation:publication:doi:10.1101/598821	conflict_all_exact_evidence	adjudicate_identifier_conflict
lookup:8912f84b2304b141d9f73bcf32103772b02c5cc4974752b4ff3f77204d25f6f6	openalex	work_by_openalex_id	openalex	W4250101660	1	1	publication_component:database:publication:doi:10.7287/peerj.preprints.27406v2/supp-1	native_title_evidence	recover_title
lookup:891c805822d879264e7b0c8595a070d1249980f2b9a7989a8a611cc46e99d282	openalex	work_by_doi	doi	10.1101/2020.04.27.052225	1	1	publication_component:citation:publication:doi:10.1101/2020.04.27.052225	conflict_all_exact_evidence	adjudicate_identifier_conflict
lookup:89516275bfe2b0cd6885b1213a198bcaec18875c293d6a34ba9a021df2ab9780	opencitations_meta	metadata_by_omid	omid	br/06180297507	1	1	publication_component:database:publication:doi:10.1093/gbe/evz101	conflict_all_exact_evidence	adjudicate_identifier_conflict
lookup:8956b58fd2362005f7c8922e29ee92e3ebe0c4be250cfedb26e5e6cd390811b2	openalex	work_by_openalex_id	openalex	W4243263051	1	1	publication_component:database:publication:doi:10.7287/peerj.preprints.220v1/supp-3	native_title_evidence	recover_title
lookup:8979f81cac4c3484570ddde0c231a5bdfb9b52543315ef9f4cd226fda756803c	openalex	work_by_openalex_id	openalex	W4248426504	1	1	publication_component:database:publication:doi:10.7287/peerj.preprints.27329/supp-6	native_title_evidence	recover_title
lookup:8986f69c98e5a90ae0e07fd533057a1ca74a51584eabb0d53f2515aede779bc9	openalex	work_by_openalex_id	openalex	W2002363009	1	1	publication_component:citation:publication:openalex:W2002363009	native_provider_identity	recover_title;resolve_provider_identity
lookup:899b04f778516a087b637d972f13368530ef36806812cd6f5159ecc88a5aaade	openalex	work_by_openalex_id	openalex	W4237943547	1	1	publication_component:database:publication:doi:10.7287/peerj.preprints.2434/supp-1	native_title_evidence	recover_title
lookup:89ad97dddec5fb2fdfb7fdd2e78274962a44cf6eb1ffa89b1d251a8a083cd46c	opencitations_meta	metadata_by_omid	omid	br/061803881380	1	1	publication_component:citation:publication:omid:br/061803881380	native_provider_identity	recover_title;resolve_provider_identity
lookup:8a441d2f792f788bf92132d7224f64579e62f0f657cc0a295bfc4e8f93f7dc1f	openalex	work_by_openalex_id	openalex	W2109046728	1	1	publication_component:citation:publication:openalex:W2109046728	native_provider_identity	recover_title;resolve_provider_identity
lookup:8a7ade12e52f9fd67fad0128fa1191f751df10e9f6bda7b6e3f05482b59b4274	opencitations_meta	metadata_by_omid	omid	br/06140480596	1	1	publication_component:citation:publication:doi:10.1126/science.1086185	native_title_evidence	recover_title
lookup:8a873e5884f2341aea750cf86840cf7fd425ced8eed7583d127bf8f5a87f896c	opencitations_meta	metadata_by_omid	omid	br/06240434893	1	1	publication_component:citation:publication:doi:10.1128/jcm.02483-16	native_title_evidence	recover_title
lookup:8a9dcdd98ec64bebd6f302c70407dd6c098b06a6245b1f616410d94904820c93	openalex	work_by_pmid	pmid	27203426	2	2	publication_component:citation:publication:doi:10.1101/043091;publication_component:citation:publication:doi:10.1371/journal.pgen.1006063	conflict_all_exact_evidence	adjudicate_identifier_conflict
lookup:8b3f8772b4959732eb2d556b3c65e96c78ef65b8fee513e4927279809ab42fbc	openalex	work_by_openalex_id	openalex	W3146397058	1	1	publication_component:citation:publication:openalex:W3146397058	native_provider_identity	resolve_provider_identity
lookup:8b452adf4b8b527c795c8eb07f0d113cc2d1f732684c953629df2724d93e2bf2	openalex	work_by_openalex_id	openalex	W4243387237	1	1	publication_component:database:publication:doi:10.7287/peerj.preprints.3488v2/supp-3	native_title_evidence	recover_title
lookup:8b4a66551015a2a472dd3f81abbc0f009a8b991f7dbdaff4905ee273f7b5206f	openalex	work_by_pmid	pmid	33821261	2	2	publication_component:database:publication:doi:10.21203/rs.3.rs-378702/v1;publication_component:database:publication:doi:10.21203/rs.3.rs-378702/v3	conflict_all_exact_evidence	adjudicate_identifier_conflict
lookup:8b53957a2d78153d2aae4f51f6e6a9d94b683bca6b3678eb6da1e625c558cbc8	opencitations_meta	metadata_by_doi	doi	10.1371/journal.pbio.3000341	1	1	publication_component:citation:publication:doi:10.1371/journal.pbio.3000341	conflict_all_exact_evidence	adjudicate_identifier_conflict
lookup:8b68f6be6f53ca51c4b3bbd7bd13ed175bd81c4d1798cda574f652ed99576d11	openalex	work_by_pmid	pmid	24159804	2	2	publication_component:database:publication:doi:10.1134/s1022795413050049;publication_component:database:publication:doi:10.7868/s0016675813050044	conflict_all_exact_evidence	adjudicate_identifier_conflict
lookup:8b881a444edeffe4dd88b514ccb78d273c79da0c686c5e7b9b116f7e5281129f	opencitations_meta	metadata_by_doi	doi	10.21203/rs.3.rs-378702/v3	1	1	publication_component:database:publication:doi:10.21203/rs.3.rs-378702/v3	conflict_all_exact_evidence	adjudicate_identifier_conflict
lookup:8b8d0e42cda7e2b590557ac6408f0ee69569286e3dcf98581c19b54302634f41	openalex	work_by_openalex_id	openalex	W4238082732	1	1	publication_component:database:publication:doi:10.7287/peerj.preprints.1283v1/supp-2	native_title_evidence	recover_title
lookup:8b96cc3192f174f58b773c9cbecd8af5be6f2746b2ddcadb47f696abec77dfab	openalex	work_by_openalex_id	openalex	W4249960180	1	1	publication_component:database:publication:doi:10.7287/peerj.preprints.1482v1/supp-6	native_title_evidence	recover_title
lookup:8bcd9db90eb3f1fb8a694425d3b067a0ece53ee9a6e1963c31fdc8bf79db70de	openalex	work_by_openalex_id	openalex	W4250117976	1	1	publication_component:database:publication:doi:10.7287/peerj.preprints.27162v1/supp-9	native_title_evidence	recover_title
lookup:8bd37dc27eb504e51eb633a23095659637589cf172632be161002116bc5531b6	opencitations_meta	metadata_by_doi	doi	10.7717/peerj.2437	1	1	publication_component:citation:publication:doi:10.7717/peerj.2437	conflict_all_exact_evidence	adjudicate_identifier_conflict
lookup:8c1081fa3fa841112f11b9a9271c591da77a93e21b297a9b2643ca6276642cbe	openalex	work_by_openalex_id	openalex	W4255018293	1	1	publication_component:database:publication:doi:10.21203/rs.3.rs-378702/v3	conflict_all_exact_evidence	adjudicate_identifier_conflict
lookup:8c2cdb69bc7ba73b8f471f33f5e4669d538143ce1039ebff5e850c999514f88e	openalex	work_by_openalex_id	openalex	W1993054962	1	1	publication_component:citation:publication:openalex:W1993054962	native_provider_identity	recover_title;resolve_provider_identity
lookup:8d0e8e1699b7fe3967d135facae4fcd7e04fb94025c519e718f58b7329f0cf85	openalex	work_by_openalex_id	openalex	W2108135089	1	1	publication_component:citation:publication:openalex:W2108135089	native_provider_identity	recover_title;resolve_provider_identity
lookup:8d24ba525caae8e801806af8ac8cb9a1ce8a9d49292de5712861ef0d03684814	openalex	work_by_openalex_id	openalex	W2116111392	1	1	publication_component:citation:publication:openalex:W2116111392	native_provider_identity	recover_title;resolve_provider_identity
lookup:8d3c74a720d727d8d8be3bf8130226a26b460404203f2eed5e4fae436547caf0	openalex	work_by_openalex_id	openalex	W1965307886	1	1	publication_component:citation:publication:openalex:W1965307886	native_provider_identity	recover_title;resolve_provider_identity
lookup:8d9f4fb64755e95c28abcb0189af1714194244fec83952bf8880846382c67bbd	opencitations_meta	metadata_by_omid	omid	br/06201028072	1	1	publication_component:citation:publication:doi:10.1101/gr.849004	native_title_evidence	recover_title
lookup:8da1c540266d7034f1d76d6cd144f1da56d2ff96ddadd6d5fa811c2da2eef1f9	openalex	work_by_openalex_id	openalex	W2126568957	1	1	publication_component:citation:publication:openalex:W2126568957	native_provider_identity	recover_title;resolve_provider_identity
lookup:8dd2448be9c9b51a51eb687bb15ed511b99ecd7665f49900fc7859b156cb4b05	opencitations_meta	metadata_by_doi	doi	10.1093/plcell/koab146	1	1	publication_component:citation:publication:doi:10.1093/plcell/koab146	conflict_all_exact_evidence	adjudicate_identifier_conflict
lookup:8df5f36350a00d7b74b69af12993ea557c1894436ceab227009b710b9964c788	openalex	work_by_openalex_id	openalex	W4230867729	1	1	publication_component:database:publication:doi:10.7287/peerj.preprints.2787/supp-2	native_title_evidence	recover_title
lookup:8e17819afa241170b70a960a22b5177144659bd5d0ce9e9a09a2a7ac9575989c	openalex	work_by_openalex_id	openalex	W2973908949	1	1	publication_component:citation:publication:openalex:W2973908949	native_provider_identity	resolve_provider_identity
lookup:8e21778abb1468bc29584df9ae660482da6d8b3683aa068646e0ba1e28dfca55	openalex	work_by_openalex_id	openalex	W4241798033	1	1	publication_component:database:publication:doi:10.7287/peerj.preprints.2300/supp-1	native_title_evidence	recover_title
lookup:8e318f78024609ef8d262d5272c2c0d5e584b1d9df04a699a63478afc3640720	openalex	work_by_openalex_id	openalex	W2146396346	1	1	publication_component:citation:publication:openalex:W2146396346	native_provider_identity	recover_title;resolve_provider_identity
lookup:8e76ce929b40426a096221eddf054b715623a9b45ac45ea5852a5863dff28d1e	openalex	work_by_openalex_id	openalex	W4388621727	1	1	publication_component:database:publication:doi:10.11646/phytotaxa.625.3	native_title_evidence	recover_title
lookup:8e8c1992fdb25bba16a7f192bb379f0c9580d47940ede6658a1763f906724e4d	opencitations_meta	metadata_by_omid	omid	br/06110362354	1	1	publication_component:citation:publication:doi:10.1038/nature01858	native_title_evidence	recover_title
lookup:8e9c16b30990500aad0ff65f984c927631a41b63fca6073f54295483280b420e	openalex	work_by_openalex_id	openalex	W1992566665	1	1	publication_component:citation:publication:openalex:W1992566665	native_provider_identity	recover_title;resolve_provider_identity
lookup:8ef0183f24eb7ad757723ab346d715a881a7e9bc4e1ec1be5abd1b362584216f	openalex	work_by_openalex_id	openalex	W4236351502	1	1	publication_component:database:publication:doi:10.7287/peerj.preprints.27329v1/supp-7	native_title_evidence	recover_title
lookup:8ef9fe3257744041fda57e7184398fafcb094455bdeb20a4962ee168f2c58b2a	openalex	work_by_openalex_id	openalex	W11883565	1	1	publication_component:citation:publication:openalex:W11883565	native_provider_identity	resolve_provider_identity
lookup:8f4dd0843be68d9d56147c5b5c9124a2e5429f100c11b2deb65435647d42168a	openalex	work_by_openalex_id	openalex	W2403225571	1	1	publication_component:citation:publication:doi:10.1101/043091	conflict_all_exact_evidence	adjudicate_identifier_conflict
lookup:8f60fefa94bfa8a8b42516d05812f7e2605ce4d07af185e0325828331a0ad35b	opencitations_meta	metadata_by_omid	omid	br/062201146058	1	1	publication_component:citation:publication:doi:10.1093/oxfordjournals.molbev.a040410	native_title_evidence	recover_title
lookup:8f7784d63b22eff8d94b45d57b0fcf8cb1feda8c57b8d4f96b844b8cc0d9ad08	openalex	work_by_openalex_id	openalex	W3103572119	1	1	publication_component:citation:publication:openalex:W3103572119	native_provider_identity	resolve_provider_identity
lookup:8f82a17c570a15452888d961f7afa097a371180afda89115611a1b737f9cff2a	openalex	work_by_openalex_id	openalex	W2949867654	1	1	publication_component:citation:publication:openalex:W2949867654	native_provider_identity	recover_title;resolve_provider_identity
lookup:900ca330fbcc517f078843caab4d97d9a602364ae05f8d7f7b24838126380a43	pubmed	record_by_pmid	pmid	30589511	2	2	publication_component:database:publication:doi:10.1111/febs.14741;publication_component:database:publication:doi:10.2210/pdb6nee/pdb	conflict_all_exact_evidence	adjudicate_identifier_conflict
lookup:900f1a1132381f0abc9c941c4b7fec1c2fefa8b6634b4cff9af48aaeea39a817	opencitations_meta	metadata_by_omid	omid	br/06601898008	1	1	publication_component:citation:publication:doi:10.1101/556035	native_title_evidence	recover_title
lookup:903172062e5ec8b9d13e4dc8e90bad717472b5ea2d52227224504e905abadae9	openalex	work_by_openalex_id	openalex	W2113080064	1	1	publication_component:citation:publication:openalex:W2113080064	native_provider_identity	resolve_provider_identity
lookup:9033e586133aa902e9688ada4a87d8566e4bd96b624b806889418bf1b248541a	opencitations_meta	metadata_by_omid	omid	br/06022980720	1	1	publication_component:citation:publication:omid:br/06022980720	native_provider_identity	recover_title;resolve_provider_identity
lookup:905a456d504826708ea53bb83cbe28c5f9dab7b4177e05203f1875ef94b779aa	openalex	work_by_openalex_id	openalex	W2340827469	1	1	publication_component:citation:publication:openalex:W2340827469	native_provider_identity	resolve_provider_identity
lookup:90729f4e1c05b3714c2a0832a0123429847839272c3883bfc8f1d59fbe15a69d	openalex	work_by_openalex_id	openalex	W4232852876	1	1	publication_component:database:publication:doi:10.7287/peerj.preprints.2434v1/supp-2	native_title_evidence	recover_title
lookup:907703afb8a1310c591ffc605a79f4b5c045c7eaf0e2710b63036c61c39ff84a	openalex	work_by_openalex_id	openalex	W2157553803	1	1	publication_component:citation:publication:openalex:W2157553803	native_provider_identity	recover_title;resolve_provider_identity
lookup:90990903b7ca28268360dedadf106cb70b2e1e3ff54ba40f245412edb768659e	openalex	work_by_doi	doi	10.1111/j.0014-3820.2003.tb00265.x	1	1	publication_component:database:publication:doi:10.1111/j.0014-3820.2003.tb00265.x	conflict_all_exact_evidence	adjudicate_identifier_conflict
lookup:90ad9d2f1ebac407e40cf288dab4f662a7e979e57e0275d92ff854d26a928b19	opencitations_meta	metadata_by_omid	omid	br/061401322271	1	1	publication_component:citation:publication:doi:10.1186/s13059-014-0524-x	native_title_evidence	recover_title
lookup:90aec256eaa05e5e0848c9a45d9d711d9336670207a388c45310dfd32bdddf94	openalex	work_by_openalex_id	openalex	W4386697697	1	1	publication_component:database:publication:doi:10.11646/phytotaxa.613.3	native_title_evidence	recover_title
lookup:90bfe2664372817b929caa8dfdd3a4ae3d89e4972edac89941ec4a9cba8a5431	openalex	work_by_openalex_id	openalex	W2099109129	1	1	publication_component:citation:publication:openalex:W2099109129	native_provider_identity	recover_title;resolve_provider_identity
lookup:90db2c6e05bd7dddf9924c1691f490ae9161223cdf541f581ef0fc818c4fb5a4	openalex	work_by_openalex_id	openalex	W4237119452	1	1	publication_component:database:publication:doi:10.7287/peerj.preprints.27162v1/supp-8	native_title_evidence	recover_title
lookup:90e15933132c556906c1edfb7866c21ab81a792d91cd8e5f56b221631c684636	openalex	work_by_doi	doi	10.7717/peerj.642	1	1	publication_component:citation:publication:doi:10.7717/peerj.642	conflict_all_exact_evidence	adjudicate_identifier_conflict
lookup:90e1a2b5e4693f0664d8a1ddd70c701209e6620a594058a540fe8b1c661f90fb	openalex	work_by_openalex_id	openalex	W4240426832	1	1	publication_component:database:publication:doi:10.7287/peerj.preprints.2741v1/supp-8	native_title_evidence	recover_title
lookup:90f6e18fb0e53baf502e0daecb8d07201b0316d1b9a0b88a9a8fab7a360b5726	opencitations_meta	metadata_by_doi	doi	10.1101/2025.08.04.668502	1	1	publication_component:database:publication:doi:10.1101/2025.08.04.668502	conflict_all_exact_evidence	adjudicate_identifier_conflict
lookup:911d0b59a657b8faa1e7867175ffdc2c3f25e7d001ddbf1a93efb75964832a06	openalex	work_by_openalex_id	openalex	W2150215622	1	1	publication_component:citation:publication:openalex:W2150215622	native_provider_identity	recover_title;resolve_provider_identity
lookup:91678a74cbee3db757bf02691259cb6b4b42e669a04109cb787d077acba67c6b	openalex	work_by_openalex_id	openalex	W4237529464	1	1	publication_component:database:publication:doi:10.7287/peerj.preprints.27162v1/supp-14	native_title_evidence	recover_title
lookup:9176ba13575f80ef81ab6c8fc22b2c7dd2bb996307add3925cccdb82dd901df2	opencitations_meta	metadata_by_doi	doi	10.1093/sysbio/syag038	2	2	publication_component:citation:publication:doi:10.1093/sysbio/syag038;publication_component:database:publication:doi:10.1093/sysbio/syag038	conflict_all_exact_evidence	adjudicate_identifier_conflict
lookup:9218ea0ba7e9d15681b9f8c989f4b8b5d743d36368d4ee720342bb09fabc6d36	openalex	work_by_openalex_id	openalex	W4230482707	1	1	publication_component:database:publication:doi:10.7287/peerj.preprints.243v1/supp-1	native_title_evidence	recover_title
lookup:924620ec7e2aee76fbcdbd9b44c8470d6cc0f01eaef859f16628227c91111159	openalex	work_by_openalex_id	openalex	W4233633342	1	1	publication_component:database:publication:doi:10.7287/peerj.preprints.26863/supp-2	native_title_evidence	recover_title
lookup:928a7136fba96a0ee48cf6f1307893f3adcb4f6849897507d180d77de2d7dbf6	opencitations_meta	metadata_by_doi	doi	10.1101/739037	1	1	publication_component:citation:publication:doi:10.1101/739037	conflict_all_exact_evidence	adjudicate_identifier_conflict
lookup:92b7e058c7756a6addc7cd24ccc292cf24caa46f7b4dd04d84172cab2dfac3cb	opencitations_meta	metadata_by_omid	omid	br/06015429209	1	1	publication_component:citation:publication:doi:10.64898/2026.01.13.699300	native_title_evidence	recover_title
lookup:92e2a8e406ce48d872381bcc7204db7a84cc2bf768364bad9fff731aad1bcee8	openalex	work_by_openalex_id	openalex	W1934360192	1	1	publication_component:citation:publication:openalex:W1934360192	native_provider_identity	recover_title;resolve_provider_identity
lookup:92f2fd1ccdfd0de854eb2de8bb61b32ed58fa0d074bb6aa897fef74f565ba059	openalex	work_by_openalex_id	openalex	W4230840456	1	1	publication_component:database:publication:doi:10.7287/peerj.preprints.2663/supp-4	native_title_evidence	recover_title
lookup:9307a07469b20d82b7f286924ec4d0657c0f0c7ea5d6bf8ab594987ff3d96d47	openalex	work_by_openalex_id	openalex	W3101601411	1	1	publication_component:citation:publication:doi:10.1101/106120	conflict_all_exact_evidence	adjudicate_identifier_conflict
lookup:930fc24d63d17b0d24bedd8d2e734d600f2276aeaf299b8959678059f491eae7	openalex	work_by_openalex_id	openalex	W2187498729	1	1	publication_component:citation:publication:openalex:W2187498729	native_provider_identity	resolve_provider_identity
lookup:931676018246a355d925de840d21592e6f69e58ca5574e299b70367df2cd7731	openalex	work_by_pmid	pmid	34467412	1	1	publication_component:citation:publication:doi:10.1093/plcell/koab146	conflict_all_exact_evidence	adjudicate_identifier_conflict
lookup:9333b57dbdfbca85932605156203f6a4f01de50c43915d99a8becb0a9272cf95	opencitations_meta	metadata_by_doi	doi	10.1017/s0003480099007794	1	1	publication_component:database:publication:doi:10.1017/s0003480099007794	conflict_all_exact_evidence	adjudicate_identifier_conflict
lookup:936e346190c2ed433c08f2869eca077ff5411a6741192be4df36d5e59c63d09f	opencitations_meta	metadata_by_doi	doi	10.1101/2020.04.27.052225	1	1	publication_component:citation:publication:doi:10.1101/2020.04.27.052225	conflict_all_exact_evidence	adjudicate_identifier_conflict
lookup:93af8e8fc49a79719ca08cb21d07ac2d8f126f427cb9ea6b3ca5c5c63f7986ce	openalex	work_by_openalex_id	openalex	W4247435314	1	1	publication_component:database:publication:doi:10.7287/peerj.preprints.3067/supp-1	native_title_evidence	recover_title
lookup:93bd1202abd6f65cd5a2b39b96aee818ed86261ef1a530dfb61a52c124bbd96a	openalex	work_by_openalex_id	openalex	W4249733700	1	1	publication_component:database:publication:doi:10.7287/peerj.preprints.2058v2/supp-2	native_title_evidence	recover_title
lookup:93c7c792202382b164d3b396f37f12b0ab9ac4163cd13778f61b01bcbe39f15e	openalex	work_by_openalex_id	openalex	W2553132434	1	1	publication_component:citation:publication:openalex:W2553132434	native_provider_identity	resolve_provider_identity
lookup:9404d8f7e1435f7f608b95a69a74d6a349f938ca7895b30b01bc80c287bf415e	openalex	work_by_openalex_id	openalex	W2322527039	1	1	publication_component:citation:publication:openalex:W2322527039	native_provider_identity	recover_title;resolve_provider_identity
lookup:940cc8081fabc4f05926d15bcbb3eb36fcbda80f3bb9b473b3ee554ca6718961	openalex	work_by_doi	doi	10.2210/pdb6nee/pdb	1	1	publication_component:database:publication:doi:10.2210/pdb6nee/pdb	conflict_all_exact_evidence	adjudicate_identifier_conflict
lookup:942ad83e3adb8f95bb9dfffd7c314bf346966dfff958bad0628bf82f475fceb5	openalex	work_by_openalex_id	openalex	W2291765035	1	1	publication_component:citation:publication:openalex:W2291765035	native_provider_identity	resolve_provider_identity
lookup:9470698de3a0b567d99d9cf206736b274f68c23630d1409ccb779722aaadf7ce	openalex	work_by_openalex_id	openalex	W3098202346	1	1	publication_component:citation:publication:openalex:W3098202346	native_provider_identity	recover_title;resolve_provider_identity
lookup:9485350b0f83b355e2f8870ed65f7c916d1a398e0a2cac379182a71afb6b0e48	openalex	work_by_openalex_id	openalex	W2126424265	1	1	publication_component:citation:publication:openalex:W2126424265	native_provider_identity	recover_title;resolve_provider_identity
lookup:94e2dac63cb2d840e9140ab1d02f7d7dbf0fb3bdcfb0c924fec68bbe8c732e2e	openalex	work_by_openalex_id	openalex	W2144368480	1	1	publication_component:citation:publication:openalex:W2144368480	native_provider_identity	recover_title;resolve_provider_identity
lookup:955e201c71340930f208e68d36156aae52936279597585f6a3f3c7afc23b55cb	openalex	work_by_openalex_id	openalex	W1991932415	1	1	publication_component:citation:publication:openalex:W1991932415	native_provider_identity	recover_title;resolve_provider_identity
lookup:95a8b0580f6e0960936a0eeb5c74f8177f501109c3294eae830ae5b2c7961aac	opencitations_meta	metadata_by_omid	omid	br/062102250067	1	1	publication_component:citation:publication:doi:10.1101/2022.03.18.22272503	native_title_evidence	recover_title
lookup:95c21d8cf0cd5a593830ba6dd4c64568faa4aab7a724c0fb1dd3c4b793a90393	openalex	work_by_openalex_id	openalex	W2151835344	1	1	publication_component:citation:publication:openalex:W2151835344	native_provider_identity	recover_title;resolve_provider_identity
lookup:9607f606e9cec19f810a75f187d15f56a92d72c45d18ac719511a4d06a565c5a	opencitations_meta	metadata_by_doi	doi	10.7717/peerj.642	1	1	publication_component:citation:publication:doi:10.7717/peerj.642	conflict_all_exact_evidence	adjudicate_identifier_conflict
lookup:96104551e2bab2aca505510b840ccd426a8cb51099cda2bdbbcd0aa417ec5373	openalex	work_by_openalex_id	openalex	W2148594363	1	1	publication_component:citation:publication:doi:10.7554/elife.05055	conflict_all_exact_evidence	adjudicate_identifier_conflict
lookup:961f78bbf4e44bbe07466c709163a467165a989f756128e6b3d61aa8c367ba3a	openalex	work_by_openalex_id	openalex	W1966327236	1	1	publication_component:citation:publication:openalex:W1966327236	native_provider_identity	recover_title;resolve_provider_identity
lookup:962c33e7961835b7794574ae7c425e6c7ee4c5e234880b2c5886600652837ad9	opencitations_meta	metadata_by_omid	omid	br/06901817067	1	1	publication_component:citation:publication:doi:10.1371/journal.pcbi.1004041	native_title_evidence	recover_title
lookup:9637ad044014b5ad1530e56ad153ee94a9fd19c1c66d98ce6cd9787559a7b2f5	openalex	work_by_doi	doi	10.1016/j.tplants.2018.05.006	1	1	publication_component:citation:publication:doi:10.1016/j.tplants.2018.05.006	conflict_all_exact_evidence	adjudicate_identifier_conflict;recover_title
lookup:9643866b4fa2a1b55e8d4178ad68b10d8cf8fca4550f746121064ee621e679b0	opencitations_meta	metadata_by_omid	omid	br/061401508583	1	1	publication_component:citation:publication:doi:10.1371/journal.pone.0081760	native_title_evidence	recover_title
lookup:967004b48d5952d758653c7ceb0924fa9a9df9159a5d5d7a9c9bb6a96ab0c65b	opencitations_meta	metadata_by_omid	omid	br/062501141629	1	1	publication_component:citation:publication:doi:10.1093/oxfordjournals.molbev.a004148	native_title_evidence	recover_title
lookup:9729871e6cf7ea032d6c2a7879f8662116287fb3d9502999053c1e2512f46b5e	openalex	work_by_openalex_id	openalex	W4313857809	1	1	publication_component:citation:publication:doi:10.1111/mec.16841	conflict_all_exact_evidence	adjudicate_identifier_conflict
lookup:9742e87035410ed245b13cb3399b1c8f1658905eba586934a4df0e0c59eda50c	openalex	work_by_openalex_id	openalex	W2131229434	1	1	publication_component:citation:publication:openalex:W2131229434	native_provider_identity	recover_title;resolve_provider_identity
lookup:9748c4a531c6f11ab1e614475bd856a70e56a71ca8d8408b079ea572b21eeabb	openalex	work_by_openalex_id	openalex	W4243726761	1	1	publication_component:database:publication:doi:10.7287/peerj.preprints.3067v2/supp-1	native_title_evidence	recover_title
lookup:975b928df646a8ab9bc74f8e2a8faf131d113833bf4e922fb038c1be3dcd87da	opencitations_meta	metadata_by_doi	doi	10.1101/gr.234096.117	1	1	publication_component:citation:publication:doi:10.1101/gr.234096.117	conflict_all_exact_evidence	adjudicate_identifier_conflict
lookup:97f51cedb4ab0f00669146d17590c7457377ccac8fe073c00a6d0e1905b4599b	openalex	work_by_pmid	pmid	33211775	2	2	publication_component:citation:publication:doi:10.1101/2020.04.27.052225;publication_component:citation:publication:doi:10.1371/journal.ppat.1008984	conflict_all_exact_evidence	adjudicate_identifier_conflict
lookup:97f5473c1614d2303e3a772ffe44cc985c8e60f5713775c80d2b77398c3036bc	openalex	work_by_doi	doi	10.1093/molbev/msab055	1	1	publication_component:citation:publication:doi:10.1093/molbev/msab055	conflict_all_exact_evidence	adjudicate_identifier_conflict
lookup:97fb5684b8114b56ef2a6e466648310aa2789ca24e3d36ad8dd062fd1c1be231	opencitations_meta	metadata_by_omid	omid	br/061801342110	1	1	publication_component:citation:publication:doi:10.1093/nar/gki198	native_title_evidence	recover_title
lookup:980acf9fa6bf8a6b093396852ebf00f2ae3c35bc3c16af593b0ebf223d41040c	opencitations_meta	metadata_by_omid	omid	br/061603071664	1	1	publication_component:citation:publication:doi:10.1073/pnas.0500371102	native_title_evidence	recover_title
lookup:9848726c3e50ef076e753e4972e35de865847ee07ca6ce4793558f86082e9c62	opencitations_meta	metadata_by_omid	omid	br/062302224540	1	1	publication_component:citation:publication:doi:10.1534/genetics.104.031153	native_title_evidence	recover_title
lookup:9857b228d039f910422c195f4528e47effcfebec8117528524ec2a7e8583fdb4	opencitations_meta	metadata_by_omid	omid	br/06130828933	1	1	publication_component:citation:publication:doi:10.7554/elife.16758	native_title_evidence	recover_title
lookup:98652f561fb029177d2fdf69a55511cbf1bc1b0ced0b4a7a2ed48abeb3dd4c97	opencitations_meta	metadata_by_doi	doi	10.1093/gbe/evz101	1	1	publication_component:database:publication:doi:10.1093/gbe/evz101	conflict_all_exact_evidence	adjudicate_identifier_conflict
lookup:98694aadb117dbdc7bed878c55b474940267637f7358c644da48c4ccc17ad713	openalex	work_by_doi	doi	10.7868/s0016675813050044	1	1	publication_component:database:publication:doi:10.7868/s0016675813050044	conflict_all_exact_evidence	adjudicate_identifier_conflict
lookup:988172a23af86c3f9e7d52e53978542d07fbaab4597d87e0c4fdd19ed1e5a82d	opencitations_meta	metadata_by_omid	omid	br/061601841208	1	1	publication_component:citation:publication:doi:10.17863/cam.10253	conflict_all_exact_evidence	adjudicate_identifier_conflict;recover_title
lookup:98bd858d2e26cd45879d847fa625ce9f42ad79e1721bce0f0fbf1f573cd545c1	openalex	work_by_openalex_id	openalex	W1555986815	1	1	publication_component:citation:publication:openalex:W1555986815	native_provider_identity	recover_title;resolve_provider_identity
lookup:9904951ed275c66a1442aa2d7c6020cd6ffa652cb9f8af805ffd2f69067ee4d3	opencitations_meta	metadata_by_omid	omid	br/06190155327	1	1	publication_component:citation:publication:doi:10.1111/jsap.12707	native_title_evidence	recover_title
lookup:9917b31adb7ac310d137ebd848e06ca98659134e38af15353413784bbafee2e1	openalex	work_by_openalex_id	openalex	W2028700918	1	1	publication_component:citation:publication:openalex:W2028700918	native_provider_identity	recover_title;resolve_provider_identity
lookup:997141557f8044410d3b69598a489da2c05bff488642c9ae7381de14bb557435	opencitations_meta	metadata_by_omid	omid	br/06404435552	1	1	publication_component:citation:publication:doi:10.1101/2023.02.25.530036	native_title_evidence	recover_title
lookup:997e3e4098c2c4e06a51e980495e8e94c9499af192777e6d9c6fa322b8482422	openalex	work_by_openalex_id	openalex	W2092152975	1	1	publication_component:citation:publication:openalex:W2092152975	native_provider_identity	recover_title;resolve_provider_identity
lookup:997ee32d91998a60d8362360b4a04c68794d76d9327c5e7161fcd8e3708884fb	openalex	work_by_openalex_id	openalex	W4240159528	1	1	publication_component:database:publication:doi:10.7287/peerj.preprints.27011v2/supp-1	native_title_evidence	recover_title
lookup:99908484a5a0291900d3d8a598299c5d3b52eca57a7da29ae42bb5019de3805b	openalex	work_by_doi	doi	10.1128/mcb.11.1.458-467.1991	1	1	publication_component:database:publication:doi:10.1128/mcb.11.1.458-467.1991	conflict_all_exact_evidence	adjudicate_identifier_conflict
lookup:99bd4d68bc84da0746556a5aaeb3a003a9ddd0a991cd4524ea77d313dce25390	openalex	work_by_openalex_id	openalex	W4242220852	1	1	publication_component:database:publication:doi:10.7287/peerj.preprints.27406v2/supp-2	native_title_evidence	recover_title
lookup:99bee072074929377627d00140a4fe989c2e22688995c50d6c44fce5a52bc0eb	opencitations_meta	metadata_by_omid	omid	br/06190575067	1	1	publication_component:citation:publication:doi:10.1093/bioinformatics/8.3.275	native_title_evidence	recover_title
lookup:99cb5284b23ef841b6de3d9ee1d763a6889d5134f60fc8f40e5ee92b4d038e9f	opencitations_meta	metadata_by_omid	omid	br/061802225876	1	1	publication_component:citation:publication:doi:10.1534/genetics.112.139618	native_title_evidence	recover_title
lookup:99fe357f9108f00781457b26d5dc1bb0e7a3f5335be23abcda2dd3fbf355cca4	openalex	work_by_openalex_id	openalex	W3212943072	1	1	publication_component:citation:publication:openalex:W3212943072	native_provider_identity	recover_title;resolve_provider_identity
lookup:9a1079c18386811186c1d5c1cee6415bdbfaaf69bd6092050976c5d6cac00071	openalex	work_by_openalex_id	openalex	W2065973977	1	1	publication_component:citation:publication:openalex:W2065973977	native_provider_identity	recover_title;resolve_provider_identity
lookup:9a4c7341ecd96dc37ece3a9b1e0324c5878b6de54f28adc23f6cd7c35a2ac607	pubmed	record_by_pmid	pmid	1357691	2	2	publication_component:database:publication:doi:10.1098/rstb.1992.0094;publication_component:database:publication:doi:10.1515/9781400851553.84	conflict_all_exact_evidence	adjudicate_identifier_conflict
lookup:9a50777af178f121bf9a777bce050497766bf10eeeba9d79691f6376b7eb991d	openalex	work_by_openalex_id	openalex	W4240841050	1	1	publication_component:database:publication:doi:10.7287/peerj.preprints.2058v2/supp-6	native_title_evidence	recover_title
lookup:9a635ea92a2a18a2734a373f1498c1cceb4a5a5ff0152d6c163dc3ce818a2e42	openalex	work_by_openalex_id	openalex	W4232754279	1	1	publication_component:database:publication:doi:10.7287/peerj.preprints.1283v1/supp-4	native_title_evidence	recover_title
lookup:9a9066728ef25a485b7857dac21d42cc17fac7e48b19efe36efc6ad2e13d6690	openalex	work_by_doi	doi	10.21203/rs.3.rs-378702/v3	1	1	publication_component:database:publication:doi:10.21203/rs.3.rs-378702/v3	conflict_all_exact_evidence	adjudicate_identifier_conflict
lookup:9aa35daf47677a48348c6c93465d4848a58ef3eb16a3d8c535f5041b020ddc55	openalex	work_by_openalex_id	openalex	W869654189	1	1	publication_component:citation:publication:openalex:W869654189	native_provider_identity	resolve_provider_identity
lookup:9ac76c80036072431b9903c33562ca26eb1c0a64b9471b3b83970fd7e824d394	opencitations_meta	metadata_by_omid	omid	br/062202328049	1	1	publication_component:citation:publication:doi:10.1101/2022.01.05.21268323	native_title_evidence	recover_title
lookup:9ad6d6f297b9753b8f2fdeb6afb22cfc42e300d447e2af71e8f363dc6d099c6e	openalex	work_by_openalex_id	openalex	W4256126482	1	1	publication_component:database:publication:doi:10.7287/peerj.preprints.1615v1/supp-3	native_title_evidence	recover_title
lookup:9b1ae803beae55a2a69f7b9dc61ad8ce161890aa6c356054ee4164e89fa04e22	opencitations_meta	metadata_by_omid	omid	br/061702513938	1	1	publication_component:citation:publication:doi:10.1101/2022.06.17.496625	native_title_evidence	recover_title
lookup:9b37e1b702abc81a935bdc1889a29e60b18ea7e46774eea9bd409263c94fe569	opencitations_meta	metadata_by_omid	omid	br/0610362813	1	1	publication_component:citation:publication:doi:10.1038/330401a0	native_title_evidence	recover_title
lookup:9b4c8779d9ed88f9749463c06c80208b3132d842f8c6695731a9305b8eb1165e	opencitations_meta	metadata_by_omid	omid	br/061102332197	1	1	publication_component:citation:publication:doi:10.1101/455444	native_title_evidence	recover_title
lookup:9b5c2345590e6d7394bc940648d126fd67d3026e55a6bb494e6cd25bb523ff42	openalex	work_by_openalex_id	openalex	W2118149874	1	1	publication_component:citation:publication:openalex:W2118149874	native_provider_identity	recover_title;resolve_provider_identity
lookup:9b64c97c40702c3b135618c8189c143645608738d7c4d5c497f90f36bececce8	opencitations_meta	metadata_by_omid	omid	br/061601532129	1	1	publication_component:citation:publication:doi:10.1371/journal.pone.0009490	native_title_evidence	recover_title
lookup:9be51e338ea708a3a666b1bebfcdac2be3659303e7b9cf97aa4a62861677caa3	openalex	work_by_openalex_id	openalex	W4234342289	1	1	publication_component:database:publication:doi:10.2354/psj.27.010	native_title_evidence	recover_title
lookup:9c4ddf98d4872ce2597f50644771d584784996fa9bc9635d3c3c94176d37ebcb	openalex	work_by_openalex_id	openalex	W4245544571	1	1	publication_component:database:publication:doi:10.7287/peerj.preprints.26506v1/supp-1	native_title_evidence	recover_title
lookup:9c5cd3b8166d42f83a9f72f6dc8d318d9bc29a22f365550dc8f8446fdb3a97b7	openalex	work_by_openalex_id	openalex	W252506560	1	1	publication_component:citation:publication:openalex:W252506560	native_provider_identity	resolve_provider_identity
lookup:9c5ed166dcdff50d2ee985fd675dd567e3ff721b00b42cc485eef1acb10d5028	openalex	work_by_openalex_id	openalex	W6731978992	1	1	publication_component:citation:publication:openalex:W6731978992	native_provider_identity	recover_title;resolve_provider_identity
lookup:9c629b35254c78701cfddfd5bf673106aa87595124cfb801c1b398dfd866c1cf	openalex	work_by_openalex_id	openalex	W1020120	1	1	publication_component:citation:publication:openalex:W1020120	native_provider_identity	resolve_provider_identity
lookup:9c9f98cc1f83561d3ed9fe56bafc6259f4da5d715bd29cc1028b7ac24df70085	openalex	work_by_openalex_id	openalex	W2187801721	1	1	publication_component:citation:publication:openalex:W2187801721	native_provider_identity	resolve_provider_identity
lookup:9cb5499348d81efb99ffbb0bb9231c63772dfa6ffac05504dbb9423d1709ff66	opencitations_meta	metadata_by_omid	omid	br/06302682941	1	1	publication_component:citation:publication:doi:10.1101/591388	native_title_evidence	recover_title
lookup:9cb63aa2ae8f844f09566c6fabf9a7819c9e2b26453adcc3f44537b41a44fb3c	openalex	work_by_openalex_id	openalex	W4246930620	1	1	publication_component:database:publication:doi:10.25073/2588-1140/vnunst.4740	native_title_evidence	recover_title
lookup:9cc78073bff49c64e9e1ed536ee6c7972459cdc5efab12ad4fec0859478edc4c	openalex	work_by_openalex_id	openalex	W2507642082	1	1	publication_component:citation:publication:openalex:W2507642082	native_provider_identity	resolve_provider_identity
lookup:9cdb8f5d89e288a70e696d3a1c10ad76634bc75bbbbd3dce44810635e41a8303	openalex	work_by_doi	doi	10.1101/146951	1	1	publication_component:citation:publication:doi:10.1101/146951	conflict_all_exact_evidence	adjudicate_identifier_conflict
lookup:9cf9679a2422ca98670e73524acf852010719cff35d0f8361af227539cfa6f21	opencitations_meta	metadata_by_omid	omid	br/06501364539	1	1	publication_component:citation:publication:doi:10.1093/nar/gkz239	native_title_evidence	recover_title
lookup:9d084dd536a258ca6aca0448684b23c122d8acb57a93a1509f777a17da28fa81	opencitations_meta	metadata_by_omid	omid	br/06302610264	1	1	publication_component:citation:publication:doi:10.1093/genetics/155.1.431	native_title_evidence	recover_title
lookup:9d0c323358ead8013b3ea2af7132a9b2ae45806f38f2ebdcb4ac86054edbcb7d	opencitations_meta	metadata_by_omid	omid	br/062401127113	1	1	publication_component:citation:publication:doi:10.1093/oxfordjournals.molbev.a025743	native_title_evidence	recover_title
lookup:9d2718d5d799f519053ae848637a4e46d27c7b66f897c209ce2eab7c572a8cae	openalex	work_by_doi	doi	10.3389/fmicb.2019.02838	1	1	publication_component:citation:publication:doi:10.3389/fmicb.2019.02838	conflict_all_exact_evidence	adjudicate_identifier_conflict
lookup:9d7ced4fa3d66957aa6c688673946f6ffc907dfa95289e0187347c2d0558bfcd	openalex	work_by_doi	doi	10.1101/019786	1	1	publication_component:citation:publication:doi:10.1101/019786	conflict_all_exact_evidence	adjudicate_identifier_conflict
lookup:9db4987da5da822d641c58cc9746b32f026abe80f12317105b044758a24b77f3	openalex	work_by_openalex_id	openalex	W4256419895	1	1	publication_component:database:publication:doi:10.7287/peerj.preprints.27162/supp-16	native_title_evidence	recover_title
lookup:9def01d1f8869805c1479e2c2dd33e2e08f61a6bd3eaa3f93b7f5201cb2a2e33	openalex	work_by_openalex_id	openalex	W2183187503	1	1	publication_component:citation:publication:openalex:W2183187503	native_provider_identity	resolve_provider_identity
lookup:9e690dca6f432957b9297f0172b8df64a7395168c83c49b19194e0da770e059e	openalex	work_by_openalex_id	openalex	W4239262853	1	1	publication_component:database:publication:doi:10.7287/peerj.preprints.377v1/supp-8	native_title_evidence	recover_title
lookup:9e9bd34d5228da59a627fb53958b0f09b1a3c3939447cf084dace11c76d40dd5	openalex	work_by_openalex_id	openalex	W4238236775	1	1	publication_component:database:publication:doi:10.7287/peerj.preprints.27162/supp-6	native_title_evidence	recover_title
lookup:9ec132e78e94185fee231b530605537ec049b1f28010fea3b39d8200138221fe	opencitations_meta	metadata_by_doi	doi	10.1101/gr.190538.115	1	1	publication_component:database:publication:doi:10.1101/gr.190538.115	conflict_all_exact_evidence	adjudicate_identifier_conflict
lookup:9ed639926ab54e18209bb20a3eb7981693666d41eac151a03534bb870ac39235	openalex	work_by_doi	doi	10.1134/s0026893313010056	1	1	publication_component:database:publication:doi:10.1134/s0026893313010056	conflict_all_exact_evidence	adjudicate_identifier_conflict
lookup:9f0eb87eb333928b6704e95ad8a86a782172a45c0b987028a3cc038586cfe29c	openalex	work_by_openalex_id	openalex	W4245636488	1	1	publication_component:database:publication:doi:10.7287/peerj.preprints.27329v1/supp-9	native_title_evidence	recover_title
lookup:9f2dc6de63a5f77fcabb48b1f4ed5a3df62c1513f7de7e8a82b654b6154b9649	openalex	work_by_openalex_id	openalex	W2267110201	1	1	publication_component:citation:publication:openalex:W2267110201	native_provider_identity	resolve_provider_identity
lookup:9f2e5246d2c3d48b209d2ffa754edeaa473f2ca89764d47a8ba33cdf4ceb36c6	opencitations_meta	metadata_by_omid	omid	br/0620141148	1	1	publication_component:citation:publication:doi:10.1186/1471-2180-14-192	native_title_evidence	recover_title
lookup:9f9ac844ba1cb0c0408439b4bb130f475c5b0c6737a54a01ce3f8b9690b3da13	openalex	work_by_doi	doi	10.1101/2022.02.04.479011	1	1	publication_component:citation:publication:doi:10.1101/2022.02.04.479011	conflict_all_exact_evidence	adjudicate_identifier_conflict
lookup:9fca8571b486e434d707542782ee2a3ef8c4b4256122226e318d79621ff1468f	openalex	work_by_openalex_id	openalex	W2207902135	1	1	publication_component:citation:publication:openalex:W2207902135	native_provider_identity	resolve_provider_identity
lookup:9fd2cb8acd6f7cadb904966a7033aa55c85a07adbad1cbeb10ee8e65d33d0cc5	openalex	work_by_openalex_id	openalex	W7164183454	1	1	publication_component:database:publication:doi:10.1111/tpj.70981	conflict_all_exact_evidence	adjudicate_identifier_conflict
lookup:9fd61c82587414df3d8236e587dd4048aef905cc691da8adefb2fc81fcfdd3c1	openalex	work_by_openalex_id	openalex	W2788887394	1	1	publication_component:citation:publication:doi:10.7717/peerj.4953	conflict_all_exact_evidence	adjudicate_identifier_conflict
lookup:9ffd3d46eac0c84227bbefe1a1097f94c85c72a15113642afc56c30269bd141f	opencitations_meta	metadata_by_omid	omid	br/06170568666	1	1	publication_component:citation:publication:doi:10.1093/bioinformatics/btp033	native_title_evidence	recover_title
lookup:a02803d4d565e10f5ffef4c9fcc2cd2ecbed743af6a17bcb34514f8e62928515	openalex	work_by_openalex_id	openalex	W2046793790	1	1	publication_component:citation:publication:openalex:W2046793790	native_provider_identity	recover_title;resolve_provider_identity
lookup:a02dbdb97068d20ce55978a23d464a8059de0f26017868292066d9ce73c135e0	openalex	work_by_openalex_id	openalex	W2096484952	1	1	publication_component:citation:publication:openalex:W2096484952	native_provider_identity	recover_title;resolve_provider_identity
lookup:a04a265c9654cf32e1de3f3e3ba98d0b2098894f4559b99f51f5a14a90994549	openalex	work_by_openalex_id	openalex	W2971262182	1	1	publication_component:citation:publication:doi:10.1186/s13059-019-1793-1	conflict_all_exact_evidence	adjudicate_identifier_conflict
lookup:a08f209f1fe9e5dc6b60ead946e42595799980f4e3af5b9327573ae20fab2326	openalex	work_by_openalex_id	openalex	W1983297759	1	1	publication_component:citation:publication:openalex:W1983297759	native_provider_identity	recover_title;resolve_provider_identity
lookup:a0da4f6807216d7f9fef2ad4bcdc563b48412d8f75341dbf95f22eba020c7899	openalex	work_by_openalex_id	openalex	W4255028999	1	1	publication_component:database:publication:doi:10.1128/mcb.11.1.458-467.1991	conflict_all_exact_evidence	adjudicate_identifier_conflict
lookup:a0e3e89294cf3150a60c27cdfa33a7d493fc9895785d0eafa8ac2a9971361201	opencitations_meta	metadata_by_omid	omid	br/06022966454	1	1	publication_component:citation:publication:omid:br/06022966454	native_provider_identity	recover_title;resolve_provider_identity
lookup:a0f174ebff7afc520d8afaea7a2e36573dbdf65d8128807d27921f68bacca90e	openalex	work_by_openalex_id	openalex	W2015237638	1	1	publication_component:citation:publication:openalex:W2015237638	native_provider_identity	recover_title;resolve_provider_identity
lookup:a10060aac1e98a4e6c3450837628a9cfb4360c838d3cd613d0ff4544b7c18959	openalex	work_by_openalex_id	openalex	W2594042085	1	1	publication_component:citation:publication:openalex:W2594042085	native_provider_identity	recover_title;resolve_provider_identity
lookup:a10b01f482730787d65ce9a80a5e835dce9853598e8b0a7f480f3c81092f7bb7	openalex	work_by_openalex_id	openalex	W2138178197	1	1	publication_component:citation:publication:openalex:W2138178197	native_provider_identity	recover_title;resolve_provider_identity
lookup:a139849b5a773c6083173037d081cf331e8ffe648143674ae8a411796223a3e9	openalex	work_by_openalex_id	openalex	W4239948271	1	1	publication_component:database:publication:doi:10.7287/peerj.preprints.27342/supp-1	native_title_evidence	recover_title
lookup:a17c325e61b60a0b83599bb3fdaf55c0e3c529c975625ce022562ae1ecb654e1	openalex	work_by_openalex_id	openalex	W2146344742	1	1	publication_component:citation:publication:openalex:W2146344742	native_provider_identity	recover_title;resolve_provider_identity
lookup:a18d178778140520aaeb88c235738ac3949eb14724bbd7988cc7c861af23e55b	openalex	work_by_doi	doi	10.1073/pnas.021450998	1	1	publication_component:database:publication:doi:10.1073/pnas.021450998	conflict_all_exact_evidence	adjudicate_identifier_conflict
lookup:a1955c75f6d022abf09b3648510578df2d8e2289d14755abc2e954c8fc899f69	opencitations_meta	metadata_by_omid	omid	br/061702324242	1	1	publication_component:citation:publication:doi:10.1101/493502	native_title_evidence	recover_title
lookup:a1ef90678478a18d26fb6f742705cbe972472aae6ff040a80efc1fd0d6d54b38	openalex	work_by_openalex_id	openalex	W4233334725	1	1	publication_component:database:publication:doi:10.7868/s0016675814110071	conflict_all_exact_evidence	adjudicate_identifier_conflict
lookup:a224d2c7c7e8a57782290cd72bb89359671b7a1d09bcecdd76068558a40bd101	openalex	work_by_openalex_id	openalex	W4234914551	1	1	publication_component:database:publication:doi:10.7287/peerj.preprints.377/supp-12	native_title_evidence	recover_title
lookup:a237b444e7d53149d44e83f3877f0e1a2c9738a9d3f74c619e1e8b66d2855e94	openalex	work_by_openalex_id	openalex	W2124790653	1	1	publication_component:citation:publication:openalex:W2124790653	native_provider_identity	recover_title;resolve_provider_identity
lookup:a263912ea1188c1211cae10434caddb761fc32eba773b6346bb6638e375442ed	openalex	work_by_openalex_id	openalex	W4251450679	1	1	publication_component:database:publication:doi:10.7287/peerj.preprints.377/supp-6	native_title_evidence	recover_title
lookup:a2a2d7b49aa7a6e2076ec56bd4f8b55e741513619f0f53d9a12fd56323851cd9	opencitations_meta	metadata_by_doi	doi	10.1111/nph.15180	1	1	publication_component:citation:publication:doi:10.1111/nph.15180	conflict_all_exact_evidence	adjudicate_identifier_conflict
lookup:a2caf439dcea9b20693c215f113073c269d3462359fc491b5c940450b09de1f7	opencitations_meta	metadata_by_omid	omid	br/06023164755	1	1	publication_component:citation:publication:doi:10.1093/evlett/qrae039/7731525	native_title_evidence	recover_title
lookup:a2ff6ef61b7140a055750add0e01b660be316c17ce7f8e9667d82b76e6d4aa12	opencitations_meta	metadata_by_doi	doi	10.7717/peerj.3145	1	1	publication_component:citation:publication:doi:10.7717/peerj.3145	conflict_all_exact_evidence	adjudicate_identifier_conflict
lookup:a32dd70027e991f9016ce619fd46394c9598c8a01bc0199547298eca7966353e	openalex	work_by_openalex_id	openalex	W2250455581	1	1	publication_component:citation:publication:openalex:W2250455581	native_provider_identity	resolve_provider_identity
lookup:a378c246619e7c7720404af1ee2ae49705ae3c97cce674e2e3e76803c4c73e6f	pubmed	record_by_pmid	pmid	34219906	1	1	publication_component:citation:publication:doi:10.1111/cla.12454	conflict_all_exact_evidence	adjudicate_identifier_conflict
lookup:a39942574fa2076e9d92e3c30dc3dbce9525a956c27c47ab2decf905c4595e61	opencitations_meta	metadata_by_omid	omid	br/06013005978	1	1	publication_component:citation:publication:doi:10.3390/biology15020137	native_title_evidence	recover_title
lookup:a3c7308a15b56dad692ebc1ee36af0bc69554e9f0c7c5a2563ea5ad0de220062	opencitations_meta	metadata_by_doi	doi	10.1073/pnas.98.4.1883	1	1	publication_component:database:publication:doi:10.1073/pnas.98.4.1883	conflict_all_exact_evidence	adjudicate_identifier_conflict
lookup:a3d045fc3117faa82a32b7a944871f815d489eb2cdfc46e87d39620cde163d5e	openalex	work_by_openalex_id	openalex	W1770147356	1	1	publication_component:citation:publication:openalex:W1770147356	native_provider_identity	resolve_provider_identity
lookup:a3e96168e8f422129152fec04599c786d9bb4321028f9fc1ac0e849c9e62bbd9	openalex	work_by_openalex_id	openalex	W4251735961	1	1	publication_component:database:publication:doi:10.7287/peerj.preprints.2300/supp-6	native_title_evidence	recover_title
lookup:a3ee29d0250fceca6766524648466b601b8173bfda6618c3a7fbd68ffc3a14a0	opencitations_meta	metadata_by_omid	omid	br/06013221756	1	1	publication_component:citation:publication:doi:10.1093/molbev/msag042	native_title_evidence	recover_title
lookup:a406e495393311262ac91334ac3b70b3f86561e7d76334c5b6121bacdabd6a69	opencitations_meta	metadata_by_omid	omid	br/06702590903	1	1	publication_component:citation:publication:doi:10.1093/genetics/148.3.929	native_title_evidence	recover_title
lookup:a458f6f346711fc1102c2531deed585d256808591ec6ab96f7082851f8611142	opencitations_meta	metadata_by_omid	omid	br/06180297523	1	1	publication_component:citation:publication:doi:10.1093/gbe/evz090	conflict_all_exact_evidence	adjudicate_identifier_conflict
lookup:a478f17afc3fe39925281c8ebda107eda38b53a0f690776cbbb799d1a6924016	openalex	work_by_openalex_id	openalex	W4239051120	1	1	publication_component:database:publication:doi:10.7287/peerj.preprints.482v1/supp-3	native_title_evidence	recover_title
lookup:a4b063d702c0f8aac76065aced1a5c276652bf60a7e62b6c25b824645e5d7df0	pubmed	record_by_pmid	pmid	28732463	2	2	publication_component:citation:publication:doi:10.1101/030619;publication_component:citation:publication:doi:10.1186/s12864-017-3932-y	conflict_all_exact_evidence	adjudicate_identifier_conflict
lookup:a509c595d26a0ff4c0ca56f8f833114caa99d44ee7687287503d6c4600199877	openalex	work_by_openalex_id	openalex	W4242203474	1	1	publication_component:database:publication:doi:10.1111/hrd.2000.133.issue-1	native_title_evidence	recover_title
lookup:a526567bc5ffb26a2696845c29ee38affd0c567c5d960968a19946969b477a80	opencitations_meta	metadata_by_doi	doi	10.1111/j.0014-3820.2003.tb00265.x	1	1	publication_component:database:publication:doi:10.1111/j.0014-3820.2003.tb00265.x	conflict_all_exact_evidence	adjudicate_identifier_conflict
lookup:a53c067fa4995fa853c02c5e8f5ff1d1e31ab3786b8b6389c479e1d2c55340b8	openalex	work_by_openalex_id	openalex	W3096619306	1	1	publication_component:citation:publication:openalex:W3096619306	native_provider_identity	recover_title;resolve_provider_identity
lookup:a550ed46de49a68119a9d149078a15d1e38b464d039c137fe95bf41985a52fcb	openalex	work_by_openalex_id	openalex	W4233405135	1	1	publication_component:database:publication:doi:10.7287/peerj.preprints.2663v1/supp-3	native_title_evidence	recover_title
lookup:a55a2d9a1517f28a1e18d64ea301e0387f557dd1a3d2ad03df668f05bd72c1ba	openalex	work_by_openalex_id	openalex	W2155761127	1	1	publication_component:citation:publication:openalex:W2155761127	native_provider_identity	recover_title;resolve_provider_identity
lookup:a58f63b98b75da621c538d5c264cc7e28a2e5e9ff0e3c5d05beb6c129a8478f8	openalex	work_by_openalex_id	openalex	W4239303814	1	1	publication_component:database:publication:doi:10.7287/peerj.preprints.2300v1/supp-2	native_title_evidence	recover_title
lookup:a5956ca3564e318b56581a24831b0fe116cff5a6df9124980ec831710cf5ef40	openalex	work_by_openalex_id	openalex	W3028765608	1	1	publication_component:citation:publication:doi:10.1371/journal.pcbi.1007913	conflict_all_exact_evidence	adjudicate_identifier_conflict
lookup:a5aa7ec3a05403baf4b8ab857b9bee5188f4798903b980400ac044f78a6f2ae4	opencitations_meta	metadata_by_omid	omid	br/06170774713	1	1	publication_component:citation:publication:doi:10.2307/2340521	native_title_evidence	recover_title
lookup:a5b3b2af410842870da670bdc3b965412bb012de16ab8097a8e6044ff6ee6096	openalex	work_by_openalex_id	openalex	W2092979861	1	1	publication_component:citation:publication:openalex:W2092979861	native_provider_identity	recover_title;resolve_provider_identity
lookup:a5bc00d5bae130c875407b37ca3c58ebc6b1e6da055396a8915276b08e94fc26	openalex	work_by_openalex_id	openalex	W1973101413	1	1	publication_component:citation:publication:openalex:W1973101413	native_provider_identity	recover_title;resolve_provider_identity
lookup:a5ee3ea80014c4ef10854e7c597b934d41912258e43c10a5ce7ba9223d1b7fd4	openalex	work_by_openalex_id	openalex	W4244328604	1	1	publication_component:database:publication:doi:10.7287/peerj.preprints.1482/supp-8	native_title_evidence	recover_title
lookup:a63ceb14918ef7efe56fbe2c2091d41a5d9354394e63ecd10bd6d776a81b3d02	opencitations_meta	metadata_by_omid	omid	br/061801981784	1	1	publication_component:citation:publication:doi:10.1016/j.jiph.2021.12.002	native_title_evidence	recover_title
lookup:a63e870664deb5e8e28ef096331b8bd68e57e5c1b9f5b3b9c44d39b43645cf76	opencitations_meta	metadata_by_doi	doi	10.1093/molbev/msag135	1	1	publication_component:database:publication:doi:10.1093/molbev/msag135	conflict_all_exact_evidence	adjudicate_identifier_conflict
lookup:a6474eb23b1cda1a7996cccffc7ad4e79dd4fc3653887c0e5bd9ada8d7071d49	opencitations_meta	metadata_by_omid	omid	br/061103033056	1	1	publication_component:citation:publication:doi:10.1098/rstb.2008.0177	native_title_evidence	recover_title
lookup:a6878b62fd3dfb8cb4a5db1bd95e846c3b84e206d4cf9ef4bf42e7dfe30e63f2	opencitations_meta	metadata_by_omid	omid	br/06801642073	1	1	publication_component:citation:publication:doi:10.1038/nrmicro.2015.13	native_title_evidence	recover_title
lookup:a6b5766b0af2b171507b75b5f71791b452a4eae1a986e9e4b34a0d00d68f9e21	openalex	work_by_openalex_id	openalex	W4256620417	1	1	publication_component:citation:publication:openalex:W4256620417	native_provider_identity	recover_title;resolve_provider_identity
lookup:a72a98b2415e1827f7da34f7b35dea94971f0d98e51ad3fbc6cdabaf3cfa9913	openalex	work_by_openalex_id	openalex	W4255349925	1	1	publication_component:database:publication:doi:10.1086/ijps.2003.164.issue-1	native_title_evidence	recover_title
lookup:a757bdaa0f0d4d7a01a48bfdd590e966d3bd1eb061e6e9de4e2356cbe373c195	pubmed	record_by_pmid	pmid	27651997	2	2	publication_component:citation:publication:doi:10.7287/peerj.preprints.2167v1;publication_component:citation:publication:doi:10.7717/peerj.2437	conflict_all_exact_evidence	adjudicate_identifier_conflict;recover_title
lookup:a798757e7567f76fb7ae90a30e2ea481e641296f4ec6126e1fd8daffabfc2329	openalex	work_by_openalex_id	openalex	W2762828602	1	1	publication_component:citation:publication:openalex:W2762828602	native_provider_identity	recover_title;resolve_provider_identity
lookup:a7a640a429821847569fffb7ccdf6a1891b95b777715fa203e61d8c0330cb1bf	openalex	work_by_openalex_id	openalex	W2165892911	1	1	publication_component:citation:publication:openalex:W2165892911	native_provider_identity	recover_title;resolve_provider_identity
lookup:a7a7ebca0e96d25eb59c00e69bae652d4399d80a7df8df1de613884a22d71138	opencitations_meta	metadata_by_doi	doi	10.7868/s0016675814110071	1	1	publication_component:database:publication:doi:10.7868/s0016675814110071	conflict_all_exact_evidence	adjudicate_identifier_conflict
lookup:a7aaa5e012532782cc48d3f68f1ba3760f0e3c6cf9ab5d482c410f033ed4dbc8	openalex	work_by_openalex_id	openalex	W2528483098	1	1	publication_component:citation:publication:openalex:W2528483098	native_provider_identity	recover_title;resolve_provider_identity
lookup:a7fce6e043d63e80826a1001c5edb85d889338980ce8e304bd642574f0eaf960	openalex	work_by_doi	doi	10.1101/2021.06.04.21258352	1	1	publication_component:citation:publication:doi:10.1101/2021.06.04.21258352	conflict_all_exact_evidence	adjudicate_identifier_conflict
lookup:a92454c4aaba2a62d79e1cabeac6e492caeaea6c62306980eba5a50ab3ae3975	openalex	work_by_openalex_id	openalex	W2057456873	1	1	publication_component:citation:publication:openalex:W2057456873	native_provider_identity	recover_title;resolve_provider_identity
lookup:a9654df3c1ebcb7a1be6f36c517e2da5be7a15933754277ee32c3410ada432d6	openalex	work_by_openalex_id	openalex	W2075588026	1	1	publication_component:citation:publication:openalex:W2075588026	native_provider_identity	recover_title;resolve_provider_identity
lookup:a9716858cdf9485e024b5065ecb9f98b59ca8a9ca710d5916c352de4cac4c37b	openalex	work_by_pmid	pmid	40060389	2	2	publication_component:citation:publication:doi:10.1093/sysbio/syag038;publication_component:database:publication:doi:10.1101/2025.02.25.640207	conflict_all_exact_evidence	adjudicate_identifier_conflict
lookup:a9993606761d14c1c43c137b8e2741b20dcf3b5a10953c1cdac1b2b50abfdcc8	openalex	work_by_openalex_id	openalex	W1987510089	1	1	publication_component:citation:publication:openalex:W1987510089	native_provider_identity	recover_title;resolve_provider_identity
lookup:a9b6c92b1f6709eba4886aa4c14aa37136a55b15e9005d9bda779350d51d5b17	openalex	work_by_openalex_id	openalex	W2162273481	1	1	publication_component:citation:publication:openalex:W2162273481	native_provider_identity	recover_title;resolve_provider_identity
lookup:aa4b0fff2ca8633a6d65626db345f40fa3f2db0fbe31752fb06d846ef9d75bc6	openalex	work_by_openalex_id	openalex	W4247152998	1	1	publication_component:database:publication:doi:10.7287/peerj.preprints.3488v1/supp-4	native_title_evidence	recover_title
lookup:aa72bffe1ff64e8c4cf692c2df0c74a7bd02ab84c31e3fdd2e12e596660a907a	pubmed	record_by_pmid	pmid	31913497	2	2	publication_component:citation:publication:doi:10.1101/739037;publication_component:citation:publication:doi:10.1111/evo.13922	conflict_all_exact_evidence	adjudicate_identifier_conflict
lookup:ab1d784a5f75b3f48963b7fe8dfe15497efc745d5858d742cd58f297303ab77d	openalex	work_by_openalex_id	openalex	W2752312824	1	1	publication_component:citation:publication:openalex:W2752312824	native_provider_identity	resolve_provider_identity
lookup:ab7386d9db0ebfe4361ed3ace2f0f304a33ccc8708e93dd4aaffcd146daf8690	openalex	work_by_openalex_id	openalex	W4242090121	1	1	publication_component:database:publication:doi:10.4194/1303-2712-v20_1_03	native_title_evidence	recover_title
lookup:ab82f0ecddf146509d4775993da0bf669fd4be7e34b750a21df73ac4fe52246f	openalex	work_by_pmid	pmid	34426844	1	1	publication_component:citation:publication:doi:10.1093/molbev/msab055	conflict_all_exact_evidence	adjudicate_identifier_conflict
lookup:abca3511cccb048b230bc012747d21918511d868e32a5d4e98383306a534c619	opencitations_meta	metadata_by_omid	omid	br/06110124904	1	1	publication_component:citation:publication:doi:10.1016/j.cub.2015.10.015	native_title_evidence	recover_title
lookup:abd03a546ad091aa7cbdf8001055555d40527cfd1cd4906f9cd84c6018ac6aec	opencitations_meta	metadata_by_omid	omid	br/06803429816	1	1	publication_component:citation:publication:doi:10.1098/rstb.2012.0198	native_title_evidence	recover_title
lookup:abd85e44dd572ad967534afea208dc5f67b692d449ed22a4d54e6a8fbaf7e9f0	openalex	work_by_openalex_id	openalex	W4246391157	1	1	publication_component:database:publication:doi:10.7287/peerj.preprints.2663v1/supp-4	native_title_evidence	recover_title
lookup:abd9e51591cd991af0b57754246fa7ee7d2c45efa94618a835d3957547b6f3b8	openalex	work_by_doi	doi	10.1101/024190	1	1	publication_component:citation:publication:doi:10.1101/024190	conflict_all_exact_evidence	adjudicate_identifier_conflict
lookup:ac1bf23087b944be05096720ca817acec810412049cef920c7065b32c7fe8370	opencitations_meta	metadata_by_omid	omid	br/061301694116	1	1	publication_component:citation:publication:doi:10.1128/aac.01095-09	native_title_evidence	recover_title
lookup:ac29919b066594680f946b529384085258d0b74830be86784ac9ea115e6bb5b7	opencitations_meta	metadata_by_omid	omid	br/0628033963	1	1	publication_component:citation:publication:doi:10.2174/157016209789973664	native_title_evidence	recover_title
lookup:ac41173d501479c1c7b946c64cfb5eaaf1043a8ffcc4796fab1b54609e3bb654	openalex	work_by_openalex_id	openalex	W1982607030	1	1	publication_component:citation:publication:openalex:W1982607030	native_provider_identity	recover_title;resolve_provider_identity
lookup:ac49f12f5837c009f7435c686826ee4b50ddb7c89a662dd11b700ee2d9064f0d	openalex	work_by_openalex_id	openalex	W2945747574	1	1	publication_component:database:publication:doi:10.1093/gbe/evz101	conflict_all_exact_evidence	adjudicate_identifier_conflict
lookup:acc8b671e834ecee048891e8aafe46bf70cf6fe25ad2b901ac7fc4373c1f8544	pubmed	record_by_pmid	pmid	33211775	2	2	publication_component:citation:publication:doi:10.1101/2020.04.27.052225;publication_component:citation:publication:doi:10.1371/journal.ppat.1008984	conflict_all_exact_evidence	adjudicate_identifier_conflict
lookup:ad0e9317b3b28c8dcd19923e629a7eae9192706256b06ca805f78de32313527f	openalex	work_by_openalex_id	openalex	W4247815289	1	1	publication_component:database:publication:doi:10.7287/peerj.preprints.27329/supp-10	native_title_evidence	recover_title
lookup:ad3993ad2c6220d98a9d6d3e9eacd5faf8277597287309b1d3677cc34e8e3e28	openalex	work_by_openalex_id	openalex	W2114075279	1	1	publication_component:citation:publication:openalex:W2114075279	native_provider_identity	recover_title;resolve_provider_identity
lookup:ad63960521206ee682058ca52626a492d1fbb9fdb9e660afcee8c3ecbf8dd682	openalex	work_by_openalex_id	openalex	W4248788169	1	1	publication_component:database:publication:doi:10.7287/peerj.preprints.377v1/supp-5	native_title_evidence	recover_title
lookup:adb6d7eeff9111e426a61fa87f9de731285ce94e6ad5447a11be2ca60eabdcda	openalex	work_by_openalex_id	openalex	W1898950877	1	1	publication_component:citation:publication:openalex:W1898950877	native_provider_identity	resolve_provider_identity
lookup:adca8891e4f15fb82c197e1eb83b58addb45f891ed6a8b48c547f76e71124717	openalex	work_by_openalex_id	openalex	W122863936	1	1	publication_component:citation:publication:openalex:W122863936	native_provider_identity	resolve_provider_identity
lookup:ade227974c7b890531894d201ea9518e54b800948960bd0cd4bd6efc033e8825	pubmed	record_by_pmid	pmid	35533072	1	1	publication_component:citation:publication:doi:10.1093/gbe/evac069	conflict_all_exact_evidence	adjudicate_identifier_conflict
lookup:adf4c0e166b6f8d7a9d42bdeb0097af96beaa8a2eab5deab27217f07c98809b4	opencitations_meta	metadata_by_omid	omid	br/06803875251	1	1	publication_component:citation:publication:doi:10.22541/au.160977727.76870866/v1	native_title_evidence	recover_title
lookup:adfed6d9bba0b3b61db2fadc16c50c0cd1ecc36536413d4f370daaff105f8645	openalex	work_by_doi	doi	10.1371/journal.pgen.1006132	1	1	publication_component:citation:publication:doi:10.1371/journal.pgen.1006132	conflict_all_exact_evidence	adjudicate_identifier_conflict
lookup:ae10e4444ebbed3bb2088b4008aee61e859275ac0a7d742cf2383b42c67c7657	pubmed	record_by_pmid	pmid	32479549	2	2	publication_component:citation:publication:doi:10.1101/2020.01.13.901538;publication_component:citation:publication:doi:10.1371/journal.pcbi.1007913	conflict_all_exact_evidence	adjudicate_identifier_conflict
lookup:ae2e388541874355f5251cfdb243cb71ed8d5e82b7dd79bfef146bf58216096b	openalex	work_by_openalex_id	openalex	W4242710060	1	1	publication_component:database:publication:doi:10.7287/peerj.preprints.2434/supp-2	native_title_evidence	recover_title
lookup:ae52cdef7305609f53e0ce1b248e5ea1a4b9a6cdbbe1a9fe2f688035830062f9	opencitations_meta	metadata_by_omid	omid	br/06201804459	1	1	publication_component:citation:publication:doi:10.1101/026658	conflict_all_exact_evidence	adjudicate_identifier_conflict
lookup:aee4011620259fd2296d6208fcb1631bf84eb6223ebcab7bb01cc754c1dd68cd	openalex	work_by_openalex_id	openalex	W1817385113	1	1	publication_component:citation:publication:openalex:W1817385113	native_provider_identity	recover_title;resolve_provider_identity
lookup:af408ef4642d4edab22b9df23f235e706eba74652f36dede0ae4e325ae1d25c5	openalex	work_by_openalex_id	openalex	W4239873891	1	1	publication_component:database:publication:doi:10.7287/peerj.preprints.2300/supp-8	native_title_evidence	recover_title
lookup:af4a1ed100328eb458879e9304ae75bee0de2cbe175e6bdf13bec470374976e2	openalex	work_by_doi	doi	10.1111/febs.14741	1	1	publication_component:database:publication:doi:10.1111/febs.14741	conflict_all_exact_evidence	adjudicate_identifier_conflict
lookup:af6f527131c8795a0bc487796c829fd9d7b3a9265e1dca4be0504ce33f38aaef	opencitations_meta	metadata_by_omid	omid	br/06230743095	1	1	publication_component:citation:publication:doi:10.1016/s2095-3119(18)62023-4	native_title_evidence	recover_title
lookup:af809a32a842276fb9f36b3de083dfe7692f09c9badebd746b967cff19f00f24	openalex	work_by_openalex_id	openalex	W2023505578	1	1	publication_component:database:publication:doi:10.1134/s0026893313010056	conflict_all_exact_evidence	adjudicate_identifier_conflict
lookup:af94cd2d28383b8e5ee6469a1c2f62e773ae691402b5250af1296adfa2c0112e	opencitations_meta	metadata_by_doi	doi	10.1186/1471-2164-15-966	1	1	publication_component:citation:publication:doi:10.1186/1471-2164-15-966	conflict_all_exact_evidence	adjudicate_identifier_conflict
lookup:afb17d1918f8bfb78181a1de4fc209caf7c463842172fc8f7f54b9369db2ba2b	opencitations_meta	metadata_by_omid	omid	br/06010135150	1	1	publication_component:citation:publication:doi:10.1101/2025.09.17.676462	native_title_evidence	recover_title
lookup:b03f9c79cc04f6c554ca81998dddcc0daa83ac90c9f1cb55cf7909fbdabce6e9	openalex	work_by_openalex_id	openalex	W2806384627	1	1	publication_component:citation:publication:openalex:W2806384627	native_provider_identity	recover_title;resolve_provider_identity
lookup:b042d341f9b90bdbcf6a170d1c55ba059e4b28c537ab66f5e5c70af2814821d4	opencitations_meta	metadata_by_omid	omid	br/0609731188	1	1	publication_component:citation:publication:doi:10.1101/2025.08.30.672725	native_title_evidence	recover_title
lookup:b04f81d5316cf43ca041d241e81c07e9605d791cffea20f7502890b21c24c2e4	openalex	work_by_openalex_id	openalex	W112519257	1	1	publication_component:citation:publication:openalex:W112519257	native_provider_identity	resolve_provider_identity
lookup:b087ca777dd590269b139f99b54682d494453c0960ab1b5a2259a5e2cc1b4c03	openalex	work_by_openalex_id	openalex	W4235834953	1	1	publication_component:database:publication:doi:10.7287/peerj.preprints.27329v1/supp-10	native_title_evidence	recover_title
lookup:b0b5ea205a953e28e5313f3863e5e3230c783981778572f18a25c12448d6fb4b	opencitations_meta	metadata_by_doi	doi	10.1371/journal.pgen.1006132	1	1	publication_component:citation:publication:doi:10.1371/journal.pgen.1006132	conflict_all_exact_evidence	adjudicate_identifier_conflict
lookup:b0e752bf58008f9596e2df853c41946d882c4f3342885f6dde0b6d6485771e2b	openalex	work_by_openalex_id	openalex	W2121958597	1	1	publication_component:citation:publication:openalex:W2121958597	native_provider_identity	recover_title;resolve_provider_identity
lookup:b0fc25fab7ab28d05c1f87d28f7cf33f901c84e0dd58a265b31e75d05bfac810	opencitations_meta	metadata_by_doi	doi	10.1371/journal.pgen.1006063	1	1	publication_component:citation:publication:doi:10.1371/journal.pgen.1006063	conflict_all_exact_evidence	adjudicate_identifier_conflict
lookup:b13587a6596bf47d44ad210000a58cfd8eebbd1bbb15d7310533e2d9273dba63	openalex	work_by_openalex_id	openalex	W4235999315	1	1	publication_component:database:publication:doi:10.1111/evo.2001.55.issue-2	native_title_evidence	recover_title
lookup:b17e3719b34e3a5aa5108bb80f0e604b9950bb0e232058cae4b04ce2e8ff376d	openalex	work_by_openalex_id	openalex	W2570111040	1	1	publication_component:citation:publication:openalex:W2570111040	native_provider_identity	recover_title;resolve_provider_identity
lookup:b1b72247c6f319b793af2e19923014e34ce7b83116b56ed1c4a3ad4d9c7ea6b3	openalex	work_by_pmid	pmid	24968283	2	2	publication_component:citation:publication:doi:10.1101/005017;publication_component:citation:publication:doi:10.1371/journal.pgen.1004434	conflict_all_exact_evidence	adjudicate_identifier_conflict
lookup:b1cd8d6744c41d146ca7d8f0cd4496fd8397ecc18cf07497bab1e8b34390126b	openalex	work_by_openalex_id	openalex	W1997064329	1	1	publication_component:citation:publication:openalex:W1997064329	native_provider_identity	recover_title;resolve_provider_identity
lookup:b1d36e56bf55fa250054be6b736448841800182e1d7fca01c75ae9f3aae45ed8	openalex	work_by_openalex_id	openalex	W4248271989	1	1	publication_component:database:publication:doi:10.7287/peerj.preprints.482v1/supp-2	native_title_evidence	recover_title
lookup:b1dd5df098eb6b7303e7e5da8a45b8eb840ae005d05f85ba3bf380a7b0bed160	openalex	work_by_openalex_id	openalex	W2124608480	1	1	publication_component:citation:publication:openalex:W2124608480	native_provider_identity	recover_title;resolve_provider_identity
lookup:b1f71dcd9d5d5843cd3e8d565b1ac40aaab6bdb4acf4b22d4364da27d5358df4	openalex	work_by_openalex_id	openalex	W4249184828	1	1	publication_component:database:publication:doi:10.7287/peerj.preprints.2434v2/supp-3	native_title_evidence	recover_title
lookup:b209467847ab998268b4febc9cfa1160a710f802acb511bfab8fd925f68938ab	pubmed	record_by_pmid	pmid	26114585	2	2	publication_component:citation:publication:doi:10.1101/019786;publication_component:citation:publication:doi:10.1371/journal.pgen.1005331	conflict_all_exact_evidence	adjudicate_identifier_conflict
lookup:b20a8b8c6a9a556b5ce23f0d40f7ae0de0f0cad344a0e9ebf7a5733bc0421744	openalex	work_by_openalex_id	openalex	W2152895327	1	1	publication_component:citation:publication:openalex:W2152895327	native_provider_identity	recover_title;resolve_provider_identity
lookup:b260a8518c7bd40c5dd60c4112e81d97853885387de7359a8d200e92bea06754	openalex	work_by_openalex_id	openalex	W2088975164	1	1	publication_component:citation:publication:openalex:W2088975164	native_provider_identity	recover_title;resolve_provider_identity
lookup:b2a70979753892c25abbb006f99fdc2cce9ccb71c2769bed1871ec115a34dc39	openalex	work_by_openalex_id	openalex	W4232702021	1	1	publication_component:database:publication:doi:10.7287/peerj.preprints.2434v1/supp-3	native_title_evidence	recover_title
lookup:b2ae2b019ecab393243491f602f573297ec048fdee52db4aabf839e2ff59ebff	opencitations_meta	metadata_by_doi	doi	10.1128/mcb.11.1.458-467.1991	1	1	publication_component:database:publication:doi:10.1128/mcb.11.1.458-467.1991	conflict_all_exact_evidence	adjudicate_identifier_conflict
lookup:b2bca70b53f4708c2751b4c27acc747ccc54becab88a8a6ad72a464562bdcd9a	openalex	work_by_openalex_id	openalex	W2952314547	1	1	publication_component:citation:publication:doi:10.1371/journal.pgen.1004622	conflict_all_exact_evidence	adjudicate_identifier_conflict
lookup:b31f23e8e3657e56a850a5f427d6b8828fa206fdc3df0b0c62e69ace2fe83120	opencitations_meta	metadata_by_omid	omid	br/0670429710	1	1	publication_component:citation:publication:doi:10.1093/sysbio/syq010	native_title_evidence	recover_title
lookup:b366fe4f5e81faba1fa98adddcd073a8f4f3d316476fce32b410a5e0af5cd23e	pubmed	record_by_pmid	pmid	34846280	2	2	publication_component:citation:publication:doi:10.1099/mgen.0.000693;publication_component:citation:publication:doi:10.1101/2021.06.04.21258352	conflict_all_exact_evidence	adjudicate_identifier_conflict
lookup:b38cf5454e2882c5249e1654b275975b8ba1138161e9d34db5ee45bdd489867f	opencitations_meta	metadata_by_omid	omid	br/0605024925	1	1	publication_component:database:publication:doi:10.12688/f1000research.76068.5	conflict_all_exact_evidence	adjudicate_identifier_conflict
lookup:b3aa8232bc4e16eda43355c291486ef4885f4d32473e8ef0ef65aaded1131f8e	openalex	work_by_openalex_id	openalex	W2269331167	1	1	publication_component:citation:publication:openalex:W2269331167	native_provider_identity	resolve_provider_identity
lookup:b3c3f76e06082f81501cafea6dc96428010281b4bb70aea8447e71b8cc21da06	openalex	work_by_openalex_id	openalex	W4254493876	1	1	publication_component:database:publication:doi:10.7287/peerj.preprints.3488v1/supp-6	native_title_evidence	recover_title
lookup:b3dda4729e44ed564222165d6327fd81acb9d79385e2674b9ce64f7b350244d3	opencitations_meta	metadata_by_omid	omid	br/06029566609	1	1	publication_component:citation:publication:pmid:40390269	native_title_evidence	recover_title
lookup:b40bd4ad49ded8971296d1f2e2a5e9de7028d93acf42d3fb495fb193f57ecf08	openalex	work_by_openalex_id	openalex	W4250847479	1	1	publication_component:citation:publication:openalex:W4250847479	native_provider_identity	recover_title;resolve_provider_identity
lookup:b432abb4652d87c6c1711f780c035d2361476ff52900d7f5b149d56cfd5ccbc4	openalex	work_by_openalex_id	openalex	W2560113207	1	1	publication_component:citation:publication:openalex:W2560113207	native_provider_identity	recover_title;resolve_provider_identity
lookup:b47e19655faaf8ee699da05e137ef6a23b2b74d8709f72f79d133965993207e6	openalex	work_by_openalex_id	openalex	W4246002920	1	1	publication_component:database:publication:doi:10.7287/peerj.preprints.2058/supp-5	native_title_evidence	recover_title
lookup:b4db96d15eee951772358ac32c75fcb6f08a55ed9f3a4b3dbbad818971a5d071	openalex	work_by_openalex_id	openalex	W4239240477	1	1	publication_component:database:publication:doi:10.7287/peerj.preprints.621v1/supp-1	native_title_evidence	recover_title
lookup:b50145c6a75161d1ded96791a978a372bec38b41e3ef4b1272d832334961ccbb	opencitations_meta	metadata_by_omid	omid	br/062201145983	1	1	publication_component:citation:publication:doi:10.1093/oxfordjournals.molbev.a040343	native_title_evidence	recover_title
lookup:b515dd42aa3480353984c630137b77920bd0081b43ef7a609de17591a28aa581	openalex	work_by_doi	doi	10.1534/genetics.104.117275	1	1	publication_component:database:publication:doi:10.1534/genetics.104.117275	conflict_all_exact_evidence	adjudicate_identifier_conflict
lookup:b526c4802943b34a835f4e11a6ce3fe802e54fcc459bdca1a51e960fcec5dc23	openalex	work_by_openalex_id	openalex	W3093174083	1	1	publication_component:citation:publication:openalex:W3093174083	native_provider_identity	resolve_provider_identity
lookup:b52e8ce36eb605388e51c38cbe6f7d45c57a63f0ddbe81507c55b889a06403f6	openalex	work_by_openalex_id	openalex	W2163892779	1	1	publication_component:citation:publication:openalex:W2163892779	native_provider_identity	recover_title;resolve_provider_identity
lookup:b5772feced34e07212d1f26902abf541162706fb61057c17dfe5e31c5dc4c46e	openalex	work_by_openalex_id	openalex	W4234765296	1	1	publication_component:database:publication:doi:10.7287/peerj.preprints.27162/supp-8	native_title_evidence	recover_title
lookup:b57bc38ea5ee0c990ac0cf9264cf798c6e3d10f76e4760a5c5802fab67d86cf0	openalex	work_by_openalex_id	openalex	W4242048084	1	1	publication_component:database:publication:doi:10.7287/peerj.preprints.27162v1/supp-15	native_title_evidence	recover_title
lookup:b584d4bd64794e6f5235c0dc7d7f0a2cb3c624e70ac1f7407859a0378f109e8c	openalex	work_by_openalex_id	openalex	W2104594675	1	1	publication_component:citation:publication:openalex:W2104594675	native_provider_identity	recover_title;resolve_provider_identity
lookup:b58edf92d3f77363236c73df4fca03f06c063b91ce2df51362b04554c188441a	opencitations_meta	metadata_by_doi	doi	10.1128/mcb.14.5.2985-2993.1994	1	1	publication_component:database:publication:doi:10.1128/mcb.14.5.2985-2993.1994	conflict_all_exact_evidence	adjudicate_identifier_conflict
lookup:b59b25d56e30041d59e75b3993810fe2440040f273d2bdfee9127b589cb1d87b	openalex	work_by_doi	doi	10.3929/ethz-b-000098273	1	1	publication_component:citation:publication:doi:10.3929/ethz-b-000098273	conflict_all_exact_evidence	adjudicate_identifier_conflict;recover_title
lookup:b5cd69eb3c6e2743a986633f515d9dcbc603be3e7b7c2323b1c55c56dbf68d4f	openalex	work_by_openalex_id	openalex	W2622784476	1	1	publication_component:citation:publication:openalex:W2622784476	native_provider_identity	resolve_provider_identity
lookup:b5ec2facdc77c9397a92975dcc9db2e4912d6f32c995ba1650230fd1adcc767d	opencitations_meta	metadata_by_omid	omid	br/06014976785	1	1	publication_component:citation:publication:doi:10.3390/jmse14020185	native_title_evidence	recover_title
lookup:b666245dd93fddbd74f043538acae06f02b7cd95d887ad589b070d2f21d3859a	openalex	work_by_openalex_id	openalex	W4245241745	1	1	publication_component:database:publication:doi:10.7287/peerj.preprints.27329/supp-8	native_title_evidence	recover_title
lookup:b6783eedc33be98b2098a7db3db8bd6d789f2b9c8fa05bb8c36d75ec6d66a542	openalex	work_by_openalex_id	openalex	W4251014946	1	1	publication_component:database:publication:doi:10.7287/peerj.preprints.377/supp-5	native_title_evidence	recover_title
lookup:b6a97e5f52aab32813767280031f9b9500903bb0bb946f31813e369cd5616982	openalex	work_by_openalex_id	openalex	W4246003422	1	1	publication_component:database:publication:doi:10.1086/qrb.1982.57.issue-4	native_title_evidence	recover_title
lookup:b6b7ae14e68727e92e3a08e4577f21ad2d1b65a58733510f29e5208b46500d59	opencitations_meta	metadata_by_doi	doi	10.1101/2021.02.23.21252268	1	1	publication_component:database:publication:doi:10.1101/2021.02.23.21252268	conflict_all_exact_evidence	adjudicate_identifier_conflict
lookup:b6ba102176ba7e7b4ec25504be4430fb5643e4859a7a49439ea4c15656e33ad7	openalex	work_by_openalex_id	openalex	W2133893841	1	1	publication_component:citation:publication:openalex:W2133893841	native_provider_identity	resolve_provider_identity
lookup:b6c0776d3912ea0bf345183d24f3b51daa534494a1fe0c3eec6e7484ca1f3b68	opencitations_meta	metadata_by_omid	omid	br/06902309122	1	1	publication_component:citation:publication:doi:10.1101/740852	native_title_evidence	recover_title
lookup:b6c3d8e044493c2d0064830c8b334e9350df68b6dbc61e345682f1df9345fa8c	openalex	work_by_doi	doi	10.1111/evo.13922	1	1	publication_component:citation:publication:doi:10.1111/evo.13922	conflict_all_exact_evidence	adjudicate_identifier_conflict
lookup:b71caac90c1902e039b17671e66050c0d0df194bac0dd603dd50d8f4fac99029	opencitations_meta	metadata_by_omid	omid	br/06902345292	1	1	publication_component:citation:publication:doi:10.1101/2022.01.13.476171	native_title_evidence	recover_title
lookup:b728601efea190908d95b7e52195d13194ba7381f33fa0b91c7b331c271848a9	opencitations_meta	metadata_by_omid	omid	br/06024116421	1	1	publication_component:citation:publication:doi:10.24272/j.issn.2095-8137.2024.473	native_title_evidence	recover_title
lookup:b77f5fb55f45b5e5f68294e7aaec4e18daac11eeefa8c84d6184cd94eec3d21d	openalex	work_by_openalex_id	openalex	W2118442768	1	1	publication_component:citation:publication:openalex:W2118442768	native_provider_identity	recover_title;resolve_provider_identity
lookup:b7a623d268a2027d9131bba87dc6e040acbadbb1e411d6369e7d461d1eec4167	openalex	work_by_pmid	pmid	33624822	1	1	publication_component:citation:publication:doi:10.1093/molbev/msab055	conflict_all_exact_evidence	adjudicate_identifier_conflict
lookup:b7abe7ceb1e68c8e2c0e21d5b73fe1f331d79d0ab6ae48d8e1452599faae6744	opencitations_meta	metadata_by_doi	doi	10.1099/mgen.0.000693	1	1	publication_component:citation:publication:doi:10.1099/mgen.0.000693	conflict_all_exact_evidence	adjudicate_identifier_conflict
lookup:b7bb91143c420d57ea11ef2912c9d388029c8f58ea362fdc1e36fb71df93d4c6	openalex	work_by_openalex_id	openalex	W1256353590	1	1	publication_component:citation:publication:openalex:W1256353590	native_provider_identity	resolve_provider_identity
lookup:b7d33147693f2bcc39c11ff179015bb6061de1372994b2b3bba0b6f0470b0e49	pubmed	record_by_pmid	pmid	12775522	2	2	publication_component:database:publication:doi:10.1080/10635150309322;publication_component:database:publication:doi:10.1080/10635150390196966	conflict_all_exact_evidence	adjudicate_identifier_conflict
lookup:b80591fd618d25ee0dca48e700c8023a0857a36f495ab90998a75f9e3a354be0	openalex	work_by_openalex_id	openalex	W4246379838	1	1	publication_component:database:publication:doi:10.7287/peerj.preprints.27835/supp-1	native_title_evidence	recover_title
lookup:b81e2316aa9ee6bca7a5ccf1f19ff44221a88cdd134b5d0f09f9811f5dbba08f	openalex	work_by_openalex_id	openalex	W2991219963	1	1	publication_component:citation:publication:openalex:W2991219963	native_provider_identity	recover_title;resolve_provider_identity
lookup:b83a5bc2647215d195ebdb3a5bd3cd4b3551b486c79ae84c20c4227494589941	openalex	work_by_doi	doi	10.1101/030619	1	1	publication_component:citation:publication:doi:10.1101/030619	conflict_all_exact_evidence	adjudicate_identifier_conflict
lookup:b8d1f8b87f9024b4a21012aff28ca40bc32f34b07c2d07444662f6852b4fee82	openalex	work_by_doi	doi	10.1111/mec.16841	1	1	publication_component:citation:publication:doi:10.1111/mec.16841	conflict_all_exact_evidence	adjudicate_identifier_conflict
lookup:b8ec43d6c67c2e67ecedad1aaa46b5c7481de51564aea0020ebd86ef5ec26ab6	openalex	work_by_openalex_id	openalex	W2009596137	1	1	publication_component:citation:publication:openalex:W2009596137	native_provider_identity	recover_title;resolve_provider_identity
lookup:b930c9c4178dc7ce154e6583b0a5bf7d8b6b2abf11791c97978a319dcdb6a682	opencitations_meta	metadata_by_omid	omid	br/06026520469	1	1	publication_component:citation:publication:doi:10.3897/zse.97.57968.figure1	native_title_evidence	recover_title
lookup:b991acdf23f886028e0c5fed6c2178c3f197b9ca91cf203d2dfe5260da39e8c6	opencitations_meta	metadata_by_omid	omid	br/061801033187	1	1	publication_component:citation:publication:doi:10.1093/sysbio/syw054	native_title_evidence	recover_title
lookup:b993197552930bc519da505cde23448a5158ccaeb55ca25eccde25d82d0dba3e	openalex	work_by_openalex_id	openalex	W4247043023	1	1	publication_component:database:publication:doi:10.7287/peerj.preprints.2434v2/supp-1	native_title_evidence	recover_title
lookup:b99df9729359f751e8487ffa75af242d2ef1946c84c98d04a4fc201e925b8f3a	openalex	work_by_openalex_id	openalex	W4250637795	1	1	publication_component:database:publication:doi:10.7287/peerj.preprints.27329/supp-7	native_title_evidence	recover_title
lookup:b9c31595e348fbe56eea9cd19dd673ef35e7047cf43c5ffa1480cca549e9922f	openalex	work_by_openalex_id	openalex	W4237372058	1	1	publication_component:database:publication:doi:10.7287/peerj.preprints.2300v1/supp-4	native_title_evidence	recover_title
lookup:b9f54c9f6cd652360dc39555d76a4306e81722b8e9f4a0476365b9918c95c87c	openalex	work_by_openalex_id	openalex	W4255319058	1	1	publication_component:database:publication:doi:10.7287/peerj.preprints.2663v2/supp-1	native_title_evidence	recover_title
lookup:ba27e69ab24f69cad93f3a676e3f55a4a766f38d6718621b114e55999c106d6a	openalex	work_by_openalex_id	openalex	W2155766042	1	1	publication_component:citation:publication:openalex:W2155766042	native_provider_identity	recover_title;resolve_provider_identity
lookup:ba31eb451c05c733a94897e51459b967440f68998b9607bb5f7d6240f8aa8bea	opencitations_meta	metadata_by_omid	omid	br/061301970554	1	1	publication_component:citation:publication:doi:10.1111/cla.12454	conflict_all_exact_evidence	adjudicate_identifier_conflict
lookup:ba5a6c6a42d57492e216941d1fe68824d44d468036d045436c22d96990ecdcb9	openalex	work_by_openalex_id	openalex	W4248649061	1	1	publication_component:database:publication:doi:10.7287/peerj.preprints.377/supp-9	native_title_evidence	recover_title
lookup:ba83a405c9e3a315a8abf6ccd95e61ab7302cc03ef7fa7eefafefc9023224ac8	opencitations_meta	metadata_by_omid	omid	br/06401817802	1	1	publication_component:citation:publication:doi:10.1101/005017	conflict_all_exact_evidence	adjudicate_identifier_conflict
lookup:baaa34dc60d80e4cf5a08ee12fd3f8f93f3320344e9948e351826e4fedeab8a2	openalex	work_by_openalex_id	openalex	W4236082192	1	1	publication_component:database:publication:doi:10.7287/peerj.preprints.1482/supp-5	native_title_evidence	recover_title
lookup:bab51224fb0df09988bc4e28c598b16d810a3c2d032c1076359b5be81e39d4a0	opencitations_meta	metadata_by_omid	omid	br/06140114156	1	1	publication_component:citation:publication:doi:10.1016/j.cub.2011.05.058	native_title_evidence	recover_title
lookup:bb11c33874f3976d46c99732a906742baae9b24da9e323c157e2286274719284	openalex	work_by_openalex_id	openalex	W4230875466	1	1	publication_component:database:publication:doi:10.7287/peerj.preprints.2058v2/supp-7	native_title_evidence	recover_title
lookup:bb11df89e52e9608aa57a620a63d5bea8878f53a1b019a70b077bb8c8e99412a	pubmed	record_by_pmid	pmid	25380807	2	2	publication_component:citation:publication:doi:10.1101/002766;publication_component:citation:publication:doi:10.1186/1471-2164-15-966	conflict_all_exact_evidence	adjudicate_identifier_conflict
lookup:bb3e03ad62abf76822cf65624cb5448e85765cab7e04b977a93dae5956a1f359	openalex	work_by_openalex_id	openalex	W2586634060	1	1	publication_component:citation:publication:openalex:W2586634060	native_provider_identity	recover_title;resolve_provider_identity
lookup:bbf1b22cdefb11a2e4509eaecd3b32f58d977a359227e3f0353f50c2d9918d8b	openalex	work_by_openalex_id	openalex	W4251068680	1	1	publication_component:database:publication:doi:10.7287/peerj.preprints.621v1/supp-7	native_title_evidence	recover_title
lookup:bca669509a294a693afc8a8590f041485d1edcd631651f78e3a609945e9e3b72	pubmed	record_by_pmid	pmid	28396824	2	2	publication_component:citation:publication:doi:10.7287/peerj.preprints.2444v1;publication_component:citation:publication:doi:10.7717/peerj.3145	conflict_all_exact_evidence	adjudicate_identifier_conflict;recover_title
lookup:bcb930a2bbf809290d9cf7f8d625d7cf582d9fe3dfac1a3bbc87eb4d6405c8e6	openalex	work_by_openalex_id	openalex	W2896876179	1	1	publication_component:citation:publication:doi:10.1101/443945	conflict_all_exact_evidence	adjudicate_identifier_conflict
lookup:bcc090d87e71c1339750df4c5ae4e0e9015f5bf7366c3328960bc7d10dd40ba9	pubmed	record_by_pmid	pmid	25255320	2	2	publication_component:citation:publication:doi:10.1101/002428;publication_component:citation:publication:doi:10.1371/journal.pgen.1004622	conflict_all_exact_evidence	adjudicate_identifier_conflict
lookup:bcdafcd6a3516914ccb01aebaa2b100088e5495803b10aba1ea45f96d024f257	openalex	work_by_openalex_id	openalex	W2163711542	1	1	publication_component:citation:publication:openalex:W2163711542	native_provider_identity	recover_title;resolve_provider_identity
lookup:bd0c0e9997c1f9c62ce99ea895a4b4495904e92c49f9df3224609c469fc37c68	openalex	work_by_openalex_id	openalex	W4233649982	1	1	publication_component:database:publication:doi:10.7287/peerj.preprints.27162/supp-15	native_title_evidence	recover_title
lookup:bd0cec337e712ffc9dcdd8c65742b086192930cf6609cce5f4da973d7971bbce	openalex	work_by_openalex_id	openalex	W2597290286	1	1	publication_component:citation:publication:openalex:W2597290286	native_provider_identity	resolve_provider_identity
lookup:bd71dd6901562e383fc004357e443d4b8bbeefb827e27087c4750c123cacaf23	openalex	work_by_openalex_id	openalex	W2044573154	1	1	publication_component:citation:publication:openalex:W2044573154	native_provider_identity	recover_title;resolve_provider_identity
lookup:bd7ba3c2172e86004e3971682fe1f9c28b2daf8e2b7e1bd9421d65d6177d9845	opencitations_meta	metadata_by_omid	omid	br/0690440429	1	1	publication_component:citation:publication:doi:10.1080/10635150390238879	native_title_evidence	recover_title
lookup:bd7c0d97528034240b82e77a950b5dbd84d912ac218806d0643e4c970b05c98b	openalex	work_by_openalex_id	openalex	W35467052	1	1	publication_component:citation:publication:openalex:W35467052	native_provider_identity	resolve_provider_identity
lookup:bd84512560a4a99fe9b81145b2b44c42cd5de9468ef2daef662aeffafab6d4b2	openalex	work_by_doi	doi	10.1371/journal.pgen.1006063	1	1	publication_component:citation:publication:doi:10.1371/journal.pgen.1006063	conflict_all_exact_evidence	adjudicate_identifier_conflict
lookup:bda87125bd9de4dc67f26a6c753b560a17f935803a46a0d55f20d564ea72a081	openalex	work_by_pmid	pmid	31913497	2	2	publication_component:citation:publication:doi:10.1101/739037;publication_component:citation:publication:doi:10.1111/evo.13922	conflict_all_exact_evidence	adjudicate_identifier_conflict
lookup:bdc65114396da9a53ab3a553c52df029fc5a97c02b32cceac25834ec84a62ac6	openalex	work_by_openalex_id	openalex	W7162936631	1	1	publication_component:database:publication:doi:10.21059/buletinpeternak.v50i2	native_title_evidence	recover_title
lookup:be81db0b24097125fb5df32648d1ea4b1088cddd25a57e5b0cb916d7d96f851b	openalex	work_by_openalex_id	openalex	W2124676809	1	1	publication_component:citation:publication:openalex:W2124676809	native_provider_identity	recover_title;resolve_provider_identity
lookup:be837a6fa491228dbec036912b92ab72bd7f8224c3ed4b97359cf7bc38ee8978	openalex	work_by_openalex_id	openalex	W4251043751	1	1	publication_component:database:publication:doi:10.7287/peerj.preprints.27406v1/supp-4	native_title_evidence	recover_title
lookup:be901a10cc02ccec5c1bf7663c3ac887ed8d3a500e6e91326fad371198782737	opencitations_meta	metadata_by_doi	doi	10.1371/journal.pgen.1004434	1	1	publication_component:citation:publication:doi:10.1371/journal.pgen.1004434	conflict_all_exact_evidence	adjudicate_identifier_conflict
lookup:becd31e5e2f7840af8ddb9642654f56e4d21fd0d8676c742d7045eda6ac73d4c	opencitations_meta	metadata_by_omid	omid	br/061502391253	1	1	publication_component:citation:publication:doi:10.2217/fmb.12.108	native_title_evidence	recover_title
lookup:bef6da8ffc45aaf010b840decf8fd820cbbb56d24f56d0fc4e50b1bc76406ea5	openalex	work_by_openalex_id	openalex	W2096714129	1	1	publication_component:citation:publication:openalex:W2096714129	native_provider_identity	recover_title;resolve_provider_identity
lookup:bf2fa8b1ab1b301378c05618ccc7b54a4487dee2e56d9c8bb4d0d55486fe63c4	opencitations_meta	metadata_by_omid	omid	br/061801032952	1	1	publication_component:citation:publication:doi:10.1093/sysbio/syz020	native_title_evidence	recover_title
lookup:bf5f541dcb8e17e47b795872fd6e5e5e0561816b8a2c4a93a7c55bf751464f1f	openalex	work_by_openalex_id	openalex	W2952878955	1	1	publication_component:citation:publication:doi:10.1101/264226	conflict_all_exact_evidence	adjudicate_identifier_conflict
lookup:bf61f7d9c934f93c33a2080c8062a58c28e9f26330f16a896235a288c0b95286	opencitations_meta	metadata_by_omid	omid	br/062501141553	1	1	publication_component:citation:publication:doi:10.1093/molbev/mss075	native_title_evidence	recover_title
lookup:bf675fedc1330d19031fd4314ebd151fffc9d2159881c2615fd8d2176890dbe5	openalex	work_by_openalex_id	openalex	W2163149699	1	1	publication_component:citation:publication:openalex:W2163149699	native_provider_identity	recover_title;resolve_provider_identity
lookup:bfcb3b944bde97f0cc91a060646c5077ba92df1467370c2835fb137661809d10	openalex	work_by_openalex_id	openalex	W4237316751	1	1	publication_component:database:publication:doi:10.7287/peerj.preprints.220v1/supp-2	native_title_evidence	recover_title
lookup:bfcfb9becc3ca9356665b3399f237a14a10ed9133b7c7b2116206c34541a7172	openalex	work_by_openalex_id	openalex	W4256522246	1	1	publication_component:database:publication:doi:10.7287/peerj.preprints.373v1/supp-2	native_title_evidence	recover_title
lookup:bfef32ed107750e2b6299757a25e09dfb0ca6e08550f11ea3130e692bd4c8400	opencitations_meta	metadata_by_doi	doi	10.1093/molbev/msab028	1	1	publication_component:database:publication:doi:10.1093/molbev/msab028	conflict_all_exact_evidence	adjudicate_identifier_conflict
lookup:c02055942530ee2732b29764b87c01d783cbcbd5018f6c42707b76362cc5000c	opencitations_meta	metadata_by_omid	omid	br/06013068764	1	1	publication_component:citation:publication:doi:10.1101/2025.10.27.684817	native_title_evidence	recover_title
lookup:c046a0d3e44da08f62827fc03a9a88c39c2244fe3d8b845d65994a44c4bf4c92	openalex	work_by_openalex_id	openalex	W2184006217	1	1	publication_component:citation:publication:openalex:W2184006217	native_provider_identity	resolve_provider_identity
lookup:c0d1404c4e204e7802df73fde79b9317e86816a3d2612ce074066bc3ee166deb	openalex	work_by_openalex_id	openalex	W4241294307	1	1	publication_component:database:publication:doi:10.7287/peerj.preprints.2300/supp-10	native_title_evidence	recover_title
lookup:c0d864122197a1e3f7c16d34237ecb40ee9b493044891102d82fc5e2e163bba0	openalex	work_by_openalex_id	openalex	W4245149711	1	1	publication_component:database:publication:doi:10.7287/peerj.preprints.373v1/supp-1	native_title_evidence	recover_title
lookup:c0f3a6bbce46727b5627def8a3983d2537c7a733760b6a8b0a9f1f72aac88c8d	openalex	work_by_pmid	pmid	29693722	2	2	publication_component:citation:publication:doi:10.1101/264226;publication_component:citation:publication:doi:10.1111/nph.15180	conflict_all_exact_evidence	adjudicate_identifier_conflict
lookup:c18214da58d970b25bcca684da691db647c1309c090f3dae68deaf73bf2c66fd	openalex	work_by_openalex_id	openalex	W4252668811	1	1	publication_component:database:publication:doi:10.7287/peerj.preprints.2300/supp-9	native_title_evidence	recover_title
lookup:c188b1a097779daf84854464d3980d553f4b0914713124a93d61349321aaeb44	opencitations_meta	metadata_by_omid	omid	br/06501196974	1	1	publication_component:citation:publication:doi:10.1089/fpd.2019.2662	native_title_evidence	recover_title
lookup:c18ade023b8ff03ed802edf3a30ffec21b177d320f47dac0b16cafccdfeab903	openalex	work_by_openalex_id	openalex	W2144024099	1	1	publication_component:citation:publication:openalex:W2144024099	native_provider_identity	recover_title;resolve_provider_identity
lookup:c196dc0794f35b7f34eace36235ea7d2c4b8497cb8c4f3fb49c6ff71817a6c86	opencitations_meta	metadata_by_omid	omid	br/06101659359	1	1	publication_component:citation:publication:doi:10.1101/030619	conflict_all_exact_evidence	adjudicate_identifier_conflict
lookup:c1dfd47f2930582743ba3adfa230cfc8642d95a06515eafbdefbd0f4e829627b	opencitations_meta	metadata_by_doi	doi	10.7554/elife.44205	1	1	publication_component:citation:publication:doi:10.7554/elife.44205	conflict_all_exact_evidence	adjudicate_identifier_conflict
lookup:c237909aa35078843386ba830695e7ac8bcd73aecf56439e9250d9645be9ab12	openalex	work_by_openalex_id	openalex	W2059746569	1	1	publication_component:database:publication:doi:10.1554/0014-3820(2003)057[0305:nabmdh]2.0.co;2	conflict_all_exact_evidence	adjudicate_identifier_conflict
lookup:c25fd2b3730dd1b5a734ee1aad3c114b9e0a2b6d7685c63b9fe44b127d5f632f	openalex	work_by_openalex_id	openalex	W2146058442	1	1	publication_component:citation:publication:openalex:W2146058442	native_provider_identity	recover_title;resolve_provider_identity
lookup:c2e8adee4804a8324eca4545e5f59d11e32047d5c6e3775a29f3b41e24563ef2	openalex	work_by_openalex_id	openalex	W3168124228	1	1	publication_component:citation:publication:doi:10.1101/2021.06.04.21258352	conflict_all_exact_evidence	adjudicate_identifier_conflict
lookup:c2f7ee88eb47d7e3812c15edc6abc30b8b4194de26074a3d57016c8104c5b989	openalex	work_by_openalex_id	openalex	W2112956791	1	1	publication_component:citation:publication:openalex:W2112956791	native_provider_identity	recover_title;resolve_provider_identity
lookup:c360c99d68b4d78c846d3071bc47e999445731541c1ac0f0837e6c92c81cf088	openalex	work_by_openalex_id	openalex	W2618642479	1	1	publication_component:citation:publication:openalex:W2618642479	native_provider_identity	resolve_provider_identity
lookup:c3680151b8ba43c48250351c9629faab36bc96699b9095ed089321c261f09f7a	openalex	work_by_openalex_id	openalex	W4403257317	1	1	publication_component:citation:publication:doi:10.12688/f1000research.76068.4	conflict_all_exact_evidence	adjudicate_identifier_conflict
lookup:c389f9df83018bac1875d5834e473ceb5952e3a9bf425f89feff7b6c8781fe80	openalex	work_by_pmid	pmid	25857192	2	2	publication_component:database:publication:doi:10.1134/s1022795414110076;publication_component:database:publication:doi:10.7868/s0016675814110071	conflict_all_exact_evidence	adjudicate_identifier_conflict
lookup:c3e31fdce23a6991021ab1c8523e3ff8dc827375f7a19f0f9d188c9c7d827650	opencitations_meta	metadata_by_omid	omid	br/06015008064	1	1	publication_component:citation:publication:doi:10.1111/pbi.70570	native_title_evidence	recover_title
lookup:c3e4d672f7bdb7fa92a7d295fd969fe5936764defa97a2ae020fcc82249ca3ab	openalex	work_by_openalex_id	openalex	W4245032879	1	1	publication_component:database:publication:doi:10.7287/peerj.preprints.27329v1/supp-4	native_title_evidence	recover_title
lookup:c40e441bfdd3f63b1b280ecec1a6668d4606bec5fa4c22aadca8117f5daa339f	openalex	work_by_openalex_id	openalex	W4236099815	1	1	publication_component:database:publication:doi:10.7287/peerj.preprints.621v1/supp-2	native_title_evidence	recover_title
lookup:c41a18412cbc361edec8244d3b12447d167c92f0019db14b3de3dc6bd7f5c39c	openalex	work_by_openalex_id	openalex	W2088309661	1	1	publication_component:citation:publication:openalex:W2088309661	native_provider_identity	recover_title;resolve_provider_identity
lookup:c43dd23e0938553876baa0410c4651e89b4adde42fb371165a1ddf2db8e2b84d	openalex	work_by_openalex_id	openalex	W4249930441	1	1	publication_component:database:publication:doi:10.7287/peerj.preprints.27162v1/supp-16	native_title_evidence	recover_title
lookup:c444677965bdbab46d8b8b01134c7f8d99df039c9efbf2e5dc4ec558f470b6bc	openalex	work_by_openalex_id	openalex	W3130826880	1	1	publication_component:citation:publication:doi:10.1093/molbev/msab055	conflict_all_exact_evidence	adjudicate_identifier_conflict
lookup:c444eec67bd96cc347db7095c6c5be470be17efc2e14df14883849cb1fe2bf85	pubmed	record_by_pmid	pmid	31556487	2	2	publication_component:citation:publication:doi:10.1016/j.bpj.2019.11.3379;publication_component:citation:publication:doi:10.15252/msb.20198871	conflict_all_exact_evidence	adjudicate_identifier_conflict;recover_title
lookup:c4c3835b7e2d617979bd04be795cfce242abcb8240c1af13db9200e55448d7f4	openalex	work_by_openalex_id	openalex	W6672639573	1	1	publication_component:citation:publication:openalex:W6672639573	native_provider_identity	recover_title;resolve_provider_identity
lookup:c4d41494aae4d42eda629a9aec481dc9db9fe36a9c9a67a51385298e9f805ca3	openalex	work_by_openalex_id	openalex	W2102502076	1	1	publication_component:citation:publication:openalex:W2102502076	native_provider_identity	recover_title;resolve_provider_identity
lookup:c4d9463e4508e893e0d640760f19d4502e277201ca7bc18c4a6097e6688525e4	openalex	work_by_openalex_id	openalex	W4233552592	1	1	publication_component:database:publication:doi:10.7287/peerj.preprints.1482/supp-7	native_title_evidence	recover_title
lookup:c4dbeb63b49ee19f308c02a6426e67f6f4ce570d57ca293a3e2a8f6a56a58c22	openalex	work_by_openalex_id	openalex	W3157657582	1	1	publication_component:citation:publication:doi:10.1111/cla.12454	conflict_all_exact_evidence	adjudicate_identifier_conflict
lookup:c4f2c4c73a670c6682726cb3c49e83fd5f970b70a5249eed8ed2ecd9cdcdae70	openalex	work_by_openalex_id	openalex	W4256618424	1	1	publication_component:database:publication:doi:10.7287/peerj.preprints.377v1/supp-1	native_title_evidence	recover_title
lookup:c4f61290cd181e820d90a9c51d26f10e6ec0942c6f3e4ddc50f234b30bca54d9	openalex	work_by_openalex_id	openalex	W2950454586	1	1	publication_component:citation:publication:doi:10.1101/gr.234096.117	conflict_all_exact_evidence	adjudicate_identifier_conflict
lookup:c590b18b2726c48e03ad47b60d9ed27302aa984c450860e4559b3dc482aa6971	openalex	work_by_openalex_id	openalex	W2338457743	1	1	publication_component:citation:publication:openalex:W2338457743	native_provider_identity	resolve_provider_identity
lookup:c5c53305e34b1c1e896e63dcf5cb5ed7bf5424bf6c196716326f3c663aa5699d	openalex	work_by_openalex_id	openalex	W3160736576	1	1	publication_component:citation:publication:openalex:W3160736576	native_provider_identity	resolve_provider_identity
lookup:c63570160caececb5ca217427bd2a13f504211e6b4e011415d00b7a90bf9707d	opencitations_meta	metadata_by_omid	omid	br/06901326648	1	1	publication_component:citation:publication:doi:10.1038/s41467-022-31097-7	native_title_evidence	recover_title
lookup:c63ef9f28856ce8756b1d43bf982bca3b9e3b3e16a4413ce5572f848e11332e4	openalex	work_by_openalex_id	openalex	W37160724	1	1	publication_component:citation:publication:openalex:W37160724	native_provider_identity	resolve_provider_identity
lookup:c641f3d1da531e3cec51fe34118f637cc46d1191d14092325afd7f285403ab10	openalex	work_by_openalex_id	openalex	W2038978937	1	1	publication_component:citation:publication:openalex:W2038978937	native_provider_identity	recover_title;resolve_provider_identity
lookup:c67708e54e3aaa8d8664426842274d5f3c024b14a00aa534fcd1ef165e3e0dc4	openalex	work_by_pmid	pmid	42172051	1	1	publication_component:database:publication:doi:10.1093/sysbio/syag038	conflict_all_exact_evidence	adjudicate_identifier_conflict
lookup:c6865fee0d9aa2f19aa34fa6a3bcd2fd1b550c03f0b96bc29cfc7ab388a842f5	openalex	work_by_openalex_id	openalex	W2764256869	1	1	publication_component:citation:publication:openalex:W2764256869	native_provider_identity	resolve_provider_identity
lookup:c6a4b766fa844e5c031af2ac854f1ff71efcf0ad796f1ff6931d4657f664d8cc	openalex	work_by_openalex_id	openalex	W2342577284	1	1	publication_component:citation:publication:openalex:W2342577284	native_provider_identity	recover_title;resolve_provider_identity
lookup:c6d9e75fec0dc0625ca77979e6263dec07a2bc1cb226151ac2d3e4e1f855d030	openalex	work_by_openalex_id	openalex	W2951745891	1	1	publication_component:citation:publication:doi:10.1371/journal.pgen.1006063	conflict_all_exact_evidence	adjudicate_identifier_conflict
lookup:c6ed8a56fbd551992535354ae95370c45bc7e52b562dc6f8b3b00921e50ddd1d	openalex	work_by_openalex_id	openalex	W2161299849	1	1	publication_component:citation:publication:openalex:W2161299849	native_provider_identity	recover_title;resolve_provider_identity
lookup:c6f4659cb1655c88b476788358ec801acbf57a18126d6b6258af95c507f27030	opencitations_meta	metadata_by_omid	omid	br/061903238042	1	1	publication_component:citation:publication:doi:10.1101/2021.02.27.21252099	native_title_evidence	recover_title
lookup:c6fba98359d548d84de47e5371779fabf46bcbfdc6772b308b67879cc0b8e404	openalex	work_by_doi	doi	10.1101/2020.01.13.901538	1	1	publication_component:citation:publication:doi:10.1101/2020.01.13.901538	conflict_all_exact_evidence	adjudicate_identifier_conflict
lookup:c6fea1046c3b90a5c30713cd5cbb22ef4122a701362e5e078e60b9ab048d60cb	openalex	work_by_openalex_id	openalex	W2121504310	1	1	publication_component:citation:publication:openalex:W2121504310	native_provider_identity	recover_title;resolve_provider_identity
lookup:c85e70424eccd4ef7e851de9f7155c4ae45d32d2d569e855d20320345bde6795	opencitations_meta	metadata_by_doi	doi	10.1134/s0026893313010056	1	1	publication_component:database:publication:doi:10.1134/s0026893313010056	conflict_all_exact_evidence	adjudicate_identifier_conflict
lookup:c8630a0ab8de6273fa99ddd43241761a03d10eb2550f1da3333fde09df197dc9	openalex	work_by_openalex_id	openalex	W2032897771	1	1	publication_component:database:publication:doi:10.1515/9781400851553.84	conflict_all_exact_evidence	adjudicate_identifier_conflict
lookup:c86617e15e956b3d61158de9cd598b50cb69ee48145d1a6be21d99e3916e7bde	openalex	work_by_openalex_id	openalex	W1520961608	1	1	publication_component:citation:publication:openalex:W1520961608	native_provider_identity	resolve_provider_identity
lookup:c87f872a624e914223dcee050634e37f5e806f2e92a4a2df4c08566e764c9f5b	openalex	work_by_openalex_id	openalex	W2944656196	1	1	publication_component:citation:publication:openalex:W2944656196	native_provider_identity	resolve_provider_identity
lookup:c8b88b01611d80f6d61f27de0aad72418a80fbb196090fe98756a61cb5a2e445	openalex	work_by_openalex_id	openalex	W4252614005	1	1	publication_component:database:publication:doi:10.7287/peerj.preprints.3488v2/supp-2	native_title_evidence	recover_title
lookup:c8fac0b73420c7f78659d13c0d1682663e3c9c18fddcab57d0c1121b445ae075	pubmed	record_by_pmid	pmid	29563166	2	2	publication_component:citation:publication:doi:10.1016/j.tig.2018.05.002;publication_component:citation:publication:doi:10.1101/gr.234096.117	conflict_all_exact_evidence	adjudicate_identifier_conflict;recover_title
lookup:c9292e5444cdf680683ca6082ab3835a660aa600252fa8c87fa5a2b8d644739b	openalex	work_by_openalex_id	openalex	W2892409874	1	1	publication_component:citation:publication:openalex:W2892409874	native_provider_identity	recover_title;resolve_provider_identity
lookup:c937fd0523c4571193802cb083673359fe1bd260eff920ca2159f201f2df2ee0	opencitations_meta	metadata_by_omid	omid	br/0690440511	1	1	publication_component:citation:publication:doi:10.1080/10635150290102339	native_title_evidence	recover_title
lookup:c94ee86912ea511cfaa89da5fab223294cbec2df1174e78f9e75a20123cf0c6c	opencitations_meta	metadata_by_omid	omid	br/0650571707	1	1	publication_component:citation:publication:doi:10.1093/bioinformatics/17.8.754	native_title_evidence	recover_title
lookup:c970a5b0836f84050a34a2a197ba4ac2f58f1bc9599104644c35b34cbab02531	opencitations_meta	metadata_by_doi	doi	10.1093/molbev/msab055	1	1	publication_component:citation:publication:doi:10.1093/molbev/msab055	conflict_all_exact_evidence	adjudicate_identifier_conflict
lookup:c998feab341e1dd28710d4c5b670effd054f12ed11f760c7725976057795f25a	openalex	work_by_openalex_id	openalex	W4240629660	1	1	publication_component:database:publication:doi:10.7287/peerj.preprints.27162/supp-13	native_title_evidence	recover_title
lookup:c99a629b669a4583019e46675a92f04e4b9ef2c378afbf0f5c880e28c8ae9c87	openalex	work_by_doi	doi	10.1371/journal.pbio.3000341	1	1	publication_component:citation:publication:doi:10.1371/journal.pbio.3000341	conflict_all_exact_evidence	adjudicate_identifier_conflict
lookup:c9b5974aff676dcbf1de41a4710b50528fe6a0fb76d7d19b1e8e420f074af8e9	openalex	work_by_openalex_id	openalex	W4232035999	1	1	publication_component:database:publication:doi:10.7287/peerj.preprints.2741/supp-1	native_title_evidence	recover_title
lookup:c9c8d47582fcd65d3775cc4ccb122b76b17d801002e0c18a496587b99f82687c	openalex	work_by_pmid	pmid	25255320	2	2	publication_component:citation:publication:doi:10.1101/002428;publication_component:citation:publication:doi:10.1371/journal.pgen.1004622	conflict_all_exact_evidence	adjudicate_identifier_conflict
lookup:c9d4dd1f774503db0e20bafde2fd44f49d55cae4b47a0343843e840b297d0fac	openalex	work_by_openalex_id	openalex	W1575292542	1	1	publication_component:citation:publication:openalex:W1575292542	native_provider_identity	recover_title;resolve_provider_identity
lookup:c9d577cfa2581b94355ceca6108221271ff45da625339e49ec9a584059223f66	openalex	work_by_openalex_id	openalex	W4232856982	1	1	publication_component:database:publication:doi:10.7287/peerj.preprints.2058v1/supp-2	native_title_evidence	recover_title
lookup:c9e30f7efd85e47f80681f5dcbe98c5f40514a882c45ed3ac747d3d7b661b44c	openalex	work_by_openalex_id	openalex	W4231376833	1	1	publication_component:database:publication:doi:10.1086/509080	native_title_evidence	recover_title
lookup:ca4af3ce2c0a54b40a389e8d008a587e4198bf02222e29c6ae09a80561adf209	opencitations_meta	metadata_by_omid	omid	br/062201146174	1	1	publication_component:citation:publication:doi:10.1093/oxfordjournals.molbev.a040152	native_title_evidence	recover_title
lookup:ca5fe927a1dd3291f7285bc4deb25332247e00bc39d3b2b3e6cbf605bdd4ec41	openalex	work_by_openalex_id	openalex	W2103017472	1	1	publication_component:citation:publication:openalex:W2103017472	native_provider_identity	recover_title;resolve_provider_identity
lookup:ca708f7a80cbadb57b30bf1c17af193818773998490d80884c3b208a064ec9ec	openalex	work_by_openalex_id	openalex	W2527209860	1	1	publication_component:citation:publication:openalex:W2527209860	native_provider_identity	resolve_provider_identity
lookup:ca9d11e25fad3c0897637c2f34c3c257b2c9161ac8142410910a0939053d6c02	openalex	work_by_openalex_id	openalex	W4243290025	1	1	publication_component:database:publication:doi:10.7287/peerj.preprints.27329/supp-3	native_title_evidence	recover_title
lookup:cadd5966d5191fc55476aa5125d25f2bfae35d814c9e0a52be5be43945b64916	openalex	work_by_openalex_id	openalex	W2132560348	1	1	publication_component:citation:publication:openalex:W2132560348	native_provider_identity	recover_title;resolve_provider_identity
lookup:cadf17a54cae5e2fe17c539697ab004a3a5436bcfb1f0841d32e318a335b0595	openalex	work_by_openalex_id	openalex	W2117569909	1	1	publication_component:citation:publication:openalex:W2117569909	native_provider_identity	recover_title;resolve_provider_identity
lookup:cb0216615ea4e8e2c230dc21fe49fb6945167be1be396b1f38d521058427a45c	openalex	work_by_openalex_id	openalex	W4243700343	1	1	publication_component:database:publication:doi:10.7287/peerj.preprints.220/supp-1	native_title_evidence	recover_title
lookup:cb0ae37f219c360423a05273fbd29d599eee03c2956826735640c273fe6198e2	openalex	work_by_openalex_id	openalex	W4220834769	1	1	publication_component:database:publication:doi:10.1111/jse.v60.1	native_title_evidence	recover_title
lookup:cb1f4d56be2dbefc703345846ec97e725a3ab6a0ed6e5a669728d2f1c32e0fb6	openalex	work_by_openalex_id	openalex	W2566505556	1	1	publication_component:citation:publication:openalex:W2566505556	native_provider_identity	recover_title;resolve_provider_identity
lookup:cb375b361b940adff5785568cb3f2790c511975cebea8b91d7f77415350916f2	openalex	work_by_openalex_id	openalex	W4255508320	1	1	publication_component:database:publication:doi:10.7287/peerj.preprints.27406v1/supp-1	native_title_evidence	recover_title
lookup:cb85c2df5b37fc25df2b9936d1e785465865ae32669bbad58c766d7edb17acbb	openalex	work_by_openalex_id	openalex	W1525734744	1	1	publication_component:citation:publication:openalex:W1525734744	native_provider_identity	recover_title;resolve_provider_identity
lookup:cb86c0d466ce960c3a2e5f463e36bd4d9dbd05325d971cc97465d3147fb1b8fc	openalex	work_by_openalex_id	openalex	W3005235420	1	1	publication_component:citation:publication:openalex:W3005235420	native_provider_identity	recover_title;resolve_provider_identity
lookup:cb9ec99bd3831aad5dbb0aa168d676bc2e03f6f3320c7883f58761c8ef308203	opencitations_meta	metadata_by_omid	omid	br/0670430009	1	1	publication_component:citation:publication:doi:10.1080/10635150701613783	native_title_evidence	recover_title
lookup:cbd4a466ac1d3040abe4e5355d81a0e4b3dcab490601b537fa2595d04595c130	openalex	work_by_openalex_id	openalex	W2118484872	1	1	publication_component:database:publication:doi:10.1534/genetics.110.117275	conflict_all_exact_evidence	adjudicate_identifier_conflict
lookup:cbe69a400c835473fcb737920c2e0c215b41803094b6828e8e8b29dca51525b6	openalex	work_by_openalex_id	openalex	W2596444774	1	1	publication_component:citation:publication:openalex:W2596444774	native_provider_identity	resolve_provider_identity
lookup:cc7e996d06ac038fdb4ff006b8d84cfb819eb79d8519b56e7c4fb07239b73988	openalex	work_by_openalex_id	openalex	W4245033339	1	1	publication_component:database:publication:doi:10.7287/peerj.preprints.1482v1/supp-14	native_title_evidence	recover_title
lookup:cca986f8070e920e6b8f712712a0efb60632e02600a1ca7c628c48fa35544ed0	opencitations_meta	metadata_by_omid	omid	br/06403037801	1	1	publication_component:citation:publication:doi:10.1038/s41598-018-26824-4	native_title_evidence	recover_title
lookup:cce1cf6c6b5dfd62e5879b6dc99d42c52c52dbc4412aabe4e93c155f059db370	openalex	work_by_openalex_id	openalex	W3189492453	1	1	publication_component:citation:publication:openalex:W3189492453	native_provider_identity	recover_title;resolve_provider_identity
lookup:cd183653918b5ed2ab05e26c191bc1d109993f3a86d7b7272bfd9e7646e36503	openalex	work_by_openalex_id	openalex	W4246687105	1	1	publication_component:database:publication:doi:10.7287/peerj.preprints.26616/supp-2	native_title_evidence	recover_title
lookup:cd60ba98e325c0cc1fa447b95d553d815a1a5b9f6d0330f0e346f4b569f0d640	opencitations_meta	metadata_by_omid	omid	br/06601479342	1	1	publication_component:citation:publication:doi:10.1186/1471-2105-5-123	native_title_evidence	recover_title
lookup:cd8acf18f7bab8eb4568f83f2fc9bdd0674a9b47ef30eaf71c73c938acf30cc0	opencitations_meta	metadata_by_omid	omid	br/0680575321	1	1	publication_component:citation:publication:doi:10.1093/bioinformatics/btz305	native_title_evidence	recover_title
lookup:cdaebda052f6df44ee601eac8c8455ebc2ed2aff208182fde6e6dc72e76c36e9	openalex	work_by_openalex_id	openalex	W4253635457	1	1	publication_component:database:publication:doi:10.7287/peerj.preprints.27162/supp-14	native_title_evidence	recover_title
lookup:cdecfa7943085fe086dc2494a810845c48a460d1c6c49b3f3fb47e46324fd276	openalex	work_by_openalex_id	openalex	W1587821681	1	1	publication_component:database:publication:doi:10.1007/s00606-002-0208-y	native_title_evidence	recover_title
lookup:cdf2f2751ccc88624637182e83a4adc8dce4a59b44567000a831979c12b8cd1a	pubmed	record_by_pmid	pmid	31233486	2	2	publication_component:citation:publication:doi:10.1101/443945;publication_component:citation:publication:doi:10.1371/journal.pbio.3000341	conflict_all_exact_evidence	adjudicate_identifier_conflict
lookup:ce07bb5708163f6701af919971868df0ef5a18a15415f4237e0e37cd87013483	opencitations_meta	metadata_by_omid	omid	br/062603624683	1	1	publication_component:citation:publication:doi:10.4149/av_2012_03_257	native_title_evidence	recover_title
lookup:ce192f69fb3926d4944f701955c6ccbbd6d219f26b226d58c0bad8af09373592	opencitations_meta	metadata_by_omid	omid	br/061601528228	1	1	publication_component:citation:publication:doi:10.1371/journal.pone.0104400	native_title_evidence	recover_title
lookup:ce37576b83853a789c9a5465279b4c4fda8b6ce614c4cc854a135a36c21a7fcd	opencitations_meta	metadata_by_omid	omid	br/062301470837	1	1	publication_component:citation:publication:doi:10.1109/iccabs.2016.7802772	conflict_all_exact_evidence	adjudicate_identifier_conflict;recover_title
lookup:ce46ad11609d87ff25820f5e7f8a12c42ceae8011e54ec78d841bbed725931f5	opencitations_meta	metadata_by_omid	omid	br/06013819352	1	1	publication_component:citation:publication:doi:10.1093/gbe/evaf247	native_title_evidence	recover_title
lookup:ce7be2f323585ea7b55ce673fe38a76f71a041178a6304dfb0ef2de2764dee19	openalex	work_by_openalex_id	openalex	W2135648896	1	1	publication_component:citation:publication:openalex:W2135648896	native_provider_identity	recover_title;resolve_provider_identity
lookup:ce88fff350ac09c50aa30d24ecd86dd0dbd8911360342ef3eec4590035742625	openalex	work_by_openalex_id	openalex	W4232592181	1	1	publication_component:database:publication:doi:10.7287/peerj.preprints.2300v1/supp-5	native_title_evidence	recover_title
lookup:cf02d12cae1366ccf1ca82805e828e325e4d487dc2f35e3675211d1956ea7cc2	openalex	work_by_openalex_id	openalex	W4244992473	1	1	publication_component:database:publication:doi:10.7287/peerj.preprints.1283/supp-4	native_title_evidence	recover_title
lookup:cf05da50de5590fd239af2e7ca3ba51c723a2778f93612ebcd61c9f25f4ed950	openalex	work_by_openalex_id	openalex	W70188369	1	1	publication_component:citation:publication:openalex:W70188369	native_provider_identity	resolve_provider_identity
lookup:cf60bf657f9297d96dc32a9edeec5a05c642dca261555e9d26ed919453366601	openalex	work_by_doi	doi	10.1534/genetics.110.117275	1	1	publication_component:database:publication:doi:10.1534/genetics.110.117275	conflict_all_exact_evidence	adjudicate_identifier_conflict
lookup:cf618d4946336a86e8f800d3c323db2773e670d046c1342903ce13d4d2c17b6b	openalex	work_by_openalex_id	openalex	W2006227919	1	1	publication_component:citation:publication:openalex:W2006227919	native_provider_identity	recover_title;resolve_provider_identity
lookup:cf6867bc2471b828f79c3495879d2562ce10e379452d606d31a2956dab1bb764	opencitations_meta	metadata_by_omid	omid	br/062301470508	1	1	publication_component:citation:publication:doi:10.1186/s12859-018-2283-2	native_title_evidence	recover_title
lookup:cfbab7f61844231bddd7006448a40bae0e1634100eabe66571614a5c7246374f	openalex	work_by_openalex_id	openalex	W4253038992	1	1	publication_component:database:publication:doi:10.7287/peerj.preprints.27342v1/supp-3	native_title_evidence	recover_title
lookup:cfbc027e9887b495d11b028db4397b7273236bb6b9afe3d5868d8eb8a71ae8e7	openalex	work_by_openalex_id	openalex	W2132576704	1	1	publication_component:citation:publication:openalex:W2132576704	native_provider_identity	recover_title;resolve_provider_identity
lookup:cfbe1d42ec21f7ba14e3ceb7dacb50eb09349c87f591c3b93f415dbb4fd971c6	openalex	work_by_openalex_id	openalex	W4232880630	1	1	publication_component:database:publication:doi:10.7287/peerj.preprints.3488v1/supp-3	native_title_evidence	recover_title
lookup:d017febb19dbc4894f4f079e9a249304f215c1beadb16aa748bfaf0703891e1a	opencitations_meta	metadata_by_omid	omid	br/062204413539	1	1	publication_component:citation:publication:doi:10.3354/meps14701	native_title_evidence	recover_title
lookup:d0184ed1892e03bd4a3b15d3c6465eaa5f0542c8ed51abe0c7dd90021c6f8918	openalex	work_by_openalex_id	openalex	W4243701905	1	1	publication_component:database:publication:doi:10.7287/peerj.preprints.621v2/supp-2	native_title_evidence	recover_title
lookup:d032d43a0a18a1614d8e08d91b8e10eba4dc80f80cc6ce993c7336a14a8866ae	openalex	work_by_openalex_id	openalex	W4250683954	1	1	publication_component:database:publication:doi:10.7287/peerj.preprints.27162/supp-7	native_title_evidence	recover_title
lookup:d0934702f615574effb82258c404722128318d7be4a914a51a92727938ccba24	opencitations_meta	metadata_by_doi	doi	10.1101/014928	2	2	publication_component:citation:publication:doi:10.1101/014928;publication_component:database:publication:doi:10.1101/014928	conflict_all_exact_evidence	adjudicate_identifier_conflict
lookup:d0c84a72c22d4c4aa0775d6a361a0ef9896db377e24630f572ef9cf95c7156cc	pubmed	record_by_pmid	pmid	20553498	2	2	publication_component:database:publication:doi:10.1111/j.1742-464x.2010.07674.x;publication_component:database:publication:doi:10.1111/j.1742-4658.2010.07674.x	conflict_all_exact_evidence	adjudicate_identifier_conflict
lookup:d0d3bbbca3fd0fa38189998eafd55375d3be08d44b9277126d26139c688ccfb0	openalex	work_by_openalex_id	openalex	W2159368494	1	1	publication_component:citation:publication:openalex:W2159368494	native_provider_identity	recover_title;resolve_provider_identity
lookup:d0d6c5d3b2e661ed95eb5f4be7c45d8c51adac85ac070274993dbeb828d7b226	opencitations_meta	metadata_by_omid	omid	br/061401322092	1	1	publication_component:citation:publication:doi:10.1186/s13059-015-0726-x	native_title_evidence	recover_title
lookup:d0e59eb451c8d788b14132b8c660a2730256e8746b483d3fdb2967567aa6a33d	openalex	work_by_openalex_id	openalex	W199626442	1	1	publication_component:citation:publication:openalex:W199626442	native_provider_identity	resolve_provider_identity
lookup:d1256e15ffba5aedf07dfb9db696193ddcaca373a2afa06d9085acb505cfe4a8	opencitations_meta	metadata_by_omid	omid	br/06130621505	1	1	publication_component:citation:publication:doi:10.1111/j.1525-142x.2010.00406.x	native_title_evidence	recover_title
lookup:d131d1fca0b62d9a340d190f5b6bcfebfaf073c69b585981d1445dcf6612a8cb	openalex	work_by_openalex_id	openalex	W2160378127	1	1	publication_component:citation:publication:openalex:W2160378127	native_provider_identity	recover_title;resolve_provider_identity
lookup:d13a0e5678675c53682bb13b58938a49db5ff66dfceb7af4b3d2041e4091cde1	openalex	work_by_openalex_id	openalex	W1018644608	1	1	publication_component:citation:publication:openalex:W1018644608	native_provider_identity	resolve_provider_identity
lookup:d1493f5ea0b74bbee23a7d72cfe571e00157e362c58d456402217f6e70210c1b	openalex	work_by_openalex_id	openalex	W4234087292	1	1	publication_component:database:publication:doi:10.7287/peerj.preprints.1482/supp-14	native_title_evidence	recover_title
lookup:d1d9bc9e5ce85d2fcda5eda35a28c0bde6313cd30689104fa65ec9208f946791	opencitations_meta	metadata_by_omid	omid	br/061301788954	1	1	publication_component:citation:publication:doi:10.1371/journal.pcbi.1000214	native_title_evidence	recover_title
lookup:d208d181761f4ccc47a23ed5c2a23ce136745c066570b2307bdd2a20372428d8	opencitations_meta	metadata_by_omid	omid	br/061601530878	1	1	publication_component:citation:publication:doi:10.1371/journal.pone.0033579	native_title_evidence	recover_title
lookup:d219976cc251b2ed386459ad426ee9a9a7ef76c3c306a201e08e1fca905340a6	openalex	work_by_doi	doi	10.1111/j.1742-4658.2010.07674.x	1	1	publication_component:database:publication:doi:10.1111/j.1742-4658.2010.07674.x	conflict_all_exact_evidence	adjudicate_identifier_conflict
lookup:d2a15231d974a04c268508b2cc7f59dc21acd684736a8a3110d3231c2e6add6a	openalex	work_by_openalex_id	openalex	W2110538282	1	1	publication_component:citation:publication:openalex:W2110538282	native_provider_identity	recover_title;resolve_provider_identity
lookup:d2a2e9bda46c1ba5e85f4f308130f06a8a7082014932d92c8528564b9b0a96dc	openalex	work_by_openalex_id	openalex	W2170565120	1	1	publication_component:citation:publication:openalex:W2170565120	native_provider_identity	recover_title;resolve_provider_identity
lookup:d2bcbed1b14a283cd75276bc093c94b54330b4eda6c42da53f22900680c45f6f	openalex	work_by_openalex_id	openalex	W1529337270	1	1	publication_component:citation:publication:openalex:W1529337270	native_provider_identity	resolve_provider_identity
lookup:d2d80c20273947872f6d86982d3a1f4078633d9b6dd0b54878da530672f9fa4e	openalex	work_by_openalex_id	openalex	W85922227	1	1	publication_component:citation:publication:openalex:W85922227	native_provider_identity	resolve_provider_identity
lookup:d32229000e6c7db51843210877aed9c16ea957a3b2d65877bc98264afdc3a45a	openalex	work_by_openalex_id	openalex	W4210633230	1	1	publication_component:citation:publication:openalex:W4210633230	native_provider_identity	recover_title;resolve_provider_identity
lookup:d3346546b09f497cfc394595d9aebe84b525970adea5782eaad974a52e812e84	pubmed	record_by_pmid	pmid	34570933	1	1	publication_component:citation:publication:doi:10.1111/cla.12454	conflict_all_exact_evidence	adjudicate_identifier_conflict
lookup:d37379f99dcfa25d94fead81d72329b64577d4a3c532deec1ee89b353e573096	openalex	work_by_openalex_id	openalex	W2144722953	1	1	publication_component:citation:publication:openalex:W2144722953	native_provider_identity	resolve_provider_identity
lookup:d3ac8677a5abaf1569d0fa4031b2c8791b9e5dd949ea9ab27122d395096b0e0f	pubmed	record_by_pmid	pmid	34467412	1	1	publication_component:citation:publication:doi:10.1093/plcell/koab146	conflict_all_exact_evidence	adjudicate_identifier_conflict
lookup:d3bd7c0fb41320b5d314309570451e0ac08db5f7f8e50fb5dbc5dc4b2dfb3dde	openalex	work_by_doi	doi	10.1099/mgen.0.000693	1	1	publication_component:citation:publication:doi:10.1099/mgen.0.000693	conflict_all_exact_evidence	adjudicate_identifier_conflict
lookup:d3d6f1e4177b420f841c0042db117337ff2f1ccfcd151edc6ac7f4b12f9441fc	openalex	work_by_openalex_id	openalex	W2154331465	1	1	publication_component:citation:publication:openalex:W2154331465	native_provider_identity	recover_title;resolve_provider_identity
lookup:d406f7918d5ea8fa43f8c578d2b1e14a345fc1df883d948b556626e49aa87cf0	opencitations_meta	metadata_by_omid	omid	br/06603907227	1	1	publication_component:citation:publication:doi:10.1128/jvi.74.22.10498-10507.2000	native_title_evidence	recover_title
lookup:d4123caf4ad5101edd23bf4a9378e47dafb7eb8ee82c8ea6ca74f5139d3497b9	openalex	work_by_pmid	pmid	29888138	2	2	publication_component:citation:publication:doi:10.7287/peerj.preprints.26577v1;publication_component:citation:publication:doi:10.7717/peerj.4953	conflict_all_exact_evidence	adjudicate_identifier_conflict;recover_title
lookup:d4278864d02234d838a384653204eb47bba448ac5b9837254ac57f853a8f2134	openalex	work_by_openalex_id	openalex	W4242971786	1	1	publication_component:database:publication:doi:10.7287/peerj.preprints.27162v1/supp-17	native_title_evidence	recover_title
lookup:d42e033c737608b49af4b9e659a10fa623cc977b130ae836bd66f38e80d8380e	openalex	work_by_openalex_id	openalex	W6537587	1	1	publication_component:citation:publication:openalex:W6537587	native_provider_identity	resolve_provider_identity
lookup:d466b85632161a14b0298f0abdb5e29bb6a077e9c6a5de2c9aaf40d286398d2a	opencitations_meta	metadata_by_omid	omid	br/06013949918	1	1	publication_component:citation:publication:doi:10.1101/2025.11.26.686905	native_title_evidence	recover_title
lookup:d4b2accf18d20dd14a91026ea7bd7ee5ad62d6aa0651f91fe64e20c64e2f3e89	openalex	work_by_openalex_id	openalex	W1997497517	1	1	publication_component:citation:publication:openalex:W1997497517	native_provider_identity	recover_title;resolve_provider_identity
lookup:d4b5a9becec613fb6481ac4f87917e92ab9f3214c44ad972e3861cc6166ff203	openalex	work_by_openalex_id	openalex	W4235407813	1	1	publication_component:database:publication:doi:10.7287/peerj.preprints.621/supp-2	native_title_evidence	recover_title
lookup:d4cf2ecdcb0b3a5c7d225ff253e626b29d7907564031e15d4efb39261129dcf3	openalex	work_by_openalex_id	openalex	W4242644766	1	1	publication_component:database:publication:doi:10.7287/peerj.preprints.1615/supp-3	native_title_evidence	recover_title
lookup:d4cff539be1635392c5ecd3e935332f007b6bfbcbc1d9b6eaa04ed23ae6ff0a2	openalex	work_by_openalex_id	openalex	W2127788872	1	1	publication_component:citation:publication:openalex:W2127788872	native_provider_identity	resolve_provider_identity
lookup:d51bf911fb239d9b2a6ec1929ce1cbb8286820b5ca6c924e269fa088be769d0e	opencitations_meta	metadata_by_doi	doi	10.12688/f1000research.76068.5	1	1	publication_component:database:publication:doi:10.12688/f1000research.76068.5	conflict_all_exact_evidence	adjudicate_identifier_conflict
lookup:d550afd771b2cf826617840ed600d5ea8589f13530953d6ed12766cc49af08d2	openalex	work_by_openalex_id	openalex	W2155167571	1	1	publication_component:citation:publication:openalex:W2155167571	native_provider_identity	resolve_provider_identity
lookup:d55fe5f011992486ec35642b30e5aa8c38d97d79b472cd53d15949f0681dbb53	openalex	work_by_openalex_id	openalex	W4240602901	1	1	publication_component:database:publication:doi:10.7287/peerj.preprints.2741/supp-5	native_title_evidence	recover_title
lookup:d5ab99eed1efc719d32c76a4d5357638bd0d96dc0af8404095823d1965084cd0	opencitations_meta	metadata_by_doi	doi	10.1534/genetics.110.117275	1	1	publication_component:database:publication:doi:10.1534/genetics.110.117275	conflict_all_exact_evidence	adjudicate_identifier_conflict
lookup:d5b579e82af3926c72dc39a65e710607f277191e1b30bb3dfa28779e6a716c3a	openalex	work_by_openalex_id	openalex	W2277953252	1	1	publication_component:citation:publication:openalex:W2277953252	native_provider_identity	recover_title;resolve_provider_identity
lookup:d5dea6c7c1f2d0488b71c15b492b4333c1367a01eeac0177cd7d1cdf4166b739	openalex	work_by_openalex_id	openalex	W2230520750	1	1	publication_component:citation:publication:openalex:W2230520750	native_provider_identity	resolve_provider_identity
lookup:d5ebb28cbc4f4a9ce8af3c7e8fe9dec964209fa5e8c3b7f7bebe45956ded3c50	openalex	work_by_openalex_id	openalex	W1984195830	1	1	publication_component:citation:publication:openalex:W1984195830	native_provider_identity	recover_title;resolve_provider_identity
lookup:d5ee888adf0a24d0b8e1ca759c625d3ce7f0f9e8cf13fd68d52923953b638c43	opencitations_meta	metadata_by_omid	omid	br/062301148244	1	1	publication_component:citation:publication:doi:10.1093/molbev/mst010	native_title_evidence	recover_title
lookup:d62542253ac69d7866a3ca83c601baad6b5f69cd674e8f10c3575f31656ec536	opencitations_meta	metadata_by_omid	omid	br/06013258321	1	1	publication_component:citation:publication:doi:10.1002/bab.70133	native_title_evidence	recover_title
lookup:d650121b9505b9d13af81e348f133c7b6b44947ddf772487b79ea9655468f939	openalex	work_by_openalex_id	openalex	W2007172672	1	1	publication_component:citation:publication:openalex:W2007172672	native_provider_identity	recover_title;resolve_provider_identity
lookup:d66a8fd26093ecd16cceb6615048795c6f1ebf6fde2974f75c00936a1f3a330f	opencitations_meta	metadata_by_doi	doi	10.1101/264226	1	1	publication_component:citation:publication:doi:10.1101/264226	conflict_all_exact_evidence	adjudicate_identifier_conflict
lookup:d6ed6d5d9758e073ab7f6a17adcd00943d6556dd6763264bb0e48a8c0534e4a7	opencitations_meta	metadata_by_omid	omid	br/06401875050	1	1	publication_component:citation:publication:doi:10.1101/2022.03.29.22273028	native_title_evidence	recover_title
lookup:d749c134d2d297979e917a5a2ba9a8ca1a5f9ecace988f5e6e50502d7b2d0ce1	openalex	work_by_openalex_id	openalex	W4416182559	1	1	publication_component:database:publication:doi:10.1055/s-015-62546	native_title_evidence	recover_title
lookup:d7559082a66be7ac8821158b00b7231569ec1cbabc52ed31caa2395a935cf86e	opencitations_meta	metadata_by_omid	omid	br/06260366093	1	1	publication_component:citation:publication:doi:10.1038/nature19790	native_title_evidence	recover_title
lookup:d7bc21c431d71a393f093db0735fa6dd6c23909071b46fdb7578992ac2912e5e	opencitations_meta	metadata_by_omid	omid	br/062401126611	1	1	publication_component:citation:publication:doi:10.1093/oxfordjournals.molbev.a025892	native_title_evidence	recover_title
lookup:d7eee0a834938d67c9f5d09afd6e15841460c3c06c4525be9c8040f628c21880	opencitations_meta	metadata_by_omid	omid	br/06026757825	1	1	publication_component:citation:publication:doi:10.5194/egusphere-egu22-1632	native_title_evidence	recover_title
lookup:d84b40aef9f5564c2e86bc91c150b7dd506185697194740383bf2e5e374d8b13	openalex	work_by_openalex_id	openalex	W2182444863	1	1	publication_component:citation:publication:openalex:W2182444863	native_provider_identity	resolve_provider_identity
lookup:d857ae156c6c399055efac3fbdd42c00c419c51425d75de8f86b215f560e530b	openalex	work_by_openalex_id	openalex	W1553072330	1	1	publication_component:database:publication:doi:10.1071/mr02017	native_title_evidence	recover_title
lookup:d85e032536d02c1b93252796ad160e20322015b5551387aafb2caf66948a0d80	opencitations_meta	metadata_by_doi	doi	10.3929/ethz-b-000098273	1	1	publication_component:citation:publication:doi:10.3929/ethz-b-000098273	conflict_all_exact_evidence	adjudicate_identifier_conflict;recover_title
lookup:d867ab299ec33422e77a4afcf0f5220ff55a3f7b59a4044935a94a88b395a06b	openalex	work_by_openalex_id	openalex	W4250025071	1	1	publication_component:database:publication:doi:10.7287/peerj.preprints.1482/supp-6	native_title_evidence	recover_title
lookup:d8adc51b3cb5a2a5d21b48b08a9b1454ee79e777ff70e526c0bc62b7b7c4965c	openalex	work_by_openalex_id	openalex	W4226091470	1	1	publication_component:citation:publication:doi:10.1099/mgen.0.000693	conflict_all_exact_evidence	adjudicate_identifier_conflict
lookup:d8b77a6db491af58e546b6fb37fec15ca13a4cbad1a4ace7ced7a38215f4dff2	openalex	work_by_openalex_id	openalex	W1966957912	1	1	publication_component:citation:publication:openalex:W1966957912	native_provider_identity	recover_title;resolve_provider_identity
lookup:d8dd6f7729886315d15c0157dd7c3ec8fcb4de042aace577c178edb56ed25b89	pubmed	record_by_pmid	pmid	29372116	2	2	publication_component:citation:publication:doi:10.1101/146951;publication_component:citation:publication:doi:10.7717/peerj.4234	conflict_all_exact_evidence	adjudicate_identifier_conflict
lookup:d90fa523550588529f016863324ad05d9f82984ae0abd237b8ae1bc362778e5b	opencitations_meta	metadata_by_omid	omid	br/06901361950	1	1	publication_component:citation:publication:doi:10.1093/nar/gkw290	native_title_evidence	recover_title
lookup:d954a4618d6988ebf04eb6536daae2ec1bfff3c4bd16a57bd4a016e8bbf1c626	openalex	work_by_openalex_id	openalex	W1972145956	1	1	publication_component:citation:publication:openalex:W1972145956	native_provider_identity	recover_title;resolve_provider_identity
lookup:d959b6cd1b1ac7609d86b6e194e5e39fe9ef3fd8828bf2f5f7d287942a611b82	openalex	work_by_openalex_id	openalex	W4241517805	1	1	publication_component:database:publication:doi:10.7287/peerj.preprints.3488/supp-8	native_title_evidence	recover_title
lookup:d96eb662f8fc20e0d0550323006d580183d8d90f2f189538ba34fea7bc2afce9	openalex	work_by_openalex_id	openalex	W2051296828	1	1	publication_component:citation:publication:openalex:W2051296828	native_provider_identity	recover_title;resolve_provider_identity
lookup:d9831cd2da30607f2be0f1046e0ede992e5f6c911fae16d1ccecc9ecb8209d38	opencitations_meta	metadata_by_doi	doi	10.34944/dspace/7022	1	1	publication_component:database:publication:doi:10.34944/dspace/7022	conflict_all_exact_evidence	adjudicate_identifier_conflict
lookup:d9a4e75e6ff2ef068d751a17c58cd4ae5d07e60f28d210fbf54a82164df069fb	openalex	work_by_doi	doi	10.1109/iccabs.2016.7802772	1	1	publication_component:citation:publication:doi:10.1109/iccabs.2016.7802772	conflict_all_exact_evidence	adjudicate_identifier_conflict;recover_title
lookup:d9a5d8ab09c26791a324fd1f918a494e023bd730b7a3aa5e8b7eebfdabd00909	opencitations_meta	metadata_by_omid	omid	br/062101143564	1	1	publication_component:database:publication:doi:10.1093/molbev/msab028	conflict_all_exact_evidence	adjudicate_identifier_conflict
lookup:d9eaf232f615ef39132a4d5bf4fa19a95c243806bb148d57c70518d563551267	openalex	work_by_openalex_id	openalex	W2913512063	1	1	publication_component:citation:publication:openalex:W2913512063	native_provider_identity	recover_title;resolve_provider_identity
lookup:da05675e1ff0845e122321546385fb2ff6f17f69b5266d3fe402c733b9737392	openalex	work_by_openalex_id	openalex	W4234878181	1	1	publication_component:database:publication:doi:10.7287/peerj.preprints.1482/supp-11	native_title_evidence	recover_title
lookup:da1c424c40328e369a9f5bdd81f15ef053e2797177b8e8528856a071e26d091f	openalex	work_by_openalex_id	openalex	W2121190890	1	1	publication_component:citation:publication:openalex:W2121190890	native_provider_identity	recover_title;resolve_provider_identity
lookup:da4242424b2a9b714a61cd99fcaae2398e39f368c7e300ea015f9fca780bbc9e	openalex	work_by_doi	doi	10.1073/pnas.98.4.1883	1	1	publication_component:database:publication:doi:10.1073/pnas.98.4.1883	conflict_all_exact_evidence	adjudicate_identifier_conflict
lookup:da72bd6ca7ab7a22859db462cd6bc9ba2bce723eab9a6696562c085d7caa600e	openalex	work_by_openalex_id	openalex	W585037855	1	1	publication_component:citation:publication:openalex:W585037855	native_provider_identity	recover_title;resolve_provider_identity
lookup:da778463856d62561df3d022f25e7c6386117569dbd6093eb29b21f75085ec92	openalex	work_by_openalex_id	openalex	W4232071074	1	1	publication_component:database:publication:doi:10.7287/peerj.preprints.27162v1/supp-10	native_title_evidence	recover_title
lookup:dacc20736b334ae72797e1780d9b02d0988a467162fc38f188fb18c419c2db22	openalex	work_by_openalex_id	openalex	W2160364329	1	1	publication_component:citation:publication:openalex:W2160364329	native_provider_identity	recover_title;resolve_provider_identity
lookup:db26442dc5283915fdc0afbc61fe224bf0cea5a26beeb090aab27884f3ff57b7	openalex	work_by_openalex_id	openalex	W4244856697	1	1	publication_component:database:publication:doi:10.7287/peerj.preprints.1283/supp-5	native_title_evidence	recover_title
lookup:db37d078ab3ffc2a70199b0a736a849a4efe2c8e6fde43aae35008da50521911	openalex	work_by_openalex_id	openalex	W2059201551	1	1	publication_component:citation:publication:doi:10.1371/journal.pgen.1004434	conflict_all_exact_evidence	adjudicate_identifier_conflict
lookup:db60f34f3f8bbef25bd014b6815deee15671451fb954b6c60af14cac2bbce6fb	openalex	work_by_openalex_id	openalex	W2741601129	1	1	publication_component:citation:publication:openalex:W2741601129	native_provider_identity	resolve_provider_identity
lookup:db62b7c7be71c8cbb0d4adfd65aeba3a4e0056668ded2344e916b55440f3a84a	opencitations_meta	metadata_by_omid	omid	br/06604243505	1	1	publication_component:citation:publication:doi:10.12688/wellcomeopenres.14265.1	native_title_evidence	recover_title
lookup:db7118016d82e8f61d7c40ab9f4abe009ab114f446834c5e96da3f14707bf629	pubmed	record_by_pmid	pmid	40799530	2	2	publication_component:database:publication:doi:10.1016/j.xgen.2026.101327;publication_component:database:publication:doi:10.1101/2025.08.04.668502	conflict_all_exact_evidence	adjudicate_identifier_conflict
lookup:db728bb1fda42103dd96c6f195584ae58c067c031cd79bfb6e3d5305b2657f41	pubmed	record_by_pmid	pmid	32665274	2	2	publication_component:citation:publication:doi:10.1101/2020.05.06.081315;publication_component:citation:publication:doi:10.1128/mbio.01206-20	conflict_all_exact_evidence	adjudicate_identifier_conflict
lookup:dba4cbdf6d0b2984862e04e1eb546490ea8358ac347079c43c2c4eaa86244382	openalex	work_by_openalex_id	openalex	W2029353325	1	1	publication_component:citation:publication:openalex:W2029353325	native_provider_identity	recover_title;resolve_provider_identity
lookup:dbb10e5b2da0e4260cb1ce455502f9e0a349b748e6ed31c006e90de9542cb6af	openalex	work_by_openalex_id	openalex	W2025720061	1	1	publication_component:citation:publication:openalex:W2025720061	native_provider_identity	recover_title;resolve_provider_identity
lookup:dbb159b9304982ac17c1e42b76c6487e41db6600d14db003cd1fbcd688b0e24f	openalex	work_by_openalex_id	openalex	W4241551701	1	1	publication_component:database:publication:doi:10.7287/peerj.preprints.2434/supp-3	native_title_evidence	recover_title
lookup:dbcbff07a58509e18c8715e7210ab39b2b7d0dbf6c2f8825082313898fdcc084	openalex	work_by_openalex_id	openalex	W2053214735	1	1	publication_component:citation:publication:openalex:W2053214735	native_provider_identity	recover_title;resolve_provider_identity
lookup:dc46b7ed332f1cebc076ff1f5a73eeba8f005c8a87c43d9d657763c464f091a7	openalex	work_by_openalex_id	openalex	W4254319709	1	1	publication_component:database:publication:doi:10.7287/peerj.preprints.3488v1/supp-2	native_title_evidence	recover_title
lookup:dc46f2624c881e195ba7b125a68dea04bdd7e649e2082c91d77ed34bb491bfb1	openalex	work_by_openalex_id	openalex	W2169981472	1	1	publication_component:citation:publication:openalex:W2169981472	native_provider_identity	recover_title;resolve_provider_identity
lookup:dc4d6ec25de8ee709a33f928460a8783012846b792db3c3734825c2bae00d92e	pubmed	record_by_pmid	pmid	33109761	2	2	publication_component:database:publication:doi:10.1101/2020.02.03.931667;publication_component:database:publication:doi:10.1128/mbio.02359-20	conflict_all_exact_evidence	adjudicate_identifier_conflict
lookup:dc6bcba1a45948a19a819c7962590d951aa7c0d4c8d60f74f853cf162db71603	opencitations_meta	metadata_by_omid	omid	br/06015293882	1	1	publication_component:citation:publication:doi:10.1101/2025.11.25.690603	native_title_evidence	recover_title
lookup:dc812509cbc09d5320a61d7878c400bf5cf4592e65752aae95906691f409f631	opencitations_meta	metadata_by_omid	omid	br/06503019832	1	1	publication_component:citation:publication:doi:10.1038/s41588-017-0029-0	native_title_evidence	recover_title
lookup:dc86d7d4fdf25409d89600bf5bc451ac64af4c6ee9a5bf9dca3783c566bbf9b0	opencitations_meta	metadata_by_omid	omid	br/06026302722	1	1	publication_component:citation:publication:doi:10.3389/978-2-8325-4290-3	native_title_evidence	recover_title
lookup:dcab138e1ff9c30f14abe18114fa93360d19fe91b4a37ca7d600cd761233b98a	opencitations_meta	metadata_by_omid	omid	br/06013675859	1	1	publication_component:citation:publication:doi:10.3390/biom15121648	native_title_evidence	recover_title
lookup:dcd952a113fa4d9f2c025bf96ef1f6cbb4921d890b5c877c378a6cc4bf30b231	openalex	work_by_openalex_id	openalex	W4244230717	1	1	publication_component:database:publication:doi:10.7287/peerj.preprints.2741/supp-6	native_title_evidence	recover_title
lookup:dcdb1f9831e080939f57fce64440015d7178784d795ff308c98ba9abdff1457b	pubmed	record_by_pmid	pmid	11246451	2	2	publication_component:database:publication:doi:10.1017/s0003480099007794;publication_component:database:publication:doi:10.1046/j.1469-1809.1999.6360489.x	conflict_all_exact_evidence	adjudicate_identifier_conflict
lookup:dd3cef81e6352dbc8c77795c24b397507b2080b7712176c4ebef78cd22e69dbc	openalex	work_by_openalex_id	openalex	W2951211878	1	1	publication_component:citation:publication:openalex:W2951211878	native_provider_identity	recover_title;resolve_provider_identity
lookup:dd3db2cab974c73fb3fb5669b01e982826004b962ad36ec36751c8d1930a48db	opencitations_meta	metadata_by_omid	omid	br/06203034009	1	1	publication_component:citation:publication:doi:10.1038/s41598-018-28948-z	native_title_evidence	recover_title
lookup:dd6d437cbb6c3ce4cb34d5755e9756b3fcd9b339cd7ea01a2ea5cc3597dec888	openalex	work_by_pmid	pmid	29244015	2	2	publication_component:citation:publication:doi:10.1109/iccabs.2016.7802772;publication_component:citation:publication:doi:10.1186/s12859-017-1916-1	conflict_all_exact_evidence	adjudicate_identifier_conflict;recover_title
lookup:dd8e6d10d80fc6fc03f20ade2f896548eb8f3b31a0c98f0ea7a0dde2deb3586d	openalex	work_by_openalex_id	openalex	W1518345368	1	1	publication_component:citation:publication:openalex:W1518345368	native_provider_identity	resolve_provider_identity
lookup:ddae02f05aafca5848d4c7b78ffc13119f87cf4429c0a645297968aa713042b1	opencitations_meta	metadata_by_omid	omid	br/06104235191	1	1	publication_component:citation:publication:pmid:34150017	native_title_evidence	recover_title
lookup:dde305307161aa6ff431af84b966943421926f300603c9365c8b705d6d5f710a	opencitations_meta	metadata_by_omid	omid	br/06029567366	1	1	publication_component:citation:publication:pmid:40407132	native_title_evidence	recover_title
lookup:de331ca78bdab69204f938026f908a4e77653ea9d1c856aa7ecd6b535f146bbf	openalex	work_by_openalex_id	openalex	W4236741021	1	1	publication_component:database:publication:doi:10.7287/peerj.preprints.3488/supp-5	native_title_evidence	recover_title
lookup:de9897f5ab3844af53428cc2855e408bf0abe0c6605e22bd64f97e93dbcd97e1	openalex	work_by_openalex_id	openalex	W2037667459	1	1	publication_component:citation:publication:openalex:W2037667459	native_provider_identity	recover_title;resolve_provider_identity
lookup:deb6a7dcce0e5b9c222cb6c18c4ef68b83e2a50dfb283439c1094e5c438fdf56	openalex	work_by_openalex_id	openalex	W3196821031	1	1	publication_component:citation:publication:openalex:W3196821031	native_provider_identity	resolve_provider_identity
lookup:ded00adb9afeecf0cbd7f57fbdefa7041836e27a4a355fd8c2295881aff3b149	openalex	work_by_openalex_id	openalex	W4231039446	1	1	publication_component:database:publication:doi:10.7287/peerj.preprints.1482/supp-13	native_title_evidence	recover_title
lookup:def16133074b5b8563cef0426d65234bf6d697f95ef23ede0dd94f353bb9c656	openalex	work_by_openalex_id	openalex	W4231981051	1	1	publication_component:database:publication:doi:10.7287/peerj.preprints.2757/supp-1	native_title_evidence	recover_title
lookup:def52d1295d3dbf7d5404b6f7dad7c74e9f5b53f6f1af1ff566e07a337aa5bd9	opencitations_meta	metadata_by_omid	omid	br/06010848331	1	1	publication_component:citation:publication:doi:10.1101/2025.07.31.667835	native_title_evidence	recover_title
lookup:def888187b158ce9489b6c576ba969c1c127565800325415c2116d66b4a9a5c3	openalex	work_by_openalex_id	openalex	W4246533758	1	1	publication_component:database:publication:doi:10.7287/peerj.preprints.373v1/supp-4	native_title_evidence	recover_title
lookup:defc7a5cfd1014961ecee617247c9a6dfb0b1d6f057f069177c5586ca91e56d4	openalex	work_by_openalex_id	openalex	W2922528198	1	1	publication_component:citation:publication:openalex:W2922528198	native_provider_identity	resolve_provider_identity
lookup:df80a4c9a66f9f9d4ea05e6abe0d80369ff06e3b8ad6c833facf5fa9525bfa3f	openalex	work_by_doi	doi	10.1046/j.1469-1809.1999.6360489.x	1	1	publication_component:database:publication:doi:10.1046/j.1469-1809.1999.6360489.x	conflict_all_exact_evidence	adjudicate_identifier_conflict
lookup:df868e73e939380506f5ea8352ba487db4f7ca1442df01d369ee8917610fe116	openalex	work_by_openalex_id	openalex	W2949203875	1	1	publication_component:citation:publication:doi:10.1186/s12864-017-3932-y	conflict_all_exact_evidence	adjudicate_identifier_conflict
lookup:dfb91d8d001726110a63be89e29e0c1de67d031efe785b1f1003e7a4d5c00387	openalex	work_by_openalex_id	openalex	W2967728201	1	1	publication_component:citation:publication:doi:10.1101/739037	conflict_all_exact_evidence	adjudicate_identifier_conflict
lookup:dfc6a17d4838decd9de340e0194a5458223ac3e9a9c34f0006d8e420f69f56fe	openalex	work_by_openalex_id	openalex	W3045878198	1	1	publication_component:citation:publication:openalex:W3045878198	native_provider_identity	resolve_provider_identity
lookup:dfebfa78cdde73074dbcaac4dcd2fefd1b9f8d383e6e327dac937824cdf47b4e	opencitations_meta	metadata_by_omid	omid	br/061801798909	1	1	publication_component:citation:publication:doi:10.1016/j.meegid.2014.12.002	native_title_evidence	recover_title
lookup:dffd93f8247adf98b7763ffe2fa4520d09f38953973a3129dd1c083901033a5e	openalex	work_by_doi	doi	10.1101/005017	1	1	publication_component:citation:publication:doi:10.1101/005017	conflict_all_exact_evidence	adjudicate_identifier_conflict
lookup:e047c093599fd56f28bd5587c02d97390defab6453c0a26cd81e4daadb912971	opencitations_meta	metadata_by_doi	doi	10.15252/msb.20198871	1	1	publication_component:citation:publication:doi:10.15252/msb.20198871	conflict_all_exact_evidence	adjudicate_identifier_conflict
lookup:e048bc496a8a5221c0f1ab93607295915b10b4ec79cb0c6ee09109f144c18666	opencitations_meta	metadata_by_omid	omid	br/0606256397	1	1	publication_component:database:publication:doi:10.1101/2025.02.25.640207	conflict_all_exact_evidence	adjudicate_identifier_conflict
lookup:e04914e33b24e42ce7e2c1e5ed9ce96fe36a1915d9365a78c337d3e1046a6132	openalex	work_by_doi	doi	10.1101/598821	1	1	publication_component:citation:publication:doi:10.1101/598821	conflict_all_exact_evidence	adjudicate_identifier_conflict
lookup:e060f2e550a20439fb78e02acefc8dc09f4e8f768b252946361500a1cc895006	openalex	work_by_openalex_id	openalex	W2795395985	1	1	publication_component:citation:publication:doi:10.1111/nph.15180	conflict_all_exact_evidence	adjudicate_identifier_conflict
lookup:e078fe7665339dddb72316bb6a538c99c719bd09cb62fb9d8fd9a527f9412899	openalex	work_by_openalex_id	openalex	W4235248837	1	1	publication_component:database:publication:doi:10.7287/peerj.preprints.2663/supp-1	native_title_evidence	recover_title
lookup:e094344b0856346822de842331c5baf95b43ef8a1d65ddb9ab7ba4554f302e1c	openalex	work_by_openalex_id	openalex	W4253516454	1	1	publication_component:database:publication:doi:10.7287/peerj.preprints.1482/supp-2	native_title_evidence	recover_title
lookup:e0f4c97993153c58ab89df904a04e99b080c9e06652c5df51aff28eeac1e02eb	openalex	work_by_openalex_id	openalex	W4234762576	1	1	publication_component:database:publication:doi:10.7287/peerj.preprints.482v1/supp-1	native_title_evidence	recover_title
lookup:e0feec9114a573609253f49176ee6542d9f488834608e78976fbe390e5e9f7b2	openalex	work_by_openalex_id	openalex	W4249963138	1	1	publication_component:database:publication:doi:10.7287/peerj.preprints.2058/supp-1	native_title_evidence	recover_title
lookup:e1055e3b00e2addb0dd4022818f4590841e9dbc0ec16df3cc25399ffbb5eaba3	openalex	work_by_openalex_id	openalex	W2186288371	1	1	publication_component:citation:publication:openalex:W2186288371	native_provider_identity	resolve_provider_identity
lookup:e1440c8155f9584388a8c2d7f0b1f2895c8233402120d83f892836872cba5c42	openalex	work_by_doi	doi	10.1101/014928	2	2	publication_component:citation:publication:doi:10.1101/014928;publication_component:database:publication:doi:10.1101/014928	conflict_all_exact_evidence	adjudicate_identifier_conflict
lookup:e153154772c52c4c494b6bdb3d20bfd29b202cf844e9c4c0ee7d9a8427ec90f2	openalex	work_by_openalex_id	openalex	W249038901	1	1	publication_component:citation:publication:openalex:W249038901	native_provider_identity	resolve_provider_identity
lookup:e15576124ff1421599d8f9494d4dc89b651aa2c037b48f6b9aa2e16f00c3be68	opencitations_meta	metadata_by_omid	omid	br/06501815158	1	1	publication_component:citation:publication:doi:10.1371/journal.pgen.1002868	native_title_evidence	recover_title
lookup:e1b7f94792bd8180504f428711e26c9d19e2c7def49af2bef04ed8681388e664	openalex	work_by_doi	doi	10.1186/s12864-017-3932-y	1	1	publication_component:citation:publication:doi:10.1186/s12864-017-3932-y	conflict_all_exact_evidence	adjudicate_identifier_conflict
lookup:e220366acd84982ec1e74b44a19c7d939308cbf1dd1906c4493582caaaec0983	opencitations_meta	metadata_by_omid	omid	br/062103366883	1	1	publication_component:citation:publication:doi:10.1101/2020.12.09.417808	native_title_evidence	recover_title
lookup:e2353d371bdcee0de0c87c0b0c4a19433594741ee5509576edecd06308905b5b	openalex	work_by_openalex_id	openalex	W2017519756	1	1	publication_component:citation:publication:openalex:W2017519756	native_provider_identity	recover_title;resolve_provider_identity
lookup:e261436b2630ac7f6f96816484bf7ae5d1d0a14293a7203303959afdd85dd950	openalex	work_by_openalex_id	openalex	W2930841567	1	1	publication_component:citation:publication:openalex:W2930841567	native_provider_identity	recover_title;resolve_provider_identity
lookup:e2bc464b52941f49406a8e26a925091cee49a60db818babc0622281f59e33637	opencitations_meta	metadata_by_omid	omid	br/061701526954	1	1	publication_component:citation:publication:doi:10.1371/journal.pone.0033893	native_title_evidence	recover_title
lookup:e2c3bff36402aac9d881fcf9bdd69d510784514cc50379c48f59ef774e15c0e8	opencitations_meta	metadata_by_omid	omid	br/06303478876	1	1	publication_component:citation:publication:doi:10.1073/pnas.0700435104	native_title_evidence	recover_title
lookup:e2e5c5b0ef177467087b3bf1b6fb84449aaf67e4c3bcf7f91b7682c3f4877a1f	openalex	work_by_openalex_id	openalex	W2288381564	1	1	publication_component:citation:publication:openalex:W2288381564	native_provider_identity	recover_title;resolve_provider_identity
lookup:e2ea35d83b3fa769e20dd563b01c6100f35c337143135b88d2b6c142cb8c59c5	opencitations_meta	metadata_by_omid	omid	br/06602529915	1	1	publication_component:citation:publication:doi:10.1128/msystems.00252-18	native_title_evidence	recover_title
lookup:e307a5d2b3fe01c8666875fd225758c005d4fa21595c26a2045763a754c7eee4	opencitations_meta	metadata_by_omid	omid	br/061801790520	1	1	publication_component:citation:publication:doi:10.1101/024190	conflict_all_exact_evidence	adjudicate_identifier_conflict
lookup:e309276ee387dd31bab894a5f165ce2141d426cc0fc143dddf58c73e7bb826c8	openalex	work_by_openalex_id	openalex	W4246259501	1	1	publication_component:database:publication:doi:10.7287/peerj.preprints.1482v1/supp-8	native_title_evidence	recover_title
lookup:e381f739f67d2240dbf7203e3468a9b3d2b638dd7ccbbd14dd6267c13e46d9b7	openalex	work_by_openalex_id	openalex	W2295151350	1	1	publication_component:citation:publication:openalex:W2295151350	native_provider_identity	resolve_provider_identity
lookup:e3c53cc6fa8dcdb17812fc6ec6fb7f0c97657e133f7231efb3beac1f703e22fe	opencitations_meta	metadata_by_doi	doi	10.1016/j.bpj.2019.11.3379	1	1	publication_component:citation:publication:doi:10.1016/j.bpj.2019.11.3379	conflict_all_exact_evidence	adjudicate_identifier_conflict;recover_title
lookup:e3d3c0c3835c2ae10ac5aa5c00fa80f43a5f1af7328689624de0cad8b6c065f7	pubmed	record_by_pmid	pmid	25594904	2	2	publication_component:citation:publication:doi:10.3929/ethz-b-000098273;publication_component:citation:publication:doi:10.7554/elife.05055	conflict_all_exact_evidence	adjudicate_identifier_conflict;recover_title
lookup:e3dd9cbe8d84fa2d5997e420f966ba79bcd51ef88021d2bb2bb365f6377e40a9	openalex	work_by_openalex_id	openalex	W2061140759	1	1	publication_component:citation:publication:openalex:W2061140759	native_provider_identity	recover_title;resolve_provider_identity
lookup:e3e82d3e5ccf2986c41f486fd794c3d581f2357bc7890a45a9c74f9f273ca511	openalex	work_by_openalex_id	openalex	W4251787342	1	1	publication_component:database:publication:doi:10.7287/peerj.preprints.377/supp-1	native_title_evidence	recover_title
lookup:e405e528f7decad2a52d1936a653a55ebd9d2939967eab7ed4fb4ece54f42f4c	openalex	work_by_openalex_id	openalex	W3003629095	1	1	publication_component:database:publication:doi:10.1101/2020.02.03.931667	conflict_all_exact_evidence	adjudicate_identifier_conflict
lookup:e40ff6c0c640ef92c569b63172ead4032e9d607bc62858fcff676b8b71a0c7f4	openalex	work_by_doi	doi	10.15252/msb.20198871	1	1	publication_component:citation:publication:doi:10.15252/msb.20198871	conflict_all_exact_evidence	adjudicate_identifier_conflict
lookup:e415ee92f4b8ff00625ed74d76f973bedc988cf866269e867b4c3421d9311ca4	openalex	work_by_openalex_id	openalex	W2188383210	1	1	publication_component:citation:publication:openalex:W2188383210	native_provider_identity	resolve_provider_identity
lookup:e4219057d63f9574bddf498c24d2be324d314ea0a22d7254d928ed9911380b11	openalex	work_by_openalex_id	openalex	W2807858845	1	1	publication_component:citation:publication:openalex:W2807858845	native_provider_identity	resolve_provider_identity
lookup:e4e0bb6cf5f4a214f55308e0c4c6d910bc45b5ecfbe6e186f9fa147eece44138	opencitations_meta	metadata_by_doi	doi	10.1145/332306.332563	1	1	publication_component:database:publication:doi:10.1145/332306.332563	conflict_all_exact_evidence	adjudicate_identifier_conflict
lookup:e505477628e3da52a93fe2161666a51256097328583a3a5bc74a9b5dc148802e	opencitations_meta	metadata_by_omid	omid	br/06022949667	1	1	publication_component:citation:publication:omid:br/06022949667	native_provider_identity	recover_title;resolve_provider_identity
lookup:e50ecd7ecd7b20c65a2ef908b4faf5c7a04adeece671c19449f3da2e6c05d5ca	opencitations_meta	metadata_by_omid	omid	br/061704143857	1	1	publication_component:citation:publication:doi:10.1101/2024.02.06.579203	native_title_evidence	recover_title
lookup:e51b54c4be76be73685f04f482a9d0a81937c3a884bc425b6afb307e2e99d79a	openalex	work_by_openalex_id	openalex	W4249797356	1	1	publication_component:database:publication:doi:10.7287/peerj.preprints.3488v1/supp-5	native_title_evidence	recover_title
lookup:e54f0e55aba62d380c3d007e46d8e743c741c1e36dc002bce9127ebcb8629be4	openalex	work_by_openalex_id	openalex	W4246749588	1	1	publication_component:database:publication:doi:10.7287/peerj.preprints.2787v1/supp-2	native_title_evidence	recover_title
lookup:e592da6e5ba7c3afb244819bac38fa8269d1bb9c9b645865a0d6bed7a7d897c3	pubmed	record_by_pmid	pmid	34426843	1	1	publication_component:database:publication:doi:10.1093/molbev/msab028	conflict_all_exact_evidence	adjudicate_identifier_conflict
lookup:e5bc04c8e91d54e850a7f4f9a9039bb8f688291aecabbc600a2c661d5b39c0db	openalex	work_by_openalex_id	openalex	W4234021648	1	1	publication_component:database:publication:doi:10.7287/peerj.preprints.621v1/supp-3	native_title_evidence	recover_title
lookup:e616bacbe37c450647221da56be8bd171b133e6e85f512f14371f1ffb40fc9a0	openalex	work_by_openalex_id	openalex	W2144755365	1	1	publication_component:citation:publication:openalex:W2144755365	native_provider_identity	recover_title;resolve_provider_identity
lookup:e6253f5d03c94f69f22ed308cd442df76d1774f466f484a5878f4a41c2a4fe2e	openalex	work_by_openalex_id	openalex	W2951878836	1	1	publication_component:citation:publication:openalex:W2951878836	native_provider_identity	recover_title;resolve_provider_identity
lookup:e63bb4fa9aedaa1fc956344360496965374f9f9164ea2377eab607c5583edcde	openalex	work_by_pmid	pmid	25594904	2	2	publication_component:citation:publication:doi:10.3929/ethz-b-000098273;publication_component:citation:publication:doi:10.7554/elife.05055	conflict_all_exact_evidence	adjudicate_identifier_conflict;recover_title
lookup:e66e2d52389ef2bb37f56e9fd23ba6c06a7dd7a99063629d60d0372d6f694673	openalex	work_by_openalex_id	openalex	W2115839673	1	1	publication_component:database:publication:doi:10.1128/mcb.11.1.458	conflict_all_exact_evidence	adjudicate_identifier_conflict
lookup:e67352ad1425d369fb2e707f57ba911689d0375f69bb8df5950fc1231383a953	opencitations_meta	metadata_by_omid	omid	br/06402134177	1	1	publication_component:citation:publication:doi:10.1146/annurev-ecolsys-110512-135920	native_title_evidence	recover_title
lookup:e6bc193d6a6951c67e1e0de6013e8c17dc5737dbf53f9dafd1758374d6d7cc00	openalex	work_by_openalex_id	openalex	W2185205737	1	1	publication_component:citation:publication:openalex:W2185205737	native_provider_identity	resolve_provider_identity
lookup:e70d48fd93b9fb0a37fe27a467d1ed4d4c6ab46674dca59bd5b6ff1905bf4616	openalex	work_by_openalex_id	openalex	W1976445642	1	1	publication_component:citation:publication:openalex:W1976445642	native_provider_identity	recover_title;resolve_provider_identity
lookup:e7142c0a243e2d2c2789f43c9bf2a800c77b21dc5c7afbd2fca887ca47f9bbad	openalex	work_by_openalex_id	openalex	W2185787488	1	1	publication_component:citation:publication:openalex:W2185787488	native_provider_identity	resolve_provider_identity
lookup:e734c85f479d0e2e0d7db544cd4276eef7b145e2535104b6f9078e38c94a249f	openalex	work_by_openalex_id	openalex	W2140973117	1	1	publication_component:database:publication:doi:10.1007/s00606-002-0206-0	native_title_evidence	recover_title
lookup:e76c2c30e42e9a07c4dcfb24deb2a4445729e4f20d28ce287570fa1cebc6b6eb	openalex	work_by_openalex_id	openalex	W2122156817	1	1	publication_component:citation:publication:openalex:W2122156817	native_provider_identity	recover_title;resolve_provider_identity
lookup:e7776c99d1cc7f5a0027e87b42875459348a0ca0cc802d89b9e42c3e10c1f97a	openalex	work_by_openalex_id	openalex	W2083551778	1	1	publication_component:citation:publication:openalex:W2083551778	native_provider_identity	recover_title;resolve_provider_identity
lookup:e7976dba9c97e4b790a15946782eba303e6a5ed5df2ac967d8b61a453cd0461d	opencitations_meta	metadata_by_omid	omid	br/06604322183	1	1	publication_component:citation:publication:doi:10.1101/264226	conflict_all_exact_evidence	adjudicate_identifier_conflict
lookup:e82c3204004de99a1e56ffb5f79e5a6b0fc055a71bb5851ef5002e67b93359cf	opencitations_meta	metadata_by_omid	omid	br/06029113658	1	1	publication_component:citation:publication:doi:10.7287/peerj.preprints.2167	native_title_evidence	recover_title
lookup:e85c3caab2c7807c1e71b0bf8b404a134cfe8c48e11087760d855e5008426457	openalex	work_by_openalex_id	openalex	W4252776369	1	1	publication_component:database:publication:doi:10.7287/peerj.preprints.220/supp-3	native_title_evidence	recover_title
lookup:e86de57f074f774ed22a32f99f7a8bbc405facf3ad10cc1a897b9c59dfe6e125	openalex	work_by_openalex_id	openalex	W4242024453	1	1	publication_component:database:publication:doi:10.7287/peerj.preprints.621v1/supp-5	native_title_evidence	recover_title
lookup:e8b80cf880889b55d5d2460d5371045e01a2b50abf71882a96c5c7224c0f08ec	opencitations_meta	metadata_by_omid	omid	br/06702995749	1	1	publication_component:citation:publication:doi:10.1038/ng.997	native_title_evidence	recover_title
lookup:e9013ddb859d3746c7f39d39c0a0fe5103581c52727a17d86e9ad7750a9041a1	openalex	work_by_openalex_id	openalex	W2951990571	2	2	publication_component:citation:publication:doi:10.1101/014928;publication_component:database:publication:doi:10.1101/014928	conflict_all_exact_evidence	adjudicate_identifier_conflict
lookup:e9337b1e1d25c47a68811e24087f04aaf3879813ccc09e165be861b1e475fa29	openalex	work_by_openalex_id	openalex	W2039644197	1	1	publication_component:citation:publication:openalex:W2039644197	native_provider_identity	recover_title;resolve_provider_identity
lookup:e960b59df778a151e8cdffff09c8b00e7d0def334fba68229d63d835ad119df2	opencitations_meta	metadata_by_omid	omid	br/06604322071	1	1	publication_component:citation:publication:doi:10.1093/molbev/msaa016	native_title_evidence	recover_title
lookup:e965ff2c8e870b1c7c7447cf6bef1adf095f7e5419798b570f39e21a85c4a302	openalex	work_by_openalex_id	openalex	W2467434001	1	1	publication_component:citation:publication:openalex:W2467434001	native_provider_identity	resolve_provider_identity
lookup:e9877462525df377818aad6132a7f435e0c6566dcfcca0a915cd13f796125e1d	openalex	work_by_doi	doi	10.1101/002428	1	1	publication_component:citation:publication:doi:10.1101/002428	conflict_all_exact_evidence	adjudicate_identifier_conflict
lookup:e989fe2ba2d079bb619393c0f15e81fd85f7e119de4f8f1ac95520befc32e494	openalex	work_by_openalex_id	openalex	W4253333645	1	1	publication_component:database:publication:doi:10.7287/peerj.preprints.1283v1/supp-5	native_title_evidence	recover_title
lookup:e98d58a0626ebf1c327bdd3865dcb8d429c07c67d909ad1cc76afa3c3ca8cb07	openalex	work_by_openalex_id	openalex	W4248894835	1	1	publication_component:database:publication:doi:10.7287/peerj.preprints.2058/supp-4	native_title_evidence	recover_title
lookup:e9bdbc079dae5382efecc50399884863a8b83b124cefce65e80d4d00fb89049a	opencitations_meta	metadata_by_doi	doi	10.1186/s12864-017-3932-y	1	1	publication_component:citation:publication:doi:10.1186/s12864-017-3932-y	conflict_all_exact_evidence	adjudicate_identifier_conflict
lookup:e9d9f08f24f25cdf428bc5d74bc2bd2ab514c14a99992919e517de038f91f764	openalex	work_by_openalex_id	openalex	W1916277790	1	1	publication_component:citation:publication:openalex:W1916277790	native_provider_identity	recover_title;resolve_provider_identity
lookup:e9efe82ddf372c08d6089f54fa942b4f753e404e876a49b62964c6a18c1e0c06	openalex	work_by_openalex_id	openalex	W2472973506	1	1	publication_component:citation:publication:doi:10.7717/peerj.2437	conflict_all_exact_evidence	adjudicate_identifier_conflict
lookup:e9fb17f44411cfcc00b87e5449c18d9f6bcfcada06568bc58c1fa0eef70ba215	opencitations_meta	metadata_by_omid	omid	br/06140831499	1	1	publication_component:citation:publication:doi:10.3929/ethz-b-000098273	conflict_all_exact_evidence	adjudicate_identifier_conflict;recover_title
lookup:ea03201563762de67a97e9d041d1ed26dcf547dd93bd792d1e68274f6437840d	openalex	work_by_openalex_id	openalex	W4242156601	1	1	publication_component:database:publication:doi:10.7287/peerj.preprints.26449v2/supp-2	native_title_evidence	recover_title
lookup:ea4bcb5a9eff32a541714cf016f0e49ae7435f49468a88bfb6a27f9c2a6fb892	opencitations_meta	metadata_by_omid	omid	br/06310132181	1	1	publication_component:citation:publication:doi:10.1101/2023.03.19.533346	native_title_evidence	recover_title
lookup:ea932be15e3737f1ff45977d8f4ad3a0d13040333949497830c19cbe63ecefab	openalex	work_by_openalex_id	openalex	W2030381931	1	1	publication_component:database:publication:doi:10.1145/332306.332563	conflict_all_exact_evidence	adjudicate_identifier_conflict
lookup:eac7bfb931d009b9040fd9a0e2225d94d0f8af4b3e60db2d46a106702f7001de	opencitations_meta	metadata_by_doi	doi	10.12688/f1000research.76068.4	1	1	publication_component:citation:publication:doi:10.12688/f1000research.76068.4	conflict_all_exact_evidence	adjudicate_identifier_conflict
lookup:eacbaef5625f4b8dd5e3a8d60ae95d11948bbc5eb14d6303fde1fa4cf0977953	opencitations_meta	metadata_by_omid	omid	br/0660978856	1	1	publication_component:citation:publication:doi:10.12688/f1000research.17552.2	native_title_evidence	recover_title
lookup:eb42dd088c7cd2365ec8c6d948b92e3c5d1dc8f60d601aac88c210017851bc72	openalex	work_by_openalex_id	openalex	W2886016733	1	1	publication_component:citation:publication:openalex:W2886016733	native_provider_identity	recover_title;resolve_provider_identity
lookup:eb612ccdb903bfaaae57d42d0cd9dcaea3416d07c739d014d3be21d747623211	pubmed	record_by_pmid	pmid	1986240	2	2	publication_component:database:publication:doi:10.1128/mcb.11.1.458;publication_component:database:publication:doi:10.1128/mcb.11.1.458-467.1991	conflict_all_exact_evidence	adjudicate_identifier_conflict
lookup:eb6ea3af2ac9d662e75a7f7132db4a8d4747e3d5d83bd5e9b5c3af088080db0a	openalex	work_by_openalex_id	openalex	W4232949030	1	1	publication_component:database:publication:doi:10.1101/2021.02.23.21252268	conflict_all_exact_evidence	adjudicate_identifier_conflict
lookup:eb82397cb80d9e40b4dba12bbf02240f9a4ee5c3e75c6dc071b9b199401c64fe	openalex	work_by_openalex_id	openalex	W2167740505	1	1	publication_component:citation:publication:openalex:W2167740505	native_provider_identity	recover_title;resolve_provider_identity
lookup:ebbb4e60298937bc5b1fc2d6689c2a07e58c938cdcaa031dcf895e616711bd02	openalex	work_by_openalex_id	openalex	W2105585336	1	1	publication_component:citation:publication:openalex:W2105585336	native_provider_identity	recover_title;resolve_provider_identity
lookup:ebe68d5f8c4374e13ad5bb3c3f42eb7a79bba8d3b753b9aef4d9a8846c3c7b23	openalex	work_by_pmid	pmid	42269138	2	2	publication_component:database:publication:doi:10.1101/2024.09.03.611065;publication_component:database:publication:doi:10.1111/tpj.70981	conflict_all_exact_evidence	adjudicate_identifier_conflict
lookup:ec2dfde99b585ed230cc3f9912851aa529523398f43d8f050f71223b86ba1594	openalex	work_by_openalex_id	openalex	W2119404698	1	1	publication_component:citation:publication:openalex:W2119404698	native_provider_identity	recover_title;resolve_provider_identity
lookup:ec2f32830ad82259abc47edfc4b3ed113c782c37eb2f43097b15b92fd1af53e3	opencitations_meta	metadata_by_omid	omid	br/06201320025	1	1	publication_component:citation:publication:doi:10.1038/ncomms5087	native_title_evidence	recover_title
lookup:ec3c8fb5e94b9b77902e29fc3f054d815eab171f6e2c17292147639896ff4eba	openalex	work_by_openalex_id	openalex	W3000500017	1	1	publication_component:citation:publication:doi:10.1101/2020.01.13.901538	conflict_all_exact_evidence	adjudicate_identifier_conflict
lookup:ec555c609bad0221a75362e3bb81aabc6701b80e36132558bc2612e325d132aa	openalex	work_by_openalex_id	openalex	W6757627815	1	1	publication_component:citation:publication:openalex:W6757627815	native_provider_identity	recover_title;resolve_provider_identity
lookup:ec583678dc1fd7cfcc7b84ccc905a437410530bcc59abd4b35182c8e02443d6c	openalex	work_by_openalex_id	openalex	W4250331925	1	1	publication_component:database:publication:doi:10.7287/peerj.preprints.3223v1/supp-1	native_title_evidence	recover_title
lookup:ec904049187dd9ddabef35c3b65ac5dcaf012ac97c5cc6c962387b91507fe458	openalex	work_by_doi	doi	10.1080/10635150309322	1	1	publication_component:database:publication:doi:10.1080/10635150309322	conflict_all_exact_evidence	adjudicate_identifier_conflict
lookup:ecafc599a4a8f554a6c67f29ebcaab613a4c72b3036dccc4fadd06c36a92e34b	opencitations_meta	metadata_by_doi	doi	10.7717/peerj.4953	1	1	publication_component:citation:publication:doi:10.7717/peerj.4953	conflict_all_exact_evidence	adjudicate_identifier_conflict
lookup:ecd5a51245cde6bc7cbfcb4409c035737d2f75dd1a232ac0c18c7c51431163af	openalex	work_by_openalex_id	openalex	W2950479280	1	1	publication_component:citation:publication:doi:10.1371/journal.ppat.1005279	conflict_all_exact_evidence	adjudicate_identifier_conflict
lookup:ecf7e87131886ff87b0acee934b21d72bebd6d38e7c65e9f21bb39661882b28a	openalex	work_by_openalex_id	openalex	W4232376500	1	1	publication_component:database:publication:doi:10.7287/peerj.preprints.27162v1/supp-11	native_title_evidence	recover_title
lookup:ed2b39b6ceca99acd0c20e529189cd12e021230797f13ab6fc7055c14ab009e7	openalex	work_by_openalex_id	openalex	W3145418930	1	1	publication_component:citation:publication:openalex:W3145418930	native_provider_identity	resolve_provider_identity
lookup:ed2dadba32dd5b9f0ca1de2c58914e8d6464ee46e85870db1fabaa1e19b824ca	opencitations_meta	metadata_by_omid	omid	br/06029113416	1	1	publication_component:citation:publication:doi:10.7287/peerj.preprints.1708	native_title_evidence	recover_title
lookup:ed526ee9dd24cb871b9c70771d78affd9da1ab21eceed2be2763719f54a4d0f4	opencitations_meta	metadata_by_omid	omid	br/06120243591	1	1	publication_component:citation:publication:doi:10.1007/pl00006320	native_title_evidence	recover_title
lookup:ed560fd496eac2d769d5141689b0dbaf98cdfdb295f80c77f8cdb8a8c7c67104	openalex	work_by_openalex_id	openalex	W4250578992	1	1	publication_component:database:publication:doi:10.7287/peerj.preprints.2741v1/supp-5	native_title_evidence	recover_title
lookup:ed7676f370d715d08c991d9cd46284b7ce8708ac61d17a074ae46104bfb50df6	openalex	work_by_pmid	pmid	32479549	2	2	publication_component:citation:publication:doi:10.1101/2020.01.13.901538;publication_component:citation:publication:doi:10.1371/journal.pcbi.1007913	conflict_all_exact_evidence	adjudicate_identifier_conflict
lookup:edcbdcdb23d9b27d88cd5f68dbd874ddbd2600a6d2c9ca3f1b579b0fab5f2fea	openalex	work_by_openalex_id	openalex	W2150783480	1	1	publication_component:citation:publication:openalex:W2150783480	native_provider_identity	recover_title;resolve_provider_identity
lookup:edda7fe263069606d22a7d4f024b72ef0bc135dc2efb238d4fdee68ec3c602c8	openalex	work_by_openalex_id	openalex	W4230011524	1	1	publication_component:database:publication:doi:10.7287/peerj.preprints.27835v1/supp-1	native_title_evidence	recover_title
lookup:eddaead8d7c91deb86aa73e857e23407c3779ab21dd976aa1151451044ddbfe7	opencitations_meta	metadata_by_omid	omid	br/06140561646	1	1	publication_component:citation:publication:doi:10.1093/bioinformatics/btu033	native_title_evidence	recover_title
lookup:ede036476e5f6d8c84901aa31feccc7067766f4f6cbca3b7c4aa9b2d78c8a0a3	openalex	work_by_openalex_id	openalex	W4232495284	1	1	publication_component:database:publication:doi:10.1086/599006	native_title_evidence	recover_title
lookup:ee30d69e184119c09522683692c9dbb2f96c1e3ff6e9b4cd815ae696a150e8f7	openalex	work_by_openalex_id	openalex	W166934360	1	1	publication_component:citation:publication:openalex:W166934360	native_provider_identity	resolve_provider_identity
lookup:ee425bdb40d63f31f4d5f46cb52461357ca9b3482c4c9755c88d3744b33f00be	openalex	work_by_openalex_id	openalex	W4254771442	1	1	publication_component:database:publication:doi:10.7287/peerj.preprints.2741v1/supp-7	native_title_evidence	recover_title
lookup:ee7a4a04682ce05826e58f220672a11d84e6b589dfd6a2a44e8834e9b5368d7d	openalex	work_by_openalex_id	openalex	W1130941929	1	1	publication_component:citation:publication:openalex:W1130941929	native_provider_identity	resolve_provider_identity
lookup:ee97820e7fe35d2aea81cb3c6f3c146e45f6b4d921d038fe774e5a0d97693569	opencitations_meta	metadata_by_omid	omid	br/061401599060	1	1	publication_component:citation:publication:doi:10.1137/0128004	native_title_evidence	recover_title
lookup:eecbdd54bc7c600f17b090685bef68a00469ffc98bfab74441793d5df2492621	openalex	work_by_openalex_id	openalex	W884650706	1	1	publication_component:citation:publication:openalex:W884650706	native_provider_identity	recover_title;resolve_provider_identity
lookup:eef76810fd6885ffadf133287e64b373120095622f6596f8aadb268c4b0fcf31	pubmed	record_by_pmid	pmid	33585899	1	1	publication_component:database:publication:doi:10.1093/molbev/msab028	conflict_all_exact_evidence	adjudicate_identifier_conflict
lookup:ef078a7bf4bed1707f8897d74e7824b9674421fc790faac6c9dc00b7e2123d4a	opencitations_meta	metadata_by_doi	doi	10.1128/mcb.14.5.2985	1	1	publication_component:database:publication:doi:10.1128/mcb.14.5.2985	conflict_all_exact_evidence	adjudicate_identifier_conflict
lookup:ef171ba2e2375b3f796e38cbb182a49a8db243c76dfde1bcfee459229cb254cf	opencitations_meta	metadata_by_omid	omid	br/062301147753	1	1	publication_component:citation:publication:doi:10.1093/molbev/msu300	native_title_evidence	recover_title
lookup:ef20b199b02ff8172567aa4ac22ccf7b5461b4f8c2cd02b4af49d65d60ad1853	openalex	work_by_doi	doi	10.1145/332306.332563	1	1	publication_component:database:publication:doi:10.1145/332306.332563	conflict_all_exact_evidence	adjudicate_identifier_conflict
lookup:ef4969a67fe34f20ffa3d7af444d9bbcace3c67f61143fad88744084300ab08f	openalex	work_by_openalex_id	openalex	W4252615593	1	1	publication_component:database:publication:doi:10.13040/ijpsr.0975-8232.1(8-s).37-46	native_title_evidence	recover_title
lookup:ef63fc741ce9f18f349e892889f439e2db247e4657e96ac72aca22784f48f00e	openalex	work_by_openalex_id	openalex	W2883315617	1	1	publication_component:citation:publication:openalex:W2883315617	native_provider_identity	recover_title;resolve_provider_identity
lookup:ef842921db992d96d5bab8347b15d7d6dee6f3ef936ca1e3935f0984ceeccf9d	openalex	work_by_openalex_id	openalex	W2967021531	1	1	publication_component:citation:publication:openalex:W2967021531	native_provider_identity	resolve_provider_identity
lookup:ef952bda54cd518089b9cc159b9d58f3850811e0de2b05182f333b1091c81b9e	opencitations_meta	metadata_by_omid	omid	br/06029113798	1	1	publication_component:citation:publication:doi:10.7287/peerj.preprints.2444	native_title_evidence	recover_title
lookup:efb189f5b25c039547bac36c6f030058d88e389f10021756469e268e140829b0	openalex	work_by_openalex_id	openalex	W2319185332	1	1	publication_component:citation:publication:openalex:W2319185332	native_provider_identity	recover_title;resolve_provider_identity
lookup:f00679f8d60b99fcce42c176829f5c409650c3ab128341af0851c240bdd7fb45	openalex	work_by_openalex_id	openalex	W1495846593	1	1	publication_component:citation:publication:openalex:W1495846593	native_provider_identity	recover_title;resolve_provider_identity
lookup:f0367a2421b87d51c73dbbfb1e9bcdfa6c8cc8395176749a598065029fc0a9b5	opencitations_meta	metadata_by_omid	omid	br/06026880393	1	1	publication_component:citation:publication:doi:10.53846/goediss-8888	native_title_evidence	recover_title
lookup:f03fee3f6764a44a57352a51d57aa9a7519aacce9ce1f24d28a76cbb21c4c5b5	openalex	work_by_openalex_id	openalex	W615931334	1	1	publication_component:citation:publication:openalex:W615931334	native_provider_identity	resolve_provider_identity
lookup:f0585ddf78442c99e87bfea2c83b7894b739e61a1ce2e9c525e9f6e6a7a5d14b	openalex	work_by_doi	doi	10.1101/106120	1	1	publication_component:citation:publication:doi:10.1101/106120	conflict_all_exact_evidence	adjudicate_identifier_conflict
lookup:f062a1d5f6dbb688d9f8e6f7bc7563c4a816f0efc0481c95d665d430fc21e07a	openalex	work_by_openalex_id	openalex	W2240742894	1	1	publication_component:citation:publication:openalex:W2240742894	native_provider_identity	resolve_provider_identity
lookup:f073b003a3b775fc233f1215503ceb27d5a69aee72a89697c00438ad0d435abd	opencitations_meta	metadata_by_omid	omid	br/06180571644	1	1	publication_component:citation:publication:doi:10.1093/bioinformatics/btm165	native_title_evidence	recover_title
lookup:f07d53b0d3596034f5f69cf168cfda7199e7c3b44fad735873d15cd1ac89a19a	openalex	work_by_pmid	pmid	42241639	2	2	publication_component:database:publication:doi:10.1093/molbev/msag135;publication_component:database:publication:doi:10.1101/2025.08.27.672632	conflict_all_exact_evidence	adjudicate_identifier_conflict
lookup:f07f54ed062c2afe8a87b2012bd600bb248efad81fe25f1277291ff46654b253	openalex	work_by_pmid	pmid	40799530	2	2	publication_component:database:publication:doi:10.1016/j.xgen.2026.101327;publication_component:database:publication:doi:10.1101/2025.08.04.668502	conflict_all_exact_evidence	adjudicate_identifier_conflict
lookup:f09b7746513c6dd42ecc2f7350d8a833c1caf34c54fe1865fb1dceb38d4d23db	openalex	work_by_openalex_id	openalex	W4242373014	1	1	publication_component:database:publication:doi:10.7287/peerj.preprints.27162/supp-12	native_title_evidence	recover_title
lookup:f0f167bc35b2ac0776c2ef86127b1c75e8028f365de884fbb5769ec4af6975e1	openalex	work_by_pmid	pmid	25374784	2	2	publication_component:citation:publication:doi:10.1101/009134;publication_component:citation:publication:doi:10.7717/peerj.642	conflict_all_exact_evidence	adjudicate_identifier_conflict
lookup:f1082e8c752734714add2d7ffe82f545a8e106dccdce03c77df6dfc3a78dc955	openalex	work_by_openalex_id	openalex	W4251851854	1	1	publication_component:database:publication:doi:10.7287/peerj.preprints.1615/supp-2	native_title_evidence	recover_title
lookup:f11eec13d07283f0067e116d157abcc1c05f9c2ef586d00cb4b4f0aed2d6a266	openalex	work_by_openalex_id	openalex	W2114828923	1	1	publication_component:citation:publication:openalex:W2114828923	native_provider_identity	recover_title;resolve_provider_identity
lookup:f15efc594e7a5c48c83ffbf871baffed894de0a8636d65a223d38f19ca3498bf	openalex	work_by_openalex_id	openalex	W4241035671	1	1	publication_component:database:publication:doi:10.7287/peerj.preprints.2434v2/supp-4	native_title_evidence	recover_title
lookup:f163f9de73eae53d4051f02e1319ed3ffd269f662798aa2d549eb63673a68aa6	openalex	work_by_openalex_id	openalex	W652850555	1	1	publication_component:citation:publication:openalex:W652850555	native_provider_identity	resolve_provider_identity
lookup:f1861742eb365cd4b47920f100f62cbc78ac488427365a989aa30f55bc437d02	openalex	work_by_openalex_id	openalex	W4232613098	1	1	publication_component:database:publication:doi:10.7287/peerj.preprints.2023v1/supp-1	native_title_evidence	recover_title
lookup:f1951dc84ff72b7513d59282540ddb642f65e5c26ab96bffd82965bbdc784863	openalex	work_by_doi	doi	10.1093/gbe/evac069	1	1	publication_component:citation:publication:doi:10.1093/gbe/evac069	conflict_all_exact_evidence	adjudicate_identifier_conflict
lookup:f1ee83d2d6a5cbe8bb204fd46ca15893d24e117160db14d366eccdbe84ed194d	openalex	work_by_openalex_id	openalex	W2115650522	1	1	publication_component:citation:publication:openalex:W2115650522	native_provider_identity	recover_title;resolve_provider_identity
lookup:f212053ea0e51789cae05f02cff11f9d99404a206aba88bc061b1c22292b0766	openalex	work_by_openalex_id	openalex	W4236458640	1	1	publication_component:database:publication:doi:10.7287/peerj.preprints.27329v1/supp-3	native_title_evidence	recover_title
lookup:f22409254581482af24274676aaca27e02457a3982eb29d9e39fa094db5b5f7d	openalex	work_by_openalex_id	openalex	W2416133343	1	1	publication_component:citation:publication:openalex:W2416133343	native_provider_identity	recover_title;resolve_provider_identity
lookup:f229e99eb00d0f5217082ed8e1fdb5bf19993ef6a7dfebaecd567fa8daca727c	openalex	work_by_openalex_id	openalex	W1539699614	1	1	publication_component:citation:publication:doi:10.1101/019786	conflict_all_exact_evidence	adjudicate_identifier_conflict
lookup:f25017fd0e07c53f5d467275ef30a75163e79dd7ef6f11c5039e3f7408782e57	openalex	work_by_openalex_id	openalex	W4246492654	1	1	publication_component:database:publication:doi:10.7287/peerj.preprints.3488/supp-7	native_title_evidence	recover_title
lookup:f34b313d646c51e2d9bbb0d1066a1987f07c21ebc59b6149ba6a2a6d17714544	openalex	work_by_openalex_id	openalex	W2130362098	1	1	publication_component:citation:publication:openalex:W2130362098	native_provider_identity	recover_title;resolve_provider_identity
lookup:f34ea357c105ae31800462ad2bf9a2e64a00e982d45349699995f986f4264420	openalex	work_by_doi	doi	10.1128/mbio.02359-20	1	1	publication_component:database:publication:doi:10.1128/mbio.02359-20	conflict_all_exact_evidence	adjudicate_identifier_conflict
lookup:f35ec3d583dc78997a94ee0e23f0e87881b1054a05e2c05802604c1f7531c446	openalex	work_by_doi	doi	10.1128/mcb.14.5.2985	1	1	publication_component:database:publication:doi:10.1128/mcb.14.5.2985	conflict_all_exact_evidence	adjudicate_identifier_conflict
lookup:f3875ebfe0f8ff447ca2ab382918eb773d1189d5838e2fc48b5c426f6ecdd3d2	openalex	work_by_openalex_id	openalex	W4234466362	1	1	publication_component:database:publication:doi:10.7287/peerj.preprints.3488v2/supp-7	native_title_evidence	recover_title
lookup:f38bc6a23b13e8cad6f13ff073b372e4bebdf4e092e23e4fe35f105943b02447	openalex	work_by_openalex_id	openalex	W1574620970	1	1	publication_component:citation:publication:openalex:W1574620970	native_provider_identity	resolve_provider_identity
lookup:f3c467929ca82f3374b5b663754eb96c22cfc70933e6578eb36cdf07fcc81476	openalex	work_by_pmid	pmid	34219906	1	1	publication_component:citation:publication:doi:10.1111/cla.12454	conflict_all_exact_evidence	adjudicate_identifier_conflict
lookup:f3e8929aa41633cc4b17ce0a0ad8c8fad08216f50e8931068873fbe0fb986ba7	openalex	work_by_openalex_id	openalex	W4236121259	1	1	publication_component:database:publication:doi:10.7287/peerj.preprints.27162/supp-2	native_title_evidence	recover_title
lookup:f3ead3aad90399d56d2d5618cc5940dc50167f1f14dc029b7fb4f2fd4b5e72f1	opencitations_meta	metadata_by_omid	omid	br/06014446648	1	1	publication_component:citation:publication:doi:10.5252/cryptogamiemycologie2025v46a6	native_title_evidence	recover_title
lookup:f4107012975792bf8061c81ec5db9624852fc37928e625e9d245f913b8d9f38e	openalex	work_by_openalex_id	openalex	W2110339205	1	1	publication_component:database:publication:doi:10.1080/10635150309322	conflict_all_exact_evidence	adjudicate_identifier_conflict
lookup:f44080aac070a6cedf222218f8b1f2a787da88a1df816f63de9965474981567b	pubmed	record_by_pmid	pmid	25857192	2	2	publication_component:database:publication:doi:10.1134/s1022795414110076;publication_component:database:publication:doi:10.7868/s0016675814110071	conflict_all_exact_evidence	adjudicate_identifier_conflict
lookup:f475835e221638b22b3dc327161a9582fafcc573b51e6930a2efa065060dad11	opencitations_meta	metadata_by_omid	omid	br/06013426619	1	1	publication_component:citation:publication:doi:10.3390/biology15020164	native_title_evidence	recover_title
lookup:f4e00d6e2220605e3984831a11cbff13baa7f6dccfe94759f5eeb5c2c2728a1b	openalex	work_by_openalex_id	openalex	W2144975624	1	1	publication_component:citation:publication:openalex:W2144975624	native_provider_identity	recover_title;resolve_provider_identity
lookup:f4f3bd451f4b27181051304eb6bfc6cfe04263bbf334142b01a9c5db8414ef58	openalex	work_by_openalex_id	openalex	W2142420818	1	1	publication_component:citation:publication:openalex:W2142420818	native_provider_identity	recover_title;resolve_provider_identity
lookup:f4f8dbfd35eba4577c4e2d4d8d1a22b8ec2dbc9767d2942abb69edc413585229	openalex	work_by_openalex_id	openalex	W4246734179	1	1	publication_component:database:publication:doi:10.7287/peerj.preprints.2058v1/supp-4	native_title_evidence	recover_title
lookup:f52ae81851dbce35720bfb42c2a86202f27317fc5b1b207e08b22b6771a9a92d	openalex	work_by_openalex_id	openalex	W2952722488	1	1	publication_component:citation:publication:doi:10.1093/gbe/evz090	conflict_all_exact_evidence	adjudicate_identifier_conflict
lookup:f5603eddc8ddd20aa0cc9b68322c04b3868056614630d552694665a06b6134a0	openalex	work_by_openalex_id	openalex	W4253259950	1	1	publication_component:database:publication:doi:10.7287/peerj.preprints.27296v1/supp-2	native_title_evidence	recover_title
lookup:f591b252f9e7c8a1b12042fb59114068025c9e1106fd625f7059ebd159a3e14a	opencitations_meta	metadata_by_doi	doi	10.1186/s12859-017-1916-1	1	1	publication_component:citation:publication:doi:10.1186/s12859-017-1916-1	conflict_all_exact_evidence	adjudicate_identifier_conflict
lookup:f5cb8a402705741daf8c3ec8081b75420f4d8b29dccf2ebf47da3b65ef90d423	opencitations_meta	metadata_by_omid	omid	br/06503412582	1	1	publication_component:citation:publication:doi:10.1101/2021.06.04.21258352	conflict_all_exact_evidence	adjudicate_identifier_conflict
lookup:f5e9f8beaa5b2ee2646299bbb125a4534dd150cec191705d5157682355fe135c	openalex	work_by_openalex_id	openalex	W2052694431	1	1	publication_component:citation:publication:openalex:W2052694431	native_provider_identity	recover_title;resolve_provider_identity
lookup:f5f0c941de1e423013c0f646cdfad2615e498a3156b97f0cfdd256569f1b997e	pubmed	record_by_pmid	pmid	40060389	2	2	publication_component:citation:publication:doi:10.1093/sysbio/syag038;publication_component:database:publication:doi:10.1101/2025.02.25.640207	conflict_all_exact_evidence	adjudicate_identifier_conflict
lookup:f5f218d868525e9d5362231e889ea4e54b096735dbe2c6e551c648815526a46f	openalex	work_by_doi	doi	10.1101/002766	1	1	publication_component:citation:publication:doi:10.1101/002766	conflict_all_exact_evidence	adjudicate_identifier_conflict
lookup:f5f4ea4f52d47525e3cde03d2f97b08c68c5a3ace6c5d068688b200be35d3759	openalex	work_by_openalex_id	openalex	W2946717857	1	1	publication_component:citation:publication:openalex:W2946717857	native_provider_identity	recover_title;resolve_provider_identity
lookup:f61da375d10cc627893a53f341a267f72694ea63c2eaabfcc3a3405fe885d2dd	openalex	work_by_openalex_id	openalex	W2802970423	1	1	publication_component:citation:publication:openalex:W2802970423	native_provider_identity	recover_title;resolve_provider_identity
lookup:f622777502435c44a461387511ee90f7e0cab82ca5ce59f2bdeb3b4695871b36	opencitations_meta	metadata_by_omid	omid	br/062501142081	1	1	publication_component:citation:publication:doi:10.1093/oxfordjournals.molbev.a004053	native_title_evidence	recover_title
lookup:f62d9974ce573f385b657f923745196a2759475fd394958ec01fb4f400eb6152	opencitations_meta	metadata_by_omid	omid	br/062101143576	1	1	publication_component:citation:publication:doi:10.1093/molbev/msab040	native_title_evidence	recover_title
lookup:f6aefd299887f1dc4ef887ae464aea6f1d2452a89c55e5665843a6959d366409	opencitations_meta	metadata_by_omid	omid	br/061501699471	1	1	publication_component:citation:publication:doi:10.1128/aac.00110-08	native_title_evidence	recover_title
lookup:f6ba463c7bffd5a100e7edf26bafe965b158158a1d970b9efdb1d4d13840ba12	openalex	work_by_doi	doi	10.7287/peerj.preprints.2444v1	1	1	publication_component:citation:publication:doi:10.7287/peerj.preprints.2444v1	conflict_all_exact_evidence	adjudicate_identifier_conflict;recover_title
lookup:f6df5595fe1ad22b301cd2a8c48b3b0bc1aa3356a521d5a7236b16e3c6a04004	openalex	work_by_openalex_id	openalex	W4240263817	1	1	publication_component:database:publication:doi:10.7287/peerj.preprints.27162v1/supp-6	native_title_evidence	recover_title
lookup:f6f076a59c76179540d7e4829aacda17477ac1f0695ab4a55a4cb9248d4b7b10	opencitations_meta	metadata_by_omid	omid	br/06140243024	1	1	publication_component:citation:publication:doi:10.1007/bf01732067	native_title_evidence	recover_title
lookup:f70f26bc2cd7dc11c24aa87e7a3cc19be078cc0324b31a1fc90b484ddfae06ae	openalex	work_by_doi	doi	10.12688/f1000research.76068.4	1	1	publication_component:citation:publication:doi:10.12688/f1000research.76068.4	conflict_all_exact_evidence	adjudicate_identifier_conflict
lookup:f74ee9021375b5e2a85d1c1802341084d096ff79922b9a4cc5b7d283167bb671	openalex	work_by_pmid	pmid	11172045	2	2	publication_component:database:publication:doi:10.1073/pnas.021450998;publication_component:database:publication:doi:10.1073/pnas.98.4.1883	conflict_all_exact_evidence	adjudicate_identifier_conflict
lookup:f76661cdcadf99aa7fc5c2ddc673e25837a688e1731e3c0c078f25556a7d78b9	opencitations_meta	metadata_by_omid	omid	br/06016904653	1	1	publication_component:citation:publication:doi:10.11234/jsbibr.2023.primer2	native_title_evidence	recover_title
lookup:f77130e7367dcc62f381c1f3aeedd208f38e73903d2d55cd1e3ece3e3330c394	opencitations_meta	metadata_by_doi	doi	10.1371/journal.ppat.1008984	1	1	publication_component:citation:publication:doi:10.1371/journal.ppat.1008984	conflict_all_exact_evidence	adjudicate_identifier_conflict
lookup:f78e500456da416a455ddad83d929cee8a2d9592d8a8606949d0e426a6cbc41e	opencitations_meta	metadata_by_doi	doi	10.1098/rstb.1992.0094	1	1	publication_component:database:publication:doi:10.1098/rstb.1992.0094	conflict_all_exact_evidence	adjudicate_identifier_conflict
lookup:f7ae1e8b5c1de34afaccc704e07da2ad05a412e8184fbcc1547ecf5d508443df	openalex	work_by_openalex_id	openalex	W273553261	1	1	publication_component:citation:publication:openalex:W273553261	native_provider_identity	resolve_provider_identity
lookup:f7bb265e77546acb2107c114522610be3c6f95e9cf819670d221079a1494b115	openalex	work_by_openalex_id	openalex	W2781089637	1	1	publication_component:citation:publication:openalex:W2781089637	native_provider_identity	resolve_provider_identity
lookup:f7cc363d4e4f311fa1948a8957a266b359b873457cc580e5fcae2ac3cd0237a8	openalex	work_by_doi	doi	10.1101/2025.02.25.640207	1	1	publication_component:database:publication:doi:10.1101/2025.02.25.640207	conflict_all_exact_evidence	adjudicate_identifier_conflict
lookup:f7e2c120f0e49b324b774292c5044ce2e24a2bb56cd740480c2bf34a6f3c26c9	openalex	work_by_openalex_id	openalex	W4244889974	1	1	publication_component:database:publication:doi:10.7287/peerj.preprints.2058v2/supp-5	native_title_evidence	recover_title
lookup:f7fe22c8c23174782baa1299305781dfcbf03a2eef3758e36847b15ea5f16e35	openalex	work_by_openalex_id	openalex	W4235567672	1	1	publication_component:database:publication:doi:10.7287/peerj.preprints.27162/supp-5	native_title_evidence	recover_title
lookup:f8086117cbc14194685f74c6d1ab4be31a7712ed4945f833c1212cca6ec83cef	opencitations_meta	metadata_by_doi	doi	10.1080/10635150390196966	1	1	publication_component:database:publication:doi:10.1080/10635150390196966	conflict_all_exact_evidence	adjudicate_identifier_conflict
lookup:f809d99600e33c1557c2c2f822edc06930ca865d5c516528fcbb5f2efe0a747a	opencitations_meta	metadata_by_doi	doi	10.1101/019786	1	1	publication_component:citation:publication:doi:10.1101/019786	conflict_all_exact_evidence	adjudicate_identifier_conflict
lookup:f8a23a03171a1ea1c46a22ea061d205abb292789843321f83dc15472c2e29e83	opencitations_meta	metadata_by_omid	omid	br/0609499124	1	1	publication_component:citation:publication:doi:10.1101/2025.07.03.663031	native_title_evidence	recover_title
lookup:f8ae0269bc3d78b06c80267c9b66158002762f068cfa90ed7608848e3a4dab4d	opencitations_meta	metadata_by_omid	omid	br/06011473567	1	1	publication_component:citation:publication:doi:10.1101/2025.04.09.647074	native_title_evidence	recover_title
lookup:f8d3c813ff821e1973e7dc748659aa2f4ba1e2a362ff174999443bf870836cca	openalex	work_by_openalex_id	openalex	W1668487814	1	1	publication_component:citation:publication:openalex:W1668487814	native_provider_identity	recover_title;resolve_provider_identity
lookup:f8d6dc425e2e73833a7713d689563afcce4c18541d4d021ad8acbf21e0d16ff4	openalex	work_by_openalex_id	openalex	W2396849069	1	1	publication_component:citation:publication:openalex:W2396849069	native_provider_identity	recover_title;resolve_provider_identity
lookup:f8dc997016fab2e49bdcc092066d56858792cf37a35e062b27e05b87e1061eb7	opencitations_meta	metadata_by_omid	omid	br/06310580994	1	1	publication_component:citation:publication:doi:10.1101/2024.08.01.606208	native_title_evidence	recover_title
lookup:f8ef62abdaabce04fd16a4b271b9d04597a2a3ecd1f33dc54d03379ddb9e8678	openalex	work_by_openalex_id	openalex	W1800636980	1	1	publication_component:citation:publication:openalex:W1800636980	native_provider_identity	recover_title;resolve_provider_identity
lookup:f8f160a29b1e6fb967b4a9787e30ba479027f0bcad9219c568416963efefd2ef	openalex	work_by_doi	doi	10.1101/264226	1	1	publication_component:citation:publication:doi:10.1101/264226	conflict_all_exact_evidence	adjudicate_identifier_conflict
lookup:f8f52c51cd11094f779410b1739d08a04b5df6748bbaa6940759a18e60069829	openalex	work_by_openalex_id	openalex	W4240907627	1	1	publication_component:database:publication:doi:10.7287/peerj.preprints.2434/supp-4	native_title_evidence	recover_title
lookup:f95c09ec8a9eefb1781a2f765b29638bfe2b4d559b7ca9477a0da0f129c85b84	openalex	work_by_openalex_id	openalex	W4235639950	1	1	publication_component:database:publication:doi:10.7287/peerj.preprints.1482/supp-9	native_title_evidence	recover_title
lookup:f979fc6fc2ff88b9a5ebb910e4af6edc7ba49252563ce6ec7d5835fea3d4315a	opencitations_meta	metadata_by_omid	omid	br/062302205841	1	1	publication_component:citation:publication:doi:10.1002/bies.201600176	native_title_evidence	recover_title
lookup:f981965c3cbbae1d503abb03d6dc4ffc58b175d3f358b7987c343372eafb6b4d	openalex	work_by_openalex_id	openalex	W2747950686	1	1	publication_component:citation:publication:openalex:W2747950686	native_provider_identity	resolve_provider_identity
lookup:f9b3c3d20fbcd957a4ef4c84f8152add324b8989e15bdc8f9e59f369912a9ffd	pubmed	record_by_pmid	pmid	26194102	2	2	publication_component:citation:publication:doi:10.1101/014928;publication_component:database:publication:doi:10.1101/gr.190538.115	conflict_all_exact_evidence	adjudicate_identifier_conflict
lookup:f9ba97db1efdd5fecb69fe294126d2bd921dc8400d490ff81d9bf8a40e497c1b	openalex	work_by_openalex_id	openalex	W2010906224	1	1	publication_component:citation:publication:openalex:W2010906224	native_provider_identity	recover_title;resolve_provider_identity
lookup:f9edf10fa646abba244dbf768af924b48227a77d72e413fb028c4259544e56a3	openalex	work_by_openalex_id	openalex	W1524398723	1	1	publication_component:citation:publication:openalex:W1524398723	native_provider_identity	resolve_provider_identity
lookup:fa6e35fb24381645afc62afe3f9e53f20fdd34bbd75c6ca524deb33c3d3f6193	openalex	work_by_openalex_id	openalex	W2767254872	1	1	publication_component:citation:publication:openalex:W2767254872	native_provider_identity	resolve_provider_identity
lookup:fa6fcd36260ddd3f4be5667e4feec2d4943cae8a37abe1c4ad742c43a8c7b7f7	openalex	work_by_openalex_id	openalex	W2105273345	1	1	publication_component:citation:publication:openalex:W2105273345	native_provider_identity	recover_title;resolve_provider_identity
lookup:fa837541b5bd0f1fef61e159fcefe963199e3b6801543c1a6617b39d8a84e6e8	openalex	work_by_openalex_id	openalex	W4243889495	1	1	publication_component:database:publication:doi:10.7287/peerj.preprints.2300/supp-7	native_title_evidence	recover_title
lookup:fa8ab06bca13ecf08897744f64c32f958945d2160880b04dd28ef226590d1dc0	openalex	work_by_openalex_id	openalex	W4236326140	1	1	publication_component:database:publication:doi:10.7287/peerj.preprints.2300v1/supp-7	native_title_evidence	recover_title
lookup:fad2a447a27dcfea013f6c3cb4b3d91b42dc558ba47e88321afb45838368ebbf	openalex	work_by_openalex_id	openalex	W2110417468	1	1	publication_component:citation:publication:openalex:W2110417468	native_provider_identity	recover_title;resolve_provider_identity
lookup:fadb44324d80f90a8865ba40927bfb11cb6a3ab4be1b3adda32e73162a1cb356	openalex	work_by_openalex_id	openalex	W2037764264	1	1	publication_component:citation:publication:openalex:W2037764264	native_provider_identity	recover_title;resolve_provider_identity
lookup:faef205cd4701dbd8e191069cab7962c9b1ff9b4bd977112e197087e9221c2b6	openalex	work_by_openalex_id	openalex	W4229588879	1	1	publication_component:database:publication:doi:10.7287/peerj.preprints.2741v1/supp-4	native_title_evidence	recover_title
lookup:fb11f1fc2920a3e74cd82950f82c954952d2771e9d7f0704f5bedd85408c05d2	opencitations_meta	metadata_by_doi	doi	10.1101/002428	1	1	publication_component:citation:publication:doi:10.1101/002428	conflict_all_exact_evidence	adjudicate_identifier_conflict
lookup:fbb6ef93161b568785ac09a26d9404ed77f7e03107eca11e73ee75c2f062f2d7	opencitations_meta	metadata_by_omid	omid	br/06023164779	1	1	publication_component:citation:publication:doi:10.1093/gbe/evaa028/5736135	native_title_evidence	recover_title
lookup:fbe23fea6c2beed697efadd4e7fabc6d9af8c2857bfa658e9b710c7022243dd7	openalex	work_by_openalex_id	openalex	W2154164013	1	1	publication_component:citation:publication:openalex:W2154164013	native_provider_identity	recover_title;resolve_provider_identity
lookup:fc15bd16b76bcde3fa55488653e04fbe547e3eb4150ed4c28993639c53207cfc	pubmed	record_by_pmid	pmid	42241639	2	2	publication_component:database:publication:doi:10.1093/molbev/msag135;publication_component:database:publication:doi:10.1101/2025.08.27.672632	conflict_all_exact_evidence	adjudicate_identifier_conflict
lookup:fc1a616c317be7256370b2b596501f5c238b4b5a9b6d092263709b075207a443	openalex	work_by_openalex_id	openalex	W4232945669	1	1	publication_component:database:publication:doi:10.7287/peerj.preprints.377v1/supp-3	native_title_evidence	recover_title
lookup:fc40035291aa902102c74f54ccc8383e553de4030b95140143b43b300528233c	openalex	work_by_openalex_id	openalex	W2803413725	1	1	publication_component:citation:publication:openalex:W2803413725	native_provider_identity	recover_title;resolve_provider_identity
lookup:fc8e10d99aec1f71a6cc98dfc29493adf3b80bfe066a2e6ba42a5038313e56a6	openalex	work_by_openalex_id	openalex	W2006193162	1	1	publication_component:citation:publication:openalex:W2006193162	native_provider_identity	recover_title;resolve_provider_identity
lookup:fcd58272d0766ca06cceae96db137b1153a916a86538db815b33745e52112965	openalex	work_by_openalex_id	openalex	W4235511059	1	1	publication_component:database:publication:doi:10.7287/peerj.preprints.2300v1/supp-9	native_title_evidence	recover_title
lookup:fcdd24bbaf0f040fe055b02d2889b59ae2a0cf9e4db0b8f5f6b2f1076712b0da	opencitations_meta	metadata_by_omid	omid	br/06013241258	1	1	publication_component:citation:publication:doi:10.3390/ijms262110705	native_title_evidence	recover_title
lookup:fd2bbf039d929fac18a956b55ad7e91b611857e807586e1d82b52a6d70dbe8ff	openalex	work_by_openalex_id	openalex	W4250575019	1	1	publication_component:database:publication:doi:10.7287/peerj.preprints.26506/supp-1	native_title_evidence	recover_title
lookup:fd4e678068717ac14f6781e97876d53cce776e598c0edd62f1a208ece16c4b04	openalex	work_by_openalex_id	openalex	W4242300720	1	1	publication_component:database:publication:doi:10.7287/peerj.preprints.2903/supp-1	native_title_evidence	recover_title
lookup:fd65edf96e0bd6e92a0cc4583f99deebe60db41fe93ecf551dfe4140a6641314	openalex	work_by_openalex_id	openalex	W4241036277	1	1	publication_component:database:publication:doi:10.7287/peerj.preprints.27162/supp-9	native_title_evidence	recover_title
lookup:fd8fb9249eef5118871809f47bb87a029d22c5985e771c4de27628f1c2eb5577	openalex	work_by_doi	doi	10.1016/j.xgen.2026.101327	1	1	publication_component:database:publication:doi:10.1016/j.xgen.2026.101327	conflict_all_exact_evidence	adjudicate_identifier_conflict
lookup:fda3fdd890a5c1c36420f2d0136f36044b091c138817a20b8baed0533fb22e94	openalex	work_by_openalex_id	openalex	W1874771495	1	1	publication_component:citation:publication:openalex:W1874771495	native_provider_identity	resolve_provider_identity
lookup:fde3148c2ab8e2eca7a610ae0e02a32fc17611f6736ed4f7f7cd2b711561d7fc	opencitations_meta	metadata_by_doi	doi	10.1111/j.1742-464x.2010.07674.x	1	1	publication_component:database:publication:doi:10.1111/j.1742-464x.2010.07674.x	conflict_all_exact_evidence	adjudicate_identifier_conflict
lookup:fdecdc8c7af167fe14a82c04b117cc909454e84535fca6d27c07e218fc962556	opencitations_meta	metadata_by_omid	omid	br/06504232088	1	1	publication_component:citation:publication:pmid:19625772	native_title_evidence	recover_title
lookup:fe2b1d0ca3927181f0af5f5579e70467fc77e785402e52bc6bbc4ab63530e5dc	openalex	work_by_openalex_id	openalex	W4237447856	1	1	publication_component:database:publication:doi:10.7287/peerj.preprints.377v1/supp-14	native_title_evidence	recover_title
lookup:ff0d8ba36b9e02037a460e83b6156d1addae338fdb3063e94d88b18ae4d68b04	openalex	work_by_doi	doi	10.1101/026658	1	1	publication_component:citation:publication:doi:10.1101/026658	conflict_all_exact_evidence	adjudicate_identifier_conflict
lookup:ff23b427b80323c7873f45b90c5e0129db63e6bdf947265a7cbfb1a2b8c5a3cd	openalex	work_by_openalex_id	openalex	W2160535947	1	1	publication_component:citation:publication:openalex:W2160535947	native_provider_identity	recover_title;resolve_provider_identity
lookup:ff72937fe40e241ebd9e0bf64cc3a2c245559b7367cad78749fb7dd95d5f9bf3	openalex	work_by_openalex_id	openalex	W616901932	1	1	publication_component:citation:publication:openalex:W616901932	native_provider_identity	resolve_provider_identity
lookup:ffdbe517f76cddde2cc79dd2e25f184bf2a67037085b15dba3166c6a4da400d5	opencitations_meta	metadata_by_omid	omid	br/062201516522	1	1	publication_component:citation:publication:doi:10.1371/journal.pone.0004724	native_title_evidence	recover_title
lookup:ffde6bdd98212bd74961b73032ad41f0dab2553b514f7d99d4cb92772d1aabc4	openalex	work_by_openalex_id	openalex	W2787110886	1	1	publication_component:citation:publication:openalex:W2787110886	native_provider_identity	resolve_provider_identity
lookup:ffdf8713b48cebdfb04f9ff9faf2fe6d08809b823ba2424ad8fe38c150cbb554	opencitations_meta	metadata_by_omid	omid	br/06029113505	1	1	publication_component:citation:publication:doi:10.7287/peerj.preprints.1895	native_title_evidence	recover_title
lookup:ffe3bb420a9718edbce82b39cd5dbb6dbb2eabc281e73ffbbd7e7f5c6028fc89	opencitations_meta	metadata_by_omid	omid	br/06404309230	1	1	publication_component:citation:publication:doi:10.1101/146951	conflict_all_exact_evidence	adjudicate_identifier_conflict
lookup:ffed62831eb576a03337acdb976153ff4a323c52677c2bd1045d1987532fbfbd	openalex	work_by_openalex_id	openalex	W34145765	1	1	publication_component:citation:publication:openalex:W34145765	native_provider_identity	resolve_provider_identity
lookup:fffce2878b0885a213e9da6c73405b7960669466b2308a0dda1333312a8b47eb	openalex	work_by_openalex_id	openalex	W4245633248	1	1	publication_component:database:publication:doi:10.7287/peerj.preprints.621v1/supp-6	native_title_evidence	recover_title
