workspace_lane	source_queue_position	review_work_position	packet_index_within_lane	position_in_packet	screening_entity_id	retrieval_record_index	baseline_batch_id	baseline_batch_index	baseline_position_in_batch	global_active_index	baseline_row_sha256	retrieval_candidate_row_sha256	doi	pmid	openalex_id	omid	provider_used	provider_lookup_type	provider_record_id	source_body_sha256	provider_identity_status	parser_status	abstract_status	normalized_text_present	baseline_title_or_software_name	normalized_title_text	normalized_abstract_text	proposed_event_type	proposed_record_decision	proposed_exclusion_reason_code	proposed_candidate_method_flag	evidence_basis	evidence_source_locator	evidence_escalation_status	notes
manual	1	1	1	1	publication_component:citation:publication:doi:10.1093/obo/9780199941728-0088	1460	B000012	12	499	5999	d369940d1096b30ae07ba6890d191c3538e9c1b384284c49c0f9aac232d19d0b	80164d201a3c0de6370a3339eae55a3ffaf4630272456e742ee6d0a51b56c8f7	10.1093/obo/9780199941728-0088		W2789553818		openalex	exact_work_id	https://openalex.org/W2789553818	52c29978b52539ba4214188e1546b61a14e175287e9aaf60175d2d6a67e3959c	transport_validated	ok	abstract_absent	0	Detecting Natural Selection in the Genome										
manual	2	2	1	2	publication_component:citation:publication:doi:10.1101/2021.07.06.451309	2421	B000015	15	4	7004	a677d66604abe7c158be565076afbeb851ea029ad0117b0e430d04802aae8df5	98fe20b59e33332a4b3d4abce2ba6b6819c9ef05a71904a65ddb43d1617bea97	10.1101/2021.07.06.451309		W3178074861	br/061902960582	openalex	exact_work_id		e9639e3c4681ce85f852fbac48e2eeee5ba51296dbfec57c200d59b76237ab80	not_applicable	not_applicable	provider_not_found	0	Molecular adaptation to folivory and the conservation implications for Madagascar’s lemurs										
manual	3	3	1	3	publication_component:citation:publication:doi:10.1101/2022.03.22.485370	2603	B000015	15	192	7192	ca58fab5126f7fe3426323121428eded46742c07b9db3f48fcd49001c5e96582	3d5d89c394db65a3b80a3b4bb4679375680963b106dfae20571e36dcad7b2902	10.1101/2022.03.22.485370		W4229018387	br/06402127692	openalex	exact_work_id		e9639e3c4681ce85f852fbac48e2eeee5ba51296dbfec57c200d59b76237ab80	not_applicable	not_applicable	provider_not_found	0	Positive selection in gamete interaction proteins in Carnivora										
manual	4	4	1	4	publication_component:citation:publication:doi:10.1101/2024.09.24.614677	3092	B000016	16	191	7691	07170abab3bc5d20d6499203a275e33b58a66515463216ba8a76ef94a2f576c0	4799ee24ce4b70c27e1c174c31a5c9d0018e9f67b314e6b4768fcd4f500bb796	10.1101/2024.09.24.614677		W4402860352	br/06404880817	openalex	exact_work_id		e9639e3c4681ce85f852fbac48e2eeee5ba51296dbfec57c200d59b76237ab80	not_applicable	not_applicable	provider_not_found	0	Recognition of phylogenetically diverse pathogens through enzymatically amplified recruitment of RNF213										
manual	5	5	1	5	publication_component:citation:publication:doi:10.1101/289488	3348	B000016	16	449	7949	a67c6a27128879832acd70ebe6cb338083f9ee4e0e12c6eb2976315886c27869	e233107715229e7aaa9f9b1212264ed9b61c9803d6d4e4d37e8a13a2d2438ef0	10.1101/289488		W2951692545	br/06402734092	openalex	exact_work_id		e9639e3c4681ce85f852fbac48e2eeee5ba51296dbfec57c200d59b76237ab80	not_applicable	not_applicable	provider_not_found	0	Tissue-specific transcriptome for Poeciliopsis prolifica reveals evidence for genetic adaptation related to the evolution of a placental fish										
manual	6	6	1	6	publication_component:citation:publication:doi:10.1101/627182	3492	B000017	17	99	8099	3ac0cca5867a2c732ab69dbbd0be30da85f8855379208a81b5a1c53c14401c15	68f9b70101c5e0f55db0842d8733f76c713cecdfb26d0376cd0078773dccd2b1	10.1101/627182		W2942922667	br/06102691011	openalex	exact_work_id		e9639e3c4681ce85f852fbac48e2eeee5ba51296dbfec57c200d59b76237ab80	not_applicable	not_applicable	provider_not_found	0	Molecular signatures of selection associated with host-plant differences in Pieris butterflies										
manual	7	7	1	7	publication_component:citation:publication:doi:10.1101/735175	3535	B000017	17	144	8144	008767d9a3ab423b595b42b97fbe9cc5e7cf6792c9cb659c9b308aec6fd59d1d	bb7ed45587747f3281665bd3ad3895bbb8a665de69d70ff61b8117a3bbbdc8ec	10.1101/735175		W2967995881	br/061902289185	openalex	exact_work_id		e9639e3c4681ce85f852fbac48e2eeee5ba51296dbfec57c200d59b76237ab80	not_applicable	not_applicable	provider_not_found	0	Synteny-based analyses indicate that sequence divergence is not the main source of orphan genes										
manual	8	8	1	8	publication_component:citation:publication:doi:10.1111/mec.70161	4412	B000019	19	51	9051	a7627efa13464c87c18ed7c4996843ab68c8b0ed990eedd2125aabb43914d223	1c86ab75e482b10d39fd66ddc7b3004b511c6ff714fb198d31f028c316df38f8	10.1111/mec.70161	41132123	W4415501912	br/06014136971	openalex	exact_work_id	https://openalex.org/W4415501912	bc0afb26e1a109efc2a1b498ca8598708859fc431ba8283c284f1d407b9444e7	transport_validated	ok	abstract_absent	0	Linking Comparative Genomics, Morphology and In Vitro Assays to Understand Deep Diving in Cetaceans										
manual	9	9	1	9	publication_component:citation:publication:doi:10.11234/jsbibr.2021.7	4738	B000019	19	389	9389	8be7dc35f06877b70c2f7cea4c1880f3457a4494bc0a7870c44484d5ee9155e0	cad0cde48754cf3dc37908d65fefffbb60f1b8c1cbd5980558c6b0627254d02a	10.11234/jsbibr.2021.7			br/06410249802	openalex	exact_doi		e9639e3c4681ce85f852fbac48e2eeee5ba51296dbfec57c200d59b76237ab80	not_applicable	not_applicable	provider_not_found	0	分子系統解析の最前線										
manual	10	10	1	10	publication_component:citation:publication:doi:10.11234/jsbibr.2023.primer2	4739	B000019	19	390	9390	bcce62e6bbcb5d14a37ccd40ed8c2bf4827587627c6f635ec3a9fc1da57eb9f8	0acefba9938ae9440f1f68db4db3c6d5bab41f478a39e7eb10c98d68d8a7db4a	10.11234/jsbibr.2023.primer2			br/06016904653	openalex	exact_doi		e9639e3c4681ce85f852fbac48e2eeee5ba51296dbfec57c200d59b76237ab80	not_applicable	not_applicable	provider_not_found	0	Covid-19パンデミック下におけるウイルスゲノム疫学の発展										
manual	11	11	1	11	publication_component:citation:publication:doi:10.1134/s1607672909020094	5166	B000020	20	321	9821	c4b23e4ce115ed0899e348aa398969b629adebc15c597641c9a80a8a3c75f36c	33d36d07122671b3529347d2781e09e74742008468ef61e57f9c2a5472a37fb6	10.1134/s1607672909020094	19496330	W2016856116	br/06602466508	openalex	exact_work_id	https://openalex.org/W2016856116	791a288dd0b87cea10cbbe81ea0e1f08daa53d8f0ad6bf6ff9d13b617dd1e45b	transport_validated	ok	abstract_absent	0	Adaptive evolution of genes of archaea belonging to the genus Pyrococcus associated with adaptation to life under high-pressure conditions										
manual	12	12	1	12	publication_component:citation:publication:doi:10.1142/9789812838780_0012	5191	B000020	20	346	9846	9dab4fbca7a29cd0407f700a98a1f7bc32ace276a0571a01c27666ceb73c0e8d	80f02ec5bad4feaa7fe9e97a665528fb818d6e3f48a0f572072a5f3c362f25e0	10.1142/9789812838780_0012		W2503507979		openalex	exact_work_id	https://openalex.org/W2503507979	4b8d29e4227d02f224fe4a1ed5089c30689cc7f4733e14979594167779331b76	transport_validated	ok	abstract_absent	0	Phylogenetic Tree Building Methods										
manual	13	13	1	13	publication_component:citation:publication:doi:10.1142/9789814350686_0014	5192	B000020	20	347	9847	15876cf20105fa82b5dbb5b66cc10e1bd48e21b983e2266b1f067043291fb851	8123fde229852190c27077a3f2a71d6174e97e506a4c9f98dc8676b3b4f22a34	10.1142/9789814350686_0014		W2497736327		openalex	exact_work_id	https://openalex.org/W2497736327	665496f38dfa1da7537f4d0c0277591d037c8a5a7fd3ca7480c27f1ec0d652ec	transport_validated	ok	abstract_absent	0	Detecting Genomic Signals of Selection and the Development of Models for Simulating the Evolution of Genomes										
manual	14	14	1	14	publication_component:citation:publication:doi:10.1175/1520-0493(1950)078<0001:vofeit>2.0.co	5283	B000020	20	439	9939	69124d9c74e6aec1aaec898714bb1fac824c975266aaa1585faff09aa793c51b	0454d7930da3486fe574441bf327912daa036e845534f65686113a639786ba31	10.1175/1520-0493(1950)078<0001:vofeit>2.0.co			br/06220945537	openalex	exact_doi		e9639e3c4681ce85f852fbac48e2eeee5ba51296dbfec57c200d59b76237ab80	not_applicable	not_applicable	provider_not_found	0	Verification Of Forecasts Expressed In Terms Of Probability										
manual	15	15	1	15	publication_component:citation:publication:doi:10.1186/s12862-017-0875-5	5673	B000021	21	340	10340	eb27a7b853005904a3d2c6a26956e777689018bff7b98e5fef985cfda9082547	bc582300ca0d1ed09a895e31b9400963470bafb34f0aa107c91f521bc1ad849a	10.1186/s12862-017-0875-5	28193159		br/06801475466	openalex	exact_doi	https://openalex.org/W2588078091	9fbc75821c37dc110ca70cd706baa38e8797a18fa7e53b9d2cbdce3cb56d90fa	transport_validated	ok	abstract_absent	0	Erratum To: Phylogenomics Of Strongylocentrotid Sea Urchins										
manual	16	16	1	16	publication_component:citation:publication:doi:10.1201/b17795-3	6392	B000023	23	76	11076	a2accecd5f0b5727a1a871039aad09c91a1858e1a44cc8e4502ede27f95a49fe	1773ed1ffa39a845546aff812cfd0b2eed5312a4fc90f59601cc2eefaa1993b0	10.1201/b17795-3		W2487235083		openalex	exact_work_id	https://openalex.org/W2487235083	84176c6cb2eba563f7ffb1cf33580f6056f54d27189af240102a8b4a80e9473f	transport_validated	ok	abstract_absent	0	Identifying Evolution Signatures in Molecules										
manual	17	17	1	17	publication_component:citation:publication:doi:10.13140/rg.2.1.4351.7043	6445	B000023	23	130	11130	3b7db5616b3bccd13a7a40ad7cdd8828fa2afe5c3250fdd459cd79e62980daba	75c6a4296a2a495e29c5f5d3ab9dcac2e83df633c1ae1f1aaea3b547a48f7481	10.13140/rg.2.1.4351.7043		W2358636181		openalex	exact_work_id	https://openalex.org/W2358636181	9fe685fde033afb20f274f2e6cefae438a1a739f44f56544843a861f2fff8517	transport_validated	ok	abstract_absent	0	A SURVEY OF THE COMMON LOON (Gavia immer) GENOME REVEALS PATTERNS OF NATURAL SELECTION										
manual	18	18	1	18	publication_component:citation:publication:doi:10.1371/journal.pcbi.1004763	6517	B000023	23	204	11204	08c5b7508aa91775961bf84b6d623a59927e4bb736629d076ad34a1f69674255	2460cfb89be5ff09ae162edc2450fba803e6a995c2a3a5a28f9b4e364d6051e5	10.1371/journal.pcbi.1004763	27404731	W3189492453	br/06801802642	openalex	exact_work_id	https://openalex.org/W3189492453	54f6bc8932bee5a3f2ecbe656c42e97e1c3fdaf7e308598d11368dfbf87ee078	transport_validated	ok	abstract_absent	0	Ancestral Reconstruction										
manual	19	19	1	19	publication_component:citation:publication:doi:10.14271/dms-20792-de	7131	B000024	24	340	11840	c4439cced8af2da05e693f4ac0513f8587add3310a6228a668468e3c32fbd636	769946c41e62ff6c34de62980b358066e2013682a2a8d0569ad57a8aa6e12c96	10.14271/dms-20792-de		W2617709212	br/061902605739	openalex	exact_work_id	https://openalex.org/W2617709212	d34146c7ded59d8ce3277a63b447c3d4bb00e6b51ee241545637db5c513e6dea	transport_validated	ok	abstract_absent	0	Das Genom der weißbeerigen Mistel (Viscum album)										
manual	20	20	1	20	publication_component:citation:publication:doi:10.14418/wes01.2.416	7134	B000024	24	343	11843	e2a216b5307dc69eb76f1e0f24e16a5e21b6a54d5ab726879e17c6fd56d2372e	93c89e9f334907b4e39b4f6870a6035464d87e7cb0de5c13c1a2888bd7f7d580	10.14418/wes01.2.416		W4385070364		openalex	exact_work_id	https://openalex.org/W4385070364	58eee25c21032959f6a949aff04d079ad48d57dbabbd3dd96f7c557c23391f3a	transport_validated	ok	abstract_absent	0	Embracing Change: A Look into the Ecological Diversification of Bacillus atrophaeus in Death Valley National Park using Whole-Genome Analysis										
manual	21	21	1	21	publication_component:citation:publication:doi:10.14418/wes01.3.37	7135	B000024	24	344	11844	80201513320ab19e4f4f7dc2f0ddce49b9d544e35d6d24d86d6f5b514a91ba4b	d44a3154bddaf92e828e1944b228d1fd44d79c0b44e484c27125fb43b73738da	10.14418/wes01.3.37		W2601174418		openalex	exact_work_id	https://openalex.org/W2601174418	60a89f102eaabc0c67c00edb34158c1b02ddd72ca55c676104761591e135982f	transport_validated	ok	abstract_absent	0	Ecological Dimensions of Significance in Diversification of OF BACILLUS SUBTILIS AND BACILLUS LICHENIFORMIS										
manual	22	22	1	22	publication_component:citation:publication:doi:10.15476/elte.2020.106	7248	B000024	24	464	11964	5b73756c7976a729ca1c2c12cbcfd307d84ff7d28132e6723cdfe039d4219f57	0fff630e6d5fb0e86cf151a9cf10567cf6a121b30c028deb8a42fe80e34a21dc	10.15476/elte.2020.106		W4323360548		openalex	exact_work_id	https://openalex.org/W4323360548	a2bc1a551d58bf0e8ed2eef6b11ad38f5bd03b8fe7d227560f79937763368794	transport_validated	ok	abstract_absent	0	A rendezetlen fehérjék evolúciós vizsgálata										
manual	23	23	1	23	publication_component:citation:publication:doi:10.17582/journal.pjz/20180503070501	7296	B000025	25	13	12013	72a259f159370d2e57e8cb6587e4d85042f3ea8980986ae0d8fea562a55d65e7	05ef6e11d821c8dd7270d61d49753a1b32daab1e59b388aab9ba6c178488e892	10.17582/journal.pjz/20180503070501		W3002480202		openalex	exact_work_id	https://openalex.org/W3002480202	85bc08cc182ae7d3f400465f004f4d34c6cee1002aed752c7928c5b210e2f320	transport_validated	ok	abstract_absent	0	Structural Characterization and Evolutionary Analysis of Toll-Like Receptor Gene Family in African Hunting Dog										
manual	24	24	1	24	publication_component:citation:publication:doi:10.17660/actahortic.2019.1254.21	7298	B000025	25	15	12015	1ca346babf447a094d4f5182ddcba169998abf56608bd392286cfb7845689b4c	bfc8107e0f7a902520d99b6ce7a4ecc9c593e6bb1b80821e3f613306c1a130cf	10.17660/actahortic.2019.1254.21		W2980687167	br/06201246316	openalex	exact_work_id	https://openalex.org/W2980687167	52d2ed782d6020dae14728e1f351f31e2b4f3946c3ceb3de69ecdced129c2e80	transport_validated	ok	abstract_absent	0	Quick convergent evolution of MBW complex for pomegranate fruit coloration										
manual	25	25	1	25	publication_component:citation:publication:doi:10.18653/v1/w16-0205	7328	B000025	25	46	12046	fef298b013c5943d0e510d068673fad25f3e8e7b38f79de6acb77c23fc488a00	c1cce4e2588f4d0671114c0412f578ed7a4190506c44c2b878911c412f49847a	10.18653/v1/w16-0205		W2513477448		openalex	exact_work_id	https://openalex.org/W2513477448	070f4e087e341d8d1b1e8f3173ff86f57df99d0e1bf266f3da9bc247885fb76e	transport_validated	ok	abstract_absent	0	Reconstructing Ancient Literary Texts from Noisy Manuscripts										
manual	26	26	1	26	publication_component:citation:publication:doi:10.18699/bgrssb-2018-113	7329	B000025	25	47	12047	1ceab75eac8fc377f91111d583952d9eed4d7b0206099a9f9a9992e87f2e7656	f5eae63dd7ff1a4e839e7fe3aa520a93b3586729994b43c9ee0a1b991e80c32b	10.18699/bgrssb-2018-113		W4240010753		openalex	exact_work_id	https://openalex.org/W4240010753	448152557a69b89ae9d9de628a25724d4b3f62e4c2362b5f0b7f85eabdf820ab	transport_validated	ok	abstract_absent	0	On evolutionary analysis of gene networks by the Orthoscape software										
manual	27	27	1	27	publication_component:citation:publication:doi:10.21105/joss.09797	7357	B000025	25	76	12076	bec27338d6435e465b45285647ede6d78a053b7141076ec252de2a09b639fd47	463d79d2d0545fef2fbb5d996b54258c7189dcb170def62b2913fcb60c16087c	10.21105/joss.09797		W7136423682		openalex	exact_work_id	https://openalex.org/W7136423682	0bfb760e13d4e2f683bdf398781bfcf8a9db3ab168ae6bd3139bbe9b17e16fd9	transport_validated	ok	abstract_absent	0	scoup: Simulate Codon Sequences with Darwinian Selection Incorporated as an Ornstein-Uhlenbeck Process										
manual	28	28	1	28	publication_component:citation:publication:doi:10.21203/rs.2.10527/v1	7363	B000025	25	82	12082	1100587fc7f05ff9797ca5c055e5d561b3254b2ba3fdcfbde4fddf1912a75215	61c1a2dc1beaa9482e45a0fbf2e3b5674bdb289ac4f4951908016b159360acfc	10.21203/rs.2.10527/v1		W4255300240		openalex	exact_work_id	https://openalex.org/W4255300240	361ada1c7038794be30865601e8bee0305e81a1d27e9b618c613124f0e208248	transport_validated	ok	abstract_absent	0	Genome-wide identification, expression profiles and regulatory network of MAPK cascade gene family in barley										
manual	29	29	1	29	publication_component:citation:publication:doi:10.21203/rs.2.10527/v2	7364	B000025	25	83	12083	d7d5786f4d0a26ad6fbfc57b6a4f210b1ff7b9b6340d8e29d95aeec6f79c72af	b64a79b0486c2ecfa5e0c2d347f7de0054638242f918d798773873a1e5c93614	10.21203/rs.2.10527/v2		W4243080779		openalex	exact_work_id	https://openalex.org/W4243080779	9e7cb8d4cc4f5acf088f32fd6f91dce594ec224baca086554e9a5dc022580641	transport_validated	ok	abstract_absent	0	Genome-wide identification, expression profiles and regulatory network of MAPK cascade gene family in barley										
manual	30	30	1	30	publication_component:citation:publication:doi:10.21203/rs.2.10527/v3	7365	B000025	25	84	12084	dc3bfe68a1bc6353b663c3c7c007425e2138d9a56b804b368d5105e2acb9fece	1ac184254f6d3a049bff60825f1900d49ca2b1e3bb6ff7e1b527f43d88a73069	10.21203/rs.2.10527/v3		W4239674364		openalex	exact_work_id	https://openalex.org/W4239674364	d0523221bfe73e616fdf4091852cb312348e74fb00fac59643c04df5a76c494e	transport_validated	ok	abstract_absent	0	Genome-wide identification, expression profiles and regulatory network of MAPK cascade gene family in barley										
manual	31	31	1	31	publication_component:citation:publication:doi:10.21203/rs.2.13421/v2	7368	B000025	25	87	12087	5a49e16880b0307f623599fc1b8a8840dd91b9f875ca1d3d9ca4e390d7fcbcfe	b95c9192b29eeda8a33e4c1fae23af3f98f117d5b185da9c817d18b0e975a1d4	10.21203/rs.2.13421/v2		W4243053895		openalex	exact_work_id	https://openalex.org/W4243053895	4c756e6a555e38b54fa35be159cf986f6bb2ebac4f2bd910fc15d2de21a3828d	transport_validated	ok	abstract_absent	0	Genome-wide analysis of wheat DNA-binding with one finger (Dof) transcription factor genes: evolutionary characteristics and diverse abiotic stress responses										
manual	32	32	1	32	publication_component:citation:publication:doi:10.21203/rs.2.13421/v6	7372	B000025	25	91	12091	323bf050c14c6a92f3bbc54cace38b1e9379bf5074f7c0d8692b2677dd0b506d	c3219c581ba237df6f312e51298c63322f3c6a0fce93fe433829da0977a960ac	10.21203/rs.2.13421/v6		W4256094698		openalex	exact_work_id	https://openalex.org/W4256094698	e30cdc83a0687c879d745f098a878bf019eb99c86c76312a4b8dad03f90938b1	transport_validated	ok	abstract_absent	0	Genome-wide analysis of wheat DNA-binding with one finger (Dof) transcription factor genes: evolutionary characteristics and diverse abiotic stress responses										
manual	33	33	1	33	publication_component:citation:publication:doi:10.21203/rs.2.16759/v1	7377	B000025	25	96	12096	2dda25ae24df264f625b8ab4f42b84391fb52959766962196c524827b4bec70c	7eff8f7b4afb8be823b69f3bbc0f9188739745c80874c8de9cdb139ac85bbea9	10.21203/rs.2.16759/v1		W4256253659		openalex	exact_work_id	https://openalex.org/W4256253659	bbde8a9283ebbd5672b6136bbd25f63a95638c55023c2d421c5c97454ae2cab8	transport_validated	ok	abstract_absent	0	Comparative transcriptome analysis reveals evolutionary divergence and shared network of cold and salt stress response in diploid D-genome cotton										
manual	34	34	1	34	publication_component:citation:publication:doi:10.21203/rs.2.16759/v2	7378	B000025	25	97	12097	e4bc6ef45a1c081330c62f7f6aca926a4c04b26b3b7251703c8dc95fd6f9941a	8a4bae559e1d6523d9ddecf6d3491eee9661f603c98b14c01f3c38d3e5883e88	10.21203/rs.2.16759/v2		W4246996904	br/06303985774	openalex	exact_work_id	https://openalex.org/W4246996904	72704a8def84465086fb10f7ec54c6e4308842e26baf895cd70fc86489789f33	transport_validated	ok	abstract_absent	0	Comparative transcriptome analysis reveals evolutionary divergence and shared network of cold and salt stress response in diploid D-genome cotton										
manual	35	35	1	35	publication_component:citation:publication:doi:10.21203/rs.2.22057/v2	7386	B000025	25	105	12105	907163a5e03368ee0957c0a79b8a3d61ebb9c82310abd5e04d995502e1b6fc0d	79af60540d021f0dbcbdd1c76b34f893d3928126b90e08bd6b145bdbf3f52eaa	10.21203/rs.2.22057/v2		W4256578404		openalex	exact_work_id	https://openalex.org/W4256578404	a1e891ca2664bbe412c1f6643571ef966dfb0bb8c1e908059700da1bf7937226	transport_validated	ok	abstract_absent	0	Genomic Characterization of an Emerging Enterobacteriaceae Species: the First Case of Co-infection With a Typical Pathogen in a Human Patient										
manual	36	36	1	36	publication_component:citation:publication:doi:10.21203/rs.2.9147/v2	7389	B000025	25	108	12108	ecf860ba726bfa6a6b2cee768c25a4a033221f68f21624a24e99c5440228930e	e8befd53c47a415ba79985242f987417f6e1da132d8890efb29624832ccb2a86	10.21203/rs.2.9147/v2		W4232024404		openalex	exact_work_id	https://openalex.org/W4232024404	b7222d7d000f622577c4a8bffee7d71ff09a8c8ad8bd07c7e2d001bdfbae8b9b	transport_validated	ok	abstract_absent	0	Human metapneumovirus prevalence and patterns of genotype persistence identified through surveillance of pediatric pneumonia hospital admissions in coastal Kenya, 2007-2016										
manual	37	37	1	37	publication_component:citation:publication:doi:10.21203/rs.2.9147/v3	7390	B000025	25	109	12109	2f8a91e95b74bf182f76a3f501a2c5929f2c87f725c48cdeebd65534671f35ba	b2b36b3abc54f51c8c53667dc6ec9b9b735aee06ad2bd7d5d0a946c199339167	10.21203/rs.2.9147/v3		W4205882181		openalex	exact_work_id	https://openalex.org/W4205882181	b7ea051f0002d0eaab34c696bcfdec0615a0a9390b1b4c1aa0638eeec92261a1	transport_validated	ok	abstract_absent	0	Human metapneumovirus prevalence and patterns of genotype persistence identified through surveillance of pediatric pneumonia hospital admissions in coastal Kenya, 2007-2016										
manual	38	38	1	38	publication_component:citation:publication:doi:10.21203/rs.3.rs-10328145/v1	7397	B000025	25	116	12116	5658e535ec72e8dbc9cf5c96d4b1e372dc74a014d67007f1c288f11b3e378810	7bc05b0d82d6cc0646a2c8ec48dff8c476534ec044ef202b2a5d48c3821eeb02	10.21203/rs.3.rs-10328145/v1		W7170910544		openalex	exact_work_id	https://openalex.org/W7170910544	78305706a39bca5e98f1560331f1969f8f76d7ca873e30b86728b0e80715d98a	transport_validated	ok	abstract_absent	0	Similarity analysis of DNA sequences through local distribution of nucleotides in strategic neighborhoods										
manual	39	39	1	39	publication_component:citation:publication:doi:10.21203/rs.3.rs-10347038/v1	7398	B000025	25	117	12117	34a649aa842d4926469b4dc1255bd8212ef2aa9f73b1b6affe926e9165fb6bbd	7aaf65b7fa3c71c2877eb6972312ff32af764e357f6977920036ad047420969b	10.21203/rs.3.rs-10347038/v1		W7172306364		openalex	exact_work_id	https://openalex.org/W7172306364	de8737f0639fba69f8cae152944232616d76020a3802bddeef00fbb868bdf325	transport_validated	ok	abstract_absent	0	Characterization of Porcine Parvovirus 6 detected in domestic pig in Nigeria using Metagenomic Sequencing, Immuno-informatics and Capsid Structure Modeling										
manual	40	40	1	40	publication_component:citation:publication:doi:10.21203/rs.3.rs-10411590/v1	7399	B000025	25	118	12118	b40adea3c9df4df9e231b59bb1296b49d03fbe517c9917c5f9ac74d4b001f1af	5ca9d44c48bfd21d7d993c7155e3652c146fe46758a6c42937d3bd3b1501af26	10.21203/rs.3.rs-10411590/v1		W7204650613		openalex	exact_work_id	https://openalex.org/W7204650613	5ae5d79e82a1f00f0cd90d3aa22a115139682725687e994d6d64c506bfa0e45d	transport_validated	ok	abstract_absent	0	Locus-resolved reconstruction of the pig UGT family reveals an isoform-collapse artifact in frozen ESM-2 retrieval										
manual	41	41	1	41	publication_component:citation:publication:doi:10.21203/rs.3.rs-10508252/v1	7400	B000025	25	119	12119	199d5ef689fcab592e776b845aa6feccde955cfdc4cc8ed388cd4b693fc78496	763e6e87b07459efb34e338cc1a44d29ec974bbfe1815be541b430d6886b0fd3	10.21203/rs.3.rs-10508252/v1		W7201874711		openalex	exact_work_id	https://openalex.org/W7201874711	a37ca0b6344e9c15e506f5f1dbcd724f7c94549045c9a66515b7078c080e488f	transport_validated	ok	abstract_absent	0	Genetic Diversity of MHC Class I Genes in the Asiatic Ibex (Capra sibirica) along an Altitudinal Gradient										
manual	42	42	1	42	publication_component:citation:publication:doi:10.21203/rs.3.rs-10863387/v1	7401	B000025	25	120	12120	825b1f191be556d312bfcf2e0e800a51ff12360ad6001d4b94d3cfcc1999d0da	152bf043ce8e847f2671119a9fda0013d6d3483f6b20c950f6f6f323c86f314b	10.21203/rs.3.rs-10863387/v1		W7204943020		openalex	exact_work_id	https://openalex.org/W7204943020	1c55f5c89ce88cd282cbf2100670e0e25e90bb14565a727ca52ee05203b61f02	transport_validated	ok	abstract_absent	0	Chromosome-level genome of the white jade snail reveals conserved genomic architecture and functional divergence from wild Achatina fulica										
manual	43	43	1	43	publication_component:citation:publication:doi:10.21203/rs.3.rs-10882273/v1	7402	B000025	25	121	12121	b51004fa2a9c175a581f9c0034e46b8f5e2777a534432df98f9c386e05867136	4c5b3fb5278da73cb723b7312ac76603b21bf9a8f49d15004782f840f7b53e2f	10.21203/rs.3.rs-10882273/v1		W7214005644		openalex	exact_work_id	https://openalex.org/W7214005644	ee697f24058643e0f63bd84d5b74bdf8a814873a173a367df87fe78405f4f4a3	transport_validated	ok	abstract_absent	0	A chromosome-level genome of Protaetia brevitarsis reveals genomic and transcriptomic signatures of larval–adult ecological differentiation										
manual	44	44	1	44	publication_component:citation:publication:doi:10.21203/rs.3.rs-10998138/v1	7404	B000025	25	123	12123	6932714a5db68e8e490c6c1f8ad211de6dd901455903e814ecaeb267e47da611	a335c707d581df3145b0872cb7f811d4ed48bf0b6440305e75327726b0bca3e1	10.21203/rs.3.rs-10998138/v1		W7213931556		openalex	exact_work_id	https://openalex.org/W7213931556	b75ac5f6eb15300f08b4fb4d03d81f838485dc9e7bad48b79915b7b33eed7754	transport_validated	ok	abstract_absent	0	Chromosome-level genome assembly of Aralia cordata unveils evolution history and genomic landscape diversification in Aralia-Panax										
manual	45	45	1	45	publication_component:citation:publication:doi:10.21203/rs.3.rs-112815/v1	7406	B000025	25	125	12125	6ede0cd94ee8b7d9e91c9538473834cc95a774f330fa9ea56989dfdfb2accd12	8bebc40ff70872acf97e09d0c3e1b893df5cabe87f994b3779e207d55875fd62	10.21203/rs.3.rs-112815/v1		W3123548863		openalex	exact_work_id	https://openalex.org/W3123548863	a3710cdaf33508736b5be693b3fda457f1901a5e52bb1d148190b2142c22136e	transport_validated	ok	abstract_absent	0	New insights into the genetic mechanisms of body size evolution in Carnivora										
manual	46	46	1	46	publication_component:citation:publication:doi:10.21203/rs.3.rs-112826/v1	7408	B000025	25	127	12127	eb3af6cb222dfa261dc53c097540c0b502d0b3d2a7bb01d793a6e378be6d3420	1a10c0f14fe3ba627985b4aeb7273a76ab8522c26f898fc575dfb89bf5602508	10.21203/rs.3.rs-112826/v1		W3115111419		openalex	exact_work_id	https://openalex.org/W3115111419	a34ffd724661d39dfc9f0e4078d1b25f6bdd3548cdf0b13bc3dab8ca0fefbf39	transport_validated	ok	abstract_absent	0	The MEP-pathway genes are polyphyletic origin and evolutionary conserved										
manual	47	47	1	47	publication_component:citation:publication:doi:10.21203/rs.3.rs-1146895/v1	7409	B000025	25	128	12128	f8be747edd61bb0cc23ac9a7f091ebab2384099699343ea5343b23772d97400f	527d1e0e7d8aa8e5b6946e29d3b1b43426c2e52bd30ae6d698d9d4b3ad81228c	10.21203/rs.3.rs-1146895/v1		W4200525607		openalex	exact_work_id	https://openalex.org/W4200525607	ad2cba0e11a1ef58b4ff074f1432ebaf7f909a23807cc04d886618073b161d08	transport_validated	ok	abstract_absent	0	Plagued by a cryptic clock: Insight and issues from the global phylogeny of Yersinia pestis										
manual	48	48	1	48	publication_component:citation:publication:doi:10.21203/rs.3.rs-1424490/v1	7422	B000025	25	141	12141	f6b32276e1359c95da14997adfb2970a53245972405b1de5cb90e2220637e481	b6500282cb1bee70db6c0bba78de5a2ebe68796865705fd2d41b3a2f45e5d7e5	10.21203/rs.3.rs-1424490/v1		W4220685036		openalex	exact_work_id	https://openalex.org/W4220685036	54efc7d157783cb773e502a6183118c7714409da212b3ba8ab8365950720edfe	transport_validated	ok	abstract_absent	0	The highest-elevation frog provides insights into mechanisms and evolution of defenses against high ultraviolet radiation										
manual	49	49	1	49	publication_component:citation:publication:doi:10.21203/rs.3.rs-1828415/v1	7434	B000025	25	153	12153	8afb3bb89bb45a2ee569b5e0d21732377122f965d69a083b91f643e93c9bbe52	d80df28cb0054c64b60e75634d20b01608919fccdd528bd582ba57b1b2482f59	10.21203/rs.3.rs-1828415/v1		W4289261769		openalex	exact_work_id	https://openalex.org/W4289261769	358153a4e7ed4541a663f7280aca76da9e1b694959a6d67a67f485e8fb4a77da	transport_validated	ok	abstract_absent	0	A deeper insight into the deepest vertebrate of the sea										
manual	50	50	1	50	publication_component:citation:publication:doi:10.21203/rs.3.rs-1828415/v2	7435	B000025	25	154	12154	18a87d83c21a222b51df5e43e56438b6e67b87ab98a15d90d201b3e8e5d41c66	0e7befc58ec4e7869292d98b0ae1c6d5ddb44bacb672b1c9d2fae38901b15ec9	10.21203/rs.3.rs-1828415/v2		W4366160630		openalex	exact_work_id	https://openalex.org/W4366160630	09581fdc9849d27c318e3d99fad61cdcd192ae1241713108d8b99a889b2441a9	transport_validated	ok	abstract_absent	0	Chromosome-level genome assembly of hadal snailfish reveals mechanisms of deep-sea adaptation in vertebrates										
manual	51	51	1	51	publication_component:citation:publication:doi:10.21203/rs.3.rs-1828415/v3	7436	B000025	25	155	12155	8fd192cf90ce913437360fd230e49f39f097616030ade7347e8f4ad6af088760	5f6059ac82e4a762ca796c61b8cfe7068f5bd5a70b37b009926dff778f9de3d7	10.21203/rs.3.rs-1828415/v3		W4387521854		openalex	exact_work_id	https://openalex.org/W4387521854	15fd2ee0425af40a5f3de0cfd937f37e33c5c252406613584d7904c0c2a0215f	transport_validated	ok	abstract_absent	0	Chromosome-level genome assembly of hadal snailfish reveals mechanisms of deep-sea adaptation in vertebrates										
manual	52	52	1	52	publication_component:citation:publication:doi:10.21203/rs.3.rs-20447/v1	7439	B000025	25	158	12158	fb37621b8a8ad4be8ab57e5af09c8775859e2e98258d2e708985f47a286495ec	c3f9d5b17dea9aae598e6e5b1e3ce0c19718492e584abfd585401cc394dd5d73	10.21203/rs.3.rs-20447/v1		W4245414043		openalex	exact_work_id	https://openalex.org/W4245414043	3ea84f4865ebde13141aaf95ef6e7b097cb7fc989f9ca5ddae7b7c94a9c0dd35	transport_validated	ok	abstract_absent	0	Detection of subgenome bias using an anchored syntenic approach in Eleusine coracana (finger millet)										
manual	53	53	1	53	publication_component:citation:publication:doi:10.21203/rs.3.rs-20447/v2	7440	B000025	25	159	12159	1ae80b57249365a842180b6be15d8612d3c337974a0e7aca92f564294b86b665	e29ff43748f8299e56ef063b1620d6eae4bad4efe1136559c01ed13b1079855a	10.21203/rs.3.rs-20447/v2		W4252300741		openalex	exact_work_id	https://openalex.org/W4252300741	787f89f3fde1fceb767b268ce7db1754ce71d00b28496fddbcec3f7eed97ad84	transport_validated	ok	abstract_absent	0	Detection of subgenome bias using an anchored syntenic approach in Eleusine coracana (finger millet)										
manual	54	54	1	54	publication_component:citation:publication:doi:10.21203/rs.3.rs-20447/v3	7441	B000025	25	160	12160	56e8d65f333e574c0cffc1aaadbb618ccd6c3ef311a47910a1bd4ecde6c49e9a	13079cc89850f2997acf054c0b7757f148acacad40fbd227080cdd58a3eaeb49	10.21203/rs.3.rs-20447/v3		W4231274191		openalex	exact_work_id	https://openalex.org/W4231274191	b301e0778ebe2af4d8356483a9fc33344a799951de70f2d2fedd86787dad460c	transport_validated	ok	abstract_absent	0	Detection of subgenome bias using an anchored syntenic approach in Eleusine coracana (finger millet)										
manual	55	55	1	55	publication_component:citation:publication:doi:10.21203/rs.3.rs-20447/v4	7442	B000025	25	161	12161	54f8c658228d2be815a07c6bc7d4be0f69b5668e0c6859cb61f5b45785b64730	1daca0cec6dba7e95a7fc3a13e95a7c16480d2e986ce8ad7312b0b1e3e70933d	10.21203/rs.3.rs-20447/v4		W4239010154		openalex	exact_work_id	https://openalex.org/W4239010154	da43c8759b8529c91f80ad145f30afd4bbbe6d8b7be01ac3f7f9355091d3726d	transport_validated	ok	abstract_absent	0	Detection of subgenome bias using an anchored syntenic approach in Eleusine coracana (finger millet)										
manual	56	56	1	56	publication_component:citation:publication:doi:10.21203/rs.3.rs-2107395/v1	7446	B000025	25	165	12165	d2e4b5ce6ea54935ceffca14c2b8d2822b69ec6317fdf3e858d72a94c0738b82	fe8303852d624727178b0f5d24b940c261f4225e0b903b778756c1472e7b9b6f	10.21203/rs.3.rs-2107395/v1		W4297341529	br/061803466500	openalex	exact_work_id	https://openalex.org/W4297341529	d96b3ca3bfc4e1b824670de5430fc18d4232b64ab230f609fb8c1019c4c535a2	transport_validated	ok	abstract_absent	0	Resurgence of Omicron BA.2 in SARS-CoV-2 infection-naive Hong Kong										
manual	57	57	1	57	publication_component:citation:publication:doi:10.21203/rs.3.rs-2166905/v1	7451	B000025	25	170	12170	d181bca2275482ec3743f8ea69d3446cd880436be9992d23c493bb0087663635	e24f30b05c4b48336e517757b2bf9182b9eb637dd26cf72ff6400d4b35d40fba	10.21203/rs.3.rs-2166905/v1		W4309653453	br/06803972459	openalex	exact_work_id	https://openalex.org/W4309653453	f13a0ac6f12b924f61ed22fc11ae4c49f39abed16af6d6f9892ddbcd0934e0c7	transport_validated	ok	abstract_absent	0	Comparative genomic analysis of five Coprinus species										
manual	58	58	1	58	publication_component:citation:publication:doi:10.21203/rs.3.rs-2166905/v2	7452	B000025	25	171	12171	54ae70a0f28679bff60928d58ab11d4adfaf34163c879d89adb046e5fa0bb709	835b3d83cc286c1344582b51a2eb419d5dbb92865aaadc972dccfa26556d85cf	10.21203/rs.3.rs-2166905/v2		W4315785650	br/06023872684	openalex	exact_work_id	https://openalex.org/W4315785650	734f24cb8f5b82b0c029be3777d0ea5b40d4cd7d662fcbf31cce465c65a97b31	transport_validated	ok	abstract_absent	0	Comparative genomic analysis of five Coprinus species										
manual	59	59	1	59	publication_component:citation:publication:doi:10.21203/rs.3.rs-216864/v1	7453	B000025	25	172	12172	f05b36f4a429500deeedd6145486f346d194a11cf22157590201a95e06199847	a040aac9e149d1d4999ca05921a683c75f40477d237733fbbb949cbe7fe93431	10.21203/rs.3.rs-216864/v1		W3135058800		openalex	exact_work_id	https://openalex.org/W3135058800	05b4325e9a3aeb034f498c04392e7cc4d85602f5d435e88438fa12b9437fd3e5	transport_validated	ok	abstract_absent	0	Deleterious mutation load in diverse cattle breeds of the world										
manual	60	60	1	60	publication_component:citation:publication:doi:10.21203/rs.3.rs-2203028/v1	7454	B000025	25	173	12173	5ef6b16dbfa4475065f0f11f0e87c318cd1e1daf1548f4355e087a6f5c206958	2b47c5332e736dfbb6174a14df9bfa48ff9bbeeb7a9c535749e0c88cece83c64	10.21203/rs.3.rs-2203028/v1		W4308173605		openalex	exact_work_id	https://openalex.org/W4308173605	58b61e37e1a5ececa8ee27072e0b1008414f61f9b12506fffe511ef5881ac4e6	transport_validated	ok	abstract_absent	0	Evolutionary dynamics of genome size and content during the adaptive radiation of Heliconiini butterflies										
manual	61	61	1	61	publication_component:citation:publication:doi:10.21203/rs.3.rs-2211549/v1	7455	B000025	25	174	12174	6ff80fdc8e505cb5c27321237fc5b97f4a9eadcbf0d191c275b2983353211e12	1e90fbd2b095355b65d6a62cf9f1fe6e20e792a29c218101f21f59e2ca82b141	10.21203/rs.3.rs-2211549/v1		W4308506701		openalex	exact_work_id	https://openalex.org/W4308506701	af2bb6099cafc5e0a45f10ed1acd61d751587c8153f53e62983bc6ae81860c61	transport_validated	ok	abstract_absent	0	Repeated origin of the W chromosome from the Z chromosome in Lepidoptera										
manual	62	62	1	62	publication_component:citation:publication:doi:10.21203/rs.3.rs-2365444/v1	7458	B000025	25	177	12177	a01d5dc1640efaef4d2c50cfdcee145c6c79f7905473486d503802a496a2604b	18604d6f5a4c94626323ab6535d45bfaa120d2a0e89fbf83e1bb313fd558cae5	10.21203/rs.3.rs-2365444/v1		W4312077903	br/06370195067	openalex	exact_work_id	https://openalex.org/W4312077903	a0ccb7a4cb95d87fd862adb4670771d672eaf3629c1a148076eafc21fcbf1d2d	transport_validated	ok	abstract_absent	0	Unravelling the effect of winter holiday celebrations on SARS-CoV-2 transmission										
manual	63	63	1	63	publication_component:citation:publication:doi:10.21203/rs.3.rs-2365444/v2	7459	B000025	25	178	12178	2e070d7fa568c03ec151b4f63ffff62da7bd973b429de9a48133bbba7719198b	22c121c9c2991f38ce55f7a6a0797fc69cb122b209d806f717a541a455fa6331	10.21203/rs.3.rs-2365444/v2		W4320482385	br/06340133688	openalex	exact_work_id	https://openalex.org/W4320482385	f56ca155e7fce1f13e06e5941cef31aee0de2712602a56d47a89bf98941d2ed2	transport_validated	ok	abstract_absent	0	Unravelling the effect of winter holiday celebrations on SARS-CoV-2 transmission										
manual	64	64	1	64	publication_component:citation:publication:doi:10.21203/rs.3.rs-26814/v2	7470	B000025	25	189	12189	bfb08e174ae5a094c5f1969d35c8b7c79721b45988e01453941b8a5c2c959be7	56440bdf6482d0f3987685ef40400fd5816d14f3e1d5facb9ddc055606b5fdd3	10.21203/rs.3.rs-26814/v2		W4231500647		openalex	exact_work_id	https://openalex.org/W4231500647	1e13079053a6b70404307b6feb5d9cd54229960ce2bda1a106f4ff02e9abe2dc	transport_validated	ok	abstract_absent	0	Analysis of Six Chloroplast Genomes Provides Insight into the Evolution of Chrysosplenium (Saxifragaceae)										
manual	65	65	1	65	publication_component:citation:publication:doi:10.21203/rs.3.rs-26814/v4	7472	B000025	25	191	12191	4e272cdce3f5dcf967c28a63865b6585bdd6dc648230fd7beb28bb4fc79e532b	c59474c0bd695b3695991a0c1788272e8c3016621a9206a21234231f7c7b984c	10.21203/rs.3.rs-26814/v4		W4240364766		openalex	exact_work_id	https://openalex.org/W4240364766	a993087743c4f87f2a59e7c6f4f130772a7973b91a47c07eb6f4fd1c2f289810	transport_validated	ok	abstract_absent	0	Analysis of Six Chloroplast Genomes Provides Insight into the Evolution of Chrysosplenium (Saxifragaceae)										
manual	66	66	1	66	publication_component:citation:publication:doi:10.21203/rs.3.rs-2729811/v1	7475	B000025	25	194	12194	4ae2dc23a24a68c380bef16619daa5f47ba2d608f97ea232d34ef321c2ab0bf9	12a50f3f08193834f674933ae9e6ec5b4056de0bae09fabdd23652dfc603ce0f	10.21203/rs.3.rs-2729811/v1		W4361192505		openalex	exact_work_id	https://openalex.org/W4361192505	669d93fec42b8baa3c084a9d240adaeb030287220556d98853544a813d826c43	transport_validated	ok	abstract_absent	0	Intra- vs. inter-host evolution of SARS-CoV-2 driven by uncorrelated selection - The evolution thwarted										
manual	67	67	1	67	publication_component:citation:publication:doi:10.21203/rs.3.rs-275494/v1	7477	B000025	25	196	12196	86c3b613a278fdbcc6166403294e23e02f6712f0ca865ec3e95d982771ca538e	4698ab6f134a1c1729c810a451e45e7376c698af07262ac5277ca5e7a8650d5a	10.21203/rs.3.rs-275494/v1		W3134134775		openalex	exact_work_id	https://openalex.org/W3134134775	6a1a56b217cc7fd157eff4c580a4065c545ef94c12eebde9dda3ab609e88447b	transport_validated	ok	abstract_absent	0	COVID-19 epidemic in the Brazilian state of Amazonas was driven by long-term persistence of endemic SARS-CoV-2 lineages and the recent emergence of the new Variant of Concern P.1										
manual	68	68	1	68	publication_component:citation:publication:doi:10.21203/rs.3.rs-2845141/v1	7479	B000025	25	198	12198	34e52eb634495e75e01c2238ab2d15e8338005b7490ba8c9eec4950bee79f6e3	eef0567ba5f132fbd5826e77608fdb3620752e5d35cbded7199100a099999954	10.21203/rs.3.rs-2845141/v1		W4388866659	br/06604679913	openalex	exact_work_id	https://openalex.org/W4388866659	bd1d98afc364976225daa2284ed4b00377421df4ef9bf39f422d370866b140aa	transport_validated	ok	abstract_absent	0	In vitro construction of the COQ metabolon unveils the molecular determinants of coenzyme Q biosynthesis										
manual	69	69	1	69	publication_component:citation:publication:doi:10.21203/rs.3.rs-29165/v1	7481	B000025	25	200	12200	1a2a36478799db2c104855c949e3e69e04de43e5fd479bf3895eac9b80134fd7	ab727f2699cf34e31559141c03d7badf06e5e212e94520a0e9d2db4b37201c36	10.21203/rs.3.rs-29165/v1		W4242522878		openalex	exact_work_id	https://openalex.org/W4242522878	e192e6452eb704b2256c6cb24c91a1b34ea29359a77b27748b9054e7a71494b2	transport_validated	ok	abstract_absent	0	Molecular and morphological clocks for estimating evolutionary divergence times										
manual	70	70	1	70	publication_component:citation:publication:doi:10.21203/rs.3.rs-29165/v2	7482	B000025	25	201	12201	0245ac66b0c69b3e083d63ec32ff87ddb1043e41aae23919aa406051a8b227f5	448c4075cfaf1532a2de90c80d9efaf0a3d2b3a8cfb4c38d60fd26ffb9c6b5d4	10.21203/rs.3.rs-29165/v2		W4236197905		openalex	exact_work_id	https://openalex.org/W4236197905	0312e7b38a59da048504ad910800b6bfb357f567c96df57b92201a99aaef3d1c	transport_validated	ok	abstract_absent	0	Molecular and morphological clocks for estimating evolutionary divergence times										
manual	71	71	1	71	publication_component:citation:publication:doi:10.21203/rs.3.rs-29165/v3	7483	B000025	25	202	12202	c9667d499cccb266c37b5491b5a2ef998ecb9b0c2b1bdad2a7a341efdad1f9b4	bf33c2d35853927c21d03906db12491b568021e706efb12f2beb0e41f2a067bd	10.21203/rs.3.rs-29165/v3		W4244527415		openalex	exact_work_id	https://openalex.org/W4244527415	9e57fa5a929ca2f124bfe18644aab60fe2f95da3a1915ac35b2053b28f7faf17	transport_validated	ok	abstract_absent	0	Molecular and morphological clocks for estimating evolutionary divergence times										
manual	72	72	1	72	publication_component:citation:publication:doi:10.21203/rs.3.rs-2922188/v1	7484	B000025	25	203	12203	128237571af6337be3b8ded3b7afb7319320691e4f16f83914d51782b04aebff	5a632b052e9ec5e4b159b5cf8b1af9fdf6efc16620f768a54ddbf5d23fc12534	10.21203/rs.3.rs-2922188/v1		W4376618902		openalex	exact_work_id	https://openalex.org/W4376618902	358899ea1ee863245c8109e62ada0733a8a57ab4b948045568afddaa64db5fb4	transport_validated	ok	abstract_absent	0	Diversity and evolution of the vertebrate chemoreceptor gene repertoire										
manual	73	73	1	73	publication_component:citation:publication:doi:10.21203/rs.3.rs-2924668/v1	7485	B000025	25	204	12204	14b4b896f42c351c39b6b71251a910268c56dd322be68b384eb1ed55e988267a	e91a17d3917bb221f7e3c59b4def9fd1995b0878b9bf8761b438b74317b8540b	10.21203/rs.3.rs-2924668/v1		W4385198186	br/061103997316	openalex	exact_work_id	https://openalex.org/W4385198186	5b439688a2afd25ec181739482a796de89d71c890b925b32c304f41444755703	transport_validated	ok	abstract_absent	0	Comprehensive detection and dissection of interlineage recombination events in the SARS-CoV-2 pandemic										
manual	74	74	1	74	publication_component:citation:publication:doi:10.21203/rs.3.rs-2924668/v2	7486	B000025	25	205	12205	20f1fb3c9e37d151a3c87a238989bd159c61c4729b1f5e35421c8392480eba7e	386ceee720ffe120f859be5576acf8318ee100b1cfe6b518474709946f360ca8	10.21203/rs.3.rs-2924668/v2		W4387899621	br/06013905117	openalex	exact_work_id	https://openalex.org/W4387899621	baf0be74f7bf833ef6d718202d94d2d06fc7b704fedbd414804907f7fcf4f42b	transport_validated	ok	abstract_absent	0	Comprehensive detection and dissection of interlineage recombination events in the SARS-CoV-2 pandemic										
manual	75	75	1	75	publication_component:citation:publication:doi:10.21203/rs.3.rs-2969058/v1	7488	B000025	25	207	12207	5877766a95274e252d7314fe1a16666bdb34fb383f7b2807eddd2f5f613cad5d	fba3d25f4b4473bd3e39d89e0178b9c324c8804b237f263aa5e10ebea7302ee2	10.21203/rs.3.rs-2969058/v1		W4378635511		openalex	exact_work_id	https://openalex.org/W4378635511	084ac566fb85109f562a34ce5a636878f9db26afa25b793ab5d2574ccf37b541	transport_validated	ok	abstract_absent	0	Structural and functional analysis of hyper thermostable ancestral L-amino acid oxidase that can convert Trp derivatives to D-forms by chemo-enzymatic reaction										
manual	76	76	1	76	publication_component:citation:publication:doi:10.21203/rs.3.rs-3002580/v1	7489	B000025	25	208	12208	a0fbb085e0d9cdf5fbcea5a22f403ba5a9ce79bf3f66f98c81541aec3ed82074	dc9ad94ebdb44bca692e4d72b70613245a4f31e5bddf0b013881b93499173a10	10.21203/rs.3.rs-3002580/v1		W4378975299	br/061403840816	openalex	exact_work_id	https://openalex.org/W4378975299	919651c4fee01d5fa0c8711faf050690efa5832b458a25a9b7c3c984d2bc3aa0	transport_validated	ok	abstract_absent	0	Genome architecture of an exceptionally invasive copepod crossing salinity boundaries										
manual	77	77	1	77	publication_component:citation:publication:doi:10.21203/rs.3.rs-3002580/v3	7490	B000025	25	210	12210	7f9f80c0c045ce039281f348b4c00e2aef24ed064409a5a160ed8150630ef898	750e89d764236e34fe6654bca41ae3ec209959199131b0c4027cd060346d69ff	10.21203/rs.3.rs-3002580/v3		W4386448406	br/06404445463	openalex	exact_work_id	https://openalex.org/W4386448406	fb4ea813d4616935e43c3fe04f64ee7e22f23a6fff282af652ab63970c91fca2	transport_validated	ok	abstract_absent	0	The genome architecture of a copepod invading novel habitats										
manual	78	78	1	78	publication_component:citation:publication:doi:10.21203/rs.3.rs-3011465/v1	7491	B000025	25	211	12211	a4c04a61363668f59344a5e145576bfd76004fdbf5797f5dce0f6f4d5b8229a3	636f5f71431efbb119555e5c7e4d4f3cc0214721c4d2f9bc38e4b2238abf0e96	10.21203/rs.3.rs-3011465/v1		W4384821875		openalex	exact_work_id	https://openalex.org/W4384821875	16ecefd4f4b71dec7f00824d6ba04272dfbef4b93d11a50547f6f5768b3fc62c	transport_validated	ok	abstract_absent	0	A novel type of facultative and plasminogen independent thrombolytic enzyme from the ancient marine organism, Sipunculus nudus										
manual	79	79	1	79	publication_component:citation:publication:doi:10.21203/rs.3.rs-3062426/v1	7492	B000025	25	212	12212	99a21815b5295565bcace1f9082ed695d14ca3cd9e31bb79b50b9b885db25cab	65c0c0e32ecbbfbc47e9c520fad2283f40011b4fac20cb7876a4a58245ca1f6a	10.21203/rs.3.rs-3062426/v1		W4392366803		openalex	exact_work_id	https://openalex.org/W4392366803	3e0c97d09938aa6a2bbd137d80f47508934a1693da7b0e86b9c274e4bf0e676c	transport_validated	ok	abstract_absent	0	Two telomere-to-telomere gapless genomes reveal insights into Capsicum evolution and capsaicinoid biosynthesis										
manual	80	80	1	80	publication_component:citation:publication:doi:10.21203/rs.3.rs-3092929/v1	7494	B000025	25	214	12214	0242508552dd438ce593633be2d78c92247ac5592ccfab6d69aff3927b5eecce	16435fc7cff2d42f312831a8ca62e91ce8cfac494d221441cd20f91fb4833dd4	10.21203/rs.3.rs-3092929/v1		W4382517190	br/062303943291	openalex	exact_work_id	https://openalex.org/W4382517190	d091b2bf82381b6180eb88d8d2dec04ce3b77a6d2f3d51ffc916e87b746a1d95	transport_validated	ok	abstract_absent	0	Insights into Molecular Evolution of Enterovirus D68										
manual	81	81	1	81	publication_component:citation:publication:doi:10.21203/rs.3.rs-3264004/v1	7496	B000025	25	216	12216	08af0b817a9ff0d6c604cc91196eff080ed29ea69375876e56f7a88fc3a32060	cb2ab80ea23119a9066ddf6e400c3e08b6dbe5b722e9c36462109453eb6c1502	10.21203/rs.3.rs-3264004/v1		W4386332746	br/062103938939	openalex	exact_work_id	https://openalex.org/W4386332746	549ef46c3551662caf119371afaebb7917cd96db8ec8bae2dff4a42634e0a10f	transport_validated	ok	abstract_absent	0	Evolution of heteromorphic XY chromosomes in sea buckthorn via chromosomal fusion followed by inversions and tissue-specific dosage compensation										
manual	82	82	1	82	publication_component:citation:publication:doi:10.21203/rs.3.rs-3426839/v1	7500	B000025	25	220	12220	ecbdb9d8ae5072cf49a42dcc77dec49fca55582204b175e07d241d5a1d576df0	1b94bec9d4b3eb193cb157061d5f9470b2b41bc52c7232140f5b194662bcc746	10.21203/rs.3.rs-3426839/v1		W4387805127	br/06023880718	openalex	exact_work_id	https://openalex.org/W4387805127	b696f236fb801ede04c00950db9218dd58c923f069e2a1f0fe2dc67a507d1ddf	transport_validated	ok	abstract_absent	0	Tonsil explants as a human in vitro model to study immune responses to vaccines										
manual	83	83	1	83	publication_component:citation:publication:doi:10.21203/rs.3.rs-3480374/v1	7502	B000025	25	222	12222	6d3160080238ffe28e1a28dbd99d150cc5947db42f7d00ff5796037bc523222d	2c8328fa219eca2a0cfbb0167956534147d63132d5168d37f93271487f7039d5	10.21203/rs.3.rs-3480374/v1		W4388131474	br/062204352316	openalex	exact_work_id	https://openalex.org/W4388131474	417eaf542ee9e2e9933541d2ee33feed371b69fadb8f894074d0bf7bf6ecc00f	transport_validated	ok	abstract_absent	0	Untangling lineage introductions, persistence, and temporal heterogeneity of HP-PRRSV (sublineage 8.7)										
manual	84	84	1	84	publication_component:citation:publication:doi:10.21203/rs.3.rs-3594225/v1	7503	B000025	25	223	12223	0ef337e7f2f15a73f57c561dfa1b3c59679ddcbde1ed5d2c73164f147b99da62	74cf3cadc52ddf97aa03b5b7763ab5e96f24e87db6683bb8018e2516cca3786a	10.21203/rs.3.rs-3594225/v1		W4388662023	br/06904389837	openalex	exact_work_id	https://openalex.org/W4388662023	1ca7ce6b4ae96eeb9a02087361953257dede1888e249edbfd8b953f7cff541cc	transport_validated	ok	abstract_absent	0	Comparative analysis of the mitochondrial and chloroplast genomes of Purple nutsedge (Cyperus rotundus), a noxious weed										
manual	85	85	1	85	publication_component:citation:publication:doi:10.21203/rs.3.rs-3643888/v1	7505	B000025	25	225	12225	786b2b646f413c8e751b21317f198c1380bac0dc994ea6737e2b9f20f3e077db	7447f4aaa705afdc9270d4d9cee28534127ef92201e33bb9b3d9de77e69d65f0	10.21203/rs.3.rs-3643888/v1		W4388994264	br/06280604278	openalex	exact_work_id	https://openalex.org/W4388994264	5a4d9676d65db328a3a62b5c2bb0e465395316920e57d1d819d0afdf2a34ce1a	transport_validated	ok	abstract_absent	0	Molecular Mechanisms of Reduced Risk of Decompression Sickness in Deep Diving Cetaceans										
manual	86	86	1	86	publication_component:citation:publication:doi:10.21203/rs.3.rs-3668307/v1	7506	B000025	25	226	12226	6a8c3370e2136822d6ce7e1e0c2eba306c172f7aa0533f52b757c06954d054c6	beac6fe70e1f5b9ed04834bdf2e15c34ae67153ed4d7f498a7a915bf169e04cc	10.21203/rs.3.rs-3668307/v1		W4389096086	br/06023882079	openalex	exact_work_id	https://openalex.org/W4389096086	ebeb208097cf80a35c99cf4e9cf1fd8ac63744b7b6bbf41906a6a33c55f1952f	transport_validated	ok	abstract_absent	0	A whale humerus ironically shaped by neutral evolution and morphological integration										
manual	87	87	1	87	publication_component:citation:publication:doi:10.21203/rs.3.rs-3777552/v1	7508	B000025	25	228	12228	52fd7cad19bca4f43e02f3f1be07cceafd707c16aab3bd6552522de229ca18a5	b575c1c825a52de79678295a6c831c231683fe073a153bd7225dd9b23fb64b9d	10.21203/rs.3.rs-3777552/v1		W4390056331	br/062304304661	openalex	exact_work_id	https://openalex.org/W4390056331	363ed55ebdff5968142692a50b29293d6e272573cadfbc6152d651adf020b586	transport_validated	ok	abstract_absent	0	Two novel genomes of fireflies with different degrees of sexual dimorphism reveal insights into sex-biased gene expression and dosage compensation										
manual	88	88	1	88	publication_component:citation:publication:doi:10.21203/rs.3.rs-3835105/v1	7510	B000025	25	231	12231	20faeb4880f949be235ef83b2aee5ed9f5ca95fbf2036f82567976a3bf58061b	0e9839bc0a819eda80c173f9d700832bf154b9b108ccbb6241f4ede8ffa9b078	10.21203/rs.3.rs-3835105/v1		W4390674008	br/06320350933	openalex	exact_work_id	https://openalex.org/W4390674008	3c2037f3c8bd36d89aa7661a77e1770443c8a7e6f0148257926dce60543b5086	transport_validated	ok	abstract_absent	0	Evolution At Spike Position 519 in SARS-CoV-2 Facilitated Adaptation to Humans										
manual	89	89	1	89	publication_component:citation:publication:doi:10.21203/rs.3.rs-3835960/v1	7511	B000025	25	232	12232	9dfb5d41e3311bd288e344f4bfa0d897306814e59a840de7537caabdc04f7afb	b55a7a7caef9db0a3eaf43c3b37eb71ee08af862959760eb0f71ae230a116313	10.21203/rs.3.rs-3835960/v1		W4390749876	br/06290369648	openalex	exact_work_id	https://openalex.org/W4390749876	93c558c0acea4969f90cba2dcaed7514db0e2dd57a75319e3b909202b9d8d3c5	transport_validated	ok	abstract_absent	0	Comparative structure and evolution of the organellar genomes of Padina usoehtunii (Dictyotales) with the brown algal crown radiation clade										
manual	90	90	1	90	publication_component:citation:publication:doi:10.21203/rs.3.rs-388059/v1	7514	B000025	25	235	12235	b5f8a99533a9cfd7a91bb15312049b5eab634d8499afb2f064f98bb85f6e8c0d	479d596da199957ad47c3ba9752635e27ccf064b9a631cfffb3093ca0ea1ffb6	10.21203/rs.3.rs-388059/v1		W3149341979		openalex	exact_work_id	https://openalex.org/W3149341979	acc29af8b04c28ef6a92154389f82d378b43aeaa008002f2199bffbc70ceb53f	transport_validated	ok	abstract_absent	0	Genomic epidemiology of SARS-CoV-2 in Russia reveals recurring cross-border transmission throughout 2020										
manual	91	91	1	91	publication_component:citation:publication:doi:10.21203/rs.3.rs-3988578/v1	7517	B000025	25	239	12239	aa63ad4f1f970f89f833e698883b84454f09577f5a308b9c66b33b395076f849	ff3deb8571b5c8327f72b142675b68865976b72fad407baab5cc4fc11457e071	10.21203/rs.3.rs-3988578/v1		W4392386597	br/061404163130	openalex	exact_work_id	https://openalex.org/W4392386597	4dca2ffc691736b489b26c30caaeead0eec77edd282f9e8067de0ff55046e5a7	transport_validated	ok	abstract_absent	0	The Complete Mitochondrial Genome of Schistura fasciolata: Phylogenetic and Evolutionary Implications within Tribe Nemacheilini										
manual	92	92	1	92	publication_component:citation:publication:doi:10.21203/rs.3.rs-399598/v1	7518	B000025	25	240	12240	3cb319e9b8e9d1909be37bed5cc47a5d38ab648f3c05997dd115dee9a9a50bbe	826d27cce4d83f9b41ec124df164d082a5c15c0515d95726b7cbbbd5bb10df2d	10.21203/rs.3.rs-399598/v1		W3159441962		openalex	exact_work_id	https://openalex.org/W3159441962	358d7b07d18a5e3d13814c8a775fe345fdce8d01365a35ed839b69cf19e25ab2	transport_validated	ok	abstract_absent	0	Evolutionary Analysis of the Steroidogenic Acute Regulatory Protein-Related Lipid Transfer Domain and Its Response to Salt Stress In Vitis Vinifera										
manual	93	93	1	93	publication_component:citation:publication:doi:10.21203/rs.3.rs-399598/v2	7519	B000025	25	241	12241	1cdfe30b7a2a4ae9882a8c419c978f3353621020adc38bbbff254c6f765ba0fd	ece9cabb068ea319eea64404fb0e4c0cad9aaf6637984a98a0463db0a1741b5e	10.21203/rs.3.rs-399598/v2		W4226515369		openalex	exact_work_id	https://openalex.org/W4226515369	8f255c2e3af1f44df58b06e856db8899f19e0683946518d2629632c1b4654319	transport_validated	ok	abstract_absent	0	Evolutionary Analysis of the Steroidogenic Acute Regulatory Protein-Related Lipid Transfer Domain and Its Response to Salt Stress In Vitis Vinifera										
manual	94	94	1	94	publication_component:citation:publication:doi:10.21203/rs.3.rs-4128148/v1	7522	B000025	25	244	12244	74b7fc24896c946aac5b6867129d71ccb64414fdbacd8bb1c9a577554eed6b6d	295dcce9a1bd6c9453e6372fdcf1a3a9f0fe4c254d388a268b5a49596f72e519	10.21203/rs.3.rs-4128148/v1		W4393946148	br/06023885677	openalex	exact_work_id	https://openalex.org/W4393946148	429dad53b30836690f016d9c3fe835423610c371d93f324c6016e00fcae3aef3	transport_validated	ok	abstract_absent	0	Integrated genomic analysis revealed a dominant role of transcriptional regulation during the evolution of C4 photosynthesis in Flaveria species										
manual	95	95	1	95	publication_component:citation:publication:doi:10.21203/rs.3.rs-4202515/v1	7524	B000025	25	246	12246	e04fbde08abbac135987db147cb32ddd29632718905df52d984f727d8bc3e731	29846163ca0cb153bace82e7aa11bc1950f028f91be66a39ac012d2b9c55e6e7	10.21203/rs.3.rs-4202515/v1		W4394930079		openalex	exact_work_id	https://openalex.org/W4394930079	519df3ebf09cfb147065bc82d5c28f7024a9f0d6decd3c2ddf7b45ac56429748	transport_validated	ok	abstract_absent	0	Speciation across depth gradients in reef corals										
manual	96	96	1	96	publication_component:citation:publication:doi:10.21203/rs.3.rs-4224555/v1	7525	B000025	25	247	12247	d1cf9faf94db70c7652a00ac9dd1cfeea11ad723a52be7e7194a56e0a00ebd52	fb97ee159c3e00c1188f2ba5311d59e5afc2913d0b74de04e2fd2cb87320ce02	10.21203/rs.3.rs-4224555/v1		W4394722449	br/062404382593	openalex	exact_work_id	https://openalex.org/W4394722449	6dd3f3f2d6b46c73e590cd1f0eb6f10f35c8537cb4db080b8e1de0888846bf50	transport_validated	ok	abstract_absent	0	Emergence and Global Spread of a Dominant Multidrug-Resistant Variant in Acinetobacter baumannii										
manual	97	97	1	97	publication_component:citation:publication:doi:10.21203/rs.3.rs-4459885/v1	7528	B000025	25	250	12250	2837fc80c2f325e166d7dd4c358f39ae992a4c763eaae92aa3f83c70d36af4ca	7bd5f93416f3236109545c71be879576e826072c5ab9c78dd785af958151bf91	10.21203/rs.3.rs-4459885/v1		W4399651037	br/062304368653	openalex	exact_work_id	https://openalex.org/W4399651037	63f126d915298aff876c99be73628754111ade6bb28b412042f92a98afe9f0e0	transport_validated	ok	abstract_absent	0	Molecular phylogenetic relationships based on chloroplast genomes of Zingiberaceae crops: Insights into evolution and adaptation to extreme environments										
manual	98	98	1	98	publication_component:citation:publication:doi:10.21203/rs.3.rs-4489301/v1	7529	B000025	25	251	12251	e03483e7aa531c1b3ce6fb0908dcc8be22cc0e6c0591e90520e848f778251995	1b846b042eef1c92a8fa9a4a5852d88a3366299bf5f61f21fcf8aa9eb0e096b3	10.21203/rs.3.rs-4489301/v1		W4399688439	br/06504734474	openalex	exact_work_id	https://openalex.org/W4399688439	01c0116c7f248f825123185403a577cc7cff17b3e3d052eb9f71298d78b3ae1e	transport_validated	ok	abstract_absent	0	Across a phylogeographic break in the Qinling Mountains - Huaihe River Line :Quaternary evolutionary history of a medicinal and edible homologous plants (Allium macrostemon) in China										
manual	99	99	1	99	publication_component:citation:publication:doi:10.21203/rs.3.rs-4502330/v1	7531	B000025	25	253	12253	dc3c592b82a9cf1c8ad8f94f0ee598109ebe15ede0852eac492f1f2cb91f80dd	755d6fc715ee5eba6b3ee4ac27d4ae2faa7089be4f0e2aa1434b6494037e1767	10.21203/rs.3.rs-4502330/v1		W4399782188		openalex	exact_work_id	https://openalex.org/W4399782188	999aafb00a5cc3defa8ef2efd2ea67b9712d01e17e8478f5376d89883d9f7a15	transport_validated	ok	abstract_absent	0	Genomic perspective on the bacillus causing paratyphoid B fever										
manual	100	100	1	100	publication_component:citation:publication:doi:10.21203/rs.3.rs-4511746/v1	7532	B000025	25	254	12254	58f1c343d68cb30f67c9c897520b7d2c38ae4c8f3fc6cdb54dba177e99eb1c7c	7b464ccfd2578c2204b6cea159e2db555640cd656d72a016091eedb72dd67a21	10.21203/rs.3.rs-4511746/v1		W4399730639	br/061304310392	openalex	exact_work_id	https://openalex.org/W4399730639	631fa1c07744025b2bd37af151d64565ff1e6b1390c1a79865aa0adc374ec5bf	transport_validated	ok	abstract_absent	0	Reidentification of hybridization events with transcriptomic data and phylogenomic study in seabuckthorn										
manual	101	101	1	101	publication_component:citation:publication:doi:10.21203/rs.3.rs-4536365/v1	7534	B000025	25	256	12256	e9564fc5314167314240093c04a1e51e3f8b0ff0737b630260c18dd540961c13	9a1ef7bb497c3125b2bd0afeb0d0c89ba04f95d655e0f03d4cd75cf02d32292e	10.21203/rs.3.rs-4536365/v1		W4400119241	br/06270454214	openalex	exact_work_id	https://openalex.org/W4400119241	e1d287cb15d9b843d99f9a6156660128170f60e932f46d76512ddb0914518347	transport_validated	ok	abstract_absent	0	Genome architecture evolution in an invasive copepod species complex										
manual	102	102	1	102	publication_component:citation:publication:doi:10.21203/rs.3.rs-4547844/v1	7535	B000025	25	257	12257	d89df1452c22daba26fde798650c3a6f06e14b8a0f5d9070adcbf7e2f648723f	a63a52bb0f67968a26610305331267cfa4e01133b3494c1d1ddd0c34aa90a325	10.21203/rs.3.rs-4547844/v1		W4400978388	br/06350570919	openalex	exact_work_id	https://openalex.org/W4400978388	79c1a22c25f45c82b9b94b8cbc077bff895d6ddd83f7b6270513b0b61a65daa4	transport_validated	ok	abstract_absent	0	Diagnosis and Genomic Characterization of the Largest Western Equine Encephalitis Virus Outbreak in Uruguay During 2023–2024										
manual	103	103	1	103	publication_component:citation:publication:doi:10.21203/rs.3.rs-4562993/v1	7536	B000025	25	258	12258	adde941e584c7eae2b6f53db4be29bfcce46cc7081ce4094400522c943a6cec9	8e375f055a791df9b4de7d0126a22646c9137fc0a7dc4b8dbcab4955ebc1898d	10.21203/rs.3.rs-4562993/v1		W4402068452		openalex	exact_work_id	https://openalex.org/W4402068452	faaf36c7582d190f5f7ffc42ef41e5d1c8a4a62dbe80056470364f6e0939ee1c	transport_validated	ok	abstract_absent	0	Shallow-water Mussels Adapt to Deep-Sea Environment Through Transcriptomic and Metagenomic Insights										
manual	104	104	1	104	publication_component:citation:publication:doi:10.21203/rs.3.rs-4611600/v1	7537	B000025	25	259	12259	d04aa313876e62eba033971842bd515f72b121ef3d508f20026a5d58278a5e77	77c835b2623f0fd09fab934089d534e6c81d231a809393f616e4086a5b78429d	10.21203/rs.3.rs-4611600/v1		W4400559854	br/06504736653	openalex	exact_work_id	https://openalex.org/W4400559854	c271555d0ca71084a0f784d2b6a5db0838badf41ef6db07530f44e65c2b2274f	transport_validated	ok	abstract_absent	0	Comparative mitochondrial genomics unveils the phylogenetic relationships of lepidopteran moths										
manual	105	105	1	105	publication_component:citation:publication:doi:10.21203/rs.3.rs-4685784/v1	7538	B000025	25	260	12260	f6209c394da03d50d9d510ff9253744b71b19befdbf2c2ad2fd2f3ef0e06eb5c	a4ab3647396a3a4d415331f4babdd5bac6645d5ecd95d32338f79326eaa9cb71	10.21203/rs.3.rs-4685784/v1		W4400491264	br/06804741900	openalex	exact_work_id	https://openalex.org/W4400491264	62c2bf30b8e911a048584143553c5dc838058031b05f78368429e840beaa20cf	transport_validated	ok	abstract_absent	0	Twenty-year co-evolutionary arms race between meerkat MHC and Tuberculosis										
manual	106	106	1	106	publication_component:citation:publication:doi:10.21203/rs.3.rs-4737612/v1	7539	B000025	25	261	12261	c2734f9da46e8b4d4489572884e2a7196706e613ab0de9eccb20f749149919a1	ac28fc1108053612d7d347f63dadfcc2e2f31daf863e3b5e8cff690ea4f26195	10.21203/rs.3.rs-4737612/v1		W4401550032		openalex	exact_work_id	https://openalex.org/W4401550032	cf7e146a011053caea29475fab366ffb6fbe5098ca820ca1faf24ad37099f5e2	transport_validated	ok	abstract_absent	0	A comparative genomic analysis at the chromosomal-level reveals evolutionary patterns of aphid chromosomes										
manual	107	107	1	107	publication_component:citation:publication:doi:10.21203/rs.3.rs-4750503/v1	7540	B000025	25	262	12262	9d06d0c95115c272c36419af9baa79e26349b167cdaaccd9482b258569ef167c	bd988acabd75ab6c41f846865f41f6101c644bda4c47213a1e23092b371fb9e5	10.21203/rs.3.rs-4750503/v1		W4401037852		openalex	exact_work_id	https://openalex.org/W4401037852	5390f905c05bc894d48c40b165cf51d82da819b94c4ddaeee1e02179948d6d36	transport_validated	ok	abstract_absent	0	Utilization of medicinal polysaccharides by human gut Bacteroides and Parabacteroides species										
manual	108	108	1	108	publication_component:citation:publication:doi:10.21203/rs.3.rs-4754772/v1	7541	B000025	25	263	12263	c1973ed3c3f9b8589bd2f201b090f5a48874e12a881cbfb22bccfda4d24fc20d	76d2717fbd08802f1bda00cf4ae15d13ad2495eb1319797f88e2991eb49bf6cb	10.21203/rs.3.rs-4754772/v1		W4401506733	br/061504277329	openalex	exact_work_id	https://openalex.org/W4401506733	80e4054a0b268c0c60b110de999400bba46a2c094ea0b2f508b85443f4ebb221	transport_validated	ok	abstract_absent	0	Chromosome-Level Genome Assembly Unveils the Molecular Mechanisms Underlying Disease Resistance in Ulmus parvifolia										
manual	109	109	1	109	publication_component:citation:publication:doi:10.21203/rs.3.rs-4794293/v1	7542	B000025	25	264	12264	ba715da3348124573efcc8afc443fdac34c7d35f54b474814bb9bfac4191049e	845df789344767664483d55712b664ea3ae44321165ea0bb1551172f82ca25a1	10.21203/rs.3.rs-4794293/v1		W4401592803	br/062204327170	openalex	exact_work_id	https://openalex.org/W4401592803	2f1dd3fccf7bc8576c76d249636a127c5022b0642c0591954ad15341da05a438	transport_validated	ok	abstract_absent	0	Adaptive loss of shortwave sensitive opsins during genomic evolution in cartilaginous fish										
manual	110	110	1	110	publication_component:citation:publication:doi:10.21203/rs.3.rs-48247/v1	7543	B000025	25	265	12265	be47b2b56046c459fe3333df2e447d360726cbf0682d22f4a169d05c3fc45e07	af0c4322ee5b6f7378dc3b049a4074298d0acc10d9f44113f2153476683f830c	10.21203/rs.3.rs-48247/v1		W4238739268		openalex	exact_work_id	https://openalex.org/W4238739268	957dd320eb30618e4ae11df13dad5e06f8ffbd16a453a0251c3105daa6c6b4ff	transport_validated	ok	abstract_absent	0	Harnessing machine learning to boost heuristic strategies for phylogenetic-tree search										
manual	111	111	1	111	publication_component:citation:publication:doi:10.21203/rs.3.rs-4824867/v1	7544	B000025	25	266	12266	24a1ba95bd5a52d700b694c6c100f26d1cc1aead58b295837809647f47aad8c4	f8ba2f25fbe0b954e687019170c6d2567832d2731756f7c31d6bc02e6cd57be9	10.21203/rs.3.rs-4824867/v1		W4401327271	br/06340437364	openalex	exact_work_id	https://openalex.org/W4401327271	0bef42d27d50924c53597e048cec9d646b7fa30229038ebfbaad66a7486a3c64	transport_validated	ok	abstract_absent	0	Staphylococcus aureus ST764-SCCmecII high-risk clone in bloodstream infections revealed through national genomic surveillance integrating clinical data										
manual	112	112	1	112	publication_component:citation:publication:doi:10.21203/rs.3.rs-4905052/v1	7546	B000025	25	268	12268	033dfb58d3a3000e5bc4e3328147edca84745be43f72d07ffe9d241f0959759c	04faa5af702cf3227d20400a7ca9caf5b2d1dd8242d384954546a8760cdb4a9d	10.21203/rs.3.rs-4905052/v1		W4402440599	br/06604828693	openalex	exact_work_id	https://openalex.org/W4402440599	e7a5d670499328c5601df0d423dadb09782511df0a9d1a712559b080a0181e6f	transport_validated	ok	abstract_absent	0	Influence of MHC on genetic diversity and testicular expression of linked olfactory receptor genes										
manual	113	113	1	113	publication_component:citation:publication:doi:10.21203/rs.3.rs-4996018/v1	7552	B000025	25	274	12274	e3fb8b259a880f7d2b0fe875278bfe4a96a49da92a9f65019cf80cb80ee5d7b2	033253ced31423bac667c0d28969f289ce72dc6061c83a7de5f3985e064b6619	10.21203/rs.3.rs-4996018/v1		W4403003945	br/062404402216	openalex	exact_work_id	https://openalex.org/W4403003945	a6a846e95fb7340542edd7bd4bfb66ba2435578f8faf98eac010b583c88b35f8	transport_validated	ok	abstract_absent	0	Mitochondrial genomes of Meghimatium pictum and Succinea arundinetorum provide insight into the gene order rearrangement within Stylommatophora (Gastropoda, Panpulmonata)										
manual	114	114	1	114	publication_component:citation:publication:doi:10.21203/rs.3.rs-5014934/v1	7553	B000025	25	275	12275	ddc9645a13338c7945ce5ac2acc844bcc22be1114164ba0728ebeff7344cda3a	01a4792b163c9f7d3eaf49a5d69736366d998b9623181e60c8bafa587051ecb9	10.21203/rs.3.rs-5014934/v1		W4403085222	br/06604704451	openalex	exact_work_id	https://openalex.org/W4403085222	6071581f8c3ea4fa81e987864f90b8555360f1aec4b0bc0ee199815e4c4faf22	transport_validated	ok	abstract_absent	0	Mantodea phylogenomics provides new insights into X-chromosome progression and evolutionary radiation										
manual	115	115	1	115	publication_component:citation:publication:doi:10.21203/rs.3.rs-5255076/v1	7555	B000025	25	277	12277	10cc208930419a3cabcb7d29e3c0d0e4bb0abb554e63c159c7e2f7b412aae45d	a63cdd755e6f7a9009f537e55f2346ff12523d3c970e05e2aeda62265e91352f	10.21203/rs.3.rs-5255076/v1		W4405189651	br/0607911314	openalex	exact_work_id	https://openalex.org/W4405189651	84991dbe518b33e7f203e28e39e1ba9c40266f1a01f7c3fe787790213cd010d2	transport_validated	ok	abstract_absent	0	Genome-wide phylogenetic analysis and expansion of gene families involved in detoxification in Smittia aterrima and Smittia pratorum (Diptera, Chironomidae)										
manual	116	116	1	116	publication_component:citation:publication:doi:10.21203/rs.3.rs-5381283/v1	7556	B000025	25	278	12278	7716a775b1e07d4927cc9adf3f63d8b8129cb549daea86d3816d0e3711a91a0f	4df5caf909e71beef061357450031bad8c84eeb8180052f1af1b72b362fe164b	10.21203/rs.3.rs-5381283/v1		W4415763535	br/06014189323	openalex	exact_work_id	https://openalex.org/W4415763535	bae8383a97182f346013f6500e1d672014052a12aaeb64368e0b9f0d8e24f900	transport_validated	ok	abstract_absent	0	Independent divergences of the aquaporins across different genera highlight the distinct adaptation mechanisms within Mytilida										
manual	117	117	1	117	publication_component:citation:publication:doi:10.21203/rs.3.rs-5578199/v1	7559	B000025	25	281	12281	06376067bef3a9346ec32d99cad90330d02a0e0388393f85b29cda9c7ba4b5f5	c7fc8ad1dd5819bb082dec2fe4f667c1399113ccacb19903d17b4ee7522f2cd1	10.21203/rs.3.rs-5578199/v1		W4408674923	br/0605695764	openalex	exact_work_id	https://openalex.org/W4408674923	57cfa3502dc7c19005e3bff45d03a3dc4530b713e9fa8551f86d5b0843ca648c	transport_validated	ok	abstract_absent	0	De novo genome assembly of Vipera ammodytes ammodytes reveals venom gene expansion and ecological adaptations										
manual	118	118	1	118	publication_component:citation:publication:doi:10.21203/rs.3.rs-5675976/v1	7560	B000025	25	282	12282	a6b4206cc7444be21c1b3e302b4af4764899f267d024eb7def6aa71b0ea4a6e5	5fe453c8577c4d28249d5e323e9c5ac831dd98968a63a32d5e194783e5703e1d	10.21203/rs.3.rs-5675976/v1		W4405722068	br/0606520801	openalex	exact_work_id	https://openalex.org/W4405722068	58bb0f0558a6ea8783d52a58042eb53a32dd37f1d4f8f4bcbbbc5bc1c35d50c7	transport_validated	ok	abstract_absent	0	An ancient and still ongoing genetic conflict between transposable elements and their repressors										
manual	119	119	1	119	publication_component:citation:publication:doi:10.21203/rs.3.rs-5695306/v1	7561	B000025	25	283	12283	261a88e675d98ac33ed326e53046bcedcce3f5cd8dbccd9c621cce4c9c1aba43	c6d3e20127c8d2ae0c64eeebe7eb2194c065267424cde1111a4f0c656daf37b2	10.21203/rs.3.rs-5695306/v1		W4406962925	br/0606073465	openalex	exact_work_id	https://openalex.org/W4406962925	23acde22dba6a15769c9c8b09e98a9f95c9af5b4d3f1f55039fd7b7ca3c54224	transport_validated	ok	abstract_absent	0	Early Evolution of BA.2.86 Sheds Light on the Origins of Highly Divergent SARS-CoV-2 Lineages										
manual	120	120	1	120	publication_component:citation:publication:doi:10.21203/rs.3.rs-58072/v1	7562	B000025	25	284	12284	f1439c11f1a568c9dd3e5957f8ce1100d3064c9f51ae2071871c7896fe3de2b4	819e32f49ee70a16b81242b0230f31220ceb228c2bec1873d450216d3f312fb9	10.21203/rs.3.rs-58072/v1		W4248888145		openalex	exact_work_id	https://openalex.org/W4248888145	a663c88992f467ee516996561a44b20aaf79289c633b670153b5a3294f8d8e31	transport_validated	ok	abstract_absent	0	Co-Expression Network Analyses of Anthocyanin Biosynthesis Genes in Ruellia (Wild Petunias; Acanthaceae)										
manual	121	121	1	121	publication_component:citation:publication:doi:10.21203/rs.3.rs-5849960/v1	7563	B000025	25	285	12285	497fd1c7c2b2637e468c031f9fc354ba564296314924a290d52373192656fde7	649102b1efcfc98f4fdba2ee298384c63e8715064b7ec2596745448002954996	10.21203/rs.3.rs-5849960/v1		W4407549604	br/0607235504	openalex	exact_work_id	https://openalex.org/W4407549604	8310e5a5b454d21896da2b59762fb673f67973135a035c4348d32d7f583b81b6	transport_validated	ok	abstract_absent	0	Ginger genome enables identification of SMPED1 causing sex-phase synchrony and outcrossing in a flowering plant										
manual	122	122	1	122	publication_component:citation:publication:doi:10.21203/rs.3.rs-5852798/v1	7564	B000025	25	286	12286	978dac736d94cb1e5bd8156d998895b6c9a2602736db8fefcb1fd72d0b903780	4ab735339116911c0ff317bf20a7fc02ec34e281c0fadd725d26407d25694203	10.21203/rs.3.rs-5852798/v1		W4406917857	br/0606688263	openalex	exact_work_id	https://openalex.org/W4406917857	13683ffc67c22eb485c2ee86d2cd7fa5db42045943ce0519acf6905be0d58a28	transport_validated	ok	abstract_absent	0	Ancient allopolyploidy and specific subgenomic evolution drive adaptive radiation in poplars and willows										
manual	123	123	1	123	publication_component:citation:publication:doi:10.21203/rs.3.rs-5971869/v1	7565	B000025	25	287	12287	061cbfd523dd7566fc253e145932a4375096315a681a33809cb51d8a41417d61	ab0c48ad238c035e0eeb8277e8b15a3588038618a66b3934792bce073ed7ec0d	10.21203/rs.3.rs-5971869/v1		W4407373570	br/0607799471	openalex	exact_work_id	https://openalex.org/W4407373570	d71878b1cd5da05f5b4af6032764b98f0da86bd5bfe981de18516a82b4481580	transport_validated	ok	abstract_absent	0	The Nothapodytes nimmoniana genome provides insights into the independent evolution of camptothecin biosynthesis in asterids										
manual	124	124	1	124	publication_component:citation:publication:doi:10.21203/rs.3.rs-5980036/v1	7566	B000025	25	288	12288	4df3b52356930dbf627624da7cb29d65230131577ebf8b32bd46b7fb805dc78e	bf2876110e74d466186f7e582ccaa66e978508200d0a1f7c49defa525832c638	10.21203/rs.3.rs-5980036/v1		W4407304999	br/0606038776	openalex	exact_work_id	https://openalex.org/W4407304999	c701f8762959d43d017d95d625e73089512b64b2766dfcbdc24ceba5f9c73ea0	transport_validated	ok	abstract_absent	0	Dynamic evolution of a sex-linked region										
manual	125	125	1	125	publication_component:citation:publication:doi:10.21203/rs.3.rs-6242736/v1	7570	B000025	25	292	12292	cfed1b5d330690173e4f8c500c9324000e874b87ac9b4322d05df02cfc27727f	6e0c953588bc3ff7a48278f5c1ea107d829be870367f69619ef703ddea897e6f	10.21203/rs.3.rs-6242736/v1		W4409492952	br/06011056777	openalex	exact_work_id	https://openalex.org/W4409492952	b752b1c2e06daf9bd1c2c76f03629d4c8c40e34b769d28780cbba0ca843edcf5	transport_validated	ok	abstract_absent	0	Comparative genomic insights into ecological adaptations and evolutionary dynamics of Trebouxiophyceae algae										
manual	126	126	1	126	publication_component:citation:publication:doi:10.21203/rs.3.rs-6262997/v2	7571	B000025	25	293	12293	1e6cd5251ab3998e906f4b7bf4d2ac994d915b858ce82d7162d0cb3a5aa08643	37c130ed18cb459489929258330253b252db4136e14520979de978250b2d47e7	10.21203/rs.3.rs-6262997/v2		W7213394250		openalex	exact_work_id	https://openalex.org/W7213394250	878c1289c2dee2cf7624633d3708a416ff5563474fe23cc5445b1de7bcbba2ea	transport_validated	ok	abstract_absent	0	Digitally Immune-Optimised Next-Generation Influenza Vaccine Provides Cross-Clade Protection Against Emerging H5Nx Viruses										
manual	127	127	1	127	publication_component:citation:publication:doi:10.21203/rs.3.rs-6452497/v1	7572	B000025	25	294	12294	20db6339951b17612fdb8a306ee9eea2a0c6b2ebc6a6d180f7fbae7f4a5ad4af	74b28658f2afc4a23c23f950a0088271ff36302aae9f71615b6c5d663e488ee0	10.21203/rs.3.rs-6452497/v1		W4409954777	br/06011062805	openalex	exact_work_id	https://openalex.org/W4409954777	1166e58f82d07dd985e286107db86e8d0200c82010f3b0a8a05345fe734f95b8	transport_validated	ok	abstract_absent	0	Transposable element-mediated structural variations drive gene expression and agronomic trait diversity in Brassica napus										
manual	128	128	1	128	publication_component:citation:publication:doi:10.21203/rs.3.rs-6552063/v1	7574	B000025	25	296	12296	6da8ffbf24723d00a93ca0590bb7d1937e0c60cf5c53aa57860adf0c8b197b13	9435c4cacf4e13f6ec004b39fb6599db464a7e5052878b023fc43a48591b947e	10.21203/rs.3.rs-6552063/v1		W4410404380	br/06011849389	openalex	exact_work_id	https://openalex.org/W4410404380	79ea5f2f71d639ab8f58fe30eaf6fd117329fe61b86ab41915be7dba29effaec	transport_validated	ok	abstract_absent	0	Highly heterozygous Citrus changshan-huyou Y. B. Chang originated from ancient hybridization between mandarin and pummelo and displayed distinct tissue-specific allelic imbalance										
manual	129	129	1	129	publication_component:citation:publication:doi:10.21203/rs.3.rs-6595308/v1	7575	B000025	25	297	12297	9ccadebbdf36245e34ffc8b41d2ee35aafe14f573e0fc351dbf9af112c4b77cf	f83b2366fc767ea470baecb1681cd6285c369aa7b64e0981087b4ef3fb4370ab	10.21203/rs.3.rs-6595308/v1		W4410120693	br/06012645348	openalex	exact_work_id	https://openalex.org/W4410120693	553338a20e40bf6776a1951cb67eb4e30b869ddfc4444b7f3137ca3f0cba790a	transport_validated	ok	abstract_absent	0	Repetita iuvant. The extraordinary evolutionary history of the endemic palm Chamaerops humilis L. in the Mediterranean										
manual	130	130	1	130	publication_component:citation:publication:doi:10.21203/rs.3.rs-6647740/v1	7576	B000025	25	298	12298	fdec5469a284731544d656345559b7809603bb389bd3cdf248a4158c7e537677	030e469ae5b3663bcf1cf605f12deea3f752aad1ddb6f51cbd23e23cb2b8cf18	10.21203/rs.3.rs-6647740/v1		W4410446705	br/06010510761	openalex	exact_work_id	https://openalex.org/W4410446705	7c038575ecefbcfc6319ed63a9d06e72939f4a5392b441b21621605d8cf36e7c	transport_validated	ok	abstract_absent	0	Digitally Immune-Optimised Next-Generation Influenza Vaccine Provides Cross-Clade Protection Against Emerging H5Nx Viruses										
manual	131	131	1	131	publication_component:citation:publication:doi:10.21203/rs.3.rs-6912338/v1	7577	B000025	25	299	12299	3b4c09d555cbb819e057b853327bf430ec0215a50402f3dbf1983741afcf8763	5da5c74b6560e1442d75aae758711c004c7efbb94467c96ec5ef2adf43e513b1	10.21203/rs.3.rs-6912338/v1		W4411958173	br/0609276477	openalex	exact_work_id	https://openalex.org/W4411958173	5e5dc7c83f62d6e3d1d0d910315d36ebb544f3a5c62a4a52e01681b8378d2405	transport_validated	ok	abstract_absent	0	From Genome to Gene Expression: The Genomic Landscape of a Hybrid Species of Eucalyptus urophylla × Eucalyptus grandis and Its Divergence from Parental Species Hybrid										
manual	132	132	1	132	publication_component:citation:publication:doi:10.21203/rs.3.rs-7120697/v1	7579	B000025	25	301	12301	63846fd5d539cfc11d2acda57c27bc65d99e873fc629deb6835b9304fca6cbd7	dd63b5886017ffadbcca12a961441fbb34674a8e6003514f5d034018c7a2b97a	10.21203/rs.3.rs-7120697/v1		W4412793087	br/06011240220	openalex	exact_work_id	https://openalex.org/W4412793087	ac0c2e3c56c14344873edd44c7bb1ec4294485d9d3a5a9ad068427cea483e892	transport_validated	ok	abstract_absent	0	New insights into mitochondrial segregation mechanisms in animals from the Doubly Uniparental Inheritance of bivalves										
manual	133	133	1	133	publication_component:citation:publication:doi:10.21203/rs.3.rs-7264946/v1	7583	B000025	25	305	12305	41a6e7e5fa143f5dd871290d9ae2d36cb81a8521a6a44f306f8d0f13cbcbc78d	f8b1d75533e49b092a63391929fad7ee5ceebec562fa40fc3f4e2ccf9e80d717	10.21203/rs.3.rs-7264946/v1		W4413764045	br/06011824487	openalex	exact_work_id	https://openalex.org/W4413764045	698e670c9a65ce0c3888232a87198a3b876a185252e10891860b782fb3294b64	transport_validated	ok	abstract_absent	0	Pathogenesis-related proteins are evolutionarily conserved across diploid and octoploid Fragaria species										
manual	134	134	1	134	publication_component:citation:publication:doi:10.21203/rs.3.rs-7268223/v1	7584	B000025	25	306	12306	e701813a66e1c55c7e34857f84b9bcff0826e2ad96e28c81a825c710aff6f87c	ba86d9f05be4fab51ad409d73bcc4b56c708666e2000fc885058a685f8ec8ec8	10.21203/rs.3.rs-7268223/v1		W7133363203		openalex	exact_work_id	https://openalex.org/W7133363203	950a928e4b8fcaf7b46a0b79d46c6ed0c5b98b861065f23db0104fbc7d150ed4	transport_validated	ok	abstract_absent	0	The chromosome-level genome assembly of Dryopteris fragrans reveals transposon-mediated genome evolution and adaptation										
manual	135	135	1	135	publication_component:citation:publication:doi:10.21203/rs.3.rs-734586/v1	7585	B000025	25	307	12307	f49f231812a8bc3a7fefda8ea480976988ccc9b870f16291c27d17634ac244e4	82a7e890a0ce3a1c8a792dd3e8f3e176529406e7049946dc26c838ec90112976	10.21203/rs.3.rs-734586/v1		W3216726283		openalex	exact_work_id	https://openalex.org/W3216726283	123f063d60120f7051ed50dc9ebc613301f1a649730d3d2d80499f6f2cbf2a1e	transport_validated	ok	abstract_absent	0	Comparative genomics and polyploid dynamics in tetraploid cotton (Gossypium)										
manual	136	136	1	136	publication_component:citation:publication:doi:10.21203/rs.3.rs-7359208/v1	7586	B000025	25	308	12308	77989bda49dcfd5b59c6fb4557330278687eefca5b441cd8cee8e2fbd07c20fe	2bdec6d9c3ecd7970f1292d88ab41be3d8043903913072c0b1d179c931af637b	10.21203/rs.3.rs-7359208/v1		W4413681772	br/06011958757	openalex	exact_work_id	https://openalex.org/W4413681772	12a5f3e470c43ef3d44fcde15d6843516021e0fdcc276388735bc6cf8ff7496a	transport_validated	ok	abstract_absent	0	Evolution of the immune system of bees: A story of conservation, gains, and losses										
manual	137	137	1	137	publication_component:citation:publication:doi:10.21203/rs.3.rs-7482084/v1	7587	B000025	25	309	12309	ce4643b95f46d5925617589f2a8d0ccaf12c3bb56147ea143bd46a016d1708bd	4fb9f0273f90891545a60122b8b593ed5f0e9daf71de36e11ba9fa7d33d84dfe	10.21203/rs.3.rs-7482084/v1		W4414232825	br/06011224981	openalex	exact_work_id	https://openalex.org/W4414232825	a418027a50362811345188aca84b94818838fa1c1277f36fb69f11b8926b475b	transport_validated	ok	abstract_absent	0	Phylogenetic Analysis and Machine Learning Identify Signatures of Selection and Predict Deleterious Mutations in Common Bean										
manual	138	138	1	138	publication_component:citation:publication:doi:10.21203/rs.3.rs-7909828/v1	7590	B000025	25	312	12312	122d286417951cb6a4200a563ded203d54ad287be37e3f30fbec3be9f30bca34	e994da4e77e2980ed98f94ca43a574b0c6df444f30285770ffa9750ad0525805	10.21203/rs.3.rs-7909828/v1		W4416993848	br/06013170345	openalex	exact_work_id	https://openalex.org/W4416993848	d8b5297a25b242462efa716ce55ec8ea826b2ae9c61ea6cb701527aa20ef0a04	transport_validated	ok	abstract_absent	0	Plastome Analysis and Phylogenetic Reconstruction of Iris Speci es in China										
manual	139	139	1	139	publication_component:citation:publication:doi:10.21203/rs.3.rs-7991728/v1	7591	B000025	25	313	12313	67f75f8abf62d0c298075efd5e7eeb2b18d3730ca4a0eb75a14d68655cff3239	09f93d4d71c73dfd246ab8790447b4dea4651f4c391ad6233502af76fd1a149a	10.21203/rs.3.rs-7991728/v1		W4416640081	br/06013905815	openalex	exact_work_id	https://openalex.org/W4416640081	a3f7fcee8b00e84d4c1205049b8e55eff99d0dcf4f0f52f56cdc9d81651be926	transport_validated	ok	abstract_absent	0	Chromosome-level genome assembly of the Common tenrec, Tenrec ecaudatus (Schreber, 1778), a new model for early placental mammal evolution										
manual	140	140	1	140	publication_component:citation:publication:doi:10.21203/rs.3.rs-8177042/v1	7593	B000025	25	315	12315	7908b23949d3b65a9d04acae74506e12fcc2ec71ae9f03e95812bee3b9d7d71a	f78e4e9d04074207e6c907fe3e447658c15fc0de7f080a96c508cd484b10498d	10.21203/rs.3.rs-8177042/v1		W7118663981	br/06014246437	openalex	exact_work_id	https://openalex.org/W7118663981	b40f70314744d7013ed451fb7611f2a7aa92ff6f31c1635adf3161b5a0c60c20	transport_validated	ok	abstract_absent	0	Genome-wide analysis of the NLR gene family in strawberry reveals a novel immune receptor architecture in Rosaceae										
manual	141	141	1	141	publication_component:citation:publication:doi:10.21203/rs.3.rs-8437865/v1	7594	B000025	25	316	12316	8090f3c1befabfad042513695f5d6435ad5d519575c3fb5cd453ddf0f784609a	73f9ae10907f3a815687d1977fbd400c81dc459244824c53c5c3f413ad11ee3f	10.21203/rs.3.rs-8437865/v1		W7124426034	br/06013323783	openalex	exact_work_id	https://openalex.org/W7124426034	b9d302cb89e9aa0f7b929bbd2eda57e7205ea797753b6bdb1b7ea0f9e42e1892	transport_validated	ok	abstract_absent	0	Parallel adaptation and cryptic global expansion of Mycobacterium tuberculosis Lineage 3										
manual	142	142	1	142	publication_component:citation:publication:doi:10.21203/rs.3.rs-8704689/v1	7596	B000025	25	318	12318	d7a6afe3bd2e6b74fd651296fcb867a25e6e39f22da9d3caf6ebd854be77111a	64c3e7ce4a1aceef2d57513859a0a7d4254e453315a303c214b0592298ef4e9c	10.21203/rs.3.rs-8704689/v1		W7136049746		openalex	exact_work_id	https://openalex.org/W7136049746	4d998c5fa259415f2b2b0b38e2fb0ad8c4e7d8ba65684fef336bee8050bbe123	transport_validated	ok	abstract_absent	0	Integrative multi-omics analysis traces the divergent evolution of Chinese and Vietnamese Cinnamon and elucidates the biosynthetic pathway of cinnamaldehyde derivatives										
manual	143	143	1	143	publication_component:citation:publication:doi:10.21203/rs.3.rs-8797160/v1	7597	B000025	25	319	12319	d0edc5b681a1adcb0e793eae81621c10df2a43091b6c6db96cc6ecc9d2f22f66	b0d4414d6876630680183967252d586284686a59b88b0a755f16cf52a15f48cb	10.21203/rs.3.rs-8797160/v1		W7131424218	br/06013808595	openalex	exact_work_id	https://openalex.org/W7131424218	2e5f9de5b948e7408bfe289a70350b2b5ad945ce123c86b7a1868951fdedae10	transport_validated	ok	abstract_absent	0	A Conserved NP Mutation Quartet Drives the Avian-to-Canine Host Jump and Establishes a Molecular Foundation for Zoonotic Adaptation										
manual	144	144	1	144	publication_component:citation:publication:doi:10.21203/rs.3.rs-9014569/v1	7599	B000025	25	321	12321	049600cd32e915c4e4cbb3e174342d20a559239ace450c85393e2ed705ad03cd	c81ff94242e8c9e7fc892f0dc54fd8c76a25060f9fd7a8445e0e3761633c8212	10.21203/rs.3.rs-9014569/v1		W7155444690		openalex	exact_work_id	https://openalex.org/W7155444690	f9fc5d3b497d51a4caf4ab41ef7bc73f14b3079508a74c32b9dc80c0e56a91d9	transport_validated	ok	abstract_absent	0	WITHDRAWN: Genomic Inversion and Transient Episodic Selection Reshape the queD Locus During Host Specialization in Xanthomonas										
manual	145	145	1	145	publication_component:citation:publication:doi:10.21203/rs.3.rs-9014569/v2	7600	B000025	25	322	12322	3c70135e7dcad23e77c975ab40ba671a2dd2598576c32a54d180aaf51940ab59	65da2a47339e8dd75d1c99c8bae383357e51cf84bb25169abd3a0cb0fee87ab3	10.21203/rs.3.rs-9014569/v2		W7203654784		openalex	exact_work_id	https://openalex.org/W7203654784	309845f02f61663ffad483c7b499f438e68edc816d53ea016c1658266e30ca7d	transport_validated	ok	abstract_absent	0	WITHDRAWN: Genomic Inversion and Transient Episodic Selection Reshape the queD Locus During Host Specialization in Xanthomonas										
manual	146	146	1	146	publication_component:citation:publication:doi:10.21203/rs.3.rs-9344370/v1	7601	B000025	25	323	12323	c022e31dc37bf1e5d7f5d3eb7375d3577ad2a419ff6df3c2b04eb1a6bfa0f728	4a09c5737938055b10216fa91c2874ef1270995e7657c2ae630776f31c6222d3	10.21203/rs.3.rs-9344370/v1		W7154223064		openalex	exact_work_id	https://openalex.org/W7154223064	f46a2142f54d4ef9e93876924b2bdb202084859861cadbb9d8c76a21157a998d	transport_validated	ok	abstract_absent	0	Genomic surveillance in the UAE reveals the global origins and local diversification of RSV lineages										
manual	147	147	1	147	publication_component:citation:publication:doi:10.21203/rs.3.rs-9610775/v1	7602	B000025	25	324	12324	9bf280f677b5edb56b0cb3e551ecbb1044f2bb46f55bd4dda85b895803eb7600	911b1a700098b618e851e285479923936fb63c13ad6aaf5e7a1015d3aefc8d78	10.21203/rs.3.rs-9610775/v1		W7167698892		openalex	exact_work_id	https://openalex.org/W7167698892	0793459c3f812445069d967f9fb9eded82215a9f223eefca5c9c15dc86b22f2f	transport_validated	ok	abstract_absent	0	First complete mitogenome of Clinostomum dimorphum reveals conserved genomic features and phylogenetic relationships within Clinostomidae										
manual	148	148	1	148	publication_component:citation:publication:doi:10.21203/rs.3.rs-9615064/v1	7603	B000025	25	325	12325	83765fef584e1c87716d769a8ed20a628f013f67a4a5d6c1e85c681205448266	01d6ca85735286df76ab57f7d5e649d0ea205c3bd6ba2f3056e306a7ace0fb9f	10.21203/rs.3.rs-9615064/v1		W7163200343		openalex	exact_work_id	https://openalex.org/W7163200343	c340e871ec82cbd913838adba2a9b49bffa71b64fa044274b038db8e78643ef0	transport_validated	ok	abstract_absent	0	Global population genomics reveals the expansion of a chromosomally stabilized multidrug-resistant subclade of Clostridium perfringens										
manual	149	149	1	149	publication_component:citation:publication:doi:10.21203/rs.3.rs-968321/v1	7604	B000025	25	326	12326	f648f12446ac6f42c04e96f2b3d83741906125f9bacceeb3c8e92b9ec7008739	1806f44a043e6ce4ca829d25ce29deaac1bdeb0ae8c7d9dd32e631f276c4e27c	10.21203/rs.3.rs-968321/v1		W3215046414		openalex	exact_work_id	https://openalex.org/W3215046414	25ff80166c622fc48e880c0af973ec977a554bc4e6628cc2fadb94ed63e7757f	transport_validated	ok	abstract_absent	0	Evolutionary dynamics driving continental radiations of Fagaceae forests across the Northern Hemisphere										
manual	150	150	1	150	publication_component:citation:publication:doi:10.21203/rs.3.rs-9898928/v1	7605	B000025	25	327	12327	fb0737ae8112f5cb0af54895942eb77b311ad1b4dc04d639e646096a7a6059be	f5c3cbc4dac51ddce4069a3ad7a79ac12c20f9115a69e797f5b76267e968c038	10.21203/rs.3.rs-9898928/v1		W7165201341		openalex	exact_work_id	https://openalex.org/W7165201341	53a525f666ad9ea3266e17fe9b19e0e711d552f7168b13679c66812493819a9a	transport_validated	ok	abstract_absent	0	WGS-Based Hypersurveillance of Dual-Clade Overlapping Candidozyma auris Outbreaks From 2021-2024										
manual	151	151	1	151	publication_component:citation:publication:doi:10.21203/rs.3.rs-9904606/v1	7607	B000025	25	329	12329	b577ba752a059238229e7b55193c5b5b940290a27515acb6c2936ae926323adf	e4a8e672f1a9f1fc1effa916c3dbc9f076d249e1c2013797464a376ea0113132	10.21203/rs.3.rs-9904606/v1		W7164831704		openalex	exact_work_id	https://openalex.org/W7164831704	3e18ffada24134ad7017739dd8d3798f53ec181087ad1a922e288b2dfec669c6	transport_validated	ok	abstract_absent	0	Genome dynamics of Vibrio mimicus in cholera-endemic regions of Bangladesh										
manual	152	152	1	152	publication_component:citation:publication:doi:10.21203/rs.3.rs-99464/v1	7608	B000025	25	330	12330	42013b83cb0283e281a9a85dd1fadacfe58aa115561afa0a022d86c6428b39fd	1b1ad416e43247b963460f8890362aafe89374da63333b7c8777481224492995	10.21203/rs.3.rs-99464/v1		W4238960911		openalex	exact_work_id	https://openalex.org/W4238960911	d3de8513fa78a08bb3552967f956be9331fd6c959259f710ed23fcfefbfdea3f	transport_validated	ok	abstract_absent	0	WITHDRAWN: Complete Chloroplast Genome of Calligonum Mongolicum: Genome Organization, Codon Usage Pattern, Phylogenetic Relationships, Comparative Structure and Adaptive Evolution Analysis										
manual	153	153	1	153	publication_component:citation:publication:doi:10.2139/ssrn.3155660	7609	B000025	25	331	12331	766e79beb300d77221504a0bc7e71bd2c6d01c266f905ca6b221b6d2d601da0a	33f8cb6c0fd72b602bd689437a3bf62d386e7871ebd09ae1db12719b66ac851a	10.2139/ssrn.3155660		W3123670264	br/06140300818	openalex	exact_work_id	https://openalex.org/W3123670264	1421e3377392184687832117fe21f52fac225587dc4cf974ad954dca359c8ec7	transport_validated	ok	abstract_absent	0	Evolutionary Analysis Provides Insight into the Origin and Adaptation of HCV										
manual	154	154	1	154	publication_component:citation:publication:doi:10.2139/ssrn.3155745	7610	B000025	25	332	12332	d3ed70308bd4b57f7d3f474f8ac8a281f3e90fccb100b3c6407f7c57941f8ca0	77de71cfe37fb39c555858eeeacc455dd767c387b67e896bd4c95dbd96bd0332	10.2139/ssrn.3155745		W3124505447	br/06140301140	openalex	exact_work_id	https://openalex.org/W3124505447	9d31b9a47f042f7d41619f1d7093ef65d08471335cae89a058822689c7e968c4	transport_validated	ok	abstract_absent	0	An Ancient Integration in a Plant NLR is Maintained as a Trans-species Polymorphism										
manual	155	155	1	155	publication_component:citation:publication:doi:10.2139/ssrn.3253571	7611	B000025	25	334	12334	812fdc208250d5d4f55cb2b13049e35e2506fbe294a5dec3d38cb59526d25d67	95e012d02508cebdd619c7936df07405fd6cc276d2961e1cb9b4adcd19112daf	10.2139/ssrn.3253571		W2910029759	br/0640310531	openalex	exact_work_id	https://openalex.org/W2910029759	dd0b6aed7980edd7d60a5f20467c8c46b0a77f10108b60c08d3c41bc549cf0da	transport_validated	ok	abstract_absent	0	Genetic Variation in a Cellular Adhesin Suggests Self-Discrimination Driven by Ecological Competition in Yeast										
manual	156	156	1	156	publication_component:citation:publication:doi:10.2139/ssrn.3502312	7612	B000025	25	335	12335	1943f8e0a61d11195543428e5c58b1e9c869051c18eb90674a3f69da782dff03	988f84cbbbf263a0d6bcec0db4caae0e831b576719c8643e6b77c98cd3d7a569	10.2139/ssrn.3502312		W3096395444	br/0640309610	openalex	exact_work_id	https://openalex.org/W3096395444	e34c8584e506e8296a85f484420d84c85188dbb57fd42e188d96541f072110c7	transport_validated	ok	abstract_absent	0	Comparative Analyses of 35 Marine Mammal Genomes Provide Insights into the Evolution of Aquatic Life										
manual	157	157	1	157	publication_component:citation:publication:doi:10.2139/ssrn.3932602	7613	B000025	25	336	12336	22b5e4d353d5c81dafb6b8cc1fc5887dad59109d36f749a221685a4a59326e19	e2278b873a7698404665c297e0078801a6b33cfd8b30e6744056133f95cd0e40	10.2139/ssrn.3932602		W3212290057	br/06250300940	openalex	exact_work_id	https://openalex.org/W3212290057	a721cd762d65c3dc267db04b8b850520e40a2e5457b44ade97a8d530577a39d3	transport_validated	ok	abstract_absent	0	Rapid and Parallel Adaptive Mutations in Spike S1 Drive Clade Success in SARS-CoV-2										
manual	158	158	1	158	publication_component:citation:publication:doi:10.2139/ssrn.3952829	7614	B000025	25	337	12337	d83d2b8913eaf3667379e0761b97ce57fb541ff9afd0417bb862153d1b8b279e	e4bdc9001c0ae4a9c0839989a14ca6688fa24a0911d9c7c00c4a8123ad6c0828	10.2139/ssrn.3952829		W3211533262	br/0637095216	openalex	exact_work_id	https://openalex.org/W3211533262	e98b7399acf81e6704c112f0ee7c69c12ccc7370936f49bf12b05611cdd8d67d	transport_validated	ok	abstract_absent	0	Evaluating Selective Pressures Driving Clades Differentiation of the Faecalibacterium prausnitzii Complex										
manual	159	159	1	159	publication_component:citation:publication:doi:10.2139/ssrn.4055643	7615	B000025	25	339	12339	e12a0ff85e291365fb51a3590af5bf369b929b58b56bdd1cc2a2215a6a63e1ee	2284973e3ba4c397078d493dccd48907c169685c748967d93f2a1ac6c1f03a04	10.2139/ssrn.4055643		W4226230053	br/06404365561	openalex	exact_work_id	https://openalex.org/W4226230053	d9ebfc1dfc9ced7cc064cc7d119833a413c5e7ec7bf91b652d8d7e78b530e3c6	transport_validated	ok	abstract_absent	0	Genome-Wide Local Ancestry and Direct Evidence for Mitonuclear Coadaptation in African Hybrid Cattle Populations ( Bos Taurus/Indicus)										
manual	160	160	1	160	publication_component:citation:publication:doi:10.2139/ssrn.4069545	7616	B000025	25	340	12340	8a693e35274c5dfba8381565828f79774bf12ee7ad56a17ad017562b73849276	9a1173c4200dfa38b6eb17c5a3b0164e4253a700d6d5637597ca5365f0a26fb0	10.2139/ssrn.4069545		W4226016668	br/0635091875	openalex	exact_work_id	https://openalex.org/W4226016668	6f1de62301a6215ab832d6de6918a7c0b8dcf8c98b18e77b3fb00e7018a8b3d8	transport_validated	ok	abstract_absent	0	Idea Engines: A Unified Theory of Innovation and Obsolescence From Markets and Genetic Evolution to Science										
manual	161	161	1	161	publication_component:citation:publication:doi:10.2139/ssrn.4071016	7617	B000025	25	341	12341	aef2f8411ebb8de03cd1f499d59cad8327a5143a87f7ca2670ec3b940d2df310	d969d129493d87e8ca9247e3210962bf66405e728bea08425c978619e0a44e83	10.2139/ssrn.4071016		W4226454021	br/06404366429	openalex	exact_work_id	https://openalex.org/W4226454021	91dab3bdd65c660ad0301160a87611192bfe9c09d954418aa0eec2175d966f60	transport_validated	ok	abstract_absent	0	Evolutionary Déjà Vu: Extreme Convergence in an Ant-Plant Association										
manual	162	162	1	162	publication_component:citation:publication:doi:10.2139/ssrn.4099078	7618	B000025	25	342	12342	26394d9798d268a03627e8a3443256bf60d3d20afa67222c8215b7fd2fb8eac3	5552ca94e98a4ebb36287158b3f4da97f330083f7a5402479dbfec22d8e98cd9	10.2139/ssrn.4099078		W4285178292	br/0642095004	openalex	exact_work_id	https://openalex.org/W4285178292	38941b10c74b8861eb4c5142509d3d73b494c27484da8fd3e3dbf4d06aabf1d6	transport_validated	ok	abstract_absent	0	Determinants of Spike Infectivity, Processing and Neutralization in SARS-CoV-2 Omicron Subvariants BA.1 and BA.2										
manual	163	163	1	163	publication_component:citation:publication:doi:10.2139/ssrn.4135652	7619	B000025	25	343	12343	af5085b6b1ab5670f4d976afbb3624dc64e28b2940013479899379f9eb28989c	37dc1cb8a500211faecde11cbedae780b8a3dd6aca1c93b6000d616bd21f554d	10.2139/ssrn.4135652		W4285060923	br/061203827590	openalex	exact_work_id	https://openalex.org/W4285060923	6d615e783cd7092dc7b0e39193bb18047607dda3445bea3511761038f25ef13d	transport_validated	ok	abstract_absent	0	The Genetic Adaptations of Toxoptera Aurantia Facilitated its Rapid Multiple Plant Hosts Dispersal and Invasion										
manual	164	164	1	164	publication_component:citation:publication:doi:10.2139/ssrn.4196967	7620	B000025	25	344	12344	16e9e025a0545925a27c0309d366a8bdf5bf358ea60dfb774d1a5d66dd03c843	469b31a16df14c6248aa0864054844104c541b0f0973e1d79c0f8e336a9d4697	10.2139/ssrn.4196967		W4293213092	br/0647087560	openalex	exact_work_id	https://openalex.org/W4293213092	7c464c689646a67f5f8a7596b391a91e1fdda41dc2e49e5709695bfac6514764	transport_validated	ok	abstract_absent	0	Genomic Surveillance of SARS-CoV-2 in Ghana: Leveraging an Integrated National Influenza and SARS-CoV-2 Platform										
manual	165	165	1	165	publication_component:citation:publication:doi:10.2139/ssrn.4214078	7621	B000025	25	345	12345	42fdf42916a373387a5c802af0464241e4981ad9a8713bf148bf3b8186483ec6	793a1fadb9ae5553d53870b26b2415f6162923ea979894f38f7b085d4d1bf18c	10.2139/ssrn.4214078			br/06023911326	openalex	exact_doi	https://openalex.org/W4295873258	eeb22282e524f5739196d2ef60ffa2a87cc35c98300212772728af0da68a4b18	transport_validated	ok	abstract_absent	0	Ancient Origin And Conserved Gene Function In Terpene Pheromone And Defense Evolution Of Stink Bugs And Hemipteran Insects										
manual	166	166	1	166	publication_component:citation:publication:doi:10.2139/ssrn.4774114	7622	B000025	25	346	12346	6e51eb6b7c0a7c2b1a9fdc019f67ce29715e4de3a732d9ccf26968608c39af3d	a7c2487d8b9873f780b00079c259faba171467231c7d933c4fd607cbb67cc2d6	10.2139/ssrn.4774114		W4393240646	br/06704740675	openalex	exact_work_id	https://openalex.org/W4393240646	403c65ada03e392f3702823fdf1fd5180cfc2e331a75de055cadaca102f53a4b	transport_validated	ok	abstract_absent	0	Genomic and Transcriptomic Perspectives on the Origin, Evolution, and Application of Numts in Orthoptera										
manual	167	167	1	167	publication_component:citation:publication:doi:10.2139/ssrn.4781960	7623	B000025	25	347	12347	c8b6d560950be0694dda7680641af8a59872ef6dbee352df856907d77a8def32	371a348be6403da3b1da49c82e1eec5e4cf731ae1ce8faba1e738b26866d0300	10.2139/ssrn.4781960		W4393643634	br/061204315867	openalex	exact_work_id	https://openalex.org/W4393643634	693687f43e3a6f44b159ffd68b75529a349e1514883073882f0f4db235ffdd21	transport_validated	ok	abstract_absent	0	Genomic and Transcriptomic Analyses of the Elite Rice Variety Huizhan Provide Insight into Disease Resistance and Heat Tolerance										
manual	168	168	1	168	publication_component:citation:publication:doi:10.2139/ssrn.4791168	7624	B000025	25	348	12348	2b3de0109e52f1be328188de6fb14887b11244738a5339b75132a84c71480929	77de5e178db64eabf8a2e59e80c34c2ae29b8178122d3ea865d14f40b0e0fb97	10.2139/ssrn.4791168		W4394828407	br/06804824425	openalex	exact_work_id	https://openalex.org/W4394828407	7ed7bff4c5977cdc96295c0c6ea0b768e1053cb4649c44cd920dd8d7be49f7ce	transport_validated	ok	abstract_absent	0	First Whole Genome Sequencing Data of a Mycobacterium Tuberculosis Stb-T1a Strain Isolated from a Spinal Tuberculosis Patient in Sabah, Malaysia										
manual	169	169	1	169	publication_component:citation:publication:doi:10.2139/ssrn.4795031	7625	B000025	25	349	12349	65e488faca4d58cbe136feb635f8251a252c018abd7547ab1d6ee2657254cb0c	ec5817d72eb870b051c9b1c8cc6e8fb0524f234107b3fb04d192637386440bfb	10.2139/ssrn.4795031		W4394863632		openalex	exact_work_id	https://openalex.org/W4394863632	01c779420c5b57f085c892ef7d636831c0d658033fa3084728e687989240ba88	transport_validated	ok	abstract_absent	0	Into the Blue: Evolutionary Adaptations Associated with the Diversification of Baleen Whales										
manual	170	170	1	170	publication_component:citation:publication:doi:10.2139/ssrn.4822224	7626	B000025	25	350	12350	c188282395e5f76b770b7e2feec14eb2ff7f2bd23cb0ef9f0acd1196d1f7bdf8	0e61a6a6f687e29aa8284a7b454ca4350fa1287ad6dd98d7ffdb778876f77f35	10.2139/ssrn.4822224		W4396877919	br/06904470666	openalex	exact_work_id	https://openalex.org/W4396877919	bb0cb4aff6a32e982b2e0c86cf2a97fd701be0981d6bfc6137394e0c973bdd45	transport_validated	ok	abstract_absent	0	Museomics Reveal Origins of East African Forest Chafers and Miocene Forest Connectivity										
manual	171	171	1	171	publication_component:citation:publication:doi:10.2139/ssrn.4822271	7627	B000025	25	351	12351	cab74a0cd14dcfe5423c552016724dfd479516ebb99956d80ee6a37788d2123b	55298daf5120b362772ca2aeee8f1402def8646948b8675a3f2a5027df19caf0	10.2139/ssrn.4822271		W4396771625	br/06310499310	openalex	exact_work_id	https://openalex.org/W4396771625	66de74c64a1c5d5906d5089f40a8169d61f38b5f52115dd05e7df0f7d35f6bb4	transport_validated	ok	abstract_absent	0	Genome Analysis and Drought Response Study of Albizia Odoratissima										
manual	172	172	1	172	publication_component:citation:publication:doi:10.2139/ssrn.4888603	7628	B000025	25	352	12352	bfcca17a2ddca5ece9fab41366194a7e0d0732dbde36df5ec3b8cba8eae2b9b3	ca6e7d867e401ce8798d857b681b7995fe9f813a1cda3d673728e1f3c7ec6a12	10.2139/ssrn.4888603		W4400407390	br/062104315943	openalex	exact_work_id	https://openalex.org/W4400407390	95e436ded82b23f47601f3f42400e7ea6edbac749e19a320155219b905360d25	transport_validated	ok	abstract_absent	0	Sink or Swim: Phylogenomic Analysis of Baikal Sculpins Reveals Multiple Transformations to Pelagic, Bathybenthic, and Lotic Ecomorphologies										
manual	173	173	1	173	publication_component:citation:publication:doi:10.2139/ssrn.5055090	7629	B000025	25	353	12353	39703021f4eb1177601cae295ee9c2c0b8404d23889410ab7b2e2b0a19c0b679	2928cbac31cd80ce122c0f6eef77c77cabf9cf061c25a9267d66a445219326cb	10.2139/ssrn.5055090		W4405438469	br/0607559860	openalex	exact_work_id	https://openalex.org/W4405438469	9ff0eaa1f66a6e4efdd8e6f80e7f94b9da17e895a7e6ccbd07575e22f5d9ae8b	transport_validated	ok	abstract_absent	0	The Adaptive Radiation and Social Evolution of the Ants										
manual	174	174	1	174	publication_component:citation:publication:doi:10.2139/ssrn.5055093	7630	B000025	25	354	12354	992510f3becdc96b91021da9fb0746c4b6f5bf8123c9e6a1a5feea81ba8e22d2	43b608f202ebac4b62e668d6693a196ddad94c0a7f4533250d817ae194f48ae7	10.2139/ssrn.5055093		W4405438543	br/0607692257	openalex	exact_work_id	https://openalex.org/W4405438543	3003ef406a758a8db1f01705d6747a665a2b681cbec08e1123accf3abd13c2cd	transport_validated	ok	abstract_absent	0	Draparnaldia: Insights into Alternative Mechanisms of Multicellularity and Terrestrialization in Green Lineage										
manual	175	175	1	175	publication_component:citation:publication:doi:10.2139/ssrn.5092569	7631	B000025	25	355	12355	9f3affc6ea3c6975723fdd7341aeb11bbaff5d4cc0c83974f9fc83c963698c19	638cfcf2361b5e863c3b12bce051bfd9cb3535de6315ed09dfa0741c154f5fd4	10.2139/ssrn.5092569		W4406257053	br/0604891281	openalex	exact_work_id	https://openalex.org/W4406257053	3d5f63b2a73b69ef950e9d7575e6abb6e9f4ccacf88f1700b7967b00471e88cc	transport_validated	ok	abstract_absent	0	Trichaptum Biforme Genome Decoding Provides Insights into Carbohydrate Degradation and Polysaccharide Synthesis										
manual	176	176	1	176	publication_component:citation:publication:doi:10.2139/ssrn.5352070	7632	B000025	25	356	12356	23001e20ad3bf5f8b96fe46b6456ea8d2c0b79f19c4b2f1aa8fba6dffd9d791e	dc5c4d257929f8deecfbcb88aba681cd312ad2c20725bda9cfa5a6b9e38740e5	10.2139/ssrn.5352070		W4412429874	br/06011252033	openalex	exact_work_id	https://openalex.org/W4412429874	157b2b59ac8b4bf9d2441f3c415442190eb8db9729522c9f531003e54b0c70ff	transport_validated	ok	abstract_absent	0	Cetacean-Specific Gpr12 Mutation is Functionally Associated with the Blubber Thickening										
manual	177	177	1	177	publication_component:citation:publication:doi:10.2139/ssrn.5360477	7633	B000025	25	357	12357	591d9a6639d4e3f79e82c191014f981ec0866a41231ebfe0c05c9759ca4944eb	182d1b2153a661b2e668d286cdb9e2f7635e8d6761ec419e2bc95f9f7ca783f7	10.2139/ssrn.5360477		W4412565587	br/06011946178	openalex	exact_work_id	https://openalex.org/W4412565587	a51ea311157cb9f429df0e6c8291750c4dc59c46cac414db563f38745734942d	transport_validated	ok	abstract_absent	0	Yellow Fever Virus Interactomes Reveal Common and Divergent Strategies of Replication and Evolution for Mosquito-Borne Flaviviruses										
manual	178	178	1	178	publication_component:citation:publication:doi:10.2139/ssrn.5389239	7634	B000025	25	358	12358	0ecb5d8c4f4a26035c23bfb784433372c116e147ca4288ec54123b85e1bee106	08a542eee4ac6611029657658b0433fa3294c51b13915b5dbfc7953d5d492c58	10.2139/ssrn.5389239		W4413188113	br/06010134169	openalex	exact_work_id	https://openalex.org/W4413188113	06d621d0d2b5f84475310001c421833d122a4fd37a50a71159973cc0e569176a	transport_validated	ok	abstract_absent	0	Genome-Wide Identification and Analysis of the Igfbp Gene Family in Sea Urchins										
manual	179	179	1	179	publication_component:citation:publication:doi:10.2139/ssrn.5396505	7635	B000025	25	359	12359	0d1a6e1fcf33209f60aee3bf8adb3c4e7c80ff8a83fa08b4eacbb4cd2b39141d	d74a59271dd60ce237fe34e5599c34b2b2fa01be7117c7cdb866aa7213ccd373	10.2139/ssrn.5396505		W4413274369	br/06014983707	openalex	exact_work_id	https://openalex.org/W4413274369	daf11994fe29c6f89f418d17705c52f3bb9b2d09fbea9bb2f56772c1070800fe	transport_validated	ok	abstract_absent	0	From Stone Fruits to Pome Fruits: Genomic Analysis Revealed the Host Adaptation and Evolution of Monilinia Spp										
manual	180	180	1	180	publication_component:citation:publication:doi:10.2139/ssrn.5551147	7636	B000025	25	360	12360	64a61ee6974b0595ce12efddf89d249980486098f288b4b56e2d17015213755d	7de423dfd66168bd8b2953527a8c658586cc4724fe1ec80df2c58f93c7f2557e	10.2139/ssrn.5551147		W4414727732	br/06014626671	openalex	exact_work_id	https://openalex.org/W4414727732	9938f2d2b9c629703eae54ecb78874914ffdbecdfaac3e5879e37b527dff014d	transport_validated	ok	abstract_absent	0	Diversification of kangaroos and broader turnover among marsupial terrestrial herbivores coincided with emerging aridification then incipient grasslands										
manual	181	181	1	181	publication_component:citation:publication:doi:10.2139/ssrn.5767222	7637	B000025	25	361	12361	31281e943b5572c129654a0124993c1e3626f09ec2bc5547e6663c0dda7c5e48	fa57d75e063cf1ee70ee0831b3fe22add5611fc5699ca1f924a026f452e65d5a	10.2139/ssrn.5767222		W4416328499	br/06014010705	openalex	exact_work_id	https://openalex.org/W4416328499	2999ffd402abe8d78c425ce66a6c81fe81835a7f8f5e45af4af727b27c263a81	transport_validated	ok	abstract_absent	0	Multi-omics analyses of Dracocephalum moldavica L. reveal two flavonoid glycosyltransferases in tilianin biosynthesis										
manual	182	182	1	182	publication_component:citation:publication:doi:10.2139/ssrn.5772695	7638	B000025	25	362	12362	be7a28518c785c7c4c5403ddac96bb988cee5f84c2d033db75f435cd0b66009e	3d6d614454031a9af148e4bf22e5b1224ad0d418973cf46cd84aadc460800b8a	10.2139/ssrn.5772695		W4416371109	br/06014287613	openalex	exact_work_id	https://openalex.org/W4416371109	667f73cca8f51e0d0cc12ff26576ef51fe9394b797f401c8a7a5186b49be6684	transport_validated	ok	abstract_absent	0	HbSNAP33 and HbSYP16 enhanced the resistance to Colletotrichum gloeosporioides in rubber tree										
manual	183	183	1	183	publication_component:citation:publication:doi:10.2139/ssrn.6471258	7639	B000025	25	363	12363	997dcc05db47df96934330be20e8f5ff11ad6e7a1e6f7110eb91779425232797	41c95dcdbb2e4bee7b0da60bb972e2a992a20812346f11967484e84ad529e417	10.2139/ssrn.6471258		W7140597213		openalex	exact_work_id	https://openalex.org/W7140597213	de9ba9ccc0608c7e708cd2f923405c2e879720c191bd108a21628fe51a735d67	transport_validated	ok	abstract_absent	0	Chromosome-level genome assembly of grand jackknife clam Solen grandis: Insights into evolutionary adaption and stress response										
manual	184	184	1	184	publication_component:citation:publication:doi:10.2139/ssrn.6480006	7640	B000025	25	364	12364	641cbacd75d34612294b77f58d19b0e79fe4a3c5b123deee151eb4bf00d17717	1a4cc2e526f29f484a74abc8b11978f3bab44b4810817852bde820b6d456c147	10.2139/ssrn.6480006		W7141174630		openalex	exact_work_id	https://openalex.org/W7141174630	118b0daadf99656a793042f8b41af06c1cf46ab5fb3be3274bf3aa48ec1aeda9	transport_validated	ok	abstract_absent	0	Divergent evolutionary routes and parallel functional convergence of fructose-metabolism genes in bats										
manual	185	185	1	185	publication_component:citation:publication:doi:10.2139/ssrn.6578345	7641	B000025	25	365	12365	168a743991a86985fb29db170aea75e7e8ab9233d5f02dc7f3f696628c7ee324	8af6e64048bfaf020f9bc58ec8f2b57c4a1a85263c03747191f6858cbf8af629	10.2139/ssrn.6578345		W7154380050		openalex	exact_work_id	https://openalex.org/W7154380050	2d0313f714abec6b3abedb5f53c57abbb21dd7518b43b035f5fd32225c94792c	transport_validated	ok	abstract_absent	0	Selection on PER2 phosphorylation regulation underlies atypical mammalian circadian rhythms										
manual	186	186	1	186	publication_component:citation:publication:doi:10.2139/ssrn.6626700	7642	B000025	25	366	12366	9f2d58e6def01c6d4f53a82cedd53e7b25099c1b3c6c6d63dc57a1aca229a693	bd4ffdf029062197078ae79c2a6aaae5a9b9f9692cac334a30caaab9f19810e7	10.2139/ssrn.6626700		W7155203468		openalex	exact_work_id	https://openalex.org/W7155203468	5260be7937b04c4b0d4cc088fafe3914717ec3701d2c4e7f6b194d8baddfd408	transport_validated	ok	abstract_absent	0	Evolutionary Expansion and Structural-Functional Characterisation of Fox Transcription Factors in Perna viridis										
manual	187	187	1	187	publication_component:citation:publication:doi:10.2139/ssrn.7213784	7643	B000025	25	367	12367	f2a924092a9c7ba0f3c131b6476d91e9d95c52d753d104b46c2ff9f63147ac19	4262db3c9e047b7785a4cfed078624901db63a14b3a5cd8dd3e1885546ea506f	10.2139/ssrn.7213784		W7172020360		openalex	exact_work_id	https://openalex.org/W7172020360	63516e90428dcd7d4a643f26e2888e73a8120aeb701c92ce7f0e279818b81b41	transport_validated	ok	abstract_absent	0	Evolutionary and Structural Characterization of the Mitogen-Activated Protein Kinase Kinase Gene Family in the Asian Green Mussel (Perna viridis)										
manual	188	188	1	188	publication_component:citation:publication:doi:10.2139/ssrn.7238596	7644	B000025	25	368	12368	7ff430f5e4b0f471b9143c51f06de1cb0e4847acea32ebc9c159468de06a23bb	11954eef3c95b8a0a405350d91fa4b2c5356834dd120c74a8e9993ae039e5210	10.2139/ssrn.7238596		W7172541951		openalex	exact_work_id	https://openalex.org/W7172541951	beeb292df4b65484252066c40e84d0419357bf940805f034c051da2ca7912d32	transport_validated	ok	abstract_absent	0	Backbone flexibility and biosynthetic architecture, not linkage chemistry,keep an extended β-1,2-glucan fibre out of bacterial reach										
manual	189	189	1	189	publication_component:citation:publication:doi:10.2139/ssrn.7417079	7645	B000025	25	369	12369	99ce15c710bc48355c6af52530cc4abc53e7503701d6cfa9080176d2a1c5a5ef	e296f97e8aca81fb682af207f3da107648b4d7e70a6b5b05b55fc3a8ecb6a3b5	10.2139/ssrn.7417079		W7208811228		openalex	exact_work_id	https://openalex.org/W7208811228	8ff82c063efc56fb219148ca775b8a5e18080d4f3d9bdc4cc662c613b171c8a4	transport_validated	ok	abstract_absent	0	Chromosomelevel genome assembly and comparative genomics of Mytilus coruscus provide new perspectives on the genetic basis of high condition index										
manual	190	190	1	190	publication_component:citation:publication:doi:10.2307/2340521	7716	B000025	25	441	12441	23c2efce8baa14917a7dca44369990d5fde452c25febaf1c300fcd4a4a18f87d	1209013fd259ef33b87fafee3f4feb2d5de6177695cdeffe78f9ad24b42c7111	10.2307/2340521			br/06170774713	openalex	exact_doi	https://openalex.org/W2290195878	83e6ce8a07d3018a41f4b620168de8204051b13934172041cd72d43c3a7e8a09	transport_validated	ok	abstract_absent	0	On The Interpretation Of Χ 2 From Contingency Tables, And The Calculation Of P										
manual	191	191	1	191	publication_component:citation:publication:doi:10.3354/meps14701	7831	B000026	26	58	12558	5184e006a03b67815b54face564aa4ba7a6dd074d081122507d25c573710ff89	153ae48e148e1a7d01a26d4d6ff24ba6475eefb98b79f71d807b6a89b09f9038	10.3354/meps14701			br/062204413539	openalex	exact_doi	https://openalex.org/W4402526634	d3eb7102a7ca42441a3cdc4f206eb6120d9b8cf920bf55bd969e6d8d4b517f1f	transport_validated	ok	abstract_absent	0	Genetic Population Structure And Demographic History Of The Sailfin Sandfish Arctoscopus Japonicus Associated With Sea Level Changes During The Last Glacial Maximum										
manual	192	192	1	192	publication_component:citation:publication:doi:10.3389/978-2-8325-4290-3	7836	B000026	26	63	12563	36a1bc2bd81c1c0168143c100839c1f797de194f407bd62fbb39807104132922	c17e7fa598fc968a0c277b165447e363d2063bdc98b8cb3d501e8512780ee9cb	10.3389/978-2-8325-4290-3			br/06026302722	openalex	exact_doi	https://openalex.org/W4390883671	3eae547e7b9c3eef21d441e59a80ba2d8a1c48dcc512f0e211be4aa0802f95cf	transport_validated	ok	abstract_absent	0	Adaptations To Subterranean Environments										
manual	193	193	1	193	publication_component:citation:publication:doi:10.34626/mt58-1180	9008	B000028	28	267	13767	e05483d272453a129a1cf32ba5f7aaef8e4b0b9ab35e43886b512aa3611cc3c0	854f34958f39a4ed6854415ef6b7040f894472d891b23e68463b0c4417eeed3e	10.34626/mt58-1180		W2255100516		openalex	exact_work_id	https://openalex.org/W2255100516	db3ed4482a39a88ca261f5a120c7bc6028cc9fa43395470c3b4b6fe93df6d7d0	transport_validated	ok	abstract_absent	0	Evolutionary characterization of genes involved in development and adaptation in vertebrates under differential environmental conditions of selective pressure										
manual	194	194	1	194	publication_component:citation:publication:doi:10.34626/y4h5-c132	9009	B000028	28	268	13768	5ac5b91dfc46fe405839d118f58a57a218dad91a0441dd4e7443f4f8ce0f1e4a	8a14afaa83623f9adcf0957b0a6627091afc31838813824a369bbd222beae6ce	10.34626/y4h5-c132		W2252795506		openalex	exact_work_id	https://openalex.org/W2252795506	ea462d1e83f85af45f4440e6cf45e5d508679939e1a2a41ce225798444f4890c	transport_validated	ok	abstract_absent	0	Evolutionary genomics and adaptive evolution of the hedgehog gene family in vertebrates										
manual	195	195	1	195	publication_component:citation:publication:doi:10.34626/zrtz-vt63	9010	B000028	28	269	13769	cf83cb28351d4cb74527a6d26c0f90b1020cde6555d718aa2f7da79b19ade16e	e93a669371c7e170e3281a60f71cea8c811fd26fac660ea31c5cdb60390c7a30	10.34626/zrtz-vt63		W166838091		openalex	exact_work_id	https://openalex.org/W166838091	a1e33fdd813c7266af65514ee9a620c8a3426ec5051f331e3d48586107a3c9da	transport_validated	ok	abstract_absent	0	Phylogeny and molecular biology in amphibian ecotoxicology										
manual	196	196	1	196	publication_component:citation:publication:doi:10.4149/av_2012_03_257	9089	B000028	28	353	13853	fc953d56d26dbaf43c2279aedae5202c0f0e692422e8ea237c240d0112757a8a	6a24a2d110ae6de79bb363158174ad7c40b38d8109ee6e51111ea8625bf8e874	10.4149/av_2012_03_257	23043607		br/062603624683	openalex	exact_doi	https://openalex.org/W2312268916	fabc41524fbdd2b5f0a19c7dc1452dcd5f602a379cc26fec056bad8aa513f090	transport_validated	ok	abstract_absent	0	Evolutionary Changes In Avian Influenza H5N1 Viruses In Thailand.										
manual	197	197	1	197	publication_component:citation:publication:doi:10.47749/t/unicamp.2020.1128738	9121	B000028	28	387	13887	9205a7bc3cb166916611d1b08f68bd1874b1668b2b7b97dc7cdb1761a3fddcab	08707effb9897741aa76834b64bf1e38808976911f3135e1a852a41a11c04f07	10.47749/t/unicamp.2020.1128738		W4255465650		openalex	exact_work_id	https://openalex.org/W4255465650	272d35306efd249ceeda4850536790487d727d61975c59d17b2881d845b3daa8	transport_validated	ok	abstract_absent	0	Distribuição de espécies e patógenos										
manual	198	198	1	198	publication_component:citation:publication:doi:10.48130/forres-0026-0026	9128	B000028	28	394	13894	9872cb2b5f585a5700c93ce53293c9fc07f6fb5d1b7f4e163830b1b9a736c784	e4f6e14eefcb0952b206690ff60ec9c09b0b25a51d914d527f3c9c9742045d66	10.48130/forres-0026-0026		W7204703265		openalex	exact_work_id	https://openalex.org/W7204703265	78bac244dc73bda6ca10600fc6986b8e199f12aeb7874322c2741aa1e18aa6c9	transport_validated	ok	abstract_absent	0	The Fraxinus mandshurica genome reveals a dual adaptive strategy linking rapidly evolving immune receptors and structural fortification										
manual	199	199	1	199	publication_component:citation:publication:doi:10.48130/mycosphere-0026-0015	9138	B000028	28	404	13904	7142c37865c7f0a00b96fc4e63bb3f2a29cf2ca3e5a4f555709f7cdec58971f9	58cf357c987529b0f92ebe8624dd32df336e76ca5aafd16fa9548d56a5b14fff	10.48130/mycosphere-0026-0015		W7204036195		openalex	exact_work_id	https://openalex.org/W7204036195	86c456d5c2711b5dbf1fc77c52f9ad62c7223fe4884b2294491f3b34d2d1f651	transport_validated	ok	abstract_absent	0	Phylogeny and species delimitation of Pluteaceae (Agaricales) with documentation on the species from China										
manual	200	200	1	200	publication_component:citation:publication:doi:10.5897/ajb11.773	9191	B000028	28	458	13958	f941b49485472842ca7f376d218e1eceadfdade230bd782b13b55f0056a0ad3c	d9ef9270d126f528e8212433efecd131431ec966c3013b8da08b45896edcb6e4	10.5897/ajb11.773		W2119850564		openalex	exact_work_id	https://openalex.org/W2119850564	30228dfcd8815a4e8dfbbefc810d9033a579b2733cb7091c6314e514178943a1	matched	ok	openalex_position_gap	0	Genome-wide analysis of 1-amino-cyclopropane-1-carboxylate synthase gene family in Arabidopsis, rice, grapevine and poplar										
manual	201	201	1	201	publication_component:citation:publication:doi:10.60797/jbg.2026.32.7.1	9201	B000028	28	469	13969	35c735b3bfaf4511424c9f9d631769534b97bee8056d8e22d14354068ca407e0	c5218820f415514ad608dd6537fb0047f07d4fc80eced275997e349566c02b3c	10.60797/jbg.2026.32.7.1		W7166078838		openalex	exact_work_id	https://openalex.org/W7166078838	f960120567802e6db6fcafea84f3f3318ec0d9915a1e75929e4e9107274c499a	transport_validated	ok	abstract_absent	0	Нумерованный список кодонов аминокислот в соответствии с убыванием их частоты встречаемости в N-генах прототипных штаммов подродов коронавирусов										
manual	202	202	1	202	publication_component:citation:publication:doi:10.60797/jbg.2026.32.7.2	9202	B000028	28	470	13970	fc05863b6bec18c7bd67dcc59de0c2e3f0b413a653c0ff0e05327e20ff79ca47	092b918e963cd229d9cb24e396c270f4663311b3d6de5d901f6b0734728126e7	10.60797/jbg.2026.32.7.2		W7166035097		openalex	exact_work_id	https://openalex.org/W7166035097	450efa44872a42fb7ae899f539606dd6e0b72d6b4853dee9f148930179e50128	transport_validated	ok	abstract_absent	0	Чувствительность распознавания родов коронавирусов (Alphacoronavirus, Betacoronavirus, Deltacoronavirus, Gammacoronavirus) для N-генов (представленных векторами частот кодонов), соответствующая обучающей выборке в работе [21]										
manual	203	203	1	203	publication_component:citation:publication:doi:10.60797/jbg.2026.32.7.3	9203	B000028	28	471	13971	b4cee7f809bb6ec2a788bbd28162503f6f22904f85ab925a6080daf6292c74b6	9279b1dad10fb7d0831094c3fd32a3b81be3e1b70fea666f7ccde839fc197416	10.60797/jbg.2026.32.7.3		W7166018473		openalex	exact_work_id	https://openalex.org/W7166018473	cc087ce6edf90a4c3c1cd10e8424b781e4b9831d0ada560dc4f762aa749529f0	transport_validated	ok	abstract_absent	0	Чувствительность распознавания родов коронавирусов (Alphacoronavirus, Betacoronavirus, Deltacoronavirus, Gammacoronavirus) для N-генов (представленных векторами частот кодонов), достигаемая с помощью обучающей выборки, используемой в настоящей работе										
manual	204	204	1	204	publication_component:citation:publication:doi:10.60797/jbg.2026.32.7.4	9204	B000028	28	472	13972	5698926320c5f823a7f2a010bce1576685fe7e0897441aa15f0a8b69cbb1eb0e	105fbb1b3eabc287ce18d4a20ed761fa109a149831fb9768acae7c7d95997d3c	10.60797/jbg.2026.32.7.4		W7166090587		openalex	exact_work_id	https://openalex.org/W7166090587	78f48b4f36febe05858e6a89d9689c353f641fe422f257ffb1a9cb4e8be193bb	transport_validated	ok	abstract_absent	0	Чувствительность распознавания родов коронавирусов (Alphacoronavirus, Betacoronavirus, Deltacoronavirus, Gammacoronavirus) для N-генов (представленных векторами частот кодонов), полученные для обучающей выборки, используемой в настоящей работе, в случае, когда она одновременно является и тестируемой										
manual	205	205	1	205	publication_component:citation:publication:doi:10.7490/f1000research.236.1	9753	B000030	30	34	14534	dcc3679c1d3284f09f56990f24f0a916b4740bd774f11615ce1ea060a5172255	8bc759956dd32379b764bcd1a6d3cfcf58582abdcca10472cdb48baac3a34d1b	10.7490/f1000research.236.1		W2247259902		openalex	exact_work_id	https://openalex.org/W2247259902	a9a32ae155f2ba809e0ba80704fde49dc0fc2ffed9da9cc239464f92096858e3	transport_validated	ok	abstract_absent	0	Time dependence of dN / dS measures at HLA loci under balancing selection										
manual	206	206	1	206	publication_component:citation:publication:doi:10.9787/pbb.2020.8.1.28	9967	B000030	30	259	14759	2f5793bab61fa4f7212e99c372d7e5d162215c64f99b445d1fe332ae65347963	0af89f74df7db56f7c616302e4b2229372b412bc359d03bc68887be298c59e3d	10.9787/pbb.2020.8.1.28		W3009676598	br/06240715755	openalex	exact_work_id	https://openalex.org/W3009676598	66ff851b76caada2e70ac66fa218f3154017cad8b907742a6479ed8a0c7b6ab5	transport_validated	ok	abstract_absent	0	Genome-Wide Characterization and Expression Profiling of Plant-Specific PLATZ Transcription Factor Family Genes in Brassica rapa L.										
manual	207	207	1	207	publication_component:citation:publication:pmid:13159408	9968	B000031	31	247	15247	016537e17151a6ecad501de150183df2ae6217cb60429a99dbe5fa7aa67d71c7	6570352f137939dc7b08d7ab4cdc58cc94b86abe45d671c64393a3547475365d		13159408	W28957507		openalex	exact_work_id	https://openalex.org/W28957507	3c5e4a6b89db22cefb7d0efdbfc22557858cd1d6d85bb65fbd05c51bfd4ace8c	transport_validated	ok	abstract_absent	0	[Mechanism of formation of acidoketosis in diabetes].										
manual	208	208	1	208	publication_component:citation:publication:pmid:14187729	9969	B000031	31	248	15248	72df664c2634d6aaa58efde1261aecdc7eadf7ef637de7be98442ac3995a36f9	e733a682c0a951a20bdfcaf6dcb6e798c8ffd0785fc9c5d9fc96a43309c34a58		14187729	W24273325		openalex	exact_work_id	https://openalex.org/W24273325	c0a4ca3493fbaccb0e12f2cea736c86ca925e71f468239aa6a28ea1b93a01496	transport_validated	ok	abstract_absent	0	[PROGNOSIS IN ACUTE LEFT HEMIPARESIS IN CHILDREN].										
manual	209	209	1	209	publication_component:citation:publication:pmid:7591622	9977	B000031	31	257	15257	a904b2228b9447008f0f1ded9c55d4340b69c0be1bf748ee8a3b1825a96fac4c	c4f4fa22cebc20f36aa91894c3aa7288370aefbd80a5da832ec64f7756bb1782		7591622	W30076392		openalex	exact_work_id	https://openalex.org/W30076392	bf65b632d17d71ef777ffced70816b33fb33b462597a831c0072a3dbf7d4457f	transport_validated	ok	abstract_absent	0	Human corneal epithelial cultures and cell lines.										
manual	210	210	1	210	publication_component:database:publication:doi:10.1007/978-3-030-10797-0_5	10049	B000045	45	497	22497	eb86f1e87f61f71e019298bc1a9a70a041e0489e639373568f33d4002c57b42a	00bff9a3eb63f2cda07b52476d5d44549a335677a6941423ef924957065df57a	10.1007/978-3-030-10797-0_5		W4252788137	br/06502479602	openalex	exact_work_id	https://openalex.org/W4252788137	3cf4f51559d0e5e833ef0c7d24c5e454fe42083c3b91649e2f60ce75870fc797	transport_validated	ok	abstract_absent	0	The Genome of Prunus mume										
manual	211	211	1	211	publication_component:database:publication:doi:10.1007/978-3-030-60181-2_11	10050	B000046	46	29	22529	e84782d96d6da5fe3fc8fa072385c0e1fe070f5584d30e09227b0f590f537432	080e3950342db09845071595cb541bc80a354681369e3d639be5fd164c769b8d	10.1007/978-3-030-60181-2_11		W3125472451	br/06901967349	openalex	exact_work_id	https://openalex.org/W3125472451	d95eb09620f399ec0f2809db3c1083c7387142d580d70fdca87f9901aa392a0b	transport_validated	ok	abstract_absent	0	Total-Evidence Dating and the Fossilized Birth–Death Model										
manual	212	212	1	212	publication_component:database:publication:doi:10.1007/978-3-031-00848-1_14	10051	B000046	46	50	22550	ae980a1ad9fba1830b22e674e40f30717ab68161dcf625482da0a8dcecb5fb63	bbc36e993e80330bee9ac1790b68f90be7c62c3c0702733dbb934229fb9c9958	10.1007/978-3-031-00848-1_14		W4312519643	br/061303469207	openalex	exact_work_id	https://openalex.org/W4312519643	34d20d228d42212763348d0f992c725e0f05cb9ae999e1f11ee56aa6de2a88b2	transport_validated	ok	abstract_absent	0	The Perennial Horse Gram (Macrotyloma axillare) Genome, Phylogeny, and Selection Across the Fabaceae										
manual	213	213	1	213	publication_component:database:publication:doi:10.1007/978-3-031-94928-9_3	10052	B000046	46	89	22589	ecb8b330dcd6aa9dbae73212aa382de45c573fa3d8df971d21e07074e272e626	580ffa1e14ab98d308460fb0256aeb294473e010c33c3fa1947a154c91e7e968	10.1007/978-3-031-94928-9_3		W4413874188	br/0609730245	openalex	exact_work_id	https://openalex.org/W4413874188	27016574b97b2afae1337c5e121c8f92766588551f0075fc05cd14a1d3be9c04	transport_validated	ok	abstract_absent	0	Tree Decomposition for Reconstructing Ancestral RNA Sequences of Multiple Families										
manual	214	214	1	214	publication_component:database:publication:doi:10.1007/978-3-319-24966-7_14	10053	B000046	46	126	22626	5c178ab52b8bf57bb9c68a02db1a4c37fdbe905ea2a28eb49541063878a68334	0a139eb94522b90f673f9df0831cc702857a10e7295a777f61130243ddcae575	10.1007/978-3-319-24966-7_14		W4238482389	br/062502572760	openalex	exact_work_id	https://openalex.org/W4238482389	cb36265a6712a2170115220785cbe0c2eebb120f90120afde6fbab0cac3dd897	transport_validated	ok	abstract_absent	0	Phylogenetics										
manual	215	215	1	215	publication_component:database:publication:doi:10.1007/978-3-319-54064-1_8	10054	B000046	46	150	22650	11add94f2867d93f9fc9b800cbbf63040fc6b7535c31cd28919a94953e240dce	cb550d1a0e400d52f3738e8c39c4aa4b01b9e4bdcea84e74127287243c81b771	10.1007/978-3-319-54064-1_8		W4211180727	br/062102385996	openalex	exact_work_id	https://openalex.org/W4211180727	9fa74eeb535feeb7eb7fc5eca29e6ae64b4bd415f4b5698987ecdde57f72f20a	transport_validated	ok	abstract_absent	0	Phylogenetic Analyses										
manual	216	216	1	216	publication_component:database:publication:doi:10.1007/978-94-007-6304-3_18	10055	B000046	46	368	22868	4aa6cb21b3bb159854cbb7ab16922ae855bbd2aa5b8d2e1c2cee3127cfd75379	6d937155f6e9e73e3c4ee4df283a7cc2ab1f6c688365adedff8dfb7962cd612c	10.1007/978-94-007-6304-3_18		W4252803948	br/06502950548	openalex	exact_work_id	https://openalex.org/W4252803948	fb7dfcc31e0539eb2ac813e08dd974f961c09c229ec88d8f8061376977bb4f55	transport_validated	ok	abstract_absent	0	Molecular Dating of Evolutionary Events										
manual	217	217	1	217	publication_component:database:publication:doi:10.1007/978-94-007-6326-5_18-1	10056	B000046	46	369	22869	9f615f0286f3116a3ce6171037377286dd648e2cc174ef5e7d9caead85d1d74d	9981f030620777c4a750314c3a901048d7158c372ca7de15a41400b3981a5902	10.1007/978-94-007-6326-5_18-1		W2798739512	br/061602726020	openalex	exact_work_id	https://openalex.org/W2798739512	9689ea227f3df09ac6fdc0dcd46ec889c8ed80220a3adfbae6415a699855c06a	transport_validated	ok	abstract_absent	0	Molecular Dating of Evolutionary Events										
manual	218	218	1	218	publication_component:database:publication:doi:10.1007/978-981-16-1974-8_8	10057	B000046	46	431	22931	2db5c1aa5643a6c58f84ec323e05168afc1d5308443240804083b31be911194d	7bc852f7586d4f1c317798ba9c9cb63ac2f17ce587e4fa34bbaa67bd65026ce3	10.1007/978-981-16-1974-8_8		W4206562007	br/062401781258	openalex	exact_work_id	https://openalex.org/W4206562007	d293fbb6f4988368305c51e9db69fc208661e6fc8ea3a46d4cd337e174174445	transport_validated	ok	abstract_absent	0	Techniques for Molecular Mechanism of Host Resistance										
manual	219	219	1	219	publication_component:database:publication:doi:10.1007/bf01797451	10058	B000047	47	111	23111	b034ef185c18f85fb7498e89fc9684286e1e2ba2f7ca411c7dc4ad7a484abd2f	20ba25c4c5e09af8d9c5b55eb657e37c901d24cd447612c8c5b66092820d6c60	10.1007/bf01797451	4368400		br/06140242742	openalex	exact_doi	https://openalex.org/W2052694431	cac6ef8cce432ce99928e24ada828b3860e8884390378f4cb088cd1d12b765b6	transport_validated	ok	abstract_absent	0	An examination of the constancy of the rate of molecular evolution										
manual	220	220	1	220	publication_component:database:publication:doi:10.1007/s00343-018-7054-4	10096	B000049	49	181	24181	bbe8aa8e5c73ac92e7e05162c2fed832b4d1cff34775297e021bfcba66f5e77b	185a861f875b4de6fe66cc6d09ff9fc46d426838532effca7fa46b7bdf0d89bc	10.1007/s00343-018-7054-4		W2747856175	br/06140220474	openalex	exact_work_id	https://openalex.org/W2747856175	3ab2d5d9330943e8350efa85b39bad7d8aaa15ea6ee8f04c8ed717f9fb3452e3	transport_validated	ok	abstract_absent	0	Divergence time, historical biogeography and evolutionary rate estimation of the order Bangiales (Rhodophyta) inferred from multilocus data										
manual	221	221	1	221	publication_component:database:publication:doi:10.1007/s00606-014-1187-5	10098	B000050	50	189	24689	e63a3c2265577cb9da4ea8b9f6ec1da464e1f4f6809b14ef1fba4412cd4a5e53	abeade224718d7e07790574d044011fdb87c0b5dbe5a55af1b5c8a157608458f	10.1007/s00606-014-1187-5		W2053463242	br/063805649	openalex	exact_work_id	https://openalex.org/W2053463242	f3f74d9dae2b7d8220c3aac810d9a25d40ed236201480f5f6356e85a294780a7	transport_validated	ok	abstract_absent	0	Phylogenetic analysis of NAP, an unconventional actin of the Volvocales										
manual	222	222	1	222	publication_component:database:publication:doi:10.1007/s10722-018-0675-9	10111	B000052	52	278	25778	93800449ea0c644277e139926c6032c6b741c8dbda1923fe8ae87935d655c872	0b54cb1a4ebcdff09703a29f3e559f05bee064b455c667d9c8ee25c12685cfac	10.1007/s10722-018-0675-9		W2887597721	br/0630338326	openalex	exact_work_id	https://openalex.org/W2887597721	a5ea8e84f4f748b6988a27e1b1af12922ba619b5b98200dc36fb0f4b0792cb8d	transport_validated	ok	abstract_absent	0	The less genetic diversity of Triticeae A and D genomes, the smaller diversity in γ-prolamins CD-epitopes										
manual	223	223	1	223	publication_component:database:publication:doi:10.1007/s10750-008-9688-2	10112	B000052	52	345	25845	ac1dd964735cbbcf725f8725af99f15806e653b1bdcca0c2714532cb2c3a2a5f	56e89eee60e112714c560402cd7deb885dfaa0ae0fd158cdd082a3f4d1a56bb1	10.1007/s10750-008-9688-2		W2157970149	br/0630695243	openalex	exact_work_id	https://openalex.org/W2157970149	be1b0f5712a1f57278b5fc5ded533486869b8ec88fee64e381ff768e4bb0b418	transport_validated	ok	abstract_absent	0	Relaxed purifying selection of rhodopsin gene within a Chinese endemic cavefish genus Sinocyclocheilus (Pisces: Cypriniformes)										
manual	224	224	1	224	publication_component:database:publication:doi:10.1007/s10750-013-1599-1	10113	B000052	52	352	25852	c90029d0d740bc043d3bf25ee4bd83d416648aa97cf3285b966019a7fb6c390c	ca93adaf6007ec3ca3533339de080351614b2f671f5eb596d4e9345b90b705c9	10.1007/s10750-013-1599-1		W1972969554	br/06260703144	openalex	exact_work_id	https://openalex.org/W1972969554	0e90fd40da172938b35484502fe11898885b2c0bb4d07b7218c653b79acff751	transport_validated	ok	abstract_absent	0	Lights out: the evolution of bacterial bioluminescence in Loliginidae										
manual	225	225	1	225	publication_component:database:publication:doi:10.1007/s11105-013-0671-3	10120	B000053	53	161	26161	71a0e74a84485dd3ff1a7ce546aafd3886ac4b4a22e913433dd0461946bd1e93	03faeeaa536db996ebcc605114d845c704e708aead5624fe9d63c91db26ae038	10.1007/s11105-013-0671-3		W2463677386	br/0620742459	openalex	exact_work_id	https://openalex.org/W2463677386	b274b815e671be10fb4452c1bde9294f949a995092e5b5ec9ce141284d2891f2	transport_validated	ok	abstract_absent	0	Functional Divergence and Evolutionary Dynamics of the Putative AAAP Gene Family in Brassica rapa										
manual	226	226	1	226	publication_component:database:publication:doi:10.1016/b978-0-12-374153-0.00020-5	10140	B000056	56	162	27662	c97465277d69a2e0661e8cf0caad1249dbc8bb0796020b3882e190ee626b2409	d8662611e83ba9f52cf935a5e30b7a5944745394b45d5ba384c7453ea16ce8db	10.1016/b978-0-12-374153-0.00020-5		W1609472554	br/06603648724	openalex	exact_work_id	https://openalex.org/W1609472554	363eb18a4539a992e0ab58ebe8de9bb4fa0357642f2783a0a44e0f757df59725	transport_validated	ok	abstract_absent	0	Molecular Evolution of the Herpesvirales										
manual	227	227	1	227	publication_component:database:publication:doi:10.1016/j.aggene.2019.100098	10143	B000056	56	377	27877	6808a9fe3c1f1e73a6949482be58debb280a755fb6030b3d682356eae52fed1f	c9df932e99fdc5f9e0e388707564f956c5350c28592a321c2767581d9d197325	10.1016/j.aggene.2019.100098		W2981618758	br/06110624946	openalex	exact_work_id	https://openalex.org/W2981618758	fb64c9ac8972ff0e81178596aef4249f0ab82149f862c7f5d76a04e2c2d611e7	transport_validated	ok	abstract_absent	0	Evolution of the gene of the lectin, Phalera flavescens agglutinin (PFA)										
manual	228	228	1	228	publication_component:database:publication:doi:10.1016/j.palaeo.2026.113985	10277	B000065	65	499	32499	f346b7e244f45f6ca395434eb3e6a316af44a0b581adadda509d92e2055df152	8e79f52169a0a6ae7901840364f6189a27c7a9cc3e286b567819c449dc461be7	10.1016/j.palaeo.2026.113985		W7165525784		openalex	exact_work_id	https://openalex.org/W7165525784	bf70ef40a3d85cb3a9dfd39921ece97f9cae5500ac0a84a31a9452f848a1170b	transport_validated	ok	abstract_absent	0	From late Oligocene to Middle Miocene, the diversification and biogeographic history of Mosla of the Mint family shaped by the opening of the Sea of Japan										
manual	229	229	1	229	publication_component:database:publication:doi:10.1016/j.plgene.2019.100216	10283	B000066	66	241	32741	1be898c720202dcaff391567f58de11c9570a572777fb50e57da1b523d47dc0c	8c4038f25d20ce14d7f88d438ec48d1fb275b8d437795ec2c82e208b01d3fba7	10.1016/j.plgene.2019.100216		W2991420446	br/062601891924	openalex	exact_work_id	https://openalex.org/W2991420446	670238d9a2db3d8ace6fe29d80bd975b33776af81d08dc03c022c2b948124ed8	transport_validated	ok	abstract_absent	0	The complete chloroplast genome of Chinese medicine (Psoralea corylifolia): Molecular structures, barcoding and phylogenetic analysis										
manual	230	230	1	230	publication_component:database:publication:doi:10.1016/j.smallrumres.2016.10.010	10288	B000067	67	217	33217	eb2c8d52e8295722994a9fc10022df09d42ec259e45980435bcb9ce481116fa9	60712c5d049d5c234aa21b8f9ab05654161a3a23ca6271d6e4cad5125084d13d	10.1016/j.smallrumres.2016.10.010		W2528686012	br/06170360922	openalex	exact_work_id	https://openalex.org/W2528686012	0165089e78609137abb32b4d7f60a1df325ceb134204a4f6add73da959490a21	transport_validated	ok	abstract_absent	0	Analysing the diversity of the caprine melanocortin 1 receptor (MC1R) in goats with distinct geographic origins										
manual	231	231	1	231	publication_component:database:publication:doi:10.1016/j.ympev.2009.03.008	10321	B000069	69	458	34458	bd5f006e0b62db7f6af216e3e764bffd24af7d89fae61654083b443f7bc521b8	bee9bea0920268fa44ba9bc1608204a0ed8186b2b9c6d8adf0bfe2c63229554e	10.1016/j.ympev.2009.03.008	19303453	W2024711000	br/06301163991	openalex	exact_work_id	https://openalex.org/W2024711000	06b6e39d843df3759836f343192f36df3cc504b0da81236fd1fa4d85b9b7e00e	transport_validated	ok	abstract_absent	0	Evolution and phylogenetic utility of the melanocortin-1 receptor gene (MC1R) in Cetartiodactyla										
manual	232	232	1	232	publication_component:database:publication:doi:10.1038/nrg1324	10452	B000076	76	254	37754	778d1b5a53c18b2af8d9de8f85ee94691283842f9d860122ccd3fd6cff78bef8	eee10e7f1a68b731bda42a4b1cedc40b6bf9a66234a73e84e30c1e8d606cfbdc	10.1038/nrg1324	15143319		br/06801474273	openalex	exact_doi	https://openalex.org/W2077564233	a29e4692a1eaae3bc2a87abb2e0bd355981e028be971cc57768b81c31aa1188d	transport_validated	ok	abstract_absent	0	Resurrecting ancient genes: experimental analysis of extinct molecules										
manual	233	233	1	233	publication_component:database:publication:doi:10.1101/2021.02.02.429486	11061	B000105	105	325	52325	9d996e2f9a8707448d29e9174f24158359ea2709ae59597df6524f098f927af9	679a282a2985a0a816124b6a3c1c605b7975f4a3dbc5bbfd41fad7840e71d2b2	10.1101/2021.02.02.429486		W3127954829	br/061503263563	openalex	exact_work_id		e9639e3c4681ce85f852fbac48e2eeee5ba51296dbfec57c200d59b76237ab80	not_applicable	not_applicable	provider_not_found	0	The mutation profile of SARS-CoV-2 is primarily shaped by the host antiviral defense										
manual	234	234	1	234	publication_component:database:publication:doi:10.21203/rs.2.9147/v4	11821	B000151	151	16	75016	c937619973a3dacbc869b6aec9a2d453c0499c8dbfa1e85fb653e457b44ee45f	a8e8be5a073f52a64bcc2743d68063512d7ec0684eff8966a0d8b3dec634fc12	10.21203/rs.2.9147/v4		W4235437468		openalex	exact_work_id	https://openalex.org/W4235437468	c6b1f0994d2cb9abe81ca2adb4054599c77eb5d92dc87b76e1ad856994a4d3c1	transport_validated	ok	abstract_absent	0	Human metapneumovirus prevalence and patterns of subgroup persistence identified through surveillance of pediatric pneumonia hospital admissions in coastal Kenya, 2007-2016										
manual	235	235	1	235	publication_component:database:publication:doi:10.21203/rs.3.rs-10559267/v1	11822	B000151	151	63	75063	756d79f815002ffa436368faa1dbd525ea16f4504ace3388873d69490f5180ee	c7de9f488c6572b180880912ce587495b8e6064e03ad6fd4ac402679b07011f7	10.21203/rs.3.rs-10559267/v1		W7213032993		openalex	exact_work_id	https://openalex.org/W7213032993	7dc13bcc0e8bf65b0fd994995e825ac93daf9e696d1a7b6489dcaeccb4807cc0	transport_validated	ok	abstract_absent	0	Genomic characterization of dengue circulation in Togo, 2024										
manual	236	236	1	236	publication_component:database:publication:doi:10.21203/rs.3.rs-10775677/v1	11823	B000151	151	78	75078	9f638ffdcf27d6a29ab456c9a0043c8e7301f0636294f3225d7c5438cfd39b9d	d68a9a1ab8db6834ad7790eefb9e116c100fe33769dd23a31384651d9e0d20c1	10.21203/rs.3.rs-10775677/v1		W7213270889		openalex	exact_work_id	https://openalex.org/W7213270889	8322749de68d3a3bb96bc4c6762fccc514d00105bea552dcc68d9b1e8d548341	transport_validated	ok	abstract_absent	0	Phylogenomic reconstruction indicates human-to-animal movement in pandemic Klebsiella pneumoniae lineages, with evidence of return in ST11										
manual	237	237	1	237	publication_component:database:publication:doi:10.21203/rs.3.rs-112816/v1	11824	B000151	151	95	75095	61e9543c4d516789d402681481860cd51c6f242b4a21d6ec07046b2335d806ab	7c2d1f667f9780799fdbc2cc4420083bd80199deaa7094bd18a9c08e339e5fcd	10.21203/rs.3.rs-112816/v1		W4250129651		openalex	exact_work_id	https://openalex.org/W4250129651	37aad638f4beb282d5e1ad55d92475c91d2a9a07c51af24a189898f937f77cc6	transport_validated	ok	abstract_absent	0	Biofilm Associated Genotypes of Multiple Antibiotic Resistant Pseudomonas Aeruginosa										
manual	238	238	1	238	publication_component:database:publication:doi:10.21203/rs.3.rs-1777118/v1	11828	B000151	151	190	75190	c4ea0a9b4892a21cffadb43cfe16d3144384f7094ad525e4078d4a8ca4518c9c	1b04657f26b6e4d74f1507d6b62464f8ca7a66063cb632419555c8c815cee839	10.21203/rs.3.rs-1777118/v1		W4293139413	br/06023868412	openalex	exact_work_id	https://openalex.org/W4293139413	2b9c1005443831139c7c59abb13632d6c0afe3cce2220084f74e583df91038c0	transport_validated	ok	abstract_absent	0	A chromosome-scale genome sequence of sudangrass (Sorghum sudanense) highlights the genome evolution and regulation of dhurrin biosynthesis										
manual	239	239	1	239	publication_component:database:publication:doi:10.21203/rs.3.rs-3393642/v1	11831	B000151	151	377	75377	129ee50f3a4727cf8baa49e784157bca2090bb941c1d06dbe6015600b279278a	18a6d575b6e8bfd913748949abe6b1aab662ae8924b2ea660aefb25cf3e6acee	10.21203/rs.3.rs-3393642/v1		W4388465183	br/06704734525	openalex	exact_work_id	https://openalex.org/W4388465183	841e7d3fac4423da4b22f14f8c92feaf4f595f4a595a8f56df6ba22e9ad214c1	transport_validated	ok	abstract_absent	0	Chromosome-level genome assembly of Oncomelania hupensis: the intermediate snail host of Schistosoma japonicum										
manual	240	240	1	240	publication_component:database:publication:doi:10.21203/rs.3.rs-4508846/v1	11836	B000151	151	472	75472	9ef738a5600eb07e28adee0d3163af6504c0fad2d1851c8e2f663e264438e273	73cd467c7e483483b6995104c7192bb750dabfbe936c4fdfd3e9d12aaab657ac	10.21203/rs.3.rs-4508846/v1		W4401078287	br/061704245692	openalex	exact_work_id	https://openalex.org/W4401078287	5b001bac42b23e1dcadbdb1666f5a276f63acdc8f31ba0c3cdbe7d84bbde7358	transport_validated	ok	abstract_absent	0	Genome sequencing and comparative genomic analysis of bovine mastitis-associated non-aureus staphylococci and mammaliicocci (NASM) strains from India										
manual	241	241	1	241	publication_component:database:publication:doi:10.21203/rs.3.rs-523676/v1	11837	B000152	152	22	75522	71f366781d65d737298d6276a5708ce29429d1c142a1d12bc64cc0e3ed1b3e90	ecd1f0794dfcba606ed321963249a7967857ffabedb086fc2a78c3f719399127	10.21203/rs.3.rs-523676/v1		W3160823367		openalex	exact_work_id	https://openalex.org/W3160823367	bf4f3b5c2f5567137a2b33e13b0b1cc715feb277c10ae4880dd3ab6cf8451c05	transport_validated	ok	abstract_absent	0	Geologically calibrated mammalian tree and the corresponding global events, including birth of human										
manual	242	242	1	242	publication_component:database:publication:doi:10.21203/rs.3.rs-55448/v1	11838	B000152	152	39	75539	5ecef3768227ff3e98155bf4fbcab3a5b178621c0d28149176584de62372e47f	0793e52b363abc6f1eec4dd4fa6c2bd4a598931f788f08cca0918be87a49a4e4	10.21203/rs.3.rs-55448/v1		W3116152227		openalex	exact_work_id	https://openalex.org/W3116152227	a471568065af3c54b91b01d0a0f03cdac883114259db70c69cc54ce8121c7ec2	transport_validated	ok	abstract_absent	0	Genomic and Histological Analysis of Helicobacter Himalayensis Sp. Nov. Isolated From Marmota Himalayana to Discovery the Potential Human Pathogen										
manual	243	243	1	243	publication_component:database:publication:doi:10.21203/rs.3.rs-6693511/v1	11841	B000152	152	107	75607	06911cab73bb658520859636c58239397d66d93ac6f9ed4f6cd584fdf151a4d6	53ee54d9b34cd08b2cf2cfd37d9a8c26c91d59f8075febf77179c53b642b3131	10.21203/rs.3.rs-6693511/v1		W4411378355	br/06014447593	openalex	exact_work_id	https://openalex.org/W4411378355	23232e62de29c898ed5c121d39387afde185351d7261f0b73480fccff9b71f0f	transport_validated	ok	abstract_absent	0	Bayesian phylogenetic and recombination analyses of plum pox virus provide a refined vision of its evolutionary history										
manual	244	244	1	244	publication_component:database:publication:doi:10.21203/rs.3.rs-6951771/v1	11842	B000152	152	120	75620	7abe37e787714cafc3ea9b33c38fc0839d79e020249f14c5bbd51ad36c66eafc	5c6b48e9605a58e32aca3d7f166960668ea5745218fcf334b04abc1ee7f72124	10.21203/rs.3.rs-6951771/v1		W4413034029	br/06010502068	openalex	exact_work_id	https://openalex.org/W4413034029	f39349ace080176c51fa45e856f2de4b51e2863135d383075b9edffbd083554d	transport_validated	ok	abstract_absent	0	Temporal Phylodynamics of Coxsackievirus A6 VP1 in Shenzhen（2022-2024）										
manual	245	245	1	245	publication_component:database:publication:doi:10.21203/rs.3.rs-7254318/v1	11843	B000152	152	139	75639	cd55fbb802542647c2ee07466a32f24ed4e7e93184e7a04020408b011eb38c2d	1d2b664403a3cee61476b14706f06441fb6399791c8a57bc295448da92a5e5b6	10.21203/rs.3.rs-7254318/v1		W4415106161	br/06014767834	openalex	exact_work_id	https://openalex.org/W4415106161	8325a970cb085a16d291dcfe40b3c75760c771ac677db20ab71b40338dc2695a	transport_validated	ok	abstract_absent	0	Phylogenetic Relationships and Ecological Adaptability Diversity of Twelve Caragana Species in China										
manual	246	246	1	246	publication_component:database:publication:doi:10.21203/rs.3.rs-7906379/v1	11844	B000152	152	167	75667	c3660174451a38765788cb675e6791172f08e6dff3a5cb88d84991dd068ba471	3943a091d07b8857ecdff603eeef1db2c9bea4ce6bc641d0db2ba45cb70fe274	10.21203/rs.3.rs-7906379/v1		W4415906417	br/06015193301	openalex	exact_work_id	https://openalex.org/W4415906417	4e128ef4aec9c48a31b1577e2f26379d396457de4d94f9987648359b3c0bb544	transport_validated	ok	abstract_absent	0	Molecular epidemiology, evolution and transmission dynamics of HIV-1 in Ghana, West Africa										
manual	247	247	1	247	publication_component:database:publication:doi:10.21203/rs.3.rs-8743126/v1	11845	B000152	152	229	75729	0445fd55fbbfb7951e8304125657bf6a65dc144b7bc6b49e534cc541b7d41b0c	9b6654bc04801046055f236c740400370ccd1e40e81f0064e26a7f1b385441e2	10.21203/rs.3.rs-8743126/v1		W7128775188	br/06012986913	openalex	exact_work_id	https://openalex.org/W7128775188	229bc0bb0e90233493472f6accd7d4629831529f560bf6a23d8a53e3bfa21fb5	transport_validated	ok	abstract_absent	0	Lineage-Specific Adaptive Evolution of the Mosquito Fibrinogen-Related Protein FBN30 at a Predicted Parasite-Facing Interface										
manual	248	248	1	248	publication_component:database:publication:doi:10.21203/rs.3.rs-8923591/v1	11846	B000152	152	240	75740	759eb39cc9560def6849294abc4046e4977f92282c236e713ebafcacc5ca4647	2f7c1ebb385c787030194d4d5ac12110000f12b8e522f2fed1ec197e56bbbbc9	10.21203/rs.3.rs-8923591/v1		W7143911655		openalex	exact_work_id	https://openalex.org/W7143911655	60af74d22ed31b94b2899da538ca9008810051c7823c7350005aea419ac6186f	transport_validated	ok	abstract_absent	0	Fitness-driven emergence and lineage replacement underpin the global resurgence of GII.17 noroviruses										
manual	249	249	1	249	publication_component:database:publication:doi:10.21203/rs.3.rs-9086762/v1	11847	B000152	152	249	75749	4a2f56df4c3ade96d9c34921a1fc9375dc713febb0ca37ee1797250e1ffc5e60	935a3d356d4cbb31796e4d0a10c400faa5ebba9c89f67fba94960a12cdf9452f	10.21203/rs.3.rs-9086762/v1		W7143278103		openalex	exact_work_id	https://openalex.org/W7143278103	58143f4a4c272cd73f458d1e757718d9944afdefeed99404dccca7500f0a4f70	transport_validated	ok	abstract_absent	0	Evolutionary dynamics and molecular adaptation of Rift Valley fever virus across human and non-human outbreaks in Africa										
manual	250	250	1	250	publication_component:database:publication:doi:10.21203/rs.3.rs-985139/v1	11848	B000152	152	305	75805	5354e614f443c783f157b75f805a41eb2fe4cb5caaccb5a45598f6d5abff160b	e21b1221302ce91d3daf44fb3a414add852d4636c2dcde749996b1cd89af32d6	10.21203/rs.3.rs-985139/v1		W4206968190		openalex	exact_work_id	https://openalex.org/W4206968190	6c42c60821ccff10a6faaebc105141955f5c7883c73dd66163045dc748755d11	transport_validated	ok	abstract_absent	0	Adaptive Evolution and Phylogenetic Analyses in Pinellia based on Chloroplast Genomes										
manual	251	251	1	251	publication_component:database:publication:doi:10.2139/ssrn.4019720	11850	B000152	152	418	75918	b9dd953a795d6fac62f4bc59ad9f73b36adde21ecb356255fb8d309413bad016	ad22b302bc6e5d510a26591915e1629476bccedd84ecf6d5344cf13568c57561	10.2139/ssrn.4019720		W4210819441	br/0646088184	openalex	exact_work_id	https://openalex.org/W4210819441	9f4242a648dd6c958589af55d436f0c52307ec3b578c8fcd6e54480198859af5	transport_validated	ok	abstract_absent	0	Phylogenomics of the World's Otters: Evolutionary Insights from Whole-Genome Sequences										
manual	252	252	1	252	publication_component:database:publication:doi:10.2139/ssrn.4119751	11851	B000152	152	431	75931	7857de39eede78bef41a9098fcfcd3834b358114c9cdb434f33b0edb05698281	2ee2bcc55ba1509c1fe5d14673a458ab08f1614e1162fe147514b440864400b3	10.2139/ssrn.4119751		W4285157217		openalex	exact_work_id	https://openalex.org/W4285157217	0ef79e92cdd3b3f917f419993fd54513ca32fe1345b1d3403e1e3bc0b5fc49a2	transport_validated	ok	abstract_absent	0	A High-Quality Genome of the Dobsonfly Neoneuromus Ignobilis Reveals Molecular Convergences in Aquatic Insects										
manual	253	253	1	253	publication_component:database:publication:doi:10.2139/ssrn.4757412	11852	B000153	153	14	76014	4179fb9a36b7ee714bad1d3b48523c9f1dadea493254072cc88698b46f6e1e7b	ffb5d01e146eff499fe4e27c234721c239f116ef66029f782b6feeff7c7f5204	10.2139/ssrn.4757412		W4392776899	br/061704366009	openalex	exact_work_id	https://openalex.org/W4392776899	e1a29f17c614073c052b69e5adb4da88e3a504263a49c7629b9f33d4c05a23fc	transport_validated	ok	abstract_absent	0	Phylogenomics of the Bupleurum in East Asia: Species Distribution Patterns and Diversification										
manual	254	254	1	254	publication_component:database:publication:doi:10.2139/ssrn.5975936	11853	B000153	153	149	76149	dbcb4d77731ede64f815e69929e8d3b297cd1c3957e1b1aa684d2391808767e3	356de34679df14622d780b7dcf0fd0f9c08d93bca4c2e5e9a0e6a37614a7d714	10.2139/ssrn.5975936		W7117384269	br/06014193296	openalex	exact_work_id	https://openalex.org/W7117384269	0a570f36decb91fc60dc0448abec47c7dc3e56624b70af21c84cbf7750ffb94d	transport_validated	ok	abstract_absent	0	Integrative phylogenomics of Rhamnaceae: cytonuclear discordance driven by evolutionary networks and incomplete lineage sorting										
manual	255	255	1	255	publication_component:database:publication:doi:10.2139/ssrn.6170237	11854	B000153	153	158	76158	884360e7e2070cd26994db34b13bacc31e07951cb60d3f26f24f38f694064ed2	0d83d99fb3b0914abb1d02d4c4f5e113b64cb279d589565f8ae8a1e072808983	10.2139/ssrn.6170237		W7127098880	br/06013440905	openalex	exact_work_id	https://openalex.org/W7127098880	1659b4d9e3ddb64656f76145ba6e59eeab0e6a15e9ff136b0c5423b0411c91d6	transport_validated	ok	abstract_absent	0	PHYLOSPECT: A spectral operator framework for detecting episodic selection in codon evolution										
manual	256	256	1	256	publication_component:database:publication:doi:10.2139/ssrn.6443576	11855	B000153	153	176	76176	6aaced3dca46f08e06223e271098dd56ceda086ed80e67bf68f2af1eac45fc68	79fd429da646f5fa9f640477d33452a90585011e36edf1a25132db93bf5e2787	10.2139/ssrn.6443576		W7139025535		openalex	exact_work_id	https://openalex.org/W7139025535	a30d6c99f7cbda408b0977579afccfee44bc5a261aa45c35a080077da3caece7	transport_validated	ok	abstract_absent	0	Phylogenomics reveal extensive phylogenetic discordances in Diospyros (Ebenaceae) of China										
manual	257	257	1	257	publication_component:database:publication:doi:10.2139/ssrn.6556603	11856	B000153	153	193	76193	6f9269942224d70ac831f5794ab7859f77a6bcf72231c1a88f186b5da0dd44b8	a1f0a51bc4514a21d8b1ad41bd92430c5eae7ce4395f909515e62166023bc2a4	10.2139/ssrn.6556603		W7153259270		openalex	exact_work_id	https://openalex.org/W7153259270	58d1087ec9db7908289ffc20b5499ce74ded663d03324ed5e66907680378fea8	transport_validated	ok	abstract_absent	0	Large-scale population genomics reveals genetic diversity and evolutionary history of Saxifraga stolonifera										
