retrieval_record_index	screening_entity_id	provider	route	identifier	reason
1	publication_component:citation:publication:doi:10.1001/archdermatol.2012.1817	pubmed	exact_pmid_efetch	22801744	requires_pubmed_lookup
2	publication_component:citation:publication:doi:10.1001/jamanetworkopen.2018.7665	pubmed	exact_pmid_efetch	30768189	requires_pubmed_lookup
3	publication_component:citation:publication:doi:10.1001/jamanetworkopen.2020.24191	pubmed	exact_pmid_efetch	33026453	requires_pubmed_lookup
4	publication_component:citation:publication:doi:10.1001/jamanetworkopen.2026.17898	pubmed	exact_pmid_efetch	42275063	requires_pubmed_lookup
5	publication_component:citation:publication:doi:10.1002/0471142727.mb1901s101	pubmed	exact_pmid_efetch	23288462	requires_pubmed_lookup
6	publication_component:citation:publication:doi:10.1002/1873-3468.13356	pubmed	exact_pmid_efetch	30861107	requires_pubmed_lookup
7	publication_component:citation:publication:doi:10.1002/2211-5463.12843	pubmed	exact_pmid_efetch	32189477	requires_pubmed_lookup
8	publication_component:citation:publication:doi:10.1002/2211-5463.13555	pubmed	exact_pmid_efetch	36647789	requires_pubmed_lookup
9	publication_component:citation:publication:doi:10.1002/2211-5463.13728	pubmed	exact_pmid_efetch	37905308	requires_pubmed_lookup
10	publication_component:citation:publication:doi:10.1002/9780470015902.a0020859	openalex	exact_work_id	W1484643248	requires_openalex_lookup
11	publication_component:citation:publication:doi:10.1002/9780470015902.a0020859.pub2	openalex	exact_work_id	W4229743056	requires_openalex_lookup
12	publication_component:citation:publication:doi:10.1002/9780470015902.a0022872	openalex	exact_work_id	W1856738390	requires_openalex_lookup
13	publication_component:citation:publication:doi:10.1002/9780470015902.a0022889	openalex	exact_work_id	W1507529681	requires_openalex_lookup
14	publication_component:citation:publication:doi:10.1002/9780470600122.ch3	openalex	exact_work_id	W1548043239	requires_openalex_lookup
15	publication_component:citation:publication:doi:10.1002/9780470600122.ch5	openalex	exact_work_id	W1533255528	requires_openalex_lookup
16	publication_component:citation:publication:doi:10.1002/9780470741894.ch1	openalex	exact_work_id	W1559596013	requires_openalex_lookup
17	publication_component:citation:publication:doi:10.1002/9780470892107.ch25	openalex	exact_work_id	W1516507208	requires_openalex_lookup
18	publication_component:citation:publication:doi:10.1002/9781118860526.ch7	openalex	exact_work_id	W1505003792	requires_openalex_lookup
19	publication_component:citation:publication:doi:10.1002/9781119053095.ch80	openalex	exact_work_id	W2912976325	requires_openalex_lookup
20	publication_component:citation:publication:doi:10.1002/9781119072799.ch16	openalex	exact_work_id	W2913363604	requires_openalex_lookup
21	publication_component:citation:publication:doi:10.1002/9781119127291.ch26	openalex	exact_work_id	W2898899445	requires_openalex_lookup
22	publication_component:citation:publication:doi:10.1002/9781119487845.ch14	openalex	exact_work_id	W2967667103	requires_openalex_lookup
23	publication_component:citation:publication:doi:10.1002/9781119487845.ch36	openalex	exact_work_id	W2971843336	requires_openalex_lookup
24	publication_component:citation:publication:doi:10.1002/9781119990475.ch12	openalex	exact_work_id	W1554276027	requires_openalex_lookup
25	publication_component:citation:publication:doi:10.1002/9781394284252.ch11	openalex	exact_work_id	W4394771201	requires_openalex_lookup
26	publication_component:citation:publication:doi:10.1002/9783527844340.ch18	openalex	exact_work_id	W4403752188	requires_openalex_lookup
27	publication_component:citation:publication:doi:10.1002/adbi.202200002	pubmed	exact_pmid_efetch	35521969	requires_pubmed_lookup
28	publication_component:citation:publication:doi:10.1002/advs.201901672	pubmed	exact_pmid_efetch	32099754	requires_pubmed_lookup
29	publication_component:citation:publication:doi:10.1002/advs.201901850	pubmed	exact_pmid_efetch	31921561	requires_pubmed_lookup
30	publication_component:citation:publication:doi:10.1002/advs.202205445	pubmed	exact_pmid_efetch	37267926	requires_pubmed_lookup
31	publication_component:citation:publication:doi:10.1002/advs.202309990	pubmed	exact_pmid_efetch	38477432	requires_pubmed_lookup
32	publication_component:citation:publication:doi:10.1002/advs.202402644	pubmed	exact_pmid_efetch	39229940	requires_pubmed_lookup
33	publication_component:citation:publication:doi:10.1002/advs.202408861	pubmed	exact_pmid_efetch	39731323	requires_pubmed_lookup
34	publication_component:citation:publication:doi:10.1002/advs.202413023	pubmed	exact_pmid_efetch	40009528	requires_pubmed_lookup
35	publication_component:citation:publication:doi:10.1002/advs.202417054	pubmed	exact_pmid_efetch	40135786	requires_pubmed_lookup
36	publication_component:citation:publication:doi:10.1002/advs.202503974	pubmed	exact_pmid_efetch	40470693	requires_pubmed_lookup
37	publication_component:citation:publication:doi:10.1002/advs.202505411	pubmed	exact_pmid_efetch	40620001	requires_pubmed_lookup
38	publication_component:citation:publication:doi:10.1002/advs.202506024	pubmed	exact_pmid_efetch	40641325	requires_pubmed_lookup
39	publication_component:citation:publication:doi:10.1002/advs.202509999	pubmed	exact_pmid_efetch	40667647	requires_pubmed_lookup
40	publication_component:citation:publication:doi:10.1002/advs.202520068	pubmed	exact_pmid_efetch	41691473	requires_pubmed_lookup
41	publication_component:citation:publication:doi:10.1002/advs.202521629	pubmed	exact_pmid_efetch	42095482	requires_pubmed_lookup
42	publication_component:citation:publication:doi:10.1002/advs.202522371	openalex	exact_work_id	W7163144979	requires_openalex_lookup
43	publication_component:citation:publication:doi:10.1002/advs.202523161	pubmed	exact_pmid_efetch	41961514	requires_pubmed_lookup
44	publication_component:citation:publication:doi:10.1002/advs.76129	pubmed	exact_pmid_efetch	42294640	requires_pubmed_lookup
45	publication_component:citation:publication:doi:10.1002/advs.76159	pubmed	exact_pmid_efetch	42314050	requires_pubmed_lookup
46	publication_component:citation:publication:doi:10.1002/ajb2.1010	pubmed	exact_pmid_efetch	29532931	requires_pubmed_lookup
47	publication_component:citation:publication:doi:10.1002/ajb2.1047	pubmed	exact_pmid_efetch	29608785	requires_pubmed_lookup
48	publication_component:citation:publication:doi:10.1002/ajb2.1095	pubmed	exact_pmid_efetch	29882953	requires_pubmed_lookup
49	publication_component:citation:publication:doi:10.1002/ajb2.1279	pubmed	exact_pmid_efetch	31042317	requires_pubmed_lookup
50	publication_component:citation:publication:doi:10.1002/ajb2.1397	pubmed	exact_pmid_efetch	31814117	requires_pubmed_lookup
51	publication_component:citation:publication:doi:10.1002/ajb2.16084	pubmed	exact_pmid_efetch	36254561	requires_pubmed_lookup
52	publication_component:citation:publication:doi:10.1002/ajb2.16141	pubmed	exact_pmid_efetch	36779918	requires_pubmed_lookup
53	publication_component:citation:publication:doi:10.1002/ajb2.16310	pubmed	exact_pmid_efetch	38600732	requires_pubmed_lookup
54	publication_component:citation:publication:doi:10.1002/ajb2.16449	pubmed	exact_pmid_efetch	39806558	requires_pubmed_lookup
55	publication_component:citation:publication:doi:10.1002/ajb2.70021	pubmed	exact_pmid_efetch	40095728	requires_pubmed_lookup
56	publication_component:citation:publication:doi:10.1002/ajb2.70141	pubmed	exact_pmid_efetch	41388575	requires_pubmed_lookup
57	publication_component:citation:publication:doi:10.1002/ajp.20976	pubmed	exact_pmid_efetch	21769905	requires_pubmed_lookup
58	publication_component:citation:publication:doi:10.1002/ajp.22583	pubmed	exact_pmid_efetch	27434275	requires_pubmed_lookup
59	publication_component:citation:publication:doi:10.1002/ajp.22955	pubmed	exact_pmid_efetch	30779198	requires_pubmed_lookup
60	publication_component:citation:publication:doi:10.1002/ajp.23028	pubmed	exact_pmid_efetch	31318063	requires_pubmed_lookup
61	publication_component:citation:publication:doi:10.1002/ajpa.22001	pubmed	exact_pmid_efetch	22271526	requires_pubmed_lookup
62	publication_component:citation:publication:doi:10.1002/ajpa.22460	pubmed	exact_pmid_efetch	24375078	requires_pubmed_lookup
63	publication_component:citation:publication:doi:10.1002/ajpa.23748	pubmed	exact_pmid_efetch	30575018	requires_pubmed_lookup
64	publication_component:citation:publication:doi:10.1002/ajpa.24947	pubmed	exact_pmid_efetch	38783700	requires_pubmed_lookup
65	publication_component:citation:publication:doi:10.1002/ajpa.70010	pubmed	exact_pmid_efetch	40071816	requires_pubmed_lookup
66	publication_component:citation:publication:doi:10.1002/ange.202405120	openalex	exact_work_id	W4396904917	requires_openalex_lookup
67	publication_component:citation:publication:doi:10.1002/anie.202405120	pubmed	exact_pmid_efetch	38743001	requires_pubmed_lookup
68	publication_component:citation:publication:doi:10.1002/aps3.11292	pubmed	exact_pmid_efetch	31667020	requires_pubmed_lookup
69	publication_component:citation:publication:doi:10.1002/aps3.11412	pubmed	exact_pmid_efetch	33854846	requires_pubmed_lookup
70	publication_component:citation:publication:doi:10.1002/arch.21883	pubmed	exact_pmid_efetch	35294789	requires_pubmed_lookup
71	publication_component:citation:publication:doi:10.1002/arch.21956	pubmed	exact_pmid_efetch	35933728	requires_pubmed_lookup
72	publication_component:citation:publication:doi:10.1002/arch.21957	pubmed	exact_pmid_efetch	35933719	requires_pubmed_lookup
73	publication_component:citation:publication:doi:10.1002/arch.22087	pubmed	exact_pmid_efetch	38288498	requires_pubmed_lookup
74	publication_component:citation:publication:doi:10.1002/arch.70206	pubmed	exact_pmid_efetch	42619339	requires_pubmed_lookup
75	publication_component:citation:publication:doi:10.1002/bab.70133	openalex	exact_doi	10.1002/bab.70133	requires_openalex_lookup
76	publication_component:citation:publication:doi:10.1002/bies.201000139	pubmed	exact_pmid_efetch	21312200	requires_pubmed_lookup
77	publication_component:citation:publication:doi:10.1002/bies.201200008	pubmed	exact_pmid_efetch	23001763	requires_pubmed_lookup
78	publication_component:citation:publication:doi:10.1002/bies.201500079	pubmed	exact_pmid_efetch	26606649	requires_pubmed_lookup
79	publication_component:citation:publication:doi:10.1002/bies.201600006	pubmed	exact_pmid_efetch	27172298	requires_pubmed_lookup
80	publication_component:citation:publication:doi:10.1002/bies.201600176	pubmed	exact_pmid_efetch	27859467	requires_pubmed_lookup
81	publication_component:citation:publication:doi:10.1002/bies.202000268	pubmed	exact_pmid_efetch	33521987	requires_pubmed_lookup
82	publication_component:citation:publication:doi:10.1002/bies.70109	pubmed	exact_pmid_efetch	41640189	requires_pubmed_lookup
83	publication_component:citation:publication:doi:10.1002/biof.70048	pubmed	exact_pmid_efetch	41084958	requires_pubmed_lookup
84	publication_component:citation:publication:doi:10.1002/biot.201400150	pubmed	exact_pmid_efetch	25524647	requires_pubmed_lookup
85	publication_component:citation:publication:doi:10.1002/cbic.201700589	pubmed	exact_pmid_efetch	29193585	requires_pubmed_lookup
86	publication_component:citation:publication:doi:10.1002/cctc.202101296	openalex	exact_work_id	W3207776401	requires_openalex_lookup
87	publication_component:citation:publication:doi:10.1002/cctc.202300745	openalex	exact_work_id	W4386048149	requires_openalex_lookup
88	publication_component:citation:publication:doi:10.1002/cpbi.2	pubmed	exact_pmid_efetch	27322407	requires_pubmed_lookup
89	publication_component:citation:publication:doi:10.1002/cplx.21660	openalex	exact_work_id	W2125285469	requires_openalex_lookup
90	publication_component:citation:publication:doi:10.1002/cpz1.60	pubmed	exact_pmid_efetch	33617114	requires_pubmed_lookup
91	publication_component:citation:publication:doi:10.1002/cti2.1070	pubmed	exact_pmid_efetch	31360464	requires_pubmed_lookup
92	publication_component:citation:publication:doi:10.1002/ece3.10046	pubmed	exact_pmid_efetch	37193112	requires_pubmed_lookup
93	publication_component:citation:publication:doi:10.1002/ece3.10157	pubmed	exact_pmid_efetch	37325715	requires_pubmed_lookup
94	publication_component:citation:publication:doi:10.1002/ece3.10182	pubmed	exact_pmid_efetch	37304372	requires_pubmed_lookup
95	publication_component:citation:publication:doi:10.1002/ece3.10196	pubmed	exact_pmid_efetch	37325719	requires_pubmed_lookup
96	publication_component:citation:publication:doi:10.1002/ece3.10361	pubmed	exact_pmid_efetch	37502307	requires_pubmed_lookup
97	publication_component:citation:publication:doi:10.1002/ece3.1042	pubmed	exact_pmid_efetch	24967076	requires_pubmed_lookup
98	publication_component:citation:publication:doi:10.1002/ece3.10506	pubmed	exact_pmid_efetch	37791292	requires_pubmed_lookup
99	publication_component:citation:publication:doi:10.1002/ece3.10827	pubmed	exact_pmid_efetch	38116126	requires_pubmed_lookup
100	publication_component:citation:publication:doi:10.1002/ece3.10828	pubmed	exact_pmid_efetch	38094154	requires_pubmed_lookup
101	publication_component:citation:publication:doi:10.1002/ece3.10950	pubmed	exact_pmid_efetch	38384825	requires_pubmed_lookup
102	publication_component:citation:publication:doi:10.1002/ece3.11148	pubmed	exact_pmid_efetch	38476702	requires_pubmed_lookup
103	publication_component:citation:publication:doi:10.1002/ece3.11176	pubmed	exact_pmid_efetch	38529027	requires_pubmed_lookup
104	publication_component:citation:publication:doi:10.1002/ece3.11311	pubmed	exact_pmid_efetch	38654715	requires_pubmed_lookup
105	publication_component:citation:publication:doi:10.1002/ece3.11565	pubmed	exact_pmid_efetch	38895576	requires_pubmed_lookup
106	publication_component:citation:publication:doi:10.1002/ece3.11603	pubmed	exact_pmid_efetch	38932954	requires_pubmed_lookup
107	publication_component:citation:publication:doi:10.1002/ece3.1249	pubmed	exact_pmid_efetch	25505518	requires_pubmed_lookup
108	publication_component:citation:publication:doi:10.1002/ece3.13	pubmed	exact_pmid_efetch	22393491	requires_pubmed_lookup
109	publication_component:citation:publication:doi:10.1002/ece3.1391	pubmed	exact_pmid_efetch	25798222	requires_pubmed_lookup
110	publication_component:citation:publication:doi:10.1002/ece3.1613	pubmed	exact_pmid_efetch	26380674	requires_pubmed_lookup
111	publication_component:citation:publication:doi:10.1002/ece3.1792	pubmed	exact_pmid_efetch	30151141	requires_pubmed_lookup
112	publication_component:citation:publication:doi:10.1002/ece3.1865	pubmed	exact_pmid_efetch	26843925	requires_pubmed_lookup
113	publication_component:citation:publication:doi:10.1002/ece3.1886	pubmed	exact_pmid_efetch	26843931	requires_pubmed_lookup
114	publication_component:citation:publication:doi:10.1002/ece3.2047	pubmed	exact_pmid_efetch	27069575	requires_pubmed_lookup
115	publication_component:citation:publication:doi:10.1002/ece3.2077	pubmed	exact_pmid_efetch	27066243	requires_pubmed_lookup
116	publication_component:citation:publication:doi:10.1002/ece3.2159	pubmed	exact_pmid_efetch	27516858	requires_pubmed_lookup
117	publication_component:citation:publication:doi:10.1002/ece3.2574	pubmed	exact_pmid_efetch	28031797	requires_pubmed_lookup
118	publication_component:citation:publication:doi:10.1002/ece3.2737	pubmed	exact_pmid_efetch	28331594	requires_pubmed_lookup
119	publication_component:citation:publication:doi:10.1002/ece3.285	pubmed	exact_pmid_efetch	22957169	requires_pubmed_lookup
120	publication_component:citation:publication:doi:10.1002/ece3.299	pubmed	exact_pmid_efetch	22957200	requires_pubmed_lookup
121	publication_component:citation:publication:doi:10.1002/ece3.3317	pubmed	exact_pmid_efetch	29043021	requires_pubmed_lookup
122	publication_component:citation:publication:doi:10.1002/ece3.3336	pubmed	exact_pmid_efetch	29177034	requires_pubmed_lookup
123	publication_component:citation:publication:doi:10.1002/ece3.3735	pubmed	exact_pmid_efetch	29375797	requires_pubmed_lookup
124	publication_component:citation:publication:doi:10.1002/ece3.4044	pubmed	exact_pmid_efetch	29938056	requires_pubmed_lookup
125	publication_component:citation:publication:doi:10.1002/ece3.4212	pubmed	exact_pmid_efetch	30073059	requires_pubmed_lookup
126	publication_component:citation:publication:doi:10.1002/ece3.4221	pubmed	exact_pmid_efetch	30250687	requires_pubmed_lookup
127	publication_component:citation:publication:doi:10.1002/ece3.4427	pubmed	exact_pmid_efetch	30519397	requires_pubmed_lookup
128	publication_component:citation:publication:doi:10.1002/ece3.487	pubmed	exact_pmid_efetch	23532786	requires_pubmed_lookup
129	publication_component:citation:publication:doi:10.1002/ece3.4965	pubmed	exact_pmid_efetch	30962899	requires_pubmed_lookup
130	publication_component:citation:publication:doi:10.1002/ece3.5015	pubmed	exact_pmid_efetch	31015974	requires_pubmed_lookup
131	publication_component:citation:publication:doi:10.1002/ece3.5087	pubmed	exact_pmid_efetch	31110668	requires_pubmed_lookup
132	publication_component:citation:publication:doi:10.1002/ece3.5271	pubmed	exact_pmid_efetch	31380033	requires_pubmed_lookup
133	publication_component:citation:publication:doi:10.1002/ece3.5542	pubmed	exact_pmid_efetch	31788185	requires_pubmed_lookup
134	publication_component:citation:publication:doi:10.1002/ece3.5620	pubmed	exact_pmid_efetch	31641464	requires_pubmed_lookup
135	publication_component:citation:publication:doi:10.1002/ece3.5965	pubmed	exact_pmid_efetch	32551041	requires_pubmed_lookup
136	publication_component:citation:publication:doi:10.1002/ece3.5971	pubmed	exact_pmid_efetch	32015863	requires_pubmed_lookup
137	publication_component:citation:publication:doi:10.1002/ece3.598	pubmed	exact_pmid_efetch	23919136	requires_pubmed_lookup
138	publication_component:citation:publication:doi:10.1002/ece3.5984	pubmed	exact_pmid_efetch	32076515	requires_pubmed_lookup
139	publication_component:citation:publication:doi:10.1002/ece3.605	pubmed	exact_pmid_efetch	23919141	requires_pubmed_lookup
140	publication_component:citation:publication:doi:10.1002/ece3.6140	pubmed	exact_pmid_efetch	32274000	requires_pubmed_lookup
141	publication_component:citation:publication:doi:10.1002/ece3.6342	pubmed	exact_pmid_efetch	32607209	requires_pubmed_lookup
142	publication_component:citation:publication:doi:10.1002/ece3.6462	pubmed	exact_pmid_efetch	32760535	requires_pubmed_lookup
143	publication_component:citation:publication:doi:10.1002/ece3.650	pubmed	exact_pmid_efetch	24567825	requires_pubmed_lookup
144	publication_component:citation:publication:doi:10.1002/ece3.6749	pubmed	exact_pmid_efetch	33144953	requires_pubmed_lookup
145	publication_component:citation:publication:doi:10.1002/ece3.6782	pubmed	exact_pmid_efetch	33144976	requires_pubmed_lookup
146	publication_component:citation:publication:doi:10.1002/ece3.6855	pubmed	exact_pmid_efetch	33209285	requires_pubmed_lookup
147	publication_component:citation:publication:doi:10.1002/ece3.70013	pubmed	exact_pmid_efetch	39011133	requires_pubmed_lookup
148	publication_component:citation:publication:doi:10.1002/ece3.70126	pubmed	exact_pmid_efetch	39114168	requires_pubmed_lookup
149	publication_component:citation:publication:doi:10.1002/ece3.70144	pubmed	exact_pmid_efetch	39119179	requires_pubmed_lookup
150	publication_component:citation:publication:doi:10.1002/ece3.70159	pubmed	exact_pmid_efetch	39193169	requires_pubmed_lookup
151	publication_component:citation:publication:doi:10.1002/ece3.70297	pubmed	exact_pmid_efetch	39301292	requires_pubmed_lookup
152	publication_component:citation:publication:doi:10.1002/ece3.70318	pubmed	exact_pmid_efetch	39290669	requires_pubmed_lookup
153	publication_component:citation:publication:doi:10.1002/ece3.70400	pubmed	exact_pmid_efetch	39385836	requires_pubmed_lookup
154	publication_component:citation:publication:doi:10.1002/ece3.70723	pubmed	exact_pmid_efetch	39691440	requires_pubmed_lookup
155	publication_component:citation:publication:doi:10.1002/ece3.70840	pubmed	exact_pmid_efetch	39963511	requires_pubmed_lookup
156	publication_component:citation:publication:doi:10.1002/ece3.70874	pubmed	exact_pmid_efetch	39844788	requires_pubmed_lookup
157	publication_component:citation:publication:doi:10.1002/ece3.71027	pubmed	exact_pmid_efetch	40027412	requires_pubmed_lookup
158	publication_component:citation:publication:doi:10.1002/ece3.71312	pubmed	exact_pmid_efetch	40276246	requires_pubmed_lookup
159	publication_component:citation:publication:doi:10.1002/ece3.71453	pubmed	exact_pmid_efetch	40416764	requires_pubmed_lookup
160	publication_component:citation:publication:doi:10.1002/ece3.71462	pubmed	exact_pmid_efetch	40416769	requires_pubmed_lookup
161	publication_component:citation:publication:doi:10.1002/ece3.71467	pubmed	exact_pmid_efetch	40406590	requires_pubmed_lookup
162	publication_component:citation:publication:doi:10.1002/ece3.71471	pubmed	exact_pmid_efetch	40454218	requires_pubmed_lookup
163	publication_component:citation:publication:doi:10.1002/ece3.71553	pubmed	exact_pmid_efetch	40534984	requires_pubmed_lookup
164	publication_component:citation:publication:doi:10.1002/ece3.7161	pubmed	exact_pmid_efetch	33613999	requires_pubmed_lookup
165	publication_component:citation:publication:doi:10.1002/ece3.71762	pubmed	exact_pmid_efetch	40625331	requires_pubmed_lookup
166	publication_component:citation:publication:doi:10.1002/ece3.71975	pubmed	exact_pmid_efetch	40785989	requires_pubmed_lookup
167	publication_component:citation:publication:doi:10.1002/ece3.72129	pubmed	exact_pmid_efetch	40978223	requires_pubmed_lookup
168	publication_component:citation:publication:doi:10.1002/ece3.72372	pubmed	exact_pmid_efetch	41140310	requires_pubmed_lookup
169	publication_component:citation:publication:doi:10.1002/ece3.72385	pubmed	exact_pmid_efetch	41116763	requires_pubmed_lookup
170	publication_component:citation:publication:doi:10.1002/ece3.72796	pubmed	exact_pmid_efetch	41415316	requires_pubmed_lookup
171	publication_component:citation:publication:doi:10.1002/ece3.72811	pubmed	exact_pmid_efetch	41459102	requires_pubmed_lookup
172	publication_component:citation:publication:doi:10.1002/ece3.73086	pubmed	exact_pmid_efetch	41696125	requires_pubmed_lookup
173	publication_component:citation:publication:doi:10.1002/ece3.73315	pubmed	exact_pmid_efetch	42016943	requires_pubmed_lookup
174	publication_component:citation:publication:doi:10.1002/ece3.73333	pubmed	exact_pmid_efetch	42040842	requires_pubmed_lookup
175	publication_component:citation:publication:doi:10.1002/ece3.73370	pubmed	exact_pmid_efetch	42040847	requires_pubmed_lookup
176	publication_component:citation:publication:doi:10.1002/ece3.73551	pubmed	exact_pmid_efetch	42023404	requires_pubmed_lookup
177	publication_component:citation:publication:doi:10.1002/ece3.73748	pubmed	exact_pmid_efetch	42256132	requires_pubmed_lookup
178	publication_component:citation:publication:doi:10.1002/ece3.73782	openalex	exact_work_id	W7163559958	requires_openalex_lookup
179	publication_component:citation:publication:doi:10.1002/ece3.7381	pubmed	exact_pmid_efetch	33976848	requires_pubmed_lookup
180	publication_component:citation:publication:doi:10.1002/ece3.73841	pubmed	exact_pmid_efetch	42529109	requires_pubmed_lookup
181	publication_component:citation:publication:doi:10.1002/ece3.73937	pubmed	exact_pmid_efetch	42388186	requires_pubmed_lookup
182	publication_component:citation:publication:doi:10.1002/ece3.74056	pubmed	exact_pmid_efetch	42534716	requires_pubmed_lookup
183	publication_component:citation:publication:doi:10.1002/ece3.74062	pubmed	exact_pmid_efetch	42494962	requires_pubmed_lookup
184	publication_component:citation:publication:doi:10.1002/ece3.74271	pubmed	exact_pmid_efetch	42688675	requires_pubmed_lookup
185	publication_component:citation:publication:doi:10.1002/ece3.74281	pubmed	exact_pmid_efetch	42699452	requires_pubmed_lookup
186	publication_component:citation:publication:doi:10.1002/ece3.74291	pubmed	exact_pmid_efetch	42699354	requires_pubmed_lookup
187	publication_component:citation:publication:doi:10.1002/ece3.74342	pubmed	exact_pmid_efetch	42740835	requires_pubmed_lookup
188	publication_component:citation:publication:doi:10.1002/ece3.7440	pubmed	exact_pmid_efetch	34026020	requires_pubmed_lookup
189	publication_component:citation:publication:doi:10.1002/ece3.7582	pubmed	exact_pmid_efetch	34188831	requires_pubmed_lookup
190	publication_component:citation:publication:doi:10.1002/ece3.7736	pubmed	exact_pmid_efetch	34257940	requires_pubmed_lookup
191	publication_component:citation:publication:doi:10.1002/ece3.7760	pubmed	exact_pmid_efetch	34367556	requires_pubmed_lookup
192	publication_component:citation:publication:doi:10.1002/ece3.7959	pubmed	exact_pmid_efetch	34646450	requires_pubmed_lookup
193	publication_component:citation:publication:doi:10.1002/ece3.8063	pubmed	exact_pmid_efetch	34646478	requires_pubmed_lookup
194	publication_component:citation:publication:doi:10.1002/ece3.8071	pubmed	exact_pmid_efetch	34646484	requires_pubmed_lookup
195	publication_component:citation:publication:doi:10.1002/ece3.8189	pubmed	exact_pmid_efetch	34765161	requires_pubmed_lookup
196	publication_component:citation:publication:doi:10.1002/ece3.8398	pubmed	exact_pmid_efetch	35003653	requires_pubmed_lookup
197	publication_component:citation:publication:doi:10.1002/ece3.8471	pubmed	exact_pmid_efetch	35136549	requires_pubmed_lookup
198	publication_component:citation:publication:doi:10.1002/ece3.8499	pubmed	exact_pmid_efetch	35136556	requires_pubmed_lookup
199	publication_component:citation:publication:doi:10.1002/ece3.8595	pubmed	exact_pmid_efetch	35154658	requires_pubmed_lookup
200	publication_component:citation:publication:doi:10.1002/ece3.8815	pubmed	exact_pmid_efetch	35475184	requires_pubmed_lookup
201	publication_component:citation:publication:doi:10.1002/ece3.8866	pubmed	exact_pmid_efetch	35462974	requires_pubmed_lookup
202	publication_component:citation:publication:doi:10.1002/ece3.9077	pubmed	exact_pmid_efetch	35866021	requires_pubmed_lookup
203	publication_component:citation:publication:doi:10.1002/ece3.9159	pubmed	exact_pmid_efetch	35919393	requires_pubmed_lookup
204	publication_component:citation:publication:doi:10.1002/ece3.9309	pubmed	exact_pmid_efetch	36188500	requires_pubmed_lookup
205	publication_component:citation:publication:doi:10.1002/ece3.9346	pubmed	exact_pmid_efetch	36311412	requires_pubmed_lookup
206	publication_component:citation:publication:doi:10.1002/ece3.94	pubmed	exact_pmid_efetch	22822429	requires_pubmed_lookup
207	publication_component:citation:publication:doi:10.1002/ece3.965	openalex	exact_work_id	W2090516958	requires_openalex_lookup
208	publication_component:citation:publication:doi:10.1002/ecog.07821	openalex	exact_work_id	W7172489480	requires_openalex_lookup
209	publication_component:citation:publication:doi:10.1002/ecog.08419	openalex	exact_work_id	W7137254230	requires_openalex_lookup
210	publication_component:citation:publication:doi:10.1002/eng2.13112	openalex	exact_work_id	W4407122328	requires_openalex_lookup
211	publication_component:citation:publication:doi:10.1002/evl3.20	pubmed	exact_pmid_efetch	30283648	requires_pubmed_lookup
212	publication_component:citation:publication:doi:10.1002/evl3.246	pubmed	exact_pmid_efetch	34621538	requires_pubmed_lookup
213	publication_component:citation:publication:doi:10.1002/evl3.7	pubmed	exact_pmid_efetch	30283640	requires_pubmed_lookup
214	publication_component:citation:publication:doi:10.1002/evl3.71	pubmed	exact_pmid_efetch	30283686	requires_pubmed_lookup
215	publication_component:citation:publication:doi:10.1002/evl3.81	pubmed	exact_pmid_efetch	30283697	requires_pubmed_lookup
216	publication_component:citation:publication:doi:10.1002/glr2.70037	openalex	exact_work_id	W7127484825	requires_openalex_lookup
217	publication_component:citation:publication:doi:10.1002/hsr2.1209	pubmed	exact_pmid_efetch	37077184	requires_pubmed_lookup
218	publication_component:citation:publication:doi:10.1002/humu.21519	pubmed	exact_pmid_efetch	21538689	requires_pubmed_lookup
219	publication_component:citation:publication:doi:10.1002/ijch.201200096	openalex	exact_work_id	W1973035681	requires_openalex_lookup
220	publication_component:citation:publication:doi:10.1002/imo2.70077	openalex	exact_work_id	W7124885634	requires_openalex_lookup
221	publication_component:citation:publication:doi:10.1002/imt2.146	pubmed	exact_pmid_efetch	38868214	requires_pubmed_lookup
222	publication_component:citation:publication:doi:10.1002/imt2.70095	pubmed	exact_pmid_efetch	41472854	requires_pubmed_lookup
223	publication_component:citation:publication:doi:10.1002/inc3.70055	openalex	exact_work_id	W4417353837	requires_openalex_lookup
224	publication_component:citation:publication:doi:10.1002/jcp.31012	pubmed	exact_pmid_efetch	36960713	requires_pubmed_lookup
225	publication_component:citation:publication:doi:10.1002/jez.1845	pubmed	exact_pmid_efetch	24254650	requires_pubmed_lookup
226	publication_component:citation:publication:doi:10.1002/jez.b.21241	pubmed	exact_pmid_efetch	18942103	requires_pubmed_lookup
227	publication_component:citation:publication:doi:10.1002/jez.b.21323	pubmed	exact_pmid_efetch	19790198	requires_pubmed_lookup
228	publication_component:citation:publication:doi:10.1002/jez.b.21350	pubmed	exact_pmid_efetch	20700889	requires_pubmed_lookup
229	publication_component:citation:publication:doi:10.1002/jez.b.22457	pubmed	exact_pmid_efetch	22674856	requires_pubmed_lookup
230	publication_component:citation:publication:doi:10.1002/jez.b.22490	pubmed	exact_pmid_efetch	23554322	requires_pubmed_lookup
231	publication_component:citation:publication:doi:10.1002/jez.b.22504	pubmed	exact_pmid_efetch	25961277	requires_pubmed_lookup
232	publication_component:citation:publication:doi:10.1002/jez.b.22525	pubmed	exact_pmid_efetch	23900979	requires_pubmed_lookup
233	publication_component:citation:publication:doi:10.1002/jez.b.22659	pubmed	exact_pmid_efetch	26526303	requires_pubmed_lookup
234	publication_component:citation:publication:doi:10.1002/jez.b.22805	pubmed	exact_pmid_efetch	29845724	requires_pubmed_lookup
235	publication_component:citation:publication:doi:10.1002/jez.b.22809	pubmed	exact_pmid_efetch	29888542	requires_pubmed_lookup
236	publication_component:citation:publication:doi:10.1002/jez.b.22857	pubmed	exact_pmid_efetch	31045323	requires_pubmed_lookup
237	publication_component:citation:publication:doi:10.1002/jez.b.22986	pubmed	exact_pmid_efetch	32725718	requires_pubmed_lookup
238	publication_component:citation:publication:doi:10.1002/jez.b.23119	pubmed	exact_pmid_efetch	34985811	requires_pubmed_lookup
239	publication_component:citation:publication:doi:10.1002/jez.b.23141	pubmed	exact_pmid_efetch	35485990	requires_pubmed_lookup
240	publication_component:citation:publication:doi:10.1002/jezb.70012	pubmed	exact_pmid_efetch	41527271	requires_pubmed_lookup
241	publication_component:citation:publication:doi:10.1002/jia2.26009	pubmed	exact_pmid_efetch	36268652	requires_pubmed_lookup
242	publication_component:citation:publication:doi:10.1002/jmor.21703	pubmed	exact_pmid_efetch	38720627	requires_pubmed_lookup
243	publication_component:citation:publication:doi:10.1002/jmr.2694	pubmed	exact_pmid_efetch	29243852	requires_pubmed_lookup
244	publication_component:citation:publication:doi:10.1002/jmv.21335	pubmed	exact_pmid_efetch	19031453	requires_pubmed_lookup
245	publication_component:citation:publication:doi:10.1002/jmv.24272	pubmed	exact_pmid_efetch	25989289	requires_pubmed_lookup
246	publication_component:citation:publication:doi:10.1002/jmv.24324	pubmed	exact_pmid_efetch	26174468	requires_pubmed_lookup
247	publication_component:citation:publication:doi:10.1002/jmv.24697	pubmed	exact_pmid_efetch	27671219	requires_pubmed_lookup
248	publication_component:citation:publication:doi:10.1002/jmv.25731	pubmed	exact_pmid_efetch	32104911	requires_pubmed_lookup
249	publication_component:citation:publication:doi:10.1002/jmv.26001	pubmed	exact_pmid_efetch	32401345	requires_pubmed_lookup
250	publication_component:citation:publication:doi:10.1002/jmv.26598	pubmed	exact_pmid_efetch	33090493	requires_pubmed_lookup
251	publication_component:citation:publication:doi:10.1002/jmv.27086	pubmed	exact_pmid_efetch	33990970	requires_pubmed_lookup
252	publication_component:citation:publication:doi:10.1002/jmv.27167	pubmed	exact_pmid_efetch	34185310	requires_pubmed_lookup
253	publication_component:citation:publication:doi:10.1002/jmv.27331	pubmed	exact_pmid_efetch	34506640	requires_pubmed_lookup
254	publication_component:citation:publication:doi:10.1002/jmv.27389	pubmed	exact_pmid_efetch	34647634	requires_pubmed_lookup
255	publication_component:citation:publication:doi:10.1002/jmv.27429	pubmed	exact_pmid_efetch	34726786	requires_pubmed_lookup
256	publication_component:citation:publication:doi:10.1002/jmv.27451	pubmed	exact_pmid_efetch	34766651	requires_pubmed_lookup
257	publication_component:citation:publication:doi:10.1002/jmv.27537	pubmed	exact_pmid_efetch	34939673	requires_pubmed_lookup
258	publication_component:citation:publication:doi:10.1002/jmv.27674	pubmed	exact_pmid_efetch	35229308	requires_pubmed_lookup
259	publication_component:citation:publication:doi:10.1002/jmv.27957	pubmed	exact_pmid_efetch	35754094	requires_pubmed_lookup
260	publication_component:citation:publication:doi:10.1002/jmv.28033	pubmed	exact_pmid_efetch	35902787	requires_pubmed_lookup
261	publication_component:citation:publication:doi:10.1002/jmv.28366	pubmed	exact_pmid_efetch	36458547	requires_pubmed_lookup
262	publication_component:citation:publication:doi:10.1002/jmv.28461	pubmed	exact_pmid_efetch	36602045	requires_pubmed_lookup
263	publication_component:citation:publication:doi:10.1002/jmv.28848	pubmed	exact_pmid_efetch	37294038	requires_pubmed_lookup
264	publication_component:citation:publication:doi:10.1002/jmv.29106	pubmed	exact_pmid_efetch	37712255	requires_pubmed_lookup
265	publication_component:citation:publication:doi:10.1002/jmv.29194	pubmed	exact_pmid_efetch	37881026	requires_pubmed_lookup
266	publication_component:citation:publication:doi:10.1002/jmv.29346	pubmed	exact_pmid_efetch	38178580	requires_pubmed_lookup
267	publication_component:citation:publication:doi:10.1002/jmv.29397	pubmed	exact_pmid_efetch	38235923	requires_pubmed_lookup
268	publication_component:citation:publication:doi:10.1002/jmv.29773	pubmed	exact_pmid_efetch	38940448	requires_pubmed_lookup
269	publication_component:citation:publication:doi:10.1002/jmv.29902	pubmed	exact_pmid_efetch	39228345	requires_pubmed_lookup
270	publication_component:citation:publication:doi:10.1002/jmv.71142	pubmed	exact_pmid_efetch	42708527	requires_pubmed_lookup
271	publication_component:citation:publication:doi:10.1002/jse.236	openalex	exact_doi	10.1002/jse.236	requires_openalex_lookup
272	publication_component:citation:publication:doi:10.1002/jsfa.4507	pubmed	exact_pmid_efetch	21725977	requires_pubmed_lookup
273	publication_component:citation:publication:doi:10.1002/kpm.1558	openalex	exact_work_id	W2790212955	requires_openalex_lookup
274	publication_component:citation:publication:doi:10.1002/lol2.70005	openalex	exact_work_id	W4408549467	requires_openalex_lookup
275	publication_component:citation:publication:doi:10.1002/mbo3.70175	pubmed	exact_pmid_efetch	41310915	requires_pubmed_lookup
276	publication_component:citation:publication:doi:10.1002/mco2.565	pubmed	exact_pmid_efetch	38882210	requires_pubmed_lookup
277	publication_component:citation:publication:doi:10.1002/minf.201800057	pubmed	exact_pmid_efetch	30019526	requires_pubmed_lookup
278	publication_component:citation:publication:doi:10.1002/mrd.22134	pubmed	exact_pmid_efetch	23184500	requires_pubmed_lookup
279	publication_component:citation:publication:doi:10.1002/mrd.22321	pubmed	exact_pmid_efetch	24644026	requires_pubmed_lookup
280	publication_component:citation:publication:doi:10.1002/mrd.22752	pubmed	exact_pmid_efetch	27770608	requires_pubmed_lookup
281	publication_component:citation:publication:doi:10.1002/mrd.23517	pubmed	exact_pmid_efetch	34148267	requires_pubmed_lookup
282	publication_component:citation:publication:doi:10.1002/pld3.388	pubmed	exact_pmid_efetch	35388373	requires_pubmed_lookup
283	publication_component:citation:publication:doi:10.1002/pld3.420	pubmed	exact_pmid_efetch	35865076	requires_pubmed_lookup
284	publication_component:citation:publication:doi:10.1002/pld3.484	pubmed	exact_pmid_efetch	36937792	requires_pubmed_lookup
285	publication_component:citation:publication:doi:10.1002/pmic.202200421	pubmed	exact_pmid_efetch	37609810	requires_pubmed_lookup
286	publication_component:citation:publication:doi:10.1002/pro.247	pubmed	exact_pmid_efetch	19768800	requires_pubmed_lookup
287	publication_component:citation:publication:doi:10.1002/pro.2721	pubmed	exact_pmid_efetch	26061224	requires_pubmed_lookup
288	publication_component:citation:publication:doi:10.1002/pro.324	pubmed	exact_pmid_efetch	20054829	requires_pubmed_lookup
289	publication_component:citation:publication:doi:10.1002/pro.3558	pubmed	exact_pmid_efetch	30488506	requires_pubmed_lookup
290	publication_component:citation:publication:doi:10.1002/pro.3646	pubmed	exact_pmid_efetch	31095809	requires_pubmed_lookup
291	publication_component:citation:publication:doi:10.1002/pro.4620	pubmed	exact_pmid_efetch	36883357	requires_pubmed_lookup
292	publication_component:citation:publication:doi:10.1002/prot.22990	pubmed	exact_pmid_efetch	21387414	requires_pubmed_lookup
293	publication_component:citation:publication:doi:10.1002/prot.24758	pubmed	exact_pmid_efetch	25586301	requires_pubmed_lookup
294	publication_component:citation:publication:doi:10.1002/prot.25518	pubmed	exact_pmid_efetch	29679401	requires_pubmed_lookup
295	publication_component:citation:publication:doi:10.1002/prot.25588	pubmed	exact_pmid_efetch	30039542	requires_pubmed_lookup
296	publication_component:citation:publication:doi:10.1002/ps.4893	pubmed	exact_pmid_efetch	29457681	requires_pubmed_lookup
297	publication_component:citation:publication:doi:10.1002/ps.6905	pubmed	exact_pmid_efetch	35394111	requires_pubmed_lookup
298	publication_component:citation:publication:doi:10.1002/ps.70286	pubmed	exact_pmid_efetch	41069208	requires_pubmed_lookup
299	publication_component:citation:publication:doi:10.1002/ps.70486	pubmed	exact_pmid_efetch	41546450	requires_pubmed_lookup
300	publication_component:citation:publication:doi:10.1002/ps.70498	pubmed	exact_pmid_efetch	41496483	requires_pubmed_lookup
301	publication_component:citation:publication:doi:10.1002/ps.7065	pubmed	exact_pmid_efetch	35796079	requires_pubmed_lookup
302	publication_component:citation:publication:doi:10.1002/ps.71164	pubmed	exact_pmid_efetch	42543508	requires_pubmed_lookup
303	publication_component:citation:publication:doi:10.1002/ps.71222	pubmed	exact_pmid_efetch	42613777	requires_pubmed_lookup
304	publication_component:citation:publication:doi:10.1002/ps.8956	pubmed	exact_pmid_efetch	40488342	requires_pubmed_lookup
305	publication_component:citation:publication:doi:10.1002/rcm.8605	pubmed	exact_pmid_efetch	31657488	requires_pubmed_lookup
306	publication_component:citation:publication:doi:10.1002/rmv.2193	pubmed	exact_pmid_efetch	33217098	requires_pubmed_lookup
307	publication_component:citation:publication:doi:10.1002/tpg2.20001	pubmed	exact_pmid_efetch	33016624	requires_pubmed_lookup
308	publication_component:citation:publication:doi:10.1002/tpg2.20104	pubmed	exact_pmid_efetch	34275210	requires_pubmed_lookup
309	publication_component:citation:publication:doi:10.1002/tpg2.20135	pubmed	exact_pmid_efetch	34533282	requires_pubmed_lookup
310	publication_component:citation:publication:doi:10.1002/tpg2.20217	pubmed	exact_pmid_efetch	35608212	requires_pubmed_lookup
311	publication_component:citation:publication:doi:10.1002/tpg2.20236	pubmed	exact_pmid_efetch	35748235	requires_pubmed_lookup
312	publication_component:citation:publication:doi:10.1002/tpg2.20238	pubmed	exact_pmid_efetch	35894687	requires_pubmed_lookup
313	publication_component:citation:publication:doi:10.1002/tpg2.20439	pubmed	exact_pmid_efetch	38485674	requires_pubmed_lookup
314	publication_component:citation:publication:doi:10.1002/tpg2.20448	pubmed	exact_pmid_efetch	38602082	requires_pubmed_lookup
315	publication_component:citation:publication:doi:10.1002/tpg2.20563	pubmed	exact_pmid_efetch	39972488	requires_pubmed_lookup
316	publication_component:citation:publication:doi:10.1002/tpg2.70172	pubmed	exact_pmid_efetch	41409037	requires_pubmed_lookup
317	publication_component:citation:publication:doi:10.1002/tpg2.70232	pubmed	exact_pmid_efetch	41894487	requires_pubmed_lookup
318	publication_component:citation:publication:doi:10.1002/tpg2.70286	pubmed	exact_pmid_efetch	42522920	requires_pubmed_lookup
319	publication_component:citation:publication:doi:10.1002/yea.1598	pubmed	exact_pmid_efetch	18509846	requires_pubmed_lookup
320	publication_component:citation:publication:doi:10.1002/yea.3391	pubmed	exact_pmid_efetch	30963617	requires_pubmed_lookup
322	publication_component:citation:publication:doi:10.1007/978-1-0716-1036-7_14	pubmed	exact_pmid_efetch	33289896	requires_pubmed_lookup
323	publication_component:citation:publication:doi:10.1007/978-1-0716-1503-4_3	pubmed	exact_pmid_efetch	34165707	requires_pubmed_lookup
324	publication_component:citation:publication:doi:10.1007/978-1-0716-1799-1_15	pubmed	exact_pmid_efetch	34773625	requires_pubmed_lookup
325	publication_component:citation:publication:doi:10.1007/978-1-0716-2111-0_3	pubmed	exact_pmid_efetch	35554899	requires_pubmed_lookup
326	publication_component:citation:publication:doi:10.1007/978-1-0716-2257-5_24	pubmed	exact_pmid_efetch	35524131	requires_pubmed_lookup
327	publication_component:citation:publication:doi:10.1007/978-1-0716-2561-3_7	pubmed	exact_pmid_efetch	36720811	requires_pubmed_lookup
328	publication_component:citation:publication:doi:10.1007/978-1-0716-2691-7_1	pubmed	exact_pmid_efetch	36083441	requires_pubmed_lookup
329	publication_component:citation:publication:doi:10.1007/978-1-0716-2691-7_2	pubmed	exact_pmid_efetch	36083442	requires_pubmed_lookup
330	publication_component:citation:publication:doi:10.1007/978-1-0716-2691-7_5	pubmed	exact_pmid_efetch	36083445	requires_pubmed_lookup
331	publication_component:citation:publication:doi:10.1007/978-1-0716-2691-7_8	pubmed	exact_pmid_efetch	36083448	requires_pubmed_lookup
332	publication_component:citation:publication:doi:10.1007/978-1-0716-3838-5_11	pubmed	exact_pmid_efetch	38819564	requires_pubmed_lookup
333	publication_component:citation:publication:doi:10.1007/978-1-0716-3838-5_16	pubmed	exact_pmid_efetch	38819569	requires_pubmed_lookup
334	publication_component:citation:publication:doi:10.1007/978-1-0716-3874-3_18	pubmed	exact_pmid_efetch	38907904	requires_pubmed_lookup
335	publication_component:citation:publication:doi:10.1007/978-1-0716-3981-8_16	pubmed	exact_pmid_efetch	38949710	requires_pubmed_lookup
336	publication_component:citation:publication:doi:10.1007/978-1-0716-4702-8_7	pubmed	exact_pmid_efetch	40736896	requires_pubmed_lookup
337	publication_component:citation:publication:doi:10.1007/978-1-4471-5298-9_12	openalex	exact_work_id	W39630659	requires_openalex_lookup
338	publication_component:citation:publication:doi:10.1007/978-1-4614-7181-3_4	openalex	exact_work_id	W2249395856	requires_openalex_lookup
339	publication_component:citation:publication:doi:10.1007/978-1-4614-8087-7_12	openalex	exact_work_id	W158935306	requires_openalex_lookup
340	publication_component:citation:publication:doi:10.1007/978-1-4614-9610-6_373-1	openalex	exact_work_id	W2798998641	requires_openalex_lookup
341	publication_component:citation:publication:doi:10.1007/978-1-4939-0835-6_3	pubmed	exact_pmid_efetch	24823769	requires_pubmed_lookup
342	publication_component:citation:publication:doi:10.1007/978-1-4939-1438-8_4	pubmed	exact_pmid_efetch	25388108	requires_pubmed_lookup
343	publication_component:citation:publication:doi:10.1007/978-1-4939-1720-4_17	pubmed	exact_pmid_efetch	25343871	requires_pubmed_lookup
344	publication_component:citation:publication:doi:10.1007/978-1-4939-3079-1_21	pubmed	exact_pmid_efetch	26483033	requires_pubmed_lookup
345	publication_component:citation:publication:doi:10.1007/978-1-4939-6622-6_13	pubmed	exact_pmid_efetch	27896727	requires_pubmed_lookup
346	publication_component:citation:publication:doi:10.1007/978-1-4939-7101-5_373	openalex	exact_work_id	W4301668995	requires_openalex_lookup
347	publication_component:citation:publication:doi:10.1007/978-1-4939-7165-7_20	pubmed	exact_pmid_efetch	28608350	requires_pubmed_lookup
348	publication_component:citation:publication:doi:10.1007/978-1-4939-7249-4_7	pubmed	exact_pmid_efetch	28856642	requires_pubmed_lookup
349	publication_component:citation:publication:doi:10.1007/978-1-4939-7463-4_17	pubmed	exact_pmid_efetch	29277877	requires_pubmed_lookup
350	publication_component:citation:publication:doi:10.1007/978-1-4939-7463-4_5	pubmed	exact_pmid_efetch	29277865	requires_pubmed_lookup
351	publication_component:citation:publication:doi:10.1007/978-1-4939-8678-1_26	pubmed	exact_pmid_efetch	30151591	requires_pubmed_lookup
352	publication_component:citation:publication:doi:10.1007/978-1-4939-9074-0_10	pubmed	exact_pmid_efetch	31278669	requires_pubmed_lookup
353	publication_component:citation:publication:doi:10.1007/978-1-4939-9074-0_12	pubmed	exact_pmid_efetch	31278671	requires_pubmed_lookup
354	publication_component:citation:publication:doi:10.1007/978-1-4939-9074-0_13	pubmed	exact_pmid_efetch	31278672	requires_pubmed_lookup
355	publication_component:citation:publication:doi:10.1007/978-1-4939-9074-0_3	pubmed	exact_pmid_efetch	31278662	requires_pubmed_lookup
356	publication_component:citation:publication:doi:10.1007/978-1-4939-9845-6_6	pubmed	exact_pmid_efetch	31576525	requires_pubmed_lookup
357	publication_component:citation:publication:doi:10.1007/978-1-60327-999-4_20	pubmed	exact_pmid_efetch	19521881	requires_pubmed_lookup
358	publication_component:citation:publication:doi:10.1007/978-1-61779-501-5_33	pubmed	exact_pmid_efetch	22183676	requires_pubmed_lookup
359	publication_component:citation:publication:doi:10.1007/978-1-61779-516-9_24	pubmed	exact_pmid_efetch	22237538	requires_pubmed_lookup
360	publication_component:citation:publication:doi:10.1007/978-1-61779-582-4_4	pubmed	exact_pmid_efetch	22407707	requires_pubmed_lookup
361	publication_component:citation:publication:doi:10.1007/978-1-61779-585-5_5	pubmed	exact_pmid_efetch	22399457	requires_pubmed_lookup
362	publication_component:citation:publication:doi:10.1007/978-1-62703-465-4_7	pubmed	exact_pmid_efetch	23765655	requires_pubmed_lookup
363	publication_component:citation:publication:doi:10.1007/978-3-030-23873-5_8	openalex	exact_work_id	W2954086906	requires_openalex_lookup
364	publication_component:citation:publication:doi:10.1007/978-3-030-42258-5_2	openalex	exact_work_id	W3017282803	requires_openalex_lookup
365	publication_component:citation:publication:doi:10.1007/978-3-030-46012-9_18	openalex	exact_work_id	W3045775374	requires_openalex_lookup
366	publication_component:citation:publication:doi:10.1007/978-3-030-51633-8_12	openalex	exact_work_id	W3093647124	requires_openalex_lookup
367	publication_component:citation:publication:doi:10.1007/978-3-030-60181-2_10	openalex	exact_work_id	W3121436004	requires_openalex_lookup
368	publication_component:citation:publication:doi:10.1007/978-3-030-60181-2_12	openalex	exact_work_id	W3123240947	requires_openalex_lookup
369	publication_component:citation:publication:doi:10.1007/978-3-030-60181-2_13	openalex	exact_work_id	W3122921359	requires_openalex_lookup
370	publication_component:citation:publication:doi:10.1007/978-3-030-60181-2_6	openalex	exact_work_id	W3121776531	requires_openalex_lookup
371	publication_component:citation:publication:doi:10.1007/978-3-030-60181-2_8	openalex	exact_work_id	W3121276191	requires_openalex_lookup
372	publication_component:citation:publication:doi:10.1007/978-3-030-62155-1_12	openalex	exact_work_id	W3164593654	requires_openalex_lookup
373	publication_component:citation:publication:doi:10.1007/978-3-030-83217-9_11	openalex	exact_work_id	W4206285788	requires_openalex_lookup
374	publication_component:citation:publication:doi:10.1007/978-3-030-86688-4_5	openalex	exact_work_id	W4225826677	requires_openalex_lookup
375	publication_component:citation:publication:doi:10.1007/978-3-031-00848-1_9	openalex	exact_work_id	W4312591931	requires_openalex_lookup
376	publication_component:citation:publication:doi:10.1007/978-3-031-20837-9_14	openalex	exact_work_id	W4312545895	requires_openalex_lookup
377	publication_component:citation:publication:doi:10.1007/978-3-031-80209-6_14	openalex	exact_work_id	W4409261184	requires_openalex_lookup
378	publication_component:citation:publication:doi:10.1007/978-3-031-94928-9_19	openalex	exact_work_id	W4413856257	requires_openalex_lookup
379	publication_component:citation:publication:doi:10.1007/978-3-032-24923-4_13	openalex	exact_work_id	W7172410592	requires_openalex_lookup
380	publication_component:citation:publication:doi:10.1007/978-3-319-16483-0_40	openalex	exact_work_id	W2111928042	requires_openalex_lookup
381	publication_component:citation:publication:doi:10.1007/978-3-319-30526-4_33	openalex	exact_work_id	W2617235736	requires_openalex_lookup
382	publication_component:citation:publication:doi:10.1007/978-3-319-34106-4_5	openalex	exact_work_id	W2584860267	requires_openalex_lookup
383	publication_component:citation:publication:doi:10.1007/978-3-319-38782-6_21	openalex	exact_work_id	W2504447014	requires_openalex_lookup
384	publication_component:citation:publication:doi:10.1007/978-3-319-41523-9_9	pubmed	exact_pmid_efetch	27832489	requires_pubmed_lookup
385	publication_component:citation:publication:doi:10.1007/978-3-319-43751-4_4	openalex	exact_work_id	W2582999907	requires_openalex_lookup
386	publication_component:citation:publication:doi:10.1007/978-3-319-60816-7_3	openalex	exact_work_id	W2628552145	requires_openalex_lookup
387	publication_component:citation:publication:doi:10.1007/978-3-540-78993-2_3	openalex	exact_work_id	W2131211314	requires_openalex_lookup
388	publication_component:citation:publication:doi:10.1007/978-3-642-00952-5_13	openalex	exact_work_id	W148173404	requires_openalex_lookup
389	publication_component:citation:publication:doi:10.1007/978-3-642-28839-5_26	openalex	exact_work_id	W78176951	requires_openalex_lookup
390	publication_component:citation:publication:doi:10.1007/978-3-642-31927-3_16	openalex	exact_work_id	W74053542	requires_openalex_lookup
391	publication_component:citation:publication:doi:10.1007/978-94-007-6416-3_27	openalex	exact_work_id	W4235905074	requires_openalex_lookup
392	publication_component:citation:publication:doi:10.1007/978-94-007-6649-5_27-1	openalex	exact_work_id	W74083662	requires_openalex_lookup
393	publication_component:citation:publication:doi:10.1007/978-981-13-8315-1_3	openalex	exact_work_id	W2961875483	requires_openalex_lookup
394	publication_component:citation:publication:doi:10.1007/978-981-15-2445-5_13	openalex	exact_work_id	W3004254010	requires_openalex_lookup
395	publication_component:citation:publication:doi:10.1007/978-981-16-2248-9_17	openalex	exact_work_id	W3199803985	requires_openalex_lookup
396	publication_component:citation:publication:doi:10.1007/978-981-16-3993-7_9	openalex	exact_work_id	W4211061638	requires_openalex_lookup
397	publication_component:citation:publication:doi:10.1007/978-981-16-6005-4_2	openalex	exact_work_id	W4210550224	requires_openalex_lookup
398	publication_component:citation:publication:doi:10.1007/978-981-19-4320-1_24	openalex	exact_work_id	W4297131566	requires_openalex_lookup
399	publication_component:citation:publication:doi:10.1007/978-981-33-6191-1_5	openalex	exact_work_id	W3191140265	requires_openalex_lookup
400	publication_component:citation:publication:doi:10.1007/978-981-99-8048-2_184	openalex	exact_work_id	W4399792770	requires_openalex_lookup
401	publication_component:citation:publication:doi:10.1007/bf00160154	pubmed	exact_pmid_efetch	7932792	requires_pubmed_lookup
402	publication_component:citation:publication:doi:10.1007/bf01732067	pubmed	exact_pmid_efetch	6449605	requires_pubmed_lookup
403	publication_component:citation:publication:doi:10.1007/bf01734359	pubmed	exact_pmid_efetch	7288891	requires_pubmed_lookup
404	publication_component:citation:publication:doi:10.1007/bf02100115	pubmed	exact_pmid_efetch	2509717	requires_pubmed_lookup
405	publication_component:citation:publication:doi:10.1007/bf02101694	pubmed	exact_pmid_efetch	3934395	requires_pubmed_lookup
406	publication_component:citation:publication:doi:10.1007/bf02352289	pubmed	exact_pmid_efetch	8662011	requires_pubmed_lookup
407	publication_component:citation:publication:doi:10.1007/bf02407308	pubmed	exact_pmid_efetch	8433381	requires_pubmed_lookup
408	publication_component:citation:publication:doi:10.1007/bf02498640	pubmed	exact_pmid_efetch	8642615	requires_pubmed_lookup
409	publication_component:citation:publication:doi:10.1007/pl00006320	pubmed	exact_pmid_efetch	9541535	requires_pubmed_lookup
410	publication_component:citation:publication:doi:10.1007/pl00006427	pubmed	exact_pmid_efetch	9847410	requires_pubmed_lookup
411	publication_component:citation:publication:doi:10.1007/s00018-023-04770-3	pubmed	exact_pmid_efetch	37043028	requires_pubmed_lookup
412	publication_component:citation:publication:doi:10.1007/s00040-022-00859-3	openalex	exact_work_id	W4286316703	requires_openalex_lookup
413	publication_component:citation:publication:doi:10.1007/s00109-013-1062-9	pubmed	exact_pmid_efetch	23756768	requires_pubmed_lookup
414	publication_component:citation:publication:doi:10.1007/s00114-008-0446-0	pubmed	exact_pmid_efetch	18791694	requires_pubmed_lookup
415	publication_component:citation:publication:doi:10.1007/s00122-010-1480-9	pubmed	exact_pmid_efetch	21060986	requires_pubmed_lookup
416	publication_component:citation:publication:doi:10.1007/s00122-013-2075-z	pubmed	exact_pmid_efetch	23494394	requires_pubmed_lookup
417	publication_component:citation:publication:doi:10.1007/s00122-014-2354-3	pubmed	exact_pmid_efetch	25056003	requires_pubmed_lookup
418	publication_component:citation:publication:doi:10.1007/s00122-016-2708-0	pubmed	exact_pmid_efetch	27038817	requires_pubmed_lookup
419	publication_component:citation:publication:doi:10.1007/s00122-019-03450-w	pubmed	exact_pmid_efetch	31587087	requires_pubmed_lookup
420	publication_component:citation:publication:doi:10.1007/s00122-022-04066-3	pubmed	exact_pmid_efetch	35249126	requires_pubmed_lookup
421	publication_component:citation:publication:doi:10.1007/s00122-023-04523-7	pubmed	exact_pmid_efetch	38184817	requires_pubmed_lookup
422	publication_component:citation:publication:doi:10.1007/s00203-019-01783-0	pubmed	exact_pmid_efetch	31796989	requires_pubmed_lookup
423	publication_component:citation:publication:doi:10.1007/s00203-023-03686-7	pubmed	exact_pmid_efetch	37805946	requires_pubmed_lookup
424	publication_component:citation:publication:doi:10.1007/s00203-026-04895-6	pubmed	exact_pmid_efetch	41989561	requires_pubmed_lookup
425	publication_component:citation:publication:doi:10.1007/s00203-026-05044-9	pubmed	exact_pmid_efetch	42479271	requires_pubmed_lookup
426	publication_component:citation:publication:doi:10.1007/s00227-010-1492-7	openalex	exact_work_id	W2039052202	requires_openalex_lookup
427	publication_component:citation:publication:doi:10.1007/s00227-013-2250-4	openalex	exact_work_id	W2139936709	requires_openalex_lookup
428	publication_component:citation:publication:doi:10.1007/s00227-014-2515-6	openalex	exact_work_id	W1988438454	requires_openalex_lookup
429	publication_component:citation:publication:doi:10.1007/s00232-010-9225-x	pubmed	exact_pmid_efetch	20146059	requires_pubmed_lookup
430	publication_component:citation:publication:doi:10.1007/s00239-008-9092-6	pubmed	exact_pmid_efetch	18347751	requires_pubmed_lookup
431	publication_component:citation:publication:doi:10.1007/s00239-008-9112-6	pubmed	exact_pmid_efetch	18465165	requires_pubmed_lookup
432	publication_component:citation:publication:doi:10.1007/s00239-008-9143-z	pubmed	exact_pmid_efetch	18696028	requires_pubmed_lookup
433	publication_component:citation:publication:doi:10.1007/s00239-008-9165-6	pubmed	exact_pmid_efetch	18850060	requires_pubmed_lookup
434	publication_component:citation:publication:doi:10.1007/s00239-008-9173-6	pubmed	exact_pmid_efetch	18956133	requires_pubmed_lookup
435	publication_component:citation:publication:doi:10.1007/s00239-008-9175-4	pubmed	exact_pmid_efetch	18941827	requires_pubmed_lookup
436	publication_component:citation:publication:doi:10.1007/s00239-009-9203-z	pubmed	exact_pmid_efetch	19221684	requires_pubmed_lookup
437	publication_component:citation:publication:doi:10.1007/s00239-009-9212-y	pubmed	exact_pmid_efetch	19308635	requires_pubmed_lookup
438	publication_component:citation:publication:doi:10.1007/s00239-009-9219-4	pubmed	exact_pmid_efetch	19330367	requires_pubmed_lookup
439	publication_component:citation:publication:doi:10.1007/s00239-009-9222-9	pubmed	exact_pmid_efetch	19308632	requires_pubmed_lookup
440	publication_component:citation:publication:doi:10.1007/s00239-009-9241-6	pubmed	exact_pmid_efetch	19471989	requires_pubmed_lookup
441	publication_component:citation:publication:doi:10.1007/s00239-009-9272-z	pubmed	exact_pmid_efetch	19693422	requires_pubmed_lookup
442	publication_component:citation:publication:doi:10.1007/s00239-009-9283-9	pubmed	exact_pmid_efetch	19838750	requires_pubmed_lookup
443	publication_component:citation:publication:doi:10.1007/s00239-010-9321-7	pubmed	exact_pmid_efetch	20143226	requires_pubmed_lookup
444	publication_component:citation:publication:doi:10.1007/s00239-010-9331-5	pubmed	exact_pmid_efetch	20217058	requires_pubmed_lookup
445	publication_component:citation:publication:doi:10.1007/s00239-010-9341-3	pubmed	exact_pmid_efetch	20386892	requires_pubmed_lookup
446	publication_component:citation:publication:doi:10.1007/s00239-010-9342-2	pubmed	exact_pmid_efetch	20407892	requires_pubmed_lookup
447	publication_component:citation:publication:doi:10.1007/s00239-010-9344-0	pubmed	exact_pmid_efetch	20437037	requires_pubmed_lookup
448	publication_component:citation:publication:doi:10.1007/s00239-010-9346-y	pubmed	exact_pmid_efetch	20424833	requires_pubmed_lookup
449	publication_component:citation:publication:doi:10.1007/s00239-010-9349-8	pubmed	exact_pmid_efetch	20458474	requires_pubmed_lookup
450	publication_component:citation:publication:doi:10.1007/s00239-010-9357-8	pubmed	exact_pmid_efetch	20563867	requires_pubmed_lookup
451	publication_component:citation:publication:doi:10.1007/s00239-010-9376-5	pubmed	exact_pmid_efetch	20798934	requires_pubmed_lookup
452	publication_component:citation:publication:doi:10.1007/s00239-010-9378-3	pubmed	exact_pmid_efetch	20721545	requires_pubmed_lookup
453	publication_component:citation:publication:doi:10.1007/s00239-010-9383-6	pubmed	exact_pmid_efetch	20838784	requires_pubmed_lookup
454	publication_component:citation:publication:doi:10.1007/s00239-010-9392-5	pubmed	exact_pmid_efetch	20890594	requires_pubmed_lookup
455	publication_component:citation:publication:doi:10.1007/s00239-010-9396-1	pubmed	exact_pmid_efetch	20981416	requires_pubmed_lookup
456	publication_component:citation:publication:doi:10.1007/s00239-010-9415-2	pubmed	exact_pmid_efetch	21132281	requires_pubmed_lookup
457	publication_component:citation:publication:doi:10.1007/s00239-010-9424-1	pubmed	exact_pmid_efetch	21188366	requires_pubmed_lookup
458	publication_component:citation:publication:doi:10.1007/s00239-011-9435-6	pubmed	exact_pmid_efetch	21347850	requires_pubmed_lookup
459	publication_component:citation:publication:doi:10.1007/s00239-011-9448-1	pubmed	exact_pmid_efetch	21626302	requires_pubmed_lookup
460	publication_component:citation:publication:doi:10.1007/s00239-011-9449-0	pubmed	exact_pmid_efetch	21643829	requires_pubmed_lookup
461	publication_component:citation:publication:doi:10.1007/s00239-011-9452-5	pubmed	exact_pmid_efetch	21811860	requires_pubmed_lookup
462	publication_component:citation:publication:doi:10.1007/s00239-011-9464-1	pubmed	exact_pmid_efetch	22037698	requires_pubmed_lookup
463	publication_component:citation:publication:doi:10.1007/s00239-011-9481-0	pubmed	exact_pmid_efetch	22218679	requires_pubmed_lookup
464	publication_component:citation:publication:doi:10.1007/s00239-012-9483-6	pubmed	exact_pmid_efetch	22271349	requires_pubmed_lookup
465	publication_component:citation:publication:doi:10.1007/s00239-012-9487-2	pubmed	exact_pmid_efetch	22354201	requires_pubmed_lookup
466	publication_component:citation:publication:doi:10.1007/s00239-012-9502-7	pubmed	exact_pmid_efetch	22562705	requires_pubmed_lookup
467	publication_component:citation:publication:doi:10.1007/s00239-012-9508-1	pubmed	exact_pmid_efetch	22760646	requires_pubmed_lookup
468	publication_component:citation:publication:doi:10.1007/s00239-012-9516-1	pubmed	exact_pmid_efetch	22922908	requires_pubmed_lookup
469	publication_component:citation:publication:doi:10.1007/s00239-012-9528-x	pubmed	exact_pmid_efetch	23132097	requires_pubmed_lookup
470	publication_component:citation:publication:doi:10.1007/s00239-012-9529-9	pubmed	exact_pmid_efetch	23160567	requires_pubmed_lookup
471	publication_component:citation:publication:doi:10.1007/s00239-012-9530-3	pubmed	exact_pmid_efetch	23344714	requires_pubmed_lookup
472	publication_component:citation:publication:doi:10.1007/s00239-012-9535-y	pubmed	exact_pmid_efetch	23229069	requires_pubmed_lookup
473	publication_component:citation:publication:doi:10.1007/s00239-013-9549-0	pubmed	exact_pmid_efetch	23443835	requires_pubmed_lookup
474	publication_component:citation:publication:doi:10.1007/s00239-013-9550-7	pubmed	exact_pmid_efetch	23503815	requires_pubmed_lookup
475	publication_component:citation:publication:doi:10.1007/s00239-013-9552-5	pubmed	exact_pmid_efetch	23456102	requires_pubmed_lookup
476	publication_component:citation:publication:doi:10.1007/s00239-013-9557-0	pubmed	exact_pmid_efetch	23595859	requires_pubmed_lookup
477	publication_component:citation:publication:doi:10.1007/s00239-013-9561-4	pubmed	exact_pmid_efetch	23636475	requires_pubmed_lookup
478	publication_component:citation:publication:doi:10.1007/s00239-013-9577-9	pubmed	exact_pmid_efetch	23934623	requires_pubmed_lookup
479	publication_component:citation:publication:doi:10.1007/s00239-013-9585-9	pubmed	exact_pmid_efetch	24071998	requires_pubmed_lookup
480	publication_component:citation:publication:doi:10.1007/s00239-013-9589-5	pubmed	exact_pmid_efetch	24145862	requires_pubmed_lookup
481	publication_component:citation:publication:doi:10.1007/s00239-013-9594-8	pubmed	exact_pmid_efetch	24221639	requires_pubmed_lookup
482	publication_component:citation:publication:doi:10.1007/s00239-013-9599-3	pubmed	exact_pmid_efetch	24271947	requires_pubmed_lookup
483	publication_component:citation:publication:doi:10.1007/s00239-013-9600-1	pubmed	exact_pmid_efetch	24258790	requires_pubmed_lookup
484	publication_component:citation:publication:doi:10.1007/s00239-013-9602-z	pubmed	exact_pmid_efetch	24281413	requires_pubmed_lookup
485	publication_component:citation:publication:doi:10.1007/s00239-013-9608-6	pubmed	exact_pmid_efetch	24343641	requires_pubmed_lookup
486	publication_component:citation:publication:doi:10.1007/s00239-013-9609-5	pubmed	exact_pmid_efetch	24370731	requires_pubmed_lookup
487	publication_component:citation:publication:doi:10.1007/s00239-014-9618-z	pubmed	exact_pmid_efetch	24748547	requires_pubmed_lookup
488	publication_component:citation:publication:doi:10.1007/s00239-014-9631-2	pubmed	exact_pmid_efetch	25008552	requires_pubmed_lookup
489	publication_component:citation:publication:doi:10.1007/s00239-014-9649-5	pubmed	exact_pmid_efetch	25249249	requires_pubmed_lookup
490	publication_component:citation:publication:doi:10.1007/s00239-014-9650-z	pubmed	exact_pmid_efetch	25252791	requires_pubmed_lookup
491	publication_component:citation:publication:doi:10.1007/s00239-014-9651-y	pubmed	exact_pmid_efetch	25323991	requires_pubmed_lookup
492	publication_component:citation:publication:doi:10.1007/s00239-014-9654-8	pubmed	exact_pmid_efetch	25399321	requires_pubmed_lookup
493	publication_component:citation:publication:doi:10.1007/s00239-015-9666-z	pubmed	exact_pmid_efetch	25627928	requires_pubmed_lookup
494	publication_component:citation:publication:doi:10.1007/s00239-015-9680-1	pubmed	exact_pmid_efetch	25987354	requires_pubmed_lookup
495	publication_component:citation:publication:doi:10.1007/s00239-015-9696-6	pubmed	exact_pmid_efetch	26345661	requires_pubmed_lookup
496	publication_component:citation:publication:doi:10.1007/s00239-015-9704-x	pubmed	exact_pmid_efetch	26458992	requires_pubmed_lookup
497	publication_component:citation:publication:doi:10.1007/s00239-015-9726-4	pubmed	exact_pmid_efetch	26714486	requires_pubmed_lookup
498	publication_component:citation:publication:doi:10.1007/s00239-016-9731-2	pubmed	exact_pmid_efetch	26920685	requires_pubmed_lookup
499	publication_component:citation:publication:doi:10.1007/s00239-016-9752-x	pubmed	exact_pmid_efetch	27592229	requires_pubmed_lookup
500	publication_component:citation:publication:doi:10.1007/s00239-016-9761-9	pubmed	exact_pmid_efetch	27770175	requires_pubmed_lookup
501	publication_component:citation:publication:doi:10.1007/s00239-016-9765-5	pubmed	exact_pmid_efetch	27913840	requires_pubmed_lookup
502	publication_component:citation:publication:doi:10.1007/s00239-017-9792-x	pubmed	exact_pmid_efetch	28397003	requires_pubmed_lookup
503	publication_component:citation:publication:doi:10.1007/s00239-017-9798-4	pubmed	exact_pmid_efetch	28660301	requires_pubmed_lookup
504	publication_component:citation:publication:doi:10.1007/s00239-017-9806-8	pubmed	exact_pmid_efetch	28795237	requires_pubmed_lookup
505	publication_component:citation:publication:doi:10.1007/s00239-018-9832-1	pubmed	exact_pmid_efetch	29455279	requires_pubmed_lookup
506	publication_component:citation:publication:doi:10.1007/s00239-018-9838-8	pubmed	exact_pmid_efetch	29574604	requires_pubmed_lookup
507	publication_component:citation:publication:doi:10.1007/s00239-018-9851-y	pubmed	exact_pmid_efetch	29934734	requires_pubmed_lookup
508	publication_component:citation:publication:doi:10.1007/s00239-018-9854-8	pubmed	exact_pmid_efetch	29974176	requires_pubmed_lookup
509	publication_component:citation:publication:doi:10.1007/s00239-018-9857-5	pubmed	exact_pmid_efetch	30022295	requires_pubmed_lookup
510	publication_component:citation:publication:doi:10.1007/s00239-018-9870-8	pubmed	exact_pmid_efetch	30327830	requires_pubmed_lookup
511	publication_component:citation:publication:doi:10.1007/s00239-018-9872-6	pubmed	exact_pmid_efetch	30370448	requires_pubmed_lookup
512	publication_component:citation:publication:doi:10.1007/s00239-018-9878-0	pubmed	exact_pmid_efetch	30456442	requires_pubmed_lookup
513	publication_component:citation:publication:doi:10.1007/s00239-019-09910-7	pubmed	exact_pmid_efetch	31506780	requires_pubmed_lookup
514	publication_component:citation:publication:doi:10.1007/s00239-019-09916-1	pubmed	exact_pmid_efetch	31701178	requires_pubmed_lookup
515	publication_component:citation:publication:doi:10.1007/s00239-020-09952-2	pubmed	exact_pmid_efetch	32458105	requires_pubmed_lookup
516	publication_component:citation:publication:doi:10.1007/s00239-020-09964-y	pubmed	exact_pmid_efetch	32930811	requires_pubmed_lookup
517	publication_component:citation:publication:doi:10.1007/s00239-020-09991-9	pubmed	exact_pmid_efetch	33486551	requires_pubmed_lookup
518	publication_component:citation:publication:doi:10.1007/s00239-021-10012-6	pubmed	exact_pmid_efetch	34097121	requires_pubmed_lookup
519	publication_component:citation:publication:doi:10.1007/s00239-021-10017-1	pubmed	exact_pmid_efetch	34287664	requires_pubmed_lookup
520	publication_component:citation:publication:doi:10.1007/s00239-021-10020-6	pubmed	exact_pmid_efetch	34297154	requires_pubmed_lookup
521	publication_component:citation:publication:doi:10.1007/s00239-021-10024-2	pubmed	exact_pmid_efetch	34341836	requires_pubmed_lookup
522	publication_component:citation:publication:doi:10.1007/s00239-021-10028-y	pubmed	exact_pmid_efetch	34436628	requires_pubmed_lookup
523	publication_component:citation:publication:doi:10.1007/s00239-021-10037-x	pubmed	exact_pmid_efetch	34807291	requires_pubmed_lookup
524	publication_component:citation:publication:doi:10.1007/s00239-022-10052-6	pubmed	exact_pmid_efetch	35262772	requires_pubmed_lookup
525	publication_component:citation:publication:doi:10.1007/s00239-022-10058-0	pubmed	exact_pmid_efetch	35652926	requires_pubmed_lookup
526	publication_component:citation:publication:doi:10.1007/s00239-022-10064-2	pubmed	exact_pmid_efetch	35920867	requires_pubmed_lookup
527	publication_component:citation:publication:doi:10.1007/s00239-022-10090-0	pubmed	exact_pmid_efetch	36651965	requires_pubmed_lookup
528	publication_component:citation:publication:doi:10.1007/s00239-023-10112-5	pubmed	exact_pmid_efetch	37149832	requires_pubmed_lookup
529	publication_component:citation:publication:doi:10.1007/s00239-023-10133-0	pubmed	exact_pmid_efetch	37787841	requires_pubmed_lookup
530	publication_component:citation:publication:doi:10.1007/s00239-023-10150-z	pubmed	exact_pmid_efetch	38158403	requires_pubmed_lookup
531	publication_component:citation:publication:doi:10.1007/s00239-023-10152-x	pubmed	exact_pmid_efetch	38280051	requires_pubmed_lookup
532	publication_component:citation:publication:doi:10.1007/s00239-024-10156-1	pubmed	exact_pmid_efetch	38416218	requires_pubmed_lookup
533	publication_component:citation:publication:doi:10.1007/s00239-024-10177-w	pubmed	exact_pmid_efetch	38844681	requires_pubmed_lookup
534	publication_component:citation:publication:doi:10.1007/s00239-024-10181-0	pubmed	exact_pmid_efetch	38861038	requires_pubmed_lookup
535	publication_component:citation:publication:doi:10.1007/s00239-024-10192-x	pubmed	exact_pmid_efetch	39264464	requires_pubmed_lookup
536	publication_component:citation:publication:doi:10.1007/s00239-024-10217-5	pubmed	exact_pmid_efetch	39581917	requires_pubmed_lookup
537	publication_component:citation:publication:doi:10.1007/s00239-024-10222-8	pubmed	exact_pmid_efetch	39681652	requires_pubmed_lookup
538	publication_component:citation:publication:doi:10.1007/s00239-025-10235-x	pubmed	exact_pmid_efetch	39907741	requires_pubmed_lookup
539	publication_component:citation:publication:doi:10.1007/s00239-025-10242-y	pubmed	exact_pmid_efetch	40202594	requires_pubmed_lookup
540	publication_component:citation:publication:doi:10.1007/s00239-025-10258-4	pubmed	exact_pmid_efetch	40773061	requires_pubmed_lookup
541	publication_component:citation:publication:doi:10.1007/s00239-025-10265-5	pubmed	exact_pmid_efetch	40866671	requires_pubmed_lookup
542	publication_component:citation:publication:doi:10.1007/s00239-025-10270-8	pubmed	exact_pmid_efetch	40968322	requires_pubmed_lookup
543	publication_component:citation:publication:doi:10.1007/s00239-025-10273-5	pubmed	exact_pmid_efetch	41023181	requires_pubmed_lookup
544	publication_component:citation:publication:doi:10.1007/s00239-025-10292-2	pubmed	exact_pmid_efetch	41351664	requires_pubmed_lookup
545	publication_component:citation:publication:doi:10.1007/s00239-026-10312-9	pubmed	exact_pmid_efetch	41902871	requires_pubmed_lookup
546	publication_component:citation:publication:doi:10.1007/s00239-026-10325-4	pubmed	exact_pmid_efetch	42329369	requires_pubmed_lookup
547	publication_component:citation:publication:doi:10.1007/s00239-026-10333-4	pubmed	exact_pmid_efetch	42435049	requires_pubmed_lookup
548	publication_component:citation:publication:doi:10.1007/s00239-026-10342-3	pubmed	exact_pmid_efetch	42747500	requires_pubmed_lookup
549	publication_component:citation:publication:doi:10.1007/s00239-026-10350-3	openalex	exact_work_id	W7214064833	requires_openalex_lookup
550	publication_component:citation:publication:doi:10.1007/s002399910038	pubmed	exact_pmid_efetch	10795826	requires_pubmed_lookup
551	publication_component:citation:publication:doi:10.1007/s00248-012-0033-y	pubmed	exact_pmid_efetch	22419104	requires_pubmed_lookup
552	publication_component:citation:publication:doi:10.1007/s00249-021-01500-0	pubmed	exact_pmid_efetch	33569610	requires_pubmed_lookup
553	publication_component:citation:publication:doi:10.1007/s00251-008-0298-y	pubmed	exact_pmid_efetch	18488213	requires_pubmed_lookup
554	publication_component:citation:publication:doi:10.1007/s00251-008-0349-4	pubmed	exact_pmid_efetch	19104797	requires_pubmed_lookup
555	publication_component:citation:publication:doi:10.1007/s00251-009-0398-3	pubmed	exact_pmid_efetch	19851764	requires_pubmed_lookup
556	publication_component:citation:publication:doi:10.1007/s00251-010-0440-5	pubmed	exact_pmid_efetch	20372886	requires_pubmed_lookup
557	publication_component:citation:publication:doi:10.1007/s00251-010-0456-x	pubmed	exact_pmid_efetch	20521040	requires_pubmed_lookup
558	publication_component:citation:publication:doi:10.1007/s00251-010-0475-7	pubmed	exact_pmid_efetch	20821315	requires_pubmed_lookup
559	publication_component:citation:publication:doi:10.1007/s00251-010-0495-3	pubmed	exact_pmid_efetch	21104410	requires_pubmed_lookup
560	publication_component:citation:publication:doi:10.1007/s00251-011-0519-7	pubmed	exact_pmid_efetch	21390552	requires_pubmed_lookup
561	publication_component:citation:publication:doi:10.1007/s00251-011-0534-8	pubmed	exact_pmid_efetch	21607694	requires_pubmed_lookup
562	publication_component:citation:publication:doi:10.1007/s00251-011-0556-2	pubmed	exact_pmid_efetch	21744114	requires_pubmed_lookup
563	publication_component:citation:publication:doi:10.1007/s00251-011-0578-9	pubmed	exact_pmid_efetch	22038175	requires_pubmed_lookup
564	publication_component:citation:publication:doi:10.1007/s00251-012-0608-2	pubmed	exact_pmid_efetch	22395823	requires_pubmed_lookup
565	publication_component:citation:publication:doi:10.1007/s00251-012-0609-1	pubmed	exact_pmid_efetch	22426641	requires_pubmed_lookup
566	publication_component:citation:publication:doi:10.1007/s00251-012-0664-7	pubmed	exact_pmid_efetch	23179555	requires_pubmed_lookup
567	publication_component:citation:publication:doi:10.1007/s00251-012-0669-2	pubmed	exact_pmid_efetch	23239370	requires_pubmed_lookup
568	publication_component:citation:publication:doi:10.1007/s00251-012-0676-3	pubmed	exact_pmid_efetch	23358931	requires_pubmed_lookup
569	publication_component:citation:publication:doi:10.1007/s00251-013-0708-7	pubmed	exact_pmid_efetch	23686447	requires_pubmed_lookup
570	publication_component:citation:publication:doi:10.1007/s00251-013-0740-7	pubmed	exact_pmid_efetch	24220721	requires_pubmed_lookup
571	publication_component:citation:publication:doi:10.1007/s00251-014-0771-8	pubmed	exact_pmid_efetch	24752816	requires_pubmed_lookup
572	publication_component:citation:publication:doi:10.1007/s00251-014-0800-7	pubmed	exact_pmid_efetch	25186067	requires_pubmed_lookup
573	publication_component:citation:publication:doi:10.1007/s00251-015-0827-4	pubmed	exact_pmid_efetch	25687337	requires_pubmed_lookup
574	publication_component:citation:publication:doi:10.1007/s00251-015-0897-3	pubmed	exact_pmid_efetch	26782049	requires_pubmed_lookup
575	publication_component:citation:publication:doi:10.1007/s00251-016-0937-7	pubmed	exact_pmid_efetch	27461477	requires_pubmed_lookup
576	publication_component:citation:publication:doi:10.1007/s00251-016-0940-z	pubmed	exact_pmid_efetch	27502317	requires_pubmed_lookup
577	publication_component:citation:publication:doi:10.1007/s00251-016-0947-5	pubmed	exact_pmid_efetch	27517292	requires_pubmed_lookup
578	publication_component:citation:publication:doi:10.1007/s00251-016-0953-7	pubmed	exact_pmid_efetch	27717988	requires_pubmed_lookup
579	publication_component:citation:publication:doi:10.1007/s00251-017-1051-1	pubmed	exact_pmid_efetch	29387920	requires_pubmed_lookup
580	publication_component:citation:publication:doi:10.1007/s00251-018-1071-5	pubmed	exact_pmid_efetch	29998404	requires_pubmed_lookup
581	publication_component:citation:publication:doi:10.1007/s00251-019-01109-w	pubmed	exact_pmid_efetch	30796497	requires_pubmed_lookup
582	publication_component:citation:publication:doi:10.1007/s00251-019-01110-3	pubmed	exact_pmid_efetch	30874861	requires_pubmed_lookup
583	publication_component:citation:publication:doi:10.1007/s00251-019-01128-7	pubmed	exact_pmid_efetch	31520134	requires_pubmed_lookup
584	publication_component:citation:publication:doi:10.1007/s00251-019-01130-z	pubmed	exact_pmid_efetch	31506710	requires_pubmed_lookup
585	publication_component:citation:publication:doi:10.1007/s00251-020-01156-8	pubmed	exact_pmid_efetch	31996941	requires_pubmed_lookup
586	publication_component:citation:publication:doi:10.1007/s00251-022-01287-0	pubmed	exact_pmid_efetch	36512055	requires_pubmed_lookup
587	publication_component:citation:publication:doi:10.1007/s00251-023-01323-7	pubmed	exact_pmid_efetch	37853246	requires_pubmed_lookup
588	publication_component:citation:publication:doi:10.1007/s00251-024-01357-5	pubmed	exact_pmid_efetch	39400711	requires_pubmed_lookup
589	publication_component:citation:publication:doi:10.1007/s00251-024-01367-3	pubmed	exact_pmid_efetch	39776231	requires_pubmed_lookup
590	publication_component:citation:publication:doi:10.1007/s00251-026-01405-2	pubmed	exact_pmid_efetch	42310224	requires_pubmed_lookup
591	publication_component:citation:publication:doi:10.1007/s00253-018-9354-1	pubmed	exact_pmid_efetch	30293194	requires_pubmed_lookup
592	publication_component:citation:publication:doi:10.1007/s00253-021-11659-3	pubmed	exact_pmid_efetch	34716462	requires_pubmed_lookup
593	publication_component:citation:publication:doi:10.1007/s00265-020-2822-5	openalex	exact_work_id	W3011739671	requires_openalex_lookup
594	publication_component:citation:publication:doi:10.1007/s00284-012-0258-5	pubmed	exact_pmid_efetch	23138177	requires_pubmed_lookup
595	publication_component:citation:publication:doi:10.1007/s00284-025-04164-7	pubmed	exact_pmid_efetch	40057921	requires_pubmed_lookup
596	publication_component:citation:publication:doi:10.1007/s00284-025-04403-x	pubmed	exact_pmid_efetch	40728555	requires_pubmed_lookup
597	publication_component:citation:publication:doi:10.1007/s00294-022-01245-z	pubmed	exact_pmid_efetch	35763098	requires_pubmed_lookup
598	publication_component:citation:publication:doi:10.1007/s00294-022-01252-0	pubmed	exact_pmid_efetch	36098767	requires_pubmed_lookup
599	publication_component:citation:publication:doi:10.1007/s00299-020-02532-0	pubmed	exact_pmid_efetch	32221666	requires_pubmed_lookup
600	publication_component:citation:publication:doi:10.1007/s00299-020-02554-8	pubmed	exact_pmid_efetch	32435866	requires_pubmed_lookup
601	publication_component:citation:publication:doi:10.1007/s00299-025-03439-4	pubmed	exact_pmid_efetch	39907812	requires_pubmed_lookup
602	publication_component:citation:publication:doi:10.1007/s00299-026-03893-8	pubmed	exact_pmid_efetch	42401757	requires_pubmed_lookup
603	publication_component:citation:publication:doi:10.1007/s00300-014-1450-9	openalex	exact_work_id	W2081175982	requires_openalex_lookup
604	publication_component:citation:publication:doi:10.1007/s00300-017-2164-6	pubmed	exact_pmid_efetch	29430077	requires_pubmed_lookup
605	publication_component:citation:publication:doi:10.1007/s00300-019-02466-8	openalex	exact_work_id	W2921569834	requires_openalex_lookup
606	publication_component:citation:publication:doi:10.1007/s00335-010-9263-9	pubmed	exact_pmid_efetch	20495808	requires_pubmed_lookup
607	publication_component:citation:publication:doi:10.1007/s00335-012-9392-4	pubmed	exact_pmid_efetch	22290452	requires_pubmed_lookup
608	publication_component:citation:publication:doi:10.1007/s00335-015-9605-8	pubmed	exact_pmid_efetch	26424469	requires_pubmed_lookup
609	publication_component:citation:publication:doi:10.1007/s00335-016-9654-7	pubmed	exact_pmid_efetch	27376725	requires_pubmed_lookup
610	publication_component:citation:publication:doi:10.1007/s00335-017-9713-8	pubmed	exact_pmid_efetch	28836096	requires_pubmed_lookup
611	publication_component:citation:publication:doi:10.1007/s00343-020-0241-0	openalex	exact_work_id	W3135166823	requires_openalex_lookup
612	publication_component:citation:publication:doi:10.1007/s00343-020-0266-4	openalex	exact_work_id	W3171432767	requires_openalex_lookup
613	publication_component:citation:publication:doi:10.1007/s00343-020-0332-y	openalex	exact_work_id	W3163325991	requires_openalex_lookup
614	publication_component:citation:publication:doi:10.1007/s00343-023-2314-3	openalex	exact_work_id	W4387478392	requires_openalex_lookup
615	publication_component:citation:publication:doi:10.1007/s00343-023-3106-5	openalex	exact_work_id	W4392516132	requires_openalex_lookup
616	publication_component:citation:publication:doi:10.1007/s00343-026-5391-2	openalex	exact_work_id	W7162770886	requires_openalex_lookup
617	publication_component:citation:publication:doi:10.1007/s00359-022-01583-w	pubmed	exact_pmid_efetch	36242627	requires_pubmed_lookup
618	publication_component:citation:publication:doi:10.1007/s00412-014-0457-x	pubmed	exact_pmid_efetch	24699836	requires_pubmed_lookup
619	publication_component:citation:publication:doi:10.1007/s00412-016-0579-4	pubmed	exact_pmid_efetch	26892014	requires_pubmed_lookup
620	publication_component:citation:publication:doi:10.1007/s00425-008-0851-9	pubmed	exact_pmid_efetch	19005675	requires_pubmed_lookup
621	publication_component:citation:publication:doi:10.1007/s00425-010-1218-6	pubmed	exact_pmid_efetch	20645107	requires_pubmed_lookup
622	publication_component:citation:publication:doi:10.1007/s00425-012-1684-0	pubmed	exact_pmid_efetch	22711285	requires_pubmed_lookup
623	publication_component:citation:publication:doi:10.1007/s00425-015-2293-5	pubmed	exact_pmid_efetch	25916309	requires_pubmed_lookup
624	publication_component:citation:publication:doi:10.1007/s00425-016-2481-y	pubmed	exact_pmid_efetch	26979323	requires_pubmed_lookup
625	publication_component:citation:publication:doi:10.1007/s00425-017-2781-x	pubmed	exact_pmid_efetch	28956160	requires_pubmed_lookup
626	publication_component:citation:publication:doi:10.1007/s00425-018-3028-1	pubmed	exact_pmid_efetch	30341489	requires_pubmed_lookup
627	publication_component:citation:publication:doi:10.1007/s00425-019-03275-3	pubmed	exact_pmid_efetch	31523779	requires_pubmed_lookup
628	publication_component:citation:publication:doi:10.1007/s00425-019-03285-1	pubmed	exact_pmid_efetch	31584118	requires_pubmed_lookup
629	publication_component:citation:publication:doi:10.1007/s00425-020-03337-x	pubmed	exact_pmid_efetch	31915928	requires_pubmed_lookup
630	publication_component:citation:publication:doi:10.1007/s00425-020-03434-x	pubmed	exact_pmid_efetch	32720160	requires_pubmed_lookup
631	publication_component:citation:publication:doi:10.1007/s00425-020-03498-9	pubmed	exact_pmid_efetch	33098500	requires_pubmed_lookup
632	publication_component:citation:publication:doi:10.1007/s00425-021-03684-3	pubmed	exact_pmid_efetch	34302538	requires_pubmed_lookup
633	publication_component:citation:publication:doi:10.1007/s00425-021-03690-5	pubmed	exact_pmid_efetch	34357508	requires_pubmed_lookup
634	publication_component:citation:publication:doi:10.1007/s00425-022-04026-7	pubmed	exact_pmid_efetch	36350413	requires_pubmed_lookup
635	publication_component:citation:publication:doi:10.1007/s00425-022-04031-w	pubmed	exact_pmid_efetch	36376499	requires_pubmed_lookup
636	publication_component:citation:publication:doi:10.1007/s00425-023-04103-5	pubmed	exact_pmid_efetch	36853424	requires_pubmed_lookup
637	publication_component:citation:publication:doi:10.1007/s00425-023-04190-4	pubmed	exact_pmid_efetch	37358820	requires_pubmed_lookup
638	publication_component:citation:publication:doi:10.1007/s00425-023-04245-6	pubmed	exact_pmid_efetch	37831319	requires_pubmed_lookup
639	publication_component:citation:publication:doi:10.1007/s00425-023-04316-8	pubmed	exact_pmid_efetch	38281265	requires_pubmed_lookup
640	publication_component:citation:publication:doi:10.1007/s00425-024-04442-x	pubmed	exact_pmid_efetch	38775846	requires_pubmed_lookup
641	publication_component:citation:publication:doi:10.1007/s00425-024-04553-5	pubmed	exact_pmid_efetch	39438351	requires_pubmed_lookup
642	publication_component:citation:publication:doi:10.1007/s00425-026-04986-0	pubmed	exact_pmid_efetch	41995882	requires_pubmed_lookup
643	publication_component:citation:publication:doi:10.1007/s00425-026-05153-1	pubmed	exact_pmid_efetch	42754670	requires_pubmed_lookup
644	publication_component:citation:publication:doi:10.1007/s00427-010-0341-5	pubmed	exact_pmid_efetch	21086136	requires_pubmed_lookup
645	publication_component:citation:publication:doi:10.1007/s00427-013-0463-7	pubmed	exact_pmid_efetch	24407548	requires_pubmed_lookup
646	publication_component:citation:publication:doi:10.1007/s00427-015-0489-0	pubmed	exact_pmid_efetch	25608978	requires_pubmed_lookup
647	publication_component:citation:publication:doi:10.1007/s00427-015-0506-3	pubmed	exact_pmid_efetch	26115849	requires_pubmed_lookup
648	publication_component:citation:publication:doi:10.1007/s00427-017-0594-3	pubmed	exact_pmid_efetch	28894941	requires_pubmed_lookup
649	publication_component:citation:publication:doi:10.1007/s00427-022-00694-3	pubmed	exact_pmid_efetch	35939093	requires_pubmed_lookup
650	publication_component:citation:publication:doi:10.1007/s00436-011-2364-x	pubmed	exact_pmid_efetch	21494844	requires_pubmed_lookup
651	publication_component:citation:publication:doi:10.1007/s00436-015-4358-6	pubmed	exact_pmid_efetch	25673078	requires_pubmed_lookup
652	publication_component:citation:publication:doi:10.1007/s00436-020-06902-1	pubmed	exact_pmid_efetch	33009946	requires_pubmed_lookup
653	publication_component:citation:publication:doi:10.1007/s00436-023-07838-y	pubmed	exact_pmid_efetch	37081209	requires_pubmed_lookup
654	publication_component:citation:publication:doi:10.1007/s00438-009-0425-y	pubmed	exact_pmid_efetch	19184107	requires_pubmed_lookup
655	publication_component:citation:publication:doi:10.1007/s00438-009-0492-0	pubmed	exact_pmid_efetch	19838736	requires_pubmed_lookup
656	publication_component:citation:publication:doi:10.1007/s00438-009-0504-0	pubmed	exact_pmid_efetch	20024583	requires_pubmed_lookup
657	publication_component:citation:publication:doi:10.1007/s00438-012-0718-4	pubmed	exact_pmid_efetch	22915303	requires_pubmed_lookup
658	publication_component:citation:publication:doi:10.1007/s00438-013-0786-0	pubmed	exact_pmid_efetch	24202550	requires_pubmed_lookup
659	publication_component:citation:publication:doi:10.1007/s00438-013-0802-4	pubmed	exact_pmid_efetch	24368683	requires_pubmed_lookup
660	publication_component:citation:publication:doi:10.1007/s00438-014-0904-7	pubmed	exact_pmid_efetch	25190108	requires_pubmed_lookup
661	publication_component:citation:publication:doi:10.1007/s00438-014-0943-0	pubmed	exact_pmid_efetch	25362560	requires_pubmed_lookup
662	publication_component:citation:publication:doi:10.1007/s00438-014-0951-0	pubmed	exact_pmid_efetch	25407289	requires_pubmed_lookup
663	publication_component:citation:publication:doi:10.1007/s00438-014-0969-3	pubmed	exact_pmid_efetch	25501309	requires_pubmed_lookup
664	publication_component:citation:publication:doi:10.1007/s00438-015-1028-4	pubmed	exact_pmid_efetch	25842177	requires_pubmed_lookup
665	publication_component:citation:publication:doi:10.1007/s00438-015-1122-7	pubmed	exact_pmid_efetch	26453258	requires_pubmed_lookup
666	publication_component:citation:publication:doi:10.1007/s00438-015-1140-5	pubmed	exact_pmid_efetch	26561303	requires_pubmed_lookup
667	publication_component:citation:publication:doi:10.1007/s00438-018-1473-y	pubmed	exact_pmid_efetch	30022352	requires_pubmed_lookup
668	publication_component:citation:publication:doi:10.1007/s00438-018-1490-x	pubmed	exact_pmid_efetch	30238319	requires_pubmed_lookup
669	publication_component:citation:publication:doi:10.1007/s00438-019-01541-3	pubmed	exact_pmid_efetch	30834967	requires_pubmed_lookup
670	publication_component:citation:publication:doi:10.1007/s00438-019-01546-y	pubmed	exact_pmid_efetch	30923942	requires_pubmed_lookup
671	publication_component:citation:publication:doi:10.1007/s00438-019-01562-y	pubmed	exact_pmid_efetch	30976906	requires_pubmed_lookup
672	publication_component:citation:publication:doi:10.1007/s00438-019-01574-8	pubmed	exact_pmid_efetch	31076861	requires_pubmed_lookup
673	publication_component:citation:publication:doi:10.1007/s00438-019-01601-8	pubmed	exact_pmid_efetch	31414227	requires_pubmed_lookup
674	publication_component:citation:publication:doi:10.1007/s00438-020-01698-2	pubmed	exact_pmid_efetch	32564135	requires_pubmed_lookup
675	publication_component:citation:publication:doi:10.1007/s00438-021-01828-4	pubmed	exact_pmid_efetch	35013854	requires_pubmed_lookup
676	publication_component:citation:publication:doi:10.1007/s00438-025-02270-6	pubmed	exact_pmid_efetch	40550981	requires_pubmed_lookup
677	publication_component:citation:publication:doi:10.1007/s00439-008-0591-8	pubmed	exact_pmid_efetch	19011902	requires_pubmed_lookup
678	publication_component:citation:publication:doi:10.1007/s00439-016-1748-5	pubmed	exact_pmid_efetch	27878434	requires_pubmed_lookup
679	publication_component:citation:publication:doi:10.1007/s00439-022-02435-y	pubmed	exact_pmid_efetch	35122525	requires_pubmed_lookup
680	publication_component:citation:publication:doi:10.1007/s00439-026-02836-3	pubmed	exact_pmid_efetch	42175999	requires_pubmed_lookup
681	publication_component:citation:publication:doi:10.1007/s00497-023-00482-7	pubmed	exact_pmid_efetch	37823912	requires_pubmed_lookup
682	publication_component:citation:publication:doi:10.1007/s00606-011-0513-4	openalex	exact_work_id	W2007009319	requires_openalex_lookup
683	publication_component:citation:publication:doi:10.1007/s00606-016-1353-z	openalex	exact_work_id	W2523650853	requires_openalex_lookup
684	publication_component:citation:publication:doi:10.1007/s00606-017-1472-1	openalex	exact_work_id	W2769336740	requires_openalex_lookup
685	publication_component:citation:publication:doi:10.1007/s00606-020-01700-9	openalex	exact_work_id	W3042263642	requires_openalex_lookup
686	publication_component:citation:publication:doi:10.1007/s00606-021-01750-7	openalex	exact_work_id	W3139383725	requires_openalex_lookup
687	publication_component:citation:publication:doi:10.1007/s00606-021-01769-w	openalex	exact_work_id	W3174563045	requires_openalex_lookup
688	publication_component:citation:publication:doi:10.1007/s00606-023-01847-1	openalex	exact_work_id	W4362666167	requires_openalex_lookup
689	publication_component:citation:publication:doi:10.1007/s00606-023-01868-w	openalex	exact_work_id	W4385878922	requires_openalex_lookup
690	publication_component:citation:publication:doi:10.1007/s00606-026-02000-4	openalex	exact_work_id	W4417158257	requires_openalex_lookup
691	publication_component:citation:publication:doi:10.1007/s00705-008-0301-9	pubmed	exact_pmid_efetch	19184340	requires_pubmed_lookup
692	publication_component:citation:publication:doi:10.1007/s00705-012-1234-x	pubmed	exact_pmid_efetch	22289963	requires_pubmed_lookup
693	publication_component:citation:publication:doi:10.1007/s00705-012-1297-8	pubmed	exact_pmid_efetch	22481599	requires_pubmed_lookup
694	publication_component:citation:publication:doi:10.1007/s00705-012-1393-9	pubmed	exact_pmid_efetch	22777179	requires_pubmed_lookup
695	publication_component:citation:publication:doi:10.1007/s00705-013-1910-5	pubmed	exact_pmid_efetch	24343265	requires_pubmed_lookup
696	publication_component:citation:publication:doi:10.1007/s00705-015-2381-7	pubmed	exact_pmid_efetch	25753427	requires_pubmed_lookup
697	publication_component:citation:publication:doi:10.1007/s00705-015-2729-z	pubmed	exact_pmid_efetch	26758729	requires_pubmed_lookup
698	publication_component:citation:publication:doi:10.1007/s00705-016-2761-7	pubmed	exact_pmid_efetch	26831930	requires_pubmed_lookup
699	publication_component:citation:publication:doi:10.1007/s00705-017-3398-x	pubmed	exact_pmid_efetch	28478578	requires_pubmed_lookup
700	publication_component:citation:publication:doi:10.1007/s00705-019-04342-6	pubmed	exact_pmid_efetch	31286220	requires_pubmed_lookup
701	publication_component:citation:publication:doi:10.1007/s00705-019-04430-7	pubmed	exact_pmid_efetch	31598845	requires_pubmed_lookup
702	publication_component:citation:publication:doi:10.1007/s00705-021-05052-8	pubmed	exact_pmid_efetch	33796884	requires_pubmed_lookup
703	publication_component:citation:publication:doi:10.1007/s00705-023-05894-4	pubmed	exact_pmid_efetch	37804367	requires_pubmed_lookup
704	publication_component:citation:publication:doi:10.1007/s00705-023-05904-5	pubmed	exact_pmid_efetch	37864757	requires_pubmed_lookup
705	publication_component:citation:publication:doi:10.1007/s00705-025-06366-7	pubmed	exact_pmid_efetch	40637789	requires_pubmed_lookup
706	publication_component:citation:publication:doi:10.1007/s00792-016-0866-2	pubmed	exact_pmid_efetch	27457081	requires_pubmed_lookup
707	publication_component:citation:publication:doi:10.1007/s00792-020-01205-w	pubmed	exact_pmid_efetch	33030592	requires_pubmed_lookup
708	publication_component:citation:publication:doi:10.1007/s00792-023-01327-x	pubmed	exact_pmid_efetch	38190047	requires_pubmed_lookup
709	publication_component:citation:publication:doi:10.1007/s00792-025-01401-6	pubmed	exact_pmid_efetch	41128767	requires_pubmed_lookup
710	publication_component:citation:publication:doi:10.1007/s10096-015-2534-3	pubmed	exact_pmid_efetch	26634353	requires_pubmed_lookup
711	publication_component:citation:publication:doi:10.1007/s10096-025-05254-x	pubmed	exact_pmid_efetch	41003978	requires_pubmed_lookup
712	publication_component:citation:publication:doi:10.1007/s10123-023-00374-w	pubmed	exact_pmid_efetch	37202587	requires_pubmed_lookup
713	publication_component:citation:publication:doi:10.1007/s10126-020-09946-7	pubmed	exact_pmid_efetch	32030579	requires_pubmed_lookup
714	publication_component:citation:publication:doi:10.1007/s10126-020-10003-6	pubmed	exact_pmid_efetch	33029658	requires_pubmed_lookup
715	publication_component:citation:publication:doi:10.1007/s10126-025-10419-y	pubmed	exact_pmid_efetch	39878786	requires_pubmed_lookup
716	publication_component:citation:publication:doi:10.1007/s10126-025-10517-x	pubmed	exact_pmid_efetch	41026233	requires_pubmed_lookup
717	publication_component:citation:publication:doi:10.1007/s10142-012-0278-z	pubmed	exact_pmid_efetch	22527487	requires_pubmed_lookup
718	publication_component:citation:publication:doi:10.1007/s10142-012-0283-2	pubmed	exact_pmid_efetch	22592657	requires_pubmed_lookup
719	publication_component:citation:publication:doi:10.1007/s10142-014-0397-9	pubmed	exact_pmid_efetch	25239559	requires_pubmed_lookup
720	publication_component:citation:publication:doi:10.1007/s10142-016-0503-2	pubmed	exact_pmid_efetch	27632199	requires_pubmed_lookup
721	publication_component:citation:publication:doi:10.1007/s10142-018-0649-1	pubmed	exact_pmid_efetch	30618014	requires_pubmed_lookup
722	publication_component:citation:publication:doi:10.1007/s10142-019-00715-x	pubmed	exact_pmid_efetch	31654228	requires_pubmed_lookup
723	publication_component:citation:publication:doi:10.1007/s10142-020-00740-1	pubmed	exact_pmid_efetch	32377887	requires_pubmed_lookup
724	publication_component:citation:publication:doi:10.1007/s10142-023-01094-0	pubmed	exact_pmid_efetch	37178396	requires_pubmed_lookup
725	publication_component:citation:publication:doi:10.1007/s10142-023-01121-0	pubmed	exact_pmid_efetch	37256437	requires_pubmed_lookup
726	publication_component:citation:publication:doi:10.1007/s10142-023-01127-8	pubmed	exact_pmid_efetch	37335429	requires_pubmed_lookup
727	publication_component:citation:publication:doi:10.1007/s10228-014-0408-9	openalex	exact_work_id	W1988269759	requires_openalex_lookup
728	publication_component:citation:publication:doi:10.1007/s10265-009-0261-5	pubmed	exact_pmid_efetch	19943076	requires_pubmed_lookup
729	publication_component:citation:publication:doi:10.1007/s10265-024-01547-y	pubmed	exact_pmid_efetch	38739241	requires_pubmed_lookup
730	publication_component:citation:publication:doi:10.1007/s10265-024-01585-6	pubmed	exact_pmid_efetch	39373803	requires_pubmed_lookup
731	publication_component:citation:publication:doi:10.1007/s10329-016-0544-0	pubmed	exact_pmid_efetch	27209173	requires_pubmed_lookup
732	publication_component:citation:publication:doi:10.1007/s10340-019-01172-y	openalex	exact_work_id	W2988554257	requires_openalex_lookup
733	publication_component:citation:publication:doi:10.1007/s10340-025-01913-2	openalex	exact_work_id	W4410370924	requires_openalex_lookup
734	publication_component:citation:publication:doi:10.1007/s10463-009-0259-8	openalex	exact_work_id	W2005166585	requires_openalex_lookup
735	publication_component:citation:publication:doi:10.1007/s10482-020-01512-4	pubmed	exact_pmid_efetch	33534061	requires_pubmed_lookup
736	publication_component:citation:publication:doi:10.1007/s10493-026-01151-w	pubmed	exact_pmid_efetch	42340496	requires_pubmed_lookup
737	publication_component:citation:publication:doi:10.1007/s10499-025-02074-w	openalex	exact_work_id	W4411111966	requires_openalex_lookup
738	publication_component:citation:publication:doi:10.1007/s10528-008-9218-y	pubmed	exact_pmid_efetch	19242789	requires_pubmed_lookup
739	publication_component:citation:publication:doi:10.1007/s10528-009-9313-8	pubmed	exact_pmid_efetch	19967442	requires_pubmed_lookup
740	publication_component:citation:publication:doi:10.1007/s10528-010-9365-9	pubmed	exact_pmid_efetch	20628805	requires_pubmed_lookup
741	publication_component:citation:publication:doi:10.1007/s10528-010-9414-4	pubmed	exact_pmid_efetch	21259045	requires_pubmed_lookup
742	publication_component:citation:publication:doi:10.1007/s10528-011-9422-z	pubmed	exact_pmid_efetch	21274613	requires_pubmed_lookup
743	publication_component:citation:publication:doi:10.1007/s10528-011-9463-3	pubmed	exact_pmid_efetch	21948254	requires_pubmed_lookup
744	publication_component:citation:publication:doi:10.1007/s10528-011-9466-0	pubmed	exact_pmid_efetch	21952875	requires_pubmed_lookup
745	publication_component:citation:publication:doi:10.1007/s10528-012-9540-2	pubmed	exact_pmid_efetch	23053874	requires_pubmed_lookup
746	publication_component:citation:publication:doi:10.1007/s10528-012-9563-8	pubmed	exact_pmid_efetch	23338673	requires_pubmed_lookup
747	publication_component:citation:publication:doi:10.1007/s10528-013-9574-0	pubmed	exact_pmid_efetch	23404229	requires_pubmed_lookup
748	publication_component:citation:publication:doi:10.1007/s10528-013-9591-z	pubmed	exact_pmid_efetch	23605718	requires_pubmed_lookup
749	publication_component:citation:publication:doi:10.1007/s10528-014-9659-4	pubmed	exact_pmid_efetch	25001420	requires_pubmed_lookup
750	publication_component:citation:publication:doi:10.1007/s10528-018-9897-y	pubmed	exact_pmid_efetch	30554339	requires_pubmed_lookup
751	publication_component:citation:publication:doi:10.1007/s10528-022-10221-8	pubmed	exact_pmid_efetch	35334059	requires_pubmed_lookup
752	publication_component:citation:publication:doi:10.1007/s10528-026-11421-2	pubmed	exact_pmid_efetch	42371287	requires_pubmed_lookup
753	publication_component:citation:publication:doi:10.1007/s10528-026-11439-6	pubmed	exact_pmid_efetch	42560611	requires_pubmed_lookup
754	publication_component:citation:publication:doi:10.1007/s10529-013-1371-7	pubmed	exact_pmid_efetch	24122247	requires_pubmed_lookup
755	publication_component:citation:publication:doi:10.1007/s10530-016-1329-5	openalex	exact_work_id	W2555894440	requires_openalex_lookup
756	publication_component:citation:publication:doi:10.1007/s10530-021-02684-4	openalex	exact_work_id	W3215813423	requires_openalex_lookup
757	publication_component:citation:publication:doi:10.1007/s10577-012-9299-7	pubmed	exact_pmid_efetch	22820845	requires_pubmed_lookup
758	publication_component:citation:publication:doi:10.1007/s10577-022-09696-3	pubmed	exact_pmid_efetch	35731424	requires_pubmed_lookup
759	publication_component:citation:publication:doi:10.1007/s10592-009-9993-y	openalex	exact_work_id	W1967166004	requires_openalex_lookup
760	publication_component:citation:publication:doi:10.1007/s10592-012-0437-8	openalex	exact_work_id	W2055109877	requires_openalex_lookup
761	publication_component:citation:publication:doi:10.1007/s10592-016-0810-0	openalex	exact_work_id	W2283930908	requires_openalex_lookup
762	publication_component:citation:publication:doi:10.1007/s10592-017-0949-3	openalex	exact_work_id	W2597171889	requires_openalex_lookup
763	publication_component:citation:publication:doi:10.1007/s10641-017-0602-5	openalex	exact_work_id	W2614202865	requires_openalex_lookup
764	publication_component:citation:publication:doi:10.1007/s10641-017-0659-1	openalex	exact_work_id	W2748301254	requires_openalex_lookup
765	publication_component:citation:publication:doi:10.1007/s10646-021-02472-9	pubmed	exact_pmid_efetch	34505200	requires_pubmed_lookup
766	publication_component:citation:publication:doi:10.1007/s10661-023-12228-z	pubmed	exact_pmid_efetch	38102322	requires_pubmed_lookup
767	publication_component:citation:publication:doi:10.1007/s10682-010-9416-z	openalex	exact_work_id	W2145002618	requires_openalex_lookup
768	publication_component:citation:publication:doi:10.1007/s10682-020-10039-z	pubmed	exact_pmid_efetch	32508375	requires_pubmed_lookup
769	publication_component:citation:publication:doi:10.1007/s10695-017-0453-1	pubmed	exact_pmid_efetch	29230594	requires_pubmed_lookup
770	publication_component:citation:publication:doi:10.1007/s10695-019-00665-y	pubmed	exact_pmid_efetch	31418102	requires_pubmed_lookup
771	publication_component:citation:publication:doi:10.1007/s10709-008-9296-0	pubmed	exact_pmid_efetch	18661244	requires_pubmed_lookup
772	publication_component:citation:publication:doi:10.1007/s10709-008-9328-9	pubmed	exact_pmid_efetch	18850331	requires_pubmed_lookup
773	publication_component:citation:publication:doi:10.1007/s10709-010-9456-x	pubmed	exact_pmid_efetch	20401683	requires_pubmed_lookup
774	publication_component:citation:publication:doi:10.1007/s10709-010-9474-8	pubmed	exact_pmid_efetch	20694743	requires_pubmed_lookup
775	publication_component:citation:publication:doi:10.1007/s10709-010-9523-3	pubmed	exact_pmid_efetch	21128096	requires_pubmed_lookup
776	publication_component:citation:publication:doi:10.1007/s10709-011-9599-4	pubmed	exact_pmid_efetch	21805321	requires_pubmed_lookup
777	publication_component:citation:publication:doi:10.1007/s10709-011-9602-0	pubmed	exact_pmid_efetch	21898047	requires_pubmed_lookup
778	publication_component:citation:publication:doi:10.1007/s10709-011-9604-y	pubmed	exact_pmid_efetch	21879323	requires_pubmed_lookup
779	publication_component:citation:publication:doi:10.1007/s10709-011-9624-7	pubmed	exact_pmid_efetch	22203213	requires_pubmed_lookup
780	publication_component:citation:publication:doi:10.1007/s10709-012-9672-7	pubmed	exact_pmid_efetch	22899493	requires_pubmed_lookup
781	publication_component:citation:publication:doi:10.1007/s10709-012-9679-0	pubmed	exact_pmid_efetch	23073914	requires_pubmed_lookup
782	publication_component:citation:publication:doi:10.1007/s10709-012-9689-y	pubmed	exact_pmid_efetch	23180005	requires_pubmed_lookup
783	publication_component:citation:publication:doi:10.1007/s10709-014-9773-6	pubmed	exact_pmid_efetch	24925265	requires_pubmed_lookup
784	publication_component:citation:publication:doi:10.1007/s10709-014-9798-x	pubmed	exact_pmid_efetch	25377643	requires_pubmed_lookup
785	publication_component:citation:publication:doi:10.1007/s10709-016-9896-z	pubmed	exact_pmid_efetch	26979310	requires_pubmed_lookup
786	publication_component:citation:publication:doi:10.1007/s10709-017-9979-5	pubmed	exact_pmid_efetch	28831633	requires_pubmed_lookup
787	publication_component:citation:publication:doi:10.1007/s10709-018-0018-y	pubmed	exact_pmid_efetch	29748765	requires_pubmed_lookup
788	publication_component:citation:publication:doi:10.1007/s10709-018-0021-3	pubmed	exact_pmid_efetch	29728893	requires_pubmed_lookup
789	publication_component:citation:publication:doi:10.1007/s10709-019-00057-3	pubmed	exact_pmid_efetch	30868352	requires_pubmed_lookup
790	publication_component:citation:publication:doi:10.1007/s10709-019-00059-1	pubmed	exact_pmid_efetch	30887216	requires_pubmed_lookup
791	publication_component:citation:publication:doi:10.1007/s10709-020-00090-7	pubmed	exact_pmid_efetch	32096054	requires_pubmed_lookup
792	publication_component:citation:publication:doi:10.1007/s10709-020-00101-7	pubmed	exact_pmid_efetch	32804315	requires_pubmed_lookup
793	publication_component:citation:publication:doi:10.1007/s10709-020-00102-6	pubmed	exact_pmid_efetch	32862323	requires_pubmed_lookup
794	publication_component:citation:publication:doi:10.1007/s10709-020-00105-3	pubmed	exact_pmid_efetch	33052504	requires_pubmed_lookup
795	publication_component:citation:publication:doi:10.1007/s10709-023-00187-9	pubmed	exact_pmid_efetch	37069365	requires_pubmed_lookup
796	publication_component:citation:publication:doi:10.1007/s10709-025-00236-5	pubmed	exact_pmid_efetch	40493127	requires_pubmed_lookup
797	publication_component:citation:publication:doi:10.1007/s10709-026-00258-7	pubmed	exact_pmid_efetch	41543584	requires_pubmed_lookup
798	publication_component:citation:publication:doi:10.1007/s10709-026-00274-7	pubmed	exact_pmid_efetch	42400827	requires_pubmed_lookup
799	publication_component:citation:publication:doi:10.1007/s10722-008-9400-4	openalex	exact_work_id	W1998351019	requires_openalex_lookup
800	publication_component:citation:publication:doi:10.1007/s10722-022-01468-6	openalex	exact_work_id	W4296641345	requires_openalex_lookup
801	publication_component:citation:publication:doi:10.1007/s10722-023-01667-9	openalex	exact_work_id	W4385578501	requires_openalex_lookup
802	publication_component:citation:publication:doi:10.1007/s10722-024-01899-3	openalex	exact_work_id	W4392552495	requires_openalex_lookup
803	publication_component:citation:publication:doi:10.1007/s10722-024-02186-x	openalex	exact_work_id	W4403271652	requires_openalex_lookup
804	publication_component:citation:publication:doi:10.1007/s10722-024-02292-w	openalex	exact_work_id	W4405835257	requires_openalex_lookup
805	publication_component:citation:publication:doi:10.1007/s10722-025-02626-2	openalex	exact_work_id	W4417357386	requires_openalex_lookup
806	publication_component:citation:publication:doi:10.1007/s10750-010-0484-4	openalex	exact_work_id	W1987531461	requires_openalex_lookup
807	publication_component:citation:publication:doi:10.1007/s10750-011-0935-6	openalex	exact_work_id	W2060189332	requires_openalex_lookup
808	publication_component:citation:publication:doi:10.1007/s10750-018-3686-9	openalex	exact_work_id	W2845642123	requires_openalex_lookup
809	publication_component:citation:publication:doi:10.1007/s10750-021-04611-z	openalex	exact_work_id	W3165974759	requires_openalex_lookup
810	publication_component:citation:publication:doi:10.1007/s10764-009-9371-0	openalex	exact_work_id	W2043070143	requires_openalex_lookup
811	publication_component:citation:publication:doi:10.1007/s10764-013-9708-6	openalex	exact_work_id	W1993490897	requires_openalex_lookup
812	publication_component:citation:publication:doi:10.1007/s10764-013-9721-9	openalex	exact_work_id	W2464421471	requires_openalex_lookup
813	publication_component:citation:publication:doi:10.1007/s10811-018-1450-1	openalex	exact_work_id	W2803032607	requires_openalex_lookup
814	publication_component:citation:publication:doi:10.1007/s10811-019-01810-z	openalex	exact_work_id	W2941433192	requires_openalex_lookup
815	publication_component:citation:publication:doi:10.1007/s10822-025-00732-y	pubmed	exact_pmid_efetch	41388178	requires_pubmed_lookup
816	publication_component:citation:publication:doi:10.1007/s10910-013-0212-1	openalex	exact_work_id	W1969292660	requires_openalex_lookup
817	publication_component:citation:publication:doi:10.1007/s10914-016-9354-9	openalex	exact_work_id	W2523826372	requires_openalex_lookup
818	publication_component:citation:publication:doi:10.1007/s10914-017-9399-4	openalex	exact_work_id	W2622921088	requires_openalex_lookup
819	publication_component:citation:publication:doi:10.1007/s10914-021-09581-6	openalex	exact_work_id	W3212915543	requires_openalex_lookup
820	publication_component:citation:publication:doi:10.1007/s10930-020-09889-x	pubmed	exact_pmid_efetch	32112190	requires_pubmed_lookup
821	publication_component:citation:publication:doi:10.1007/s11033-010-0591-3	pubmed	exact_pmid_efetch	21132380	requires_pubmed_lookup
822	publication_component:citation:publication:doi:10.1007/s11033-011-0930-z	pubmed	exact_pmid_efetch	21660474	requires_pubmed_lookup
823	publication_component:citation:publication:doi:10.1007/s11033-012-1602-3	pubmed	exact_pmid_efetch	22350161	requires_pubmed_lookup
824	publication_component:citation:publication:doi:10.1007/s11033-012-1765-y	pubmed	exact_pmid_efetch	22729906	requires_pubmed_lookup
825	publication_component:citation:publication:doi:10.1007/s11033-012-2351-z	pubmed	exact_pmid_efetch	23242656	requires_pubmed_lookup
826	publication_component:citation:publication:doi:10.1007/s11033-013-2570-y	pubmed	exact_pmid_efetch	23666055	requires_pubmed_lookup
827	publication_component:citation:publication:doi:10.1007/s11033-018-4227-3	pubmed	exact_pmid_efetch	29982891	requires_pubmed_lookup
828	publication_component:citation:publication:doi:10.1007/s11033-024-10030-9	pubmed	exact_pmid_efetch	39460814	requires_pubmed_lookup
829	publication_component:citation:publication:doi:10.1007/s11103-015-0366-2	pubmed	exact_pmid_efetch	26362289	requires_pubmed_lookup
830	publication_component:citation:publication:doi:10.1007/s11103-018-0754-5	pubmed	exact_pmid_efetch	30006693	requires_pubmed_lookup
831	publication_component:citation:publication:doi:10.1007/s11103-018-0784-z	pubmed	exact_pmid_efetch	30298428	requires_pubmed_lookup
832	publication_component:citation:publication:doi:10.1007/s11103-020-00986-0	pubmed	exact_pmid_efetch	32172495	requires_pubmed_lookup
833	publication_component:citation:publication:doi:10.1007/s11103-022-01241-4	pubmed	exact_pmid_efetch	35039977	requires_pubmed_lookup
834	publication_component:citation:publication:doi:10.1007/s11103-022-01266-9	pubmed	exact_pmid_efetch	35359176	requires_pubmed_lookup
835	publication_component:citation:publication:doi:10.1007/s11103-023-01387-9	pubmed	exact_pmid_efetch	37925670	requires_pubmed_lookup
836	publication_component:citation:publication:doi:10.1007/s11103-024-01440-1	pubmed	exact_pmid_efetch	38622367	requires_pubmed_lookup
837	publication_component:citation:publication:doi:10.1007/s11105-014-0721-5	openalex	exact_work_id	W1966476046	requires_openalex_lookup
838	publication_component:citation:publication:doi:10.1007/s11105-016-1009-8	openalex	exact_work_id	W2530849551	requires_openalex_lookup
839	publication_component:citation:publication:doi:10.1007/s11105-022-01363-5	openalex	exact_work_id	W4307820560	requires_openalex_lookup
840	publication_component:citation:publication:doi:10.1007/s11105-023-01400-x	openalex	exact_work_id	W4385348127	requires_openalex_lookup
841	publication_component:citation:publication:doi:10.1007/s11120-018-0569-x	pubmed	exact_pmid_efetch	30078073	requires_pubmed_lookup
842	publication_component:citation:publication:doi:10.1007/s11120-020-00762-7	pubmed	exact_pmid_efetch	32556852	requires_pubmed_lookup
843	publication_component:citation:publication:doi:10.1007/s11160-026-10086-9	openalex	exact_work_id	W7204797186	requires_openalex_lookup
844	publication_component:citation:publication:doi:10.1007/s11262-008-0316-z	pubmed	exact_pmid_efetch	19125320	requires_pubmed_lookup
845	publication_component:citation:publication:doi:10.1007/s11262-009-0435-1	pubmed	exact_pmid_efetch	20033838	requires_pubmed_lookup
846	publication_component:citation:publication:doi:10.1007/s11262-011-0709-2	pubmed	exact_pmid_efetch	22222691	requires_pubmed_lookup
847	publication_component:citation:publication:doi:10.1007/s11262-016-1311-4	pubmed	exact_pmid_efetch	26980671	requires_pubmed_lookup
848	publication_component:citation:publication:doi:10.1007/s11262-022-01923-7	pubmed	exact_pmid_efetch	35900664	requires_pubmed_lookup
849	publication_component:citation:publication:doi:10.1007/s11262-022-01928-2	pubmed	exact_pmid_efetch	35974285	requires_pubmed_lookup
850	publication_component:citation:publication:doi:10.1007/s11262-023-01984-2	pubmed	exact_pmid_efetch	36932280	requires_pubmed_lookup
851	publication_component:citation:publication:doi:10.1007/s11274-021-02995-7	pubmed	exact_pmid_efetch	33452942	requires_pubmed_lookup
852	publication_component:citation:publication:doi:10.1007/s11284-011-0915-3	openalex	exact_work_id	W1995962628	requires_openalex_lookup
853	publication_component:citation:publication:doi:10.1007/s11295-011-0365-7	openalex	exact_work_id	W1965263340	requires_openalex_lookup
854	publication_component:citation:publication:doi:10.1007/s11295-012-0473-z	openalex	exact_work_id	W2075212939	requires_openalex_lookup
855	publication_component:citation:publication:doi:10.1007/s11295-014-0786-1	openalex	exact_work_id	W2028211322	requires_openalex_lookup
856	publication_component:citation:publication:doi:10.1007/s11295-016-1082-z	openalex	exact_work_id	W2557907330	requires_openalex_lookup
857	publication_component:citation:publication:doi:10.1007/s11295-017-1124-1	openalex	exact_work_id	W2590861954	requires_openalex_lookup
858	publication_component:citation:publication:doi:10.1007/s11295-017-1131-2	openalex	exact_work_id	W2600187764	requires_openalex_lookup
859	publication_component:citation:publication:doi:10.1007/s11295-019-1321-1	openalex	exact_work_id	W2912807664	requires_openalex_lookup
860	publication_component:citation:publication:doi:10.1007/s11295-022-01549-8	openalex	exact_work_id	W4224440868	requires_openalex_lookup
861	publication_component:citation:publication:doi:10.1007/s11295-026-01737-w	openalex	exact_work_id	W7151599654	requires_openalex_lookup
862	publication_component:citation:publication:doi:10.1007/s11427-010-4062-9	pubmed	exact_pmid_efetch	20953949	requires_pubmed_lookup
863	publication_component:citation:publication:doi:10.1007/s11427-010-4066-5	pubmed	exact_pmid_efetch	20953943	requires_pubmed_lookup
864	publication_component:citation:publication:doi:10.1007/s11427-012-4305-z	pubmed	exact_pmid_efetch	22566087	requires_pubmed_lookup
865	publication_component:citation:publication:doi:10.1007/s11427-015-4872-x	pubmed	exact_pmid_efetch	26032590	requires_pubmed_lookup
866	publication_component:citation:publication:doi:10.1007/s11427-018-9412-x	pubmed	exact_pmid_efetch	30607883	requires_pubmed_lookup
867	publication_component:citation:publication:doi:10.1007/s11427-018-9455-2	pubmed	exact_pmid_efetch	30661181	requires_pubmed_lookup
868	publication_component:citation:publication:doi:10.1007/s11427-020-1828-8	pubmed	exact_pmid_efetch	33165812	requires_pubmed_lookup
869	publication_component:citation:publication:doi:10.1007/s11427-020-1841-5	pubmed	exact_pmid_efetch	33481165	requires_pubmed_lookup
870	publication_component:citation:publication:doi:10.1007/s11427-020-1850-x	pubmed	exact_pmid_efetch	33486588	requires_pubmed_lookup
871	publication_component:citation:publication:doi:10.1007/s11427-020-1851-0	pubmed	exact_pmid_efetch	33521859	requires_pubmed_lookup
872	publication_component:citation:publication:doi:10.1007/s11427-021-2002-y	pubmed	exact_pmid_efetch	34826092	requires_pubmed_lookup
873	publication_component:citation:publication:doi:10.1007/s11427-022-2141-1	pubmed	exact_pmid_efetch	36166180	requires_pubmed_lookup
874	publication_component:citation:publication:doi:10.1007/s11427-022-2195-x	pubmed	exact_pmid_efetch	36443512	requires_pubmed_lookup
875	publication_component:citation:publication:doi:10.1007/s11427-022-2251-8	pubmed	exact_pmid_efetch	36648612	requires_pubmed_lookup
876	publication_component:citation:publication:doi:10.1007/s11427-022-2253-7	pubmed	exact_pmid_efetch	36802318	requires_pubmed_lookup
877	publication_component:citation:publication:doi:10.1007/s11427-022-2317-6	pubmed	exact_pmid_efetch	37204606	requires_pubmed_lookup
878	publication_component:citation:publication:doi:10.1007/s11427-023-2448-x	pubmed	exact_pmid_efetch	38087029	requires_pubmed_lookup
879	publication_component:citation:publication:doi:10.1007/s11427-023-2516-9	pubmed	exact_pmid_efetch	38902451	requires_pubmed_lookup
880	publication_component:citation:publication:doi:10.1007/s11427-024-2580-3	pubmed	exact_pmid_efetch	38763999	requires_pubmed_lookup
881	publication_component:citation:publication:doi:10.1007/s11427-024-2838-x	pubmed	exact_pmid_efetch	40131646	requires_pubmed_lookup
882	publication_component:citation:publication:doi:10.1007/s11427-025-3065-y	pubmed	exact_pmid_efetch	41530644	requires_pubmed_lookup
883	publication_component:citation:publication:doi:10.1007/s11427-025-3320-5	pubmed	exact_pmid_efetch	42440068	requires_pubmed_lookup
884	publication_component:citation:publication:doi:10.1007/s11427-026-3340-3	pubmed	exact_pmid_efetch	42714797	requires_pubmed_lookup
885	publication_component:citation:publication:doi:10.1007/s11430-024-1598-x	openalex	exact_work_id	W4411344288	requires_openalex_lookup
886	publication_component:citation:publication:doi:10.1007/s11434-009-0373-2	openalex	exact_work_id	W1998789325	requires_openalex_lookup
887	publication_component:citation:publication:doi:10.1007/s11434-010-3023-9	openalex	exact_work_id	W2167986040	requires_openalex_lookup
888	publication_component:citation:publication:doi:10.1007/s11434-011-4380-8	openalex	exact_work_id	W2068061849	requires_openalex_lookup
889	publication_component:citation:publication:doi:10.1007/s11434-012-5581-5	openalex	exact_work_id	W2086375360	requires_openalex_lookup
890	publication_component:citation:publication:doi:10.1007/s11434-013-0057-9	openalex	exact_work_id	W1976803386	requires_openalex_lookup
891	publication_component:citation:publication:doi:10.1007/s11434-013-5713-6	openalex	exact_work_id	W2111716323	requires_openalex_lookup
892	publication_component:citation:publication:doi:10.1007/s11434-015-0758-3	openalex	exact_work_id	W1907496714	requires_openalex_lookup
893	publication_component:citation:publication:doi:10.1007/s11538-024-01340-x	pubmed	exact_pmid_efetch	38995457	requires_pubmed_lookup
894	publication_component:citation:publication:doi:10.1007/s11557-015-1086-3	openalex	exact_work_id	W1146308914	requires_openalex_lookup
895	publication_component:citation:publication:doi:10.1007/s11557-016-1258-9	openalex	exact_work_id	W2568009380	requires_openalex_lookup
896	publication_component:citation:publication:doi:10.1007/s11557-018-1391-8	openalex	exact_work_id	W2799390134	requires_openalex_lookup
897	publication_component:citation:publication:doi:10.1007/s11692-012-9215-2	openalex	exact_work_id	W2070138033	requires_openalex_lookup
898	publication_component:citation:publication:doi:10.1007/s11692-020-09507-9	openalex	exact_work_id	W3039872235	requires_openalex_lookup
899	publication_component:citation:publication:doi:10.1007/s11692-021-09542-0	openalex	exact_work_id	W3168543140	requires_openalex_lookup
900	publication_component:citation:publication:doi:10.1007/s11692-022-09575-z	openalex	exact_work_id	W4285085794	requires_openalex_lookup
901	publication_component:citation:publication:doi:10.1007/s11692-026-09673-2	openalex	exact_work_id	W7165574277	requires_openalex_lookup
902	publication_component:citation:publication:doi:10.1007/s11756-021-00951-2	openalex	exact_work_id	W4220683185	requires_openalex_lookup
903	publication_component:citation:publication:doi:10.1007/s11756-022-01120-9	openalex	exact_work_id	W4288096222	requires_openalex_lookup
904	publication_component:citation:publication:doi:10.1007/s11756-026-02277-3	openalex	exact_work_id	W7168295875	requires_openalex_lookup
905	publication_component:citation:publication:doi:10.1007/s11802-018-3611-x	openalex	exact_work_id	W2826164197	requires_openalex_lookup
906	publication_component:citation:publication:doi:10.1007/s11802-021-4707-2	openalex	exact_work_id	W3190181782	requires_openalex_lookup
907	publication_component:citation:publication:doi:10.1007/s11802-024-5759-x	openalex	exact_work_id	W4400255978	requires_openalex_lookup
908	publication_component:citation:publication:doi:10.1007/s11802-025-5929-5	openalex	exact_work_id	W4408267913	requires_openalex_lookup
909	publication_component:citation:publication:doi:10.1007/s11816-023-00869-y	openalex	exact_work_id	W4388931324	requires_openalex_lookup
910	publication_component:citation:publication:doi:10.1007/s11816-026-01045-8	openalex	exact_work_id	W7129203517	requires_openalex_lookup
911	publication_component:citation:publication:doi:10.1007/s12031-013-0192-4	pubmed	exact_pmid_efetch	24318840	requires_pubmed_lookup
912	publication_component:citation:publication:doi:10.1007/s12035-017-0427-4	pubmed	exact_pmid_efetch	28233272	requires_pubmed_lookup
913	publication_component:citation:publication:doi:10.1007/s12035-018-1253-z	pubmed	exact_pmid_efetch	30066306	requires_pubmed_lookup
914	publication_component:citation:publication:doi:10.1007/s12038-013-9377-9	pubmed	exact_pmid_efetch	24296893	requires_pubmed_lookup
915	publication_component:citation:publication:doi:10.1007/s12038-014-9484-2	pubmed	exact_pmid_efetch	25431418	requires_pubmed_lookup
916	publication_component:citation:publication:doi:10.1007/s12038-015-9577-6	pubmed	exact_pmid_efetch	26648034	requires_pubmed_lookup
917	publication_component:citation:publication:doi:10.1007/s12041-010-0014-1	pubmed	exact_pmid_efetch	20505250	requires_pubmed_lookup
918	publication_component:citation:publication:doi:10.1007/s12041-014-0410-z	pubmed	exact_pmid_efetch	25189258	requires_pubmed_lookup
919	publication_component:citation:publication:doi:10.1007/s12041-016-0634-1	pubmed	exact_pmid_efetch	27350691	requires_pubmed_lookup
920	publication_component:citation:publication:doi:10.1007/s12041-016-0700-8	pubmed	exact_pmid_efetch	27994200	requires_pubmed_lookup
921	publication_component:citation:publication:doi:10.1007/s12041-018-0882-3	pubmed	exact_pmid_efetch	29666331	requires_pubmed_lookup
922	publication_component:citation:publication:doi:10.1007/s12041-018-0939-3	pubmed	exact_pmid_efetch	29932069	requires_pubmed_lookup
923	publication_component:citation:publication:doi:10.1007/s12041-021-01333-y	pubmed	exact_pmid_efetch	34787113	requires_pubmed_lookup
924	publication_component:citation:publication:doi:10.1007/s12042-020-09268-x	openalex	exact_work_id	W3092061104	requires_openalex_lookup
925	publication_component:citation:publication:doi:10.1007/s12155-014-9474-0	openalex	exact_work_id	W2071596343	requires_openalex_lookup
926	publication_component:citation:publication:doi:10.1007/s12192-019-01013-y	pubmed	exact_pmid_efetch	31230214	requires_pubmed_lookup
927	publication_component:citation:publication:doi:10.1007/s12228-025-09854-x	openalex	exact_work_id	W4415821622	requires_openalex_lookup
928	publication_component:citation:publication:doi:10.1007/s12275-022-1597-y	pubmed	exact_pmid_efetch	35362896	requires_pubmed_lookup
929	publication_component:citation:publication:doi:10.1007/s12298-016-0362-2	pubmed	exact_pmid_efetch	27729728	requires_pubmed_lookup
930	publication_component:citation:publication:doi:10.1007/s12298-022-01198-0	pubmed	exact_pmid_efetch	35910439	requires_pubmed_lookup
931	publication_component:citation:publication:doi:10.1007/s12298-023-01406-5	pubmed	exact_pmid_efetch	38162914	requires_pubmed_lookup
932	publication_component:citation:publication:doi:10.1007/s12374-018-0319-9	openalex	exact_work_id	W2914162920	requires_openalex_lookup
933	publication_component:citation:publication:doi:10.1007/s12374-020-09279-x	openalex	exact_work_id	W3084415582	requires_openalex_lookup
934	publication_component:citation:publication:doi:10.1007/s12526-019-00964-w	openalex	exact_work_id	W2964235718	requires_openalex_lookup
935	publication_component:citation:publication:doi:10.1007/s12539-018-0282-7	pubmed	exact_pmid_efetch	29383564	requires_pubmed_lookup
936	publication_component:citation:publication:doi:10.1007/s12686-015-0501-z	openalex	exact_work_id	W1888067941	requires_openalex_lookup
937	publication_component:citation:publication:doi:10.1007/s13127-018-0382-6	openalex	exact_work_id	W2898053721	requires_openalex_lookup
938	publication_component:citation:publication:doi:10.1007/s13127-019-00390-7	openalex	exact_work_id	W2911662256	requires_openalex_lookup
939	publication_component:citation:publication:doi:10.1007/s13127-019-00405-3	openalex	exact_work_id	W2949545349	requires_openalex_lookup
940	publication_component:citation:publication:doi:10.1007/s13127-022-00574-8	openalex	exact_work_id	W4290038690	requires_openalex_lookup
941	publication_component:citation:publication:doi:10.1007/s13127-023-00625-8	openalex	exact_work_id	W4387674270	requires_openalex_lookup
942	publication_component:citation:publication:doi:10.1007/s13127-024-00650-1	openalex	exact_work_id	W4400433549	requires_openalex_lookup
943	publication_component:citation:publication:doi:10.1007/s13127-025-00678-x	openalex	exact_work_id	W4409620005	requires_openalex_lookup
944	publication_component:citation:publication:doi:10.1007/s13131-018-1232-2	openalex	exact_work_id	W2886262260	requires_openalex_lookup
945	publication_component:citation:publication:doi:10.1007/s13131-020-1658-1	openalex	exact_work_id	W3105458607	requires_openalex_lookup
946	publication_component:citation:publication:doi:10.1007/s13131-024-2402-z	openalex	exact_work_id	W4411937799	requires_openalex_lookup
947	publication_component:citation:publication:doi:10.1007/s13205-020-02336-9	pubmed	exact_pmid_efetch	32714737	requires_pubmed_lookup
948	publication_component:citation:publication:doi:10.1007/s13205-020-2123-8	pubmed	exact_pmid_efetch	32154043	requires_pubmed_lookup
949	publication_component:citation:publication:doi:10.1007/s13205-022-03136-z	pubmed	exact_pmid_efetch	35251880	requires_pubmed_lookup
950	publication_component:citation:publication:doi:10.1007/s13205-023-03492-4	pubmed	exact_pmid_efetch	36852175	requires_pubmed_lookup
951	publication_component:citation:publication:doi:10.1007/s13205-024-03927-6	pubmed	exact_pmid_efetch	38385141	requires_pubmed_lookup
952	publication_component:citation:publication:doi:10.1007/s13205-024-04119-y	pubmed	exact_pmid_efetch	39479299	requires_pubmed_lookup
953	publication_component:citation:publication:doi:10.1007/s13213-019-01531-1	openalex	exact_work_id	W2993623363	requires_openalex_lookup
954	publication_component:citation:publication:doi:10.1007/s13225-021-00476-8	openalex	exact_work_id	W3174054661	requires_openalex_lookup
955	publication_component:citation:publication:doi:10.1007/s13225-025-00559-w	openalex	exact_work_id	W4411497529	requires_openalex_lookup
956	publication_component:citation:publication:doi:10.1007/s13238-013-0004-1	pubmed	exact_pmid_efetch	24474201	requires_pubmed_lookup
957	publication_component:citation:publication:doi:10.1007/s13258-009-0837-4	openalex	exact_work_id	W2007567176	requires_openalex_lookup
958	publication_component:citation:publication:doi:10.1007/s13258-013-0056-x	openalex	exact_work_id	W2034460748	requires_openalex_lookup
959	publication_component:citation:publication:doi:10.1007/s13258-015-0265-6	openalex	exact_work_id	W1993344068	requires_openalex_lookup
960	publication_component:citation:publication:doi:10.1007/s13258-017-0555-2	pubmed	exact_pmid_efetch	29568414	requires_pubmed_lookup
961	publication_component:citation:publication:doi:10.1007/s13258-017-0632-6	pubmed	exact_pmid_efetch	29892953	requires_pubmed_lookup
962	publication_component:citation:publication:doi:10.1007/s13258-019-00817-7	pubmed	exact_pmid_efetch	31016677	requires_pubmed_lookup
963	publication_component:citation:publication:doi:10.1007/s13258-019-00911-w	pubmed	exact_pmid_efetch	31902105	requires_pubmed_lookup
964	publication_component:citation:publication:doi:10.1007/s13258-023-01487-2	pubmed	exact_pmid_efetch	38733518	requires_pubmed_lookup
965	publication_component:citation:publication:doi:10.1007/s13258-025-01647-6	pubmed	exact_pmid_efetch	40320481	requires_pubmed_lookup
966	publication_component:citation:publication:doi:10.1007/s13258-025-01713-z	pubmed	exact_pmid_efetch	41575626	requires_pubmed_lookup
967	publication_component:citation:publication:doi:10.1007/s13353-022-00712-0	pubmed	exact_pmid_efetch	35931930	requires_pubmed_lookup
968	publication_component:citation:publication:doi:10.1007/s13353-025-00995-z	pubmed	exact_pmid_efetch	40715649	requires_pubmed_lookup
969	publication_component:citation:publication:doi:10.1007/s13364-016-0266-0	openalex	exact_work_id	W2301994425	requires_openalex_lookup
970	publication_component:citation:publication:doi:10.1007/s13364-019-00461-2	openalex	exact_work_id	W2981021245	requires_openalex_lookup
971	publication_component:citation:publication:doi:10.1007/s13364-020-00498-8	openalex	exact_work_id	W3033992041	requires_openalex_lookup
972	publication_component:citation:publication:doi:10.1007/s13364-021-00585-4	openalex	exact_work_id	W3193129075	requires_openalex_lookup
973	publication_component:citation:publication:doi:10.1007/s13562-014-0259-5	openalex	exact_work_id	W1979967915	requires_openalex_lookup
974	publication_component:citation:publication:doi:10.1007/s13562-026-01135-2	openalex	exact_work_id	W7213249969	requires_openalex_lookup
975	publication_component:citation:publication:doi:10.1007/s13580-023-00548-5	openalex	exact_work_id	W4385065038	requires_openalex_lookup
976	publication_component:citation:publication:doi:10.1007/s13592-024-01140-1	openalex	exact_work_id	W4406665312	requires_openalex_lookup
977	publication_component:citation:publication:doi:10.1007/s13659-026-00590-7	pubmed	exact_pmid_efetch	41770440	requires_pubmed_lookup
978	publication_component:citation:publication:doi:10.1007/s13744-025-01279-1	pubmed	exact_pmid_efetch	40327225	requires_pubmed_lookup
979	publication_component:citation:publication:doi:10.1007/s40011-013-0252-0	openalex	exact_work_id	W2059549427	requires_openalex_lookup
980	publication_component:citation:publication:doi:10.1007/s42161-018-0126-7	openalex	exact_work_id	W2883218092	requires_openalex_lookup
981	publication_component:citation:publication:doi:10.1007/s42161-022-01299-5	openalex	exact_work_id	W4313479632	requires_openalex_lookup
982	publication_component:citation:publication:doi:10.1007/s42161-026-02277-x	openalex	exact_work_id	W7203687687	requires_openalex_lookup
983	publication_component:citation:publication:doi:10.1007/s42360-022-00472-1	openalex	exact_work_id	W4211257810	requires_openalex_lookup
984	publication_component:citation:publication:doi:10.1007/s42452-024-05703-w	openalex	exact_work_id	W4392042700	requires_openalex_lookup
985	publication_component:citation:publication:doi:10.1007/s42770-021-00508-0	pubmed	exact_pmid_efetch	33990934	requires_pubmed_lookup
986	publication_component:citation:publication:doi:10.1007/s42770-026-01884-1	pubmed	exact_pmid_efetch	41870808	requires_pubmed_lookup
987	publication_component:citation:publication:doi:10.1007/s42991-021-00120-7	openalex	exact_work_id	W3150771062	requires_openalex_lookup
988	publication_component:citation:publication:doi:10.1007/s42991-021-00135-0	openalex	exact_work_id	W3177282884	requires_openalex_lookup
989	publication_component:citation:publication:doi:10.1007/s42991-022-00258-y	openalex	exact_work_id	W4281683772	requires_openalex_lookup
990	publication_component:citation:publication:doi:10.1007/s42994-022-00081-6	pubmed	exact_pmid_efetch	36304840	requires_pubmed_lookup
991	publication_component:citation:publication:doi:10.1007/s42995-021-00118-7	pubmed	exact_pmid_efetch	37073353	requires_pubmed_lookup
992	publication_component:citation:publication:doi:10.1007/s42995-023-00177-y	pubmed	exact_pmid_efetch	37275537	requires_pubmed_lookup
993	publication_component:citation:publication:doi:10.1007/s42995-023-00178-x	pubmed	exact_pmid_efetch	37637250	requires_pubmed_lookup
994	publication_component:citation:publication:doi:10.1007/s42995-023-00197-8	pubmed	exact_pmid_efetch	38433969	requires_pubmed_lookup
995	publication_component:citation:publication:doi:10.1007/s42995-024-00242-0	pubmed	exact_pmid_efetch	39219675	requires_pubmed_lookup
996	publication_component:citation:publication:doi:10.1007/s42995-025-00298-6	pubmed	exact_pmid_efetch	40417249	requires_pubmed_lookup
997	publication_component:citation:publication:doi:10.1007/s43538-025-00552-6	openalex	exact_work_id	W4415245276	requires_openalex_lookup
998	publication_component:citation:publication:doi:10.1007/s43630-026-00938-5	pubmed	exact_pmid_efetch	42377776	requires_pubmed_lookup
999	publication_component:citation:publication:doi:10.1007/s44154-023-00145-7	pubmed	exact_pmid_efetch	38270818	requires_pubmed_lookup
1000	publication_component:citation:publication:doi:10.1007/s44281-024-00032-9	openalex	exact_work_id	W4396227587	requires_openalex_lookup
1001	publication_component:citation:publication:doi:10.1007/s44297-024-00026-z	pubmed	exact_pmid_efetch	41649680	requires_pubmed_lookup
1002	publication_component:citation:publication:doi:10.1007/s44297-026-00082-7	pubmed	exact_pmid_efetch	42479296	requires_pubmed_lookup
1003	publication_component:citation:publication:doi:10.1007/s44345-026-00061-z	openalex	exact_work_id	W7165456103	requires_openalex_lookup
1007	publication_component:citation:publication:doi:10.1016/b978-0-08-100596-5.00007-x	openalex	exact_work_id	W2272435157	requires_openalex_lookup
1008	publication_component:citation:publication:doi:10.1016/b978-0-08-100596-5.22697-8	openalex	exact_work_id	W3024248322	requires_openalex_lookup
1009	publication_component:citation:publication:doi:10.1016/b978-0-12-384890-1.00017-0	openalex	exact_work_id	W4281306	requires_openalex_lookup
1010	publication_component:citation:publication:doi:10.1016/b978-0-12-394290-6.00014-8	pubmed	exact_pmid_efetch	22999180	requires_pubmed_lookup
1011	publication_component:citation:publication:doi:10.1016/b978-0-12-397940-7.00013-6	openalex	exact_work_id	W44909700	requires_openalex_lookup
1012	publication_component:citation:publication:doi:10.1016/b978-0-12-409547-2.14650-5	openalex	exact_work_id	W2964890805	requires_openalex_lookup
1013	publication_component:citation:publication:doi:10.1016/b978-0-12-415874-0.00012-3	openalex	exact_work_id	W3021005387	requires_openalex_lookup
1014	publication_component:citation:publication:doi:10.1016/b978-0-12-799942-5.00007-x	openalex	exact_work_id	W2574186267	requires_openalex_lookup
1015	publication_component:citation:publication:doi:10.1016/b978-0-12-799942-5.00016-0	openalex	exact_work_id	W2591666479	requires_openalex_lookup
1016	publication_component:citation:publication:doi:10.1016/b978-0-12-800049-6.00166-9	openalex	exact_work_id	W2416091248	requires_openalex_lookup
1017	publication_component:citation:publication:doi:10.1016/b978-0-12-800049-6.00208-0	openalex	exact_work_id	W2410326276	requires_openalex_lookup
1018	publication_component:citation:publication:doi:10.1016/b978-0-12-803603-7.00004-5	openalex	exact_work_id	W2508129144	requires_openalex_lookup
1019	publication_component:citation:publication:doi:10.1016/b978-0-12-809633-8.20222-7	openalex	exact_work_id	W4210994395	requires_openalex_lookup
1020	publication_component:citation:publication:doi:10.1016/b978-0-12-814515-9.00056-4	openalex	exact_work_id	W4236563678	requires_openalex_lookup
1021	publication_component:citation:publication:doi:10.1016/b978-0-12-815379-6.00019-2	openalex	exact_work_id	W4244583867	requires_openalex_lookup
1022	publication_component:citation:publication:doi:10.1016/b978-0-12-816395-5.00007-1	openalex	exact_work_id	W3041561580	requires_openalex_lookup
1023	publication_component:citation:publication:doi:10.1016/b978-0-12-818969-6.00001-7	openalex	exact_work_id	W3089293131	requires_openalex_lookup
1024	publication_component:citation:publication:doi:10.1016/b978-0-12-821748-1.00002-6	openalex	exact_work_id	W3164740290	requires_openalex_lookup
1025	publication_component:citation:publication:doi:10.1016/b978-0-323-95502-7.00144-5	openalex	exact_work_id	W4403911243	requires_openalex_lookup
1026	publication_component:citation:publication:doi:10.1016/b978-0-323-95502-7.00210-4	openalex	exact_work_id	W4405266830	requires_openalex_lookup
1027	publication_component:citation:publication:doi:10.1016/b978-0-323-99886-4.00007-7	openalex	exact_work_id	W4399230620	requires_openalex_lookup
1028	publication_component:citation:publication:doi:10.1016/b978-0-443-15750-9.00065-3	openalex	exact_work_id	W4405043494	requires_openalex_lookup
1029	publication_component:citation:publication:doi:10.1016/b978-0-443-15750-9.00125-7	openalex	exact_work_id	W4411405623	requires_openalex_lookup
1030	publication_component:citation:publication:doi:10.1016/b978-0-443-15750-9.00149-x	openalex	exact_work_id	W4412608602	requires_openalex_lookup
1031	publication_component:citation:publication:doi:10.1016/b978-0-443-22123-1.00007-7	openalex	exact_work_id	W4406570699	requires_openalex_lookup
1032	publication_component:citation:publication:doi:10.1016/b978-0-443-28818-0.00023-9	openalex	exact_work_id	W4400829686	requires_openalex_lookup
1033	publication_component:citation:publication:doi:10.1016/b978-0-444-53860-4.00002-7	pubmed	exact_pmid_efetch	22230621	requires_pubmed_lookup
1035	publication_component:citation:publication:doi:10.1016/bs.adgen.2017.09.009	pubmed	exact_pmid_efetch	29153405	requires_pubmed_lookup
1036	publication_component:citation:publication:doi:10.1016/bs.ctdb.2018.03.005	pubmed	exact_pmid_efetch	29853187	requires_pubmed_lookup
1037	publication_component:citation:publication:doi:10.1016/bs.mie.2019.03.015	pubmed	exact_pmid_efetch	31072492	requires_pubmed_lookup
1038	publication_component:citation:publication:doi:10.1016/bs.mie.2021.11.017	pubmed	exact_pmid_efetch	35331369	requires_pubmed_lookup
1039	publication_component:citation:publication:doi:10.1016/bs.mim.2014.10.001	openalex	exact_work_id	W2746672984	requires_openalex_lookup
1040	publication_component:citation:publication:doi:10.1016/bs.mim.2024.05.001	openalex	exact_work_id	W4408142311	requires_openalex_lookup
1041	publication_component:citation:publication:doi:10.1016/bs.pmbts.2021.06.017	pubmed	exact_pmid_efetch	34656334	requires_pubmed_lookup
1042	publication_component:citation:publication:doi:10.1016/j.aaf.2019.05.003	openalex	exact_work_id	W2947188207	requires_openalex_lookup
1043	publication_component:citation:publication:doi:10.1016/j.aaf.2020.08.001	openalex	exact_work_id	W3089426397	requires_openalex_lookup
1044	publication_component:citation:publication:doi:10.1016/j.aaf.2021.05.003	openalex	exact_work_id	W3172377072	requires_openalex_lookup
1045	publication_component:citation:publication:doi:10.1016/j.aaf.2021.06.001	openalex	exact_work_id	W3183623282	requires_openalex_lookup
1046	publication_component:citation:publication:doi:10.1016/j.abiote.2025.100008	pubmed	exact_pmid_efetch	41940148	requires_pubmed_lookup
1047	publication_component:citation:publication:doi:10.1016/j.actao.2020.103554	openalex	exact_work_id	W3023923250	requires_openalex_lookup
1048	publication_component:citation:publication:doi:10.1016/j.actatropica.2012.05.010	pubmed	exact_pmid_efetch	22659461	requires_pubmed_lookup
1049	publication_component:citation:publication:doi:10.1016/j.actatropica.2022.106493	pubmed	exact_pmid_efetch	35525314	requires_pubmed_lookup
1050	publication_component:citation:publication:doi:10.1016/j.actatropica.2022.106500	pubmed	exact_pmid_efetch	35584780	requires_pubmed_lookup
1051	publication_component:citation:publication:doi:10.1016/j.actatropica.2022.106805	pubmed	exact_pmid_efetch	36574895	requires_pubmed_lookup
1052	publication_component:citation:publication:doi:10.1016/j.actatropica.2025.107883	openalex	exact_work_id	W4415528775	requires_openalex_lookup
1053	publication_component:citation:publication:doi:10.1016/j.actatropica.2026.108079	pubmed	exact_pmid_efetch	41935555	requires_pubmed_lookup
1054	publication_component:citation:publication:doi:10.1016/j.afres.2026.102138	openalex	exact_work_id	W7161110673	requires_openalex_lookup
1055	publication_component:citation:publication:doi:10.1016/j.ailsci.2026.100165	openalex	exact_work_id	W7130857691	requires_openalex_lookup
1056	publication_component:citation:publication:doi:10.1016/j.ajhg.2009.07.012	pubmed	exact_pmid_efetch	19664744	requires_pubmed_lookup
1057	publication_component:citation:publication:doi:10.1016/j.ajhg.2012.03.002	pubmed	exact_pmid_efetch	22482806	requires_pubmed_lookup
1058	publication_component:citation:publication:doi:10.1016/j.ajhg.2012.04.018	pubmed	exact_pmid_efetch	22608500	requires_pubmed_lookup
1059	publication_component:citation:publication:doi:10.1016/j.ajhg.2013.05.014	pubmed	exact_pmid_efetch	23768513	requires_pubmed_lookup
1060	publication_component:citation:publication:doi:10.1016/j.ajic.2016.05.015	pubmed	exact_pmid_efetch	28159067	requires_pubmed_lookup
1061	publication_component:citation:publication:doi:10.1016/j.ajp.2012.08.007	pubmed	exact_pmid_efetch	23380319	requires_pubmed_lookup
1062	publication_component:citation:publication:doi:10.1016/j.algal.2021.102432	openalex	exact_work_id	W3187516883	requires_openalex_lookup
1063	publication_component:citation:publication:doi:10.1016/j.algal.2024.103761	openalex	exact_work_id	W4403583468	requires_openalex_lookup
1064	publication_component:citation:publication:doi:10.1016/j.algal.2026.104712	openalex	exact_work_id	W7155353186	requires_openalex_lookup
1065	publication_component:citation:publication:doi:10.1016/j.algal.2026.104771	openalex	exact_work_id	W7162533890	requires_openalex_lookup
1066	publication_component:citation:publication:doi:10.1016/j.algal.2026.104825	openalex	exact_work_id	W7166644791	requires_openalex_lookup
1067	publication_component:citation:publication:doi:10.1016/j.algal.2026.104960	openalex	exact_work_id	W7213087102	requires_openalex_lookup
1069	publication_component:citation:publication:doi:10.1016/j.anaerobe.2023.102718	pubmed	exact_pmid_efetch	36801248	requires_pubmed_lookup
1070	publication_component:citation:publication:doi:10.1016/j.antiviral.2011.10.022	pubmed	exact_pmid_efetch	22086128	requires_pubmed_lookup
1071	publication_component:citation:publication:doi:10.1016/j.antiviral.2021.105178	pubmed	exact_pmid_efetch	34509461	requires_pubmed_lookup
1072	publication_component:citation:publication:doi:10.1016/j.antiviral.2025.106291	pubmed	exact_pmid_efetch	41086952	requires_pubmed_lookup
1073	publication_component:citation:publication:doi:10.1016/j.apacoust.2014.12.002	openalex	exact_work_id	W2087471769	requires_openalex_lookup
1074	publication_component:citation:publication:doi:10.1016/j.apsb.2019.08.004	pubmed	exact_pmid_efetch	32082980	requires_pubmed_lookup
1075	publication_component:citation:publication:doi:10.1016/j.apsb.2021.01.019	pubmed	exact_pmid_efetch	34386340	requires_pubmed_lookup
1076	publication_component:citation:publication:doi:10.1016/j.apsb.2023.12.013	pubmed	exact_pmid_efetch	38572115	requires_pubmed_lookup
1077	publication_component:citation:publication:doi:10.1016/j.apsb.2024.04.005	pubmed	exact_pmid_efetch	39220882	requires_pubmed_lookup
1078	publication_component:citation:publication:doi:10.1016/j.aqrep.2022.101085	openalex	exact_work_id	W4220831947	requires_openalex_lookup
1079	publication_component:citation:publication:doi:10.1016/j.aqrep.2023.101859	openalex	exact_work_id	W4389266094	requires_openalex_lookup
1080	publication_component:citation:publication:doi:10.1016/j.aqrep.2026.103436	openalex	exact_work_id	W7126456231	requires_openalex_lookup
1081	publication_component:citation:publication:doi:10.1016/j.aquaculture.2013.05.024	openalex	exact_work_id	W2000024473	requires_openalex_lookup
1082	publication_component:citation:publication:doi:10.1016/j.aquaculture.2021.736484	openalex	exact_work_id	W3128305572	requires_openalex_lookup
1083	publication_component:citation:publication:doi:10.1016/j.aquaculture.2021.737777	openalex	exact_work_id	W3217504528	requires_openalex_lookup
1084	publication_component:citation:publication:doi:10.1016/j.aquaculture.2022.737901	openalex	exact_work_id	W4205942390	requires_openalex_lookup
1085	publication_component:citation:publication:doi:10.1016/j.aquaculture.2022.739023	openalex	exact_work_id	W4308213016	requires_openalex_lookup
1086	publication_component:citation:publication:doi:10.1016/j.aquaculture.2023.740395	openalex	exact_work_id	W4388943565	requires_openalex_lookup
1087	publication_component:citation:publication:doi:10.1016/j.aquaculture.2023.740514	openalex	exact_work_id	W4390245783	requires_openalex_lookup
1088	publication_component:citation:publication:doi:10.1016/j.aquaculture.2025.743298	openalex	exact_work_id	W4415184987	requires_openalex_lookup
1089	publication_component:citation:publication:doi:10.1016/j.aquaculture.2025.743565	openalex	exact_work_id	W4417476656	requires_openalex_lookup
1090	publication_component:citation:publication:doi:10.1016/j.aquaculture.2026.744142	openalex	exact_work_id	W7160983260	requires_openalex_lookup
1091	publication_component:citation:publication:doi:10.1016/j.archoralbio.2004.09.004	pubmed	exact_pmid_efetch	15721151	requires_pubmed_lookup
1092	publication_component:citation:publication:doi:10.1016/j.aspen.2021.04.005	openalex	exact_work_id	W3153273340	requires_openalex_lookup
1093	publication_component:citation:publication:doi:10.1016/j.banm.2022.07.008	pubmed	exact_pmid_efetch	35879932	requires_pubmed_lookup
1094	publication_component:citation:publication:doi:10.1016/j.bbalip.2018.05.001	pubmed	exact_pmid_efetch	29730527	requires_pubmed_lookup
1095	publication_component:citation:publication:doi:10.1016/j.bbamem.2010.12.008	pubmed	exact_pmid_efetch	21167813	requires_pubmed_lookup
1096	publication_component:citation:publication:doi:10.1016/j.bbrc.2012.02.101	pubmed	exact_pmid_efetch	22390928	requires_pubmed_lookup
1097	publication_component:citation:publication:doi:10.1016/j.bbrc.2012.10.065	pubmed	exact_pmid_efetch	23103547	requires_pubmed_lookup
1098	publication_component:citation:publication:doi:10.1016/j.bbrc.2013.09.029	pubmed	exact_pmid_efetch	24041690	requires_pubmed_lookup
1099	publication_component:citation:publication:doi:10.1016/j.bbrc.2018.05.168	pubmed	exact_pmid_efetch	29859934	requires_pubmed_lookup
1100	publication_component:citation:publication:doi:10.1016/j.bbrc.2018.10.168	pubmed	exact_pmid_efetch	30392910	requires_pubmed_lookup
1101	publication_component:citation:publication:doi:10.1016/j.bbrc.2020.03.112	pubmed	exact_pmid_efetch	32234238	requires_pubmed_lookup
1102	publication_component:citation:publication:doi:10.1016/j.bidere.2025.100005	pubmed	exact_pmid_efetch	41415723	requires_pubmed_lookup
1103	publication_component:citation:publication:doi:10.1016/j.biocon.2023.110183	openalex	exact_work_id	W4382651661	requires_openalex_lookup
1104	publication_component:citation:publication:doi:10.1016/j.biosystems.2016.07.007	pubmed	exact_pmid_efetch	27443483	requires_pubmed_lookup
1105	publication_component:citation:publication:doi:10.1016/j.biosystems.2017.03.002	pubmed	exact_pmid_efetch	28344109	requires_pubmed_lookup
1106	publication_component:citation:publication:doi:10.1016/j.biotechadv.2016.03.001	pubmed	exact_pmid_efetch	26956711	requires_pubmed_lookup
1107	publication_component:citation:publication:doi:10.1016/j.biotechadv.2021.107696	pubmed	exact_pmid_efetch	33513434	requires_pubmed_lookup
1108	publication_component:citation:publication:doi:10.1016/j.biotechadv.2023.108094	pubmed	exact_pmid_efetch	36621725	requires_pubmed_lookup
1109	publication_component:citation:publication:doi:10.1016/j.biotechadv.2025.108788	pubmed	exact_pmid_efetch	41443357	requires_pubmed_lookup
1110	publication_component:citation:publication:doi:10.1016/j.bpj.2021.03.042	pubmed	exact_pmid_efetch	33932438	requires_pubmed_lookup
1111	publication_component:citation:publication:doi:10.1016/j.bse.2009.03.001	openalex	exact_work_id	W1967731346	requires_openalex_lookup
1112	publication_component:citation:publication:doi:10.1016/j.bse.2012.04.007	openalex	exact_work_id	W2055665129	requires_openalex_lookup
1113	publication_component:citation:publication:doi:10.1016/j.bse.2015.02.009	openalex	exact_work_id	W2016177735	requires_openalex_lookup
1114	publication_component:citation:publication:doi:10.1016/j.bse.2015.11.019	openalex	exact_work_id	W2216722087	requires_openalex_lookup
1115	publication_component:citation:publication:doi:10.1016/j.bse.2016.05.005	openalex	exact_work_id	W2411489055	requires_openalex_lookup
1116	publication_component:citation:publication:doi:10.1016/j.bse.2017.01.001	openalex	exact_work_id	W2574193500	requires_openalex_lookup
1117	publication_component:citation:publication:doi:10.1016/j.bse.2017.01.003	openalex	exact_work_id	W2581190925	requires_openalex_lookup
1118	publication_component:citation:publication:doi:10.1016/j.bse.2017.02.003	openalex	exact_work_id	W2588860316	requires_openalex_lookup
1119	publication_component:citation:publication:doi:10.1016/j.bse.2017.02.004	openalex	exact_work_id	W2593593154	requires_openalex_lookup
1120	publication_component:citation:publication:doi:10.1016/j.bsheal.2024.03.001	pubmed	exact_pmid_efetch	40078941	requires_pubmed_lookup
1121	publication_component:citation:publication:doi:10.1016/j.canlet.2021.11.011	pubmed	exact_pmid_efetch	34780851	requires_pubmed_lookup
1122	publication_component:citation:publication:doi:10.1016/j.cbd.2008.11.001	pubmed	exact_pmid_efetch	20403741	requires_pubmed_lookup
1123	publication_component:citation:publication:doi:10.1016/j.cbd.2008.12.002	pubmed	exact_pmid_efetch	20403749	requires_pubmed_lookup
1124	publication_component:citation:publication:doi:10.1016/j.cbd.2012.07.001	pubmed	exact_pmid_efetch	22841684	requires_pubmed_lookup
1125	publication_component:citation:publication:doi:10.1016/j.cbd.2012.12.004	pubmed	exact_pmid_efetch	23321268	requires_pubmed_lookup
1126	publication_component:citation:publication:doi:10.1016/j.cbd.2013.06.002	pubmed	exact_pmid_efetch	23831553	requires_pubmed_lookup
1127	publication_component:citation:publication:doi:10.1016/j.cbd.2017.11.002	pubmed	exact_pmid_efetch	29145028	requires_pubmed_lookup
1128	publication_component:citation:publication:doi:10.1016/j.cbd.2018.03.003	pubmed	exact_pmid_efetch	29626726	requires_pubmed_lookup
1129	publication_component:citation:publication:doi:10.1016/j.cbd.2018.06.002	pubmed	exact_pmid_efetch	29940392	requires_pubmed_lookup
1130	publication_component:citation:publication:doi:10.1016/j.cbd.2019.100609	pubmed	exact_pmid_efetch	31362144	requires_pubmed_lookup
1131	publication_component:citation:publication:doi:10.1016/j.cbd.2019.100615	pubmed	exact_pmid_efetch	31419604	requires_pubmed_lookup
1132	publication_component:citation:publication:doi:10.1016/j.cbd.2021.100840	pubmed	exact_pmid_efetch	34022525	requires_pubmed_lookup
1133	publication_component:citation:publication:doi:10.1016/j.cbd.2021.100910	pubmed	exact_pmid_efetch	34509952	requires_pubmed_lookup
1134	publication_component:citation:publication:doi:10.1016/j.cbd.2022.100960	pubmed	exact_pmid_efetch	35042124	requires_pubmed_lookup
1135	publication_component:citation:publication:doi:10.1016/j.cbd.2022.101045	pubmed	exact_pmid_efetch	36470107	requires_pubmed_lookup
1136	publication_component:citation:publication:doi:10.1016/j.cbd.2023.101170	pubmed	exact_pmid_efetch	38081109	requires_pubmed_lookup
1137	publication_component:citation:publication:doi:10.1016/j.cbd.2023.101174	pubmed	exact_pmid_efetch	38096641	requires_pubmed_lookup
1138	publication_component:citation:publication:doi:10.1016/j.cbd.2023.101183	pubmed	exact_pmid_efetch	38141370	requires_pubmed_lookup
1139	publication_component:citation:publication:doi:10.1016/j.cbd.2023.101187	pubmed	exact_pmid_efetch	38183966	requires_pubmed_lookup
1140	publication_component:citation:publication:doi:10.1016/j.cbd.2025.101575	pubmed	exact_pmid_efetch	40639099	requires_pubmed_lookup
1141	publication_component:citation:publication:doi:10.1016/j.cbd.2025.101611	pubmed	exact_pmid_efetch	40845583	requires_pubmed_lookup
1142	publication_component:citation:publication:doi:10.1016/j.cbd.2026.101874	pubmed	exact_pmid_efetch	42224754	requires_pubmed_lookup
1143	publication_component:citation:publication:doi:10.1016/j.cbd.2026.101890	pubmed	exact_pmid_efetch	42229281	requires_pubmed_lookup
1144	publication_component:citation:publication:doi:10.1016/j.cbd.2026.101896	pubmed	exact_pmid_efetch	42263459	requires_pubmed_lookup
1145	publication_component:citation:publication:doi:10.1016/j.cbd.2026.101991	pubmed	exact_pmid_efetch	42679772	requires_pubmed_lookup
1146	publication_component:citation:publication:doi:10.1016/j.cbd.2026.102016	pubmed	exact_pmid_efetch	42721520	requires_pubmed_lookup
1147	publication_component:citation:publication:doi:10.1016/j.cbpa.2011.03.005	pubmed	exact_pmid_efetch	21470898	requires_pubmed_lookup
1148	publication_component:citation:publication:doi:10.1016/j.cbpa.2011.03.027	pubmed	exact_pmid_efetch	21466856	requires_pubmed_lookup
1149	publication_component:citation:publication:doi:10.1016/j.cbpb.2009.05.009	pubmed	exact_pmid_efetch	19454321	requires_pubmed_lookup
1150	publication_component:citation:publication:doi:10.1016/j.cbpb.2012.06.002	pubmed	exact_pmid_efetch	22750399	requires_pubmed_lookup
1151	publication_component:citation:publication:doi:10.1016/j.cbpb.2015.11.007	pubmed	exact_pmid_efetch	26627128	requires_pubmed_lookup
1152	publication_component:citation:publication:doi:10.1016/j.cbpb.2026.111283	pubmed	exact_pmid_efetch	42700949	requires_pubmed_lookup
1153	publication_component:citation:publication:doi:10.1016/j.cdev.2021.203755	pubmed	exact_pmid_efetch	34758403	requires_pubmed_lookup
1154	publication_component:citation:publication:doi:10.1016/j.cej.2026.176930	openalex	exact_work_id	W7160045857	requires_openalex_lookup
1155	publication_component:citation:publication:doi:10.1016/j.cell.2008.06.021	pubmed	exact_pmid_efetch	18692465	requires_pubmed_lookup
1156	publication_component:citation:publication:doi:10.1016/j.cell.2011.09.052	pubmed	exact_pmid_efetch	22118469	requires_pubmed_lookup
1157	publication_component:citation:publication:doi:10.1016/j.cell.2012.03.033	pubmed	exact_pmid_efetch	22559943	requires_pubmed_lookup
1158	publication_component:citation:publication:doi:10.1016/j.cell.2014.07.047	pubmed	exact_pmid_efetch	25175626	requires_pubmed_lookup
1159	publication_component:citation:publication:doi:10.1016/j.cell.2015.11.008	pubmed	exact_pmid_efetch	26638078	requires_pubmed_lookup
1160	publication_component:citation:publication:doi:10.1016/j.cell.2016.06.020	pubmed	exact_pmid_efetch	27426948	requires_pubmed_lookup
1161	publication_component:citation:publication:doi:10.1016/j.cell.2017.09.042	pubmed	exact_pmid_efetch	29056346	requires_pubmed_lookup
1162	publication_component:citation:publication:doi:10.1016/j.cell.2018.02.058	pubmed	exact_pmid_efetch	29551271	requires_pubmed_lookup
1163	publication_component:citation:publication:doi:10.1016/j.cell.2018.06.033	pubmed	exact_pmid_efetch	30007417	requires_pubmed_lookup
1164	publication_component:citation:publication:doi:10.1016/j.cell.2019.06.004	pubmed	exact_pmid_efetch	31257025	requires_pubmed_lookup
1165	publication_component:citation:publication:doi:10.1016/j.cell.2019.08.005	pubmed	exact_pmid_efetch	31474372	requires_pubmed_lookup
1166	publication_component:citation:publication:doi:10.1016/j.cell.2019.10.019	pubmed	exact_pmid_efetch	31730849	requires_pubmed_lookup
1167	publication_component:citation:publication:doi:10.1016/j.cell.2019.11.017	pubmed	exact_pmid_efetch	31835036	requires_pubmed_lookup
1168	publication_component:citation:publication:doi:10.1016/j.cell.2020.04.019	pubmed	exact_pmid_efetch	32442406	requires_pubmed_lookup
1169	publication_component:citation:publication:doi:10.1016/j.cell.2020.04.021	pubmed	exact_pmid_efetch	32386545	requires_pubmed_lookup
1170	publication_component:citation:publication:doi:10.1016/j.cell.2020.05.035	pubmed	exact_pmid_efetch	32559462	requires_pubmed_lookup
1171	publication_component:citation:publication:doi:10.1016/j.cell.2020.07.023	pubmed	exact_pmid_efetch	32814014	requires_pubmed_lookup
1172	publication_component:citation:publication:doi:10.1016/j.cell.2020.08.052	pubmed	exact_pmid_efetch	33007266	requires_pubmed_lookup
1173	publication_component:citation:publication:doi:10.1016/j.cell.2020.09.043	pubmed	exact_pmid_efetch	33035453	requires_pubmed_lookup
1174	publication_component:citation:publication:doi:10.1016/j.cell.2020.10.049	pubmed	exact_pmid_efetch	33248470	requires_pubmed_lookup
1175	publication_component:citation:publication:doi:10.1016/j.cell.2021.01.013	pubmed	exact_pmid_efetch	33539781	requires_pubmed_lookup
1176	publication_component:citation:publication:doi:10.1016/j.cell.2021.01.046	pubmed	exact_pmid_efetch	33545088	requires_pubmed_lookup
1177	publication_component:citation:publication:doi:10.1016/j.cell.2021.01.047	pubmed	exact_pmid_efetch	33545087	requires_pubmed_lookup
1178	publication_component:citation:publication:doi:10.1016/j.cell.2021.03.061	pubmed	exact_pmid_efetch	33891875	requires_pubmed_lookup
1179	publication_component:citation:publication:doi:10.1016/j.cell.2021.07.032	pubmed	exact_pmid_efetch	34433011	requires_pubmed_lookup
1180	publication_component:citation:publication:doi:10.1016/j.cell.2021.07.037	pubmed	exact_pmid_efetch	34433012	requires_pubmed_lookup
1181	publication_component:citation:publication:doi:10.1016/j.cell.2021.12.006	pubmed	exact_pmid_efetch	34965378	requires_pubmed_lookup
1182	publication_component:citation:publication:doi:10.1016/j.cell.2021.12.027	pubmed	exact_pmid_efetch	35051367	requires_pubmed_lookup
1183	publication_component:citation:publication:doi:10.1016/j.cell.2022.09.022	pubmed	exact_pmid_efetch	36182704	requires_pubmed_lookup
1184	publication_component:citation:publication:doi:10.1016/j.cell.2023.01.011	pubmed	exact_pmid_efetch	36812912	requires_pubmed_lookup
1185	publication_component:citation:publication:doi:10.1016/j.cell.2023.04.008	pubmed	exact_pmid_efetch	37146612	requires_pubmed_lookup
1186	publication_component:citation:publication:doi:10.1016/j.cell.2023.05.030	pubmed	exact_pmid_efetch	37339633	requires_pubmed_lookup
1187	publication_component:citation:publication:doi:10.1016/j.cell.2023.05.043	pubmed	exact_pmid_efetch	37343560	requires_pubmed_lookup
1188	publication_component:citation:publication:doi:10.1016/j.cell.2023.06.001	pubmed	exact_pmid_efetch	37413988	requires_pubmed_lookup
1189	publication_component:citation:publication:doi:10.1016/j.cell.2023.07.003	pubmed	exact_pmid_efetch	37562403	requires_pubmed_lookup
1190	publication_component:citation:publication:doi:10.1016/j.cell.2023.09.022	pubmed	exact_pmid_efetch	37875109	requires_pubmed_lookup
1191	publication_component:citation:publication:doi:10.1016/j.cell.2023.11.024	pubmed	exact_pmid_efetch	38101407	requires_pubmed_lookup
1192	publication_component:citation:publication:doi:10.1016/j.cell.2024.01.052	pubmed	exact_pmid_efetch	38428424	requires_pubmed_lookup
1193	publication_component:citation:publication:doi:10.1016/j.cell.2024.02.003	pubmed	exact_pmid_efetch	38428425	requires_pubmed_lookup
1194	publication_component:citation:publication:doi:10.1016/j.cell.2024.04.048	pubmed	exact_pmid_efetch	38810644	requires_pubmed_lookup
1195	publication_component:citation:publication:doi:10.1016/j.cell.2024.05.012	pubmed	exact_pmid_efetch	38889727	requires_pubmed_lookup
1196	publication_component:citation:publication:doi:10.1016/j.cell.2024.08.010	pubmed	exact_pmid_efetch	39303692	requires_pubmed_lookup
1197	publication_component:citation:publication:doi:10.1016/j.cell.2024.09.009	pubmed	exact_pmid_efetch	39332413	requires_pubmed_lookup
1198	publication_component:citation:publication:doi:10.1016/j.cell.2024.10.003	pubmed	exact_pmid_efetch	39471811	requires_pubmed_lookup
1199	publication_component:citation:publication:doi:10.1016/j.cell.2024.10.005	pubmed	exact_pmid_efetch	39476840	requires_pubmed_lookup
1200	publication_component:citation:publication:doi:10.1016/j.cell.2024.10.049	pubmed	exact_pmid_efetch	39571576	requires_pubmed_lookup
1201	publication_component:citation:publication:doi:10.1016/j.cell.2024.12.001	pubmed	exact_pmid_efetch	39753131	requires_pubmed_lookup
1202	publication_component:citation:publication:doi:10.1016/j.cell.2025.01.002	pubmed	exact_pmid_efetch	40054449	requires_pubmed_lookup
1203	publication_component:citation:publication:doi:10.1016/j.cell.2025.01.023	pubmed	exact_pmid_efetch	39952246	requires_pubmed_lookup
1204	publication_component:citation:publication:doi:10.1016/j.cell.2025.01.030	pubmed	exact_pmid_efetch	40054448	requires_pubmed_lookup
1205	publication_component:citation:publication:doi:10.1016/j.cell.2025.06.034	pubmed	exact_pmid_efetch	40749684	requires_pubmed_lookup
1206	publication_component:citation:publication:doi:10.1016/j.cell.2025.06.037	pubmed	exact_pmid_efetch	40695280	requires_pubmed_lookup
1207	publication_component:citation:publication:doi:10.1016/j.cell.2025.07.029	pubmed	exact_pmid_efetch	40795857	requires_pubmed_lookup
1208	publication_component:citation:publication:doi:10.1016/j.cell.2025.07.036	pubmed	exact_pmid_efetch	40829588	requires_pubmed_lookup
1209	publication_component:citation:publication:doi:10.1016/j.cell.2025.08.011	pubmed	exact_pmid_efetch	40902596	requires_pubmed_lookup
1210	publication_component:citation:publication:doi:10.1016/j.cell.2025.09.005	pubmed	exact_pmid_efetch	41033311	requires_pubmed_lookup
1211	publication_component:citation:publication:doi:10.1016/j.cell.2025.12.041	pubmed	exact_pmid_efetch	41650968	requires_pubmed_lookup
1212	publication_component:citation:publication:doi:10.1016/j.cell.2026.02.006	pubmed	exact_pmid_efetch	41794027	requires_pubmed_lookup
1213	publication_component:citation:publication:doi:10.1016/j.cell.2026.03.046	pubmed	exact_pmid_efetch	42013838	requires_pubmed_lookup
1214	publication_component:citation:publication:doi:10.1016/j.cell.2026.04.008	pubmed	exact_pmid_efetch	42105759	requires_pubmed_lookup
1215	publication_component:citation:publication:doi:10.1016/j.cellsig.2020.109601	pubmed	exact_pmid_efetch	32184196	requires_pubmed_lookup
1216	publication_component:citation:publication:doi:10.1016/j.celrep.2012.06.022	pubmed	exact_pmid_efetch	22938865	requires_pubmed_lookup
1217	publication_component:citation:publication:doi:10.1016/j.celrep.2012.09.017	pubmed	exact_pmid_efetch	23103169	requires_pubmed_lookup
1218	publication_component:citation:publication:doi:10.1016/j.celrep.2014.04.038	pubmed	exact_pmid_efetch	24835989	requires_pubmed_lookup
1219	publication_component:citation:publication:doi:10.1016/j.celrep.2014.12.008	pubmed	exact_pmid_efetch	25565328	requires_pubmed_lookup
1220	publication_component:citation:publication:doi:10.1016/j.celrep.2015.01.026	pubmed	exact_pmid_efetch	25683714	requires_pubmed_lookup
1221	publication_component:citation:publication:doi:10.1016/j.celrep.2019.02.018	pubmed	exact_pmid_efetch	30811993	requires_pubmed_lookup
1222	publication_component:citation:publication:doi:10.1016/j.celrep.2020.108602	pubmed	exact_pmid_efetch	33440154	requires_pubmed_lookup
1223	publication_component:citation:publication:doi:10.1016/j.celrep.2021.109940	pubmed	exact_pmid_efetch	34731636	requires_pubmed_lookup
1224	publication_component:citation:publication:doi:10.1016/j.celrep.2022.110726	pubmed	exact_pmid_efetch	35476992	requires_pubmed_lookup
1225	publication_component:citation:publication:doi:10.1016/j.celrep.2022.111009	pubmed	exact_pmid_efetch	35732171	requires_pubmed_lookup
1226	publication_component:citation:publication:doi:10.1016/j.celrep.2022.111079	pubmed	exact_pmid_efetch	35830808	requires_pubmed_lookup
1227	publication_component:citation:publication:doi:10.1016/j.celrep.2022.111236	pubmed	exact_pmid_efetch	35977487	requires_pubmed_lookup
1228	publication_component:citation:publication:doi:10.1016/j.celrep.2022.111287	pubmed	exact_pmid_efetch	36044840	requires_pubmed_lookup
1229	publication_component:citation:publication:doi:10.1016/j.celrep.2022.111808	pubmed	exact_pmid_efetch	36543139	requires_pubmed_lookup
1230	publication_component:citation:publication:doi:10.1016/j.celrep.2023.112158	pubmed	exact_pmid_efetch	36827180	requires_pubmed_lookup
1231	publication_component:citation:publication:doi:10.1016/j.celrep.2023.112263	pubmed	exact_pmid_efetch	36930644	requires_pubmed_lookup
1232	publication_component:citation:publication:doi:10.1016/j.celrep.2024.113723	pubmed	exact_pmid_efetch	38300801	requires_pubmed_lookup
1233	publication_component:citation:publication:doi:10.1016/j.celrep.2024.113725	pubmed	exact_pmid_efetch	38300800	requires_pubmed_lookup
1234	publication_component:citation:publication:doi:10.1016/j.celrep.2024.114479	pubmed	exact_pmid_efetch	39003741	requires_pubmed_lookup
1235	publication_component:citation:publication:doi:10.1016/j.celrep.2024.114745	pubmed	exact_pmid_efetch	39298317	requires_pubmed_lookup
1236	publication_component:citation:publication:doi:10.1016/j.celrep.2024.114902	pubmed	exact_pmid_efetch	39489937	requires_pubmed_lookup
1237	publication_component:citation:publication:doi:10.1016/j.celrep.2024.114939	pubmed	exact_pmid_efetch	39509270	requires_pubmed_lookup
1238	publication_component:citation:publication:doi:10.1016/j.celrep.2024.115067	pubmed	exact_pmid_efetch	39673707	requires_pubmed_lookup
1239	publication_component:citation:publication:doi:10.1016/j.celrep.2025.115640	pubmed	exact_pmid_efetch	40310719	requires_pubmed_lookup
1240	publication_component:citation:publication:doi:10.1016/j.celrep.2025.116007	pubmed	exact_pmid_efetch	40679911	requires_pubmed_lookup
1241	publication_component:citation:publication:doi:10.1016/j.celrep.2025.116055	pubmed	exact_pmid_efetch	40711879	requires_pubmed_lookup
1242	publication_component:citation:publication:doi:10.1016/j.celrep.2025.116110	pubmed	exact_pmid_efetch	40782350	requires_pubmed_lookup
1243	publication_component:citation:publication:doi:10.1016/j.celrep.2025.116218	pubmed	exact_pmid_efetch	40928943	requires_pubmed_lookup
1244	publication_component:citation:publication:doi:10.1016/j.celrep.2025.116220	pubmed	exact_pmid_efetch	40934083	requires_pubmed_lookup
1245	publication_component:citation:publication:doi:10.1016/j.celrep.2025.116635	pubmed	exact_pmid_efetch	41296564	requires_pubmed_lookup
1246	publication_component:citation:publication:doi:10.1016/j.celrep.2025.116844	pubmed	exact_pmid_efetch	41546866	requires_pubmed_lookup
1247	publication_component:citation:publication:doi:10.1016/j.celrep.2026.116988	pubmed	exact_pmid_efetch	41689805	requires_pubmed_lookup
1248	publication_component:citation:publication:doi:10.1016/j.celrep.2026.117007	pubmed	exact_pmid_efetch	41719129	requires_pubmed_lookup
1249	publication_component:citation:publication:doi:10.1016/j.celrep.2026.117037	pubmed	exact_pmid_efetch	41758653	requires_pubmed_lookup
1250	publication_component:citation:publication:doi:10.1016/j.celrep.2026.117359	pubmed	exact_pmid_efetch	42090291	requires_pubmed_lookup
1251	publication_component:citation:publication:doi:10.1016/j.celrep.2026.117494	pubmed	exact_pmid_efetch	42241280	requires_pubmed_lookup
1252	publication_component:citation:publication:doi:10.1016/j.celrep.2026.117566	pubmed	exact_pmid_efetch	42319826	requires_pubmed_lookup
1253	publication_component:citation:publication:doi:10.1016/j.cels.2018.08.008	pubmed	exact_pmid_efetch	30243563	requires_pubmed_lookup
1254	publication_component:citation:publication:doi:10.1016/j.cels.2022.07.005	pubmed	exact_pmid_efetch	36265470	requires_pubmed_lookup
1255	publication_component:citation:publication:doi:10.1016/j.cels.2024.05.005	pubmed	exact_pmid_efetch	38861992	requires_pubmed_lookup
1256	publication_component:citation:publication:doi:10.1016/j.cels.2025.101202	pubmed	exact_pmid_efetch	40023148	requires_pubmed_lookup
1257	publication_component:citation:publication:doi:10.1016/j.cels.2025.101244	pubmed	exact_pmid_efetch	40174588	requires_pubmed_lookup
1258	publication_component:citation:publication:doi:10.1016/j.checat.2022.09.026	openalex	exact_work_id	W4304698302	requires_openalex_lookup
1259	publication_component:citation:publication:doi:10.1016/j.chembiol.2016.05.009	pubmed	exact_pmid_efetch	27291401	requires_pubmed_lookup
1260	publication_component:citation:publication:doi:10.1016/j.chemolab.2016.05.012	openalex	exact_work_id	W2402843381	requires_openalex_lookup
1261	publication_component:citation:publication:doi:10.1016/j.chemosphere.2019.124968	pubmed	exact_pmid_efetch	31606578	requires_pubmed_lookup
1262	publication_component:citation:publication:doi:10.1016/j.chom.2012.01.007	pubmed	exact_pmid_efetch	22305291	requires_pubmed_lookup
1263	publication_component:citation:publication:doi:10.1016/j.chom.2012.09.005	pubmed	exact_pmid_efetch	23084925	requires_pubmed_lookup
1264	publication_component:citation:publication:doi:10.1016/j.chom.2015.10.008	pubmed	exact_pmid_efetch	26607161	requires_pubmed_lookup
1265	publication_component:citation:publication:doi:10.1016/j.chom.2018.07.004	pubmed	exact_pmid_efetch	30092200	requires_pubmed_lookup
1266	publication_component:citation:publication:doi:10.1016/j.chom.2020.01.008	pubmed	exact_pmid_efetch	32075743	requires_pubmed_lookup
1267	publication_component:citation:publication:doi:10.1016/j.chom.2020.09.014	pubmed	exact_pmid_efetch	33113352	requires_pubmed_lookup
1268	publication_component:citation:publication:doi:10.1016/j.chom.2020.10.011	pubmed	exact_pmid_efetch	33212020	requires_pubmed_lookup
1269	publication_component:citation:publication:doi:10.1016/j.chom.2021.07.005	pubmed	exact_pmid_efetch	34358433	requires_pubmed_lookup
1270	publication_component:citation:publication:doi:10.1016/j.chom.2021.12.010	pubmed	exact_pmid_efetch	34973165	requires_pubmed_lookup
1271	publication_component:citation:publication:doi:10.1016/j.chom.2022.03.018	pubmed	exact_pmid_efetch	35364015	requires_pubmed_lookup
1272	publication_component:citation:publication:doi:10.1016/j.chom.2022.07.006	pubmed	exact_pmid_efetch	35931073	requires_pubmed_lookup
1273	publication_component:citation:publication:doi:10.1016/j.chom.2023.06.016	pubmed	exact_pmid_efetch	37490912	requires_pubmed_lookup
1274	publication_component:citation:publication:doi:10.1016/j.chom.2023.09.012	pubmed	exact_pmid_efetch	37883977	requires_pubmed_lookup
1275	publication_component:citation:publication:doi:10.1016/j.chom.2025.10.020	pubmed	exact_pmid_efetch	41270733	requires_pubmed_lookup
1276	publication_component:citation:publication:doi:10.1016/j.chom.2026.04.006	pubmed	exact_pmid_efetch	42097142	requires_pubmed_lookup
1277	publication_component:citation:publication:doi:10.1016/j.clnu.2023.03.010	pubmed	exact_pmid_efetch	36965196	requires_pubmed_lookup
1278	publication_component:citation:publication:doi:10.1016/j.cmi.2017.12.024	pubmed	exact_pmid_efetch	29326010	requires_pubmed_lookup
1279	publication_component:citation:publication:doi:10.1016/j.cmi.2019.09.008	pubmed	exact_pmid_efetch	31536818	requires_pubmed_lookup
1280	publication_component:citation:publication:doi:10.1016/j.cmi.2023.07.011	pubmed	exact_pmid_efetch	37507009	requires_pubmed_lookup
1281	publication_component:citation:publication:doi:10.1016/j.cmi.2025.10.002	pubmed	exact_pmid_efetch	41083104	requires_pubmed_lookup
1282	publication_component:citation:publication:doi:10.1016/j.cofs.2016.04.004	openalex	exact_work_id	W2343683244	requires_openalex_lookup
1283	publication_component:citation:publication:doi:10.1016/j.compbiolchem.2011.08.001	pubmed	exact_pmid_efetch	22000803	requires_pubmed_lookup
1284	publication_component:citation:publication:doi:10.1016/j.compbiolchem.2011.12.002	pubmed	exact_pmid_efetch	22261151	requires_pubmed_lookup
1285	publication_component:citation:publication:doi:10.1016/j.compbiolchem.2014.09.001	pubmed	exact_pmid_efetch	25215651	requires_pubmed_lookup
1286	publication_component:citation:publication:doi:10.1016/j.compbiolchem.2017.11.002	pubmed	exact_pmid_efetch	29413813	requires_pubmed_lookup
1287	publication_component:citation:publication:doi:10.1016/j.compbiolchem.2018.11.019	pubmed	exact_pmid_efetch	30530297	requires_pubmed_lookup
1288	publication_component:citation:publication:doi:10.1016/j.compbiolchem.2019.02.009	pubmed	exact_pmid_efetch	30851618	requires_pubmed_lookup
1289	publication_component:citation:publication:doi:10.1016/j.compbiolchem.2019.04.013	pubmed	exact_pmid_efetch	31082717	requires_pubmed_lookup
1290	publication_component:citation:publication:doi:10.1016/j.compbiolchem.2019.107110	pubmed	exact_pmid_efetch	31445418	requires_pubmed_lookup
1291	publication_component:citation:publication:doi:10.1016/j.compbiolchem.2025.108751	pubmed	exact_pmid_efetch	41172604	requires_pubmed_lookup
1292	publication_component:citation:publication:doi:10.1016/j.compbiolchem.2025.108840	pubmed	exact_pmid_efetch	41389578	requires_pubmed_lookup
1293	publication_component:citation:publication:doi:10.1016/j.compbiomed.2022.106522	pubmed	exact_pmid_efetch	36638615	requires_pubmed_lookup
1294	publication_component:citation:publication:doi:10.1016/j.cophys.2020.06.011	openalex	exact_work_id	W3039852777	requires_openalex_lookup
1295	publication_component:citation:publication:doi:10.1016/j.coviro.2018.08.009	pubmed	exact_pmid_efetch	30248578	requires_pubmed_lookup
1296	publication_component:citation:publication:doi:10.1016/j.coviro.2021.09.009	pubmed	exact_pmid_efetch	34597873	requires_pubmed_lookup
1297	publication_component:citation:publication:doi:10.1016/j.coviro.2022.101202	pubmed	exact_pmid_efetch	35124511	requires_pubmed_lookup
1298	publication_component:citation:publication:doi:10.1016/j.cpb.2014.08.002	openalex	exact_work_id	W1971023789	requires_openalex_lookup
1299	publication_component:citation:publication:doi:10.1016/j.cpb.2026.100602	openalex	exact_work_id	W7135041093	requires_openalex_lookup
1300	publication_component:citation:publication:doi:10.1016/j.crfs.2023.100631	pubmed	exact_pmid_efetch	38021263	requires_pubmed_lookup
1301	publication_component:citation:publication:doi:10.1016/j.crmicr.2025.100406	pubmed	exact_pmid_efetch	40510237	requires_pubmed_lookup
1302	publication_component:citation:publication:doi:10.1016/j.crmicr.2026.100563	pubmed	exact_pmid_efetch	41732697	requires_pubmed_lookup
1303	publication_component:citation:publication:doi:10.1016/j.crpv.2013.07.003	openalex	exact_work_id	W2071717427	requires_openalex_lookup
1304	publication_component:citation:publication:doi:10.1016/j.crvi.2018.06.005	pubmed	exact_pmid_efetch	30032779	requires_pubmed_lookup
1305	publication_component:citation:publication:doi:10.1016/j.csag.2025.100052	openalex	exact_work_id	W4409157637	requires_openalex_lookup
1306	publication_component:citation:publication:doi:10.1016/j.csbj.2017.05.002	pubmed	exact_pmid_efetch	28652896	requires_pubmed_lookup
1307	publication_component:citation:publication:doi:10.1016/j.csbj.2020.02.009	pubmed	exact_pmid_efetch	32180906	requires_pubmed_lookup
1308	publication_component:citation:publication:doi:10.1016/j.csbj.2020.03.022	pubmed	exact_pmid_efetch	32280432	requires_pubmed_lookup
1309	publication_component:citation:publication:doi:10.1016/j.csbj.2020.10.040	pubmed	exact_pmid_efetch	33335692	requires_pubmed_lookup
1310	publication_component:citation:publication:doi:10.1016/j.csbj.2021.07.006	pubmed	exact_pmid_efetch	34377362	requires_pubmed_lookup
1311	publication_component:citation:publication:doi:10.1016/j.csbj.2021.08.038	pubmed	exact_pmid_efetch	34527199	requires_pubmed_lookup
1312	publication_component:citation:publication:doi:10.1016/j.csbj.2022.01.030	pubmed	exact_pmid_efetch	35242291	requires_pubmed_lookup
1313	publication_component:citation:publication:doi:10.1016/j.csbj.2022.05.011	pubmed	exact_pmid_efetch	35574268	requires_pubmed_lookup
1314	publication_component:citation:publication:doi:10.1016/j.csbj.2024.05.048	pubmed	exact_pmid_efetch	38882676	requires_pubmed_lookup
1315	publication_component:citation:publication:doi:10.1016/j.csbj.2024.07.022	pubmed	exact_pmid_efetch	39234301	requires_pubmed_lookup
1316	publication_component:citation:publication:doi:10.1016/j.csbj.2025.03.044	pubmed	exact_pmid_efetch	40235636	requires_pubmed_lookup
1317	publication_component:citation:publication:doi:10.1016/j.csda.2014.01.008	openalex	exact_work_id	W2146180665	requires_openalex_lookup
1318	publication_component:citation:publication:doi:10.1016/j.cstres.2024.10.004	pubmed	exact_pmid_efetch	39426497	requires_pubmed_lookup
1319	publication_component:citation:publication:doi:10.1016/j.cub.2009.09.022	pubmed	exact_pmid_efetch	19879144	requires_pubmed_lookup
1320	publication_component:citation:publication:doi:10.1016/j.cub.2010.11.013	pubmed	exact_pmid_efetch	21093267	requires_pubmed_lookup
1321	publication_component:citation:publication:doi:10.1016/j.cub.2011.05.013	pubmed	exact_pmid_efetch	21636278	requires_pubmed_lookup
1322	publication_component:citation:publication:doi:10.1016/j.cub.2011.05.058	pubmed	exact_pmid_efetch	21737280	requires_pubmed_lookup
1323	publication_component:citation:publication:doi:10.1016/j.cub.2011.07.045	pubmed	exact_pmid_efetch	21889890	requires_pubmed_lookup
1324	publication_component:citation:publication:doi:10.1016/j.cub.2013.09.014	pubmed	exact_pmid_efetch	24184098	requires_pubmed_lookup
1325	publication_component:citation:publication:doi:10.1016/j.cub.2014.01.041	pubmed	exact_pmid_efetch	24583016	requires_pubmed_lookup
1326	publication_component:citation:publication:doi:10.1016/j.cub.2014.07.042	pubmed	exact_pmid_efetch	25176635	requires_pubmed_lookup
1327	publication_component:citation:publication:doi:10.1016/j.cub.2015.04.059	pubmed	exact_pmid_efetch	26051890	requires_pubmed_lookup
1328	publication_component:citation:publication:doi:10.1016/j.cub.2015.09.066	pubmed	exact_pmid_efetch	26603774	requires_pubmed_lookup
1329	publication_component:citation:publication:doi:10.1016/j.cub.2015.10.015	pubmed	exact_pmid_efetch	26583898	requires_pubmed_lookup
1330	publication_component:citation:publication:doi:10.1016/j.cub.2016.04.018	pubmed	exact_pmid_efetch	27212404	requires_pubmed_lookup
1331	publication_component:citation:publication:doi:10.1016/j.cub.2016.07.036	pubmed	exact_pmid_efetch	27618261	requires_pubmed_lookup
1332	publication_component:citation:publication:doi:10.1016/j.cub.2018.03.027	pubmed	exact_pmid_efetch	29706511	requires_pubmed_lookup
1333	publication_component:citation:publication:doi:10.1016/j.cub.2018.03.067	pubmed	exact_pmid_efetch	29731307	requires_pubmed_lookup
1334	publication_component:citation:publication:doi:10.1016/j.cub.2018.08.061	pubmed	exact_pmid_efetch	30344117	requires_pubmed_lookup
1335	publication_component:citation:publication:doi:10.1016/j.cub.2019.01.080	pubmed	exact_pmid_efetch	30880010	requires_pubmed_lookup
1336	publication_component:citation:publication:doi:10.1016/j.cub.2019.05.060	pubmed	exact_pmid_efetch	31231053	requires_pubmed_lookup
1337	publication_component:citation:publication:doi:10.1016/j.cub.2019.07.059	pubmed	exact_pmid_efetch	31495580	requires_pubmed_lookup
1338	publication_component:citation:publication:doi:10.1016/j.cub.2019.07.086	pubmed	exact_pmid_efetch	31522940	requires_pubmed_lookup
1339	publication_component:citation:publication:doi:10.1016/j.cub.2020.03.011	pubmed	exact_pmid_efetch	32243856	requires_pubmed_lookup
1340	publication_component:citation:publication:doi:10.1016/j.cub.2020.04.061	pubmed	exact_pmid_efetch	32470360	requires_pubmed_lookup
1341	publication_component:citation:publication:doi:10.1016/j.cub.2020.04.071	pubmed	exact_pmid_efetch	32502407	requires_pubmed_lookup
1342	publication_component:citation:publication:doi:10.1016/j.cub.2020.06.029	pubmed	exact_pmid_efetch	32619486	requires_pubmed_lookup
1343	publication_component:citation:publication:doi:10.1016/j.cub.2020.07.034	pubmed	exact_pmid_efetch	32763167	requires_pubmed_lookup
1344	publication_component:citation:publication:doi:10.1016/j.cub.2020.09.051	pubmed	exact_pmid_efetch	33065008	requires_pubmed_lookup
1345	publication_component:citation:publication:doi:10.1016/j.cub.2020.12.045	pubmed	exact_pmid_efetch	33485466	requires_pubmed_lookup
1346	publication_component:citation:publication:doi:10.1016/j.cub.2020.12.049	pubmed	exact_pmid_efetch	33513352	requires_pubmed_lookup
1347	publication_component:citation:publication:doi:10.1016/j.cub.2021.01.047	pubmed	exact_pmid_efetch	33571437	requires_pubmed_lookup
1348	publication_component:citation:publication:doi:10.1016/j.cub.2021.01.104	pubmed	exact_pmid_efetch	33657407	requires_pubmed_lookup
1349	publication_component:citation:publication:doi:10.1016/j.cub.2021.02.008	pubmed	exact_pmid_efetch	33657405	requires_pubmed_lookup
1350	publication_component:citation:publication:doi:10.1016/j.cub.2021.02.057	pubmed	exact_pmid_efetch	33798433	requires_pubmed_lookup
1351	publication_component:citation:publication:doi:10.1016/j.cub.2021.03.089	pubmed	exact_pmid_efetch	33887183	requires_pubmed_lookup
1352	publication_component:citation:publication:doi:10.1016/j.cub.2021.04.027	pubmed	exact_pmid_efetch	33878301	requires_pubmed_lookup
1353	publication_component:citation:publication:doi:10.1016/j.cub.2021.04.050	pubmed	exact_pmid_efetch	34015249	requires_pubmed_lookup
1354	publication_component:citation:publication:doi:10.1016/j.cub.2021.06.062	pubmed	exact_pmid_efetch	34314676	requires_pubmed_lookup
1355	publication_component:citation:publication:doi:10.1016/j.cub.2021.08.018	pubmed	exact_pmid_efetch	34478643	requires_pubmed_lookup
1356	publication_component:citation:publication:doi:10.1016/j.cub.2021.10.052	pubmed	exact_pmid_efetch	34788634	requires_pubmed_lookup
1357	publication_component:citation:publication:doi:10.1016/j.cub.2021.11.047	pubmed	exact_pmid_efetch	34883046	requires_pubmed_lookup
1358	publication_component:citation:publication:doi:10.1016/j.cub.2022.02.018	pubmed	exact_pmid_efetch	35245459	requires_pubmed_lookup
1359	publication_component:citation:publication:doi:10.1016/j.cub.2022.02.027	pubmed	exact_pmid_efetch	35271794	requires_pubmed_lookup
1360	publication_component:citation:publication:doi:10.1016/j.cub.2022.05.001	pubmed	exact_pmid_efetch	35623348	requires_pubmed_lookup
1361	publication_component:citation:publication:doi:10.1016/j.cub.2022.05.009	pubmed	exact_pmid_efetch	35643081	requires_pubmed_lookup
1362	publication_component:citation:publication:doi:10.1016/j.cub.2022.07.059	pubmed	exact_pmid_efetch	35985327	requires_pubmed_lookup
1363	publication_component:citation:publication:doi:10.1016/j.cub.2022.08.021	pubmed	exact_pmid_efetch	36057260	requires_pubmed_lookup
1364	publication_component:citation:publication:doi:10.1016/j.cub.2022.11.049	pubmed	exact_pmid_efetch	36549299	requires_pubmed_lookup
1365	publication_component:citation:publication:doi:10.1016/j.cub.2023.05.003	pubmed	exact_pmid_efetch	37224809	requires_pubmed_lookup
1366	publication_component:citation:publication:doi:10.1016/j.cub.2023.05.046	pubmed	exact_pmid_efetch	37290443	requires_pubmed_lookup
1367	publication_component:citation:publication:doi:10.1016/j.cub.2023.10.055	pubmed	exact_pmid_efetch	37977138	requires_pubmed_lookup
1368	publication_component:citation:publication:doi:10.1016/j.cub.2023.10.059	pubmed	exact_pmid_efetch	38052161	requires_pubmed_lookup
1369	publication_component:citation:publication:doi:10.1016/j.cub.2023.10.063	pubmed	exact_pmid_efetch	37989309	requires_pubmed_lookup
1370	publication_component:citation:publication:doi:10.1016/j.cub.2024.01.034	pubmed	exact_pmid_efetch	38309271	requires_pubmed_lookup
1371	publication_component:citation:publication:doi:10.1016/j.cub.2024.02.002	pubmed	exact_pmid_efetch	38417444	requires_pubmed_lookup
1372	publication_component:citation:publication:doi:10.1016/j.cub.2024.03.029	pubmed	exact_pmid_efetch	38626764	requires_pubmed_lookup
1373	publication_component:citation:publication:doi:10.1016/j.cub.2024.05.022	pubmed	exact_pmid_efetch	38851184	requires_pubmed_lookup
1374	publication_component:citation:publication:doi:10.1016/j.cub.2024.06.080	pubmed	exact_pmid_efetch	39067451	requires_pubmed_lookup
1375	publication_component:citation:publication:doi:10.1016/j.cub.2024.07.010	pubmed	exact_pmid_efetch	39079534	requires_pubmed_lookup
1376	publication_component:citation:publication:doi:10.1016/j.cub.2024.08.009	pubmed	exact_pmid_efetch	39260362	requires_pubmed_lookup
1377	publication_component:citation:publication:doi:10.1016/j.cub.2024.08.053	pubmed	exact_pmid_efetch	39326413	requires_pubmed_lookup
1378	publication_component:citation:publication:doi:10.1016/j.cub.2024.09.027	pubmed	exact_pmid_efetch	39395416	requires_pubmed_lookup
1379	publication_component:citation:publication:doi:10.1016/j.cub.2024.09.084	pubmed	exact_pmid_efetch	39442516	requires_pubmed_lookup
1380	publication_component:citation:publication:doi:10.1016/j.cub.2025.01.017	pubmed	exact_pmid_efetch	39947176	requires_pubmed_lookup
1381	publication_component:citation:publication:doi:10.1016/j.cub.2025.04.032	pubmed	exact_pmid_efetch	40334664	requires_pubmed_lookup
1382	publication_component:citation:publication:doi:10.1016/j.cub.2025.04.044	pubmed	exact_pmid_efetch	40345196	requires_pubmed_lookup
1383	publication_component:citation:publication:doi:10.1016/j.cub.2025.05.050	pubmed	exact_pmid_efetch	40920645	requires_pubmed_lookup
1384	publication_component:citation:publication:doi:10.1016/j.cub.2025.08.032	pubmed	exact_pmid_efetch	40934916	requires_pubmed_lookup
1385	publication_component:citation:publication:doi:10.1016/j.cub.2025.08.046	pubmed	exact_pmid_efetch	40967205	requires_pubmed_lookup
1386	publication_component:citation:publication:doi:10.1016/j.cub.2025.12.003	pubmed	exact_pmid_efetch	41512853	requires_pubmed_lookup
1387	publication_component:citation:publication:doi:10.1016/j.cub.2026.02.038	pubmed	exact_pmid_efetch	41856103	requires_pubmed_lookup
1388	publication_component:citation:publication:doi:10.1016/j.cub.2026.03.075	pubmed	exact_pmid_efetch	42034058	requires_pubmed_lookup
1389	publication_component:citation:publication:doi:10.1016/j.cub.2026.04.024	pubmed	exact_pmid_efetch	42092357	requires_pubmed_lookup
1390	publication_component:citation:publication:doi:10.1016/j.cub.2026.04.065	pubmed	exact_pmid_efetch	42190658	requires_pubmed_lookup
1391	publication_component:citation:publication:doi:10.1016/j.cub.2026.05.021	pubmed	exact_pmid_efetch	42269612	requires_pubmed_lookup
1392	publication_component:citation:publication:doi:10.1016/j.cub.2026.05.035	pubmed	exact_pmid_efetch	42285097	requires_pubmed_lookup
1393	publication_component:citation:publication:doi:10.1016/j.cub.2026.06.051	pubmed	exact_pmid_efetch	42447863	requires_pubmed_lookup
1394	publication_component:citation:publication:doi:10.1016/j.cub.2026.06.065	pubmed	exact_pmid_efetch	42456660	requires_pubmed_lookup
1395	publication_component:citation:publication:doi:10.1016/j.cub.2026.06.070	pubmed	exact_pmid_efetch	42462719	requires_pubmed_lookup
1396	publication_component:citation:publication:doi:10.1016/j.cub.2026.07.054	pubmed	exact_pmid_efetch	42551433	requires_pubmed_lookup
1397	publication_component:citation:publication:doi:10.1016/j.cub.2026.07.071	pubmed	exact_pmid_efetch	42636802	requires_pubmed_lookup
1398	publication_component:citation:publication:doi:10.1016/j.cub.2026.08.059	pubmed	exact_pmid_efetch	42753727	requires_pubmed_lookup
1399	publication_component:citation:publication:doi:10.1016/j.cyto.2018.11.009	pubmed	exact_pmid_efetch	30467096	requires_pubmed_lookup
1400	publication_component:citation:publication:doi:10.1016/j.dci.2010.02.012	pubmed	exact_pmid_efetch	20219531	requires_pubmed_lookup
1401	publication_component:citation:publication:doi:10.1016/j.dci.2013.08.007	pubmed	exact_pmid_efetch	23954722	requires_pubmed_lookup
1402	publication_component:citation:publication:doi:10.1016/j.dci.2013.10.001	pubmed	exact_pmid_efetch	24135718	requires_pubmed_lookup
1403	publication_component:citation:publication:doi:10.1016/j.dci.2015.01.004	pubmed	exact_pmid_efetch	25596146	requires_pubmed_lookup
1404	publication_component:citation:publication:doi:10.1016/j.dci.2015.07.009	pubmed	exact_pmid_efetch	26187301	requires_pubmed_lookup
1405	publication_component:citation:publication:doi:10.1016/j.dci.2016.02.025	pubmed	exact_pmid_efetch	26923770	requires_pubmed_lookup
1406	publication_component:citation:publication:doi:10.1016/j.dci.2016.03.011	pubmed	exact_pmid_efetch	26979266	requires_pubmed_lookup
1407	publication_component:citation:publication:doi:10.1016/j.dci.2017.08.007	pubmed	exact_pmid_efetch	28821419	requires_pubmed_lookup
1408	publication_component:citation:publication:doi:10.1016/j.dci.2018.04.005	pubmed	exact_pmid_efetch	29635005	requires_pubmed_lookup
1409	publication_component:citation:publication:doi:10.1016/j.dci.2018.06.005	pubmed	exact_pmid_efetch	29894713	requires_pubmed_lookup
1410	publication_component:citation:publication:doi:10.1016/j.dci.2019.02.002	pubmed	exact_pmid_efetch	30742850	requires_pubmed_lookup
1411	publication_component:citation:publication:doi:10.1016/j.dci.2019.04.008	pubmed	exact_pmid_efetch	31026469	requires_pubmed_lookup
1412	publication_component:citation:publication:doi:10.1016/j.dci.2020.103718	pubmed	exact_pmid_efetch	32360411	requires_pubmed_lookup
1413	publication_component:citation:publication:doi:10.1016/j.dci.2020.103990	pubmed	exact_pmid_efetch	33422554	requires_pubmed_lookup
1414	publication_component:citation:publication:doi:10.1016/j.dci.2021.104307	pubmed	exact_pmid_efetch	34748795	requires_pubmed_lookup
1415	publication_component:citation:publication:doi:10.1016/j.dci.2022.104371	pubmed	exact_pmid_efetch	35131310	requires_pubmed_lookup
1416	publication_component:citation:publication:doi:10.1016/j.dci.2023.105079	pubmed	exact_pmid_efetch	37832898	requires_pubmed_lookup
1417	publication_component:citation:publication:doi:10.1016/j.dci.2024.105190	pubmed	exact_pmid_efetch	38697378	requires_pubmed_lookup
1418	publication_component:citation:publication:doi:10.1016/j.dci.2025.105345	pubmed	exact_pmid_efetch	39986443	requires_pubmed_lookup
1419	publication_component:citation:publication:doi:10.1016/j.dci.2025.105543	pubmed	exact_pmid_efetch	41456655	requires_pubmed_lookup
1420	publication_component:citation:publication:doi:10.1016/j.dci.2026.105602	pubmed	exact_pmid_efetch	41974293	requires_pubmed_lookup
1421	publication_component:citation:publication:doi:10.1016/j.devcel.2020.12.019	pubmed	exact_pmid_efetch	33476555	requires_pubmed_lookup
1422	publication_component:citation:publication:doi:10.1016/j.devcel.2024.04.014	pubmed	exact_pmid_efetch	38810654	requires_pubmed_lookup
1423	publication_component:citation:publication:doi:10.1016/j.devcel.2024.12.022	pubmed	exact_pmid_efetch	39793585	requires_pubmed_lookup
1424	publication_component:citation:publication:doi:10.1016/j.diagmicrobio.2010.11.006	pubmed	exact_pmid_efetch	21396539	requires_pubmed_lookup
1425	publication_component:citation:publication:doi:10.1016/j.diagmicrobio.2025.117032	pubmed	exact_pmid_efetch	40961727	requires_pubmed_lookup
1426	publication_component:citation:publication:doi:10.1016/j.dib.2019.01.003	pubmed	exact_pmid_efetch	30705926	requires_pubmed_lookup
1427	publication_component:citation:publication:doi:10.1016/j.dib.2019.104445	pubmed	exact_pmid_efetch	31534995	requires_pubmed_lookup
1428	publication_component:citation:publication:doi:10.1016/j.dib.2021.107402	pubmed	exact_pmid_efetch	34621931	requires_pubmed_lookup
1429	publication_component:citation:publication:doi:10.1016/j.dib.2022.107881	pubmed	exact_pmid_efetch	35198665	requires_pubmed_lookup
1430	publication_component:citation:publication:doi:10.1016/j.dib.2022.108019	pubmed	exact_pmid_efetch	35295870	requires_pubmed_lookup
1431	publication_component:citation:publication:doi:10.1016/j.dib.2024.110476	pubmed	exact_pmid_efetch	38725551	requires_pubmed_lookup
1432	publication_component:citation:publication:doi:10.1016/j.dnarep.2014.07.005	pubmed	exact_pmid_efetch	25084685	requires_pubmed_lookup
1433	publication_component:citation:publication:doi:10.1016/j.drup.2025.101327	pubmed	exact_pmid_efetch	41273849	requires_pubmed_lookup
1434	publication_component:citation:publication:doi:10.1016/j.dsr.2021.103492	openalex	exact_work_id	W3132643729	requires_openalex_lookup
1435	publication_component:citation:publication:doi:10.1016/j.dsr.2021.103658	openalex	exact_work_id	W3210090539	requires_openalex_lookup
1436	publication_component:citation:publication:doi:10.1016/j.dsr.2026.104740	openalex	exact_work_id	W7149639474	requires_openalex_lookup
1437	publication_component:citation:publication:doi:10.1016/j.ebiom.2021.103355	pubmed	exact_pmid_efetch	33915337	requires_pubmed_lookup
1438	publication_component:citation:publication:doi:10.1016/j.ebiom.2024.105488	pubmed	exact_pmid_efetch	39615460	requires_pubmed_lookup
1439	publication_component:citation:publication:doi:10.1016/j.ebiom.2025.105729	pubmed	exact_pmid_efetch	40347833	requires_pubmed_lookup
1440	publication_component:citation:publication:doi:10.1016/j.ebiom.2026.106332	pubmed	exact_pmid_efetch	42276011	requires_pubmed_lookup
1441	publication_component:citation:publication:doi:10.1016/j.ecoenv.2025.118753	pubmed	exact_pmid_efetch	40729909	requires_pubmed_lookup
1442	publication_component:citation:publication:doi:10.1016/j.ecolind.2023.110502	openalex	exact_work_id	W4381685240	requires_openalex_lookup
1443	publication_component:citation:publication:doi:10.1016/j.eehl.2025.100212	pubmed	exact_pmid_efetch	41568088	requires_pubmed_lookup
1444	publication_component:citation:publication:doi:10.1016/j.egg.2017.11.002	openalex	exact_work_id	W2767365319	requires_openalex_lookup
1445	publication_component:citation:publication:doi:10.1016/j.ejop.2012.05.001	pubmed	exact_pmid_efetch	22683065	requires_pubmed_lookup
1446	publication_component:citation:publication:doi:10.1016/j.eng.2025.03.030	openalex	exact_work_id	W4409323016	requires_openalex_lookup
1447	publication_component:citation:publication:doi:10.1016/j.eng.2025.10.030	openalex	exact_work_id	W4416118964	requires_openalex_lookup
1448	publication_component:citation:publication:doi:10.1016/j.envexpbot.2025.106278	openalex	exact_work_id	W4416530272	requires_openalex_lookup
1449	publication_component:citation:publication:doi:10.1016/j.envint.2025.109487	pubmed	exact_pmid_efetch	40273554	requires_pubmed_lookup
1450	publication_component:citation:publication:doi:10.1016/j.epidem.2023.100701	pubmed	exact_pmid_efetch	37379776	requires_pubmed_lookup
1451	publication_component:citation:publication:doi:10.1016/j.epidem.2026.100906	pubmed	exact_pmid_efetch	41880700	requires_pubmed_lookup
1452	publication_component:citation:publication:doi:10.1016/j.epidem.2026.100945	pubmed	exact_pmid_efetch	42759431	requires_pubmed_lookup
1453	publication_component:citation:publication:doi:10.1016/j.eurpsy.2018.07.010	pubmed	exact_pmid_efetch	30121507	requires_pubmed_lookup
1454	publication_component:citation:publication:doi:10.1016/j.exppara.2023.108641	pubmed	exact_pmid_efetch	37949425	requires_pubmed_lookup
1455	publication_component:citation:publication:doi:10.1016/j.febslet.2009.12.022	pubmed	exact_pmid_efetch	20026333	requires_pubmed_lookup
1456	publication_component:citation:publication:doi:10.1016/j.febslet.2010.07.058	pubmed	exact_pmid_efetch	20682315	requires_pubmed_lookup
1457	publication_component:citation:publication:doi:10.1016/j.febslet.2012.01.048	pubmed	exact_pmid_efetch	22306119	requires_pubmed_lookup
1458	publication_component:citation:publication:doi:10.1016/j.febslet.2013.12.005	pubmed	exact_pmid_efetch	24374336	requires_pubmed_lookup
1459	publication_component:citation:publication:doi:10.1016/j.febslet.2014.01.018	pubmed	exact_pmid_efetch	24462682	requires_pubmed_lookup
1460	publication_component:citation:publication:doi:10.1016/j.febslet.2014.08.034	pubmed	exact_pmid_efetch	25217831	requires_pubmed_lookup
1461	publication_component:citation:publication:doi:10.1016/j.fgb.2011.03.005	pubmed	exact_pmid_efetch	21453780	requires_pubmed_lookup
1462	publication_component:citation:publication:doi:10.1016/j.fgb.2015.06.009	pubmed	exact_pmid_efetch	26165518	requires_pubmed_lookup
1463	publication_component:citation:publication:doi:10.1016/j.fgb.2019.103246	pubmed	exact_pmid_efetch	31254611	requires_pubmed_lookup
1464	publication_component:citation:publication:doi:10.1016/j.fgb.2019.103300	pubmed	exact_pmid_efetch	31730909	requires_pubmed_lookup
1465	publication_component:citation:publication:doi:10.1016/j.fgb.2022.103769	pubmed	exact_pmid_efetch	36587787	requires_pubmed_lookup
1466	publication_component:citation:publication:doi:10.1016/j.fgb.2023.103841	pubmed	exact_pmid_efetch	37797717	requires_pubmed_lookup
1467	publication_component:citation:publication:doi:10.1016/j.fishres.2016.09.015	openalex	exact_work_id	W2522175729	requires_openalex_lookup
1468	publication_component:citation:publication:doi:10.1016/j.fm.2018.11.005	pubmed	exact_pmid_efetch	30621881	requires_pubmed_lookup
1469	publication_component:citation:publication:doi:10.1016/j.fm.2021.103821	pubmed	exact_pmid_efetch	34119106	requires_pubmed_lookup
1470	publication_component:citation:publication:doi:10.1016/j.fm.2021.103915	pubmed	exact_pmid_efetch	34809941	requires_pubmed_lookup
1471	publication_component:citation:publication:doi:10.1016/j.fm.2022.104192	pubmed	exact_pmid_efetch	36681391	requires_pubmed_lookup
1472	publication_component:citation:publication:doi:10.1016/j.fm.2023.104349	pubmed	exact_pmid_efetch	37689423	requires_pubmed_lookup
1473	publication_component:citation:publication:doi:10.1016/j.fob.2013.09.004	pubmed	exact_pmid_efetch	24265980	requires_pubmed_lookup
1474	publication_component:citation:publication:doi:10.1016/j.fob.2013.12.006	pubmed	exact_pmid_efetch	24490136	requires_pubmed_lookup
1475	publication_component:citation:publication:doi:10.1016/j.foodcont.2020.107633	openalex	exact_work_id	W3087599668	requires_openalex_lookup
1476	publication_component:citation:publication:doi:10.1016/j.foodres.2022.111265	pubmed	exact_pmid_efetch	35761577	requires_pubmed_lookup
1477	publication_component:citation:publication:doi:10.1016/j.foodres.2023.112762	pubmed	exact_pmid_efetch	37120212	requires_pubmed_lookup
1478	publication_component:citation:publication:doi:10.1016/j.foodres.2026.118681	openalex	exact_work_id	W7128729180	requires_openalex_lookup
1479	publication_component:citation:publication:doi:10.1016/j.foodres.2026.118941	pubmed	exact_pmid_efetch	41895992	requires_pubmed_lookup
1480	publication_component:citation:publication:doi:10.1016/j.foodres.2026.119498	pubmed	exact_pmid_efetch	42270226	requires_pubmed_lookup
1481	publication_component:citation:publication:doi:10.1016/j.foreco.2023.121560	openalex	exact_work_id	W4389080770	requires_openalex_lookup
1482	publication_component:citation:publication:doi:10.1016/j.fsi.2011.07.020	pubmed	exact_pmid_efetch	21839173	requires_pubmed_lookup
1483	publication_component:citation:publication:doi:10.1016/j.fsi.2011.11.033	pubmed	exact_pmid_efetch	22155279	requires_pubmed_lookup
1484	publication_component:citation:publication:doi:10.1016/j.fsi.2012.02.010	pubmed	exact_pmid_efetch	22361113	requires_pubmed_lookup
1485	publication_component:citation:publication:doi:10.1016/j.fsi.2012.03.009	pubmed	exact_pmid_efetch	22450241	requires_pubmed_lookup
1486	publication_component:citation:publication:doi:10.1016/j.fsi.2012.07.010	pubmed	exact_pmid_efetch	22960217	requires_pubmed_lookup
1487	publication_component:citation:publication:doi:10.1016/j.fsi.2012.07.019	pubmed	exact_pmid_efetch	22884462	requires_pubmed_lookup
1488	publication_component:citation:publication:doi:10.1016/j.fsi.2012.10.008	pubmed	exact_pmid_efetch	23069786	requires_pubmed_lookup
1489	publication_component:citation:publication:doi:10.1016/j.fsi.2013.01.018	pubmed	exact_pmid_efetch	23416224	requires_pubmed_lookup
1490	publication_component:citation:publication:doi:10.1016/j.fsi.2013.04.043	pubmed	exact_pmid_efetch	23680844	requires_pubmed_lookup
1491	publication_component:citation:publication:doi:10.1016/j.fsi.2013.04.045	pubmed	exact_pmid_efetch	23684810	requires_pubmed_lookup
1492	publication_component:citation:publication:doi:10.1016/j.fsi.2013.10.018	pubmed	exact_pmid_efetch	24184007	requires_pubmed_lookup
1493	publication_component:citation:publication:doi:10.1016/j.fsi.2014.06.001	pubmed	exact_pmid_efetch	24927880	requires_pubmed_lookup
1494	publication_component:citation:publication:doi:10.1016/j.fsi.2014.08.010	pubmed	exact_pmid_efetch	25180825	requires_pubmed_lookup
1495	publication_component:citation:publication:doi:10.1016/j.fsi.2015.01.022	pubmed	exact_pmid_efetch	25659230	requires_pubmed_lookup
1496	publication_component:citation:publication:doi:10.1016/j.fsi.2015.05.042	pubmed	exact_pmid_efetch	26036969	requires_pubmed_lookup
1497	publication_component:citation:publication:doi:10.1016/j.fsi.2015.06.023	pubmed	exact_pmid_efetch	26102458	requires_pubmed_lookup
1498	publication_component:citation:publication:doi:10.1016/j.fsi.2015.09.008	pubmed	exact_pmid_efetch	26363232	requires_pubmed_lookup
1499	publication_component:citation:publication:doi:10.1016/j.fsi.2015.09.024	pubmed	exact_pmid_efetch	26381931	requires_pubmed_lookup
1500	publication_component:citation:publication:doi:10.1016/j.fsi.2015.12.040	pubmed	exact_pmid_efetch	26747639	requires_pubmed_lookup
1501	publication_component:citation:publication:doi:10.1016/j.fsi.2016.01.012	pubmed	exact_pmid_efetch	26774494	requires_pubmed_lookup
1502	publication_component:citation:publication:doi:10.1016/j.fsi.2016.04.136	pubmed	exact_pmid_efetch	27142934	requires_pubmed_lookup
1503	publication_component:citation:publication:doi:10.1016/j.fsi.2016.07.024	pubmed	exact_pmid_efetch	27431585	requires_pubmed_lookup
1504	publication_component:citation:publication:doi:10.1016/j.fsi.2016.09.057	pubmed	exact_pmid_efetch	27697560	requires_pubmed_lookup
1505	publication_component:citation:publication:doi:10.1016/j.fsi.2017.05.011	pubmed	exact_pmid_efetch	28478255	requires_pubmed_lookup
1506	publication_component:citation:publication:doi:10.1016/j.fsi.2017.05.058	pubmed	exact_pmid_efetch	28554837	requires_pubmed_lookup
1507	publication_component:citation:publication:doi:10.1016/j.fsi.2017.08.029	pubmed	exact_pmid_efetch	28870858	requires_pubmed_lookup
1508	publication_component:citation:publication:doi:10.1016/j.fsi.2017.11.034	pubmed	exact_pmid_efetch	29162540	requires_pubmed_lookup
1509	publication_component:citation:publication:doi:10.1016/j.fsi.2017.12.013	pubmed	exact_pmid_efetch	29246809	requires_pubmed_lookup
1510	publication_component:citation:publication:doi:10.1016/j.fsi.2018.03.019	pubmed	exact_pmid_efetch	29551666	requires_pubmed_lookup
1511	publication_component:citation:publication:doi:10.1016/j.fsi.2018.09.067	pubmed	exact_pmid_efetch	30266607	requires_pubmed_lookup
1512	publication_component:citation:publication:doi:10.1016/j.fsi.2018.09.077	pubmed	exact_pmid_efetch	30287346	requires_pubmed_lookup
1513	publication_component:citation:publication:doi:10.1016/j.fsi.2018.12.018	pubmed	exact_pmid_efetch	30576775	requires_pubmed_lookup
1514	publication_component:citation:publication:doi:10.1016/j.fsi.2019.06.055	pubmed	exact_pmid_efetch	31276791	requires_pubmed_lookup
1515	publication_component:citation:publication:doi:10.1016/j.fsi.2019.09.067	pubmed	exact_pmid_efetch	31580937	requires_pubmed_lookup
1516	publication_component:citation:publication:doi:10.1016/j.fsi.2019.12.064	pubmed	exact_pmid_efetch	31870969	requires_pubmed_lookup
1517	publication_component:citation:publication:doi:10.1016/j.fsi.2019.12.082	pubmed	exact_pmid_efetch	31891809	requires_pubmed_lookup
1518	publication_component:citation:publication:doi:10.1016/j.fsi.2020.03.014	pubmed	exact_pmid_efetch	32169665	requires_pubmed_lookup
1519	publication_component:citation:publication:doi:10.1016/j.fsi.2021.09.017	pubmed	exact_pmid_efetch	34555531	requires_pubmed_lookup
1520	publication_component:citation:publication:doi:10.1016/j.fsi.2022.04.043	pubmed	exact_pmid_efetch	35568142	requires_pubmed_lookup
1521	publication_component:citation:publication:doi:10.1016/j.fsi.2023.109312	pubmed	exact_pmid_efetch	38122951	requires_pubmed_lookup
1522	publication_component:citation:publication:doi:10.1016/j.fsi.2024.110061	pubmed	exact_pmid_efetch	39631554	requires_pubmed_lookup
1523	publication_component:citation:publication:doi:10.1016/j.fsi.2026.111530	pubmed	exact_pmid_efetch	42323983	requires_pubmed_lookup
1524	publication_component:citation:publication:doi:10.1016/j.funbio.2013.05.001	pubmed	exact_pmid_efetch	23809654	requires_pubmed_lookup
1525	publication_component:citation:publication:doi:10.1016/j.funbio.2017.06.002	pubmed	exact_pmid_efetch	28889909	requires_pubmed_lookup
1526	publication_component:citation:publication:doi:10.1016/j.funeco.2016.04.010	openalex	exact_work_id	W2437833132	requires_openalex_lookup
1527	publication_component:citation:publication:doi:10.1016/j.gde.2014.07.005	pubmed	exact_pmid_efetch	25156517	requires_pubmed_lookup
1528	publication_component:citation:publication:doi:10.1016/j.gde.2016.12.004	pubmed	exact_pmid_efetch	28161621	requires_pubmed_lookup
1529	publication_component:citation:publication:doi:10.1016/j.gecco.2024.e03111	openalex	exact_work_id	W4401008835	requires_openalex_lookup
1530	publication_component:citation:publication:doi:10.1016/j.gecco.2024.e03354	openalex	exact_work_id	W4405620565	requires_openalex_lookup
1531	publication_component:citation:publication:doi:10.1016/j.gene.2008.03.008	pubmed	exact_pmid_efetch	18448274	requires_pubmed_lookup
1532	publication_component:citation:publication:doi:10.1016/j.gene.2008.06.015	pubmed	exact_pmid_efetch	18601986	requires_pubmed_lookup
1533	publication_component:citation:publication:doi:10.1016/j.gene.2008.09.013	pubmed	exact_pmid_efetch	18848974	requires_pubmed_lookup
1534	publication_component:citation:publication:doi:10.1016/j.gene.2008.10.030	pubmed	exact_pmid_efetch	19059318	requires_pubmed_lookup
1535	publication_component:citation:publication:doi:10.1016/j.gene.2008.11.018	pubmed	exact_pmid_efetch	19100316	requires_pubmed_lookup
1536	publication_component:citation:publication:doi:10.1016/j.gene.2008.11.020	pubmed	exact_pmid_efetch	19100313	requires_pubmed_lookup
1537	publication_component:citation:publication:doi:10.1016/j.gene.2009.01.015	pubmed	exact_pmid_efetch	19393172	requires_pubmed_lookup
1538	publication_component:citation:publication:doi:10.1016/j.gene.2009.03.015	pubmed	exact_pmid_efetch	19332112	requires_pubmed_lookup
1539	publication_component:citation:publication:doi:10.1016/j.gene.2009.05.004	pubmed	exact_pmid_efetch	19460422	requires_pubmed_lookup
1540	publication_component:citation:publication:doi:10.1016/j.gene.2009.05.017	pubmed	exact_pmid_efetch	19505540	requires_pubmed_lookup
1541	publication_component:citation:publication:doi:10.1016/j.gene.2009.07.006	pubmed	exact_pmid_efetch	19619625	requires_pubmed_lookup
1542	publication_component:citation:publication:doi:10.1016/j.gene.2009.07.018	pubmed	exact_pmid_efetch	19651193	requires_pubmed_lookup
1543	publication_component:citation:publication:doi:10.1016/j.gene.2010.02.007	pubmed	exact_pmid_efetch	20178839	requires_pubmed_lookup
1544	publication_component:citation:publication:doi:10.1016/j.gene.2010.04.018	pubmed	exact_pmid_efetch	20471458	requires_pubmed_lookup
1545	publication_component:citation:publication:doi:10.1016/j.gene.2010.10.010	pubmed	exact_pmid_efetch	21056641	requires_pubmed_lookup
1546	publication_component:citation:publication:doi:10.1016/j.gene.2010.12.015	pubmed	exact_pmid_efetch	21241786	requires_pubmed_lookup
1547	publication_component:citation:publication:doi:10.1016/j.gene.2011.01.012	pubmed	exact_pmid_efetch	21310220	requires_pubmed_lookup
1548	publication_component:citation:publication:doi:10.1016/j.gene.2011.05.011	pubmed	exact_pmid_efetch	21640173	requires_pubmed_lookup
1549	publication_component:citation:publication:doi:10.1016/j.gene.2011.05.012	pubmed	exact_pmid_efetch	21664259	requires_pubmed_lookup
1550	publication_component:citation:publication:doi:10.1016/j.gene.2011.05.029	pubmed	exact_pmid_efetch	21712081	requires_pubmed_lookup
1551	publication_component:citation:publication:doi:10.1016/j.gene.2011.08.004	pubmed	exact_pmid_efetch	21951340	requires_pubmed_lookup
1552	publication_component:citation:publication:doi:10.1016/j.gene.2011.08.019	pubmed	exact_pmid_efetch	21924330	requires_pubmed_lookup
1553	publication_component:citation:publication:doi:10.1016/j.gene.2011.11.013	pubmed	exact_pmid_efetch	22123181	requires_pubmed_lookup
1554	publication_component:citation:publication:doi:10.1016/j.gene.2012.01.017	pubmed	exact_pmid_efetch	22301266	requires_pubmed_lookup
1555	publication_component:citation:publication:doi:10.1016/j.gene.2012.04.037	pubmed	exact_pmid_efetch	22555021	requires_pubmed_lookup
1556	publication_component:citation:publication:doi:10.1016/j.gene.2012.05.039	pubmed	exact_pmid_efetch	22669046	requires_pubmed_lookup
1557	publication_component:citation:publication:doi:10.1016/j.gene.2012.06.027	pubmed	exact_pmid_efetch	22742978	requires_pubmed_lookup
1558	publication_component:citation:publication:doi:10.1016/j.gene.2012.07.016	pubmed	exact_pmid_efetch	22841792	requires_pubmed_lookup
1559	publication_component:citation:publication:doi:10.1016/j.gene.2012.07.066	pubmed	exact_pmid_efetch	22903033	requires_pubmed_lookup
1560	publication_component:citation:publication:doi:10.1016/j.gene.2012.07.075	pubmed	exact_pmid_efetch	22902303	requires_pubmed_lookup
1561	publication_component:citation:publication:doi:10.1016/j.gene.2012.08.014	pubmed	exact_pmid_efetch	22951805	requires_pubmed_lookup
1562	publication_component:citation:publication:doi:10.1016/j.gene.2012.08.024	pubmed	exact_pmid_efetch	22939871	requires_pubmed_lookup
1563	publication_component:citation:publication:doi:10.1016/j.gene.2012.08.029	pubmed	exact_pmid_efetch	22926103	requires_pubmed_lookup
1564	publication_component:citation:publication:doi:10.1016/j.gene.2012.10.071	pubmed	exact_pmid_efetch	23154062	requires_pubmed_lookup
1565	publication_component:citation:publication:doi:10.1016/j.gene.2012.11.033	pubmed	exact_pmid_efetch	23219994	requires_pubmed_lookup
1566	publication_component:citation:publication:doi:10.1016/j.gene.2012.12.093	pubmed	exact_pmid_efetch	23313296	requires_pubmed_lookup
1567	publication_component:citation:publication:doi:10.1016/j.gene.2012.12.096	pubmed	exact_pmid_efetch	23328645	requires_pubmed_lookup
1568	publication_component:citation:publication:doi:10.1016/j.gene.2013.01.034	pubmed	exact_pmid_efetch	23370337	requires_pubmed_lookup
1569	publication_component:citation:publication:doi:10.1016/j.gene.2013.01.058	pubmed	exact_pmid_efetch	23415839	requires_pubmed_lookup
1570	publication_component:citation:publication:doi:10.1016/j.gene.2013.04.035	pubmed	exact_pmid_efetch	23644026	requires_pubmed_lookup
1571	publication_component:citation:publication:doi:10.1016/j.gene.2013.05.039	pubmed	exact_pmid_efetch	23751307	requires_pubmed_lookup
1572	publication_component:citation:publication:doi:10.1016/j.gene.2013.08.022	pubmed	exact_pmid_efetch	23954256	requires_pubmed_lookup
1573	publication_component:citation:publication:doi:10.1016/j.gene.2013.08.034	pubmed	exact_pmid_efetch	23965379	requires_pubmed_lookup
1574	publication_component:citation:publication:doi:10.1016/j.gene.2013.09.097	pubmed	exact_pmid_efetch	24113079	requires_pubmed_lookup
1575	publication_component:citation:publication:doi:10.1016/j.gene.2013.09.114	pubmed	exact_pmid_efetch	24125953	requires_pubmed_lookup
1576	publication_component:citation:publication:doi:10.1016/j.gene.2013.10.031	pubmed	exact_pmid_efetch	24200960	requires_pubmed_lookup
1577	publication_component:citation:publication:doi:10.1016/j.gene.2014.04.029	pubmed	exact_pmid_efetch	24746635	requires_pubmed_lookup
1578	publication_component:citation:publication:doi:10.1016/j.gene.2014.05.019	pubmed	exact_pmid_efetch	24814189	requires_pubmed_lookup
1579	publication_component:citation:publication:doi:10.1016/j.gene.2014.05.051	pubmed	exact_pmid_efetch	24865932	requires_pubmed_lookup
1580	publication_component:citation:publication:doi:10.1016/j.gene.2014.06.056	pubmed	exact_pmid_efetch	24973763	requires_pubmed_lookup
1581	publication_component:citation:publication:doi:10.1016/j.gene.2014.07.061	pubmed	exact_pmid_efetch	25065922	requires_pubmed_lookup
1582	publication_component:citation:publication:doi:10.1016/j.gene.2014.09.039	pubmed	exact_pmid_efetch	25241383	requires_pubmed_lookup
1583	publication_component:citation:publication:doi:10.1016/j.gene.2015.01.066	pubmed	exact_pmid_efetch	25707747	requires_pubmed_lookup
1584	publication_component:citation:publication:doi:10.1016/j.gene.2015.03.027	pubmed	exact_pmid_efetch	25791492	requires_pubmed_lookup
1585	publication_component:citation:publication:doi:10.1016/j.gene.2015.04.009	pubmed	exact_pmid_efetch	25861868	requires_pubmed_lookup
1586	publication_component:citation:publication:doi:10.1016/j.gene.2015.04.079	pubmed	exact_pmid_efetch	25936996	requires_pubmed_lookup
1587	publication_component:citation:publication:doi:10.1016/j.gene.2015.08.042	pubmed	exact_pmid_efetch	26314912	requires_pubmed_lookup
1588	publication_component:citation:publication:doi:10.1016/j.gene.2015.11.038	pubmed	exact_pmid_efetch	26631622	requires_pubmed_lookup
1589	publication_component:citation:publication:doi:10.1016/j.gene.2016.02.021	pubmed	exact_pmid_efetch	26899866	requires_pubmed_lookup
1590	publication_component:citation:publication:doi:10.1016/j.gene.2016.09.007	pubmed	exact_pmid_efetch	27601255	requires_pubmed_lookup
1591	publication_component:citation:publication:doi:10.1016/j.gene.2016.10.039	pubmed	exact_pmid_efetch	27825775	requires_pubmed_lookup
1592	publication_component:citation:publication:doi:10.1016/j.gene.2017.07.057	pubmed	exact_pmid_efetch	28735726	requires_pubmed_lookup
1593	publication_component:citation:publication:doi:10.1016/j.gene.2017.12.060	pubmed	exact_pmid_efetch	29292195	requires_pubmed_lookup
1594	publication_component:citation:publication:doi:10.1016/j.gene.2018.01.015	pubmed	exact_pmid_efetch	29307851	requires_pubmed_lookup
1595	publication_component:citation:publication:doi:10.1016/j.gene.2018.02.005	pubmed	exact_pmid_efetch	29425824	requires_pubmed_lookup
1596	publication_component:citation:publication:doi:10.1016/j.gene.2018.05.084	pubmed	exact_pmid_efetch	29802996	requires_pubmed_lookup
1597	publication_component:citation:publication:doi:10.1016/j.gene.2018.10.061	pubmed	exact_pmid_efetch	30359744	requires_pubmed_lookup
1598	publication_component:citation:publication:doi:10.1016/j.gene.2018.11.053	pubmed	exact_pmid_efetch	30472376	requires_pubmed_lookup
1599	publication_component:citation:publication:doi:10.1016/j.gene.2019.03.008	pubmed	exact_pmid_efetch	30858136	requires_pubmed_lookup
1600	publication_component:citation:publication:doi:10.1016/j.gene.2019.03.071	pubmed	exact_pmid_efetch	30943438	requires_pubmed_lookup
1601	publication_component:citation:publication:doi:10.1016/j.gene.2019.04.052	pubmed	exact_pmid_efetch	31009681	requires_pubmed_lookup
1602	publication_component:citation:publication:doi:10.1016/j.gene.2019.143975	pubmed	exact_pmid_efetch	31302167	requires_pubmed_lookup
1603	publication_component:citation:publication:doi:10.1016/j.gene.2019.144296	pubmed	exact_pmid_efetch	31866555	requires_pubmed_lookup
1604	publication_component:citation:publication:doi:10.1016/j.gene.2020.144355	pubmed	exact_pmid_efetch	31935501	requires_pubmed_lookup
1605	publication_component:citation:publication:doi:10.1016/j.gene.2020.144510	pubmed	exact_pmid_efetch	32109559	requires_pubmed_lookup
1606	publication_component:citation:publication:doi:10.1016/j.gene.2020.144640	pubmed	exact_pmid_efetch	32247037	requires_pubmed_lookup
1607	publication_component:citation:publication:doi:10.1016/j.gene.2020.144818	pubmed	exact_pmid_efetch	32485308	requires_pubmed_lookup
1608	publication_component:citation:publication:doi:10.1016/j.gene.2020.145103	pubmed	exact_pmid_efetch	32889057	requires_pubmed_lookup
1609	publication_component:citation:publication:doi:10.1016/j.gene.2021.145472	pubmed	exact_pmid_efetch	33549715	requires_pubmed_lookup
1610	publication_component:citation:publication:doi:10.1016/j.gene.2021.145840	pubmed	exact_pmid_efetch	34274467	requires_pubmed_lookup
1611	publication_component:citation:publication:doi:10.1016/j.gene.2021.146159	pubmed	exact_pmid_efetch	34995739	requires_pubmed_lookup
1612	publication_component:citation:publication:doi:10.1016/j.gene.2021.146176	pubmed	exact_pmid_efetch	35031426	requires_pubmed_lookup
1613	publication_component:citation:publication:doi:10.1016/j.gene.2022.146329	pubmed	exact_pmid_efetch	35181500	requires_pubmed_lookup
1614	publication_component:citation:publication:doi:10.1016/j.gene.2022.146650	pubmed	exact_pmid_efetch	35680022	requires_pubmed_lookup
1615	publication_component:citation:publication:doi:10.1016/j.gene.2022.146917	pubmed	exact_pmid_efetch	36174905	requires_pubmed_lookup
1616	publication_component:citation:publication:doi:10.1016/j.gene.2022.146953	pubmed	exact_pmid_efetch	36243214	requires_pubmed_lookup
1617	publication_component:citation:publication:doi:10.1016/j.gene.2022.146997	pubmed	exact_pmid_efetch	36279952	requires_pubmed_lookup
1618	publication_component:citation:publication:doi:10.1016/j.gene.2022.147081	pubmed	exact_pmid_efetch	36470482	requires_pubmed_lookup
1619	publication_component:citation:publication:doi:10.1016/j.gene.2023.147427	pubmed	exact_pmid_efetch	37044183	requires_pubmed_lookup
1620	publication_component:citation:publication:doi:10.1016/j.gene.2023.147488	pubmed	exact_pmid_efetch	37196890	requires_pubmed_lookup
1621	publication_component:citation:publication:doi:10.1016/j.gene.2023.147871	pubmed	exact_pmid_efetch	37797779	requires_pubmed_lookup
1622	publication_component:citation:publication:doi:10.1016/j.gene.2023.147919	pubmed	exact_pmid_efetch	37884103	requires_pubmed_lookup
1623	publication_component:citation:publication:doi:10.1016/j.gene.2023.147947	pubmed	exact_pmid_efetch	37923093	requires_pubmed_lookup
1624	publication_component:citation:publication:doi:10.1016/j.gene.2024.148427	pubmed	exact_pmid_efetch	38575097	requires_pubmed_lookup
1625	publication_component:citation:publication:doi:10.1016/j.gene.2024.148506	pubmed	exact_pmid_efetch	38670390	requires_pubmed_lookup
1626	publication_component:citation:publication:doi:10.1016/j.gene.2024.148822	pubmed	exact_pmid_efetch	39103058	requires_pubmed_lookup
1627	publication_component:citation:publication:doi:10.1016/j.gene.2024.149019	pubmed	exact_pmid_efetch	39461573	requires_pubmed_lookup
1628	publication_component:citation:publication:doi:10.1016/j.gene.2024.149086	pubmed	exact_pmid_efetch	39527990	requires_pubmed_lookup
1629	publication_component:citation:publication:doi:10.1016/j.gene.2025.149734	pubmed	exact_pmid_efetch	40882762	requires_pubmed_lookup
1630	publication_component:citation:publication:doi:10.1016/j.genrep.2018.03.010	openalex	exact_work_id	W2793048980	requires_openalex_lookup
1631	publication_component:citation:publication:doi:10.1016/j.genrep.2018.08.005	openalex	exact_work_id	W2886143484	requires_openalex_lookup
1632	publication_component:citation:publication:doi:10.1016/j.genrep.2018.10.005	openalex	exact_work_id	W2897420271	requires_openalex_lookup
1633	publication_component:citation:publication:doi:10.1016/j.genrep.2023.101836	openalex	exact_work_id	W4386528847	requires_openalex_lookup
1634	publication_component:citation:publication:doi:10.1016/j.genrep.2025.102233	openalex	exact_work_id	W4409760646	requires_openalex_lookup
1635	publication_component:citation:publication:doi:10.1016/j.genrep.2026.102546	openalex	exact_work_id	W7162848776	requires_openalex_lookup
1636	publication_component:citation:publication:doi:10.1016/j.geobios.2020.07.005	openalex	exact_work_id	W3107662928	requires_openalex_lookup
1637	publication_component:citation:publication:doi:10.1016/j.ghir.2008.05.001	pubmed	exact_pmid_efetch	18571449	requires_pubmed_lookup
1638	publication_component:citation:publication:doi:10.1016/j.ghir.2015.06.004	pubmed	exact_pmid_efetch	26072449	requires_pubmed_lookup
1639	publication_component:citation:publication:doi:10.1016/j.gpb.2019.01.006	pubmed	exact_pmid_efetch	33346084	requires_pubmed_lookup
1640	publication_component:citation:publication:doi:10.1016/j.gpb.2019.03.006	pubmed	exact_pmid_efetch	32224189	requires_pubmed_lookup
1641	publication_component:citation:publication:doi:10.1016/j.gpb.2019.11.013	pubmed	exact_pmid_efetch	33607297	requires_pubmed_lookup
1642	publication_component:citation:publication:doi:10.1016/j.gpb.2020.10.002	pubmed	exact_pmid_efetch	33157303	requires_pubmed_lookup
1643	publication_component:citation:publication:doi:10.1016/j.gpb.2021.04.003	pubmed	exact_pmid_efetch	34339842	requires_pubmed_lookup
1644	publication_component:citation:publication:doi:10.1016/j.gpb.2021.08.002	pubmed	exact_pmid_efetch	34487863	requires_pubmed_lookup
1645	publication_component:citation:publication:doi:10.1016/j.gpb.2021.10.005	pubmed	exact_pmid_efetch	35091095	requires_pubmed_lookup
1646	publication_component:citation:publication:doi:10.1016/j.gpb.2021.12.002	pubmed	exact_pmid_efetch	34990803	requires_pubmed_lookup
1647	publication_component:citation:publication:doi:10.1016/j.gpb.2022.02.001	pubmed	exact_pmid_efetch	35181533	requires_pubmed_lookup
1648	publication_component:citation:publication:doi:10.1016/j.gpb.2022.07.001	pubmed	exact_pmid_efetch	35905893	requires_pubmed_lookup
1649	publication_component:citation:publication:doi:10.1016/j.gpb.2022.08.005	pubmed	exact_pmid_efetch	36055564	requires_pubmed_lookup
1650	publication_component:citation:publication:doi:10.1016/j.gpb.2022.09.009	pubmed	exact_pmid_efetch	36216027	requires_pubmed_lookup
1651	publication_component:citation:publication:doi:10.1016/j.gpb.2022.11.005	pubmed	exact_pmid_efetch	36470576	requires_pubmed_lookup
1652	publication_component:citation:publication:doi:10.1016/j.gpb.2022.12.005	pubmed	exact_pmid_efetch	36587654	requires_pubmed_lookup
1653	publication_component:citation:publication:doi:10.1016/j.hal.2011.05.003	openalex	exact_work_id	W2062566576	requires_openalex_lookup
1654	publication_component:citation:publication:doi:10.1016/j.heliyon.2021.e06317	pubmed	exact_pmid_efetch	33665461	requires_pubmed_lookup
1655	publication_component:citation:publication:doi:10.1016/j.heliyon.2021.e07291	pubmed	exact_pmid_efetch	34189321	requires_pubmed_lookup
1656	publication_component:citation:publication:doi:10.1016/j.heliyon.2023.e18571	pubmed	exact_pmid_efetch	37576271	requires_pubmed_lookup
1657	publication_component:citation:publication:doi:10.1016/j.heliyon.2023.e22358	pubmed	exact_pmid_efetch	38058647	requires_pubmed_lookup
1658	publication_component:citation:publication:doi:10.1016/j.heliyon.2024.e29702	pubmed	exact_pmid_efetch	38660286	requires_pubmed_lookup
1659	publication_component:citation:publication:doi:10.1016/j.hpj.2020.05.006	openalex	exact_work_id	W3033082949	requires_openalex_lookup
1660	publication_component:citation:publication:doi:10.1016/j.hpj.2022.06.005	openalex	exact_work_id	W4283324017	requires_openalex_lookup
1661	publication_component:citation:publication:doi:10.1016/j.hpj.2022.09.004	openalex	exact_work_id	W4296197045	requires_openalex_lookup
1662	publication_component:citation:publication:doi:10.1016/j.hpj.2022.11.002	openalex	exact_work_id	W4308654812	requires_openalex_lookup
1663	publication_component:citation:publication:doi:10.1016/j.hpj.2022.11.008	openalex	exact_work_id	W4386020830	requires_openalex_lookup
1664	publication_component:citation:publication:doi:10.1016/j.hpj.2022.12.014	openalex	exact_work_id	W4313368496	requires_openalex_lookup
1665	publication_component:citation:publication:doi:10.1016/j.hpj.2023.03.006	openalex	exact_work_id	W4327601307	requires_openalex_lookup
1666	publication_component:citation:publication:doi:10.1016/j.hpj.2023.04.001	openalex	exact_work_id	W4362603099	requires_openalex_lookup
1667	publication_component:citation:publication:doi:10.1016/j.hpj.2023.04.007	openalex	exact_work_id	W4366748293	requires_openalex_lookup
1668	publication_component:citation:publication:doi:10.1016/j.hpj.2023.04.011	openalex	exact_work_id	W4387709763	requires_openalex_lookup
1669	publication_component:citation:publication:doi:10.1016/j.hpj.2024.02.002	openalex	exact_work_id	W4397024273	requires_openalex_lookup
1670	publication_component:citation:publication:doi:10.1016/j.hpj.2024.02.007	openalex	exact_work_id	W4400390562	requires_openalex_lookup
1671	publication_component:citation:publication:doi:10.1016/j.hpj.2024.06.005	openalex	exact_work_id	W4402667512	requires_openalex_lookup
1672	publication_component:citation:publication:doi:10.1016/j.hpj.2024.10.002	openalex	exact_work_id	W4407740129	requires_openalex_lookup
1673	publication_component:citation:publication:doi:10.1016/j.hpj.2025.01.007	openalex	exact_work_id	W4408818819	requires_openalex_lookup
1674	publication_component:citation:publication:doi:10.1016/j.hpj.2025.04.007	openalex	exact_work_id	W4411956196	requires_openalex_lookup
1675	publication_component:citation:publication:doi:10.1016/j.hpj.2025.10.016	openalex	exact_work_id	W7148628272	requires_openalex_lookup
1676	publication_component:citation:publication:doi:10.1016/j.hpj.2025.12.003	openalex	exact_work_id	W7128052019	requires_openalex_lookup
1677	publication_component:citation:publication:doi:10.1016/j.hpj.2026.04.006	openalex	exact_work_id	W7169883631	requires_openalex_lookup
1678	publication_component:citation:publication:doi:10.1016/j.ibmb.2012.10.012	pubmed	exact_pmid_efetch	23142192	requires_pubmed_lookup
1679	publication_component:citation:publication:doi:10.1016/j.ibmb.2014.12.009	pubmed	exact_pmid_efetch	25600115	requires_pubmed_lookup
1680	publication_component:citation:publication:doi:10.1016/j.ibmb.2016.11.001	pubmed	exact_pmid_efetch	27836740	requires_pubmed_lookup
1681	publication_component:citation:publication:doi:10.1016/j.ibmb.2017.01.006	pubmed	exact_pmid_efetch	28115271	requires_pubmed_lookup
1682	publication_component:citation:publication:doi:10.1016/j.ibmb.2018.05.005	pubmed	exact_pmid_efetch	29800678	requires_pubmed_lookup
1683	publication_component:citation:publication:doi:10.1016/j.ibmb.2018.12.007	pubmed	exact_pmid_efetch	30590189	requires_pubmed_lookup
1684	publication_component:citation:publication:doi:10.1016/j.ibmb.2022.103879	pubmed	exact_pmid_efetch	36470318	requires_pubmed_lookup
1685	publication_component:citation:publication:doi:10.1016/j.ibmb.2024.104247	pubmed	exact_pmid_efetch	39667437	requires_pubmed_lookup
1686	publication_component:citation:publication:doi:10.1016/j.ibmb.2025.104375	pubmed	exact_pmid_efetch	40683422	requires_pubmed_lookup
1687	publication_component:citation:publication:doi:10.1016/j.ibmb.2025.104442	pubmed	exact_pmid_efetch	41207334	requires_pubmed_lookup
1688	publication_component:citation:publication:doi:10.1016/j.ibmb.2026.104594	pubmed	exact_pmid_efetch	42190969	requires_pubmed_lookup
1689	publication_component:citation:publication:doi:10.1016/j.ibmb.2026.104609	pubmed	exact_pmid_efetch	42270014	requires_pubmed_lookup
1690	publication_component:citation:publication:doi:10.1016/j.idcr.2025.e02387	pubmed	exact_pmid_efetch	41140915	requires_pubmed_lookup
1691	publication_component:citation:publication:doi:10.1016/j.idm.2024.10.003	pubmed	exact_pmid_efetch	39620069	requires_pubmed_lookup
1692	publication_component:citation:publication:doi:10.1016/j.idm.2026.05.010	pubmed	exact_pmid_efetch	42473636	requires_pubmed_lookup
1693	publication_component:citation:publication:doi:10.1016/j.ijantimicag.2018.07.006	pubmed	exact_pmid_efetch	30012442	requires_pubmed_lookup
1694	publication_component:citation:publication:doi:10.1016/j.ijantimicag.2020.105903	pubmed	exact_pmid_efetch	31954832	requires_pubmed_lookup
1695	publication_component:citation:publication:doi:10.1016/j.ijantimicag.2025.107686	pubmed	exact_pmid_efetch	41318008	requires_pubmed_lookup
1696	publication_component:citation:publication:doi:10.1016/j.ijantimicag.2026.107762	pubmed	exact_pmid_efetch	41765190	requires_pubmed_lookup
1697	publication_component:citation:publication:doi:10.1016/j.ijbiomac.2017.11.076	pubmed	exact_pmid_efetch	29141193	requires_pubmed_lookup
1698	publication_component:citation:publication:doi:10.1016/j.ijbiomac.2017.12.123	pubmed	exact_pmid_efetch	29292152	requires_pubmed_lookup
1699	publication_component:citation:publication:doi:10.1016/j.ijbiomac.2018.06.133	pubmed	exact_pmid_efetch	29959015	requires_pubmed_lookup
1700	publication_component:citation:publication:doi:10.1016/j.ijbiomac.2018.10.039	pubmed	exact_pmid_efetch	30315882	requires_pubmed_lookup
1701	publication_component:citation:publication:doi:10.1016/j.ijbiomac.2019.01.007	pubmed	exact_pmid_efetch	30611807	requires_pubmed_lookup
1702	publication_component:citation:publication:doi:10.1016/j.ijbiomac.2019.04.157	pubmed	exact_pmid_efetch	31026524	requires_pubmed_lookup
1703	publication_component:citation:publication:doi:10.1016/j.ijbiomac.2019.05.172	pubmed	exact_pmid_efetch	31129211	requires_pubmed_lookup
1704	publication_component:citation:publication:doi:10.1016/j.ijbiomac.2019.05.208	pubmed	exact_pmid_efetch	31152835	requires_pubmed_lookup
1705	publication_component:citation:publication:doi:10.1016/j.ijbiomac.2019.10.045	pubmed	exact_pmid_efetch	31726118	requires_pubmed_lookup
1706	publication_component:citation:publication:doi:10.1016/j.ijbiomac.2020.01.207	pubmed	exact_pmid_efetch	32001281	requires_pubmed_lookup
1707	publication_component:citation:publication:doi:10.1016/j.ijbiomac.2020.10.151	pubmed	exact_pmid_efetch	33470199	requires_pubmed_lookup
1708	publication_component:citation:publication:doi:10.1016/j.ijbiomac.2021.02.013	pubmed	exact_pmid_efetch	33549671	requires_pubmed_lookup
1709	publication_component:citation:publication:doi:10.1016/j.ijbiomac.2021.05.017	pubmed	exact_pmid_efetch	33971236	requires_pubmed_lookup
1710	publication_component:citation:publication:doi:10.1016/j.ijbiomac.2021.06.186	pubmed	exact_pmid_efetch	34214574	requires_pubmed_lookup
1711	publication_component:citation:publication:doi:10.1016/j.ijbiomac.2021.07.163	pubmed	exact_pmid_efetch	34339786	requires_pubmed_lookup
1712	publication_component:citation:publication:doi:10.1016/j.ijbiomac.2021.11.006	pubmed	exact_pmid_efetch	34742848	requires_pubmed_lookup
1713	publication_component:citation:publication:doi:10.1016/j.ijbiomac.2022.01.131	pubmed	exact_pmid_efetch	35090941	requires_pubmed_lookup
1714	publication_component:citation:publication:doi:10.1016/j.ijbiomac.2022.03.112	pubmed	exact_pmid_efetch	35337917	requires_pubmed_lookup
1715	publication_component:citation:publication:doi:10.1016/j.ijbiomac.2022.11.303	pubmed	exact_pmid_efetch	36470439	requires_pubmed_lookup
1716	publication_component:citation:publication:doi:10.1016/j.ijbiomac.2023.123153	pubmed	exact_pmid_efetch	36610569	requires_pubmed_lookup
1717	publication_component:citation:publication:doi:10.1016/j.ijbiomac.2023.123374	pubmed	exact_pmid_efetch	36702216	requires_pubmed_lookup
1718	publication_component:citation:publication:doi:10.1016/j.ijbiomac.2023.123989	pubmed	exact_pmid_efetch	36921825	requires_pubmed_lookup
1719	publication_component:citation:publication:doi:10.1016/j.ijbiomac.2023.124480	pubmed	exact_pmid_efetch	37068537	requires_pubmed_lookup
1720	publication_component:citation:publication:doi:10.1016/j.ijbiomac.2023.124571	pubmed	exact_pmid_efetch	37100328	requires_pubmed_lookup
1721	publication_component:citation:publication:doi:10.1016/j.ijbiomac.2023.124907	pubmed	exact_pmid_efetch	37230451	requires_pubmed_lookup
1722	publication_component:citation:publication:doi:10.1016/j.ijbiomac.2023.125908	pubmed	exact_pmid_efetch	37482150	requires_pubmed_lookup
1723	publication_component:citation:publication:doi:10.1016/j.ijbiomac.2023.126148	pubmed	exact_pmid_efetch	37591424	requires_pubmed_lookup
1724	publication_component:citation:publication:doi:10.1016/j.ijbiomac.2023.126359	pubmed	exact_pmid_efetch	37619687	requires_pubmed_lookup
1725	publication_component:citation:publication:doi:10.1016/j.ijbiomac.2023.128218	pubmed	exact_pmid_efetch	37992933	requires_pubmed_lookup
1726	publication_component:citation:publication:doi:10.1016/j.ijbiomac.2023.128727	pubmed	exact_pmid_efetch	38092109	requires_pubmed_lookup
1727	publication_component:citation:publication:doi:10.1016/j.ijbiomac.2024.131733	pubmed	exact_pmid_efetch	38649080	requires_pubmed_lookup
1728	publication_component:citation:publication:doi:10.1016/j.ijbiomac.2024.131796	pubmed	exact_pmid_efetch	38677688	requires_pubmed_lookup
1729	publication_component:citation:publication:doi:10.1016/j.ijbiomac.2024.132278	pubmed	exact_pmid_efetch	38750856	requires_pubmed_lookup
1730	publication_component:citation:publication:doi:10.1016/j.ijbiomac.2024.134328	pubmed	exact_pmid_efetch	39098663	requires_pubmed_lookup
1731	publication_component:citation:publication:doi:10.1016/j.ijbiomac.2024.135366	pubmed	exact_pmid_efetch	39244129	requires_pubmed_lookup
1732	publication_component:citation:publication:doi:10.1016/j.ijbiomac.2024.136145	pubmed	exact_pmid_efetch	39353522	requires_pubmed_lookup
1733	publication_component:citation:publication:doi:10.1016/j.ijbiomac.2024.136273	pubmed	exact_pmid_efetch	39370078	requires_pubmed_lookup
1734	publication_component:citation:publication:doi:10.1016/j.ijbiomac.2024.136424	pubmed	exact_pmid_efetch	39393738	requires_pubmed_lookup
1735	publication_component:citation:publication:doi:10.1016/j.ijbiomac.2024.137306	pubmed	exact_pmid_efetch	39515710	requires_pubmed_lookup
1736	publication_component:citation:publication:doi:10.1016/j.ijbiomac.2024.139005	pubmed	exact_pmid_efetch	39708880	requires_pubmed_lookup
1737	publication_component:citation:publication:doi:10.1016/j.ijbiomac.2024.139187	pubmed	exact_pmid_efetch	39736301	requires_pubmed_lookup
1738	publication_component:citation:publication:doi:10.1016/j.ijbiomac.2025.141809	pubmed	exact_pmid_efetch	40057088	requires_pubmed_lookup
1739	publication_component:citation:publication:doi:10.1016/j.ijbiomac.2025.148075	pubmed	exact_pmid_efetch	41046093	requires_pubmed_lookup
1740	publication_component:citation:publication:doi:10.1016/j.ijbiomac.2025.149276	pubmed	exact_pmid_efetch	41308770	requires_pubmed_lookup
1741	publication_component:citation:publication:doi:10.1016/j.ijbiomac.2026.154050	pubmed	exact_pmid_efetch	42586338	requires_pubmed_lookup
1742	publication_component:citation:publication:doi:10.1016/j.ijbiomac.2026.154362	pubmed	exact_pmid_efetch	42702324	requires_pubmed_lookup
1743	publication_component:citation:publication:doi:10.1016/j.ijfoodmicro.2017.10.032	pubmed	exact_pmid_efetch	29198370	requires_pubmed_lookup
1744	publication_component:citation:publication:doi:10.1016/j.ijfoodmicro.2018.01.005	pubmed	exact_pmid_efetch	29335226	requires_pubmed_lookup
1745	publication_component:citation:publication:doi:10.1016/j.ijfoodmicro.2018.06.016	pubmed	exact_pmid_efetch	29990637	requires_pubmed_lookup
1746	publication_component:citation:publication:doi:10.1016/j.ijfoodmicro.2021.109353	pubmed	exact_pmid_efetch	34411997	requires_pubmed_lookup
1747	publication_component:citation:publication:doi:10.1016/j.ijfoodmicro.2022.109912	pubmed	exact_pmid_efetch	36081243	requires_pubmed_lookup
1748	publication_component:citation:publication:doi:10.1016/j.ijfoodmicro.2026.111979	pubmed	exact_pmid_efetch	42485680	requires_pubmed_lookup
1749	publication_component:citation:publication:doi:10.1016/j.ijid.2020.07.024	pubmed	exact_pmid_efetch	32721529	requires_pubmed_lookup
1750	publication_component:citation:publication:doi:10.1016/j.ijid.2020.11.128	pubmed	exact_pmid_efetch	33189939	requires_pubmed_lookup
1751	publication_component:citation:publication:doi:10.1016/j.ijid.2023.10.015	pubmed	exact_pmid_efetch	37863309	requires_pubmed_lookup
1752	publication_component:citation:publication:doi:10.1016/j.ijid.2024.107262	pubmed	exact_pmid_efetch	39389289	requires_pubmed_lookup
1753	publication_component:citation:publication:doi:10.1016/j.ijid.2025.107926	pubmed	exact_pmid_efetch	40379085	requires_pubmed_lookup
1754	publication_component:citation:publication:doi:10.1016/j.ijmm.2018.07.002	pubmed	exact_pmid_efetch	30030028	requires_pubmed_lookup
1755	publication_component:citation:publication:doi:10.1016/j.ijmyco.2016.11.028	pubmed	exact_pmid_efetch	27931678	requires_pubmed_lookup
1756	publication_component:citation:publication:doi:10.1016/j.ijpara.2018.03.010	pubmed	exact_pmid_efetch	29885436	requires_pubmed_lookup
1757	publication_component:citation:publication:doi:10.1016/j.ijpara.2025.06.001	pubmed	exact_pmid_efetch	40541601	requires_pubmed_lookup
1758	publication_component:citation:publication:doi:10.1016/j.ijpara.2025.10.004	pubmed	exact_pmid_efetch	41135799	requires_pubmed_lookup
1759	publication_component:citation:publication:doi:10.1016/j.ijpara.2025.104764	pubmed	exact_pmid_efetch	41475532	requires_pubmed_lookup
1760	publication_component:citation:publication:doi:10.1016/j.immuni.2013.04.008	pubmed	exact_pmid_efetch	23707475	requires_pubmed_lookup
1761	publication_component:citation:publication:doi:10.1016/j.immuno.2023.100021	pubmed	exact_pmid_efetch	36643886	requires_pubmed_lookup
1762	publication_component:citation:publication:doi:10.1016/j.imu.2018.07.004	openalex	exact_work_id	W2883955797	requires_openalex_lookup
1763	publication_component:citation:publication:doi:10.1016/j.indcrop.2018.11.005	openalex	exact_work_id	W2901865671	requires_openalex_lookup
1764	publication_component:citation:publication:doi:10.1016/j.indcrop.2019.04.013	openalex	exact_work_id	W2939495069	requires_openalex_lookup
1765	publication_component:citation:publication:doi:10.1016/j.indcrop.2021.114154	openalex	exact_work_id	W3184742137	requires_openalex_lookup
1766	publication_component:citation:publication:doi:10.1016/j.indcrop.2022.115181	openalex	exact_work_id	W4282924466	requires_openalex_lookup
1767	publication_component:citation:publication:doi:10.1016/j.indcrop.2022.115336	openalex	exact_work_id	W4286423311	requires_openalex_lookup
1768	publication_component:citation:publication:doi:10.1016/j.indcrop.2022.115382	openalex	exact_work_id	W4285890897	requires_openalex_lookup
1769	publication_component:citation:publication:doi:10.1016/j.indcrop.2022.116203	openalex	exact_work_id	W4313212502	requires_openalex_lookup
1770	publication_component:citation:publication:doi:10.1016/j.indcrop.2023.116453	openalex	exact_work_id	W4323928768	requires_openalex_lookup
1771	publication_component:citation:publication:doi:10.1016/j.indcrop.2023.116877	openalex	exact_work_id	W4376865967	requires_openalex_lookup
1772	publication_component:citation:publication:doi:10.1016/j.indcrop.2023.117603	openalex	exact_work_id	W4387762938	requires_openalex_lookup
1773	publication_component:citation:publication:doi:10.1016/j.indcrop.2023.117721	openalex	exact_work_id	W4388789628	requires_openalex_lookup
1774	publication_component:citation:publication:doi:10.1016/j.indcrop.2024.118243	openalex	exact_work_id	W4392023236	requires_openalex_lookup
1775	publication_component:citation:publication:doi:10.1016/j.indcrop.2024.119490	openalex	exact_work_id	W4401935512	requires_openalex_lookup
1776	publication_component:citation:publication:doi:10.1016/j.indcrop.2025.120677	openalex	exact_work_id	W4407683132	requires_openalex_lookup
1777	publication_component:citation:publication:doi:10.1016/j.indcrop.2025.121232	openalex	exact_work_id	W4410613095	requires_openalex_lookup
1778	publication_component:citation:publication:doi:10.1016/j.indcrop.2025.121351	openalex	exact_work_id	W4411439359	requires_openalex_lookup
1779	publication_component:citation:publication:doi:10.1016/j.indcrop.2025.121544	openalex	exact_work_id	W4412822286	requires_openalex_lookup
1780	publication_component:citation:publication:doi:10.1016/j.indcrop.2025.121680	openalex	exact_work_id	W4413114444	requires_openalex_lookup
1781	publication_component:citation:publication:doi:10.1016/j.indcrop.2025.121746	openalex	exact_work_id	W4413325136	requires_openalex_lookup
1782	publication_component:citation:publication:doi:10.1016/j.indcrop.2026.122955	openalex	exact_work_id	W7131222041	requires_openalex_lookup
1783	publication_component:citation:publication:doi:10.1016/j.indcrop.2026.123397	openalex	exact_work_id	W7161111528	requires_openalex_lookup
1784	publication_component:citation:publication:doi:10.1016/j.indcrop.2026.123887	openalex	exact_work_id	W7168132510	requires_openalex_lookup
1785	publication_component:citation:publication:doi:10.1016/j.indcrop.2026.124206	openalex	exact_work_id	W7206187764	requires_openalex_lookup
1786	publication_component:citation:publication:doi:10.1016/j.indcrop.2026.124222	openalex	exact_work_id	W7204150328	requires_openalex_lookup
1787	publication_component:citation:publication:doi:10.1016/j.indcrop.2026.124291	openalex	exact_work_id	W7205006972	requires_openalex_lookup
1788	publication_component:citation:publication:doi:10.1016/j.infpip.2026.100596	openalex	exact_work_id	W7213886390	requires_openalex_lookup
1789	publication_component:citation:publication:doi:10.1016/j.isci.2020.101497	pubmed	exact_pmid_efetch	32905880	requires_pubmed_lookup
1790	publication_component:citation:publication:doi:10.1016/j.isci.2020.101662	pubmed	exact_pmid_efetch	33134892	requires_pubmed_lookup
1791	publication_component:citation:publication:doi:10.1016/j.isci.2020.101754	pubmed	exact_pmid_efetch	33251490	requires_pubmed_lookup
1792	publication_component:citation:publication:doi:10.1016/j.isci.2021.102154	pubmed	exact_pmid_efetch	33665572	requires_pubmed_lookup
1793	publication_component:citation:publication:doi:10.1016/j.isci.2021.102802	pubmed	exact_pmid_efetch	34355146	requires_pubmed_lookup
1794	publication_component:citation:publication:doi:10.1016/j.isci.2021.102920	pubmed	exact_pmid_efetch	34430810	requires_pubmed_lookup
1795	publication_component:citation:publication:doi:10.1016/j.isci.2021.102981	pubmed	exact_pmid_efetch	34485863	requires_pubmed_lookup
1796	publication_component:citation:publication:doi:10.1016/j.isci.2021.103081	pubmed	exact_pmid_efetch	34585119	requires_pubmed_lookup
1797	publication_component:citation:publication:doi:10.1016/j.isci.2021.103324	pubmed	exact_pmid_efetch	34805787	requires_pubmed_lookup
1798	publication_component:citation:publication:doi:10.1016/j.isci.2022.103899	pubmed	exact_pmid_efetch	35243257	requires_pubmed_lookup
1799	publication_component:citation:publication:doi:10.1016/j.isci.2022.104114	pubmed	exact_pmid_efetch	35391832	requires_pubmed_lookup
1800	publication_component:citation:publication:doi:10.1016/j.isci.2022.104417	pubmed	exact_pmid_efetch	35663011	requires_pubmed_lookup
1801	publication_component:citation:publication:doi:10.1016/j.isci.2022.104512	pubmed	exact_pmid_efetch	35733792	requires_pubmed_lookup
1802	publication_component:citation:publication:doi:10.1016/j.isci.2022.104565	pubmed	exact_pmid_efetch	35784787	requires_pubmed_lookup
1803	publication_component:citation:publication:doi:10.1016/j.isci.2022.104664	pubmed	exact_pmid_efetch	35811847	requires_pubmed_lookup
1804	publication_component:citation:publication:doi:10.1016/j.isci.2022.104672	pubmed	exact_pmid_efetch	35832892	requires_pubmed_lookup
1805	publication_component:citation:publication:doi:10.1016/j.isci.2022.104761	pubmed	exact_pmid_efetch	35942100	requires_pubmed_lookup
1806	publication_component:citation:publication:doi:10.1016/j.isci.2022.104786	pubmed	exact_pmid_efetch	35982793	requires_pubmed_lookup
1807	publication_component:citation:publication:doi:10.1016/j.isci.2022.104873	pubmed	exact_pmid_efetch	36039293	requires_pubmed_lookup
1808	publication_component:citation:publication:doi:10.1016/j.isci.2022.104926	pubmed	exact_pmid_efetch	35992303	requires_pubmed_lookup
1809	publication_component:citation:publication:doi:10.1016/j.isci.2022.104973	pubmed	exact_pmid_efetch	36093062	requires_pubmed_lookup
1810	publication_component:citation:publication:doi:10.1016/j.isci.2022.105025	pubmed	exact_pmid_efetch	36105587	requires_pubmed_lookup
1811	publication_component:citation:publication:doi:10.1016/j.isci.2022.105100	pubmed	exact_pmid_efetch	36164650	requires_pubmed_lookup
1812	publication_component:citation:publication:doi:10.1016/j.isci.2022.105117	pubmed	exact_pmid_efetch	36185367	requires_pubmed_lookup
1813	publication_component:citation:publication:doi:10.1016/j.isci.2022.105533	pubmed	exact_pmid_efetch	36419847	requires_pubmed_lookup
1814	publication_component:citation:publication:doi:10.1016/j.isci.2022.105545	pubmed	exact_pmid_efetch	36444293	requires_pubmed_lookup
1815	publication_component:citation:publication:doi:10.1016/j.isci.2022.105616	pubmed	exact_pmid_efetch	36465126	requires_pubmed_lookup
1816	publication_component:citation:publication:doi:10.1016/j.isci.2022.105850	pubmed	exact_pmid_efetch	36636341	requires_pubmed_lookup
1817	publication_component:citation:publication:doi:10.1016/j.isci.2023.106006	pubmed	exact_pmid_efetch	36798432	requires_pubmed_lookup
1818	publication_component:citation:publication:doi:10.1016/j.isci.2023.106043	pubmed	exact_pmid_efetch	36824284	requires_pubmed_lookup
1819	publication_component:citation:publication:doi:10.1016/j.isci.2023.106893	pubmed	exact_pmid_efetch	37378338	requires_pubmed_lookup
1820	publication_component:citation:publication:doi:10.1016/j.isci.2023.107254	pubmed	exact_pmid_efetch	37502259	requires_pubmed_lookup
1821	publication_component:citation:publication:doi:10.1016/j.isci.2023.107684	pubmed	exact_pmid_efetch	37694155	requires_pubmed_lookup
1822	publication_component:citation:publication:doi:10.1016/j.isci.2023.107832	pubmed	exact_pmid_efetch	37829199	requires_pubmed_lookup
1823	publication_component:citation:publication:doi:10.1016/j.isci.2023.108445	pubmed	exact_pmid_efetch	38205241	requires_pubmed_lookup
1824	publication_component:citation:publication:doi:10.1016/j.isci.2023.108579	pubmed	exact_pmid_efetch	38161420	requires_pubmed_lookup
1825	publication_component:citation:publication:doi:10.1016/j.isci.2024.108844	pubmed	exact_pmid_efetch	38261954	requires_pubmed_lookup
1826	publication_component:citation:publication:doi:10.1016/j.isci.2024.108987	pubmed	exact_pmid_efetch	38333711	requires_pubmed_lookup
1827	publication_component:citation:publication:doi:10.1016/j.isci.2024.109584	pubmed	exact_pmid_efetch	38623337	requires_pubmed_lookup
1828	publication_component:citation:publication:doi:10.1016/j.isci.2024.110394	pubmed	exact_pmid_efetch	39092175	requires_pubmed_lookup
1829	publication_component:citation:publication:doi:10.1016/j.isci.2024.110563	pubmed	exact_pmid_efetch	39165844	requires_pubmed_lookup
1830	publication_component:citation:publication:doi:10.1016/j.isci.2024.110698	pubmed	exact_pmid_efetch	39262811	requires_pubmed_lookup
1831	publication_component:citation:publication:doi:10.1016/j.isci.2024.111471	pubmed	exact_pmid_efetch	39759012	requires_pubmed_lookup
1832	publication_component:citation:publication:doi:10.1016/j.isci.2025.111776	pubmed	exact_pmid_efetch	39925424	requires_pubmed_lookup
1833	publication_component:citation:publication:doi:10.1016/j.isci.2025.112974	pubmed	exact_pmid_efetch	40687831	requires_pubmed_lookup
1834	publication_component:citation:publication:doi:10.1016/j.isci.2025.113614	pubmed	exact_pmid_efetch	41098777	requires_pubmed_lookup
1835	publication_component:citation:publication:doi:10.1016/j.isci.2025.113832	pubmed	exact_pmid_efetch	41362764	requires_pubmed_lookup
1836	publication_component:citation:publication:doi:10.1016/j.isci.2025.114104	pubmed	exact_pmid_efetch	41438047	requires_pubmed_lookup
1837	publication_component:citation:publication:doi:10.1016/j.isci.2025.114156	pubmed	exact_pmid_efetch	41458912	requires_pubmed_lookup
1838	publication_component:citation:publication:doi:10.1016/j.isci.2025.114542	pubmed	exact_pmid_efetch	41583562	requires_pubmed_lookup
1839	publication_component:citation:publication:doi:10.1016/j.isci.2026.114975	pubmed	exact_pmid_efetch	41847608	requires_pubmed_lookup
1840	publication_component:citation:publication:doi:10.1016/j.isci.2026.115597	pubmed	exact_pmid_efetch	42063550	requires_pubmed_lookup
1841	publication_component:citation:publication:doi:10.1016/j.isci.2026.116789	pubmed	exact_pmid_efetch	42519032	requires_pubmed_lookup
1842	publication_component:citation:publication:doi:10.1016/j.isci.2026.117121	pubmed	exact_pmid_efetch	42657078	requires_pubmed_lookup
1843	publication_component:citation:publication:doi:10.1016/j.jafr.2025.102386	openalex	exact_work_id	W4414419171	requires_openalex_lookup
1844	publication_component:citation:publication:doi:10.1016/j.japb.2024.07.006	openalex	exact_work_id	W4402071723	requires_openalex_lookup
1845	publication_component:citation:publication:doi:10.1016/j.japb.2026.01.001	openalex	exact_work_id	W7133227034	requires_openalex_lookup
1846	publication_component:citation:publication:doi:10.1016/j.jare.2020.04.011	pubmed	exact_pmid_efetch	32455007	requires_pubmed_lookup
1847	publication_component:citation:publication:doi:10.1016/j.jare.2022.12.012	pubmed	exact_pmid_efetch	36574947	requires_pubmed_lookup
1848	publication_component:citation:publication:doi:10.1016/j.jare.2023.03.006	pubmed	exact_pmid_efetch	36966917	requires_pubmed_lookup
1849	publication_component:citation:publication:doi:10.1016/j.jare.2023.11.030	pubmed	exact_pmid_efetch	38043610	requires_pubmed_lookup
1850	publication_component:citation:publication:doi:10.1016/j.jare.2024.12.038	pubmed	exact_pmid_efetch	39732333	requires_pubmed_lookup
1851	publication_component:citation:publication:doi:10.1016/j.jarmap.2022.100370	openalex	exact_work_id	W4206710075	requires_openalex_lookup
1852	publication_component:citation:publication:doi:10.1016/j.jbc.2021.101043	pubmed	exact_pmid_efetch	34358565	requires_pubmed_lookup
1853	publication_component:citation:publication:doi:10.1016/j.jbc.2022.102397	pubmed	exact_pmid_efetch	35988640	requires_pubmed_lookup
1854	publication_component:citation:publication:doi:10.1016/j.jbc.2023.104898	pubmed	exact_pmid_efetch	37295774	requires_pubmed_lookup
1855	publication_component:citation:publication:doi:10.1016/j.jbc.2024.105727	pubmed	exact_pmid_efetch	38325739	requires_pubmed_lookup
1856	publication_component:citation:publication:doi:10.1016/j.jbc.2024.107365	pubmed	exact_pmid_efetch	38750795	requires_pubmed_lookup
1857	publication_component:citation:publication:doi:10.1016/j.jbc.2024.107810	pubmed	exact_pmid_efetch	39322016	requires_pubmed_lookup
1858	publication_component:citation:publication:doi:10.1016/j.jcv.2012.08.006	pubmed	exact_pmid_efetch	22921413	requires_pubmed_lookup
1859	publication_component:citation:publication:doi:10.1016/j.jcz.2012.04.002	openalex	exact_work_id	W2002977613	requires_openalex_lookup
1860	publication_component:citation:publication:doi:10.1016/j.jcz.2025.08.005	openalex	exact_work_id	W4413439844	requires_openalex_lookup
1861	publication_component:citation:publication:doi:10.1016/j.jfp.2023.100201	pubmed	exact_pmid_efetch	38036175	requires_pubmed_lookup
1862	publication_component:citation:publication:doi:10.1016/j.jfp.2024.100254	pubmed	exact_pmid_efetch	38417482	requires_pubmed_lookup
1863	publication_component:citation:publication:doi:10.1016/j.jfp.2024.100324	pubmed	exact_pmid_efetch	38960322	requires_pubmed_lookup
1864	publication_component:citation:publication:doi:10.1016/j.jgar.2020.11.023	pubmed	exact_pmid_efetch	33321214	requires_pubmed_lookup
1865	publication_component:citation:publication:doi:10.1016/j.jgar.2023.02.023	pubmed	exact_pmid_efetch	36906175	requires_pubmed_lookup
1866	publication_component:citation:publication:doi:10.1016/j.jgar.2023.04.007	pubmed	exact_pmid_efetch	37120145	requires_pubmed_lookup
1867	publication_component:citation:publication:doi:10.1016/j.jgar.2024.04.008	pubmed	exact_pmid_efetch	38759919	requires_pubmed_lookup
1868	publication_component:citation:publication:doi:10.1016/j.jgar.2025.04.010	pubmed	exact_pmid_efetch	40306463	requires_pubmed_lookup
1869	publication_component:citation:publication:doi:10.1016/j.jgar.2025.06.007	pubmed	exact_pmid_efetch	40543560	requires_pubmed_lookup
1870	publication_component:citation:publication:doi:10.1016/j.jgar.2025.08.008	pubmed	exact_pmid_efetch	40840838	requires_pubmed_lookup
1871	publication_component:citation:publication:doi:10.1016/j.jgg.2012.06.002	pubmed	exact_pmid_efetch	22835982	requires_pubmed_lookup
1872	publication_component:citation:publication:doi:10.1016/j.jgg.2013.09.002	pubmed	exact_pmid_efetch	24156916	requires_pubmed_lookup
1873	publication_component:citation:publication:doi:10.1016/j.jgg.2014.11.004	pubmed	exact_pmid_efetch	25619600	requires_pubmed_lookup
1874	publication_component:citation:publication:doi:10.1016/j.jgg.2019.02.002	pubmed	exact_pmid_efetch	30867123	requires_pubmed_lookup
1875	publication_component:citation:publication:doi:10.1016/j.jgg.2019.10.001	pubmed	exact_pmid_efetch	31761721	requires_pubmed_lookup
1876	publication_component:citation:publication:doi:10.1016/j.jgg.2019.12.001	pubmed	exact_pmid_efetch	32081608	requires_pubmed_lookup
1877	publication_component:citation:publication:doi:10.1016/j.jgg.2020.11.009	pubmed	exact_pmid_efetch	33753019	requires_pubmed_lookup
1878	publication_component:citation:publication:doi:10.1016/j.jgg.2021.02.010	pubmed	exact_pmid_efetch	34011484	requires_pubmed_lookup
1879	publication_component:citation:publication:doi:10.1016/j.jgg.2021.05.010	pubmed	exact_pmid_efetch	34801404	requires_pubmed_lookup
1880	publication_component:citation:publication:doi:10.1016/j.jgg.2021.06.013	pubmed	exact_pmid_efetch	34872841	requires_pubmed_lookup
1881	publication_component:citation:publication:doi:10.1016/j.jgg.2021.10.004	pubmed	exact_pmid_efetch	34757038	requires_pubmed_lookup
1882	publication_component:citation:publication:doi:10.1016/j.jgg.2021.12.003	pubmed	exact_pmid_efetch	34954396	requires_pubmed_lookup
1883	publication_component:citation:publication:doi:10.1016/j.jgg.2023.03.006	pubmed	exact_pmid_efetch	36935037	requires_pubmed_lookup
1884	publication_component:citation:publication:doi:10.1016/j.jgg.2024.03.012	pubmed	exact_pmid_efetch	38575109	requires_pubmed_lookup
1885	publication_component:citation:publication:doi:10.1016/j.jgg.2024.12.009	pubmed	exact_pmid_efetch	39709049	requires_pubmed_lookup
1886	publication_component:citation:publication:doi:10.1016/j.jgg.2024.12.017	pubmed	exact_pmid_efetch	39746604	requires_pubmed_lookup
1887	publication_component:citation:publication:doi:10.1016/j.jgg.2025.02.008	pubmed	exact_pmid_efetch	40020913	requires_pubmed_lookup
1888	publication_component:citation:publication:doi:10.1016/j.jgg.2025.08.002	pubmed	exact_pmid_efetch	40834998	requires_pubmed_lookup
1889	publication_component:citation:publication:doi:10.1016/j.jgg.2025.09.004	pubmed	exact_pmid_efetch	40946913	requires_pubmed_lookup
1890	publication_component:citation:publication:doi:10.1016/j.jgg.2025.09.006	pubmed	exact_pmid_efetch	40975488	requires_pubmed_lookup
1891	publication_component:citation:publication:doi:10.1016/j.jgg.2026.04.017	pubmed	exact_pmid_efetch	42103096	requires_pubmed_lookup
1892	publication_component:citation:publication:doi:10.1016/j.jhazmat.2021.127220	pubmed	exact_pmid_efetch	34844350	requires_pubmed_lookup
1893	publication_component:citation:publication:doi:10.1016/j.jhazmat.2024.136627	pubmed	exact_pmid_efetch	39616841	requires_pubmed_lookup
1894	publication_component:citation:publication:doi:10.1016/j.jhazmat.2026.141964	pubmed	exact_pmid_efetch	41950838	requires_pubmed_lookup
1895	publication_component:citation:publication:doi:10.1016/j.jia.2023.04.011	openalex	exact_work_id	W4365517314	requires_openalex_lookup
1896	publication_component:citation:publication:doi:10.1016/j.jia.2023.07.018	openalex	exact_work_id	W4384927115	requires_openalex_lookup
1897	publication_component:citation:publication:doi:10.1016/j.jia.2024.03.043	openalex	exact_work_id	W4392660606	requires_openalex_lookup
1898	publication_component:citation:publication:doi:10.1016/j.jia.2024.07.043	openalex	exact_work_id	W4401236079	requires_openalex_lookup
1899	publication_component:citation:publication:doi:10.1016/j.jia.2024.09.022	openalex	exact_work_id	W4402734908	requires_openalex_lookup
1900	publication_component:citation:publication:doi:10.1016/j.jiac.2018.07.016	pubmed	exact_pmid_efetch	30126693	requires_pubmed_lookup
1901	publication_component:citation:publication:doi:10.1016/j.jinf.2020.03.031	pubmed	exact_pmid_efetch	32277969	requires_pubmed_lookup
1902	publication_component:citation:publication:doi:10.1016/j.jinf.2022.05.013	pubmed	exact_pmid_efetch	35609706	requires_pubmed_lookup
1903	publication_component:citation:publication:doi:10.1016/j.jinf.2023.05.004	pubmed	exact_pmid_efetch	37178807	requires_pubmed_lookup
1904	publication_component:citation:publication:doi:10.1016/j.jinsphys.2021.104284	pubmed	exact_pmid_efetch	34256034	requires_pubmed_lookup
1905	publication_component:citation:publication:doi:10.1016/j.jip.2011.01.002	pubmed	exact_pmid_efetch	21238456	requires_pubmed_lookup
1906	publication_component:citation:publication:doi:10.1016/j.jip.2011.10.010	pubmed	exact_pmid_efetch	22041202	requires_pubmed_lookup
1907	publication_component:citation:publication:doi:10.1016/j.jip.2013.08.005	pubmed	exact_pmid_efetch	24012501	requires_pubmed_lookup
1908	publication_component:citation:publication:doi:10.1016/j.jip.2021.107561	pubmed	exact_pmid_efetch	33639152	requires_pubmed_lookup
1909	publication_component:citation:publication:doi:10.1016/j.jiph.2019.05.019	pubmed	exact_pmid_efetch	31204116	requires_pubmed_lookup
1910	publication_component:citation:publication:doi:10.1016/j.jiph.2021.12.002	pubmed	exact_pmid_efetch	34952247	requires_pubmed_lookup
1911	publication_component:citation:publication:doi:10.1016/j.jiph.2026.103328	pubmed	exact_pmid_efetch	42556187	requires_pubmed_lookup
1912	publication_component:citation:publication:doi:10.1016/j.jksus.2022.102458	pubmed	exact_pmid_efetch	36466790	requires_pubmed_lookup
1913	publication_component:citation:publication:doi:10.1016/j.jksus.2023.102710	openalex	exact_work_id	W4376273938	requires_openalex_lookup
1914	publication_component:citation:publication:doi:10.1016/j.jmb.2009.11.075	pubmed	exact_pmid_efetch	20004669	requires_pubmed_lookup
1915	publication_component:citation:publication:doi:10.1016/j.jmb.2011.06.005	pubmed	exact_pmid_efetch	21718704	requires_pubmed_lookup
1916	publication_component:citation:publication:doi:10.1016/j.jmb.2013.10.040	pubmed	exact_pmid_efetch	24211720	requires_pubmed_lookup
1917	publication_component:citation:publication:doi:10.1016/j.jmb.2019.07.019	pubmed	exact_pmid_efetch	31325440	requires_pubmed_lookup
1918	publication_component:citation:publication:doi:10.1016/j.jmb.2021.166839	pubmed	exact_pmid_efetch	33539889	requires_pubmed_lookup
1919	publication_component:citation:publication:doi:10.1016/j.jmb.2021.166899	pubmed	exact_pmid_efetch	33647291	requires_pubmed_lookup
1920	publication_component:citation:publication:doi:10.1016/j.jmb.2022.167563	pubmed	exact_pmid_efetch	35351519	requires_pubmed_lookup
1921	publication_component:citation:publication:doi:10.1016/j.jmb.2023.168208	pubmed	exact_pmid_efetch	37479078	requires_pubmed_lookup
1922	publication_component:citation:publication:doi:10.1016/j.jmb.2024.168490	pubmed	exact_pmid_efetch	38355092	requires_pubmed_lookup
1923	publication_component:citation:publication:doi:10.1016/j.jmgm.2019.07.014	pubmed	exact_pmid_efetch	31377535	requires_pubmed_lookup
1924	publication_component:citation:publication:doi:10.1016/j.jmii.2024.08.014	pubmed	exact_pmid_efetch	39322507	requires_pubmed_lookup
1925	publication_component:citation:publication:doi:10.1016/j.jns.2021.120023	pubmed	exact_pmid_efetch	34678659	requires_pubmed_lookup
1926	publication_component:citation:publication:doi:10.1016/j.jobb.2021.12.001	pubmed	exact_pmid_efetch	35005525	requires_pubmed_lookup
1927	publication_component:citation:publication:doi:10.1016/j.jobb.2023.01.002	pubmed	exact_pmid_efetch	36718149	requires_pubmed_lookup
1928	publication_component:citation:publication:doi:10.1016/j.jplph.2022.153786	pubmed	exact_pmid_efetch	35963042	requires_pubmed_lookup
1929	publication_component:citation:publication:doi:10.1016/j.jprot.2013.05.034	pubmed	exact_pmid_efetch	23748026	requires_pubmed_lookup
1930	publication_component:citation:publication:doi:10.1016/j.jprot.2014.01.013	pubmed	exact_pmid_efetch	24463169	requires_pubmed_lookup
1931	publication_component:citation:publication:doi:10.1016/j.jprot.2014.02.024	pubmed	exact_pmid_efetch	24602922	requires_pubmed_lookup
1932	publication_component:citation:publication:doi:10.1016/j.jprot.2015.06.007	pubmed	exact_pmid_efetch	26074353	requires_pubmed_lookup
1933	publication_component:citation:publication:doi:10.1016/j.jprot.2015.11.019	pubmed	exact_pmid_efetch	26632978	requires_pubmed_lookup
1934	publication_component:citation:publication:doi:10.1016/j.jprot.2018.12.014	pubmed	exact_pmid_efetch	30557667	requires_pubmed_lookup
1935	publication_component:citation:publication:doi:10.1016/j.jsames.2025.105584	openalex	exact_work_id	W4410470755	requires_openalex_lookup
1936	publication_component:citation:publication:doi:10.1016/j.jtbi.2014.02.031	pubmed	exact_pmid_efetch	24607743	requires_pubmed_lookup
1937	publication_component:citation:publication:doi:10.1016/j.jtbi.2014.09.004	pubmed	exact_pmid_efetch	25218869	requires_pubmed_lookup
1938	publication_component:citation:publication:doi:10.1016/j.jtbi.2025.112355	pubmed	exact_pmid_efetch	41482218	requires_pubmed_lookup
1939	publication_component:citation:publication:doi:10.1016/j.jtherbio.2016.12.004	pubmed	exact_pmid_efetch	28166951	requires_pubmed_lookup
1940	publication_component:citation:publication:doi:10.1016/j.lana.2024.100786	pubmed	exact_pmid_efetch	38846808	requires_pubmed_lookup
1941	publication_component:citation:publication:doi:10.1016/j.lanmic.2025.101176	pubmed	exact_pmid_efetch	40716444	requires_pubmed_lookup
1942	publication_component:citation:publication:doi:10.1016/j.lansea.2025.100711	pubmed	exact_pmid_efetch	41551376	requires_pubmed_lookup
1943	publication_component:citation:publication:doi:10.1016/j.lanwpc.2021.100130	pubmed	exact_pmid_efetch	33778795	requires_pubmed_lookup
1944	publication_component:citation:publication:doi:10.1016/j.lanwpc.2021.100163	pubmed	exact_pmid_efetch	34327365	requires_pubmed_lookup
1945	publication_component:citation:publication:doi:10.1016/j.lanwpc.2024.101105	pubmed	exact_pmid_efetch	39022748	requires_pubmed_lookup
1946	publication_component:citation:publication:doi:10.1016/j.livsci.2019.103895	openalex	exact_work_id	W2995181411	requires_openalex_lookup
1947	publication_component:citation:publication:doi:10.1016/j.mambio.2018.05.001	openalex	exact_work_id	W2799938997	requires_openalex_lookup
1948	publication_component:citation:publication:doi:10.1016/j.marenvres.2023.106240	pubmed	exact_pmid_efetch	37944349	requires_pubmed_lookup
1949	publication_component:citation:publication:doi:10.1016/j.margen.2008.06.003	pubmed	exact_pmid_efetch	21798156	requires_pubmed_lookup
1950	publication_component:citation:publication:doi:10.1016/j.margen.2009.06.002	pubmed	exact_pmid_efetch	21798179	requires_pubmed_lookup
1951	publication_component:citation:publication:doi:10.1016/j.margen.2013.04.001	pubmed	exact_pmid_efetch	23632098	requires_pubmed_lookup
1952	publication_component:citation:publication:doi:10.1016/j.margen.2015.08.004	pubmed	exact_pmid_efetch	26343338	requires_pubmed_lookup
1953	publication_component:citation:publication:doi:10.1016/j.margen.2015.09.003	pubmed	exact_pmid_efetch	26388449	requires_pubmed_lookup
1954	publication_component:citation:publication:doi:10.1016/j.margen.2017.11.015	pubmed	exact_pmid_efetch	29273445	requires_pubmed_lookup
1955	publication_component:citation:publication:doi:10.1016/j.margen.2017.12.004	pubmed	exact_pmid_efetch	29275151	requires_pubmed_lookup
1956	publication_component:citation:publication:doi:10.1016/j.margen.2020.100740	pubmed	exact_pmid_efetch	31937506	requires_pubmed_lookup
1957	publication_component:citation:publication:doi:10.1016/j.margen.2026.101265	pubmed	exact_pmid_efetch	42468076	requires_pubmed_lookup
1958	publication_component:citation:publication:doi:10.1016/j.marpolbul.2025.117872	pubmed	exact_pmid_efetch	40199006	requires_pubmed_lookup
1959	publication_component:citation:publication:doi:10.1016/j.mcat.2024.113874	openalex	exact_work_id	W4391400562	requires_openalex_lookup
1960	publication_component:citation:publication:doi:10.1016/j.mcpro.2022.100281	pubmed	exact_pmid_efetch	35985624	requires_pubmed_lookup
1961	publication_component:citation:publication:doi:10.1016/j.mcpro.2023.100610	pubmed	exact_pmid_efetch	37391044	requires_pubmed_lookup
1962	publication_component:citation:publication:doi:10.1016/j.medj.2022.09.003	pubmed	exact_pmid_efetch	36198312	requires_pubmed_lookup
1963	publication_component:citation:publication:doi:10.1016/j.meegid.2008.09.004	pubmed	exact_pmid_efetch	18940268	requires_pubmed_lookup
1964	publication_component:citation:publication:doi:10.1016/j.meegid.2008.10.004	pubmed	exact_pmid_efetch	19007915	requires_pubmed_lookup
1965	publication_component:citation:publication:doi:10.1016/j.meegid.2009.03.010	pubmed	exact_pmid_efetch	19442589	requires_pubmed_lookup
1966	publication_component:citation:publication:doi:10.1016/j.meegid.2009.04.007	pubmed	exact_pmid_efetch	19379842	requires_pubmed_lookup
1967	publication_component:citation:publication:doi:10.1016/j.meegid.2009.06.001	pubmed	exact_pmid_efetch	19524068	requires_pubmed_lookup
1968	publication_component:citation:publication:doi:10.1016/j.meegid.2009.11.012	pubmed	exact_pmid_efetch	19931648	requires_pubmed_lookup
1969	publication_component:citation:publication:doi:10.1016/j.meegid.2010.04.005	pubmed	exact_pmid_efetch	20434592	requires_pubmed_lookup
1970	publication_component:citation:publication:doi:10.1016/j.meegid.2010.04.008	pubmed	exact_pmid_efetch	20435167	requires_pubmed_lookup
1971	publication_component:citation:publication:doi:10.1016/j.meegid.2010.08.007	pubmed	exact_pmid_efetch	20849978	requires_pubmed_lookup
1972	publication_component:citation:publication:doi:10.1016/j.meegid.2011.02.004	pubmed	exact_pmid_efetch	21324380	requires_pubmed_lookup
1973	publication_component:citation:publication:doi:10.1016/j.meegid.2011.12.011	pubmed	exact_pmid_efetch	22226705	requires_pubmed_lookup
1974	publication_component:citation:publication:doi:10.1016/j.meegid.2012.02.012	pubmed	exact_pmid_efetch	22406010	requires_pubmed_lookup
1975	publication_component:citation:publication:doi:10.1016/j.meegid.2012.02.019	pubmed	exact_pmid_efetch	22426110	requires_pubmed_lookup
1976	publication_component:citation:publication:doi:10.1016/j.meegid.2012.03.015	pubmed	exact_pmid_efetch	22484762	requires_pubmed_lookup
1977	publication_component:citation:publication:doi:10.1016/j.meegid.2012.04.020	pubmed	exact_pmid_efetch	22575819	requires_pubmed_lookup
1978	publication_component:citation:publication:doi:10.1016/j.meegid.2012.04.030	pubmed	exact_pmid_efetch	22580241	requires_pubmed_lookup
1979	publication_component:citation:publication:doi:10.1016/j.meegid.2012.05.007	pubmed	exact_pmid_efetch	22634277	requires_pubmed_lookup
1980	publication_component:citation:publication:doi:10.1016/j.meegid.2013.01.009	pubmed	exact_pmid_efetch	23357583	requires_pubmed_lookup
1981	publication_component:citation:publication:doi:10.1016/j.meegid.2013.01.017	pubmed	exact_pmid_efetch	23403095	requires_pubmed_lookup
1982	publication_component:citation:publication:doi:10.1016/j.meegid.2013.03.012	pubmed	exact_pmid_efetch	23583792	requires_pubmed_lookup
1983	publication_component:citation:publication:doi:10.1016/j.meegid.2013.07.011	pubmed	exact_pmid_efetch	23871771	requires_pubmed_lookup
1984	publication_component:citation:publication:doi:10.1016/j.meegid.2013.11.024	pubmed	exact_pmid_efetch	24309680	requires_pubmed_lookup
1985	publication_component:citation:publication:doi:10.1016/j.meegid.2014.03.025	pubmed	exact_pmid_efetch	24704760	requires_pubmed_lookup
1986	publication_component:citation:publication:doi:10.1016/j.meegid.2014.04.008	pubmed	exact_pmid_efetch	24747964	requires_pubmed_lookup
1987	publication_component:citation:publication:doi:10.1016/j.meegid.2014.05.007	pubmed	exact_pmid_efetch	24820343	requires_pubmed_lookup
1988	publication_component:citation:publication:doi:10.1016/j.meegid.2014.10.015	pubmed	exact_pmid_efetch	25446941	requires_pubmed_lookup
1989	publication_component:citation:publication:doi:10.1016/j.meegid.2014.12.002	pubmed	exact_pmid_efetch	25489752	requires_pubmed_lookup
1990	publication_component:citation:publication:doi:10.1016/j.meegid.2015.02.024	pubmed	exact_pmid_efetch	25745889	requires_pubmed_lookup
1991	publication_component:citation:publication:doi:10.1016/j.meegid.2015.03.019	pubmed	exact_pmid_efetch	25801608	requires_pubmed_lookup
1992	publication_component:citation:publication:doi:10.1016/j.meegid.2015.03.032	pubmed	exact_pmid_efetch	25861750	requires_pubmed_lookup
1993	publication_component:citation:publication:doi:10.1016/j.meegid.2015.04.008	pubmed	exact_pmid_efetch	25891283	requires_pubmed_lookup
1994	publication_component:citation:publication:doi:10.1016/j.meegid.2016.03.002	pubmed	exact_pmid_efetch	26961593	requires_pubmed_lookup
1995	publication_component:citation:publication:doi:10.1016/j.meegid.2016.03.029	pubmed	exact_pmid_efetch	27060756	requires_pubmed_lookup
1996	publication_component:citation:publication:doi:10.1016/j.meegid.2016.04.028	pubmed	exact_pmid_efetch	27117935	requires_pubmed_lookup
1997	publication_component:citation:publication:doi:10.1016/j.meegid.2017.05.015	pubmed	exact_pmid_efetch	28533181	requires_pubmed_lookup
1998	publication_component:citation:publication:doi:10.1016/j.meegid.2017.09.022	pubmed	exact_pmid_efetch	28943406	requires_pubmed_lookup
1999	publication_component:citation:publication:doi:10.1016/j.meegid.2017.09.029	pubmed	exact_pmid_efetch	28951202	requires_pubmed_lookup
2000	publication_component:citation:publication:doi:10.1016/j.meegid.2018.01.018	pubmed	exact_pmid_efetch	29413881	requires_pubmed_lookup
2001	publication_component:citation:publication:doi:10.1016/j.meegid.2018.04.020	pubmed	exact_pmid_efetch	29678797	requires_pubmed_lookup
2002	publication_component:citation:publication:doi:10.1016/j.meegid.2018.07.030	pubmed	exact_pmid_efetch	30053642	requires_pubmed_lookup
2003	publication_component:citation:publication:doi:10.1016/j.meegid.2018.08.009	pubmed	exact_pmid_efetch	30118873	requires_pubmed_lookup
2004	publication_component:citation:publication:doi:10.1016/j.meegid.2018.12.020	pubmed	exact_pmid_efetch	30576837	requires_pubmed_lookup
2005	publication_component:citation:publication:doi:10.1016/j.meegid.2019.01.001	pubmed	exact_pmid_efetch	30611743	requires_pubmed_lookup
2006	publication_component:citation:publication:doi:10.1016/j.meegid.2020.104208	pubmed	exact_pmid_efetch	32001386	requires_pubmed_lookup
2007	publication_component:citation:publication:doi:10.1016/j.meegid.2020.104353	pubmed	exact_pmid_efetch	32387562	requires_pubmed_lookup
2008	publication_component:citation:publication:doi:10.1016/j.meegid.2020.104364	pubmed	exact_pmid_efetch	32422351	requires_pubmed_lookup
2009	publication_component:citation:publication:doi:10.1016/j.meegid.2020.104486	pubmed	exact_pmid_efetch	32771701	requires_pubmed_lookup
2010	publication_component:citation:publication:doi:10.1016/j.meegid.2020.104527	pubmed	exact_pmid_efetch	32898687	requires_pubmed_lookup
2011	publication_component:citation:publication:doi:10.1016/j.meegid.2021.104706	pubmed	exact_pmid_efetch	33418145	requires_pubmed_lookup
2012	publication_component:citation:publication:doi:10.1016/j.meegid.2021.104796	pubmed	exact_pmid_efetch	33667722	requires_pubmed_lookup
2013	publication_component:citation:publication:doi:10.1016/j.meegid.2021.104864	pubmed	exact_pmid_efetch	33866019	requires_pubmed_lookup
2014	publication_component:citation:publication:doi:10.1016/j.meegid.2021.104908	pubmed	exact_pmid_efetch	33975022	requires_pubmed_lookup
2015	publication_component:citation:publication:doi:10.1016/j.meegid.2021.104941	pubmed	exact_pmid_efetch	34044192	requires_pubmed_lookup
2016	publication_component:citation:publication:doi:10.1016/j.meegid.2021.104992	pubmed	exact_pmid_efetch	34242773	requires_pubmed_lookup
2017	publication_component:citation:publication:doi:10.1016/j.meegid.2021.104993	pubmed	exact_pmid_efetch	34242774	requires_pubmed_lookup
2018	publication_component:citation:publication:doi:10.1016/j.meegid.2021.105030	pubmed	exact_pmid_efetch	34384937	requires_pubmed_lookup
2019	publication_component:citation:publication:doi:10.1016/j.meegid.2021.105057	pubmed	exact_pmid_efetch	34481060	requires_pubmed_lookup
2020	publication_component:citation:publication:doi:10.1016/j.meegid.2022.105271	pubmed	exact_pmid_efetch	35339698	requires_pubmed_lookup
2021	publication_component:citation:publication:doi:10.1016/j.meegid.2022.105381	pubmed	exact_pmid_efetch	36309317	requires_pubmed_lookup
2022	publication_component:citation:publication:doi:10.1016/j.meegid.2023.105503	pubmed	exact_pmid_efetch	37717798	requires_pubmed_lookup
2023	publication_component:citation:publication:doi:10.1016/j.meegid.2025.105726	pubmed	exact_pmid_efetch	39924093	requires_pubmed_lookup
2024	publication_component:citation:publication:doi:10.1016/j.meegid.2025.105747	pubmed	exact_pmid_efetch	40194720	requires_pubmed_lookup
2025	publication_component:citation:publication:doi:10.1016/j.meegid.2025.105831	pubmed	exact_pmid_efetch	40972996	requires_pubmed_lookup
2026	publication_component:citation:publication:doi:10.1016/j.meegid.2026.105938	pubmed	exact_pmid_efetch	41962875	requires_pubmed_lookup
2027	publication_component:citation:publication:doi:10.1016/j.meegid.2026.105992	pubmed	exact_pmid_efetch	42457065	requires_pubmed_lookup
2028	publication_component:citation:publication:doi:10.1016/j.meegid.2026.106000	pubmed	exact_pmid_efetch	42508551	requires_pubmed_lookup
2029	publication_component:citation:publication:doi:10.1016/j.mex.2024.102608	pubmed	exact_pmid_efetch	38379718	requires_pubmed_lookup
2030	publication_component:citation:publication:doi:10.1016/j.mex.2024.102646	pubmed	exact_pmid_efetch	38524302	requires_pubmed_lookup
2031	publication_component:citation:publication:doi:10.1016/j.mgene.2019.100586	openalex	exact_work_id	W2946625007	requires_openalex_lookup
2032	publication_component:citation:publication:doi:10.1016/j.micpath.2020.103997	pubmed	exact_pmid_efetch	31982569	requires_pubmed_lookup
2033	publication_component:citation:publication:doi:10.1016/j.micpath.2020.104361	pubmed	exact_pmid_efetch	32622926	requires_pubmed_lookup
2034	publication_component:citation:publication:doi:10.1016/j.micpath.2021.105375	pubmed	exact_pmid_efetch	34974119	requires_pubmed_lookup
2035	publication_component:citation:publication:doi:10.1016/j.micres.2020.126410	pubmed	exact_pmid_efetch	31945517	requires_pubmed_lookup
2036	publication_component:citation:publication:doi:10.1016/j.micres.2022.127109	pubmed	exact_pmid_efetch	35803059	requires_pubmed_lookup
2037	publication_component:citation:publication:doi:10.1016/j.micres.2023.127461	pubmed	exact_pmid_efetch	37499310	requires_pubmed_lookup
2038	publication_component:citation:publication:doi:10.1016/j.micres.2023.127528	pubmed	exact_pmid_efetch	37918082	requires_pubmed_lookup
2039	publication_component:citation:publication:doi:10.1016/j.microb.2024.100165	openalex	exact_work_id	W4402403757	requires_openalex_lookup
2040	publication_component:citation:publication:doi:10.1016/j.mito.2008.11.003	pubmed	exact_pmid_efetch	19070686	requires_pubmed_lookup
2041	publication_component:citation:publication:doi:10.1016/j.mito.2010.10.003	pubmed	exact_pmid_efetch	21047565	requires_pubmed_lookup
2042	publication_component:citation:publication:doi:10.1016/j.mito.2014.07.012	pubmed	exact_pmid_efetch	25110061	requires_pubmed_lookup
2043	publication_component:citation:publication:doi:10.1016/j.mito.2020.12.015	pubmed	exact_pmid_efetch	33412336	requires_pubmed_lookup
2044	publication_component:citation:publication:doi:10.1016/j.mito.2023.01.004	pubmed	exact_pmid_efetch	36690316	requires_pubmed_lookup
2045	publication_component:citation:publication:doi:10.1016/j.mod.2019.02.001	pubmed	exact_pmid_efetch	30790628	requires_pubmed_lookup
2046	publication_component:citation:publication:doi:10.1016/j.molbiopara.2021.111445	pubmed	exact_pmid_efetch	34942292	requires_pubmed_lookup
2047	publication_component:citation:publication:doi:10.1016/j.molcel.2014.02.018	pubmed	exact_pmid_efetch	24657167	requires_pubmed_lookup
2048	publication_component:citation:publication:doi:10.1016/j.molcel.2014.11.025	pubmed	exact_pmid_efetch	25544562	requires_pubmed_lookup
2049	publication_component:citation:publication:doi:10.1016/j.molimm.2008.09.035	pubmed	exact_pmid_efetch	19081632	requires_pubmed_lookup
2050	publication_component:citation:publication:doi:10.1016/j.molimm.2014.10.011	pubmed	exact_pmid_efetch	25458311	requires_pubmed_lookup
2051	publication_component:citation:publication:doi:10.1016/j.molimm.2018.04.011	pubmed	exact_pmid_efetch	29723770	requires_pubmed_lookup
2052	publication_component:citation:publication:doi:10.1016/j.molimm.2018.12.022	pubmed	exact_pmid_efetch	30597475	requires_pubmed_lookup
2053	publication_component:citation:publication:doi:10.1016/j.molimm.2022.07.006	pubmed	exact_pmid_efetch	35908437	requires_pubmed_lookup
2054	publication_component:citation:publication:doi:10.1016/j.molmed.2011.12.001	pubmed	exact_pmid_efetch	22240486	requires_pubmed_lookup
2055	publication_component:citation:publication:doi:10.1016/j.molp.2014.12.011	pubmed	exact_pmid_efetch	25825286	requires_pubmed_lookup
2056	publication_component:citation:publication:doi:10.1016/j.molp.2015.09.002	pubmed	exact_pmid_efetch	26388305	requires_pubmed_lookup
2057	publication_component:citation:publication:doi:10.1016/j.molp.2016.04.016	pubmed	exact_pmid_efetch	27174404	requires_pubmed_lookup
2058	publication_component:citation:publication:doi:10.1016/j.molp.2017.05.007	pubmed	exact_pmid_efetch	28552780	requires_pubmed_lookup
2059	publication_component:citation:publication:doi:10.1016/j.molp.2017.11.014	pubmed	exact_pmid_efetch	29229569	requires_pubmed_lookup
2060	publication_component:citation:publication:doi:10.1016/j.molp.2018.06.001	pubmed	exact_pmid_efetch	29885473	requires_pubmed_lookup
2061	publication_component:citation:publication:doi:10.1016/j.molp.2018.10.003	pubmed	exact_pmid_efetch	30342096	requires_pubmed_lookup
2062	publication_component:citation:publication:doi:10.1016/j.molp.2018.12.023	pubmed	exact_pmid_efetch	30630074	requires_pubmed_lookup
2063	publication_component:citation:publication:doi:10.1016/j.molp.2019.01.019	pubmed	exact_pmid_efetch	30710646	requires_pubmed_lookup
2064	publication_component:citation:publication:doi:10.1016/j.molp.2019.01.021	pubmed	exact_pmid_efetch	30822525	requires_pubmed_lookup
2065	publication_component:citation:publication:doi:10.1016/j.molp.2019.03.005	pubmed	exact_pmid_efetch	30902685	requires_pubmed_lookup
2066	publication_component:citation:publication:doi:10.1016/j.molp.2019.05.009	pubmed	exact_pmid_efetch	31145999	requires_pubmed_lookup
2067	publication_component:citation:publication:doi:10.1016/j.molp.2019.11.008	pubmed	exact_pmid_efetch	31778843	requires_pubmed_lookup
2068	publication_component:citation:publication:doi:10.1016/j.molp.2020.05.011	pubmed	exact_pmid_efetch	32445889	requires_pubmed_lookup
2069	publication_component:citation:publication:doi:10.1016/j.molp.2020.07.019	pubmed	exact_pmid_efetch	32730994	requires_pubmed_lookup
2070	publication_component:citation:publication:doi:10.1016/j.molp.2020.11.003	pubmed	exact_pmid_efetch	33171302	requires_pubmed_lookup
2071	publication_component:citation:publication:doi:10.1016/j.molp.2021.04.015	pubmed	exact_pmid_efetch	33951484	requires_pubmed_lookup
2072	publication_component:citation:publication:doi:10.1016/j.molp.2021.06.017	pubmed	exact_pmid_efetch	34171481	requires_pubmed_lookup
2073	publication_component:citation:publication:doi:10.1016/j.molp.2021.06.021	pubmed	exact_pmid_efetch	34214658	requires_pubmed_lookup
2074	publication_component:citation:publication:doi:10.1016/j.molp.2021.12.019	pubmed	exact_pmid_efetch	34979290	requires_pubmed_lookup
2075	publication_component:citation:publication:doi:10.1016/j.molp.2022.05.001	pubmed	exact_pmid_efetch	35524410	requires_pubmed_lookup
2076	publication_component:citation:publication:doi:10.1016/j.molp.2022.05.013	pubmed	exact_pmid_efetch	35655434	requires_pubmed_lookup
2077	publication_component:citation:publication:doi:10.1016/j.molp.2022.12.021	pubmed	exact_pmid_efetch	36587241	requires_pubmed_lookup
2078	publication_component:citation:publication:doi:10.1016/j.molp.2022.12.022	pubmed	exact_pmid_efetch	36588343	requires_pubmed_lookup
2079	publication_component:citation:publication:doi:10.1016/j.molp.2023.08.013	pubmed	exact_pmid_efetch	37649255	requires_pubmed_lookup
2080	publication_component:citation:publication:doi:10.1016/j.molp.2024.03.009	pubmed	exact_pmid_efetch	38486452	requires_pubmed_lookup
2081	publication_component:citation:publication:doi:10.1016/j.molp.2024.04.013	pubmed	exact_pmid_efetch	38678365	requires_pubmed_lookup
2082	publication_component:citation:publication:doi:10.1016/j.molp.2024.12.010	pubmed	exact_pmid_efetch	39702965	requires_pubmed_lookup
2083	publication_component:citation:publication:doi:10.1016/j.molp.2025.10.002	pubmed	exact_pmid_efetch	41047632	requires_pubmed_lookup
2084	publication_component:citation:publication:doi:10.1016/j.molp.2026.05.003	pubmed	exact_pmid_efetch	42130084	requires_pubmed_lookup
2085	publication_component:citation:publication:doi:10.1016/j.mrfmmm.2015.03.005	pubmed	exact_pmid_efetch	25839760	requires_pubmed_lookup
2086	publication_component:citation:publication:doi:10.1016/j.myc.2015.12.003	openalex	exact_work_id	W2233789237	requires_openalex_lookup
2087	publication_component:citation:publication:doi:10.1016/j.neuron.2014.11.004	pubmed	exact_pmid_efetch	25433640	requires_pubmed_lookup
2088	publication_component:citation:publication:doi:10.1016/j.neuroscience.2020.09.039	pubmed	exact_pmid_efetch	33002555	requires_pubmed_lookup
2089	publication_component:citation:publication:doi:10.1016/j.onehlt.2024.100715	pubmed	exact_pmid_efetch	39010959	requires_pubmed_lookup
2090	publication_component:citation:publication:doi:10.1016/j.palaeo.2025.113459	openalex	exact_work_id	W4416713652	requires_openalex_lookup
2091	publication_component:citation:publication:doi:10.1016/j.palwor.2015.01.005	openalex	exact_work_id	W1993497386	requires_openalex_lookup
2092	publication_component:citation:publication:doi:10.1016/j.palwor.2015.02.003	openalex	exact_work_id	W2074424941	requires_openalex_lookup
2093	publication_component:citation:publication:doi:10.1016/j.palwor.2015.03.004	openalex	exact_work_id	W1967608393	requires_openalex_lookup
2094	publication_component:citation:publication:doi:10.1016/j.parint.2013.03.010	pubmed	exact_pmid_efetch	23602737	requires_pubmed_lookup
2095	publication_component:citation:publication:doi:10.1016/j.patter.2025.101184	pubmed	exact_pmid_efetch	40182179	requires_pubmed_lookup
2096	publication_component:citation:publication:doi:10.1016/j.pbi.2007.12.003	pubmed	exact_pmid_efetch	18255332	requires_pubmed_lookup
2097	publication_component:citation:publication:doi:10.1016/j.pbiomolbio.2018.05.004	pubmed	exact_pmid_efetch	29746888	requires_pubmed_lookup
2098	publication_component:citation:publication:doi:10.1016/j.peptides.2017.03.007	pubmed	exact_pmid_efetch	28363794	requires_pubmed_lookup
2099	publication_component:citation:publication:doi:10.1016/j.physa.2011.08.050	openalex	exact_work_id	W2037627152	requires_openalex_lookup
2100	publication_component:citation:publication:doi:10.1016/j.physa.2018.06.044	openalex	exact_work_id	W2808872997	requires_openalex_lookup
2101	publication_component:citation:publication:doi:10.1016/j.placenta.2011.01.005	pubmed	exact_pmid_efetch	21306776	requires_pubmed_lookup
2102	publication_component:citation:publication:doi:10.1016/j.placenta.2011.08.006	pubmed	exact_pmid_efetch	21893339	requires_pubmed_lookup
2103	publication_component:citation:publication:doi:10.1016/j.placenta.2021.08.048	pubmed	exact_pmid_efetch	34418750	requires_pubmed_lookup
2104	publication_component:citation:publication:doi:10.1016/j.plantsci.2016.12.014	pubmed	exact_pmid_efetch	28167034	requires_pubmed_lookup
2105	publication_component:citation:publication:doi:10.1016/j.plantsci.2017.09.007	pubmed	exact_pmid_efetch	28969795	requires_pubmed_lookup
2106	publication_component:citation:publication:doi:10.1016/j.plantsci.2018.12.009	pubmed	exact_pmid_efetch	30824002	requires_pubmed_lookup
2107	publication_component:citation:publication:doi:10.1016/j.plantsci.2021.110960	pubmed	exact_pmid_efetch	34315585	requires_pubmed_lookup
2108	publication_component:citation:publication:doi:10.1016/j.plantsci.2021.111063	pubmed	exact_pmid_efetch	34763857	requires_pubmed_lookup
2109	publication_component:citation:publication:doi:10.1016/j.plantsci.2022.111489	pubmed	exact_pmid_efetch	36216298	requires_pubmed_lookup
2110	publication_component:citation:publication:doi:10.1016/j.plaphy.2022.01.015	pubmed	exact_pmid_efetch	35121529	requires_pubmed_lookup
2111	publication_component:citation:publication:doi:10.1016/j.plaphy.2022.07.007	pubmed	exact_pmid_efetch	35932656	requires_pubmed_lookup
2112	publication_component:citation:publication:doi:10.1016/j.plaphy.2023.107793	pubmed	exact_pmid_efetch	37276808	requires_pubmed_lookup
2113	publication_component:citation:publication:doi:10.1016/j.plaphy.2025.110173	pubmed	exact_pmid_efetch	40543148	requires_pubmed_lookup
2114	publication_component:citation:publication:doi:10.1016/j.plaphy.2025.110781	pubmed	exact_pmid_efetch	41297421	requires_pubmed_lookup
2115	publication_component:citation:publication:doi:10.1016/j.plaphy.2025.110941	pubmed	exact_pmid_efetch	41389388	requires_pubmed_lookup
2116	publication_component:citation:publication:doi:10.1016/j.plaphy.2026.111112	pubmed	exact_pmid_efetch	41655510	requires_pubmed_lookup
2117	publication_component:citation:publication:doi:10.1016/j.plaphy.2026.111205	pubmed	exact_pmid_efetch	41831414	requires_pubmed_lookup
2118	publication_component:citation:publication:doi:10.1016/j.plasmid.2021.102562	pubmed	exact_pmid_efetch	33497686	requires_pubmed_lookup
2119	publication_component:citation:publication:doi:10.1016/j.pld.2018.03.001	pubmed	exact_pmid_efetch	30159543	requires_pubmed_lookup
2120	publication_component:citation:publication:doi:10.1016/j.pld.2019.11.004	pubmed	exact_pmid_efetch	32140637	requires_pubmed_lookup
2121	publication_component:citation:publication:doi:10.1016/j.pld.2020.05.003	pubmed	exact_pmid_efetch	32695953	requires_pubmed_lookup
2122	publication_component:citation:publication:doi:10.1016/j.pld.2021.08.004	pubmed	exact_pmid_efetch	35769590	requires_pubmed_lookup
2123	publication_component:citation:publication:doi:10.1016/j.pld.2023.07.004	pubmed	exact_pmid_efetch	38343588	requires_pubmed_lookup
2124	publication_component:citation:publication:doi:10.1016/j.pld.2024.03.001	pubmed	exact_pmid_efetch	39280966	requires_pubmed_lookup
2125	publication_component:citation:publication:doi:10.1016/j.pld.2024.03.006	pubmed	exact_pmid_efetch	38798732	requires_pubmed_lookup
2126	publication_component:citation:publication:doi:10.1016/j.pld.2024.07.008	pubmed	exact_pmid_efetch	40041560	requires_pubmed_lookup
2127	publication_component:citation:publication:doi:10.1016/j.pld.2024.09.009	pubmed	exact_pmid_efetch	40041563	requires_pubmed_lookup
2128	publication_component:citation:publication:doi:10.1016/j.pld.2025.01.001	pubmed	exact_pmid_efetch	40182488	requires_pubmed_lookup
2129	publication_component:citation:publication:doi:10.1016/j.pld.2025.07.003	pubmed	exact_pmid_efetch	41054613	requires_pubmed_lookup
2130	publication_component:citation:publication:doi:10.1016/j.pld.2025.09.004	pubmed	exact_pmid_efetch	41982294	requires_pubmed_lookup
2131	publication_component:citation:publication:doi:10.1016/j.pld.2025.10.002	pubmed	exact_pmid_efetch	41726807	requires_pubmed_lookup
2132	publication_component:citation:publication:doi:10.1016/j.pld.2025.10.004	pubmed	exact_pmid_efetch	42282471	requires_pubmed_lookup
2133	publication_component:citation:publication:doi:10.1016/j.pld.2025.12.002	pubmed	exact_pmid_efetch	42282474	requires_pubmed_lookup
2134	publication_component:citation:publication:doi:10.1016/j.pld.2026.02.003	pubmed	exact_pmid_efetch	41982296	requires_pubmed_lookup
2135	publication_component:citation:publication:doi:10.1016/j.pld.2026.04.004	openalex	exact_work_id	W7155545224	requires_openalex_lookup
2136	publication_component:citation:publication:doi:10.1016/j.pld.2026.04.009	openalex	exact_work_id	W7160205283	requires_openalex_lookup
2137	publication_component:citation:publication:doi:10.1016/j.pld.2026.05.005	openalex	exact_work_id	W7161785681	requires_openalex_lookup
2138	publication_component:citation:publication:doi:10.1016/j.pld.2026.05.007	openalex	exact_work_id	W7162109789	requires_openalex_lookup
2139	publication_component:citation:publication:doi:10.1016/j.pld.2026.07.012	openalex	exact_work_id	W7171770833	requires_openalex_lookup
2140	publication_component:citation:publication:doi:10.1016/j.pld.2026.07.021	openalex	exact_work_id	W7204573685	requires_openalex_lookup
2141	publication_component:citation:publication:doi:10.1016/j.pld.2026.08.003	openalex	exact_work_id	W7204176714	requires_openalex_lookup
2142	publication_component:citation:publication:doi:10.1016/j.plgene.2016.03.003	openalex	exact_work_id	W2300634289	requires_openalex_lookup
2143	publication_component:citation:publication:doi:10.1016/j.plgene.2018.04.007	openalex	exact_work_id	W2799511000	requires_openalex_lookup
2144	publication_component:citation:publication:doi:10.1016/j.plgene.2020.100244	openalex	exact_work_id	W3043260833	requires_openalex_lookup
2145	publication_component:citation:publication:doi:10.1016/j.plgene.2020.100252	openalex	exact_work_id	W3087712548	requires_openalex_lookup
2146	publication_component:citation:publication:doi:10.1016/j.plgene.2020.100270	openalex	exact_work_id	W3115077045	requires_openalex_lookup
2147	publication_component:citation:publication:doi:10.1016/j.plgene.2025.100497	openalex	exact_work_id	W4408164937	requires_openalex_lookup
2148	publication_component:citation:publication:doi:10.1016/j.plipres.2018.12.001	pubmed	exact_pmid_efetch	30521822	requires_pubmed_lookup
2149	publication_component:citation:publication:doi:10.1016/j.plrev.2024.10.011	pubmed	exact_pmid_efetch	39488136	requires_pubmed_lookup
2150	publication_component:citation:publication:doi:10.1016/j.pmpp.2022.101853	openalex	exact_work_id	W4282031927	requires_openalex_lookup
2151	publication_component:citation:publication:doi:10.1016/j.pmpp.2024.102242	openalex	exact_work_id	W4391514174	requires_openalex_lookup
2152	publication_component:citation:publication:doi:10.1016/j.pmpp.2026.103475	openalex	exact_work_id	W7127267122	requires_openalex_lookup
2153	publication_component:citation:publication:doi:10.1016/j.postharvbio.2022.112120	openalex	exact_work_id	W4303649607	requires_openalex_lookup
2154	publication_component:citation:publication:doi:10.1016/j.ppees.2019.02.004	openalex	exact_work_id	W2919435941	requires_openalex_lookup
2155	publication_component:citation:publication:doi:10.1016/j.precamres.2021.106312	openalex	exact_work_id	W3190033546	requires_openalex_lookup
2156	publication_component:citation:publication:doi:10.1016/j.prevetmed.2011.08.013	pubmed	exact_pmid_efetch	21945812	requires_pubmed_lookup
2157	publication_component:citation:publication:doi:10.1016/j.prevetmed.2026.106990	pubmed	exact_pmid_efetch	42628301	requires_pubmed_lookup
2158	publication_component:citation:publication:doi:10.1016/j.protis.2008.11.004	pubmed	exact_pmid_efetch	19213601	requires_pubmed_lookup
2159	publication_component:citation:publication:doi:10.1016/j.protis.2011.04.002	pubmed	exact_pmid_efetch	21602100	requires_pubmed_lookup
2160	publication_component:citation:publication:doi:10.1016/j.protis.2011.04.003	pubmed	exact_pmid_efetch	21621456	requires_pubmed_lookup
2161	publication_component:citation:publication:doi:10.1016/j.psj.2023.102685	pubmed	exact_pmid_efetch	37267711	requires_pubmed_lookup
2162	publication_component:citation:publication:doi:10.1016/j.psj.2023.102769	pubmed	exact_pmid_efetch	37321035	requires_pubmed_lookup
2163	publication_component:citation:publication:doi:10.1016/j.psj.2024.103933	pubmed	exact_pmid_efetch	38943801	requires_pubmed_lookup
2164	publication_component:citation:publication:doi:10.1016/j.psj.2025.106095	pubmed	exact_pmid_efetch	41240705	requires_pubmed_lookup
2165	publication_component:citation:publication:doi:10.1016/j.psj.2026.106973	pubmed	exact_pmid_efetch	42061252	requires_pubmed_lookup
2166	publication_component:citation:publication:doi:10.1016/j.redox.2016.01.008	pubmed	exact_pmid_efetch	26803480	requires_pubmed_lookup
2167	publication_component:citation:publication:doi:10.1016/j.redox.2022.102436	pubmed	exact_pmid_efetch	35998431	requires_pubmed_lookup
2168	publication_component:citation:publication:doi:10.1016/j.rmed.2016.05.002	pubmed	exact_pmid_efetch	27296815	requires_pubmed_lookup
2169	publication_component:citation:publication:doi:10.1016/j.rsma.2024.104009	openalex	exact_work_id	W4406080283	requires_openalex_lookup
2170	publication_component:citation:publication:doi:10.1016/j.rvsc.2012.01.012	pubmed	exact_pmid_efetch	22357366	requires_pubmed_lookup
2171	publication_component:citation:publication:doi:10.1016/j.sajb.2023.07.013	openalex	exact_work_id	W4384163220	requires_openalex_lookup
2172	publication_component:citation:publication:doi:10.1016/j.scib.2017.04.002	pubmed	exact_pmid_efetch	36659360	requires_pubmed_lookup
2173	publication_component:citation:publication:doi:10.1016/j.scib.2021.02.002	pubmed	exact_pmid_efetch	36654170	requires_pubmed_lookup
2174	publication_component:citation:publication:doi:10.1016/j.scib.2022.01.023	pubmed	exact_pmid_efetch	36546235	requires_pubmed_lookup
2175	publication_component:citation:publication:doi:10.1016/j.scienta.2013.01.002	openalex	exact_work_id	W2049806415	requires_openalex_lookup
2176	publication_component:citation:publication:doi:10.1016/j.scienta.2023.112193	openalex	exact_work_id	W4379647034	requires_openalex_lookup
2177	publication_component:citation:publication:doi:10.1016/j.scienta.2025.114043	openalex	exact_work_id	W4408176194	requires_openalex_lookup
2178	publication_component:citation:publication:doi:10.1016/j.scienta.2026.114804	openalex	exact_work_id	W7152542131	requires_openalex_lookup
2179	publication_component:citation:publication:doi:10.1016/j.scienta.2026.115130	openalex	exact_work_id	W7204889642	requires_openalex_lookup
2180	publication_component:citation:publication:doi:10.1016/j.scitotenv.2023.165384	pubmed	exact_pmid_efetch	37422237	requires_pubmed_lookup
2181	publication_component:citation:publication:doi:10.1016/j.scitotenv.2023.168042	pubmed	exact_pmid_efetch	37898203	requires_pubmed_lookup
2182	publication_component:citation:publication:doi:10.1016/j.scitotenv.2024.175185	pubmed	exact_pmid_efetch	39089385	requires_pubmed_lookup
2183	publication_component:citation:publication:doi:10.1016/j.scitotenv.2024.175358	pubmed	exact_pmid_efetch	39127215	requires_pubmed_lookup
2184	publication_component:citation:publication:doi:10.1016/j.scitotenv.2025.180284	openalex	exact_work_id	W4414400210	requires_openalex_lookup
2185	publication_component:citation:publication:doi:10.1016/j.scitotenv.2025.181020	pubmed	exact_pmid_efetch	41308471	requires_pubmed_lookup
2186	publication_component:citation:publication:doi:10.1016/j.semcdb.2011.12.004	pubmed	exact_pmid_efetch	22210502	requires_pubmed_lookup
2187	publication_component:citation:publication:doi:10.1016/j.semcdb.2023.01.013	pubmed	exact_pmid_efetch	36737258	requires_pubmed_lookup
2188	publication_component:citation:publication:doi:10.1016/j.sigpro.2026.110551	openalex	exact_work_id	W7128504721	requires_openalex_lookup
2189	publication_component:citation:publication:doi:10.1016/j.simpat.2009.09.012	openalex	exact_work_id	W2130333402	requires_openalex_lookup
2190	publication_component:citation:publication:doi:10.1016/j.sjbs.2013.09.009	pubmed	exact_pmid_efetch	24600312	requires_pubmed_lookup
2191	publication_component:citation:publication:doi:10.1016/j.sjbs.2014.03.003	pubmed	exact_pmid_efetch	24955007	requires_pubmed_lookup
2192	publication_component:citation:publication:doi:10.1016/j.sjbs.2021.10.070	pubmed	exact_pmid_efetch	35280541	requires_pubmed_lookup
2193	publication_component:citation:publication:doi:10.1016/j.slasd.2024.01.006	pubmed	exact_pmid_efetch	38301954	requires_pubmed_lookup
2194	publication_component:citation:publication:doi:10.1016/j.str.2011.02.014	pubmed	exact_pmid_efetch	21565705	requires_pubmed_lookup
2195	publication_component:citation:publication:doi:10.1016/j.stress.2024.100505	openalex	exact_work_id	W4399068916	requires_openalex_lookup
2196	publication_component:citation:publication:doi:10.1016/j.synbio.2021.04.002	pubmed	exact_pmid_efetch	33997357	requires_pubmed_lookup
2197	publication_component:citation:publication:doi:10.1016/j.taap.2013.04.007	pubmed	exact_pmid_efetch	23602889	requires_pubmed_lookup
2198	publication_component:citation:publication:doi:10.1016/j.tcsw.2023.100110	pubmed	exact_pmid_efetch	37559873	requires_pubmed_lookup
2199	publication_component:citation:publication:doi:10.1016/j.theriogenology.2019.04.023	pubmed	exact_pmid_efetch	31051389	requires_pubmed_lookup
2200	publication_component:citation:publication:doi:10.1016/j.tig.2008.10.011	pubmed	exact_pmid_efetch	19027980	requires_pubmed_lookup
2201	publication_component:citation:publication:doi:10.1016/j.tig.2009.03.003	pubmed	exact_pmid_efetch	19349092	requires_pubmed_lookup
2202	publication_component:citation:publication:doi:10.1016/j.tig.2020.06.002	pubmed	exact_pmid_efetch	32709458	requires_pubmed_lookup
2203	publication_component:citation:publication:doi:10.1016/j.tig.2020.06.014	pubmed	exact_pmid_efetch	32713599	requires_pubmed_lookup
2204	publication_component:citation:publication:doi:10.1016/j.tig.2020.07.008	pubmed	exact_pmid_efetch	32800625	requires_pubmed_lookup
2205	publication_component:citation:publication:doi:10.1016/j.tim.2011.07.006	pubmed	exact_pmid_efetch	21872475	requires_pubmed_lookup
2206	publication_component:citation:publication:doi:10.1016/j.tim.2016.09.001	pubmed	exact_pmid_efetch	27743750	requires_pubmed_lookup
2207	publication_component:citation:publication:doi:10.1016/j.tmaid.2021.102210	pubmed	exact_pmid_efetch	34822976	requires_pubmed_lookup
2208	publication_component:citation:publication:doi:10.1016/j.tmaid.2022.102402	pubmed	exact_pmid_efetch	35840078	requires_pubmed_lookup
2209	publication_component:citation:publication:doi:10.1016/j.tmaid.2023.102551	pubmed	exact_pmid_efetch	36746267	requires_pubmed_lookup
2210	publication_component:citation:publication:doi:10.1016/j.toxicon.2010.03.001	pubmed	exact_pmid_efetch	20211195	requires_pubmed_lookup
2211	publication_component:citation:publication:doi:10.1016/j.toxicon.2011.01.008	pubmed	exact_pmid_efetch	21255598	requires_pubmed_lookup
2212	publication_component:citation:publication:doi:10.1016/j.toxicon.2012.06.011	pubmed	exact_pmid_efetch	22781954	requires_pubmed_lookup
2213	publication_component:citation:publication:doi:10.1016/j.toxicon.2015.03.007	pubmed	exact_pmid_efetch	25796346	requires_pubmed_lookup
2214	publication_component:citation:publication:doi:10.1016/j.toxicon.2017.01.014	pubmed	exact_pmid_efetch	28115184	requires_pubmed_lookup
2215	publication_component:citation:publication:doi:10.1016/j.toxicon.2020.02.024	pubmed	exact_pmid_efetch	32135198	requires_pubmed_lookup
2216	publication_component:citation:publication:doi:10.1016/j.toxicon.2023.107135	pubmed	exact_pmid_efetch	37146732	requires_pubmed_lookup
2217	publication_component:citation:publication:doi:10.1016/j.toxicon.2024.107853	pubmed	exact_pmid_efetch	38972359	requires_pubmed_lookup
2218	publication_component:citation:publication:doi:10.1016/j.toxicon.2026.109199	pubmed	exact_pmid_efetch	42341845	requires_pubmed_lookup
2219	publication_component:citation:publication:doi:10.1016/j.tplants.2018.07.006	pubmed	exact_pmid_efetch	30122372	requires_pubmed_lookup
2220	publication_component:citation:publication:doi:10.1016/j.trechm.2022.03.001	openalex	exact_work_id	W4221021188	requires_openalex_lookup
2221	publication_component:citation:publication:doi:10.1016/j.tree.2007.01.012	pubmed	exact_pmid_efetch	17300853	requires_pubmed_lookup
2222	publication_component:citation:publication:doi:10.1016/j.tree.2010.06.007	pubmed	exact_pmid_efetch	20655615	requires_pubmed_lookup
2223	publication_component:citation:publication:doi:10.1016/j.tree.2013.09.008	pubmed	exact_pmid_efetch	24139972	requires_pubmed_lookup
2224	publication_component:citation:publication:doi:10.1016/j.tree.2014.07.004	pubmed	exact_pmid_efetch	25086668	requires_pubmed_lookup
2225	publication_component:citation:publication:doi:10.1016/j.tree.2021.03.007	pubmed	exact_pmid_efetch	33863602	requires_pubmed_lookup
2226	publication_component:citation:publication:doi:10.1016/j.ttbdis.2013.10.001	pubmed	exact_pmid_efetch	24361120	requires_pubmed_lookup
2227	publication_component:citation:publication:doi:10.1016/j.tube.2025.102690	pubmed	exact_pmid_efetch	41033137	requires_pubmed_lookup
2228	publication_component:citation:publication:doi:10.1016/j.vaccine.2009.09.128	pubmed	exact_pmid_efetch	19837092	requires_pubmed_lookup
2229	publication_component:citation:publication:doi:10.1016/j.vaccine.2011.01.100	pubmed	exact_pmid_efetch	21320540	requires_pubmed_lookup
2230	publication_component:citation:publication:doi:10.1016/j.vaccine.2020.02.050	pubmed	exact_pmid_efetch	32115294	requires_pubmed_lookup
2231	publication_component:citation:publication:doi:10.1016/j.vetmic.2011.03.022	pubmed	exact_pmid_efetch	21507587	requires_pubmed_lookup
2232	publication_component:citation:publication:doi:10.1016/j.vetmic.2011.04.014	pubmed	exact_pmid_efetch	21565454	requires_pubmed_lookup
2233	publication_component:citation:publication:doi:10.1016/j.vetmic.2012.10.020	pubmed	exact_pmid_efetch	23159091	requires_pubmed_lookup
2234	publication_component:citation:publication:doi:10.1016/j.vetmic.2013.12.023	pubmed	exact_pmid_efetch	24480584	requires_pubmed_lookup
2235	publication_component:citation:publication:doi:10.1016/j.vetmic.2014.04.011	pubmed	exact_pmid_efetch	24846753	requires_pubmed_lookup
2236	publication_component:citation:publication:doi:10.1016/j.vetmic.2023.109792	pubmed	exact_pmid_efetch	37269712	requires_pubmed_lookup
2237	publication_component:citation:publication:doi:10.1016/j.vetmic.2024.110339	pubmed	exact_pmid_efetch	39671757	requires_pubmed_lookup
2238	publication_component:citation:publication:doi:10.1016/j.vetmic.2025.110493	pubmed	exact_pmid_efetch	40179487	requires_pubmed_lookup
2239	publication_component:citation:publication:doi:10.1016/j.vetmic.2025.110681	pubmed	exact_pmid_efetch	40818301	requires_pubmed_lookup
2240	publication_component:citation:publication:doi:10.1016/j.virol.2008.12.018	pubmed	exact_pmid_efetch	19147168	requires_pubmed_lookup
2241	publication_component:citation:publication:doi:10.1016/j.virol.2009.02.015	pubmed	exact_pmid_efetch	19272629	requires_pubmed_lookup
2242	publication_component:citation:publication:doi:10.1016/j.virol.2009.12.007	pubmed	exact_pmid_efetch	20060995	requires_pubmed_lookup
2243	publication_component:citation:publication:doi:10.1016/j.virol.2013.02.027	pubmed	exact_pmid_efetch	23541083	requires_pubmed_lookup
2244	publication_component:citation:publication:doi:10.1016/j.virol.2015.03.029	pubmed	exact_pmid_efetch	25880111	requires_pubmed_lookup
2245	publication_component:citation:publication:doi:10.1016/j.virol.2016.12.015	pubmed	exact_pmid_efetch	28024225	requires_pubmed_lookup
2246	publication_component:citation:publication:doi:10.1016/j.virol.2021.09.004	pubmed	exact_pmid_efetch	34598064	requires_pubmed_lookup
2247	publication_component:citation:publication:doi:10.1016/j.virol.2023.01.006	pubmed	exact_pmid_efetch	36669329	requires_pubmed_lookup
2248	publication_component:citation:publication:doi:10.1016/j.virol.2025.110483	pubmed	exact_pmid_efetch	40073501	requires_pubmed_lookup
2249	publication_component:citation:publication:doi:10.1016/j.virs.2023.12.002	pubmed	exact_pmid_efetch	38070873	requires_pubmed_lookup
2250	publication_component:citation:publication:doi:10.1016/j.virs.2024.09.003	pubmed	exact_pmid_efetch	39270985	requires_pubmed_lookup
2251	publication_component:citation:publication:doi:10.1016/j.virs.2025.09.009	pubmed	exact_pmid_efetch	41046072	requires_pubmed_lookup
2252	publication_component:citation:publication:doi:10.1016/j.virusres.2013.09.032	pubmed	exact_pmid_efetch	24103771	requires_pubmed_lookup
2253	publication_component:citation:publication:doi:10.1016/j.virusres.2018.01.014	pubmed	exact_pmid_efetch	29428601	requires_pubmed_lookup
2254	publication_component:citation:publication:doi:10.1016/j.virusres.2018.03.020	pubmed	exact_pmid_efetch	29608996	requires_pubmed_lookup
2255	publication_component:citation:publication:doi:10.1016/j.virusres.2018.08.006	pubmed	exact_pmid_efetch	30096412	requires_pubmed_lookup
2256	publication_component:citation:publication:doi:10.1016/j.virusres.2019.197647	pubmed	exact_pmid_efetch	31260706	requires_pubmed_lookup
2257	publication_component:citation:publication:doi:10.1016/j.virusres.2020.198098	pubmed	exact_pmid_efetch	32687861	requires_pubmed_lookup
2258	publication_component:citation:publication:doi:10.1016/j.virusres.2020.198143	pubmed	exact_pmid_efetch	32871208	requires_pubmed_lookup
2259	publication_component:citation:publication:doi:10.1016/j.virusres.2021.198472	pubmed	exact_pmid_efetch	34118359	requires_pubmed_lookup
2260	publication_component:citation:publication:doi:10.1016/j.virusres.2021.198532	pubmed	exact_pmid_efetch	34363852	requires_pubmed_lookup
2261	publication_component:citation:publication:doi:10.1016/j.virusres.2021.198643	pubmed	exact_pmid_efetch	34848213	requires_pubmed_lookup
2262	publication_component:citation:publication:doi:10.1016/j.virusres.2022.198966	pubmed	exact_pmid_efetch	36244617	requires_pubmed_lookup
2263	publication_component:citation:publication:doi:10.1016/j.virusres.2022.198975	pubmed	exact_pmid_efetch	36280003	requires_pubmed_lookup
2264	publication_component:citation:publication:doi:10.1016/j.virusres.2024.199500	pubmed	exact_pmid_efetch	39645167	requires_pubmed_lookup
2265	publication_component:citation:publication:doi:10.1016/j.visres.2011.02.025	pubmed	exact_pmid_efetch	21385593	requires_pubmed_lookup
2266	publication_component:citation:publication:doi:10.1016/j.visres.2019.02.005	pubmed	exact_pmid_efetch	30825468	requires_pubmed_lookup
2267	publication_component:citation:publication:doi:10.1016/j.visres.2024.108447	pubmed	exact_pmid_efetch	38906036	requires_pubmed_lookup
2268	publication_component:citation:publication:doi:10.1016/j.watbs.2026.100695	openalex	exact_work_id	W7168037611	requires_openalex_lookup
2269	publication_component:citation:publication:doi:10.1016/j.watbs.2026.100701	openalex	exact_work_id	W7170801930	requires_openalex_lookup
2270	publication_component:citation:publication:doi:10.1016/j.watres.2023.120830	pubmed	exact_pmid_efetch	37979567	requires_pubmed_lookup
2271	publication_component:citation:publication:doi:10.1016/j.watres.2025.124136	pubmed	exact_pmid_efetch	40618664	requires_pubmed_lookup
2272	publication_component:citation:publication:doi:10.1016/j.watres.2026.125714	pubmed	exact_pmid_efetch	41861559	requires_pubmed_lookup
2273	publication_component:citation:publication:doi:10.1016/j.xcrm.2023.100943	pubmed	exact_pmid_efetch	36791724	requires_pubmed_lookup
2274	publication_component:citation:publication:doi:10.1016/j.xcrm.2023.101361	pubmed	exact_pmid_efetch	38232695	requires_pubmed_lookup
2275	publication_component:citation:publication:doi:10.1016/j.xcrp.2026.103211	openalex	exact_work_id	W7148936650	requires_openalex_lookup
2276	publication_component:citation:publication:doi:10.1016/j.xgen.2023.100467	pubmed	exact_pmid_efetch	38190105	requires_pubmed_lookup
2277	publication_component:citation:publication:doi:10.1016/j.xgen.2026.101306	pubmed	exact_pmid_efetch	42508403	requires_pubmed_lookup
2278	publication_component:citation:publication:doi:10.1016/j.xinn.2021.100099	pubmed	exact_pmid_efetch	33778799	requires_pubmed_lookup
2279	publication_component:citation:publication:doi:10.1016/j.xinn.2021.100116	pubmed	exact_pmid_efetch	33997827	requires_pubmed_lookup
2280	publication_component:citation:publication:doi:10.1016/j.xinn.2021.100159	pubmed	exact_pmid_efetch	34485968	requires_pubmed_lookup
2281	publication_component:citation:publication:doi:10.1016/j.xinn.2023.100434	pubmed	exact_pmid_efetch	37215528	requires_pubmed_lookup
2282	publication_component:citation:publication:doi:10.1016/j.xplc.2020.100027	pubmed	exact_pmid_efetch	33367231	requires_pubmed_lookup
2283	publication_component:citation:publication:doi:10.1016/j.xplc.2020.100079	pubmed	exact_pmid_efetch	33511341	requires_pubmed_lookup
2284	publication_component:citation:publication:doi:10.1016/j.xplc.2021.100263	pubmed	exact_pmid_efetch	35529952	requires_pubmed_lookup
2285	publication_component:citation:publication:doi:10.1016/j.xplc.2022.100307	pubmed	exact_pmid_efetch	35605198	requires_pubmed_lookup
2286	publication_component:citation:publication:doi:10.1016/j.xplc.2022.100326	pubmed	exact_pmid_efetch	35605203	requires_pubmed_lookup
2287	publication_component:citation:publication:doi:10.1016/j.xplc.2022.100333	pubmed	exact_pmid_efetch	35643085	requires_pubmed_lookup
2288	publication_component:citation:publication:doi:10.1016/j.xplc.2022.100421	pubmed	exact_pmid_efetch	35949167	requires_pubmed_lookup
2289	publication_component:citation:publication:doi:10.1016/j.xplc.2022.100422	pubmed	exact_pmid_efetch	35957520	requires_pubmed_lookup
2290	publication_component:citation:publication:doi:10.1016/j.xplc.2022.100427	pubmed	exact_pmid_efetch	36056558	requires_pubmed_lookup
2291	publication_component:citation:publication:doi:10.1016/j.xplc.2022.100432	pubmed	exact_pmid_efetch	36071666	requires_pubmed_lookup
2292	publication_component:citation:publication:doi:10.1016/j.xplc.2022.100456	pubmed	exact_pmid_efetch	36196059	requires_pubmed_lookup
2293	publication_component:citation:publication:doi:10.1016/j.xplc.2022.100464	pubmed	exact_pmid_efetch	36303430	requires_pubmed_lookup
2294	publication_component:citation:publication:doi:10.1016/j.xplc.2023.100564	pubmed	exact_pmid_efetch	36809882	requires_pubmed_lookup
2295	publication_component:citation:publication:doi:10.1016/j.xplc.2023.100591	pubmed	exact_pmid_efetch	36926697	requires_pubmed_lookup
2296	publication_component:citation:publication:doi:10.1016/j.xplc.2023.100595	pubmed	exact_pmid_efetch	36966360	requires_pubmed_lookup
2297	publication_component:citation:publication:doi:10.1016/j.xplc.2023.100643	pubmed	exact_pmid_efetch	37381601	requires_pubmed_lookup
2298	publication_component:citation:publication:doi:10.1016/j.xplc.2023.100680	pubmed	exact_pmid_efetch	37660252	requires_pubmed_lookup
2299	publication_component:citation:publication:doi:10.1016/j.xplc.2023.100681	pubmed	exact_pmid_efetch	37660253	requires_pubmed_lookup
2300	publication_component:citation:publication:doi:10.1016/j.xplc.2024.100832	pubmed	exact_pmid_efetch	38321741	requires_pubmed_lookup
2301	publication_component:citation:publication:doi:10.1016/j.xplc.2024.100856	pubmed	exact_pmid_efetch	38431772	requires_pubmed_lookup
2302	publication_component:citation:publication:doi:10.1016/j.xplc.2024.101075	pubmed	exact_pmid_efetch	39228129	requires_pubmed_lookup
2303	publication_component:citation:publication:doi:10.1016/j.xplc.2024.101131	pubmed	exact_pmid_efetch	39257004	requires_pubmed_lookup
2304	publication_component:citation:publication:doi:10.1016/j.xplc.2024.101137	pubmed	exact_pmid_efetch	39308021	requires_pubmed_lookup
2305	publication_component:citation:publication:doi:10.1016/j.xplc.2024.101238	pubmed	exact_pmid_efetch	40071379	requires_pubmed_lookup
2306	publication_component:citation:publication:doi:10.1016/j.xplc.2025.101265	pubmed	exact_pmid_efetch	39893516	requires_pubmed_lookup
2307	publication_component:citation:publication:doi:10.1016/j.xplc.2025.101286	pubmed	exact_pmid_efetch	39973010	requires_pubmed_lookup
2308	publication_component:citation:publication:doi:10.1016/j.xplc.2025.101341	pubmed	exact_pmid_efetch	40247620	requires_pubmed_lookup
2309	publication_component:citation:publication:doi:10.1016/j.xplc.2025.101381	openalex	exact_doi	10.1016/j.xplc.2025.101381	requires_openalex_lookup
2310	publication_component:citation:publication:doi:10.1016/j.xplc.2025.101462	pubmed	exact_pmid_efetch	40685643	requires_pubmed_lookup
2311	publication_component:citation:publication:doi:10.1016/j.xplc.2025.101581	pubmed	exact_pmid_efetch	41174878	requires_pubmed_lookup
2312	publication_component:citation:publication:doi:10.1016/j.xplc.2025.101626	pubmed	exact_pmid_efetch	41319002	requires_pubmed_lookup
2313	publication_component:citation:publication:doi:10.1016/j.xplc.2026.101715	pubmed	exact_pmid_efetch	41536068	requires_pubmed_lookup
2314	publication_component:citation:publication:doi:10.1016/j.xplc.2026.101814	pubmed	exact_pmid_efetch	41808406	requires_pubmed_lookup
2315	publication_component:citation:publication:doi:10.1016/j.xplc.2026.101942	pubmed	exact_pmid_efetch	42249611	requires_pubmed_lookup
2316	publication_component:citation:publication:doi:10.1016/j.xplc.2026.101985	pubmed	exact_pmid_efetch	42381292	requires_pubmed_lookup
2317	publication_component:citation:publication:doi:10.1016/j.ydbio.2015.06.018	pubmed	exact_pmid_efetch	26123745	requires_pubmed_lookup
2318	publication_component:citation:publication:doi:10.1016/j.ydbio.2017.02.019	pubmed	exact_pmid_efetch	28283406	requires_pubmed_lookup
2319	publication_component:citation:publication:doi:10.1016/j.yfrne.2016.03.004	pubmed	exact_pmid_efetch	27020799	requires_pubmed_lookup
2320	publication_component:citation:publication:doi:10.1016/j.ygcen.2009.02.005	pubmed	exact_pmid_efetch	19233187	requires_pubmed_lookup
2321	publication_component:citation:publication:doi:10.1016/j.ygcen.2012.07.030	pubmed	exact_pmid_efetch	22995712	requires_pubmed_lookup
2322	publication_component:citation:publication:doi:10.1016/j.ygcen.2013.01.004	pubmed	exact_pmid_efetch	23370304	requires_pubmed_lookup
2323	publication_component:citation:publication:doi:10.1016/j.ygcen.2015.08.021	pubmed	exact_pmid_efetch	26344944	requires_pubmed_lookup
2324	publication_component:citation:publication:doi:10.1016/j.ygcen.2018.01.005	pubmed	exact_pmid_efetch	29337206	requires_pubmed_lookup
2325	publication_component:citation:publication:doi:10.1016/j.ygcen.2018.08.021	pubmed	exact_pmid_efetch	30172709	requires_pubmed_lookup
2326	publication_component:citation:publication:doi:10.1016/j.ygcen.2018.11.006	pubmed	exact_pmid_efetch	30448382	requires_pubmed_lookup
2327	publication_component:citation:publication:doi:10.1016/j.ygcen.2020.113610	pubmed	exact_pmid_efetch	32916170	requires_pubmed_lookup
2328	publication_component:citation:publication:doi:10.1016/j.ygcen.2021.113791	pubmed	exact_pmid_efetch	33872604	requires_pubmed_lookup
2329	publication_component:citation:publication:doi:10.1016/j.ygcen.2021.113925	pubmed	exact_pmid_efetch	34624309	requires_pubmed_lookup
2330	publication_component:citation:publication:doi:10.1016/j.ygcen.2023.114210	pubmed	exact_pmid_efetch	36646326	requires_pubmed_lookup
2331	publication_component:citation:publication:doi:10.1016/j.ygcen.2025.114717	pubmed	exact_pmid_efetch	40139327	requires_pubmed_lookup
2332	publication_component:citation:publication:doi:10.1016/j.ygeno.2008.09.005	pubmed	exact_pmid_efetch	18848617	requires_pubmed_lookup
2333	publication_component:citation:publication:doi:10.1016/j.ygeno.2011.02.007	pubmed	exact_pmid_efetch	21352905	requires_pubmed_lookup
2334	publication_component:citation:publication:doi:10.1016/j.ygeno.2011.05.002	pubmed	exact_pmid_efetch	21616136	requires_pubmed_lookup
2335	publication_component:citation:publication:doi:10.1016/j.ygeno.2011.12.001	pubmed	exact_pmid_efetch	22193333	requires_pubmed_lookup
2336	publication_component:citation:publication:doi:10.1016/j.ygeno.2012.03.002	pubmed	exact_pmid_efetch	22440388	requires_pubmed_lookup
2337	publication_component:citation:publication:doi:10.1016/j.ygeno.2013.03.001	pubmed	exact_pmid_efetch	23499669	requires_pubmed_lookup
2338	publication_component:citation:publication:doi:10.1016/j.ygeno.2013.04.015	pubmed	exact_pmid_efetch	23639478	requires_pubmed_lookup
2339	publication_component:citation:publication:doi:10.1016/j.ygeno.2013.04.019	pubmed	exact_pmid_efetch	23657135	requires_pubmed_lookup
2340	publication_component:citation:publication:doi:10.1016/j.ygeno.2013.07.003	pubmed	exact_pmid_efetch	23867109	requires_pubmed_lookup
2341	publication_component:citation:publication:doi:10.1016/j.ygeno.2013.10.002	pubmed	exact_pmid_efetch	24140261	requires_pubmed_lookup
2342	publication_component:citation:publication:doi:10.1016/j.ygeno.2014.06.001	pubmed	exact_pmid_efetch	24930720	requires_pubmed_lookup
2343	publication_component:citation:publication:doi:10.1016/j.ygeno.2014.11.003	pubmed	exact_pmid_efetch	25451741	requires_pubmed_lookup
2344	publication_component:citation:publication:doi:10.1016/j.ygeno.2015.11.001	pubmed	exact_pmid_efetch	26562439	requires_pubmed_lookup
2345	publication_component:citation:publication:doi:10.1016/j.ygeno.2017.05.003	pubmed	exact_pmid_efetch	28502783	requires_pubmed_lookup
2346	publication_component:citation:publication:doi:10.1016/j.ygeno.2018.02.015	pubmed	exact_pmid_efetch	29526483	requires_pubmed_lookup
2347	publication_component:citation:publication:doi:10.1016/j.ygeno.2018.03.018	pubmed	exact_pmid_efetch	29621573	requires_pubmed_lookup
2348	publication_component:citation:publication:doi:10.1016/j.ygeno.2018.04.003	pubmed	exact_pmid_efetch	29655905	requires_pubmed_lookup
2349	publication_component:citation:publication:doi:10.1016/j.ygeno.2018.07.016	pubmed	exact_pmid_efetch	30063977	requires_pubmed_lookup
2350	publication_component:citation:publication:doi:10.1016/j.ygeno.2020.01.023	pubmed	exact_pmid_efetch	32027956	requires_pubmed_lookup
2351	publication_component:citation:publication:doi:10.1016/j.ygeno.2020.02.008	pubmed	exact_pmid_efetch	32057915	requires_pubmed_lookup
2352	publication_component:citation:publication:doi:10.1016/j.ygeno.2020.02.018	pubmed	exact_pmid_efetch	32135299	requires_pubmed_lookup
2353	publication_component:citation:publication:doi:10.1016/j.ygeno.2020.05.012	pubmed	exact_pmid_efetch	32417292	requires_pubmed_lookup
2354	publication_component:citation:publication:doi:10.1016/j.ygeno.2020.06.031	pubmed	exact_pmid_efetch	32585175	requires_pubmed_lookup
2355	publication_component:citation:publication:doi:10.1016/j.ygeno.2020.06.039	pubmed	exact_pmid_efetch	32619573	requires_pubmed_lookup
2356	publication_component:citation:publication:doi:10.1016/j.ygeno.2020.07.034	pubmed	exact_pmid_efetch	32717318	requires_pubmed_lookup
2357	publication_component:citation:publication:doi:10.1016/j.ygeno.2020.07.041	pubmed	exact_pmid_efetch	32738270	requires_pubmed_lookup
2358	publication_component:citation:publication:doi:10.1016/j.ygeno.2020.07.047	pubmed	exact_pmid_efetch	32771623	requires_pubmed_lookup
2359	publication_component:citation:publication:doi:10.1016/j.ygeno.2020.08.020	pubmed	exact_pmid_efetch	32818633	requires_pubmed_lookup
2360	publication_component:citation:publication:doi:10.1016/j.ygeno.2020.09.066	pubmed	exact_pmid_efetch	33022358	requires_pubmed_lookup
2361	publication_component:citation:publication:doi:10.1016/j.ygeno.2020.11.015	pubmed	exact_pmid_efetch	33221517	requires_pubmed_lookup
2362	publication_component:citation:publication:doi:10.1016/j.ygeno.2021.03.032	pubmed	exact_pmid_efetch	33812898	requires_pubmed_lookup
2363	publication_component:citation:publication:doi:10.1016/j.ygeno.2021.05.019	pubmed	exact_pmid_efetch	34022344	requires_pubmed_lookup
2364	publication_component:citation:publication:doi:10.1016/j.ygeno.2021.05.040	pubmed	exact_pmid_efetch	34091007	requires_pubmed_lookup
2365	publication_component:citation:publication:doi:10.1016/j.ygeno.2021.05.042	pubmed	exact_pmid_efetch	34089785	requires_pubmed_lookup
2366	publication_component:citation:publication:doi:10.1016/j.ygeno.2021.06.028	pubmed	exact_pmid_efetch	34166750	requires_pubmed_lookup
2367	publication_component:citation:publication:doi:10.1016/j.ygeno.2021.07.017	pubmed	exact_pmid_efetch	34303807	requires_pubmed_lookup
2368	publication_component:citation:publication:doi:10.1016/j.ygeno.2021.08.021	pubmed	exact_pmid_efetch	34455036	requires_pubmed_lookup
2369	publication_component:citation:publication:doi:10.1016/j.ygeno.2021.09.007	pubmed	exact_pmid_efetch	34520805	requires_pubmed_lookup
2370	publication_component:citation:publication:doi:10.1016/j.ygeno.2021.11.001	pubmed	exact_pmid_efetch	34748900	requires_pubmed_lookup
2371	publication_component:citation:publication:doi:10.1016/j.ygeno.2021.12.018	pubmed	exact_pmid_efetch	34954349	requires_pubmed_lookup
2372	publication_component:citation:publication:doi:10.1016/j.ygeno.2022.110297	pubmed	exact_pmid_efetch	35134501	requires_pubmed_lookup
2373	publication_component:citation:publication:doi:10.1016/j.ygeno.2022.110359	pubmed	exact_pmid_efetch	35364265	requires_pubmed_lookup
2374	publication_component:citation:publication:doi:10.1016/j.ygeno.2022.110382	pubmed	exact_pmid_efetch	35526741	requires_pubmed_lookup
2375	publication_component:citation:publication:doi:10.1016/j.ygeno.2022.110400	pubmed	exact_pmid_efetch	35691507	requires_pubmed_lookup
2376	publication_component:citation:publication:doi:10.1016/j.ygeno.2022.110472	pubmed	exact_pmid_efetch	36055573	requires_pubmed_lookup
2377	publication_component:citation:publication:doi:10.1016/j.ygeno.2022.110518	pubmed	exact_pmid_efetch	36347326	requires_pubmed_lookup
2378	publication_component:citation:publication:doi:10.1016/j.ygeno.2023.110571	pubmed	exact_pmid_efetch	36746219	requires_pubmed_lookup
2379	publication_component:citation:publication:doi:10.1016/j.ygeno.2023.110582	pubmed	exact_pmid_efetch	36796653	requires_pubmed_lookup
2380	publication_component:citation:publication:doi:10.1016/j.ygeno.2023.110617	pubmed	exact_pmid_efetch	37001742	requires_pubmed_lookup
2381	publication_component:citation:publication:doi:10.1016/j.ygeno.2023.110627	pubmed	exact_pmid_efetch	37062364	requires_pubmed_lookup
2382	publication_component:citation:publication:doi:10.1016/j.ygeno.2023.110729	pubmed	exact_pmid_efetch	37852332	requires_pubmed_lookup
2383	publication_component:citation:publication:doi:10.1016/j.ygeno.2023.110736	pubmed	exact_pmid_efetch	39491176	requires_pubmed_lookup
2384	publication_component:citation:publication:doi:10.1016/j.ygeno.2023.110757	pubmed	exact_pmid_efetch	38061482	requires_pubmed_lookup
2385	publication_component:citation:publication:doi:10.1016/j.ygeno.2024.110841	pubmed	exact_pmid_efetch	38599255	requires_pubmed_lookup
2386	publication_component:citation:publication:doi:10.1016/j.ygeno.2024.110873	pubmed	exact_pmid_efetch	38823464	requires_pubmed_lookup
2387	publication_component:citation:publication:doi:10.1016/j.ygeno.2024.110915	pubmed	exact_pmid_efetch	39134161	requires_pubmed_lookup
2388	publication_component:citation:publication:doi:10.1016/j.ygeno.2025.111007	pubmed	exact_pmid_efetch	39863185	requires_pubmed_lookup
2389	publication_component:citation:publication:doi:10.1016/j.ygeno.2025.111010	pubmed	exact_pmid_efetch	39880050	requires_pubmed_lookup
2390	publication_component:citation:publication:doi:10.1016/j.ygeno.2025.111029	pubmed	exact_pmid_efetch	40068802	requires_pubmed_lookup
2391	publication_component:citation:publication:doi:10.1016/j.ygeno.2025.111057	pubmed	exact_pmid_efetch	40349991	requires_pubmed_lookup
2392	publication_component:citation:publication:doi:10.1016/j.ygeno.2025.111070	pubmed	exact_pmid_efetch	40513969	requires_pubmed_lookup
2393	publication_component:citation:publication:doi:10.1016/j.ygeno.2025.111075	pubmed	exact_pmid_efetch	40618937	requires_pubmed_lookup
2394	publication_component:citation:publication:doi:10.1016/j.ygeno.2025.111165	pubmed	exact_pmid_efetch	41330437	requires_pubmed_lookup
2395	publication_component:citation:publication:doi:10.1016/j.ygeno.2026.111226	pubmed	exact_pmid_efetch	41812733	requires_pubmed_lookup
2396	publication_component:citation:publication:doi:10.1016/j.ygeno.2026.111253	pubmed	exact_pmid_efetch	42002238	requires_pubmed_lookup
2397	publication_component:citation:publication:doi:10.1016/j.ymben.2019.12.001	pubmed	exact_pmid_efetch	31821864	requires_pubmed_lookup
2398	publication_component:citation:publication:doi:10.1016/j.ymeth.2019.05.002	pubmed	exact_pmid_efetch	31059831	requires_pubmed_lookup
2399	publication_component:citation:publication:doi:10.1016/j.ymeth.2021.11.013	pubmed	exact_pmid_efetch	34883238	requires_pubmed_lookup
2400	publication_component:citation:publication:doi:10.1016/j.ympev.2008.09.009	pubmed	exact_pmid_efetch	18838124	requires_pubmed_lookup
2401	publication_component:citation:publication:doi:10.1016/j.ympev.2008.12.018	pubmed	exact_pmid_efetch	19141323	requires_pubmed_lookup
2402	publication_component:citation:publication:doi:10.1016/j.ympev.2009.01.011	pubmed	exact_pmid_efetch	19475713	requires_pubmed_lookup
2403	publication_component:citation:publication:doi:10.1016/j.ympev.2009.01.020	pubmed	exact_pmid_efetch	19444960	requires_pubmed_lookup
2404	publication_component:citation:publication:doi:10.1016/j.ympev.2009.02.010	pubmed	exact_pmid_efetch	19249376	requires_pubmed_lookup
2405	publication_component:citation:publication:doi:10.1016/j.ympev.2009.02.015	pubmed	exact_pmid_efetch	19254769	requires_pubmed_lookup
2406	publication_component:citation:publication:doi:10.1016/j.ympev.2009.06.003	pubmed	exact_pmid_efetch	19524053	requires_pubmed_lookup
2407	publication_component:citation:publication:doi:10.1016/j.ympev.2009.07.035	pubmed	exact_pmid_efetch	19660560	requires_pubmed_lookup
2408	publication_component:citation:publication:doi:10.1016/j.ympev.2009.08.007	pubmed	exact_pmid_efetch	19683587	requires_pubmed_lookup
2409	publication_component:citation:publication:doi:10.1016/j.ympev.2009.08.019	pubmed	exact_pmid_efetch	19699810	requires_pubmed_lookup
2410	publication_component:citation:publication:doi:10.1016/j.ympev.2009.09.011	pubmed	exact_pmid_efetch	19761858	requires_pubmed_lookup
2411	publication_component:citation:publication:doi:10.1016/j.ympev.2009.10.007	pubmed	exact_pmid_efetch	19822217	requires_pubmed_lookup
2412	publication_component:citation:publication:doi:10.1016/j.ympev.2009.11.021	pubmed	exact_pmid_efetch	19944772	requires_pubmed_lookup
2413	publication_component:citation:publication:doi:10.1016/j.ympev.2009.12.023	pubmed	exact_pmid_efetch	20040379	requires_pubmed_lookup
2414	publication_component:citation:publication:doi:10.1016/j.ympev.2010.01.036	pubmed	exact_pmid_efetch	20138224	requires_pubmed_lookup
2415	publication_component:citation:publication:doi:10.1016/j.ympev.2010.03.035	pubmed	exact_pmid_efetch	20363347	requires_pubmed_lookup
2416	publication_component:citation:publication:doi:10.1016/j.ympev.2010.04.003	pubmed	exact_pmid_efetch	20382245	requires_pubmed_lookup
2417	publication_component:citation:publication:doi:10.1016/j.ympev.2010.06.011	pubmed	exact_pmid_efetch	20601012	requires_pubmed_lookup
2418	publication_component:citation:publication:doi:10.1016/j.ympev.2010.10.012	pubmed	exact_pmid_efetch	20971199	requires_pubmed_lookup
2419	publication_component:citation:publication:doi:10.1016/j.ympev.2010.11.005	pubmed	exact_pmid_efetch	21074627	requires_pubmed_lookup
2420	publication_component:citation:publication:doi:10.1016/j.ympev.2011.03.023	pubmed	exact_pmid_efetch	21439389	requires_pubmed_lookup
2421	publication_component:citation:publication:doi:10.1016/j.ympev.2011.06.008	pubmed	exact_pmid_efetch	21723398	requires_pubmed_lookup
2422	publication_component:citation:publication:doi:10.1016/j.ympev.2011.10.022	pubmed	exact_pmid_efetch	22100825	requires_pubmed_lookup
2423	publication_component:citation:publication:doi:10.1016/j.ympev.2011.11.013	pubmed	exact_pmid_efetch	22120064	requires_pubmed_lookup
2424	publication_component:citation:publication:doi:10.1016/j.ympev.2011.12.008	pubmed	exact_pmid_efetch	22197807	requires_pubmed_lookup
2425	publication_component:citation:publication:doi:10.1016/j.ympev.2012.02.025	pubmed	exact_pmid_efetch	22410652	requires_pubmed_lookup
2426	publication_component:citation:publication:doi:10.1016/j.ympev.2012.05.004	pubmed	exact_pmid_efetch	22609823	requires_pubmed_lookup
2427	publication_component:citation:publication:doi:10.1016/j.ympev.2012.05.005	pubmed	exact_pmid_efetch	22626621	requires_pubmed_lookup
2428	publication_component:citation:publication:doi:10.1016/j.ympev.2012.05.012	pubmed	exact_pmid_efetch	22634936	requires_pubmed_lookup
2429	publication_component:citation:publication:doi:10.1016/j.ympev.2012.05.035	pubmed	exact_pmid_efetch	22699157	requires_pubmed_lookup
2430	publication_component:citation:publication:doi:10.1016/j.ympev.2012.06.010	pubmed	exact_pmid_efetch	22750111	requires_pubmed_lookup
2431	publication_component:citation:publication:doi:10.1016/j.ympev.2012.06.017	pubmed	exact_pmid_efetch	22760027	requires_pubmed_lookup
2432	publication_component:citation:publication:doi:10.1016/j.ympev.2012.09.006	pubmed	exact_pmid_efetch	23000817	requires_pubmed_lookup
2433	publication_component:citation:publication:doi:10.1016/j.ympev.2012.12.002	pubmed	exact_pmid_efetch	23261710	requires_pubmed_lookup
2434	publication_component:citation:publication:doi:10.1016/j.ympev.2013.02.008	pubmed	exact_pmid_efetch	23454091	requires_pubmed_lookup
2435	publication_component:citation:publication:doi:10.1016/j.ympev.2013.02.017	pubmed	exact_pmid_efetch	23485918	requires_pubmed_lookup
2436	publication_component:citation:publication:doi:10.1016/j.ympev.2013.03.030	pubmed	exact_pmid_efetch	23567023	requires_pubmed_lookup
2437	publication_component:citation:publication:doi:10.1016/j.ympev.2013.03.032	pubmed	exact_pmid_efetch	23591087	requires_pubmed_lookup
2438	publication_component:citation:publication:doi:10.1016/j.ympev.2013.04.024	pubmed	exact_pmid_efetch	23665037	requires_pubmed_lookup
2439	publication_component:citation:publication:doi:10.1016/j.ympev.2013.06.001	pubmed	exact_pmid_efetch	23764338	requires_pubmed_lookup
2440	publication_component:citation:publication:doi:10.1016/j.ympev.2013.06.003	pubmed	exact_pmid_efetch	23770436	requires_pubmed_lookup
2441	publication_component:citation:publication:doi:10.1016/j.ympev.2013.06.007	pubmed	exact_pmid_efetch	23811434	requires_pubmed_lookup
2442	publication_component:citation:publication:doi:10.1016/j.ympev.2013.10.016	pubmed	exact_pmid_efetch	24184542	requires_pubmed_lookup
2443	publication_component:citation:publication:doi:10.1016/j.ympev.2013.10.018	pubmed	exact_pmid_efetch	24216019	requires_pubmed_lookup
2444	publication_component:citation:publication:doi:10.1016/j.ympev.2013.11.004	pubmed	exact_pmid_efetch	24269317	requires_pubmed_lookup
2445	publication_component:citation:publication:doi:10.1016/j.ympev.2014.01.011	pubmed	exact_pmid_efetch	24472673	requires_pubmed_lookup
2446	publication_component:citation:publication:doi:10.1016/j.ympev.2014.01.018	pubmed	exact_pmid_efetch	24503481	requires_pubmed_lookup
2447	publication_component:citation:publication:doi:10.1016/j.ympev.2014.01.030	pubmed	exact_pmid_efetch	24530637	requires_pubmed_lookup
2448	publication_component:citation:publication:doi:10.1016/j.ympev.2014.02.023	pubmed	exact_pmid_efetch	24583291	requires_pubmed_lookup
2449	publication_component:citation:publication:doi:10.1016/j.ympev.2014.04.029	pubmed	exact_pmid_efetch	24821621	requires_pubmed_lookup
2450	publication_component:citation:publication:doi:10.1016/j.ympev.2014.05.007	pubmed	exact_pmid_efetch	24845789	requires_pubmed_lookup
2451	publication_component:citation:publication:doi:10.1016/j.ympev.2014.05.021	pubmed	exact_pmid_efetch	24862224	requires_pubmed_lookup
2452	publication_component:citation:publication:doi:10.1016/j.ympev.2014.06.003	pubmed	exact_pmid_efetch	24929245	requires_pubmed_lookup
2453	publication_component:citation:publication:doi:10.1016/j.ympev.2014.07.001	pubmed	exact_pmid_efetch	25017510	requires_pubmed_lookup
2454	publication_component:citation:publication:doi:10.1016/j.ympev.2014.08.021	pubmed	exact_pmid_efetch	25173567	requires_pubmed_lookup
2455	publication_component:citation:publication:doi:10.1016/j.ympev.2015.03.018	pubmed	exact_pmid_efetch	25837731	requires_pubmed_lookup
2456	publication_component:citation:publication:doi:10.1016/j.ympev.2015.05.006	pubmed	exact_pmid_efetch	26025428	requires_pubmed_lookup
2457	publication_component:citation:publication:doi:10.1016/j.ympev.2015.07.010	pubmed	exact_pmid_efetch	26220838	requires_pubmed_lookup
2458	publication_component:citation:publication:doi:10.1016/j.ympev.2015.11.002	pubmed	exact_pmid_efetch	26596502	requires_pubmed_lookup
2459	publication_component:citation:publication:doi:10.1016/j.ympev.2016.01.008	pubmed	exact_pmid_efetch	26811877	requires_pubmed_lookup
2460	publication_component:citation:publication:doi:10.1016/j.ympev.2016.03.027	pubmed	exact_pmid_efetch	27015897	requires_pubmed_lookup
2461	publication_component:citation:publication:doi:10.1016/j.ympev.2016.05.021	pubmed	exact_pmid_efetch	27233434	requires_pubmed_lookup
2462	publication_component:citation:publication:doi:10.1016/j.ympev.2016.09.017	pubmed	exact_pmid_efetch	27659724	requires_pubmed_lookup
2463	publication_component:citation:publication:doi:10.1016/j.ympev.2016.11.001	pubmed	exact_pmid_efetch	27816710	requires_pubmed_lookup
2464	publication_component:citation:publication:doi:10.1016/j.ympev.2016.11.007	pubmed	exact_pmid_efetch	27845203	requires_pubmed_lookup
2465	publication_component:citation:publication:doi:10.1016/j.ympev.2016.11.018	pubmed	exact_pmid_efetch	27908741	requires_pubmed_lookup
2466	publication_component:citation:publication:doi:10.1016/j.ympev.2016.12.001	pubmed	exact_pmid_efetch	27998817	requires_pubmed_lookup
2467	publication_component:citation:publication:doi:10.1016/j.ympev.2017.01.005	pubmed	exact_pmid_efetch	28089793	requires_pubmed_lookup
2468	publication_component:citation:publication:doi:10.1016/j.ympev.2017.01.020	pubmed	exact_pmid_efetch	28193458	requires_pubmed_lookup
2469	publication_component:citation:publication:doi:10.1016/j.ympev.2017.03.017	pubmed	exact_pmid_efetch	28347887	requires_pubmed_lookup
2470	publication_component:citation:publication:doi:10.1016/j.ympev.2017.04.010	pubmed	exact_pmid_efetch	28411162	requires_pubmed_lookup
2471	publication_component:citation:publication:doi:10.1016/j.ympev.2017.05.010	pubmed	exact_pmid_efetch	28506933	requires_pubmed_lookup
2472	publication_component:citation:publication:doi:10.1016/j.ympev.2017.07.003	pubmed	exact_pmid_efetch	28694102	requires_pubmed_lookup
2473	publication_component:citation:publication:doi:10.1016/j.ympev.2017.07.014	pubmed	exact_pmid_efetch	28739369	requires_pubmed_lookup
2474	publication_component:citation:publication:doi:10.1016/j.ympev.2017.08.004	pubmed	exact_pmid_efetch	28804036	requires_pubmed_lookup
2475	publication_component:citation:publication:doi:10.1016/j.ympev.2017.09.016	pubmed	exact_pmid_efetch	28943375	requires_pubmed_lookup
2476	publication_component:citation:publication:doi:10.1016/j.ympev.2017.11.018	pubmed	exact_pmid_efetch	29196206	requires_pubmed_lookup
2477	publication_component:citation:publication:doi:10.1016/j.ympev.2017.12.003	pubmed	exact_pmid_efetch	29222062	requires_pubmed_lookup
2478	publication_component:citation:publication:doi:10.1016/j.ympev.2017.12.010	pubmed	exact_pmid_efetch	29277542	requires_pubmed_lookup
2479	publication_component:citation:publication:doi:10.1016/j.ympev.2018.01.008	pubmed	exact_pmid_efetch	29355604	requires_pubmed_lookup
2480	publication_component:citation:publication:doi:10.1016/j.ympev.2018.01.016	pubmed	exact_pmid_efetch	29408286	requires_pubmed_lookup
2481	publication_component:citation:publication:doi:10.1016/j.ympev.2018.03.037	pubmed	exact_pmid_efetch	29631055	requires_pubmed_lookup
2482	publication_component:citation:publication:doi:10.1016/j.ympev.2018.04.015	pubmed	exact_pmid_efetch	29684597	requires_pubmed_lookup
2483	publication_component:citation:publication:doi:10.1016/j.ympev.2018.05.018	pubmed	exact_pmid_efetch	29803950	requires_pubmed_lookup
2484	publication_component:citation:publication:doi:10.1016/j.ympev.2018.06.028	pubmed	exact_pmid_efetch	29920335	requires_pubmed_lookup
2485	publication_component:citation:publication:doi:10.1016/j.ympev.2018.07.001	pubmed	exact_pmid_efetch	29981470	requires_pubmed_lookup
2486	publication_component:citation:publication:doi:10.1016/j.ympev.2018.08.021	pubmed	exact_pmid_efetch	30195477	requires_pubmed_lookup
2487	publication_component:citation:publication:doi:10.1016/j.ympev.2018.11.018	pubmed	exact_pmid_efetch	30496843	requires_pubmed_lookup
2488	publication_component:citation:publication:doi:10.1016/j.ympev.2018.12.026	pubmed	exact_pmid_efetch	30586650	requires_pubmed_lookup
2489	publication_component:citation:publication:doi:10.1016/j.ympev.2019.01.002	pubmed	exact_pmid_efetch	30639766	requires_pubmed_lookup
2490	publication_component:citation:publication:doi:10.1016/j.ympev.2019.05.031	pubmed	exact_pmid_efetch	31132519	requires_pubmed_lookup
2491	publication_component:citation:publication:doi:10.1016/j.ympev.2019.106521	pubmed	exact_pmid_efetch	31152779	requires_pubmed_lookup
2492	publication_component:citation:publication:doi:10.1016/j.ympev.2019.106589	pubmed	exact_pmid_efetch	31425788	requires_pubmed_lookup
2493	publication_component:citation:publication:doi:10.1016/j.ympev.2019.106605	pubmed	exact_pmid_efetch	31479732	requires_pubmed_lookup
2494	publication_component:citation:publication:doi:10.1016/j.ympev.2019.106612	pubmed	exact_pmid_efetch	31518695	requires_pubmed_lookup
2495	publication_component:citation:publication:doi:10.1016/j.ympev.2019.106617	pubmed	exact_pmid_efetch	31521822	requires_pubmed_lookup
2496	publication_component:citation:publication:doi:10.1016/j.ympev.2019.106697	pubmed	exact_pmid_efetch	31805345	requires_pubmed_lookup
2497	publication_component:citation:publication:doi:10.1016/j.ympev.2019.106713	pubmed	exact_pmid_efetch	31863901	requires_pubmed_lookup
2498	publication_component:citation:publication:doi:10.1016/j.ympev.2019.106724	pubmed	exact_pmid_efetch	31881327	requires_pubmed_lookup
2499	publication_component:citation:publication:doi:10.1016/j.ympev.2020.106737	pubmed	exact_pmid_efetch	31982455	requires_pubmed_lookup
2500	publication_component:citation:publication:doi:10.1016/j.ympev.2020.106778	pubmed	exact_pmid_efetch	32165160	requires_pubmed_lookup
2501	publication_component:citation:publication:doi:10.1016/j.ympev.2020.106807	pubmed	exact_pmid_efetch	32268200	requires_pubmed_lookup
2502	publication_component:citation:publication:doi:10.1016/j.ympev.2020.106878	pubmed	exact_pmid_efetch	32512196	requires_pubmed_lookup
2503	publication_component:citation:publication:doi:10.1016/j.ympev.2020.106983	pubmed	exact_pmid_efetch	33059069	requires_pubmed_lookup
2504	publication_component:citation:publication:doi:10.1016/j.ympev.2020.106986	pubmed	exact_pmid_efetch	33059063	requires_pubmed_lookup
2505	publication_component:citation:publication:doi:10.1016/j.ympev.2020.107066	pubmed	exact_pmid_efetch	33387645	requires_pubmed_lookup
2506	publication_component:citation:publication:doi:10.1016/j.ympev.2021.107171	pubmed	exact_pmid_efetch	33798674	requires_pubmed_lookup
2507	publication_component:citation:publication:doi:10.1016/j.ympev.2021.107200	pubmed	exact_pmid_efetch	33984467	requires_pubmed_lookup
2508	publication_component:citation:publication:doi:10.1016/j.ympev.2021.107208	pubmed	exact_pmid_efetch	34029719	requires_pubmed_lookup
2509	publication_component:citation:publication:doi:10.1016/j.ympev.2021.107295	pubmed	exact_pmid_efetch	34438050	requires_pubmed_lookup
2510	publication_component:citation:publication:doi:10.1016/j.ympev.2021.107310	pubmed	exact_pmid_efetch	34506949	requires_pubmed_lookup
2511	publication_component:citation:publication:doi:10.1016/j.ympev.2021.107341	pubmed	exact_pmid_efetch	34740782	requires_pubmed_lookup
2512	publication_component:citation:publication:doi:10.1016/j.ympev.2022.107389	pubmed	exact_pmid_efetch	35026428	requires_pubmed_lookup
2513	publication_component:citation:publication:doi:10.1016/j.ympev.2022.107395	pubmed	exact_pmid_efetch	35033670	requires_pubmed_lookup
2514	publication_component:citation:publication:doi:10.1016/j.ympev.2022.107403	pubmed	exact_pmid_efetch	35031461	requires_pubmed_lookup
2515	publication_component:citation:publication:doi:10.1016/j.ympev.2022.107436	pubmed	exact_pmid_efetch	35131426	requires_pubmed_lookup
2516	publication_component:citation:publication:doi:10.1016/j.ympev.2022.107453	pubmed	exact_pmid_efetch	35341964	requires_pubmed_lookup
2517	publication_component:citation:publication:doi:10.1016/j.ympev.2022.107456	pubmed	exact_pmid_efetch	35358693	requires_pubmed_lookup
2518	publication_component:citation:publication:doi:10.1016/j.ympev.2022.107485	pubmed	exact_pmid_efetch	35452840	requires_pubmed_lookup
2519	publication_component:citation:publication:doi:10.1016/j.ympev.2022.107544	pubmed	exact_pmid_efetch	35690375	requires_pubmed_lookup
2520	publication_component:citation:publication:doi:10.1016/j.ympev.2022.107582	pubmed	exact_pmid_efetch	35810969	requires_pubmed_lookup
2521	publication_component:citation:publication:doi:10.1016/j.ympev.2022.107595	pubmed	exact_pmid_efetch	35914647	requires_pubmed_lookup
2522	publication_component:citation:publication:doi:10.1016/j.ympev.2022.107620	pubmed	exact_pmid_efetch	36038056	requires_pubmed_lookup
2523	publication_component:citation:publication:doi:10.1016/j.ympev.2022.107653	pubmed	exact_pmid_efetch	36404461	requires_pubmed_lookup
2524	publication_component:citation:publication:doi:10.1016/j.ympev.2022.107673	pubmed	exact_pmid_efetch	36528332	requires_pubmed_lookup
2525	publication_component:citation:publication:doi:10.1016/j.ympev.2022.107679	pubmed	exact_pmid_efetch	36539017	requires_pubmed_lookup
2526	publication_component:citation:publication:doi:10.1016/j.ympev.2022.107683	pubmed	exact_pmid_efetch	36574824	requires_pubmed_lookup
2527	publication_component:citation:publication:doi:10.1016/j.ympev.2023.107753	pubmed	exact_pmid_efetch	36898488	requires_pubmed_lookup
2528	publication_component:citation:publication:doi:10.1016/j.ympev.2023.107773	pubmed	exact_pmid_efetch	36977459	requires_pubmed_lookup
2529	publication_component:citation:publication:doi:10.1016/j.ympev.2023.107776	pubmed	exact_pmid_efetch	36990305	requires_pubmed_lookup
2530	publication_component:citation:publication:doi:10.1016/j.ympev.2023.107785	pubmed	exact_pmid_efetch	37085130	requires_pubmed_lookup
2531	publication_component:citation:publication:doi:10.1016/j.ympev.2023.107787	pubmed	exact_pmid_efetch	37080398	requires_pubmed_lookup
2532	publication_component:citation:publication:doi:10.1016/j.ympev.2023.107812	pubmed	exact_pmid_efetch	37207892	requires_pubmed_lookup
2533	publication_component:citation:publication:doi:10.1016/j.ympev.2023.107841	pubmed	exact_pmid_efetch	37327832	requires_pubmed_lookup
2534	publication_component:citation:publication:doi:10.1016/j.ympev.2023.107842	pubmed	exact_pmid_efetch	37321361	requires_pubmed_lookup
2535	publication_component:citation:publication:doi:10.1016/j.ympev.2023.107886	pubmed	exact_pmid_efetch	37474014	requires_pubmed_lookup
2536	publication_component:citation:publication:doi:10.1016/j.ympev.2023.107908	pubmed	exact_pmid_efetch	37598984	requires_pubmed_lookup
2537	publication_component:citation:publication:doi:10.1016/j.ympev.2023.107912	pubmed	exact_pmid_efetch	37648181	requires_pubmed_lookup
2538	publication_component:citation:publication:doi:10.1016/j.ympev.2023.107955	pubmed	exact_pmid_efetch	37898294	requires_pubmed_lookup
2539	publication_component:citation:publication:doi:10.1016/j.ympev.2023.107977	pubmed	exact_pmid_efetch	38008369	requires_pubmed_lookup
2540	publication_component:citation:publication:doi:10.1016/j.ympev.2024.108047	pubmed	exact_pmid_efetch	38460890	requires_pubmed_lookup
2541	publication_component:citation:publication:doi:10.1016/j.ympev.2024.108103	pubmed	exact_pmid_efetch	38754710	requires_pubmed_lookup
2542	publication_component:citation:publication:doi:10.1016/j.ympev.2024.108110	pubmed	exact_pmid_efetch	38768875	requires_pubmed_lookup
2543	publication_component:citation:publication:doi:10.1016/j.ympev.2024.108141	pubmed	exact_pmid_efetch	38964593	requires_pubmed_lookup
2544	publication_component:citation:publication:doi:10.1016/j.ympev.2024.108182	pubmed	exact_pmid_efetch	39222738	requires_pubmed_lookup
2545	publication_component:citation:publication:doi:10.1016/j.ympev.2024.108210	pubmed	exact_pmid_efetch	39366592	requires_pubmed_lookup
2546	publication_component:citation:publication:doi:10.1016/j.ympev.2024.108218	pubmed	exact_pmid_efetch	39424089	requires_pubmed_lookup
2547	publication_component:citation:publication:doi:10.1016/j.ympev.2024.108221	pubmed	exact_pmid_efetch	39454737	requires_pubmed_lookup
2548	publication_component:citation:publication:doi:10.1016/j.ympev.2024.108223	pubmed	exact_pmid_efetch	39481463	requires_pubmed_lookup
2549	publication_component:citation:publication:doi:10.1016/j.ympev.2024.108240	pubmed	exact_pmid_efetch	39549977	requires_pubmed_lookup
2550	publication_component:citation:publication:doi:10.1016/j.ympev.2024.108245	pubmed	exact_pmid_efetch	39566836	requires_pubmed_lookup
2551	publication_component:citation:publication:doi:10.1016/j.ympev.2024.108281	pubmed	exact_pmid_efetch	39733867	requires_pubmed_lookup
2552	publication_component:citation:publication:doi:10.1016/j.ympev.2025.108383	pubmed	exact_pmid_efetch	40451495	requires_pubmed_lookup
2553	publication_component:citation:publication:doi:10.1016/j.ympev.2025.108404	pubmed	exact_pmid_efetch	40592422	requires_pubmed_lookup
2554	publication_component:citation:publication:doi:10.1016/j.ympev.2025.108422	pubmed	exact_pmid_efetch	40706915	requires_pubmed_lookup
2555	publication_component:citation:publication:doi:10.1016/j.ympev.2025.108444	pubmed	exact_pmid_efetch	40816442	requires_pubmed_lookup
2556	publication_component:citation:publication:doi:10.1016/j.ympev.2025.108451	pubmed	exact_pmid_efetch	40865666	requires_pubmed_lookup
2557	publication_component:citation:publication:doi:10.1016/j.ympev.2025.108468	pubmed	exact_pmid_efetch	40915635	requires_pubmed_lookup
2558	publication_component:citation:publication:doi:10.1016/j.ympev.2025.108483	pubmed	exact_pmid_efetch	41110658	requires_pubmed_lookup
2559	publication_component:citation:publication:doi:10.1016/j.ympev.2025.108506	pubmed	exact_pmid_efetch	41338406	requires_pubmed_lookup
2560	publication_component:citation:publication:doi:10.1016/j.ympev.2026.108532	pubmed	exact_pmid_efetch	41500269	requires_pubmed_lookup
2561	publication_component:citation:publication:doi:10.1016/j.ympev.2026.108543	pubmed	exact_pmid_efetch	41519248	requires_pubmed_lookup
2562	publication_component:citation:publication:doi:10.1016/j.ympev.2026.108547	pubmed	exact_pmid_efetch	41529776	requires_pubmed_lookup
2563	publication_component:citation:publication:doi:10.1016/j.ympev.2026.108550	pubmed	exact_pmid_efetch	41580058	requires_pubmed_lookup
2564	publication_component:citation:publication:doi:10.1016/j.ympev.2026.108553	openalex	exact_doi	10.1016/j.ympev.2026.108553	requires_openalex_lookup
2565	publication_component:citation:publication:doi:10.1016/j.ympev.2026.108573	pubmed	exact_pmid_efetch	41687793	requires_pubmed_lookup
2566	publication_component:citation:publication:doi:10.1016/j.ympev.2026.108579	pubmed	exact_pmid_efetch	41722630	requires_pubmed_lookup
2567	publication_component:citation:publication:doi:10.1016/j.ympev.2026.108580	pubmed	exact_pmid_efetch	41765351	requires_pubmed_lookup
2568	publication_component:citation:publication:doi:10.1016/j.ympev.2026.108607	pubmed	exact_pmid_efetch	41846015	requires_pubmed_lookup
2569	publication_component:citation:publication:doi:10.1016/j.ympev.2026.108620	pubmed	exact_pmid_efetch	42002164	requires_pubmed_lookup
2570	publication_component:citation:publication:doi:10.1016/j.ympev.2026.108629	pubmed	exact_pmid_efetch	42013960	requires_pubmed_lookup
2571	publication_component:citation:publication:doi:10.1016/j.ympev.2026.108632	pubmed	exact_pmid_efetch	42105795	requires_pubmed_lookup
2572	publication_component:citation:publication:doi:10.1016/j.ympev.2026.108642	pubmed	exact_pmid_efetch	42119646	requires_pubmed_lookup
2573	publication_component:citation:publication:doi:10.1016/j.ympev.2026.108651	pubmed	exact_pmid_efetch	42218922	requires_pubmed_lookup
2574	publication_component:citation:publication:doi:10.1016/j.ympev.2026.108671	pubmed	exact_pmid_efetch	42364678	requires_pubmed_lookup
2575	publication_component:citation:publication:doi:10.1016/j.ympev.2026.108690	pubmed	exact_pmid_efetch	42442563	requires_pubmed_lookup
2576	publication_component:citation:publication:doi:10.1016/j.ympev.2026.108699	pubmed	exact_pmid_efetch	42503397	requires_pubmed_lookup
2577	publication_component:citation:publication:doi:10.1016/j.ympev.2026.108716	pubmed	exact_pmid_efetch	42595148	requires_pubmed_lookup
2578	publication_component:citation:publication:doi:10.1016/j.ympev.2026.108735	pubmed	exact_pmid_efetch	42700852	requires_pubmed_lookup
2579	publication_component:citation:publication:doi:10.1016/j.ymthe.2025.09.033	pubmed	exact_pmid_efetch	40994009	requires_pubmed_lookup
2580	publication_component:citation:publication:doi:10.1016/j.zool.2016.06.010	pubmed	exact_pmid_efetch	27421680	requires_pubmed_lookup
2581	publication_component:citation:publication:doi:10.1016/j.zool.2022.126002	pubmed	exact_pmid_efetch	35219094	requires_pubmed_lookup
2582	publication_component:citation:publication:doi:10.1016/s0065-2660(06)58001-0	pubmed	exact_pmid_efetch	17452244	requires_pubmed_lookup
2583	publication_component:citation:publication:doi:10.1016/s0076-6879(02)43142-4	pubmed	exact_pmid_efetch	11665573	requires_pubmed_lookup
2584	publication_component:citation:publication:doi:10.1016/s0076-6879(08)36029-7	pubmed	exact_pmid_efetch	18237652	requires_pubmed_lookup
2585	publication_component:citation:publication:doi:10.1016/s0959-437x(02)00348-9	pubmed	exact_pmid_efetch	12433583	requires_pubmed_lookup
2586	publication_component:citation:publication:doi:10.1016/s1473-3099(24)00234-2	pubmed	exact_pmid_efetch	38878787	requires_pubmed_lookup
2587	publication_component:citation:publication:doi:10.1016/s1672-0229(08)60040-6	pubmed	exact_pmid_efetch	19944384	requires_pubmed_lookup
2588	publication_component:citation:publication:doi:10.1016/s1672-0229(10)60008-3	pubmed	exact_pmid_efetch	20451164	requires_pubmed_lookup
2589	publication_component:citation:publication:doi:10.1016/s1672-0229(10)60015-0	pubmed	exact_pmid_efetch	20691399	requires_pubmed_lookup
2590	publication_component:citation:publication:doi:10.1016/s1673-8527(08)60103-4	pubmed	exact_pmid_efetch	19302972	requires_pubmed_lookup
2591	publication_component:citation:publication:doi:10.1016/s1673-8527(09)60048-5	pubmed	exact_pmid_efetch	20513631	requires_pubmed_lookup
2592	publication_component:citation:publication:doi:10.1016/s1673-8527(09)60094-1	pubmed	exact_pmid_efetch	21193155	requires_pubmed_lookup
2593	publication_component:citation:publication:doi:10.1016/s1773-035x(20)30314-2	pubmed	exact_pmid_efetch	33163105	requires_pubmed_lookup
2594	publication_component:citation:publication:doi:10.1016/s1872-2067(26)64991-1	openalex	exact_work_id	W7160327411	requires_openalex_lookup
2596	publication_component:citation:publication:doi:10.1016/s2095-3119(20)63465-7	openalex	exact_work_id	W4220788428	requires_openalex_lookup
2597	publication_component:citation:publication:doi:10.1016/s2095-3119(20)63562-6	openalex	exact_work_id	W3175881620	requires_openalex_lookup
2598	publication_component:citation:publication:doi:10.1017/9781108938891.017	openalex	exact_work_id	W4289130183	requires_openalex_lookup
2599	publication_component:citation:publication:doi:10.1017/9781108938891.020	openalex	exact_work_id	W4289130187	requires_openalex_lookup
2600	publication_component:citation:publication:doi:10.1017/9781108954365	openalex	exact_work_id	W3111763185	requires_openalex_lookup
2601	publication_component:citation:publication:doi:10.1017/ash.2023.119	pubmed	exact_pmid_efetch	36960087	requires_pubmed_lookup
2602	publication_component:citation:publication:doi:10.1017/ash.2024.40	pubmed	exact_pmid_efetch	38698947	requires_pubmed_lookup
2603	publication_component:citation:publication:doi:10.1017/cbo9780511760334.002	openalex	exact_work_id	W2389255862	requires_openalex_lookup
2604	publication_component:citation:publication:doi:10.1017/ice.2018.29	pubmed	exact_pmid_efetch	29611491	requires_pubmed_lookup
2605	publication_component:citation:publication:doi:10.1017/ice.2022.235	pubmed	exact_pmid_efetch	36102334	requires_pubmed_lookup
2606	publication_component:citation:publication:doi:10.1017/pab.2020.38	openalex	exact_work_id	W3161796624	requires_openalex_lookup
2607	publication_component:citation:publication:doi:10.1017/s0007485323000597	pubmed	exact_pmid_efetch	38098270	requires_pubmed_lookup
2608	publication_component:citation:publication:doi:10.1017/s0007485325100278	pubmed	exact_pmid_efetch	40747738	requires_pubmed_lookup
2609	publication_component:citation:publication:doi:10.1017/s0022149x23000512	pubmed	exact_pmid_efetch	37665112	requires_pubmed_lookup
2610	publication_component:citation:publication:doi:10.1017/s0025315417001461	openalex	exact_work_id	W2755888336	requires_openalex_lookup
2611	publication_component:citation:publication:doi:10.1017/s0025315419000225	openalex	exact_work_id	W2936181686	requires_openalex_lookup
2612	publication_component:citation:publication:doi:10.1017/s0031182010001575	pubmed	exact_pmid_efetch	21118608	requires_pubmed_lookup
2613	publication_component:citation:publication:doi:10.1017/s0031182013001790	pubmed	exact_pmid_efetch	24238365	requires_pubmed_lookup
2614	publication_component:citation:publication:doi:10.1017/s0031182014001668	pubmed	exact_pmid_efetch	25351897	requires_pubmed_lookup
2615	publication_component:citation:publication:doi:10.1017/s0031182019000581	pubmed	exact_pmid_efetch	31148531	requires_pubmed_lookup
2616	publication_component:citation:publication:doi:10.1017/s0950268817001066	pubmed	exact_pmid_efetch	28629484	requires_pubmed_lookup
2617	publication_component:citation:publication:doi:10.1017/s0950268821001424	openalex	exact_work_id	W3191629061	requires_openalex_lookup
2618	publication_component:citation:publication:doi:10.1017/s0950268821001461	pubmed	exact_pmid_efetch	34325753	requires_pubmed_lookup
2619	publication_component:citation:publication:doi:10.1017/s0950268823000201	pubmed	exact_pmid_efetch	36786292	requires_pubmed_lookup
2620	publication_component:citation:publication:doi:10.1017/s0950268823001991	pubmed	exact_pmid_efetch	38185822	requires_pubmed_lookup
2621	publication_component:citation:publication:doi:10.1017/s0950268824000761	pubmed	exact_pmid_efetch	38751220	requires_pubmed_lookup
2622	publication_component:citation:publication:doi:10.1017/s0950268824001092	pubmed	exact_pmid_efetch	39344899	requires_pubmed_lookup
2623	publication_component:citation:publication:doi:10.1017/s0952523815000322	pubmed	exact_pmid_efetch	26750628	requires_pubmed_lookup
2624	publication_component:citation:publication:doi:10.1017/s0954579425101028	pubmed	exact_pmid_efetch	41423883	requires_pubmed_lookup
2625	publication_component:citation:publication:doi:10.1017/s1479262111000396	openalex	exact_work_id	W2164063710	requires_openalex_lookup
2626	publication_component:citation:publication:doi:10.1017/s1479262118000485	openalex	exact_work_id	W2913396375	requires_openalex_lookup
2627	publication_component:citation:publication:doi:10.1021/acs.biochem.3c00411	pubmed	exact_pmid_efetch	37902563	requires_pubmed_lookup
2628	publication_component:citation:publication:doi:10.1021/acs.biochem.5c00026	pubmed	exact_pmid_efetch	40549344	requires_pubmed_lookup
2629	publication_component:citation:publication:doi:10.1021/acs.est.5c02972	pubmed	exact_pmid_efetch	41306107	requires_pubmed_lookup
2630	publication_component:citation:publication:doi:10.1021/acs.jafc.3c04247	pubmed	exact_pmid_efetch	37625381	requires_pubmed_lookup
2631	publication_component:citation:publication:doi:10.1021/acs.jafc.4c04830	pubmed	exact_pmid_efetch	39356738	requires_pubmed_lookup
2632	publication_component:citation:publication:doi:10.1021/acs.jafc.5c00964	pubmed	exact_pmid_efetch	40105367	requires_pubmed_lookup
2633	publication_component:citation:publication:doi:10.1021/acs.jafc.5c01956	pubmed	exact_pmid_efetch	40189811	requires_pubmed_lookup
2634	publication_component:citation:publication:doi:10.1021/acs.jafc.6c04229	pubmed	exact_pmid_efetch	42715939	requires_pubmed_lookup
2635	publication_component:citation:publication:doi:10.1021/acs.jafc.6c05012	openalex	exact_work_id	W7213247941	requires_openalex_lookup
2636	publication_component:citation:publication:doi:10.1021/acs.jnatprod.5c01442	pubmed	exact_pmid_efetch	41686131	requires_pubmed_lookup
2637	publication_component:citation:publication:doi:10.1021/acs.jpcb.1c01253	pubmed	exact_pmid_efetch	33887137	requires_pubmed_lookup
2638	publication_component:citation:publication:doi:10.1021/acs.jproteome.5b00618	pubmed	exact_pmid_efetch	26387803	requires_pubmed_lookup
2639	publication_component:citation:publication:doi:10.1021/acscatal.2c03859	openalex	exact_work_id	W4319296017	requires_openalex_lookup
2640	publication_component:citation:publication:doi:10.1021/acscatal.4c03851	openalex	exact_work_id	W4402192297	requires_openalex_lookup
2641	publication_component:citation:publication:doi:10.1021/acscatal.5c01062	openalex	exact_work_id	W4411149499	requires_openalex_lookup
2642	publication_component:citation:publication:doi:10.1021/acscatal.6c02012	openalex	exact_work_id	W7154597056	requires_openalex_lookup
2643	publication_component:citation:publication:doi:10.1021/acscatal.8b03613	openalex	exact_work_id	W2903887467	requires_openalex_lookup
2644	publication_component:citation:publication:doi:10.1021/acscatal.9b01031	openalex	exact_work_id	W2940006595	requires_openalex_lookup
2645	publication_component:citation:publication:doi:10.1021/acscatal.9b03418	openalex	exact_work_id	W2975235413	requires_openalex_lookup
2646	publication_component:citation:publication:doi:10.1021/acscentsci.7b00269	pubmed	exact_pmid_efetch	29104925	requires_pubmed_lookup
2647	publication_component:citation:publication:doi:10.1021/acschembio.0c00296	pubmed	exact_pmid_efetch	32649177	requires_pubmed_lookup
2648	publication_component:citation:publication:doi:10.1021/acsestwater.2c00083	openalex	exact_work_id	W4280545380	requires_openalex_lookup
2649	publication_component:citation:publication:doi:10.1021/acsinfecdis.0c00095	pubmed	exact_pmid_efetch	32298574	requires_pubmed_lookup
2650	publication_component:citation:publication:doi:10.1021/acsnano.6c04954	pubmed	exact_pmid_efetch	42611249	requires_pubmed_lookup
2651	publication_component:citation:publication:doi:10.1021/acsomega.2c06334	pubmed	exact_pmid_efetch	36506213	requires_pubmed_lookup
2652	publication_component:citation:publication:doi:10.1021/acsomega.3c02963	pubmed	exact_pmid_efetch	37521624	requires_pubmed_lookup
2653	publication_component:citation:publication:doi:10.1021/bi200343h	pubmed	exact_pmid_efetch	21661746	requires_pubmed_lookup
2654	publication_component:citation:publication:doi:10.1021/cb200100f	pubmed	exact_pmid_efetch	21650174	requires_pubmed_lookup
2655	publication_component:citation:publication:doi:10.1021/pr100881q	pubmed	exact_pmid_efetch	21226539	requires_pubmed_lookup
2656	publication_component:citation:publication:doi:10.1021/pr400228c	pubmed	exact_pmid_efetch	23919900	requires_pubmed_lookup
2657	publication_component:citation:publication:doi:10.1038/267275a0	pubmed	exact_pmid_efetch	865622	requires_pubmed_lookup
2658	publication_component:citation:publication:doi:10.1038/330401a0	pubmed	exact_pmid_efetch	3120013	requires_pubmed_lookup
2659	publication_component:citation:publication:doi:10.1038/75556	pubmed	exact_pmid_efetch	10802651	requires_pubmed_lookup
2660	publication_component:citation:publication:doi:10.1038/cr.2015.147	pubmed	exact_pmid_efetch	26667385	requires_pubmed_lookup
2661	publication_component:citation:publication:doi:10.1038/cr.2016.115	pubmed	exact_pmid_efetch	27725674	requires_pubmed_lookup
2662	publication_component:citation:publication:doi:10.1038/ejhg.2014.302	pubmed	exact_pmid_efetch	25626704	requires_pubmed_lookup
2663	publication_component:citation:publication:doi:10.1038/emboj.2009.394	pubmed	exact_pmid_efetch	20057353	requires_pubmed_lookup
2664	publication_component:citation:publication:doi:10.1038/emboj.2012.108	pubmed	exact_pmid_efetch	22543869	requires_pubmed_lookup
2665	publication_component:citation:publication:doi:10.1038/embor.2012.165	pubmed	exact_pmid_efetch	23146897	requires_pubmed_lookup
2666	publication_component:citation:publication:doi:10.1038/gene.2009.22	pubmed	exact_pmid_efetch	19387460	requires_pubmed_lookup
2667	publication_component:citation:publication:doi:10.1038/hdy.2009.172	pubmed	exact_pmid_efetch	20087391	requires_pubmed_lookup
2668	publication_component:citation:publication:doi:10.1038/hdy.2009.193	pubmed	exact_pmid_efetch	20104236	requires_pubmed_lookup
2669	publication_component:citation:publication:doi:10.1038/hdy.2009.99	pubmed	exact_pmid_efetch	19639010	requires_pubmed_lookup
2670	publication_component:citation:publication:doi:10.1038/hdy.2010.111	pubmed	exact_pmid_efetch	20736970	requires_pubmed_lookup
2671	publication_component:citation:publication:doi:10.1038/hdy.2010.151	pubmed	exact_pmid_efetch	21119705	requires_pubmed_lookup
2672	publication_component:citation:publication:doi:10.1038/hdy.2010.173	pubmed	exact_pmid_efetch	21245894	requires_pubmed_lookup
2673	publication_component:citation:publication:doi:10.1038/hdy.2010.26	pubmed	exact_pmid_efetch	20332808	requires_pubmed_lookup
2674	publication_component:citation:publication:doi:10.1038/hdy.2010.97	pubmed	exact_pmid_efetch	20668431	requires_pubmed_lookup
2675	publication_component:citation:publication:doi:10.1038/hdy.2011.11	pubmed	exact_pmid_efetch	21386869	requires_pubmed_lookup
2676	publication_component:citation:publication:doi:10.1038/hdy.2012.122	pubmed	exact_pmid_efetch	23403962	requires_pubmed_lookup
2677	publication_component:citation:publication:doi:10.1038/hdy.2012.22	pubmed	exact_pmid_efetch	22549517	requires_pubmed_lookup
2678	publication_component:citation:publication:doi:10.1038/hdy.2012.81	pubmed	exact_pmid_efetch	23211789	requires_pubmed_lookup
2679	publication_component:citation:publication:doi:10.1038/hdy.2013.101	pubmed	exact_pmid_efetch	24149652	requires_pubmed_lookup
2680	publication_component:citation:publication:doi:10.1038/hdy.2013.18	pubmed	exact_pmid_efetch	23572124	requires_pubmed_lookup
2681	publication_component:citation:publication:doi:10.1038/hdy.2014.12	pubmed	exact_pmid_efetch	24595364	requires_pubmed_lookup
2682	publication_component:citation:publication:doi:10.1038/hdy.2014.28	pubmed	exact_pmid_efetch	24690754	requires_pubmed_lookup
2683	publication_component:citation:publication:doi:10.1038/hdy.2015.44	pubmed	exact_pmid_efetch	25990877	requires_pubmed_lookup
2684	publication_component:citation:publication:doi:10.1038/hdy.2016.105	pubmed	exact_pmid_efetch	27782121	requires_pubmed_lookup
2685	publication_component:citation:publication:doi:10.1038/hdy.2016.59	pubmed	exact_pmid_efetch	27485669	requires_pubmed_lookup
2686	publication_component:citation:publication:doi:10.1038/hdy.2016.8	pubmed	exact_pmid_efetch	26883183	requires_pubmed_lookup
2687	publication_component:citation:publication:doi:10.1038/ismej.2010.93	pubmed	exact_pmid_efetch	20596068	requires_pubmed_lookup
2688	publication_component:citation:publication:doi:10.1038/ismej.2013.117	pubmed	exact_pmid_efetch	23887171	requires_pubmed_lookup
2689	publication_component:citation:publication:doi:10.1038/ismej.2014.241	pubmed	exact_pmid_efetch	25514536	requires_pubmed_lookup
2690	publication_component:citation:publication:doi:10.1038/ismej.2016.104	pubmed	exact_pmid_efetch	27552639	requires_pubmed_lookup
2691	publication_component:citation:publication:doi:10.1038/ismej.2016.116	pubmed	exact_pmid_efetch	27648812	requires_pubmed_lookup
2692	publication_component:citation:publication:doi:10.1038/ismej.2016.201	pubmed	exact_pmid_efetch	28234349	requires_pubmed_lookup
2693	publication_component:citation:publication:doi:10.1038/ismej.2016.27	pubmed	exact_pmid_efetch	26978165	requires_pubmed_lookup
2694	publication_component:citation:publication:doi:10.1038/ismej.2017.18	pubmed	exact_pmid_efetch	28323281	requires_pubmed_lookup
2695	publication_component:citation:publication:doi:10.1038/ismej.2017.20	pubmed	exact_pmid_efetch	28323279	requires_pubmed_lookup
2696	publication_component:citation:publication:doi:10.1038/msb.2010.78	pubmed	exact_pmid_efetch	20959819	requires_pubmed_lookup
2697	publication_component:citation:publication:doi:10.1038/msb.2011.43	pubmed	exact_pmid_efetch	21734643	requires_pubmed_lookup
2698	publication_component:citation:publication:doi:10.1038/msb.2012.28	pubmed	exact_pmid_efetch	22806143	requires_pubmed_lookup
2699	publication_component:citation:publication:doi:10.1038/nature01858	pubmed	exact_pmid_efetch	12917688	requires_pubmed_lookup
2700	publication_component:citation:publication:doi:10.1038/nature07529	pubmed	exact_pmid_efetch	19043403	requires_pubmed_lookup
2701	publication_component:citation:publication:doi:10.1038/nature08747	pubmed	exact_pmid_efetch	20148030	requires_pubmed_lookup
2702	publication_component:citation:publication:doi:10.1038/nature08789	pubmed	exact_pmid_efetch	20203609	requires_pubmed_lookup
2703	publication_component:citation:publication:doi:10.1038/nature08791	pubmed	exact_pmid_efetch	20164837	requires_pubmed_lookup
2704	publication_component:citation:publication:doi:10.1038/nature08848	pubmed	exact_pmid_efetch	20237474	requires_pubmed_lookup
2705	publication_component:citation:publication:doi:10.1038/nature09083	pubmed	exact_pmid_efetch	20520716	requires_pubmed_lookup
2706	publication_component:citation:publication:doi:10.1038/nature09105	pubmed	exact_pmid_efetch	20485343	requires_pubmed_lookup
2707	publication_component:citation:publication:doi:10.1038/nature09482	pubmed	exact_pmid_efetch	21164432	requires_pubmed_lookup
2708	publication_component:citation:publication:doi:10.1038/nature11510	pubmed	exact_pmid_efetch	23064225	requires_pubmed_lookup
2709	publication_component:citation:publication:doi:10.1038/nature12219	pubmed	exact_pmid_efetch	23719465	requires_pubmed_lookup
2710	publication_component:citation:publication:doi:10.1038/nature13036	pubmed	exact_pmid_efetch	24590074	requires_pubmed_lookup
2711	publication_component:citation:publication:doi:10.1038/nature13679	pubmed	exact_pmid_efetch	25209798	requires_pubmed_lookup
2712	publication_component:citation:publication:doi:10.1038/nature14183	pubmed	exact_pmid_efetch	25624100	requires_pubmed_lookup
2713	publication_component:citation:publication:doi:10.1038/nature14649	pubmed	exact_pmid_efetch	26176923	requires_pubmed_lookup
2714	publication_component:citation:publication:doi:10.1038/nature16548	pubmed	exact_pmid_efetch	26814964	requires_pubmed_lookup
2715	publication_component:citation:publication:doi:10.1038/nature17164	pubmed	exact_pmid_efetch	27088604	requires_pubmed_lookup
2716	publication_component:citation:publication:doi:10.1038/nature18316	pubmed	exact_pmid_efetch	27362223	requires_pubmed_lookup
2717	publication_component:citation:publication:doi:10.1038/nature19790	pubmed	exact_pmid_efetch	27734858	requires_pubmed_lookup
2718	publication_component:citation:publication:doi:10.1038/nature20595	pubmed	exact_pmid_efetch	27974754	requires_pubmed_lookup
2719	publication_component:citation:publication:doi:10.1038/nature20786	pubmed	exact_pmid_efetch	28024298	requires_pubmed_lookup
2720	publication_component:citation:publication:doi:10.1038/nature20803	pubmed	exact_pmid_efetch	28092920	requires_pubmed_lookup
2721	publication_component:citation:publication:doi:10.1038/nature22040	pubmed	exact_pmid_efetch	28405027	requires_pubmed_lookup
2722	publication_component:citation:publication:doi:10.1038/nature22380	pubmed	exact_pmid_efetch	28538728	requires_pubmed_lookup
2723	publication_component:citation:publication:doi:10.1038/nature25140	pubmed	exact_pmid_efetch	29300007	requires_pubmed_lookup
2724	publication_component:citation:publication:doi:10.1038/nature25174	pubmed	exact_pmid_efetch	29310120	requires_pubmed_lookup
2725	publication_component:citation:publication:doi:10.1038/nbt.3207	pubmed	exact_pmid_efetch	25893781	requires_pubmed_lookup
2726	publication_component:citation:publication:doi:10.1038/nbt.3943	pubmed	exact_pmid_efetch	28922347	requires_pubmed_lookup
2727	publication_component:citation:publication:doi:10.1038/nbt.4172	pubmed	exact_pmid_efetch	29813047	requires_pubmed_lookup
2728	publication_component:citation:publication:doi:10.1038/ncomms10382	pubmed	exact_pmid_efetch	26790750	requires_pubmed_lookup
2729	publication_component:citation:publication:doi:10.1038/ncomms10474	pubmed	exact_pmid_efetch	26805030	requires_pubmed_lookup
2730	publication_component:citation:publication:doi:10.1038/ncomms11071	pubmed	exact_pmid_efetch	27002549	requires_pubmed_lookup
2731	publication_component:citation:publication:doi:10.1038/ncomms11370	pubmed	exact_pmid_efetch	27102219	requires_pubmed_lookup
2732	publication_component:citation:publication:doi:10.1038/ncomms11519	pubmed	exact_pmid_efetch	27187213	requires_pubmed_lookup
2733	publication_component:citation:publication:doi:10.1038/ncomms11842	pubmed	exact_pmid_efetch	27296726	requires_pubmed_lookup
2734	publication_component:citation:publication:doi:10.1038/ncomms12233	pubmed	exact_pmid_efetch	27436133	requires_pubmed_lookup
2735	publication_component:citation:publication:doi:10.1038/ncomms12384	pubmed	exact_pmid_efetch	27498896	requires_pubmed_lookup
2736	publication_component:citation:publication:doi:10.1038/ncomms12637	pubmed	exact_pmid_efetch	27577604	requires_pubmed_lookup
2737	publication_component:citation:publication:doi:10.1038/ncomms12679	pubmed	exact_pmid_efetch	27557866	requires_pubmed_lookup
2738	publication_component:citation:publication:doi:10.1038/ncomms12709	pubmed	exact_pmid_efetch	27575437	requires_pubmed_lookup
2739	publication_component:citation:publication:doi:10.1038/ncomms12736	pubmed	exact_pmid_efetch	27597183	requires_pubmed_lookup
2740	publication_component:citation:publication:doi:10.1038/ncomms12845	pubmed	exact_pmid_efetch	27653464	requires_pubmed_lookup
2741	publication_component:citation:publication:doi:10.1038/ncomms12997	pubmed	exact_pmid_efetch	27708261	requires_pubmed_lookup
2742	publication_component:citation:publication:doi:10.1038/ncomms13026	pubmed	exact_pmid_efetch	27713409	requires_pubmed_lookup
2743	publication_component:citation:publication:doi:10.1038/ncomms13107	pubmed	exact_pmid_efetch	27708285	requires_pubmed_lookup
2744	publication_component:citation:publication:doi:10.1038/ncomms13295	pubmed	exact_pmid_efetch	27824041	requires_pubmed_lookup
2745	publication_component:citation:publication:doi:10.1038/ncomms14229	pubmed	exact_pmid_efetch	28165450	requires_pubmed_lookup
2746	publication_component:citation:publication:doi:10.1038/ncomms14251	pubmed	exact_pmid_efetch	28139647	requires_pubmed_lookup
2747	publication_component:citation:publication:doi:10.1038/ncomms14334	pubmed	exact_pmid_efetch	28176777	requires_pubmed_lookup
2748	publication_component:citation:publication:doi:10.1038/ncomms14953	pubmed	exact_pmid_efetch	28401891	requires_pubmed_lookup
2749	publication_component:citation:publication:doi:10.1038/ncomms15483	pubmed	exact_pmid_efetch	28537263	requires_pubmed_lookup
2750	publication_component:citation:publication:doi:10.1038/ncomms15706	pubmed	exact_pmid_efetch	28589936	requires_pubmed_lookup
2751	publication_component:citation:publication:doi:10.1038/ncomms2416	pubmed	exact_pmid_efetch	23385571	requires_pubmed_lookup
2752	publication_component:citation:publication:doi:10.1038/ncomms2427	pubmed	exact_pmid_efetch	23361014	requires_pubmed_lookup
2753	publication_component:citation:publication:doi:10.1038/ncomms2860	pubmed	exact_pmid_efetch	23673643	requires_pubmed_lookup
2754	publication_component:citation:publication:doi:10.1038/ncomms3071	pubmed	exact_pmid_efetch	23817352	requires_pubmed_lookup
2755	publication_component:citation:publication:doi:10.1038/ncomms3445	pubmed	exact_pmid_efetch	24048436	requires_pubmed_lookup
2756	publication_component:citation:publication:doi:10.1038/ncomms3599	pubmed	exact_pmid_efetch	24121720	requires_pubmed_lookup
2757	publication_component:citation:publication:doi:10.1038/ncomms3640	pubmed	exact_pmid_efetch	24136039	requires_pubmed_lookup
2758	publication_component:citation:publication:doi:10.1038/ncomms3708	pubmed	exact_pmid_efetch	24169659	requires_pubmed_lookup
2759	publication_component:citation:publication:doi:10.1038/ncomms3797	pubmed	exact_pmid_efetch	24256998	requires_pubmed_lookup
2760	publication_component:citation:publication:doi:10.1038/ncomms4521	pubmed	exact_pmid_efetch	24662800	requires_pubmed_lookup
2761	publication_component:citation:publication:doi:10.1038/ncomms4636	pubmed	exact_pmid_efetch	24845553	requires_pubmed_lookup
2762	publication_component:citation:publication:doi:10.1038/ncomms4657	pubmed	exact_pmid_efetch	24755649	requires_pubmed_lookup
2763	publication_component:citation:publication:doi:10.1038/ncomms4765	pubmed	exact_pmid_efetch	24801114	requires_pubmed_lookup
2764	publication_component:citation:publication:doi:10.1038/ncomms5087	pubmed	exact_pmid_efetch	24912610	requires_pubmed_lookup
2765	publication_component:citation:publication:doi:10.1038/ncomms5268	pubmed	exact_pmid_efetch	24969138	requires_pubmed_lookup
2766	publication_component:citation:publication:doi:10.1038/ncomms5370	pubmed	exact_pmid_efetch	25001002	requires_pubmed_lookup
2767	publication_component:citation:publication:doi:10.1038/ncomms6149	pubmed	exact_pmid_efetch	25296686	requires_pubmed_lookup
2768	publication_component:citation:publication:doi:10.1038/ncomms6188	pubmed	exact_pmid_efetch	25333821	requires_pubmed_lookup
2769	publication_component:citation:publication:doi:10.1038/ncomms6227	pubmed	exact_pmid_efetch	25407894	requires_pubmed_lookup
2770	publication_component:citation:publication:doi:10.1038/ncomms6315	pubmed	exact_pmid_efetch	25350882	requires_pubmed_lookup
2771	publication_component:citation:publication:doi:10.1038/ncomms6448	pubmed	exact_pmid_efetch	25378102	requires_pubmed_lookup
2772	publication_component:citation:publication:doi:10.1038/ncomms6675	pubmed	exact_pmid_efetch	25435021	requires_pubmed_lookup
2773	publication_component:citation:publication:doi:10.1038/ncomms6896	pubmed	exact_pmid_efetch	25523484	requires_pubmed_lookup
2774	publication_component:citation:publication:doi:10.1038/ncomms8330	pubmed	exact_pmid_efetch	26040272	requires_pubmed_lookup
2775	publication_component:citation:publication:doi:10.1038/ncomms8720	pubmed	exact_pmid_efetch	26212613	requires_pubmed_lookup
2776	publication_component:citation:publication:doi:10.1038/ncomms8952	pubmed	exact_pmid_efetch	26245473	requires_pubmed_lookup
2777	publication_component:citation:publication:doi:10.1038/ncomms9212	pubmed	exact_pmid_efetch	26354079	requires_pubmed_lookup
2778	publication_component:citation:publication:doi:10.1038/ng.2343	pubmed	exact_pmid_efetch	22751099	requires_pubmed_lookup
2779	publication_component:citation:publication:doi:10.1038/ng.2371	pubmed	exact_pmid_efetch	22922876	requires_pubmed_lookup
2780	publication_component:citation:publication:doi:10.1038/ng.2373	pubmed	exact_pmid_efetch	22863733	requires_pubmed_lookup
2781	publication_component:citation:publication:doi:10.1038/ng.2375	pubmed	exact_pmid_efetch	22863735	requires_pubmed_lookup
2782	publication_component:citation:publication:doi:10.1038/ng.2524	pubmed	exact_pmid_efetch	23313953	requires_pubmed_lookup
2783	publication_component:citation:publication:doi:10.1038/ng.2588	pubmed	exact_pmid_efetch	23525076	requires_pubmed_lookup
2784	publication_component:citation:publication:doi:10.1038/ng.2603	pubmed	exact_pmid_efetch	23563608	requires_pubmed_lookup
2785	publication_component:citation:publication:doi:10.1038/ng.2615	pubmed	exact_pmid_efetch	23624526	requires_pubmed_lookup
2786	publication_component:citation:publication:doi:10.1038/ng.2657	pubmed	exact_pmid_efetch	23749191	requires_pubmed_lookup
2787	publication_component:citation:publication:doi:10.1038/ng.2704	pubmed	exact_pmid_efetch	23852167	requires_pubmed_lookup
2788	publication_component:citation:publication:doi:10.1038/ng.2835	pubmed	exact_pmid_efetch	24270359	requires_pubmed_lookup
2789	publication_component:citation:publication:doi:10.1038/ng.2877	pubmed	exact_pmid_efetch	24441736	requires_pubmed_lookup
2790	publication_component:citation:publication:doi:10.1038/ng.2878	pubmed	exact_pmid_efetch	24464101	requires_pubmed_lookup
2791	publication_component:citation:publication:doi:10.1038/ng.3098	pubmed	exact_pmid_efetch	25240282	requires_pubmed_lookup
2792	publication_component:citation:publication:doi:10.1038/ng.3137	pubmed	exact_pmid_efetch	25362486	requires_pubmed_lookup
2793	publication_component:citation:publication:doi:10.1038/ng.3197	pubmed	exact_pmid_efetch	25711859	requires_pubmed_lookup
2794	publication_component:citation:publication:doi:10.1038/ng.3198	pubmed	exact_pmid_efetch	25621460	requires_pubmed_lookup
2795	publication_component:citation:publication:doi:10.1038/ng.3517	pubmed	exact_pmid_efetch	26901068	requires_pubmed_lookup
2796	publication_component:citation:publication:doi:10.1038/ng.3565	pubmed	exact_pmid_efetch	27158781	requires_pubmed_lookup
2797	publication_component:citation:publication:doi:10.1038/ng.3615	pubmed	exact_pmid_efetch	27399969	requires_pubmed_lookup
2798	publication_component:citation:publication:doi:10.1038/ng.3645	pubmed	exact_pmid_efetch	27548311	requires_pubmed_lookup
2799	publication_component:citation:publication:doi:10.1038/ng.3839	pubmed	exact_pmid_efetch	28394353	requires_pubmed_lookup
2800	publication_component:citation:publication:doi:10.1038/ng.3847	pubmed	exact_pmid_efetch	28416820	requires_pubmed_lookup
2801	publication_component:citation:publication:doi:10.1038/ng.477	pubmed	exact_pmid_efetch	19881526	requires_pubmed_lookup
2802	publication_component:citation:publication:doi:10.1038/ng.590	pubmed	exact_pmid_efetch	20495566	requires_pubmed_lookup
2803	publication_component:citation:publication:doi:10.1038/ng.997	pubmed	exact_pmid_efetch	22081229	requires_pubmed_lookup
2804	publication_component:citation:publication:doi:10.1038/nmicrobiol.2016.241	pubmed	exact_pmid_efetch	28005061	requires_pubmed_lookup
2805	publication_component:citation:publication:doi:10.1038/nplants.2017.66	pubmed	exact_pmid_efetch	28504699	requires_pubmed_lookup
2806	publication_component:citation:publication:doi:10.1038/npre.2009.2968.1	openalex	exact_work_id	W4847159	requires_openalex_lookup
2807	publication_component:citation:publication:doi:10.1038/npre.2009.2968.2	openalex	exact_work_id	W136040147	requires_openalex_lookup
2808	publication_component:citation:publication:doi:10.1038/nrg.2015.18	pubmed	exact_pmid_efetch	26781812	requires_pubmed_lookup
2809	publication_component:citation:publication:doi:10.1038/nrg.2015.8	pubmed	exact_pmid_efetch	26688196	requires_pubmed_lookup
2810	publication_component:citation:publication:doi:10.1038/nrg.2016.49	pubmed	exact_pmid_efetch	27184599	requires_pubmed_lookup
2811	publication_component:citation:publication:doi:10.1038/nrg2480	pubmed	exact_pmid_efetch	19002141	requires_pubmed_lookup
2812	publication_component:citation:publication:doi:10.1038/nrg3186	pubmed	exact_pmid_efetch	22456349	requires_pubmed_lookup
2813	publication_component:citation:publication:doi:10.1038/nrg3802	pubmed	exact_pmid_efetch	25297727	requires_pubmed_lookup
2814	publication_component:citation:publication:doi:10.1038/nrg3905	pubmed	exact_pmid_efetch	25783448	requires_pubmed_lookup
2815	publication_component:citation:publication:doi:10.1038/nrmicro.2015.13	pubmed	exact_pmid_efetch	26806595	requires_pubmed_lookup
2816	publication_component:citation:publication:doi:10.1038/nrmicro2802	pubmed	exact_pmid_efetch	22683880	requires_pubmed_lookup
2817	publication_component:citation:publication:doi:10.1038/nrmicro3331	pubmed	exact_pmid_efetch	25220308	requires_pubmed_lookup
2818	publication_component:citation:publication:doi:10.1038/nsmb.3426	pubmed	exact_pmid_efetch	28671667	requires_pubmed_lookup
2819	publication_component:citation:publication:doi:10.1038/s10038-020-00841-6	pubmed	exact_pmid_efetch	32994538	requires_pubmed_lookup
2820	publication_component:citation:publication:doi:10.1038/s41388-021-02092-x	pubmed	exact_pmid_efetch	34999732	requires_pubmed_lookup
2821	publication_component:citation:publication:doi:10.1038/s41396-017-0006-8	pubmed	exact_pmid_efetch	29305577	requires_pubmed_lookup
2822	publication_component:citation:publication:doi:10.1038/s41396-018-0211-0	pubmed	exact_pmid_efetch	30013162	requires_pubmed_lookup
2823	publication_component:citation:publication:doi:10.1038/s41396-018-0339-y	pubmed	exact_pmid_efetch	30643198	requires_pubmed_lookup
2824	publication_component:citation:publication:doi:10.1038/s41396-019-0418-8	pubmed	exact_pmid_efetch	31024152	requires_pubmed_lookup
2825	publication_component:citation:publication:doi:10.1038/s41396-019-0461-5	pubmed	exact_pmid_efetch	31235840	requires_pubmed_lookup
2826	publication_component:citation:publication:doi:10.1038/s41396-020-0709-0	pubmed	exact_pmid_efetch	32632264	requires_pubmed_lookup
2827	publication_component:citation:publication:doi:10.1038/s41396-020-0728-x	pubmed	exact_pmid_efetch	32770116	requires_pubmed_lookup
2828	publication_component:citation:publication:doi:10.1038/s41396-021-00965-3	pubmed	exact_pmid_efetch	33824425	requires_pubmed_lookup
2829	publication_component:citation:publication:doi:10.1038/s41396-021-01009-6	pubmed	exact_pmid_efetch	34017056	requires_pubmed_lookup
2830	publication_component:citation:publication:doi:10.1038/s41396-021-01077-8	pubmed	exact_pmid_efetch	34363004	requires_pubmed_lookup
2831	publication_component:citation:publication:doi:10.1038/s41396-022-01306-8	pubmed	exact_pmid_efetch	35986094	requires_pubmed_lookup
2832	publication_component:citation:publication:doi:10.1038/s41396-023-01432-x	pubmed	exact_pmid_efetch	37221394	requires_pubmed_lookup
2833	publication_component:citation:publication:doi:10.1038/s41420-024-02175-0	pubmed	exact_pmid_efetch	39443468	requires_pubmed_lookup
2834	publication_component:citation:publication:doi:10.1038/s41421-021-00286-x	pubmed	exact_pmid_efetch	34373445	requires_pubmed_lookup
2835	publication_component:citation:publication:doi:10.1038/s41422-019-0252-6	pubmed	exact_pmid_efetch	31767972	requires_pubmed_lookup
2836	publication_component:citation:publication:doi:10.1038/s41434-019-0081-8	pubmed	exact_pmid_efetch	31110296	requires_pubmed_lookup
2837	publication_component:citation:publication:doi:10.1038/s41435-022-00186-4	pubmed	exact_pmid_efetch	36203090	requires_pubmed_lookup
2838	publication_component:citation:publication:doi:10.1038/s41436-020-01010-y	pubmed	exact_pmid_efetch	33188300	requires_pubmed_lookup
2839	publication_component:citation:publication:doi:10.1038/s41437-017-0047-9	pubmed	exact_pmid_efetch	29362475	requires_pubmed_lookup
2840	publication_component:citation:publication:doi:10.1038/s41437-018-0100-3	pubmed	exact_pmid_efetch	29959426	requires_pubmed_lookup
2841	publication_component:citation:publication:doi:10.1038/s41437-018-0146-2	pubmed	exact_pmid_efetch	30258107	requires_pubmed_lookup
2842	publication_component:citation:publication:doi:10.1038/s41437-018-0161-3	pubmed	exact_pmid_efetch	30374041	requires_pubmed_lookup
2843	publication_component:citation:publication:doi:10.1038/s41437-019-0204-4	pubmed	exact_pmid_efetch	30833746	requires_pubmed_lookup
2844	publication_component:citation:publication:doi:10.1038/s41437-019-0221-3	pubmed	exact_pmid_efetch	31036951	requires_pubmed_lookup
2845	publication_component:citation:publication:doi:10.1038/s41437-020-0347-3	pubmed	exact_pmid_efetch	32728043	requires_pubmed_lookup
2846	publication_component:citation:publication:doi:10.1038/s41437-022-00564-8	pubmed	exact_pmid_efetch	36207436	requires_pubmed_lookup
2847	publication_component:citation:publication:doi:10.1038/s41437-024-00718-w	pubmed	exact_pmid_efetch	39174672	requires_pubmed_lookup
2848	publication_component:citation:publication:doi:10.1038/s41437-025-00753-1	pubmed	exact_pmid_efetch	40075226	requires_pubmed_lookup
2849	publication_component:citation:publication:doi:10.1038/s41437-026-00847-4	pubmed	exact_pmid_efetch	42098286	requires_pubmed_lookup
2850	publication_component:citation:publication:doi:10.1038/s41437-026-00882-1	pubmed	exact_pmid_efetch	42728335	requires_pubmed_lookup
2851	publication_component:citation:publication:doi:10.1038/s41438-019-0164-0	pubmed	exact_pmid_efetch	31645943	requires_pubmed_lookup
2852	publication_component:citation:publication:doi:10.1038/s41438-019-0202-y	pubmed	exact_pmid_efetch	31645971	requires_pubmed_lookup
2853	publication_component:citation:publication:doi:10.1038/s41438-019-0227-2	pubmed	exact_pmid_efetch	31871686	requires_pubmed_lookup
2854	publication_component:citation:publication:doi:10.1038/s41438-020-00368-z	pubmed	exact_pmid_efetch	32922818	requires_pubmed_lookup
2855	publication_component:citation:publication:doi:10.1038/s41438-020-00382-1	pubmed	exact_pmid_efetch	33082971	requires_pubmed_lookup
2856	publication_component:citation:publication:doi:10.1038/s41438-020-00391-0	pubmed	exact_pmid_efetch	33024567	requires_pubmed_lookup
2857	publication_component:citation:publication:doi:10.1038/s41438-020-00414-w	pubmed	exact_pmid_efetch	33328438	requires_pubmed_lookup
2858	publication_component:citation:publication:doi:10.1038/s41438-020-00417-7	pubmed	exact_pmid_efetch	33328470	requires_pubmed_lookup
2859	publication_component:citation:publication:doi:10.1038/s41438-020-00422-w	pubmed	exact_pmid_efetch	33328471	requires_pubmed_lookup
2860	publication_component:citation:publication:doi:10.1038/s41438-020-00435-5	pubmed	exact_pmid_efetch	33384435	requires_pubmed_lookup
2861	publication_component:citation:publication:doi:10.1038/s41438-020-00449-z	pubmed	exact_pmid_efetch	33372175	requires_pubmed_lookup
2862	publication_component:citation:publication:doi:10.1038/s41438-020-00455-1	pubmed	exact_pmid_efetch	33419990	requires_pubmed_lookup
2863	publication_component:citation:publication:doi:10.1038/s41438-020-0240-5	pubmed	exact_pmid_efetch	32025321	requires_pubmed_lookup
2864	publication_component:citation:publication:doi:10.1038/s41438-020-0246-z	pubmed	exact_pmid_efetch	32140238	requires_pubmed_lookup
2865	publication_component:citation:publication:doi:10.1038/s41438-020-0295-3	pubmed	exact_pmid_efetch	32377363	requires_pubmed_lookup
2866	publication_component:citation:publication:doi:10.1038/s41438-020-0300-x	pubmed	exact_pmid_efetch	32377365	requires_pubmed_lookup
2867	publication_component:citation:publication:doi:10.1038/s41438-020-0305-5	pubmed	exact_pmid_efetch	32528697	requires_pubmed_lookup
2868	publication_component:citation:publication:doi:10.1038/s41438-020-0307-3	pubmed	exact_pmid_efetch	32528707	requires_pubmed_lookup
2869	publication_component:citation:publication:doi:10.1038/s41438-021-00471-9	pubmed	exact_pmid_efetch	33642574	requires_pubmed_lookup
2870	publication_component:citation:publication:doi:10.1038/s41438-021-00475-5	pubmed	exact_pmid_efetch	33642577	requires_pubmed_lookup
2871	publication_component:citation:publication:doi:10.1038/s41438-021-00518-x	pubmed	exact_pmid_efetch	33795664	requires_pubmed_lookup
2872	publication_component:citation:publication:doi:10.1038/s41438-021-00519-w	pubmed	exact_pmid_efetch	33931599	requires_pubmed_lookup
2873	publication_component:citation:publication:doi:10.1038/s41438-021-00565-4	pubmed	exact_pmid_efetch	34059662	requires_pubmed_lookup
2874	publication_component:citation:publication:doi:10.1038/s41438-021-00587-y	pubmed	exact_pmid_efetch	34193853	requires_pubmed_lookup
2875	publication_component:citation:publication:doi:10.1038/s41438-021-00594-z	pubmed	exact_pmid_efetch	34145222	requires_pubmed_lookup
2876	publication_component:citation:publication:doi:10.1038/s41438-021-00599-8	pubmed	exact_pmid_efetch	34354050	requires_pubmed_lookup
2877	publication_component:citation:publication:doi:10.1038/s41438-021-00614-y	pubmed	exact_pmid_efetch	34465761	requires_pubmed_lookup
2878	publication_component:citation:publication:doi:10.1038/s41438-021-00627-7	pubmed	exact_pmid_efetch	34354044	requires_pubmed_lookup
2879	publication_component:citation:publication:doi:10.1038/s41438-021-00636-6	pubmed	exact_pmid_efetch	34465733	requires_pubmed_lookup
2880	publication_component:citation:publication:doi:10.1038/s41438-021-00657-1	pubmed	exact_pmid_efetch	34719689	requires_pubmed_lookup
2881	publication_component:citation:publication:doi:10.1038/s41438-021-00662-4	pubmed	exact_pmid_efetch	34719690	requires_pubmed_lookup
2882	publication_component:citation:publication:doi:10.1038/s41438-021-00665-1	pubmed	exact_pmid_efetch	34480029	requires_pubmed_lookup
2883	publication_component:citation:publication:doi:10.1038/s41438-021-00683-z	pubmed	exact_pmid_efetch	34848682	requires_pubmed_lookup
2884	publication_component:citation:publication:doi:10.1038/s41438-021-00705-w	pubmed	exact_pmid_efetch	34795210	requires_pubmed_lookup
2885	publication_component:citation:publication:doi:10.1038/s41467-017-01002-8	pubmed	exact_pmid_efetch	29026136	requires_pubmed_lookup
2886	publication_component:citation:publication:doi:10.1038/s41467-017-01265-1	pubmed	exact_pmid_efetch	29079803	requires_pubmed_lookup
2887	publication_component:citation:publication:doi:10.1038/s41467-017-01370-1	pubmed	exact_pmid_efetch	29116078	requires_pubmed_lookup
2888	publication_component:citation:publication:doi:10.1038/s41467-017-02441-z	pubmed	exact_pmid_efetch	29295979	requires_pubmed_lookup
2889	publication_component:citation:publication:doi:10.1038/s41467-018-03423-5	pubmed	exact_pmid_efetch	29691383	requires_pubmed_lookup
2890	publication_component:citation:publication:doi:10.1038/s41467-018-04344-z	pubmed	exact_pmid_efetch	29955043	requires_pubmed_lookup
2891	publication_component:citation:publication:doi:10.1038/s41467-018-04380-9	pubmed	exact_pmid_efetch	29784936	requires_pubmed_lookup
2892	publication_component:citation:publication:doi:10.1038/s41467-018-05114-7	pubmed	exact_pmid_efetch	30006589	requires_pubmed_lookup
2893	publication_component:citation:publication:doi:10.1038/s41467-018-05284-4	pubmed	exact_pmid_efetch	30026532	requires_pubmed_lookup
2894	publication_component:citation:publication:doi:10.1038/s41467-018-05290-6	pubmed	exact_pmid_efetch	30054462	requires_pubmed_lookup
2895	publication_component:citation:publication:doi:10.1038/s41467-018-05479-9	pubmed	exact_pmid_efetch	30089797	requires_pubmed_lookup
2896	publication_component:citation:publication:doi:10.1038/s41467-018-05612-8	pubmed	exact_pmid_efetch	30297689	requires_pubmed_lookup
2897	publication_component:citation:publication:doi:10.1038/s41467-018-05712-5	pubmed	exact_pmid_efetch	30097582	requires_pubmed_lookup
2898	publication_component:citation:publication:doi:10.1038/s41467-018-05903-0	pubmed	exact_pmid_efetch	30150650	requires_pubmed_lookup
2899	publication_component:citation:publication:doi:10.1038/s41467-018-07728-3	pubmed	exact_pmid_efetch	30538242	requires_pubmed_lookup
2900	publication_component:citation:publication:doi:10.1038/s41467-018-07913-4	pubmed	exact_pmid_efetch	30575743	requires_pubmed_lookup
2901	publication_component:citation:publication:doi:10.1038/s41467-019-09135-8	pubmed	exact_pmid_efetch	30867414	requires_pubmed_lookup
2902	publication_component:citation:publication:doi:10.1038/s41467-019-09518-x	pubmed	exact_pmid_efetch	30940818	requires_pubmed_lookup
2903	publication_component:citation:publication:doi:10.1038/s41467-019-10017-2	pubmed	exact_pmid_efetch	31040280	requires_pubmed_lookup
2904	publication_component:citation:publication:doi:10.1038/s41467-019-10546-w	pubmed	exact_pmid_efetch	31201311	requires_pubmed_lookup
2905	publication_component:citation:publication:doi:10.1038/s41467-019-10550-0	pubmed	exact_pmid_efetch	31201315	requires_pubmed_lookup
2906	publication_component:citation:publication:doi:10.1038/s41467-019-10682-3	pubmed	exact_pmid_efetch	31227702	requires_pubmed_lookup
2907	publication_component:citation:publication:doi:10.1038/s41467-019-10793-x	pubmed	exact_pmid_efetch	31253808	requires_pubmed_lookup
2908	publication_component:citation:publication:doi:10.1038/s41467-019-11307-5	pubmed	exact_pmid_efetch	31350395	requires_pubmed_lookup
2909	publication_component:citation:publication:doi:10.1038/s41467-019-11406-3	pubmed	exact_pmid_efetch	31371717	requires_pubmed_lookup
2910	publication_component:citation:publication:doi:10.1038/s41467-019-12169-7	pubmed	exact_pmid_efetch	31530807	requires_pubmed_lookup
2911	publication_component:citation:publication:doi:10.1038/s41467-019-12659-8	pubmed	exact_pmid_efetch	31604947	requires_pubmed_lookup
2912	publication_component:citation:publication:doi:10.1038/s41467-019-12823-0	pubmed	exact_pmid_efetch	31645551	requires_pubmed_lookup
2913	publication_component:citation:publication:doi:10.1038/s41467-019-12926-8	pubmed	exact_pmid_efetch	31723138	requires_pubmed_lookup
2914	publication_component:citation:publication:doi:10.1038/s41467-019-13128-y	pubmed	exact_pmid_efetch	31745089	requires_pubmed_lookup
2915	publication_component:citation:publication:doi:10.1038/s41467-019-13245-8	pubmed	exact_pmid_efetch	31754114	requires_pubmed_lookup
2916	publication_component:citation:publication:doi:10.1038/s41467-019-13275-2	pubmed	exact_pmid_efetch	31776345	requires_pubmed_lookup
2917	publication_component:citation:publication:doi:10.1038/s41467-019-13427-4	pubmed	exact_pmid_efetch	31784533	requires_pubmed_lookup
2918	publication_component:citation:publication:doi:10.1038/s41467-019-13531-5	pubmed	exact_pmid_efetch	31804492	requires_pubmed_lookup
2919	publication_component:citation:publication:doi:10.1038/s41467-019-13926-4	pubmed	exact_pmid_efetch	31953413	requires_pubmed_lookup
2920	publication_component:citation:publication:doi:10.1038/s41467-019-14023-2	pubmed	exact_pmid_efetch	31911615	requires_pubmed_lookup
2921	publication_component:citation:publication:doi:10.1038/s41467-019-14162-6	pubmed	exact_pmid_efetch	31932598	requires_pubmed_lookup
2922	publication_component:citation:publication:doi:10.1038/s41467-019-14183-1	pubmed	exact_pmid_efetch	31953403	requires_pubmed_lookup
2923	publication_component:citation:publication:doi:10.1038/s41467-019-14231-w	pubmed	exact_pmid_efetch	31953408	requires_pubmed_lookup
2924	publication_component:citation:publication:doi:10.1038/s41467-020-14363-4	pubmed	exact_pmid_efetch	31992714	requires_pubmed_lookup
2925	publication_component:citation:publication:doi:10.1038/s41467-020-14776-1	pubmed	exact_pmid_efetch	32080175	requires_pubmed_lookup
2926	publication_component:citation:publication:doi:10.1038/s41467-020-14937-2	pubmed	exact_pmid_efetch	32111840	requires_pubmed_lookup
2927	publication_component:citation:publication:doi:10.1038/s41467-020-15493-5	pubmed	exact_pmid_efetch	32245969	requires_pubmed_lookup
2928	publication_component:citation:publication:doi:10.1038/s41467-020-15848-y	pubmed	exact_pmid_efetch	32350247	requires_pubmed_lookup
2929	publication_component:citation:publication:doi:10.1038/s41467-020-16129-4	pubmed	exact_pmid_efetch	32424161	requires_pubmed_lookup
2930	publication_component:citation:publication:doi:10.1038/s41467-020-16182-z	pubmed	exact_pmid_efetch	32404905	requires_pubmed_lookup
2931	publication_component:citation:publication:doi:10.1038/s41467-020-16338-x	pubmed	exact_pmid_efetch	32427850	requires_pubmed_lookup
2932	publication_component:citation:publication:doi:10.1038/s41467-020-16414-2	pubmed	exact_pmid_efetch	32461636	requires_pubmed_lookup
2933	publication_component:citation:publication:doi:10.1038/s41467-020-16700-z	pubmed	exact_pmid_efetch	32518223	requires_pubmed_lookup
2934	publication_component:citation:publication:doi:10.1038/s41467-020-17827-9	pubmed	exact_pmid_efetch	33208747	requires_pubmed_lookup
2935	publication_component:citation:publication:doi:10.1038/s41467-020-18228-8	pubmed	exact_pmid_efetch	32895382	requires_pubmed_lookup
2936	publication_component:citation:publication:doi:10.1038/s41467-020-18329-4	pubmed	exact_pmid_efetch	32901040	requires_pubmed_lookup
2937	publication_component:citation:publication:doi:10.1038/s41467-020-18366-z	pubmed	exact_pmid_efetch	32929079	requires_pubmed_lookup
2938	publication_component:citation:publication:doi:10.1038/s41467-020-18739-4	pubmed	exact_pmid_efetch	33009390	requires_pubmed_lookup
2939	publication_component:citation:publication:doi:10.1038/s41467-020-18771-4	pubmed	exact_pmid_efetch	33077749	requires_pubmed_lookup
2940	publication_component:citation:publication:doi:10.1038/s41467-020-18877-9	pubmed	exact_pmid_efetch	33037213	requires_pubmed_lookup
2941	publication_component:citation:publication:doi:10.1038/s41467-020-19153-6	pubmed	exact_pmid_efetch	33097700	requires_pubmed_lookup
2942	publication_component:citation:publication:doi:10.1038/s41467-020-19185-y	pubmed	exact_pmid_efetch	33093464	requires_pubmed_lookup
2943	publication_component:citation:publication:doi:10.1038/s41467-020-19248-0	pubmed	exact_pmid_efetch	33139704	requires_pubmed_lookup
2944	publication_component:citation:publication:doi:10.1038/s41467-020-19346-z	pubmed	exact_pmid_efetch	33144575	requires_pubmed_lookup
2945	publication_component:citation:publication:doi:10.1038/s41467-020-19681-1	pubmed	exact_pmid_efetch	33208749	requires_pubmed_lookup
2946	publication_component:citation:publication:doi:10.1038/s41467-020-20332-8	pubmed	exact_pmid_efetch	33431897	requires_pubmed_lookup
2947	publication_component:citation:publication:doi:10.1038/s41467-020-20507-3	pubmed	exact_pmid_efetch	33441560	requires_pubmed_lookup
2948	publication_component:citation:publication:doi:10.1038/s41467-020-20508-2	pubmed	exact_pmid_efetch	33452249	requires_pubmed_lookup
2949	publication_component:citation:publication:doi:10.1038/s41467-020-20880-z	pubmed	exact_pmid_efetch	33510171	requires_pubmed_lookup
2950	publication_component:citation:publication:doi:10.1038/s41467-021-20957-3	pubmed	exact_pmid_efetch	33531484	requires_pubmed_lookup
2951	publication_component:citation:publication:doi:10.1038/s41467-021-21361-7	pubmed	exact_pmid_efetch	33712587	requires_pubmed_lookup
2952	publication_component:citation:publication:doi:10.1038/s41467-021-21379-x	pubmed	exact_pmid_efetch	33597547	requires_pubmed_lookup
2953	publication_component:citation:publication:doi:10.1038/s41467-021-21394-y	pubmed	exact_pmid_efetch	33597535	requires_pubmed_lookup
2954	publication_component:citation:publication:doi:10.1038/s41467-021-22044-z	pubmed	exact_pmid_efetch	33767194	requires_pubmed_lookup
2955	publication_component:citation:publication:doi:10.1038/s41467-021-22073-8	pubmed	exact_pmid_efetch	33790270	requires_pubmed_lookup
2956	publication_component:citation:publication:doi:10.1038/s41467-021-22604-3	pubmed	exact_pmid_efetch	33888695	requires_pubmed_lookup
2957	publication_component:citation:publication:doi:10.1038/s41467-021-22700-4	pubmed	exact_pmid_efetch	33976138	requires_pubmed_lookup
2958	publication_component:citation:publication:doi:10.1038/s41467-021-22760-6	pubmed	exact_pmid_efetch	33941780	requires_pubmed_lookup
2959	publication_component:citation:publication:doi:10.1038/s41467-021-22858-x	pubmed	exact_pmid_efetch	33976152	requires_pubmed_lookup
2960	publication_component:citation:publication:doi:10.1038/s41467-021-22949-9	pubmed	exact_pmid_efetch	33980851	requires_pubmed_lookup
2961	publication_component:citation:publication:doi:10.1038/s41467-021-23645-4	pubmed	exact_pmid_efetch	34083540	requires_pubmed_lookup
2962	publication_component:citation:publication:doi:10.1038/s41467-021-23872-9	pubmed	exact_pmid_efetch	34112794	requires_pubmed_lookup
2963	publication_component:citation:publication:doi:10.1038/s41467-021-23879-2	pubmed	exact_pmid_efetch	34127667	requires_pubmed_lookup
2964	publication_component:citation:publication:doi:10.1038/s41467-021-24528-4	pubmed	exact_pmid_efetch	34253727	requires_pubmed_lookup
2965	publication_component:citation:publication:doi:10.1038/s41467-021-24585-9	pubmed	exact_pmid_efetch	34257290	requires_pubmed_lookup
2966	publication_component:citation:publication:doi:10.1038/s41467-021-25136-y	pubmed	exact_pmid_efetch	34521829	requires_pubmed_lookup
2967	publication_component:citation:publication:doi:10.1038/s41467-021-25137-x	pubmed	exact_pmid_efetch	34376689	requires_pubmed_lookup
2968	publication_component:citation:publication:doi:10.1038/s41467-021-25168-4	pubmed	exact_pmid_efetch	34373458	requires_pubmed_lookup
2969	publication_component:citation:publication:doi:10.1038/s41467-021-25681-6	pubmed	exact_pmid_efetch	34535649	requires_pubmed_lookup
2970	publication_component:citation:publication:doi:10.1038/s41467-021-25985-7	pubmed	exact_pmid_efetch	34588460	requires_pubmed_lookup
2971	publication_component:citation:publication:doi:10.1038/s41467-021-26644-7	pubmed	exact_pmid_efetch	34732722	requires_pubmed_lookup
2972	publication_component:citation:publication:doi:10.1038/s41467-021-26922-4	pubmed	exact_pmid_efetch	34836973	requires_pubmed_lookup
2973	publication_component:citation:publication:doi:10.1038/s41467-021-26931-3	pubmed	exact_pmid_efetch	34836967	requires_pubmed_lookup
2974	publication_component:citation:publication:doi:10.1038/s41467-021-27091-0	pubmed	exact_pmid_efetch	34824214	requires_pubmed_lookup
2975	publication_component:citation:publication:doi:10.1038/s41467-021-27432-z	pubmed	exact_pmid_efetch	34903739	requires_pubmed_lookup
2976	publication_component:citation:publication:doi:10.1038/s41467-022-28287-8	pubmed	exact_pmid_efetch	35105893	requires_pubmed_lookup
2977	publication_component:citation:publication:doi:10.1038/s41467-022-28317-5	pubmed	exact_pmid_efetch	35115515	requires_pubmed_lookup
2978	publication_component:citation:publication:doi:10.1038/s41467-022-28766-y	pubmed	exact_pmid_efetch	35241661	requires_pubmed_lookup
2979	publication_component:citation:publication:doi:10.1038/s41467-022-28841-4	pubmed	exact_pmid_efetch	35246538	requires_pubmed_lookup
2980	publication_component:citation:publication:doi:10.1038/s41467-022-28917-1	pubmed	exact_pmid_efetch	35288565	requires_pubmed_lookup
2981	publication_component:citation:publication:doi:10.1038/s41467-022-29104-y	pubmed	exact_pmid_efetch	35301314	requires_pubmed_lookup
2982	publication_component:citation:publication:doi:10.1038/s41467-022-29282-9	pubmed	exact_pmid_efetch	35318329	requires_pubmed_lookup
2983	publication_component:citation:publication:doi:10.1038/s41467-022-29346-w	pubmed	exact_pmid_efetch	35365639	requires_pubmed_lookup
2984	publication_component:citation:publication:doi:10.1038/s41467-022-29561-5	pubmed	exact_pmid_efetch	35393424	requires_pubmed_lookup
2985	publication_component:citation:publication:doi:10.1038/s41467-022-29579-9	pubmed	exact_pmid_efetch	35396511	requires_pubmed_lookup
2986	publication_component:citation:publication:doi:10.1038/s41467-022-29908-y	pubmed	exact_pmid_efetch	35468919	requires_pubmed_lookup
2987	publication_component:citation:publication:doi:10.1038/s41467-022-30485-3	pubmed	exact_pmid_efetch	35610217	requires_pubmed_lookup
2988	publication_component:citation:publication:doi:10.1038/s41467-022-30698-6	pubmed	exact_pmid_efetch	35624123	requires_pubmed_lookup
2989	publication_component:citation:publication:doi:10.1038/s41467-022-30957-6	pubmed	exact_pmid_efetch	35680952	requires_pubmed_lookup
2990	publication_component:citation:publication:doi:10.1038/s41467-022-31097-7	pubmed	exact_pmid_efetch	35715395	requires_pubmed_lookup
2991	publication_component:citation:publication:doi:10.1038/s41467-022-31121-w	pubmed	exact_pmid_efetch	35717499	requires_pubmed_lookup
2992	publication_component:citation:publication:doi:10.1038/s41467-022-31247-x	pubmed	exact_pmid_efetch	35752633	requires_pubmed_lookup
2993	publication_component:citation:publication:doi:10.1038/s41467-022-31511-0	pubmed	exact_pmid_efetch	35794110	requires_pubmed_lookup
2994	publication_component:citation:publication:doi:10.1038/s41467-022-31515-w	pubmed	exact_pmid_efetch	35835759	requires_pubmed_lookup
2995	publication_component:citation:publication:doi:10.1038/s41467-022-32096-4	pubmed	exact_pmid_efetch	35902613	requires_pubmed_lookup
2996	publication_component:citation:publication:doi:10.1038/s41467-022-32260-w	pubmed	exact_pmid_efetch	35995772	requires_pubmed_lookup
2997	publication_component:citation:publication:doi:10.1038/s41467-022-32536-1	pubmed	exact_pmid_efetch	35970983	requires_pubmed_lookup
2998	publication_component:citation:publication:doi:10.1038/s41467-022-33214-y	pubmed	exact_pmid_efetch	36115862	requires_pubmed_lookup
2999	publication_component:citation:publication:doi:10.1038/s41467-022-33515-2	pubmed	exact_pmid_efetch	36175442	requires_pubmed_lookup
3000	publication_component:citation:publication:doi:10.1038/s41467-022-34033-x	pubmed	exact_pmid_efetch	36627290	requires_pubmed_lookup
3001	publication_component:citation:publication:doi:10.1038/s41467-022-34202-y	pubmed	exact_pmid_efetch	36302851	requires_pubmed_lookup
3002	publication_component:citation:publication:doi:10.1038/s41467-022-34446-8	pubmed	exact_pmid_efetch	36414623	requires_pubmed_lookup
3003	publication_component:citation:publication:doi:10.1038/s41467-022-34475-3	pubmed	exact_pmid_efetch	36369175	requires_pubmed_lookup
3004	publication_component:citation:publication:doi:10.1038/s41467-022-35063-1	pubmed	exact_pmid_efetch	36443323	requires_pubmed_lookup
3005	publication_component:citation:publication:doi:10.1038/s41467-022-35338-7	pubmed	exact_pmid_efetch	36494371	requires_pubmed_lookup
3006	publication_component:citation:publication:doi:10.1038/s41467-023-36405-3	pubmed	exact_pmid_efetch	36854679	requires_pubmed_lookup
3007	publication_component:citation:publication:doi:10.1038/s41467-023-36449-5	pubmed	exact_pmid_efetch	36781860	requires_pubmed_lookup
3008	publication_component:citation:publication:doi:10.1038/s41467-023-36756-x	pubmed	exact_pmid_efetch	36823138	requires_pubmed_lookup
3009	publication_component:citation:publication:doi:10.1038/s41467-023-36868-4	pubmed	exact_pmid_efetch	36869077	requires_pubmed_lookup
3010	publication_component:citation:publication:doi:10.1038/s41467-023-37038-2	pubmed	exact_pmid_efetch	36898990	requires_pubmed_lookup
3011	publication_component:citation:publication:doi:10.1038/s41467-023-37133-4	pubmed	exact_pmid_efetch	36922496	requires_pubmed_lookup
3012	publication_component:citation:publication:doi:10.1038/s41467-023-37730-3	pubmed	exact_pmid_efetch	37037808	requires_pubmed_lookup
3013	publication_component:citation:publication:doi:10.1038/s41467-023-38201-5	pubmed	exact_pmid_efetch	37105966	requires_pubmed_lookup
3014	publication_component:citation:publication:doi:10.1038/s41467-023-38415-7	pubmed	exact_pmid_efetch	37248261	requires_pubmed_lookup
3015	publication_component:citation:publication:doi:10.1038/s41467-023-38809-7	pubmed	exact_pmid_efetch	37248255	requires_pubmed_lookup
3016	publication_component:citation:publication:doi:10.1038/s41467-023-38829-3	pubmed	exact_pmid_efetch	37339946	requires_pubmed_lookup
3017	publication_component:citation:publication:doi:10.1038/s41467-023-38836-4	pubmed	exact_pmid_efetch	37339966	requires_pubmed_lookup
3018	publication_component:citation:publication:doi:10.1038/s41467-023-38915-6	pubmed	exact_pmid_efetch	37344528	requires_pubmed_lookup
3019	publication_component:citation:publication:doi:10.1038/s41467-023-39317-4	pubmed	exact_pmid_efetch	37316475	requires_pubmed_lookup
3020	publication_component:citation:publication:doi:10.1038/s41467-023-39429-x	pubmed	exact_pmid_efetch	37438331	requires_pubmed_lookup
3021	publication_component:citation:publication:doi:10.1038/s41467-023-39800-y	pubmed	exact_pmid_efetch	37491530	requires_pubmed_lookup
3022	publication_component:citation:publication:doi:10.1038/s41467-023-39847-x	pubmed	exact_pmid_efetch	37460566	requires_pubmed_lookup
3023	publication_component:citation:publication:doi:10.1038/s41467-023-40002-9	openalex	exact_work_id	W4384922866	requires_openalex_lookup
3024	publication_component:citation:publication:doi:10.1038/s41467-023-40706-y	pubmed	exact_pmid_efetch	37640694	requires_pubmed_lookup
3025	publication_component:citation:publication:doi:10.1038/s41467-023-41137-5	pubmed	exact_pmid_efetch	37696791	requires_pubmed_lookup
3026	publication_component:citation:publication:doi:10.1038/s41467-023-41244-3	pubmed	exact_pmid_efetch	37679387	requires_pubmed_lookup
3027	publication_component:citation:publication:doi:10.1038/s41467-023-41412-5	pubmed	exact_pmid_efetch	37699868	requires_pubmed_lookup
3028	publication_component:citation:publication:doi:10.1038/s41467-023-41413-4	pubmed	exact_pmid_efetch	37709766	requires_pubmed_lookup
3029	publication_component:citation:publication:doi:10.1038/s41467-023-41704-w	pubmed	exact_pmid_efetch	37749088	requires_pubmed_lookup
3030	publication_component:citation:publication:doi:10.1038/s41467-023-41764-y	pubmed	exact_pmid_efetch	37803007	requires_pubmed_lookup
3031	publication_component:citation:publication:doi:10.1038/s41467-023-42681-w	pubmed	exact_pmid_efetch	37963895	requires_pubmed_lookup
3032	publication_component:citation:publication:doi:10.1038/s41467-023-42916-w	pubmed	exact_pmid_efetch	37925514	requires_pubmed_lookup
3033	publication_component:citation:publication:doi:10.1038/s41467-023-43270-7	pubmed	exact_pmid_efetch	37968318	requires_pubmed_lookup
3034	publication_component:citation:publication:doi:10.1038/s41467-023-43451-4	pubmed	exact_pmid_efetch	38030603	requires_pubmed_lookup
3035	publication_component:citation:publication:doi:10.1038/s41467-023-43528-0	pubmed	exact_pmid_efetch	38001084	requires_pubmed_lookup
3036	publication_component:citation:publication:doi:10.1038/s41467-023-43556-w	pubmed	exact_pmid_efetch	38012132	requires_pubmed_lookup
3037	publication_component:citation:publication:doi:10.1038/s41467-023-43623-2	pubmed	exact_pmid_efetch	38052795	requires_pubmed_lookup
3038	publication_component:citation:publication:doi:10.1038/s41467-023-43703-3	pubmed	exact_pmid_efetch	38057313	requires_pubmed_lookup
3039	publication_component:citation:publication:doi:10.1038/s41467-023-43740-y	pubmed	exact_pmid_efetch	38102128	requires_pubmed_lookup
3040	publication_component:citation:publication:doi:10.1038/s41467-023-43802-1	pubmed	exact_pmid_efetch	38042959	requires_pubmed_lookup
3041	publication_component:citation:publication:doi:10.1038/s41467-023-44023-2	pubmed	exact_pmid_efetch	38081828	requires_pubmed_lookup
3042	publication_component:citation:publication:doi:10.1038/s41467-023-44246-3	pubmed	exact_pmid_efetch	38114555	requires_pubmed_lookup
3043	publication_component:citation:publication:doi:10.1038/s41467-023-44411-8	pubmed	exact_pmid_efetch	38168044	requires_pubmed_lookup
3044	publication_component:citation:publication:doi:10.1038/s41467-024-45500-y	pubmed	exact_pmid_efetch	38360851	requires_pubmed_lookup
3045	publication_component:citation:publication:doi:10.1038/s41467-024-45631-2	pubmed	exact_pmid_efetch	38355730	requires_pubmed_lookup
3046	publication_component:citation:publication:doi:10.1038/s41467-024-45690-5	pubmed	exact_pmid_efetch	38378731	requires_pubmed_lookup
3047	publication_component:citation:publication:doi:10.1038/s41467-024-45767-1	pubmed	exact_pmid_efetch	38360878	requires_pubmed_lookup
3048	publication_component:citation:publication:doi:10.1038/s41467-024-45836-5	pubmed	exact_pmid_efetch	38395938	requires_pubmed_lookup
3049	publication_component:citation:publication:doi:10.1038/s41467-024-46052-x	pubmed	exact_pmid_efetch	38395916	requires_pubmed_lookup
3050	publication_component:citation:publication:doi:10.1038/s41467-024-46080-7	pubmed	exact_pmid_efetch	38388712	requires_pubmed_lookup
3051	publication_component:citation:publication:doi:10.1038/s41467-024-46147-5	pubmed	exact_pmid_efetch	38448399	requires_pubmed_lookup
3052	publication_component:citation:publication:doi:10.1038/s41467-024-46845-0	pubmed	exact_pmid_efetch	38509059	requires_pubmed_lookup
3053	publication_component:citation:publication:doi:10.1038/s41467-024-46918-0	pubmed	exact_pmid_efetch	38514647	requires_pubmed_lookup
3054	publication_component:citation:publication:doi:10.1038/s41467-024-47428-9	pubmed	exact_pmid_efetch	38632270	requires_pubmed_lookup
3055	publication_component:citation:publication:doi:10.1038/s41467-024-47599-5	pubmed	exact_pmid_efetch	38615031	requires_pubmed_lookup
3056	publication_component:citation:publication:doi:10.1038/s41467-024-47929-7	pubmed	exact_pmid_efetch	38729927	requires_pubmed_lookup
3057	publication_component:citation:publication:doi:10.1038/s41467-024-48643-0	pubmed	exact_pmid_efetch	38769327	requires_pubmed_lookup
3058	publication_component:citation:publication:doi:10.1038/s41467-024-49769-x	pubmed	exact_pmid_efetch	38956050	requires_pubmed_lookup
3059	publication_component:citation:publication:doi:10.1038/s41467-024-49848-z	pubmed	exact_pmid_efetch	39009560	requires_pubmed_lookup
3060	publication_component:citation:publication:doi:10.1038/s41467-024-49891-w	pubmed	exact_pmid_efetch	39075057	requires_pubmed_lookup
3061	publication_component:citation:publication:doi:10.1038/s41467-024-49917-3	pubmed	exact_pmid_efetch	38987280	requires_pubmed_lookup
3062	publication_component:citation:publication:doi:10.1038/s41467-024-49922-6	pubmed	exact_pmid_efetch	38969634	requires_pubmed_lookup
3063	publication_component:citation:publication:doi:10.1038/s41467-024-50002-y	pubmed	exact_pmid_efetch	38971805	requires_pubmed_lookup
3064	publication_component:citation:publication:doi:10.1038/s41467-024-50239-7	pubmed	exact_pmid_efetch	39090106	requires_pubmed_lookup
3065	publication_component:citation:publication:doi:10.1038/s41467-024-50529-0	pubmed	exact_pmid_efetch	39060230	requires_pubmed_lookup
3066	publication_component:citation:publication:doi:10.1038/s41467-024-50852-6	pubmed	exact_pmid_efetch	39098897	requires_pubmed_lookup
3067	publication_component:citation:publication:doi:10.1038/s41467-024-51141-y	pubmed	exact_pmid_efetch	39147778	requires_pubmed_lookup
3068	publication_component:citation:publication:doi:10.1038/s41467-024-51145-8	pubmed	exact_pmid_efetch	39107344	requires_pubmed_lookup
3069	publication_component:citation:publication:doi:10.1038/s41467-024-51158-3	pubmed	exact_pmid_efetch	39134553	requires_pubmed_lookup
3070	publication_component:citation:publication:doi:10.1038/s41467-024-51201-3	pubmed	exact_pmid_efetch	39187486	requires_pubmed_lookup
3071	publication_component:citation:publication:doi:10.1038/s41467-024-52639-1	pubmed	exact_pmid_efetch	39333551	requires_pubmed_lookup
3072	publication_component:citation:publication:doi:10.1038/s41467-024-53076-w	pubmed	exact_pmid_efetch	39397015	requires_pubmed_lookup
3073	publication_component:citation:publication:doi:10.1038/s41467-024-53141-4	pubmed	exact_pmid_efetch	39609375	requires_pubmed_lookup
3074	publication_component:citation:publication:doi:10.1038/s41467-024-53756-7	pubmed	exact_pmid_efetch	39505856	requires_pubmed_lookup
3075	publication_component:citation:publication:doi:10.1038/s41467-024-53816-y	pubmed	exact_pmid_efetch	39472594	requires_pubmed_lookup
3076	publication_component:citation:publication:doi:10.1038/s41467-024-54255-5	pubmed	exact_pmid_efetch	39737920	requires_pubmed_lookup
3077	publication_component:citation:publication:doi:10.1038/s41467-024-54408-6	pubmed	exact_pmid_efetch	39627196	requires_pubmed_lookup
3078	publication_component:citation:publication:doi:10.1038/s41467-024-54418-4	pubmed	exact_pmid_efetch	39658567	requires_pubmed_lookup
3079	publication_component:citation:publication:doi:10.1038/s41467-024-54555-w	pubmed	exact_pmid_efetch	39622840	requires_pubmed_lookup
3080	publication_component:citation:publication:doi:10.1038/s41467-024-54719-8	pubmed	exact_pmid_efetch	39613758	requires_pubmed_lookup
3081	publication_component:citation:publication:doi:10.1038/s41467-024-55169-y	pubmed	exact_pmid_efetch	39738078	requires_pubmed_lookup
3082	publication_component:citation:publication:doi:10.1038/s41467-024-55186-x	pubmed	exact_pmid_efetch	39805814	requires_pubmed_lookup
3083	publication_component:citation:publication:doi:10.1038/s41467-025-55840-y	pubmed	exact_pmid_efetch	39774646	requires_pubmed_lookup
3084	publication_component:citation:publication:doi:10.1038/s41467-025-55845-7	pubmed	exact_pmid_efetch	39809740	requires_pubmed_lookup
3085	publication_component:citation:publication:doi:10.1038/s41467-025-56329-4	pubmed	exact_pmid_efetch	39843949	requires_pubmed_lookup
3086	publication_component:citation:publication:doi:10.1038/s41467-025-56438-0	pubmed	exact_pmid_efetch	39880833	requires_pubmed_lookup
3087	publication_component:citation:publication:doi:10.1038/s41467-025-56614-2	pubmed	exact_pmid_efetch	39929813	requires_pubmed_lookup
3088	publication_component:citation:publication:doi:10.1038/s41467-025-56820-y	pubmed	exact_pmid_efetch	39979262	requires_pubmed_lookup
3089	publication_component:citation:publication:doi:10.1038/s41467-025-56901-y	pubmed	exact_pmid_efetch	39952962	requires_pubmed_lookup
3090	publication_component:citation:publication:doi:10.1038/s41467-025-56983-8	pubmed	exact_pmid_efetch	40011479	requires_pubmed_lookup
3091	publication_component:citation:publication:doi:10.1038/s41467-025-57575-2	pubmed	exact_pmid_efetch	40108131	requires_pubmed_lookup
3092	publication_component:citation:publication:doi:10.1038/s41467-025-57687-9	pubmed	exact_pmid_efetch	40055323	requires_pubmed_lookup
3093	publication_component:citation:publication:doi:10.1038/s41467-025-57722-9	pubmed	exact_pmid_efetch	40097398	requires_pubmed_lookup
3094	publication_component:citation:publication:doi:10.1038/s41467-025-57932-1	pubmed	exact_pmid_efetch	40075057	requires_pubmed_lookup
3095	publication_component:citation:publication:doi:10.1038/s41467-025-58106-9	pubmed	exact_pmid_efetch	40118837	requires_pubmed_lookup
3096	publication_component:citation:publication:doi:10.1038/s41467-025-58341-0	pubmed	exact_pmid_efetch	40164609	requires_pubmed_lookup
3097	publication_component:citation:publication:doi:10.1038/s41467-025-58770-x	pubmed	exact_pmid_efetch	40240352	requires_pubmed_lookup
3098	publication_component:citation:publication:doi:10.1038/s41467-025-58915-y	pubmed	exact_pmid_efetch	40274794	requires_pubmed_lookup
3099	publication_component:citation:publication:doi:10.1038/s41467-025-59343-8	pubmed	exact_pmid_efetch	40301376	requires_pubmed_lookup
3100	publication_component:citation:publication:doi:10.1038/s41467-025-59422-w	pubmed	exact_pmid_efetch	40360496	requires_pubmed_lookup
3101	publication_component:citation:publication:doi:10.1038/s41467-025-59757-4	pubmed	exact_pmid_efetch	40382319	requires_pubmed_lookup
3102	publication_component:citation:publication:doi:10.1038/s41467-025-60081-0	pubmed	exact_pmid_efetch	40436832	requires_pubmed_lookup
3103	publication_component:citation:publication:doi:10.1038/s41467-025-60222-5	pubmed	exact_pmid_efetch	40436846	requires_pubmed_lookup
3104	publication_component:citation:publication:doi:10.1038/s41467-025-60782-6	pubmed	exact_pmid_efetch	40595576	requires_pubmed_lookup
3105	publication_component:citation:publication:doi:10.1038/s41467-025-61387-9	pubmed	exact_pmid_efetch	40595751	requires_pubmed_lookup
3106	publication_component:citation:publication:doi:10.1038/s41467-025-62178-y	pubmed	exact_pmid_efetch	40715060	requires_pubmed_lookup
3107	publication_component:citation:publication:doi:10.1038/s41467-025-62269-w	pubmed	exact_pmid_efetch	40721615	requires_pubmed_lookup
3108	publication_component:citation:publication:doi:10.1038/s41467-025-62310-y	pubmed	exact_pmid_efetch	40750604	requires_pubmed_lookup
3109	publication_component:citation:publication:doi:10.1038/s41467-025-62544-w	pubmed	exact_pmid_efetch	40825943	requires_pubmed_lookup
3110	publication_component:citation:publication:doi:10.1038/s41467-025-62644-7	pubmed	exact_pmid_efetch	40796551	requires_pubmed_lookup
3111	publication_component:citation:publication:doi:10.1038/s41467-025-62850-3	pubmed	exact_pmid_efetch	40796913	requires_pubmed_lookup
3112	publication_component:citation:publication:doi:10.1038/s41467-025-63007-y	pubmed	exact_pmid_efetch	40825790	requires_pubmed_lookup
3113	publication_component:citation:publication:doi:10.1038/s41467-025-63861-w	pubmed	exact_pmid_efetch	41038840	requires_pubmed_lookup
3114	publication_component:citation:publication:doi:10.1038/s41467-025-64288-z	pubmed	exact_pmid_efetch	41107224	requires_pubmed_lookup
3115	publication_component:citation:publication:doi:10.1038/s41467-025-64825-w	pubmed	exact_pmid_efetch	41203602	requires_pubmed_lookup
3116	publication_component:citation:publication:doi:10.1038/s41467-025-64866-1	pubmed	exact_pmid_efetch	41219210	requires_pubmed_lookup
3117	publication_component:citation:publication:doi:10.1038/s41467-025-65129-9	pubmed	exact_pmid_efetch	41253823	requires_pubmed_lookup
3118	publication_component:citation:publication:doi:10.1038/s41467-025-65226-9	pubmed	exact_pmid_efetch	41257818	requires_pubmed_lookup
3119	publication_component:citation:publication:doi:10.1038/s41467-025-65292-z	pubmed	exact_pmid_efetch	41271727	requires_pubmed_lookup
3120	publication_component:citation:publication:doi:10.1038/s41467-025-65396-6	pubmed	exact_pmid_efetch	41290626	requires_pubmed_lookup
3121	publication_component:citation:publication:doi:10.1038/s41467-025-65969-5	pubmed	exact_pmid_efetch	41365869	requires_pubmed_lookup
3122	publication_component:citation:publication:doi:10.1038/s41467-025-66279-6	pubmed	exact_pmid_efetch	41285779	requires_pubmed_lookup
3123	publication_component:citation:publication:doi:10.1038/s41467-025-66337-z	pubmed	exact_pmid_efetch	41407667	requires_pubmed_lookup
3124	publication_component:citation:publication:doi:10.1038/s41467-025-66357-9	pubmed	exact_pmid_efetch	41407664	requires_pubmed_lookup
3125	publication_component:citation:publication:doi:10.1038/s41467-025-66716-6	pubmed	exact_pmid_efetch	41318649	requires_pubmed_lookup
3126	publication_component:citation:publication:doi:10.1038/s41467-025-67060-5	pubmed	exact_pmid_efetch	41353212	requires_pubmed_lookup
3127	publication_component:citation:publication:doi:10.1038/s41467-025-67280-9	pubmed	exact_pmid_efetch	41398149	requires_pubmed_lookup
3128	publication_component:citation:publication:doi:10.1038/s41467-025-67849-4	pubmed	exact_pmid_efetch	41413040	requires_pubmed_lookup
3129	publication_component:citation:publication:doi:10.1038/s41467-025-68053-0	pubmed	exact_pmid_efetch	41469408	requires_pubmed_lookup
3130	publication_component:citation:publication:doi:10.1038/s41467-025-68254-7	pubmed	exact_pmid_efetch	41519863	requires_pubmed_lookup
3131	publication_component:citation:publication:doi:10.1038/s41467-026-68642-7	pubmed	exact_pmid_efetch	41663395	requires_pubmed_lookup
3132	publication_component:citation:publication:doi:10.1038/s41467-026-68669-w	pubmed	exact_pmid_efetch	41617690	requires_pubmed_lookup
3133	publication_component:citation:publication:doi:10.1038/s41467-026-69410-3	pubmed	exact_pmid_efetch	41673403	requires_pubmed_lookup
3134	publication_component:citation:publication:doi:10.1038/s41467-026-70196-7	pubmed	exact_pmid_efetch	41803129	requires_pubmed_lookup
3135	publication_component:citation:publication:doi:10.1038/s41467-026-71169-6	pubmed	exact_pmid_efetch	41922329	requires_pubmed_lookup
3136	publication_component:citation:publication:doi:10.1038/s41467-026-71398-9	pubmed	exact_pmid_efetch	41932893	requires_pubmed_lookup
3137	publication_component:citation:publication:doi:10.1038/s41467-026-71993-w	pubmed	exact_pmid_efetch	41997993	requires_pubmed_lookup
3138	publication_component:citation:publication:doi:10.1038/s41467-026-72169-2	pubmed	exact_pmid_efetch	41991527	requires_pubmed_lookup
3139	publication_component:citation:publication:doi:10.1038/s41467-026-72977-6	pubmed	exact_pmid_efetch	42265123	requires_pubmed_lookup
3140	publication_component:citation:publication:doi:10.1038/s41467-026-73233-7	pubmed	exact_pmid_efetch	42192122	requires_pubmed_lookup
3141	publication_component:citation:publication:doi:10.1038/s41467-026-73664-2	pubmed	exact_pmid_efetch	42218142	requires_pubmed_lookup
3142	publication_component:citation:publication:doi:10.1038/s41467-026-73756-z	pubmed	exact_pmid_efetch	42215490	requires_pubmed_lookup
3143	publication_component:citation:publication:doi:10.1038/s41467-026-73769-8	pubmed	exact_pmid_efetch	42191720	requires_pubmed_lookup
3144	publication_component:citation:publication:doi:10.1038/s41467-026-74005-z	pubmed	exact_pmid_efetch	42252290	requires_pubmed_lookup
3145	publication_component:citation:publication:doi:10.1038/s41467-026-74379-0	pubmed	exact_pmid_efetch	42277066	requires_pubmed_lookup
3146	publication_component:citation:publication:doi:10.1038/s41467-026-74605-9	pubmed	exact_pmid_efetch	42362522	requires_pubmed_lookup
3147	publication_component:citation:publication:doi:10.1038/s41467-026-74686-6	pubmed	exact_pmid_efetch	42342661	requires_pubmed_lookup
3148	publication_component:citation:publication:doi:10.1038/s41467-026-74800-8	pubmed	exact_pmid_efetch	42350422	requires_pubmed_lookup
3149	publication_component:citation:publication:doi:10.1038/s41467-026-75790-3	pubmed	exact_pmid_efetch	42608401	requires_pubmed_lookup
3150	publication_component:citation:publication:doi:10.1038/s41467-026-76479-3	pubmed	exact_pmid_efetch	42693106	requires_pubmed_lookup
3151	publication_component:citation:publication:doi:10.1038/s41477-018-0188-8	pubmed	exact_pmid_efetch	29967517	requires_pubmed_lookup
3152	publication_component:citation:publication:doi:10.1038/s41477-018-0323-6	pubmed	exact_pmid_efetch	30559417	requires_pubmed_lookup
3153	publication_component:citation:publication:doi:10.1038/s41477-018-0337-0	pubmed	exact_pmid_efetch	30626928	requires_pubmed_lookup
3154	publication_component:citation:publication:doi:10.1038/s41477-019-0444-6	pubmed	exact_pmid_efetch	31263241	requires_pubmed_lookup
3155	publication_component:citation:publication:doi:10.1038/s41477-019-0452-6	pubmed	exact_pmid_efetch	31308504	requires_pubmed_lookup
3156	publication_component:citation:publication:doi:10.1038/s41477-019-0588-4	pubmed	exact_pmid_efetch	32042158	requires_pubmed_lookup
3157	publication_component:citation:publication:doi:10.1038/s41477-020-0594-6	pubmed	exact_pmid_efetch	32094642	requires_pubmed_lookup
3158	publication_component:citation:publication:doi:10.1038/s41477-020-0618-2	pubmed	exact_pmid_efetch	32170292	requires_pubmed_lookup
3159	publication_component:citation:publication:doi:10.1038/s41477-020-0735-y	pubmed	exact_pmid_efetch	32782408	requires_pubmed_lookup
3160	publication_component:citation:publication:doi:10.1038/s41477-021-00933-x	pubmed	exact_pmid_efetch	34135482	requires_pubmed_lookup
3161	publication_component:citation:publication:doi:10.1038/s41477-021-00934-w	pubmed	exact_pmid_efetch	34045708	requires_pubmed_lookup
3162	publication_component:citation:publication:doi:10.1038/s41477-021-00990-2	pubmed	exact_pmid_efetch	34475528	requires_pubmed_lookup
3163	publication_component:citation:publication:doi:10.1038/s41477-022-01127-9	pubmed	exact_pmid_efetch	35449401	requires_pubmed_lookup
3164	publication_component:citation:publication:doi:10.1038/s41477-022-01129-7	pubmed	exact_pmid_efetch	35437001	requires_pubmed_lookup
3165	publication_component:citation:publication:doi:10.1038/s41477-022-01146-6	pubmed	exact_pmid_efetch	35534720	requires_pubmed_lookup
3166	publication_component:citation:publication:doi:10.1038/s41477-022-01171-5	pubmed	exact_pmid_efetch	35729266	requires_pubmed_lookup
3167	publication_component:citation:publication:doi:10.1038/s41477-022-01222-x	pubmed	exact_pmid_efetch	36050462	requires_pubmed_lookup
3168	publication_component:citation:publication:doi:10.1038/s41477-022-01226-7	pubmed	exact_pmid_efetch	36050461	requires_pubmed_lookup
3169	publication_component:citation:publication:doi:10.1038/s41477-023-01474-1	pubmed	exact_pmid_efetch	37563460	requires_pubmed_lookup
3170	publication_component:citation:publication:doi:10.1038/s41477-023-01517-7	pubmed	exact_pmid_efetch	37735254	requires_pubmed_lookup
3171	publication_component:citation:publication:doi:10.1038/s41477-023-01608-5	pubmed	exact_pmid_efetch	38278954	requires_pubmed_lookup
3172	publication_component:citation:publication:doi:10.1038/s41477-023-01614-7	pubmed	exact_pmid_efetch	38278953	requires_pubmed_lookup
3173	publication_component:citation:publication:doi:10.1038/s41477-024-01849-y	pubmed	exact_pmid_efetch	39543324	requires_pubmed_lookup
3174	publication_component:citation:publication:doi:10.1038/s41477-024-01866-x	pubmed	exact_pmid_efetch	39627369	requires_pubmed_lookup
3175	publication_component:citation:publication:doi:10.1038/s41477-024-01902-w	pubmed	exact_pmid_efetch	39794493	requires_pubmed_lookup
3176	publication_component:citation:publication:doi:10.1038/s41477-025-01932-y	pubmed	exact_pmid_efetch	40087543	requires_pubmed_lookup
3177	publication_component:citation:publication:doi:10.1038/s41477-025-01978-y	pubmed	exact_pmid_efetch	40269175	requires_pubmed_lookup
3178	publication_component:citation:publication:doi:10.1038/s41477-025-02125-3	pubmed	exact_pmid_efetch	41057617	requires_pubmed_lookup
3179	publication_component:citation:publication:doi:10.1038/s41477-025-02142-2	pubmed	exact_pmid_efetch	41162626	requires_pubmed_lookup
3180	publication_component:citation:publication:doi:10.1038/s41477-025-02214-3	pubmed	exact_pmid_efetch	41611883	requires_pubmed_lookup
3181	publication_component:citation:publication:doi:10.1038/s41477-026-02281-0	pubmed	exact_pmid_efetch	42092166	requires_pubmed_lookup
3182	publication_component:citation:publication:doi:10.1038/s41477-026-02295-8	pubmed	exact_pmid_efetch	42168363	requires_pubmed_lookup
3183	publication_component:citation:publication:doi:10.1038/s41477-026-02311-x	pubmed	exact_pmid_efetch	42277377	requires_pubmed_lookup
3184	publication_component:citation:publication:doi:10.1038/s41522-024-00557-x	pubmed	exact_pmid_efetch	39191812	requires_pubmed_lookup
3185	publication_component:citation:publication:doi:10.1038/s41538-025-00667-6	pubmed	exact_pmid_efetch	41390685	requires_pubmed_lookup
3186	publication_component:citation:publication:doi:10.1038/s41541-024-00933-w	pubmed	exact_pmid_efetch	39127725	requires_pubmed_lookup
3187	publication_component:citation:publication:doi:10.1038/s41541-025-01292-w	pubmed	exact_pmid_efetch	41271798	requires_pubmed_lookup
3188	publication_component:citation:publication:doi:10.1038/s41558-018-0084-2	openalex	exact_work_id	W2793921636	requires_openalex_lookup
3189	publication_component:citation:publication:doi:10.1038/s41559-016-0021	pubmed	exact_pmid_efetch	28812602	requires_pubmed_lookup
3190	publication_component:citation:publication:doi:10.1038/s41559-017-0120	pubmed	exact_pmid_efetch	28812685	requires_pubmed_lookup
3191	publication_component:citation:publication:doi:10.1038/s41559-017-0121	pubmed	exact_pmid_efetch	28812709	requires_pubmed_lookup
3192	publication_component:citation:publication:doi:10.1038/s41559-017-0280-x	pubmed	exact_pmid_efetch	28983516	requires_pubmed_lookup
3193	publication_component:citation:publication:doi:10.1038/s41559-017-0314-4	pubmed	exact_pmid_efetch	28963452	requires_pubmed_lookup
3194	publication_component:citation:publication:doi:10.1038/s41559-017-0366-5	pubmed	exact_pmid_efetch	29109469	requires_pubmed_lookup
3195	publication_component:citation:publication:doi:10.1038/s41559-018-0471-0	pubmed	exact_pmid_efetch	29459709	requires_pubmed_lookup
3196	publication_component:citation:publication:doi:10.1038/s41559-018-0476-8	pubmed	exact_pmid_efetch	29459707	requires_pubmed_lookup
3197	publication_component:citation:publication:doi:10.1038/s41559-018-0493-7	pubmed	exact_pmid_efetch	29459705	requires_pubmed_lookup
3198	publication_component:citation:publication:doi:10.1038/s41559-018-0494-6	pubmed	exact_pmid_efetch	29531346	requires_pubmed_lookup
3199	publication_component:citation:publication:doi:10.1038/s41559-018-0509-3	pubmed	exact_pmid_efetch	29632357	requires_pubmed_lookup
3200	publication_component:citation:publication:doi:10.1038/s41559-018-0548-9	pubmed	exact_pmid_efetch	29686237	requires_pubmed_lookup
3201	publication_component:citation:publication:doi:10.1038/s41559-018-0588-1	pubmed	exact_pmid_efetch	29988158	requires_pubmed_lookup
3202	publication_component:citation:publication:doi:10.1038/s41559-018-0617-0	pubmed	exact_pmid_efetch	30038246	requires_pubmed_lookup
3203	publication_component:citation:publication:doi:10.1038/s41559-018-0644-x	pubmed	exact_pmid_efetch	30127539	requires_pubmed_lookup
3204	publication_component:citation:publication:doi:10.1038/s41559-018-0673-5	pubmed	exact_pmid_efetch	30297745	requires_pubmed_lookup
3205	publication_component:citation:publication:doi:10.1038/s41559-018-0733-x	pubmed	exact_pmid_efetch	30510174	requires_pubmed_lookup
3206	publication_component:citation:publication:doi:10.1038/s41559-019-0812-7	pubmed	exact_pmid_efetch	30804520	requires_pubmed_lookup
3207	publication_component:citation:publication:doi:10.1038/s41559-019-0822-5	pubmed	exact_pmid_efetch	30858588	requires_pubmed_lookup
3208	publication_component:citation:publication:doi:10.1038/s41559-019-0834-1	pubmed	exact_pmid_efetch	30886374	requires_pubmed_lookup
3209	publication_component:citation:publication:doi:10.1038/s41559-019-0850-1	pubmed	exact_pmid_efetch	30936435	requires_pubmed_lookup
3210	publication_component:citation:publication:doi:10.1038/s41559-019-0864-8	pubmed	exact_pmid_efetch	30988486	requires_pubmed_lookup
3211	publication_component:citation:publication:doi:10.1038/s41559-020-1166-x	pubmed	exact_pmid_efetch	32231327	requires_pubmed_lookup
3212	publication_component:citation:publication:doi:10.1038/s41559-020-1232-4	pubmed	exact_pmid_efetch	32601391	requires_pubmed_lookup
3213	publication_component:citation:publication:doi:10.1038/s41559-021-01448-6	pubmed	exact_pmid_efetch	33972735	requires_pubmed_lookup
3214	publication_component:citation:publication:doi:10.1038/s41559-021-01469-1	pubmed	exact_pmid_efetch	34002050	requires_pubmed_lookup
3215	publication_component:citation:publication:doi:10.1038/s41559-022-01692-4	pubmed	exact_pmid_efetch	35314785	requires_pubmed_lookup
3216	publication_component:citation:publication:doi:10.1038/s41559-022-01703-4	pubmed	exact_pmid_efetch	35332281	requires_pubmed_lookup
3217	publication_component:citation:publication:doi:10.1038/s41559-022-01744-9	pubmed	exact_pmid_efetch	35484219	requires_pubmed_lookup
3218	publication_component:citation:publication:doi:10.1038/s41559-022-01750-x	pubmed	exact_pmid_efetch	35654896	requires_pubmed_lookup
3219	publication_component:citation:publication:doi:10.1038/s41559-022-01813-z	pubmed	exact_pmid_efetch	35817827	requires_pubmed_lookup
3220	publication_component:citation:publication:doi:10.1038/s41559-022-01830-y	pubmed	exact_pmid_efetch	35864227	requires_pubmed_lookup
3221	publication_component:citation:publication:doi:10.1038/s41559-022-01838-4	pubmed	exact_pmid_efetch	35927316	requires_pubmed_lookup
3222	publication_component:citation:publication:doi:10.1038/s41559-022-01885-x	pubmed	exact_pmid_efetch	36175544	requires_pubmed_lookup
3223	publication_component:citation:publication:doi:10.1038/s41559-022-01898-6	pubmed	exact_pmid_efetch	36280781	requires_pubmed_lookup
3224	publication_component:citation:publication:doi:10.1038/s41559-022-01974-x	pubmed	exact_pmid_efetch	37268856	requires_pubmed_lookup
3225	publication_component:citation:publication:doi:10.1038/s41559-022-01980-z	pubmed	exact_pmid_efetch	36717742	requires_pubmed_lookup
3226	publication_component:citation:publication:doi:10.1038/s41559-023-02001-3	pubmed	exact_pmid_efetch	36941345	requires_pubmed_lookup
3227	publication_component:citation:publication:doi:10.1038/s41559-023-02012-0	pubmed	exact_pmid_efetch	37037909	requires_pubmed_lookup
3228	publication_component:citation:publication:doi:10.1038/s41559-023-02127-4	pubmed	exact_pmid_efetch	37460839	requires_pubmed_lookup
3229	publication_component:citation:publication:doi:10.1038/s41559-023-02238-y	pubmed	exact_pmid_efetch	37919396	requires_pubmed_lookup
3230	publication_component:citation:publication:doi:10.1038/s41559-023-02299-z	pubmed	exact_pmid_efetch	38216617	requires_pubmed_lookup
3231	publication_component:citation:publication:doi:10.1038/s41559-024-02399-4	pubmed	exact_pmid_efetch	38637692	requires_pubmed_lookup
3232	publication_component:citation:publication:doi:10.1038/s41559-024-02436-2	pubmed	exact_pmid_efetch	38945974	requires_pubmed_lookup
3233	publication_component:citation:publication:doi:10.1038/s41559-024-02461-1	pubmed	exact_pmid_efetch	38997462	requires_pubmed_lookup
3234	publication_component:citation:publication:doi:10.1038/s41559-024-02490-w	pubmed	exact_pmid_efetch	39152327	requires_pubmed_lookup
3235	publication_component:citation:publication:doi:10.1038/s41559-024-02586-3	pubmed	exact_pmid_efetch	39604701	requires_pubmed_lookup
3236	publication_component:citation:publication:doi:10.1038/s41559-025-02638-2	pubmed	exact_pmid_efetch	39920351	requires_pubmed_lookup
3237	publication_component:citation:publication:doi:10.1038/s41559-025-02642-6	pubmed	exact_pmid_efetch	39953253	requires_pubmed_lookup
3238	publication_component:citation:publication:doi:10.1038/s41559-025-02651-5	pubmed	exact_pmid_efetch	40021902	requires_pubmed_lookup
3239	publication_component:citation:publication:doi:10.1038/s41559-025-02837-x	pubmed	exact_pmid_efetch	40855227	requires_pubmed_lookup
3240	publication_component:citation:publication:doi:10.1038/s41559-025-02838-w	pubmed	exact_pmid_efetch	40855228	requires_pubmed_lookup
3241	publication_component:citation:publication:doi:10.1038/s41559-025-02887-1	pubmed	exact_pmid_efetch	41238893	requires_pubmed_lookup
3242	publication_component:citation:publication:doi:10.1038/s41559-025-02969-0	pubmed	exact_pmid_efetch	41634230	requires_pubmed_lookup
3243	publication_component:citation:publication:doi:10.1038/s41559-026-03112-3	pubmed	exact_pmid_efetch	42362929	requires_pubmed_lookup
3244	publication_component:citation:publication:doi:10.1038/s41559-026-03128-9	pubmed	exact_pmid_efetch	42469429	requires_pubmed_lookup
3245	publication_component:citation:publication:doi:10.1038/s41559-026-03137-8	pubmed	exact_pmid_efetch	42469428	requires_pubmed_lookup
3246	publication_component:citation:publication:doi:10.1038/s41564-018-0179-6	pubmed	exact_pmid_efetch	29891865	requires_pubmed_lookup
3247	publication_component:citation:publication:doi:10.1038/s41564-018-0297-1	pubmed	exact_pmid_efetch	30478287	requires_pubmed_lookup
3248	publication_component:citation:publication:doi:10.1038/s41564-018-0304-6	pubmed	exact_pmid_efetch	30510169	requires_pubmed_lookup
3249	publication_component:citation:publication:doi:10.1038/s41564-019-0371-3	pubmed	exact_pmid_efetch	30804542	requires_pubmed_lookup
3250	publication_component:citation:publication:doi:10.1038/s41564-020-00838-z	pubmed	exact_pmid_efetch	33349681	requires_pubmed_lookup
3251	publication_component:citation:publication:doi:10.1038/s41564-021-00935-7	pubmed	exact_pmid_efetch	34267358	requires_pubmed_lookup
3252	publication_component:citation:publication:doi:10.1038/s41564-021-00963-3	pubmed	exact_pmid_efetch	34545208	requires_pubmed_lookup
3253	publication_component:citation:publication:doi:10.1038/s41564-021-00993-x	pubmed	exact_pmid_efetch	34819642	requires_pubmed_lookup
3254	publication_component:citation:publication:doi:10.1038/s41564-021-01000-z	pubmed	exact_pmid_efetch	34819643	requires_pubmed_lookup
3255	publication_component:citation:publication:doi:10.1038/s41564-021-01041-4	pubmed	exact_pmid_efetch	35013591	requires_pubmed_lookup
3256	publication_component:citation:publication:doi:10.1038/s41564-022-01191-z	pubmed	exact_pmid_efetch	35982313	requires_pubmed_lookup
3257	publication_component:citation:publication:doi:10.1038/s41564-022-01257-y	pubmed	exact_pmid_efetch	36411352	requires_pubmed_lookup
3258	publication_component:citation:publication:doi:10.1038/s41564-023-01388-w	pubmed	exact_pmid_efetch	37169918	requires_pubmed_lookup
3259	publication_component:citation:publication:doi:10.1038/s41564-023-01547-z	pubmed	exact_pmid_efetch	38177305	requires_pubmed_lookup
3260	publication_component:citation:publication:doi:10.1038/s41564-024-01612-1	pubmed	exact_pmid_efetch	38424289	requires_pubmed_lookup
3261	publication_component:citation:publication:doi:10.1038/s41564-024-01825-4	pubmed	exact_pmid_efetch	39438719	requires_pubmed_lookup
3262	publication_component:citation:publication:doi:10.1038/s41564-024-01859-8	pubmed	exact_pmid_efetch	39578578	requires_pubmed_lookup
3263	publication_component:citation:publication:doi:10.1038/s41564-025-02002-x	pubmed	exact_pmid_efetch	40461649	requires_pubmed_lookup
3264	publication_component:citation:publication:doi:10.1038/s41564-025-02017-4	pubmed	exact_pmid_efetch	40389650	requires_pubmed_lookup
3265	publication_component:citation:publication:doi:10.1038/s41564-025-02138-w	pubmed	exact_pmid_efetch	41093992	requires_pubmed_lookup
3266	publication_component:citation:publication:doi:10.1038/s41564-025-02235-w	pubmed	exact_pmid_efetch	41617894	requires_pubmed_lookup
3267	publication_component:citation:publication:doi:10.1038/s41564-025-02257-4	pubmed	exact_pmid_efetch	41593364	requires_pubmed_lookup
3268	publication_component:citation:publication:doi:10.1038/s41564-026-02260-3	pubmed	exact_pmid_efetch	41775999	requires_pubmed_lookup
3269	publication_component:citation:publication:doi:10.1038/s41564-026-02385-5	pubmed	exact_pmid_efetch	42362810	requires_pubmed_lookup
3270	publication_component:citation:publication:doi:10.1038/s41576-019-0119-1	pubmed	exact_pmid_efetch	30953039	requires_pubmed_lookup
3271	publication_component:citation:publication:doi:10.1038/s41576-021-00376-2	pubmed	exact_pmid_efetch	34163020	requires_pubmed_lookup
3272	publication_component:citation:publication:doi:10.1038/s41576-022-00483-8	pubmed	exact_pmid_efetch	35459859	requires_pubmed_lookup
3273	publication_component:citation:publication:doi:10.1038/s41586-018-0030-5	pubmed	exact_pmid_efetch	29643504	requires_pubmed_lookup
3274	publication_component:citation:publication:doi:10.1038/s41586-019-1072-z	pubmed	exact_pmid_efetch	30944491	requires_pubmed_lookup
3275	publication_component:citation:publication:doi:10.1038/s41586-019-1852-5	pubmed	exact_pmid_efetch	31853069	requires_pubmed_lookup
3276	publication_component:citation:publication:doi:10.1038/s41586-020-03039-0	pubmed	exact_pmid_efetch	33408411	requires_pubmed_lookup
3277	publication_component:citation:publication:doi:10.1038/s41586-020-2073-7	pubmed	exact_pmid_efetch	32132713	requires_pubmed_lookup
3278	publication_component:citation:publication:doi:10.1038/s41586-020-2094-2	pubmed	exact_pmid_efetch	32188942	requires_pubmed_lookup
3279	publication_component:citation:publication:doi:10.1038/s41586-020-2355-0	pubmed	exact_pmid_efetch	32434211	requires_pubmed_lookup
3280	publication_component:citation:publication:doi:10.1038/s41586-020-2924-2	pubmed	exact_pmid_efetch	33208937	requires_pubmed_lookup
3281	publication_component:citation:publication:doi:10.1038/s41586-020-2930-4	pubmed	exact_pmid_efetch	33208944	requires_pubmed_lookup
3282	publication_component:citation:publication:doi:10.1038/s41586-020-3021-2	pubmed	exact_pmid_efetch	33299178	requires_pubmed_lookup
3283	publication_component:citation:publication:doi:10.1038/s41586-021-03198-8	pubmed	exact_pmid_efetch	33461212	requires_pubmed_lookup
3284	publication_component:citation:publication:doi:10.1038/s41586-021-03224-9	pubmed	exact_pmid_efetch	33597750	requires_pubmed_lookup
3285	publication_component:citation:publication:doi:10.1038/s41586-021-03535-x	pubmed	exact_pmid_efetch	33910227	requires_pubmed_lookup
3286	publication_component:citation:publication:doi:10.1038/s41586-021-03677-y	pubmed	exact_pmid_efetch	34098568	requires_pubmed_lookup
3287	publication_component:citation:publication:doi:10.1038/s41586-021-03908-2	pubmed	exact_pmid_efetch	34428777	requires_pubmed_lookup
3288	publication_component:citation:publication:doi:10.1038/s41586-021-04066-1	pubmed	exact_pmid_efetch	34759320	requires_pubmed_lookup
3289	publication_component:citation:publication:doi:10.1038/s41586-021-04069-y	pubmed	exact_pmid_efetch	34649268	requires_pubmed_lookup
3290	publication_component:citation:publication:doi:10.1038/s41586-021-04341-1	pubmed	exact_pmid_efetch	34937052	requires_pubmed_lookup
3291	publication_component:citation:publication:doi:10.1038/s41586-022-04411-y	pubmed	exact_pmid_efetch	35042229	requires_pubmed_lookup
3292	publication_component:citation:publication:doi:10.1038/s41586-022-04464-z	pubmed	exact_pmid_efetch	35114688	requires_pubmed_lookup
3293	publication_component:citation:publication:doi:10.1038/s41586-022-04800-3	pubmed	exact_pmid_efetch	35705810	requires_pubmed_lookup
3294	publication_component:citation:publication:doi:10.1038/s41586-022-04822-x	pubmed	exact_pmid_efetch	35676481	requires_pubmed_lookup
3295	publication_component:citation:publication:doi:10.1038/s41586-022-05200-3	pubmed	exact_pmid_efetch	35952712	requires_pubmed_lookup
3296	publication_component:citation:publication:doi:10.1038/s41586-022-05547-7	pubmed	exact_pmid_efetch	36544022	requires_pubmed_lookup
3297	publication_component:citation:publication:doi:10.1038/s41586-023-05822-1	pubmed	exact_pmid_efetch	37045920	requires_pubmed_lookup
3298	publication_component:citation:publication:doi:10.1038/s41586-023-06261-8	pubmed	exact_pmid_efetch	37380775	requires_pubmed_lookup
3299	publication_component:citation:publication:doi:10.1038/s41586-023-06631-2	pubmed	exact_pmid_efetch	37853121	requires_pubmed_lookup
3300	publication_component:citation:publication:doi:10.1038/s41586-023-06649-6	pubmed	exact_pmid_efetch	37748513	requires_pubmed_lookup
3301	publication_component:citation:publication:doi:10.1038/s41586-024-07182-w	pubmed	exact_pmid_efetch	38509359	requires_pubmed_lookup
3302	publication_component:citation:publication:doi:10.1038/s41586-024-07447-4	pubmed	exact_pmid_efetch	38750363	requires_pubmed_lookup
3303	publication_component:citation:publication:doi:10.1038/s41586-024-07849-4	pubmed	exact_pmid_efetch	39053575	requires_pubmed_lookup
3304	publication_component:citation:publication:doi:10.1038/s41586-024-07991-z	pubmed	exact_pmid_efetch	39415013	requires_pubmed_lookup
3305	publication_component:citation:publication:doi:10.1038/s41586-024-08489-4	pubmed	exact_pmid_efetch	39662508	requires_pubmed_lookup
3306	publication_component:citation:publication:doi:10.1038/s41586-025-08908-0	pubmed	exact_pmid_efetch	40132641	requires_pubmed_lookup
3307	publication_component:citation:publication:doi:10.1038/s41586-025-09425-w	pubmed	exact_pmid_efetch	40903579	requires_pubmed_lookup
3308	publication_component:citation:publication:doi:10.1038/s41586-025-09678-5	pubmed	exact_pmid_efetch	41162714	requires_pubmed_lookup
3309	publication_component:citation:publication:doi:10.1038/s41586-025-09722-4	pubmed	exact_pmid_efetch	41225002	requires_pubmed_lookup
3310	publication_component:citation:publication:doi:10.1038/s41586-025-09737-x	pubmed	exact_pmid_efetch	41225000	requires_pubmed_lookup
3311	publication_component:citation:publication:doi:10.1038/s41586-026-10340-x	pubmed	exact_pmid_efetch	41922762	requires_pubmed_lookup
3312	publication_component:citation:publication:doi:10.1038/s41586-026-10932-7	pubmed	exact_pmid_efetch	42649300	requires_pubmed_lookup
3313	publication_component:citation:publication:doi:10.1038/s41587-019-0193-0	pubmed	exact_pmid_efetch	31332326	requires_pubmed_lookup
3314	publication_component:citation:publication:doi:10.1038/s41588-017-0029-0	pubmed	exact_pmid_efetch	29358649	requires_pubmed_lookup
3315	publication_component:citation:publication:doi:10.1038/s41588-018-0040-0	pubmed	exact_pmid_efetch	29358651	requires_pubmed_lookup
3316	publication_component:citation:publication:doi:10.1038/s41588-018-0182-0	pubmed	exact_pmid_efetch	30061735	requires_pubmed_lookup
3317	publication_component:citation:publication:doi:10.1038/s41588-018-0243-4	pubmed	exact_pmid_efetch	30297967	requires_pubmed_lookup
3318	publication_component:citation:publication:doi:10.1038/s41588-019-0371-5	pubmed	exact_pmid_efetch	30886425	requires_pubmed_lookup
3319	publication_component:citation:publication:doi:10.1038/s41588-019-0417-8	pubmed	exact_pmid_efetch	31133745	requires_pubmed_lookup
3320	publication_component:citation:publication:doi:10.1038/s41588-019-0480-1	pubmed	exact_pmid_efetch	31477930	requires_pubmed_lookup
3321	publication_component:citation:publication:doi:10.1038/s41588-020-00723-9	pubmed	exact_pmid_efetch	33139952	requires_pubmed_lookup
3322	publication_component:citation:publication:doi:10.1038/s41588-020-0627-0	pubmed	exact_pmid_efetch	32393861	requires_pubmed_lookup
3323	publication_component:citation:publication:doi:10.1038/s41588-021-00836-9	pubmed	exact_pmid_efetch	33875864	requires_pubmed_lookup
3324	publication_component:citation:publication:doi:10.1038/s41588-021-00971-3	pubmed	exact_pmid_efetch	34980919	requires_pubmed_lookup
3325	publication_component:citation:publication:doi:10.1038/s41588-023-01340-y	pubmed	exact_pmid_efetch	37024581	requires_pubmed_lookup
3326	publication_component:citation:publication:doi:10.1038/s41588-023-01486-9	pubmed	exact_pmid_efetch	37640880	requires_pubmed_lookup
3327	publication_component:citation:publication:doi:10.1038/s41588-023-01546-0	pubmed	exact_pmid_efetch	37932434	requires_pubmed_lookup
3328	publication_component:citation:publication:doi:10.1038/s41588-024-01657-2	pubmed	exact_pmid_efetch	38347217	requires_pubmed_lookup
3329	publication_component:citation:publication:doi:10.1038/s41588-024-01683-0	pubmed	exact_pmid_efetch	38491323	requires_pubmed_lookup
3330	publication_component:citation:publication:doi:10.1038/s41588-024-01760-4	pubmed	exact_pmid_efetch	38783120	requires_pubmed_lookup
3331	publication_component:citation:publication:doi:10.1038/s41588-024-01823-6	pubmed	exact_pmid_efetch	38977857	requires_pubmed_lookup
3332	publication_component:citation:publication:doi:10.1038/s41588-024-01944-y	pubmed	exact_pmid_efetch	39428511	requires_pubmed_lookup
3333	publication_component:citation:publication:doi:10.1038/s41588-025-02183-5	pubmed	exact_pmid_efetch	40295881	requires_pubmed_lookup
3334	publication_component:citation:publication:doi:10.1038/s41588-025-02273-4	pubmed	exact_pmid_efetch	40770574	requires_pubmed_lookup
3335	publication_component:citation:publication:doi:10.1038/s41588-025-02280-5	pubmed	exact_pmid_efetch	40738999	requires_pubmed_lookup
3336	publication_component:citation:publication:doi:10.1038/s41588-025-02294-z	pubmed	exact_pmid_efetch	40835889	requires_pubmed_lookup
3337	publication_component:citation:publication:doi:10.1038/s41588-025-02433-6	pubmed	exact_pmid_efetch	41387626	requires_pubmed_lookup
3338	publication_component:citation:publication:doi:10.1038/s41588-025-02478-7	pubmed	exact_pmid_efetch	41526696	requires_pubmed_lookup
3339	publication_component:citation:publication:doi:10.1038/s41588-026-02508-y	pubmed	exact_pmid_efetch	41708786	requires_pubmed_lookup
3340	publication_component:citation:publication:doi:10.1038/s41588-026-02569-z	pubmed	exact_pmid_efetch	41992043	requires_pubmed_lookup
3341	publication_component:citation:publication:doi:10.1038/s41588-026-02682-z	pubmed	exact_pmid_efetch	42481758	requires_pubmed_lookup
3342	publication_component:citation:publication:doi:10.1038/s41590-019-0471-5	pubmed	exact_pmid_efetch	31451789	requires_pubmed_lookup
3343	publication_component:citation:publication:doi:10.1038/s41591-020-1000-7	pubmed	exact_pmid_efetch	32647358	requires_pubmed_lookup
3344	publication_component:citation:publication:doi:10.1038/s41591-021-01255-3	pubmed	exact_pmid_efetch	33531709	requires_pubmed_lookup
3345	publication_component:citation:publication:doi:10.1038/s41591-021-01302-z	pubmed	exact_pmid_efetch	33846610	requires_pubmed_lookup
3346	publication_component:citation:publication:doi:10.1038/s41591-021-01378-7	pubmed	exact_pmid_efetch	34035535	requires_pubmed_lookup
3347	publication_component:citation:publication:doi:10.1038/s41591-024-03459-9	pubmed	exact_pmid_efetch	39681304	requires_pubmed_lookup
3348	publication_component:citation:publication:doi:10.1038/s41591-025-04010-0	pubmed	exact_pmid_efetch	41062832	requires_pubmed_lookup
3349	publication_component:citation:publication:doi:10.1038/s41592-021-01100-y	pubmed	exact_pmid_efetch	33828272	requires_pubmed_lookup
3350	publication_component:citation:publication:doi:10.1038/s41592-022-01526-y	pubmed	exact_pmid_efetch	35710609	requires_pubmed_lookup
3351	publication_component:citation:publication:doi:10.1038/s41592-023-01917-9	pubmed	exact_pmid_efetch	37386188	requires_pubmed_lookup
3352	publication_component:citation:publication:doi:10.1038/s41594-019-0347-2	pubmed	exact_pmid_efetch	31873300	requires_pubmed_lookup
3353	publication_component:citation:publication:doi:10.1038/s41597-019-0152-0	pubmed	exact_pmid_efetch	31413325	requires_pubmed_lookup
3354	publication_component:citation:publication:doi:10.1038/s41597-020-0426-6	pubmed	exact_pmid_efetch	32165614	requires_pubmed_lookup
3355	publication_component:citation:publication:doi:10.1038/s41597-020-0468-9	pubmed	exact_pmid_efetch	32345970	requires_pubmed_lookup
3356	publication_component:citation:publication:doi:10.1038/s41597-020-0518-3	pubmed	exact_pmid_efetch	32528014	requires_pubmed_lookup
3357	publication_component:citation:publication:doi:10.1038/s41597-022-01595-w	pubmed	exact_pmid_efetch	35918339	requires_pubmed_lookup
3358	publication_component:citation:publication:doi:10.1038/s41597-022-01671-1	pubmed	exact_pmid_efetch	36085327	requires_pubmed_lookup
3359	publication_component:citation:publication:doi:10.1038/s41597-022-01680-0	pubmed	exact_pmid_efetch	36100590	requires_pubmed_lookup
3360	publication_component:citation:publication:doi:10.1038/s41597-022-01801-9	pubmed	exact_pmid_efetch	36329062	requires_pubmed_lookup
3361	publication_component:citation:publication:doi:10.1038/s41597-023-01950-5	pubmed	exact_pmid_efetch	36653371	requires_pubmed_lookup
3362	publication_component:citation:publication:doi:10.1038/s41597-023-02067-5	pubmed	exact_pmid_efetch	36949061	requires_pubmed_lookup
3363	publication_component:citation:publication:doi:10.1038/s41597-023-02164-5	pubmed	exact_pmid_efetch	37137922	requires_pubmed_lookup
3364	publication_component:citation:publication:doi:10.1038/s41597-023-02190-3	pubmed	exact_pmid_efetch	37164995	requires_pubmed_lookup
3365	publication_component:citation:publication:doi:10.1038/s41597-023-02235-7	pubmed	exact_pmid_efetch	37231051	requires_pubmed_lookup
3366	publication_component:citation:publication:doi:10.1038/s41597-023-02247-3	pubmed	exact_pmid_efetch	37264053	requires_pubmed_lookup
3367	publication_component:citation:publication:doi:10.1038/s41597-023-02270-4	pubmed	exact_pmid_efetch	37355767	requires_pubmed_lookup
3368	publication_component:citation:publication:doi:10.1038/s41597-023-02291-z	pubmed	exact_pmid_efetch	37316548	requires_pubmed_lookup
3369	publication_component:citation:publication:doi:10.1038/s41597-023-02394-7	pubmed	exact_pmid_efetch	37516767	requires_pubmed_lookup
3370	publication_component:citation:publication:doi:10.1038/s41597-023-02456-w	pubmed	exact_pmid_efetch	37587117	requires_pubmed_lookup
3371	publication_component:citation:publication:doi:10.1038/s41597-023-02459-7	pubmed	exact_pmid_efetch	37587134	requires_pubmed_lookup
3372	publication_component:citation:publication:doi:10.1038/s41597-023-02522-3	pubmed	exact_pmid_efetch	37689728	requires_pubmed_lookup
3373	publication_component:citation:publication:doi:10.1038/s41597-023-02571-8	pubmed	exact_pmid_efetch	37770464	requires_pubmed_lookup
3374	publication_component:citation:publication:doi:10.1038/s41597-023-02688-w	pubmed	exact_pmid_efetch	37925473	requires_pubmed_lookup
3375	publication_component:citation:publication:doi:10.1038/s41597-023-02707-w	pubmed	exact_pmid_efetch	38007506	requires_pubmed_lookup
3376	publication_component:citation:publication:doi:10.1038/s41597-023-02729-4	pubmed	exact_pmid_efetch	38212399	requires_pubmed_lookup
3377	publication_component:citation:publication:doi:10.1038/s41597-023-02791-y	pubmed	exact_pmid_efetch	38057329	requires_pubmed_lookup
3378	publication_component:citation:publication:doi:10.1038/s41597-023-02843-3	pubmed	exact_pmid_efetch	38129445	requires_pubmed_lookup
3379	publication_component:citation:publication:doi:10.1038/s41597-023-02893-7	pubmed	exact_pmid_efetch	38182611	requires_pubmed_lookup
3380	publication_component:citation:publication:doi:10.1038/s41597-023-02901-w	pubmed	exact_pmid_efetch	38195564	requires_pubmed_lookup
3381	publication_component:citation:publication:doi:10.1038/s41597-024-02966-1	pubmed	exact_pmid_efetch	38267470	requires_pubmed_lookup
3382	publication_component:citation:publication:doi:10.1038/s41597-024-03264-6	pubmed	exact_pmid_efetch	38710675	requires_pubmed_lookup
3383	publication_component:citation:publication:doi:10.1038/s41597-024-03313-0	pubmed	exact_pmid_efetch	38710725	requires_pubmed_lookup
3384	publication_component:citation:publication:doi:10.1038/s41597-024-03451-5	pubmed	exact_pmid_efetch	38851789	requires_pubmed_lookup
3385	publication_component:citation:publication:doi:10.1038/s41597-024-03459-x	pubmed	exact_pmid_efetch	38849406	requires_pubmed_lookup
3386	publication_component:citation:publication:doi:10.1038/s41597-024-03622-4	pubmed	exact_pmid_efetch	39060306	requires_pubmed_lookup
3387	publication_component:citation:publication:doi:10.1038/s41597-024-03644-y	pubmed	exact_pmid_efetch	39039100	requires_pubmed_lookup
3388	publication_component:citation:publication:doi:10.1038/s41597-024-03681-7	pubmed	exact_pmid_efetch	39138223	requires_pubmed_lookup
3389	publication_component:citation:publication:doi:10.1038/s41597-024-03717-y	pubmed	exact_pmid_efetch	39127691	requires_pubmed_lookup
3390	publication_component:citation:publication:doi:10.1038/s41597-024-03781-4	pubmed	exact_pmid_efetch	39214997	requires_pubmed_lookup
3391	publication_component:citation:publication:doi:10.1038/s41597-024-03794-z	pubmed	exact_pmid_efetch	39231989	requires_pubmed_lookup
3392	publication_component:citation:publication:doi:10.1038/s41597-024-03804-0	pubmed	exact_pmid_efetch	39198485	requires_pubmed_lookup
3393	publication_component:citation:publication:doi:10.1038/s41597-024-03812-0	pubmed	exact_pmid_efetch	39198428	requires_pubmed_lookup
3394	publication_component:citation:publication:doi:10.1038/s41597-024-03854-4	pubmed	exact_pmid_efetch	39294198	requires_pubmed_lookup
3395	publication_component:citation:publication:doi:10.1038/s41597-024-04001-9	pubmed	exact_pmid_efetch	39505919	requires_pubmed_lookup
3396	publication_component:citation:publication:doi:10.1038/s41597-024-04094-2	pubmed	exact_pmid_efetch	39567527	requires_pubmed_lookup
3397	publication_component:citation:publication:doi:10.1038/s41597-024-04105-2	pubmed	exact_pmid_efetch	39548126	requires_pubmed_lookup
3398	publication_component:citation:publication:doi:10.1038/s41597-024-04167-2	pubmed	exact_pmid_efetch	39702366	requires_pubmed_lookup
3399	publication_component:citation:publication:doi:10.1038/s41597-024-04349-y	pubmed	exact_pmid_efetch	39799130	requires_pubmed_lookup
3400	publication_component:citation:publication:doi:10.1038/s41597-025-04475-1	pubmed	exact_pmid_efetch	39837862	requires_pubmed_lookup
3401	publication_component:citation:publication:doi:10.1038/s41597-025-04501-2	pubmed	exact_pmid_efetch	39875415	requires_pubmed_lookup
3402	publication_component:citation:publication:doi:10.1038/s41597-025-04549-0	pubmed	exact_pmid_efetch	39915537	requires_pubmed_lookup
3403	publication_component:citation:publication:doi:10.1038/s41597-025-04793-4	pubmed	exact_pmid_efetch	40113806	requires_pubmed_lookup
3404	publication_component:citation:publication:doi:10.1038/s41597-025-04821-3	pubmed	exact_pmid_efetch	40425610	requires_pubmed_lookup
3405	publication_component:citation:publication:doi:10.1038/s41597-025-04939-4	pubmed	exact_pmid_efetch	40210919	requires_pubmed_lookup
3406	publication_component:citation:publication:doi:10.1038/s41597-025-04994-x	pubmed	exact_pmid_efetch	40348774	requires_pubmed_lookup
3407	publication_component:citation:publication:doi:10.1038/s41597-025-05373-2	pubmed	exact_pmid_efetch	40523891	requires_pubmed_lookup
3408	publication_component:citation:publication:doi:10.1038/s41597-025-05415-9	pubmed	exact_pmid_efetch	40592942	requires_pubmed_lookup
3409	publication_component:citation:publication:doi:10.1038/s41597-025-05800-4	pubmed	exact_pmid_efetch	41022913	requires_pubmed_lookup
3410	publication_component:citation:publication:doi:10.1038/s41597-025-05942-5	pubmed	exact_pmid_efetch	41107286	requires_pubmed_lookup
3411	publication_component:citation:publication:doi:10.1038/s41597-025-05969-8	pubmed	exact_pmid_efetch	41131014	requires_pubmed_lookup
3412	publication_component:citation:publication:doi:10.1038/s41597-025-06145-8	pubmed	exact_pmid_efetch	41315286	requires_pubmed_lookup
3413	publication_component:citation:publication:doi:10.1038/s41597-025-06181-4	pubmed	exact_pmid_efetch	41339339	requires_pubmed_lookup
3414	publication_component:citation:publication:doi:10.1038/s41597-025-06258-0	pubmed	exact_pmid_efetch	41372229	requires_pubmed_lookup
3415	publication_component:citation:publication:doi:10.1038/s41597-025-06433-3	pubmed	exact_pmid_efetch	41402370	requires_pubmed_lookup
3416	publication_component:citation:publication:doi:10.1038/s41597-025-06536-x	pubmed	exact_pmid_efetch	41495082	requires_pubmed_lookup
3417	publication_component:citation:publication:doi:10.1038/s41597-026-06588-7	pubmed	exact_pmid_efetch	41571710	requires_pubmed_lookup
3418	publication_component:citation:publication:doi:10.1038/s41597-026-06624-6	pubmed	exact_pmid_efetch	41617724	requires_pubmed_lookup
3419	publication_component:citation:publication:doi:10.1038/s41597-026-06845-9	pubmed	exact_pmid_efetch	41730875	requires_pubmed_lookup
3420	publication_component:citation:publication:doi:10.1038/s41597-026-06915-y	pubmed	exact_pmid_efetch	41748593	requires_pubmed_lookup
3421	publication_component:citation:publication:doi:10.1038/s41597-026-06973-2	pubmed	exact_pmid_efetch	41781393	requires_pubmed_lookup
3422	publication_component:citation:publication:doi:10.1038/s41597-026-07168-5	pubmed	exact_pmid_efetch	41932905	requires_pubmed_lookup
3423	publication_component:citation:publication:doi:10.1038/s41597-026-07817-9	pubmed	exact_pmid_efetch	42532992	requires_pubmed_lookup
3424	publication_component:citation:publication:doi:10.1038/s41598-017-00037-7	pubmed	exact_pmid_efetch	28127055	requires_pubmed_lookup
3425	publication_component:citation:publication:doi:10.1038/s41598-017-00061-7	pubmed	exact_pmid_efetch	28127058	requires_pubmed_lookup
3426	publication_component:citation:publication:doi:10.1038/s41598-017-00321-6	pubmed	exact_pmid_efetch	28303008	requires_pubmed_lookup
3427	publication_component:citation:publication:doi:10.1038/s41598-017-00694-8	pubmed	exact_pmid_efetch	28386078	requires_pubmed_lookup
3428	publication_component:citation:publication:doi:10.1038/s41598-017-01195-4	pubmed	exact_pmid_efetch	28439127	requires_pubmed_lookup
3429	publication_component:citation:publication:doi:10.1038/s41598-017-01518-5	pubmed	exact_pmid_efetch	28484234	requires_pubmed_lookup
3430	publication_component:citation:publication:doi:10.1038/s41598-017-01626-2	pubmed	exact_pmid_efetch	28469247	requires_pubmed_lookup
3431	publication_component:citation:publication:doi:10.1038/s41598-017-01857-3	pubmed	exact_pmid_efetch	28566710	requires_pubmed_lookup
3432	publication_component:citation:publication:doi:10.1038/s41598-017-01859-1	pubmed	exact_pmid_efetch	28500327	requires_pubmed_lookup
3433	publication_component:citation:publication:doi:10.1038/s41598-017-02674-4	pubmed	exact_pmid_efetch	28536444	requires_pubmed_lookup
3434	publication_component:citation:publication:doi:10.1038/s41598-017-03433-1	pubmed	exact_pmid_efetch	28600559	requires_pubmed_lookup
3435	publication_component:citation:publication:doi:10.1038/s41598-017-03755-0	pubmed	exact_pmid_efetch	28615665	requires_pubmed_lookup
3436	publication_component:citation:publication:doi:10.1038/s41598-017-04069-x	pubmed	exact_pmid_efetch	28655927	requires_pubmed_lookup
3437	publication_component:citation:publication:doi:10.1038/s41598-017-04750-1	pubmed	exact_pmid_efetch	28667265	requires_pubmed_lookup
3438	publication_component:citation:publication:doi:10.1038/s41598-017-05066-w	pubmed	exact_pmid_efetch	28839126	requires_pubmed_lookup
3439	publication_component:citation:publication:doi:10.1038/s41598-017-05211-5	pubmed	exact_pmid_efetch	28698607	requires_pubmed_lookup
3440	publication_component:citation:publication:doi:10.1038/s41598-017-05218-y	pubmed	exact_pmid_efetch	28687778	requires_pubmed_lookup
3441	publication_component:citation:publication:doi:10.1038/s41598-017-05646-w	pubmed	exact_pmid_efetch	28706292	requires_pubmed_lookup
3442	publication_component:citation:publication:doi:10.1038/s41598-017-05962-1	pubmed	exact_pmid_efetch	28720755	requires_pubmed_lookup
3443	publication_component:citation:publication:doi:10.1038/s41598-017-06332-7	pubmed	exact_pmid_efetch	28724971	requires_pubmed_lookup
3444	publication_component:citation:publication:doi:10.1038/s41598-017-06440-4	pubmed	exact_pmid_efetch	28733602	requires_pubmed_lookup
3445	publication_component:citation:publication:doi:10.1038/s41598-017-08313-2	pubmed	exact_pmid_efetch	28798375	requires_pubmed_lookup
3446	publication_component:citation:publication:doi:10.1038/s41598-017-08995-8	pubmed	exact_pmid_efetch	28855525	requires_pubmed_lookup
3447	publication_component:citation:publication:doi:10.1038/s41598-017-09905-8	pubmed	exact_pmid_efetch	28827710	requires_pubmed_lookup
3448	publication_component:citation:publication:doi:10.1038/s41598-017-10245-w	pubmed	exact_pmid_efetch	28842657	requires_pubmed_lookup
3449	publication_component:citation:publication:doi:10.1038/s41598-017-10409-8	pubmed	exact_pmid_efetch	28855603	requires_pubmed_lookup
3450	publication_component:citation:publication:doi:10.1038/s41598-017-10461-4	pubmed	exact_pmid_efetch	28947760	requires_pubmed_lookup
3451	publication_component:citation:publication:doi:10.1038/s41598-017-11115-1	pubmed	exact_pmid_efetch	28878378	requires_pubmed_lookup
3452	publication_component:citation:publication:doi:10.1038/s41598-017-11117-z	pubmed	exact_pmid_efetch	28878314	requires_pubmed_lookup
3453	publication_component:citation:publication:doi:10.1038/s41598-017-11132-0	pubmed	exact_pmid_efetch	28874826	requires_pubmed_lookup
3454	publication_component:citation:publication:doi:10.1038/s41598-017-12090-3	pubmed	exact_pmid_efetch	28928374	requires_pubmed_lookup
3455	publication_component:citation:publication:doi:10.1038/s41598-017-12619-6	pubmed	exact_pmid_efetch	28963504	requires_pubmed_lookup
3456	publication_component:citation:publication:doi:10.1038/s41598-017-12971-7	pubmed	exact_pmid_efetch	28986545	requires_pubmed_lookup
3457	publication_component:citation:publication:doi:10.1038/s41598-017-13578-8	pubmed	exact_pmid_efetch	29026213	requires_pubmed_lookup
3458	publication_component:citation:publication:doi:10.1038/s41598-017-13645-0	pubmed	exact_pmid_efetch	29093470	requires_pubmed_lookup
3459	publication_component:citation:publication:doi:10.1038/s41598-017-13905-z	pubmed	exact_pmid_efetch	29084988	requires_pubmed_lookup
3460	publication_component:citation:publication:doi:10.1038/s41598-017-13981-1	pubmed	exact_pmid_efetch	29093502	requires_pubmed_lookup
3461	publication_component:citation:publication:doi:10.1038/s41598-017-16102-0	pubmed	exact_pmid_efetch	29150669	requires_pubmed_lookup
3462	publication_component:citation:publication:doi:10.1038/s41598-017-17051-4	pubmed	exact_pmid_efetch	29208990	requires_pubmed_lookup
3463	publication_component:citation:publication:doi:10.1038/s41598-017-18378-8	pubmed	exact_pmid_efetch	29343788	requires_pubmed_lookup
3464	publication_component:citation:publication:doi:10.1038/s41598-017-18432-5	pubmed	exact_pmid_efetch	29317769	requires_pubmed_lookup
3465	publication_component:citation:publication:doi:10.1038/s41598-018-19169-5	pubmed	exact_pmid_efetch	29348510	requires_pubmed_lookup
3466	publication_component:citation:publication:doi:10.1038/s41598-018-19255-8	pubmed	exact_pmid_efetch	29339768	requires_pubmed_lookup
3467	publication_component:citation:publication:doi:10.1038/s41598-018-20098-6	pubmed	exact_pmid_efetch	29379083	requires_pubmed_lookup
3468	publication_component:citation:publication:doi:10.1038/s41598-018-21645-x	pubmed	exact_pmid_efetch	29472617	requires_pubmed_lookup
3469	publication_component:citation:publication:doi:10.1038/s41598-018-23334-1	pubmed	exact_pmid_efetch	29563515	requires_pubmed_lookup
3470	publication_component:citation:publication:doi:10.1038/s41598-018-24301-6	pubmed	exact_pmid_efetch	29651164	requires_pubmed_lookup
3471	publication_component:citation:publication:doi:10.1038/s41598-018-24939-2	pubmed	exact_pmid_efetch	29695739	requires_pubmed_lookup
3472	publication_component:citation:publication:doi:10.1038/s41598-018-25364-1	pubmed	exact_pmid_efetch	29743515	requires_pubmed_lookup
3473	publication_component:citation:publication:doi:10.1038/s41598-018-25545-y	pubmed	exact_pmid_efetch	29891919	requires_pubmed_lookup
3474	publication_component:citation:publication:doi:10.1038/s41598-018-26824-4	pubmed	exact_pmid_efetch	29884822	requires_pubmed_lookup
3475	publication_component:citation:publication:doi:10.1038/s41598-018-27080-2	pubmed	exact_pmid_efetch	29884790	requires_pubmed_lookup
3476	publication_component:citation:publication:doi:10.1038/s41598-018-27570-3	pubmed	exact_pmid_efetch	29915293	requires_pubmed_lookup
3477	publication_component:citation:publication:doi:10.1038/s41598-018-27628-2	pubmed	exact_pmid_efetch	29907755	requires_pubmed_lookup
3478	publication_component:citation:publication:doi:10.1038/s41598-018-28303-2	pubmed	exact_pmid_efetch	29967427	requires_pubmed_lookup
3479	publication_component:citation:publication:doi:10.1038/s41598-018-28948-z	pubmed	exact_pmid_efetch	30022098	requires_pubmed_lookup
3480	publication_component:citation:publication:doi:10.1038/s41598-018-29400-y	pubmed	exact_pmid_efetch	30042472	requires_pubmed_lookup
3481	publication_component:citation:publication:doi:10.1038/s41598-018-29646-6	pubmed	exact_pmid_efetch	30093712	requires_pubmed_lookup
3482	publication_component:citation:publication:doi:10.1038/s41598-018-29657-3	pubmed	exact_pmid_efetch	30065344	requires_pubmed_lookup
3483	publication_component:citation:publication:doi:10.1038/s41598-018-29991-6	pubmed	exact_pmid_efetch	30076392	requires_pubmed_lookup
3484	publication_component:citation:publication:doi:10.1038/s41598-018-30147-9	pubmed	exact_pmid_efetch	30076357	requires_pubmed_lookup
3485	publication_component:citation:publication:doi:10.1038/s41598-018-30398-6	pubmed	exact_pmid_efetch	30120274	requires_pubmed_lookup
3486	publication_component:citation:publication:doi:10.1038/s41598-018-30607-2	pubmed	exact_pmid_efetch	30104579	requires_pubmed_lookup
3487	publication_component:citation:publication:doi:10.1038/s41598-018-31589-x	pubmed	exact_pmid_efetch	30194417	requires_pubmed_lookup
3488	publication_component:citation:publication:doi:10.1038/s41598-018-31938-w	pubmed	exact_pmid_efetch	30206286	requires_pubmed_lookup
3489	publication_component:citation:publication:doi:10.1038/s41598-018-33049-y	pubmed	exact_pmid_efetch	30279439	requires_pubmed_lookup
3490	publication_component:citation:publication:doi:10.1038/s41598-018-34984-6	pubmed	exact_pmid_efetch	30442991	requires_pubmed_lookup
3491	publication_component:citation:publication:doi:10.1038/s41598-018-36048-1	pubmed	exact_pmid_efetch	30546082	requires_pubmed_lookup
3492	publication_component:citation:publication:doi:10.1038/s41598-019-38621-8	pubmed	exact_pmid_efetch	30796245	requires_pubmed_lookup
3493	publication_component:citation:publication:doi:10.1038/s41598-019-38680-x	pubmed	exact_pmid_efetch	30783131	requires_pubmed_lookup
3494	publication_component:citation:publication:doi:10.1038/s41598-019-38735-z	pubmed	exact_pmid_efetch	30796230	requires_pubmed_lookup
3495	publication_component:citation:publication:doi:10.1038/s41598-019-40697-1	pubmed	exact_pmid_efetch	30858428	requires_pubmed_lookup
3496	publication_component:citation:publication:doi:10.1038/s41598-019-41420-w	pubmed	exact_pmid_efetch	30894656	requires_pubmed_lookup
3497	publication_component:citation:publication:doi:10.1038/s41598-019-41457-x	pubmed	exact_pmid_efetch	30923320	requires_pubmed_lookup
3498	publication_component:citation:publication:doi:10.1038/s41598-019-41821-x	pubmed	exact_pmid_efetch	30926861	requires_pubmed_lookup
3499	publication_component:citation:publication:doi:10.1038/s41598-019-44772-5	pubmed	exact_pmid_efetch	31171819	requires_pubmed_lookup
3500	publication_component:citation:publication:doi:10.1038/s41598-019-45039-9	pubmed	exact_pmid_efetch	31217536	requires_pubmed_lookup
3501	publication_component:citation:publication:doi:10.1038/s41598-019-45455-x	pubmed	exact_pmid_efetch	31222061	requires_pubmed_lookup
3502	publication_component:citation:publication:doi:10.1038/s41598-019-45532-1	pubmed	exact_pmid_efetch	31239482	requires_pubmed_lookup
3503	publication_component:citation:publication:doi:10.1038/s41598-019-46509-w	pubmed	exact_pmid_efetch	31296922	requires_pubmed_lookup
3504	publication_component:citation:publication:doi:10.1038/s41598-019-47034-6	pubmed	exact_pmid_efetch	31337835	requires_pubmed_lookup
3505	publication_component:citation:publication:doi:10.1038/s41598-019-47318-x	pubmed	exact_pmid_efetch	31350452	requires_pubmed_lookup
3506	publication_component:citation:publication:doi:10.1038/s41598-019-47797-y	pubmed	exact_pmid_efetch	31431676	requires_pubmed_lookup
3507	publication_component:citation:publication:doi:10.1038/s41598-019-50076-5	pubmed	exact_pmid_efetch	31527702	requires_pubmed_lookup
3508	publication_component:citation:publication:doi:10.1038/s41598-019-50124-0	pubmed	exact_pmid_efetch	31554838	requires_pubmed_lookup
3509	publication_component:citation:publication:doi:10.1038/s41598-019-50299-6	pubmed	exact_pmid_efetch	31562354	requires_pubmed_lookup
3510	publication_component:citation:publication:doi:10.1038/s41598-019-51749-x	pubmed	exact_pmid_efetch	31673017	requires_pubmed_lookup
3511	publication_component:citation:publication:doi:10.1038/s41598-019-52312-4	pubmed	exact_pmid_efetch	31676844	requires_pubmed_lookup
3512	publication_component:citation:publication:doi:10.1038/s41598-019-54085-2	pubmed	exact_pmid_efetch	31776387	requires_pubmed_lookup
3513	publication_component:citation:publication:doi:10.1038/s41598-019-54391-9	pubmed	exact_pmid_efetch	31780743	requires_pubmed_lookup
3514	publication_component:citation:publication:doi:10.1038/s41598-019-54838-z	pubmed	exact_pmid_efetch	31804567	requires_pubmed_lookup
3515	publication_component:citation:publication:doi:10.1038/s41598-019-55800-9	pubmed	exact_pmid_efetch	31862923	requires_pubmed_lookup
3516	publication_component:citation:publication:doi:10.1038/s41598-019-56763-7	pubmed	exact_pmid_efetch	31913346	requires_pubmed_lookup
3517	publication_component:citation:publication:doi:10.1038/s41598-019-56941-7	pubmed	exact_pmid_efetch	31889139	requires_pubmed_lookup
3518	publication_component:citation:publication:doi:10.1038/s41598-020-57512-x	pubmed	exact_pmid_efetch	31964914	requires_pubmed_lookup
3519	publication_component:citation:publication:doi:10.1038/s41598-020-57753-w	pubmed	exact_pmid_efetch	31969623	requires_pubmed_lookup
3520	publication_component:citation:publication:doi:10.1038/s41598-020-58356-1	pubmed	exact_pmid_efetch	32015354	requires_pubmed_lookup
3521	publication_component:citation:publication:doi:10.1038/s41598-020-59015-1	pubmed	exact_pmid_efetch	32060342	requires_pubmed_lookup
3522	publication_component:citation:publication:doi:10.1038/s41598-020-59597-w	pubmed	exact_pmid_efetch	32080225	requires_pubmed_lookup
3523	publication_component:citation:publication:doi:10.1038/s41598-020-60167-3	pubmed	exact_pmid_efetch	32098989	requires_pubmed_lookup
3524	publication_component:citation:publication:doi:10.1038/s41598-020-60751-7	pubmed	exact_pmid_efetch	32165662	requires_pubmed_lookup
3525	publication_component:citation:publication:doi:10.1038/s41598-020-61181-1	pubmed	exact_pmid_efetch	32179795	requires_pubmed_lookup
3526	publication_component:citation:publication:doi:10.1038/s41598-020-63233-y	pubmed	exact_pmid_efetch	32273595	requires_pubmed_lookup
3527	publication_component:citation:publication:doi:10.1038/s41598-020-64398-2	pubmed	exact_pmid_efetch	32424221	requires_pubmed_lookup
3528	publication_component:citation:publication:doi:10.1038/s41598-020-65487-y	pubmed	exact_pmid_efetch	32488117	requires_pubmed_lookup
3529	publication_component:citation:publication:doi:10.1038/s41598-020-65709-3	pubmed	exact_pmid_efetch	32472019	requires_pubmed_lookup
3530	publication_component:citation:publication:doi:10.1038/s41598-020-66024-7	pubmed	exact_pmid_efetch	32499506	requires_pubmed_lookup
3531	publication_component:citation:publication:doi:10.1038/s41598-020-66219-y	pubmed	exact_pmid_efetch	32523061	requires_pubmed_lookup
3532	publication_component:citation:publication:doi:10.1038/s41598-020-66390-2	pubmed	exact_pmid_efetch	32555217	requires_pubmed_lookup
3533	publication_component:citation:publication:doi:10.1038/s41598-020-66582-w	pubmed	exact_pmid_efetch	32541658	requires_pubmed_lookup
3534	publication_component:citation:publication:doi:10.1038/s41598-020-67200-5	pubmed	exact_pmid_efetch	32581293	requires_pubmed_lookup
3535	publication_component:citation:publication:doi:10.1038/s41598-020-68879-2	pubmed	exact_pmid_efetch	32681087	requires_pubmed_lookup
3536	publication_component:citation:publication:doi:10.1038/s41598-020-69389-x	pubmed	exact_pmid_efetch	32709963	requires_pubmed_lookup
3537	publication_component:citation:publication:doi:10.1038/s41598-020-69843-w	pubmed	exact_pmid_efetch	32747674	requires_pubmed_lookup
3538	publication_component:citation:publication:doi:10.1038/s41598-020-71473-1	pubmed	exact_pmid_efetch	32873883	requires_pubmed_lookup
3539	publication_component:citation:publication:doi:10.1038/s41598-020-72194-1	pubmed	exact_pmid_efetch	32963308	requires_pubmed_lookup
3540	publication_component:citation:publication:doi:10.1038/s41598-020-72267-1	pubmed	exact_pmid_efetch	32968092	requires_pubmed_lookup
3541	publication_component:citation:publication:doi:10.1038/s41598-020-72291-1	pubmed	exact_pmid_efetch	32943706	requires_pubmed_lookup
3542	publication_component:citation:publication:doi:10.1038/s41598-020-72584-5	pubmed	exact_pmid_efetch	32973216	requires_pubmed_lookup
3543	publication_component:citation:publication:doi:10.1038/s41598-020-72900-z	pubmed	exact_pmid_efetch	32985577	requires_pubmed_lookup
3544	publication_component:citation:publication:doi:10.1038/s41598-020-73796-5	pubmed	exact_pmid_efetch	33037239	requires_pubmed_lookup
3545	publication_component:citation:publication:doi:10.1038/s41598-020-73874-8	pubmed	exact_pmid_efetch	33046778	requires_pubmed_lookup
3546	publication_component:citation:publication:doi:10.1038/s41598-020-73937-w	pubmed	exact_pmid_efetch	33077763	requires_pubmed_lookup
3547	publication_component:citation:publication:doi:10.1038/s41598-020-74814-2	pubmed	exact_pmid_efetch	33082403	requires_pubmed_lookup
3548	publication_component:citation:publication:doi:10.1038/s41598-020-74843-x	pubmed	exact_pmid_efetch	33082451	requires_pubmed_lookup
3549	publication_component:citation:publication:doi:10.1038/s41598-020-75377-y	pubmed	exact_pmid_efetch	33116230	requires_pubmed_lookup
3550	publication_component:citation:publication:doi:10.1038/s41598-020-78040-8	pubmed	exact_pmid_efetch	33257722	requires_pubmed_lookup
3551	publication_component:citation:publication:doi:10.1038/s41598-020-79359-y	pubmed	exact_pmid_efetch	33446715	requires_pubmed_lookup
3552	publication_component:citation:publication:doi:10.1038/s41598-021-00267-w	pubmed	exact_pmid_efetch	34702899	requires_pubmed_lookup
3553	publication_component:citation:publication:doi:10.1038/s41598-021-01066-z	pubmed	exact_pmid_efetch	34732792	requires_pubmed_lookup
3554	publication_component:citation:publication:doi:10.1038/s41598-021-81784-6	pubmed	exact_pmid_efetch	33536487	requires_pubmed_lookup
3555	publication_component:citation:publication:doi:10.1038/s41598-021-83909-3	pubmed	exact_pmid_efetch	33633166	requires_pubmed_lookup
3556	publication_component:citation:publication:doi:10.1038/s41598-021-84652-5	pubmed	exact_pmid_efetch	33658614	requires_pubmed_lookup
3557	publication_component:citation:publication:doi:10.1038/s41598-021-84778-6	pubmed	exact_pmid_efetch	33674668	requires_pubmed_lookup
3558	publication_component:citation:publication:doi:10.1038/s41598-021-88770-y	pubmed	exact_pmid_efetch	33958611	requires_pubmed_lookup
3559	publication_component:citation:publication:doi:10.1038/s41598-021-89459-y	pubmed	exact_pmid_efetch	34021174	requires_pubmed_lookup
3560	publication_component:citation:publication:doi:10.1038/s41598-021-90557-0	pubmed	exact_pmid_efetch	34045539	requires_pubmed_lookup
3561	publication_component:citation:publication:doi:10.1038/s41598-021-90649-x	pubmed	exact_pmid_efetch	34059738	requires_pubmed_lookup
3562	publication_component:citation:publication:doi:10.1038/s41598-021-90737-y	pubmed	exact_pmid_efetch	34050225	requires_pubmed_lookup
3563	publication_component:citation:publication:doi:10.1038/s41598-021-91503-w	pubmed	exact_pmid_efetch	34108547	requires_pubmed_lookup
3564	publication_component:citation:publication:doi:10.1038/s41598-021-91909-6	pubmed	exact_pmid_efetch	34127736	requires_pubmed_lookup
3565	publication_component:citation:publication:doi:10.1038/s41598-021-93381-8	pubmed	exact_pmid_efetch	34341365	requires_pubmed_lookup
3566	publication_component:citation:publication:doi:10.1038/s41598-021-93626-6	pubmed	exact_pmid_efetch	34262100	requires_pubmed_lookup
3567	publication_component:citation:publication:doi:10.1038/s41598-021-94545-2	pubmed	exact_pmid_efetch	34294825	requires_pubmed_lookup
3568	publication_component:citation:publication:doi:10.1038/s41598-021-95385-w	pubmed	exact_pmid_efetch	34354168	requires_pubmed_lookup
3569	publication_component:citation:publication:doi:10.1038/s41598-021-96205-x	pubmed	exact_pmid_efetch	34413384	requires_pubmed_lookup
3570	publication_component:citation:publication:doi:10.1038/s41598-021-96854-y	pubmed	exact_pmid_efetch	34493743	requires_pubmed_lookup
3571	publication_component:citation:publication:doi:10.1038/s41598-021-97667-9	pubmed	exact_pmid_efetch	34535691	requires_pubmed_lookup
3572	publication_component:citation:publication:doi:10.1038/s41598-021-98360-7	pubmed	exact_pmid_efetch	34599203	requires_pubmed_lookup
3573	publication_component:citation:publication:doi:10.1038/s41598-021-98561-0	pubmed	exact_pmid_efetch	34580368	requires_pubmed_lookup
3574	publication_component:citation:publication:doi:10.1038/s41598-022-04779-x	pubmed	exact_pmid_efetch	35039544	requires_pubmed_lookup
3575	publication_component:citation:publication:doi:10.1038/s41598-022-07460-5	pubmed	exact_pmid_efetch	35236910	requires_pubmed_lookup
3576	publication_component:citation:publication:doi:10.1038/s41598-022-08097-0	pubmed	exact_pmid_efetch	35264716	requires_pubmed_lookup
3577	publication_component:citation:publication:doi:10.1038/s41598-022-08783-z	pubmed	exact_pmid_efetch	35322069	requires_pubmed_lookup
3578	publication_component:citation:publication:doi:10.1038/s41598-022-10547-8	pubmed	exact_pmid_efetch	35487927	requires_pubmed_lookup
3579	publication_component:citation:publication:doi:10.1038/s41598-022-11432-0	pubmed	exact_pmid_efetch	35577863	requires_pubmed_lookup
3580	publication_component:citation:publication:doi:10.1038/s41598-022-11681-z	pubmed	exact_pmid_efetch	35534524	requires_pubmed_lookup
3581	publication_component:citation:publication:doi:10.1038/s41598-022-12661-z	pubmed	exact_pmid_efetch	35606486	requires_pubmed_lookup
3582	publication_component:citation:publication:doi:10.1038/s41598-022-12953-4	pubmed	exact_pmid_efetch	35764790	requires_pubmed_lookup
3583	publication_component:citation:publication:doi:10.1038/s41598-022-13447-z	pubmed	exact_pmid_efetch	35821511	requires_pubmed_lookup
3584	publication_component:citation:publication:doi:10.1038/s41598-022-14340-5	pubmed	exact_pmid_efetch	35750715	requires_pubmed_lookup
3585	publication_component:citation:publication:doi:10.1038/s41598-022-14492-4	pubmed	exact_pmid_efetch	35732677	requires_pubmed_lookup
3586	publication_component:citation:publication:doi:10.1038/s41598-022-18407-1	pubmed	exact_pmid_efetch	36045215	requires_pubmed_lookup
3587	publication_component:citation:publication:doi:10.1038/s41598-022-22157-5	pubmed	exact_pmid_efetch	36273015	requires_pubmed_lookup
3588	publication_component:citation:publication:doi:10.1038/s41598-022-24529-3	pubmed	exact_pmid_efetch	36658131	requires_pubmed_lookup
3589	publication_component:citation:publication:doi:10.1038/s41598-022-26884-7	pubmed	exact_pmid_efetch	36604557	requires_pubmed_lookup
3590	publication_component:citation:publication:doi:10.1038/s41598-022-27137-3	pubmed	exact_pmid_efetch	36587065	requires_pubmed_lookup
3591	publication_component:citation:publication:doi:10.1038/s41598-023-30876-6	pubmed	exact_pmid_efetch	36882519	requires_pubmed_lookup
3592	publication_component:citation:publication:doi:10.1038/s41598-023-31243-1	pubmed	exact_pmid_efetch	37045882	requires_pubmed_lookup
3593	publication_component:citation:publication:doi:10.1038/s41598-023-33751-6	pubmed	exact_pmid_efetch	37156933	requires_pubmed_lookup
3594	publication_component:citation:publication:doi:10.1038/s41598-023-34059-1	pubmed	exact_pmid_efetch	37156831	requires_pubmed_lookup
3595	publication_component:citation:publication:doi:10.1038/s41598-023-34188-7	pubmed	exact_pmid_efetch	37165019	requires_pubmed_lookup
3596	publication_component:citation:publication:doi:10.1038/s41598-023-34625-7	pubmed	exact_pmid_efetch	37193760	requires_pubmed_lookup
3597	publication_component:citation:publication:doi:10.1038/s41598-023-34770-z	pubmed	exact_pmid_efetch	37208378	requires_pubmed_lookup
3598	publication_component:citation:publication:doi:10.1038/s41598-023-38544-5	pubmed	exact_pmid_efetch	37468595	requires_pubmed_lookup
3599	publication_component:citation:publication:doi:10.1038/s41598-023-40760-y	pubmed	exact_pmid_efetch	37598270	requires_pubmed_lookup
3600	publication_component:citation:publication:doi:10.1038/s41598-023-45517-1	pubmed	exact_pmid_efetch	37903828	requires_pubmed_lookup
3601	publication_component:citation:publication:doi:10.1038/s41598-023-46717-5	pubmed	exact_pmid_efetch	37935954	requires_pubmed_lookup
3602	publication_component:citation:publication:doi:10.1038/s41598-023-47014-x	pubmed	exact_pmid_efetch	37957263	requires_pubmed_lookup
3603	publication_component:citation:publication:doi:10.1038/s41598-023-48272-5	pubmed	exact_pmid_efetch	38017265	requires_pubmed_lookup
3604	publication_component:citation:publication:doi:10.1038/s41598-023-49678-x	pubmed	exact_pmid_efetch	38097713	requires_pubmed_lookup
3605	publication_component:citation:publication:doi:10.1038/s41598-023-49830-7	pubmed	exact_pmid_efetch	38102332	requires_pubmed_lookup
3606	publication_component:citation:publication:doi:10.1038/s41598-024-52449-x	pubmed	exact_pmid_efetch	38267502	requires_pubmed_lookup
3607	publication_component:citation:publication:doi:10.1038/s41598-024-53176-z	pubmed	exact_pmid_efetch	38307917	requires_pubmed_lookup
3608	publication_component:citation:publication:doi:10.1038/s41598-024-53643-7	pubmed	exact_pmid_efetch	38424101	requires_pubmed_lookup
3609	publication_component:citation:publication:doi:10.1038/s41598-024-55498-4	pubmed	exact_pmid_efetch	38418841	requires_pubmed_lookup
3610	publication_component:citation:publication:doi:10.1038/s41598-024-55581-w	pubmed	exact_pmid_efetch	38433262	requires_pubmed_lookup
3611	publication_component:citation:publication:doi:10.1038/s41598-024-57827-z	pubmed	exact_pmid_efetch	38538660	requires_pubmed_lookup
3612	publication_component:citation:publication:doi:10.1038/s41598-024-59990-9	pubmed	exact_pmid_efetch	38658744	requires_pubmed_lookup
3613	publication_component:citation:publication:doi:10.1038/s41598-024-63937-5	pubmed	exact_pmid_efetch	38839875	requires_pubmed_lookup
3614	publication_component:citation:publication:doi:10.1038/s41598-024-64937-1	pubmed	exact_pmid_efetch	38886497	requires_pubmed_lookup
3615	publication_component:citation:publication:doi:10.1038/s41598-024-66082-1	pubmed	exact_pmid_efetch	39043711	requires_pubmed_lookup
3616	publication_component:citation:publication:doi:10.1038/s41598-024-66470-7	pubmed	exact_pmid_efetch	39020011	requires_pubmed_lookup
3617	publication_component:citation:publication:doi:10.1038/s41598-024-70018-0	pubmed	exact_pmid_efetch	39174643	requires_pubmed_lookup
3618	publication_component:citation:publication:doi:10.1038/s41598-024-70023-3	pubmed	exact_pmid_efetch	39152215	requires_pubmed_lookup
3619	publication_component:citation:publication:doi:10.1038/s41598-024-70697-9	pubmed	exact_pmid_efetch	39215120	requires_pubmed_lookup
3620	publication_component:citation:publication:doi:10.1038/s41598-024-71838-w	pubmed	exact_pmid_efetch	39232239	requires_pubmed_lookup
3621	publication_component:citation:publication:doi:10.1038/s41598-024-71956-5	pubmed	exact_pmid_efetch	39266625	requires_pubmed_lookup
3622	publication_component:citation:publication:doi:10.1038/s41598-024-74218-6	pubmed	exact_pmid_efetch	39379445	requires_pubmed_lookup
3623	publication_component:citation:publication:doi:10.1038/s41598-024-82054-x	pubmed	exact_pmid_efetch	39730618	requires_pubmed_lookup
3624	publication_component:citation:publication:doi:10.1038/s41598-025-06816-x	pubmed	exact_pmid_efetch	40562763	requires_pubmed_lookup
3625	publication_component:citation:publication:doi:10.1038/s41598-025-07031-4	pubmed	exact_pmid_efetch	40603995	requires_pubmed_lookup
3626	publication_component:citation:publication:doi:10.1038/s41598-025-11003-z	pubmed	exact_pmid_efetch	40634677	requires_pubmed_lookup
3627	publication_component:citation:publication:doi:10.1038/s41598-025-17691-x	pubmed	exact_pmid_efetch	40883405	requires_pubmed_lookup
3628	publication_component:citation:publication:doi:10.1038/s41598-025-19609-z	pubmed	exact_pmid_efetch	41083540	requires_pubmed_lookup
3629	publication_component:citation:publication:doi:10.1038/s41598-025-26696-5	pubmed	exact_pmid_efetch	41315364	requires_pubmed_lookup
3630	publication_component:citation:publication:doi:10.1038/s41598-025-28797-7	pubmed	exact_pmid_efetch	41461753	requires_pubmed_lookup
3631	publication_component:citation:publication:doi:10.1038/s41598-025-30310-z	pubmed	exact_pmid_efetch	41331017	requires_pubmed_lookup
3632	publication_component:citation:publication:doi:10.1038/s41598-025-30855-z	pubmed	exact_pmid_efetch	41354753	requires_pubmed_lookup
3633	publication_component:citation:publication:doi:10.1038/s41598-025-86023-w	pubmed	exact_pmid_efetch	39837972	requires_pubmed_lookup
3634	publication_component:citation:publication:doi:10.1038/s41598-025-86463-4	pubmed	exact_pmid_efetch	39833334	requires_pubmed_lookup
3635	publication_component:citation:publication:doi:10.1038/s41598-025-89066-1	pubmed	exact_pmid_efetch	39934272	requires_pubmed_lookup
3636	publication_component:citation:publication:doi:10.1038/s41598-025-90985-2	pubmed	exact_pmid_efetch	40021811	requires_pubmed_lookup
3637	publication_component:citation:publication:doi:10.1038/s41598-025-91026-8	pubmed	exact_pmid_efetch	39987161	requires_pubmed_lookup
3638	publication_component:citation:publication:doi:10.1038/s41598-025-95789-y	pubmed	exact_pmid_efetch	40246989	requires_pubmed_lookup
3639	publication_component:citation:publication:doi:10.1038/s41598-025-99335-8	pubmed	exact_pmid_efetch	40287537	requires_pubmed_lookup
3640	publication_component:citation:publication:doi:10.1038/s41598-025-99504-9	pubmed	exact_pmid_efetch	40295718	requires_pubmed_lookup
3641	publication_component:citation:publication:doi:10.1038/s41598-026-48131-z	pubmed	exact_pmid_efetch	42014747	requires_pubmed_lookup
3642	publication_component:citation:publication:doi:10.1038/s41598-026-58942-9	pubmed	exact_pmid_efetch	42323508	requires_pubmed_lookup
3643	publication_component:citation:publication:doi:10.1038/s41598-026-59110-9	pubmed	exact_pmid_efetch	42323449	requires_pubmed_lookup
3644	publication_component:citation:publication:doi:10.1038/s41598-026-64001-0	pubmed	exact_pmid_efetch	41648404	requires_pubmed_lookup
3645	publication_component:citation:publication:doi:10.1038/s41929-022-00798-z	openalex	exact_work_id	W4283032119	requires_openalex_lookup
3646	publication_component:citation:publication:doi:10.1038/s41929-023-01087-z	pubmed	exact_pmid_efetch	38425362	requires_pubmed_lookup
3647	publication_component:citation:publication:doi:10.1038/s42003-018-0019-5	pubmed	exact_pmid_efetch	30271904	requires_pubmed_lookup
3648	publication_component:citation:publication:doi:10.1038/s42003-018-0089-4	pubmed	exact_pmid_efetch	30271965	requires_pubmed_lookup
3649	publication_component:citation:publication:doi:10.1038/s42003-018-0098-3	pubmed	exact_pmid_efetch	30271976	requires_pubmed_lookup
3650	publication_component:citation:publication:doi:10.1038/s42003-018-0122-7	pubmed	exact_pmid_efetch	30271999	requires_pubmed_lookup
3651	publication_component:citation:publication:doi:10.1038/s42003-018-0207-3	pubmed	exact_pmid_efetch	30480097	requires_pubmed_lookup
3652	publication_component:citation:publication:doi:10.1038/s42003-019-0306-9	pubmed	exact_pmid_efetch	30775457	requires_pubmed_lookup
3653	publication_component:citation:publication:doi:10.1038/s42003-019-0479-2	pubmed	exact_pmid_efetch	31263779	requires_pubmed_lookup
3654	publication_component:citation:publication:doi:10.1038/s42003-019-0515-2	pubmed	exact_pmid_efetch	31341962	requires_pubmed_lookup
3655	publication_component:citation:publication:doi:10.1038/s42003-019-0531-2	pubmed	exact_pmid_efetch	31372517	requires_pubmed_lookup
3656	publication_component:citation:publication:doi:10.1038/s42003-019-0661-6	pubmed	exact_pmid_efetch	31840110	requires_pubmed_lookup
3657	publication_component:citation:publication:doi:10.1038/s42003-020-01152-4	pubmed	exact_pmid_efetch	32753684	requires_pubmed_lookup
3658	publication_component:citation:publication:doi:10.1038/s42003-020-01370-w	pubmed	exact_pmid_efetch	33110195	requires_pubmed_lookup
3659	publication_component:citation:publication:doi:10.1038/s42003-020-01623-8	pubmed	exact_pmid_efetch	33483589	requires_pubmed_lookup
3660	publication_component:citation:publication:doi:10.1038/s42003-020-01639-0	pubmed	exact_pmid_efetch	33514857	requires_pubmed_lookup
3661	publication_component:citation:publication:doi:10.1038/s42003-020-0890-8	pubmed	exact_pmid_efetch	32265482	requires_pubmed_lookup
3662	publication_component:citation:publication:doi:10.1038/s42003-020-1060-8	pubmed	exact_pmid_efetch	32581279	requires_pubmed_lookup
3663	publication_component:citation:publication:doi:10.1038/s42003-020-1078-y	pubmed	exact_pmid_efetch	32620855	requires_pubmed_lookup
3664	publication_component:citation:publication:doi:10.1038/s42003-020-1094-y	pubmed	exact_pmid_efetch	32647268	requires_pubmed_lookup
3665	publication_component:citation:publication:doi:10.1038/s42003-020-1096-9	pubmed	exact_pmid_efetch	32873878	requires_pubmed_lookup
3666	publication_component:citation:publication:doi:10.1038/s42003-021-01688-z	pubmed	exact_pmid_efetch	33564115	requires_pubmed_lookup
3667	publication_component:citation:publication:doi:10.1038/s42003-021-01770-6	pubmed	exact_pmid_efetch	33637860	requires_pubmed_lookup
3668	publication_component:citation:publication:doi:10.1038/s42003-021-01799-7	pubmed	exact_pmid_efetch	33686174	requires_pubmed_lookup
3669	publication_component:citation:publication:doi:10.1038/s42003-021-01918-4	pubmed	exact_pmid_efetch	33772086	requires_pubmed_lookup
3670	publication_component:citation:publication:doi:10.1038/s42003-021-02009-0	pubmed	exact_pmid_efetch	33972666	requires_pubmed_lookup
3671	publication_component:citation:publication:doi:10.1038/s42003-021-02152-8	pubmed	exact_pmid_efetch	34083720	requires_pubmed_lookup
3672	publication_component:citation:publication:doi:10.1038/s42003-021-02173-3	pubmed	exact_pmid_efetch	34083730	requires_pubmed_lookup
3673	publication_component:citation:publication:doi:10.1038/s42003-021-02197-9	pubmed	exact_pmid_efetch	34127782	requires_pubmed_lookup
3674	publication_component:citation:publication:doi:10.1038/s42003-021-02536-w	pubmed	exact_pmid_efetch	34429506	requires_pubmed_lookup
3675	publication_component:citation:publication:doi:10.1038/s42003-021-02663-4	pubmed	exact_pmid_efetch	34552191	requires_pubmed_lookup
3676	publication_component:citation:publication:doi:10.1038/s42003-021-02682-1	pubmed	exact_pmid_efetch	34620991	requires_pubmed_lookup
3677	publication_component:citation:publication:doi:10.1038/s42003-021-02697-8	pubmed	exact_pmid_efetch	34671091	requires_pubmed_lookup
3678	publication_component:citation:publication:doi:10.1038/s42003-021-02720-y	pubmed	exact_pmid_efetch	34654884	requires_pubmed_lookup
3679	publication_component:citation:publication:doi:10.1038/s42003-022-03003-w	pubmed	exact_pmid_efetch	35058542	requires_pubmed_lookup
3680	publication_component:citation:publication:doi:10.1038/s42003-022-03089-2	pubmed	exact_pmid_efetch	35177770	requires_pubmed_lookup
3681	publication_component:citation:publication:doi:10.1038/s42003-022-03176-4	pubmed	exact_pmid_efetch	35273345	requires_pubmed_lookup
3682	publication_component:citation:publication:doi:10.1038/s42003-022-03194-2	pubmed	exact_pmid_efetch	35338232	requires_pubmed_lookup
3683	publication_component:citation:publication:doi:10.1038/s42003-022-03347-3	pubmed	exact_pmid_efetch	35545661	requires_pubmed_lookup
3684	publication_component:citation:publication:doi:10.1038/s42003-022-03758-2	pubmed	exact_pmid_efetch	35986208	requires_pubmed_lookup
3685	publication_component:citation:publication:doi:10.1038/s42003-022-03850-7	pubmed	exact_pmid_efetch	36028584	requires_pubmed_lookup
3686	publication_component:citation:publication:doi:10.1038/s42003-022-04106-0	pubmed	exact_pmid_efetch	36284165	requires_pubmed_lookup
3687	publication_component:citation:publication:doi:10.1038/s42003-022-04108-y	pubmed	exact_pmid_efetch	36284161	requires_pubmed_lookup
3688	publication_component:citation:publication:doi:10.1038/s42003-022-04125-x	pubmed	exact_pmid_efetch	36344742	requires_pubmed_lookup
3689	publication_component:citation:publication:doi:10.1038/s42003-022-04371-z	pubmed	exact_pmid_efetch	36572770	requires_pubmed_lookup
3690	publication_component:citation:publication:doi:10.1038/s42003-022-04394-6	pubmed	exact_pmid_efetch	36658311	requires_pubmed_lookup
3691	publication_component:citation:publication:doi:10.1038/s42003-023-04415-y	pubmed	exact_pmid_efetch	36635382	requires_pubmed_lookup
3692	publication_component:citation:publication:doi:10.1038/s42003-023-04427-8	pubmed	exact_pmid_efetch	36631662	requires_pubmed_lookup
3693	publication_component:citation:publication:doi:10.1038/s42003-023-04582-y	pubmed	exact_pmid_efetch	36869137	requires_pubmed_lookup
3694	publication_component:citation:publication:doi:10.1038/s42003-023-04809-y	pubmed	exact_pmid_efetch	37100852	requires_pubmed_lookup
3695	publication_component:citation:publication:doi:10.1038/s42003-023-04949-1	pubmed	exact_pmid_efetch	37296191	requires_pubmed_lookup
3696	publication_component:citation:publication:doi:10.1038/s42003-023-05044-1	pubmed	exact_pmid_efetch	37429977	requires_pubmed_lookup
3697	publication_component:citation:publication:doi:10.1038/s42003-023-05083-8	pubmed	exact_pmid_efetch	37422584	requires_pubmed_lookup
3698	publication_component:citation:publication:doi:10.1038/s42003-023-05137-x	pubmed	exact_pmid_efetch	37463976	requires_pubmed_lookup
3699	publication_component:citation:publication:doi:10.1038/s42003-023-05158-6	pubmed	exact_pmid_efetch	37524773	requires_pubmed_lookup
3700	publication_component:citation:publication:doi:10.1038/s42003-023-05187-1	pubmed	exact_pmid_efetch	37542124	requires_pubmed_lookup
3701	publication_component:citation:publication:doi:10.1038/s42003-023-05248-5	pubmed	exact_pmid_efetch	37612424	requires_pubmed_lookup
3702	publication_component:citation:publication:doi:10.1038/s42003-023-05271-6	pubmed	exact_pmid_efetch	37667004	requires_pubmed_lookup
3703	publication_component:citation:publication:doi:10.1038/s42003-023-05365-1	pubmed	exact_pmid_efetch	37789208	requires_pubmed_lookup
3704	publication_component:citation:publication:doi:10.1038/s42003-023-05569-5	pubmed	exact_pmid_efetch	38001348	requires_pubmed_lookup
3705	publication_component:citation:publication:doi:10.1038/s42003-023-05620-5	pubmed	exact_pmid_efetch	38042963	requires_pubmed_lookup
3706	publication_component:citation:publication:doi:10.1038/s42003-023-05717-x	pubmed	exact_pmid_efetch	38216628	requires_pubmed_lookup
3707	publication_component:citation:publication:doi:10.1038/s42003-023-05754-6	pubmed	exact_pmid_efetch	38182881	requires_pubmed_lookup
3708	publication_component:citation:publication:doi:10.1038/s42003-024-05870-x	pubmed	exact_pmid_efetch	38341501	requires_pubmed_lookup
3709	publication_component:citation:publication:doi:10.1038/s42003-024-05961-9	pubmed	exact_pmid_efetch	38431762	requires_pubmed_lookup
3710	publication_component:citation:publication:doi:10.1038/s42003-024-06347-7	pubmed	exact_pmid_efetch	38796601	requires_pubmed_lookup
3711	publication_component:citation:publication:doi:10.1038/s42003-024-06550-6	pubmed	exact_pmid_efetch	39068254	requires_pubmed_lookup
3712	publication_component:citation:publication:doi:10.1038/s42003-024-06643-2	pubmed	exact_pmid_efetch	39107512	requires_pubmed_lookup
3713	publication_component:citation:publication:doi:10.1038/s42003-024-06660-1	pubmed	exact_pmid_efetch	39154094	requires_pubmed_lookup
3714	publication_component:citation:publication:doi:10.1038/s42003-024-06701-9	pubmed	exact_pmid_efetch	39152309	requires_pubmed_lookup
3715	publication_component:citation:publication:doi:10.1038/s42003-024-06886-z	pubmed	exact_pmid_efetch	39342021	requires_pubmed_lookup
3716	publication_component:citation:publication:doi:10.1038/s42003-024-07068-7	pubmed	exact_pmid_efetch	39443678	requires_pubmed_lookup
3717	publication_component:citation:publication:doi:10.1038/s42003-024-07126-0	pubmed	exact_pmid_efetch	39543266	requires_pubmed_lookup
3718	publication_component:citation:publication:doi:10.1038/s42003-024-07262-7	pubmed	exact_pmid_efetch	39838059	requires_pubmed_lookup
3719	publication_component:citation:publication:doi:10.1038/s42003-024-07382-0	pubmed	exact_pmid_efetch	39806046	requires_pubmed_lookup
3720	publication_component:citation:publication:doi:10.1038/s42003-025-07450-z	pubmed	exact_pmid_efetch	39934388	requires_pubmed_lookup
3721	publication_component:citation:publication:doi:10.1038/s42003-025-07472-7	pubmed	exact_pmid_efetch	39915690	requires_pubmed_lookup
3722	publication_component:citation:publication:doi:10.1038/s42003-025-07525-x	pubmed	exact_pmid_efetch	40032980	requires_pubmed_lookup
3723	publication_component:citation:publication:doi:10.1038/s42003-025-07851-0	pubmed	exact_pmid_efetch	40082663	requires_pubmed_lookup
3724	publication_component:citation:publication:doi:10.1038/s42003-025-07952-w	pubmed	exact_pmid_efetch	40158047	requires_pubmed_lookup
3725	publication_component:citation:publication:doi:10.1038/s42003-025-08056-1	pubmed	exact_pmid_efetch	40246974	requires_pubmed_lookup
3726	publication_component:citation:publication:doi:10.1038/s42003-025-08076-x	pubmed	exact_pmid_efetch	40269101	requires_pubmed_lookup
3727	publication_component:citation:publication:doi:10.1038/s42003-025-08436-7	pubmed	exact_pmid_efetch	40615540	requires_pubmed_lookup
3728	publication_component:citation:publication:doi:10.1038/s42003-025-08450-9	pubmed	exact_pmid_efetch	40681668	requires_pubmed_lookup
3729	publication_component:citation:publication:doi:10.1038/s42003-025-08951-7	pubmed	exact_pmid_efetch	41318693	requires_pubmed_lookup
3730	publication_component:citation:publication:doi:10.1038/s42003-025-09153-x	pubmed	exact_pmid_efetch	41402563	requires_pubmed_lookup
3731	publication_component:citation:publication:doi:10.1038/s42003-025-09283-2	pubmed	exact_pmid_efetch	41345536	requires_pubmed_lookup
3732	publication_component:citation:publication:doi:10.1038/s42003-026-09802-9	pubmed	exact_pmid_efetch	41803406	requires_pubmed_lookup
3733	publication_component:citation:publication:doi:10.1038/s42003-026-10153-8	pubmed	exact_pmid_efetch	42103887	requires_pubmed_lookup
3734	publication_component:citation:publication:doi:10.1038/s42004-023-01005-1	pubmed	exact_pmid_efetch	37737277	requires_pubmed_lookup
3735	publication_component:citation:publication:doi:10.1038/s42256-024-00935-2	openalex	exact_work_id	W4405515214	requires_openalex_lookup
3736	publication_component:citation:publication:doi:10.1038/s43016-020-00197-2	pubmed	exact_pmid_efetch	37128067	requires_pubmed_lookup
3737	publication_component:citation:publication:doi:10.1038/s43016-024-00968-1	pubmed	exact_pmid_efetch	38724686	requires_pubmed_lookup
3738	publication_component:citation:publication:doi:10.1038/s43246-022-00277-9	openalex	exact_work_id	W4291899582	requires_openalex_lookup
3739	publication_component:citation:publication:doi:10.1038/s43587-023-00421-1	pubmed	exact_pmid_efetch	37217661	requires_pubmed_lookup
3740	publication_component:citation:publication:doi:10.1038/s43705-023-00293-x	pubmed	exact_pmid_efetch	37598265	requires_pubmed_lookup
3741	publication_component:citation:publication:doi:10.1038/s43856-021-00031-1	pubmed	exact_pmid_efetch	35602211	requires_pubmed_lookup
3742	publication_component:citation:publication:doi:10.1038/s43856-022-00167-8	pubmed	exact_pmid_efetch	35982756	requires_pubmed_lookup
3743	publication_component:citation:publication:doi:10.1038/s43856-022-00168-7	pubmed	exact_pmid_efetch	35968047	requires_pubmed_lookup
3744	publication_component:citation:publication:doi:10.1038/s43856-025-00912-9	pubmed	exact_pmid_efetch	40447716	requires_pubmed_lookup
3745	publication_component:citation:publication:doi:10.1038/s43856-025-01273-z	pubmed	exact_pmid_efetch	41513994	requires_pubmed_lookup
3746	publication_component:citation:publication:doi:10.1038/s44259-024-00038-3	pubmed	exact_pmid_efetch	39100870	requires_pubmed_lookup
3747	publication_component:citation:publication:doi:10.1038/s44259-024-00041-8	pubmed	exact_pmid_efetch	39843955	requires_pubmed_lookup
3748	publication_component:citation:publication:doi:10.1038/s44259-025-00159-3	pubmed	exact_pmid_efetch	41184436	requires_pubmed_lookup
3749	publication_component:citation:publication:doi:10.1038/s44298-024-00036-2	pubmed	exact_pmid_efetch	40295673	requires_pubmed_lookup
3750	publication_component:citation:publication:doi:10.1038/s44298-025-00108-x	pubmed	exact_pmid_efetch	40295831	requires_pubmed_lookup
3751	publication_component:citation:publication:doi:10.1038/s44298-025-00161-6	pubmed	exact_pmid_efetch	41238892	requires_pubmed_lookup
3752	publication_component:citation:publication:doi:10.1038/s44298-026-00196-3	pubmed	exact_pmid_efetch	42135491	requires_pubmed_lookup
3753	publication_component:citation:publication:doi:10.1038/s44298-026-00226-0	openalex	exact_work_id	W7140512840	requires_openalex_lookup
3754	publication_component:citation:publication:doi:10.1038/s44318-025-00425-0	pubmed	exact_pmid_efetch	40210722	requires_pubmed_lookup
3755	publication_component:citation:publication:doi:10.1038/s44318-025-00439-8	pubmed	exact_pmid_efetch	40275032	requires_pubmed_lookup
3756	publication_component:citation:publication:doi:10.1038/s44319-024-00280-w	pubmed	exact_pmid_efetch	39375464	requires_pubmed_lookup
3757	publication_component:citation:publication:doi:10.1038/s44319-025-00636-w	pubmed	exact_pmid_efetch	41219539	requires_pubmed_lookup
3758	publication_component:citation:publication:doi:10.1038/s44320-026-00200-1	pubmed	exact_pmid_efetch	41862705	requires_pubmed_lookup
3759	publication_component:citation:publication:doi:10.1038/sdata.2018.274	pubmed	exact_pmid_efetch	30532075	requires_pubmed_lookup
3760	publication_component:citation:publication:doi:10.1038/sdata.2019.29	pubmed	exact_pmid_efetch	30806641	requires_pubmed_lookup
3761	publication_component:citation:publication:doi:10.1038/srep00745	pubmed	exact_pmid_efetch	23082240	requires_pubmed_lookup
3762	publication_component:citation:publication:doi:10.1038/srep01031	pubmed	exact_pmid_efetch	23301152	requires_pubmed_lookup
3763	publication_component:citation:publication:doi:10.1038/srep04212	pubmed	exact_pmid_efetch	24572761	requires_pubmed_lookup
3764	publication_component:citation:publication:doi:10.1038/srep05070	pubmed	exact_pmid_efetch	24861105	requires_pubmed_lookup
3765	publication_component:citation:publication:doi:10.1038/srep05529	pubmed	exact_pmid_efetch	24984862	requires_pubmed_lookup
3766	publication_component:citation:publication:doi:10.1038/srep06504	pubmed	exact_pmid_efetch	25266120	requires_pubmed_lookup
3767	publication_component:citation:publication:doi:10.1038/srep07145	pubmed	exact_pmid_efetch	25413576	requires_pubmed_lookup
3768	publication_component:citation:publication:doi:10.1038/srep07167	pubmed	exact_pmid_efetch	25418599	requires_pubmed_lookup
3769	publication_component:citation:publication:doi:10.1038/srep08199	pubmed	exact_pmid_efetch	25645996	requires_pubmed_lookup
3770	publication_component:citation:publication:doi:10.1038/srep08693	pubmed	exact_pmid_efetch	25732911	requires_pubmed_lookup
3771	publication_component:citation:publication:doi:10.1038/srep09780	pubmed	exact_pmid_efetch	25944748	requires_pubmed_lookup
3772	publication_component:citation:publication:doi:10.1038/srep10835	pubmed	exact_pmid_efetch	26056784	requires_pubmed_lookup
3773	publication_component:citation:publication:doi:10.1038/srep11451	pubmed	exact_pmid_efetch	26099036	requires_pubmed_lookup
3774	publication_component:citation:publication:doi:10.1038/srep11531	pubmed	exact_pmid_efetch	26100095	requires_pubmed_lookup
3775	publication_component:citation:publication:doi:10.1038/srep12806	pubmed	exact_pmid_efetch	26259924	requires_pubmed_lookup
3776	publication_component:citation:publication:doi:10.1038/srep13541	pubmed	exact_pmid_efetch	26310137	requires_pubmed_lookup
3777	publication_component:citation:publication:doi:10.1038/srep13965	pubmed	exact_pmid_efetch	26355841	requires_pubmed_lookup
3778	publication_component:citation:publication:doi:10.1038/srep14106	pubmed	exact_pmid_efetch	26373886	requires_pubmed_lookup
3779	publication_component:citation:publication:doi:10.1038/srep14187	pubmed	exact_pmid_efetch	26381091	requires_pubmed_lookup
3780	publication_component:citation:publication:doi:10.1038/srep14256	pubmed	exact_pmid_efetch	26404527	requires_pubmed_lookup
3781	publication_component:citation:publication:doi:10.1038/srep14480	pubmed	exact_pmid_efetch	26404138	requires_pubmed_lookup
3782	publication_component:citation:publication:doi:10.1038/srep14973	pubmed	exact_pmid_efetch	26444071	requires_pubmed_lookup
3783	publication_component:citation:publication:doi:10.1038/srep16324	pubmed	exact_pmid_efetch	26549794	requires_pubmed_lookup
3784	publication_component:citation:publication:doi:10.1038/srep16638	pubmed	exact_pmid_efetch	26559332	requires_pubmed_lookup
3785	publication_component:citation:publication:doi:10.1038/srep16851	pubmed	exact_pmid_efetch	26596461	requires_pubmed_lookup
3786	publication_component:citation:publication:doi:10.1038/srep16958	pubmed	exact_pmid_efetch	26592928	requires_pubmed_lookup
3787	publication_component:citation:publication:doi:10.1038/srep17197	pubmed	exact_pmid_efetch	26603658	requires_pubmed_lookup
3788	publication_component:citation:publication:doi:10.1038/srep17262	pubmed	exact_pmid_efetch	26602147	requires_pubmed_lookup
3789	publication_component:citation:publication:doi:10.1038/srep17285	pubmed	exact_pmid_efetch	26603338	requires_pubmed_lookup
3790	publication_component:citation:publication:doi:10.1038/srep17418	pubmed	exact_pmid_efetch	26621203	requires_pubmed_lookup
3791	publication_component:citation:publication:doi:10.1038/srep17551	pubmed	exact_pmid_efetch	26619819	requires_pubmed_lookup
3792	publication_component:citation:publication:doi:10.1038/srep17644	pubmed	exact_pmid_efetch	26631625	requires_pubmed_lookup
3793	publication_component:citation:publication:doi:10.1038/srep18058	pubmed	exact_pmid_efetch	26686813	requires_pubmed_lookup
3794	publication_component:citation:publication:doi:10.1038/srep18234	pubmed	exact_pmid_efetch	26658825	requires_pubmed_lookup
3795	publication_component:citation:publication:doi:10.1038/srep18661	pubmed	exact_pmid_efetch	26689832	requires_pubmed_lookup
3796	publication_component:citation:publication:doi:10.1038/srep18662	pubmed	exact_pmid_efetch	26689951	requires_pubmed_lookup
3797	publication_component:citation:publication:doi:10.1038/srep18676	pubmed	exact_pmid_efetch	26691285	requires_pubmed_lookup
3798	publication_component:citation:publication:doi:10.1038/srep18770	pubmed	exact_pmid_efetch	26733092	requires_pubmed_lookup
3799	publication_component:citation:publication:doi:10.1038/srep19149	pubmed	exact_pmid_efetch	26750561	requires_pubmed_lookup
3800	publication_component:citation:publication:doi:10.1038/srep19427	pubmed	exact_pmid_efetch	26786968	requires_pubmed_lookup
3801	publication_component:citation:publication:doi:10.1038/srep20688	pubmed	exact_pmid_efetch	26858078	requires_pubmed_lookup
3802	publication_component:citation:publication:doi:10.1038/srep21570	pubmed	exact_pmid_efetch	26865329	requires_pubmed_lookup
3803	publication_component:citation:publication:doi:10.1038/srep21729	pubmed	exact_pmid_efetch	26906946	requires_pubmed_lookup
3804	publication_component:citation:publication:doi:10.1038/srep21902	pubmed	exact_pmid_efetch	26902509	requires_pubmed_lookup
3805	publication_component:citation:publication:doi:10.1038/srep22157	pubmed	exact_pmid_efetch	26912479	requires_pubmed_lookup
3806	publication_component:citation:publication:doi:10.1038/srep22609	pubmed	exact_pmid_efetch	26941065	requires_pubmed_lookup
3807	publication_component:citation:publication:doi:10.1038/srep23704	pubmed	exact_pmid_efetch	27021793	requires_pubmed_lookup
3808	publication_component:citation:publication:doi:10.1038/srep23754	pubmed	exact_pmid_efetch	27029337	requires_pubmed_lookup
3809	publication_component:citation:publication:doi:10.1038/srep24069	pubmed	exact_pmid_efetch	27040083	requires_pubmed_lookup
3810	publication_component:citation:publication:doi:10.1038/srep24265	pubmed	exact_pmid_efetch	27072743	requires_pubmed_lookup
3811	publication_component:citation:publication:doi:10.1038/srep24595	pubmed	exact_pmid_efetch	27087667	requires_pubmed_lookup
3812	publication_component:citation:publication:doi:10.1038/srep25049	pubmed	exact_pmid_efetch	27142087	requires_pubmed_lookup
3813	publication_component:citation:publication:doi:10.1038/srep25527	pubmed	exact_pmid_efetch	27151933	requires_pubmed_lookup
3814	publication_component:citation:publication:doi:10.1038/srep25873	pubmed	exact_pmid_efetch	27174689	requires_pubmed_lookup
3815	publication_component:citation:publication:doi:10.1038/srep26405	pubmed	exact_pmid_efetch	27198881	requires_pubmed_lookup
3816	publication_component:citation:publication:doi:10.1038/srep28350	pubmed	exact_pmid_efetch	27311567	requires_pubmed_lookup
3817	publication_component:citation:publication:doi:10.1038/srep29153	pubmed	exact_pmid_efetch	27356489	requires_pubmed_lookup
3818	publication_component:citation:publication:doi:10.1038/srep29404	pubmed	exact_pmid_efetch	27381465	requires_pubmed_lookup
3819	publication_component:citation:publication:doi:10.1038/srep29690	pubmed	exact_pmid_efetch	27417983	requires_pubmed_lookup
3820	publication_component:citation:publication:doi:10.1038/srep29888	pubmed	exact_pmid_efetch	27431568	requires_pubmed_lookup
3821	publication_component:citation:publication:doi:10.1038/srep30042	pubmed	exact_pmid_efetch	27452401	requires_pubmed_lookup
3822	publication_component:citation:publication:doi:10.1038/srep30158	pubmed	exact_pmid_efetch	27444405	requires_pubmed_lookup
3823	publication_component:citation:publication:doi:10.1038/srep31083	pubmed	exact_pmid_efetch	27498855	requires_pubmed_lookup
3824	publication_component:citation:publication:doi:10.1038/srep31791	pubmed	exact_pmid_efetch	27558399	requires_pubmed_lookup
3825	publication_component:citation:publication:doi:10.1038/srep32013	pubmed	exact_pmid_efetch	27554066	requires_pubmed_lookup
3826	publication_component:citation:publication:doi:10.1038/srep32175	pubmed	exact_pmid_efetch	27562645	requires_pubmed_lookup
3827	publication_component:citation:publication:doi:10.1038/srep33308	pubmed	exact_pmid_efetch	27629066	requires_pubmed_lookup
3828	publication_component:citation:publication:doi:10.1038/srep33364	pubmed	exact_pmid_efetch	27624821	requires_pubmed_lookup
3829	publication_component:citation:publication:doi:10.1038/srep33442	pubmed	exact_pmid_efetch	27633769	requires_pubmed_lookup
3830	publication_component:citation:publication:doi:10.1038/srep33465	pubmed	exact_pmid_efetch	27633117	requires_pubmed_lookup
3831	publication_component:citation:publication:doi:10.1038/srep33578	pubmed	exact_pmid_efetch	27645106	requires_pubmed_lookup
3832	publication_component:citation:publication:doi:10.1038/srep33876	pubmed	exact_pmid_efetch	27659771	requires_pubmed_lookup
3833	publication_component:citation:publication:doi:10.1038/srep33988	pubmed	exact_pmid_efetch	27665724	requires_pubmed_lookup
3834	publication_component:citation:publication:doi:10.1038/srep34420	pubmed	exact_pmid_efetch	27677461	requires_pubmed_lookup
3835	publication_component:citation:publication:doi:10.1038/srep35168	pubmed	exact_pmid_efetch	27734920	requires_pubmed_lookup
3836	publication_component:citation:publication:doi:10.1038/srep35245	pubmed	exact_pmid_efetch	27731413	requires_pubmed_lookup
3837	publication_component:citation:publication:doi:10.1038/srep35634	pubmed	exact_pmid_efetch	27782130	requires_pubmed_lookup
3838	publication_component:citation:publication:doi:10.1038/srep35822	pubmed	exact_pmid_efetch	27767073	requires_pubmed_lookup
3839	publication_component:citation:publication:doi:10.1038/srep36757	pubmed	exact_pmid_efetch	27827442	requires_pubmed_lookup
3840	publication_component:citation:publication:doi:10.1038/srep37536	pubmed	exact_pmid_efetch	27876851	requires_pubmed_lookup
3841	publication_component:citation:publication:doi:10.1038/srep38302	pubmed	exact_pmid_efetch	27922051	requires_pubmed_lookup
3842	publication_component:citation:publication:doi:10.1038/srep39031	pubmed	exact_pmid_efetch	27966614	requires_pubmed_lookup
3843	publication_component:citation:publication:doi:10.1038/srep40233	pubmed	exact_pmid_efetch	28074842	requires_pubmed_lookup
3844	publication_component:citation:publication:doi:10.1038/srep40536	pubmed	exact_pmid_efetch	28094282	requires_pubmed_lookup
3845	publication_component:citation:publication:doi:10.1038/srep40804	pubmed	exact_pmid_efetch	28091623	requires_pubmed_lookup
3846	publication_component:citation:publication:doi:10.1038/srep41394	pubmed	exact_pmid_efetch	28145490	requires_pubmed_lookup
3847	publication_component:citation:publication:doi:10.1038/srep42419	pubmed	exact_pmid_efetch	28211474	requires_pubmed_lookup
3848	publication_component:citation:publication:doi:10.1038/srep44948	pubmed	exact_pmid_efetch	28337996	requires_pubmed_lookup
3849	publication_component:citation:publication:doi:10.1038/srep45133	pubmed	exact_pmid_efetch	28327641	requires_pubmed_lookup
3850	publication_component:citation:publication:doi:10.1038/srep45787	pubmed	exact_pmid_efetch	28401928	requires_pubmed_lookup
3851	publication_component:citation:publication:doi:10.1038/srep46542	pubmed	exact_pmid_efetch	28425474	requires_pubmed_lookup
3852	publication_component:citation:publication:doi:10.1039/9781849733151-00096	openalex	exact_work_id	W2355204899	requires_openalex_lookup
3853	publication_component:citation:publication:doi:10.1039/b910458p	pubmed	exact_pmid_efetch	19936388	requires_pubmed_lookup
3854	publication_component:citation:publication:doi:10.1039/c2mb25052g	pubmed	exact_pmid_efetch	22588506	requires_pubmed_lookup
3855	publication_component:citation:publication:doi:10.1039/c3mb70476a	pubmed	exact_pmid_efetch	24281402	requires_pubmed_lookup
3856	publication_component:citation:publication:doi:10.1039/c8mo00099a	pubmed	exact_pmid_efetch	29974107	requires_pubmed_lookup
3857	publication_component:citation:publication:doi:10.1039/d0cy00081g	openalex	exact_work_id	W3006405539	requires_openalex_lookup
3858	publication_component:citation:publication:doi:10.1039/d1np00006c	pubmed	exact_pmid_efetch	34821235	requires_pubmed_lookup
3859	publication_component:citation:publication:doi:10.1039/d1sc04832e	pubmed	exact_pmid_efetch	35126971	requires_pubmed_lookup
3860	publication_component:citation:publication:doi:10.1039/d3gc04888h	openalex	exact_work_id	W4397011997	requires_openalex_lookup
3861	publication_component:citation:publication:doi:10.1039/d4cy00090k	openalex	exact_work_id	W4400067002	requires_openalex_lookup
3862	publication_component:citation:publication:doi:10.1039/d4gc03665d	openalex	exact_work_id	W4402332997	requires_openalex_lookup
3863	publication_component:citation:publication:doi:10.1042/bcj20170910	pubmed	exact_pmid_efetch	29523747	requires_pubmed_lookup
3864	publication_component:citation:publication:doi:10.1042/bcj20180787	pubmed	exact_pmid_efetch	30559328	requires_pubmed_lookup
3865	publication_component:citation:publication:doi:10.1042/bcj20210342	pubmed	exact_pmid_efetch	34397090	requires_pubmed_lookup
3866	publication_component:citation:publication:doi:10.1042/bj20112090	pubmed	exact_pmid_efetch	22348703	requires_pubmed_lookup
3867	publication_component:citation:publication:doi:10.1042/bj20121221	pubmed	exact_pmid_efetch	23301657	requires_pubmed_lookup
3868	publication_component:citation:publication:doi:10.1042/bsr20190560	pubmed	exact_pmid_efetch	31213576	requires_pubmed_lookup
3869	publication_component:citation:publication:doi:10.1042/bsr20222267	pubmed	exact_pmid_efetch	38299364	requires_pubmed_lookup
3870	publication_component:citation:publication:doi:10.1042/bst0370778	pubmed	exact_pmid_efetch	19614593	requires_pubmed_lookup
3871	publication_component:citation:publication:doi:10.1042/bst0370783	pubmed	exact_pmid_efetch	19614594	requires_pubmed_lookup
3872	publication_component:citation:publication:doi:10.1042/bst20200355	pubmed	exact_pmid_efetch	32985656	requires_pubmed_lookup
3873	publication_component:citation:publication:doi:10.1044/2025_jslhr-25-00050	pubmed	exact_pmid_efetch	41091061	requires_pubmed_lookup
3874	publication_component:citation:publication:doi:10.1046/j.1365-2540.2001.00895.x	pubmed	exact_pmid_efetch	11595044	requires_pubmed_lookup
3875	publication_component:citation:publication:doi:10.1049/iet-syb.2014.0056	pubmed	exact_pmid_efetch	26243834	requires_pubmed_lookup
3876	publication_component:citation:publication:doi:10.1056/nejmoa2029717	pubmed	exact_pmid_efetch	33176093	requires_pubmed_lookup
3877	publication_component:citation:publication:doi:10.1071/fp16104	pubmed	exact_pmid_efetch	32480533	requires_pubmed_lookup
3878	publication_component:citation:publication:doi:10.1071/fp21319	pubmed	exact_pmid_efetch	35781367	requires_pubmed_lookup
3879	publication_component:citation:publication:doi:10.1071/is20065	openalex	exact_work_id	W3136573888	requires_openalex_lookup
3880	publication_component:citation:publication:doi:10.1071/is24087	pubmed	exact_pmid_efetch	40977350	requires_pubmed_lookup
3881	publication_component:citation:publication:doi:10.1071/ma20010	openalex	exact_work_id	W3008485561	requires_openalex_lookup
3882	publication_component:citation:publication:doi:10.1071/ma20011	openalex	exact_doi	10.1071/ma20011	requires_openalex_lookup
3883	publication_component:citation:publication:doi:10.1071/mav41n1	openalex	exact_work_id	W4246239874	requires_openalex_lookup
3884	publication_component:citation:publication:doi:10.1071/mf18473	openalex	exact_work_id	W2937887362	requires_openalex_lookup
3885	publication_component:citation:publication:doi:10.1071/rd16455	pubmed	exact_pmid_efetch	28403915	requires_pubmed_lookup
3886	publication_component:citation:publication:doi:10.1071/rd17049	pubmed	exact_pmid_efetch	28945985	requires_pubmed_lookup
3887	publication_component:citation:publication:doi:10.1071/sb18028	openalex	exact_work_id	W2904251128	requires_openalex_lookup
3888	publication_component:citation:publication:doi:10.1071/sb24011	openalex	exact_work_id	W4410110220	requires_openalex_lookup
3889	publication_component:citation:publication:doi:10.1071/zo12013	openalex	exact_work_id	W1987296848	requires_openalex_lookup
3890	publication_component:citation:publication:doi:10.1073/pnas.0409853102	pubmed	exact_pmid_efetch	15689398	requires_pubmed_lookup
3891	publication_component:citation:publication:doi:10.1073/pnas.0500371102	pubmed	exact_pmid_efetch	15728394	requires_pubmed_lookup
3892	publication_component:citation:publication:doi:10.1073/pnas.0700435104	pubmed	exact_pmid_efetch	17360548	requires_pubmed_lookup
3893	publication_component:citation:publication:doi:10.1073/pnas.0800387105	pubmed	exact_pmid_efetch	18458337	requires_pubmed_lookup
3894	publication_component:citation:publication:doi:10.1073/pnas.0802097105	pubmed	exact_pmid_efetch	18776049	requires_pubmed_lookup
3895	publication_component:citation:publication:doi:10.1073/pnas.0802287105	pubmed	exact_pmid_efetch	18621711	requires_pubmed_lookup
3896	publication_component:citation:publication:doi:10.1073/pnas.0802355105	pubmed	exact_pmid_efetch	18809929	requires_pubmed_lookup
3897	publication_component:citation:publication:doi:10.1073/pnas.0802426105	pubmed	exact_pmid_efetch	18768804	requires_pubmed_lookup
3898	publication_component:citation:publication:doi:10.1073/pnas.0806162105	pubmed	exact_pmid_efetch	18787117	requires_pubmed_lookup
3899	publication_component:citation:publication:doi:10.1073/pnas.0806759105	pubmed	exact_pmid_efetch	19011103	requires_pubmed_lookup
3900	publication_component:citation:publication:doi:10.1073/pnas.0811357106	pubmed	exact_pmid_efetch	19359493	requires_pubmed_lookup
3901	publication_component:citation:publication:doi:10.1073/pnas.0900906106	pubmed	exact_pmid_efetch	19325131	requires_pubmed_lookup
3902	publication_component:citation:publication:doi:10.1073/pnas.0901808106	pubmed	exact_pmid_efetch	19351897	requires_pubmed_lookup
3903	publication_component:citation:publication:doi:10.1073/pnas.0903839106	pubmed	exact_pmid_efetch	19805066	requires_pubmed_lookup
3904	publication_component:citation:publication:doi:10.1073/pnas.0904464106	pubmed	exact_pmid_efetch	19497865	requires_pubmed_lookup
3905	publication_component:citation:publication:doi:10.1073/pnas.0904550106	pubmed	exact_pmid_efetch	19805241	requires_pubmed_lookup
3906	publication_component:citation:publication:doi:10.1073/pnas.0906424106	pubmed	exact_pmid_efetch	19706397	requires_pubmed_lookup
3907	publication_component:citation:publication:doi:10.1073/pnas.0908007107	pubmed	exact_pmid_efetch	19966307	requires_pubmed_lookup
3908	publication_component:citation:publication:doi:10.1073/pnas.0908008106	pubmed	exact_pmid_efetch	19926865	requires_pubmed_lookup
3909	publication_component:citation:publication:doi:10.1073/pnas.0908702106	pubmed	exact_pmid_efetch	19805363	requires_pubmed_lookup
3910	publication_component:citation:publication:doi:10.1073/pnas.0914322107	pubmed	exact_pmid_efetch	20368420	requires_pubmed_lookup
3911	publication_component:citation:publication:doi:10.1073/pnas.0914771107	pubmed	exact_pmid_efetch	20439753	requires_pubmed_lookup
3912	publication_component:citation:publication:doi:10.1073/pnas.1001225107	pubmed	exact_pmid_efetch	20304790	requires_pubmed_lookup
3913	publication_component:citation:publication:doi:10.1073/pnas.1007667108	pubmed	exact_pmid_efetch	21220331	requires_pubmed_lookup
3914	publication_component:citation:publication:doi:10.1073/pnas.1007883107	pubmed	exact_pmid_efetch	21115821	requires_pubmed_lookup
3915	publication_component:citation:publication:doi:10.1073/pnas.1007888107	pubmed	exact_pmid_efetch	21059910	requires_pubmed_lookup
3916	publication_component:citation:publication:doi:10.1073/pnas.1011361108	pubmed	exact_pmid_efetch	21282634	requires_pubmed_lookup
3917	publication_component:citation:publication:doi:10.1073/pnas.1013313108	pubmed	exact_pmid_efetch	21436056	requires_pubmed_lookup
3918	publication_component:citation:publication:doi:10.1073/pnas.1015338108	pubmed	exact_pmid_efetch	21586633	requires_pubmed_lookup
3919	publication_component:citation:publication:doi:10.1073/pnas.1015994108	pubmed	exact_pmid_efetch	21690394	requires_pubmed_lookup
3920	publication_component:citation:publication:doi:10.1073/pnas.1016295107	pubmed	exact_pmid_efetch	21115831	requires_pubmed_lookup
3921	publication_component:citation:publication:doi:10.1073/pnas.1018621108	pubmed	exact_pmid_efetch	21521791	requires_pubmed_lookup
3922	publication_component:citation:publication:doi:10.1073/pnas.1019605109	pubmed	exact_pmid_efetch	22315396	requires_pubmed_lookup
3923	publication_component:citation:publication:doi:10.1073/pnas.1101221108	pubmed	exact_pmid_efetch	21642532	requires_pubmed_lookup
3924	publication_component:citation:publication:doi:10.1073/pnas.1103039108	pubmed	exact_pmid_efetch	21788494	requires_pubmed_lookup
3925	publication_component:citation:publication:doi:10.1073/pnas.1103457108	pubmed	exact_pmid_efetch	21482769	requires_pubmed_lookup
3926	publication_component:citation:publication:doi:10.1073/pnas.1104695108	pubmed	exact_pmid_efetch	21555556	requires_pubmed_lookup
3927	publication_component:citation:publication:doi:10.1073/pnas.1104825108	pubmed	exact_pmid_efetch	21911372	requires_pubmed_lookup
3928	publication_component:citation:publication:doi:10.1073/pnas.1105580108	pubmed	exact_pmid_efetch	21911395	requires_pubmed_lookup
3929	publication_component:citation:publication:doi:10.1073/pnas.1110972108	pubmed	exact_pmid_efetch	22135464	requires_pubmed_lookup
3930	publication_component:citation:publication:doi:10.1073/pnas.1113893109	pubmed	exact_pmid_efetch	22323605	requires_pubmed_lookup
3931	publication_component:citation:publication:doi:10.1073/pnas.1115346109	pubmed	exact_pmid_efetch	22308384	requires_pubmed_lookup
3932	publication_component:citation:publication:doi:10.1073/pnas.1118360109	pubmed	exact_pmid_efetch	22411809	requires_pubmed_lookup
3933	publication_component:citation:publication:doi:10.1073/pnas.1119506109	pubmed	exact_pmid_efetch	22474376	requires_pubmed_lookup
3934	publication_component:citation:publication:doi:10.1073/pnas.1208706110	pubmed	exact_pmid_efetch	23407169	requires_pubmed_lookup
3935	publication_component:citation:publication:doi:10.1073/pnas.1210603109	pubmed	exact_pmid_efetch	23091028	requires_pubmed_lookup
3936	publication_component:citation:publication:doi:10.1073/pnas.1212709110	pubmed	exact_pmid_efetch	23267060	requires_pubmed_lookup
3937	publication_component:citation:publication:doi:10.1073/pnas.1213199109	pubmed	exact_pmid_efetch	23129628	requires_pubmed_lookup
3938	publication_component:citation:publication:doi:10.1073/pnas.1213958110	pubmed	exact_pmid_efetch	23341627	requires_pubmed_lookup
3939	publication_component:citation:publication:doi:10.1073/pnas.1215787110	pubmed	exact_pmid_efetch	23401540	requires_pubmed_lookup
3940	publication_component:citation:publication:doi:10.1073/pnas.1218066110	pubmed	exact_pmid_efetch	23382244	requires_pubmed_lookup
3941	publication_component:citation:publication:doi:10.1073/pnas.1218668109	pubmed	exact_pmid_efetch	23197827	requires_pubmed_lookup
3942	publication_component:citation:publication:doi:10.1073/pnas.1221104110	pubmed	exact_pmid_efetch	23842086	requires_pubmed_lookup
3943	publication_component:citation:publication:doi:10.1073/pnas.1300130110	pubmed	exact_pmid_efetch	23650365	requires_pubmed_lookup
3944	publication_component:citation:publication:doi:10.1073/pnas.1303526110	pubmed	exact_pmid_efetch	23847207	requires_pubmed_lookup
3945	publication_component:citation:publication:doi:10.1073/pnas.1311790110	pubmed	exact_pmid_efetch	24218600	requires_pubmed_lookup
3946	publication_component:citation:publication:doi:10.1073/pnas.1313759110	pubmed	exact_pmid_efetch	24101476	requires_pubmed_lookup
3947	publication_component:citation:publication:doi:10.1073/pnas.1314781111	pubmed	exact_pmid_efetch	24324165	requires_pubmed_lookup
3948	publication_component:citation:publication:doi:10.1073/pnas.1316687110	pubmed	exact_pmid_efetch	24167248	requires_pubmed_lookup
3949	publication_component:citation:publication:doi:10.1073/pnas.1319227111	pubmed	exact_pmid_efetch	24825885	requires_pubmed_lookup
3950	publication_component:citation:publication:doi:10.1073/pnas.1320369110	pubmed	exact_pmid_efetch	24297887	requires_pubmed_lookup
3951	publication_component:citation:publication:doi:10.1073/pnas.1320393111	pubmed	exact_pmid_efetch	24550457	requires_pubmed_lookup
3952	publication_component:citation:publication:doi:10.1073/pnas.1321420111	pubmed	exact_pmid_efetch	24711408	requires_pubmed_lookup
3953	publication_component:citation:publication:doi:10.1073/pnas.1405838111	pubmed	exact_pmid_efetch	25053814	requires_pubmed_lookup
3954	publication_component:citation:publication:doi:10.1073/pnas.1410083111	pubmed	exact_pmid_efetch	25385592	requires_pubmed_lookup
3955	publication_component:citation:publication:doi:10.1073/pnas.1412268111	pubmed	exact_pmid_efetch	25267646	requires_pubmed_lookup
3956	publication_component:citation:publication:doi:10.1073/pnas.1412627111	pubmed	exact_pmid_efetch	25453089	requires_pubmed_lookup
3957	publication_component:citation:publication:doi:10.1073/pnas.1412662111	pubmed	exact_pmid_efetch	25368161	requires_pubmed_lookup
3958	publication_component:citation:publication:doi:10.1073/pnas.1412768111	pubmed	exact_pmid_efetch	25288768	requires_pubmed_lookup
3959	publication_component:citation:publication:doi:10.1073/pnas.1417000112	pubmed	exact_pmid_efetch	25605903	requires_pubmed_lookup
3960	publication_component:citation:publication:doi:10.1073/pnas.1419399112	pubmed	exact_pmid_efetch	25535371	requires_pubmed_lookup
3961	publication_component:citation:publication:doi:10.1073/pnas.1419659112	pubmed	exact_pmid_efetch	25991861	requires_pubmed_lookup
3962	publication_component:citation:publication:doi:10.1073/pnas.1423628112	pubmed	exact_pmid_efetch	25583503	requires_pubmed_lookup
3963	publication_component:citation:publication:doi:10.1073/pnas.1424656112	pubmed	exact_pmid_efetch	25624509	requires_pubmed_lookup
3964	publication_component:citation:publication:doi:10.1073/pnas.1501764112	pubmed	exact_pmid_efetch	25733869	requires_pubmed_lookup
3965	publication_component:citation:publication:doi:10.1073/pnas.1504491112	pubmed	exact_pmid_efetch	26100885	requires_pubmed_lookup
3966	publication_component:citation:publication:doi:10.1073/pnas.1505811112	pubmed	exact_pmid_efetch	25902549	requires_pubmed_lookup
3967	publication_component:citation:publication:doi:10.1073/pnas.1510338112	pubmed	exact_pmid_efetch	26100871	requires_pubmed_lookup
3968	publication_component:citation:publication:doi:10.1073/pnas.1511903112	pubmed	exact_pmid_efetch	26504230	requires_pubmed_lookup
3969	publication_component:citation:publication:doi:10.1073/pnas.1512096113	pubmed	exact_pmid_efetch	26884192	requires_pubmed_lookup
3970	publication_component:citation:publication:doi:10.1073/pnas.1513284113	pubmed	exact_pmid_efetch	26715746	requires_pubmed_lookup
3971	publication_component:citation:publication:doi:10.1073/pnas.1518240113	pubmed	exact_pmid_efetch	26903655	requires_pubmed_lookup
3972	publication_component:citation:publication:doi:10.1073/pnas.1519332113	pubmed	exact_pmid_efetch	26979956	requires_pubmed_lookup
3973	publication_component:citation:publication:doi:10.1073/pnas.1519508113	pubmed	exact_pmid_efetch	27162355	requires_pubmed_lookup
3974	publication_component:citation:publication:doi:10.1073/pnas.1604666113	pubmed	exact_pmid_efetch	27457936	requires_pubmed_lookup
3975	publication_component:citation:publication:doi:10.1073/pnas.1604939113	pubmed	exact_pmid_efetch	27621475	requires_pubmed_lookup
3976	publication_component:citation:publication:doi:10.1073/pnas.1605739113	pubmed	exact_pmid_efetch	27681623	requires_pubmed_lookup
3977	publication_component:citation:publication:doi:10.1073/pnas.1608337113	pubmed	exact_pmid_efetch	27357670	requires_pubmed_lookup
3978	publication_component:citation:publication:doi:10.1073/pnas.1608765113	pubmed	exact_pmid_efetch	27791104	requires_pubmed_lookup
3979	publication_component:citation:publication:doi:10.1073/pnas.1610600114	pubmed	exact_pmid_efetch	28584112	requires_pubmed_lookup
3980	publication_component:citation:publication:doi:10.1073/pnas.1613870114	pubmed	exact_pmid_efetch	28096377	requires_pubmed_lookup
3981	publication_component:citation:publication:doi:10.1073/pnas.1613937114	pubmed	exact_pmid_efetch	28053228	requires_pubmed_lookup
3982	publication_component:citation:publication:doi:10.1073/pnas.1614787114	pubmed	exact_pmid_efetch	28167781	requires_pubmed_lookup
3983	publication_component:citation:publication:doi:10.1073/pnas.1615832113	pubmed	exact_pmid_efetch	27799560	requires_pubmed_lookup
3984	publication_component:citation:publication:doi:10.1073/pnas.1616744114	pubmed	exact_pmid_efetch	28808022	requires_pubmed_lookup
3985	publication_component:citation:publication:doi:10.1073/pnas.1700990114	pubmed	exact_pmid_efetch	28630351	requires_pubmed_lookup
3986	publication_component:citation:publication:doi:10.1073/pnas.1702072114	pubmed	exact_pmid_efetch	28507139	requires_pubmed_lookup
3987	publication_component:citation:publication:doi:10.1073/pnas.1702591114	pubmed	exact_pmid_efetch	28847945	requires_pubmed_lookup
3988	publication_component:citation:publication:doi:10.1073/pnas.1704009114	pubmed	exact_pmid_efetch	28652375	requires_pubmed_lookup
3989	publication_component:citation:publication:doi:10.1073/pnas.1704632114	pubmed	exact_pmid_efetch	28673970	requires_pubmed_lookup
3990	publication_component:citation:publication:doi:10.1073/pnas.1704925114	pubmed	exact_pmid_efetch	28652353	requires_pubmed_lookup
3991	publication_component:citation:publication:doi:10.1073/pnas.1705765114	pubmed	exact_pmid_efetch	28642345	requires_pubmed_lookup
3992	publication_component:citation:publication:doi:10.1073/pnas.1706502114	pubmed	exact_pmid_efetch	29078298	requires_pubmed_lookup
3993	publication_component:citation:publication:doi:10.1073/pnas.1709061115	pubmed	exact_pmid_efetch	29348201	requires_pubmed_lookup
3994	publication_component:citation:publication:doi:10.1073/pnas.1714373115	pubmed	exact_pmid_efetch	29378945	requires_pubmed_lookup
3995	publication_component:citation:publication:doi:10.1073/pnas.1717721115	pubmed	exact_pmid_efetch	29483264	requires_pubmed_lookup
3996	publication_component:citation:publication:doi:10.1073/pnas.1719358115	pubmed	exact_pmid_efetch	29760103	requires_pubmed_lookup
3997	publication_component:citation:publication:doi:10.1073/pnas.1719588115	pubmed	exact_pmid_efetch	29463716	requires_pubmed_lookup
3998	publication_component:citation:publication:doi:10.1073/pnas.1719622115	pubmed	exact_pmid_efetch	29678829	requires_pubmed_lookup
3999	publication_component:citation:publication:doi:10.1073/pnas.1720324115	pubmed	exact_pmid_efetch	29507206	requires_pubmed_lookup
4000	publication_component:citation:publication:doi:10.1073/pnas.1721333115	pubmed	exact_pmid_efetch	29793939	requires_pubmed_lookup
4001	publication_component:citation:publication:doi:10.1073/pnas.1802555115	pubmed	exact_pmid_efetch	29866821	requires_pubmed_lookup
4002	publication_component:citation:publication:doi:10.1073/pnas.1805348115	pubmed	exact_pmid_efetch	30065117	requires_pubmed_lookup
4003	publication_component:citation:publication:doi:10.1073/pnas.1806040115	pubmed	exact_pmid_efetch	30068603	requires_pubmed_lookup
4004	publication_component:citation:publication:doi:10.1073/pnas.1806133115	pubmed	exact_pmid_efetch	30104379	requires_pubmed_lookup
4005	publication_component:citation:publication:doi:10.1073/pnas.1807864116	pubmed	exact_pmid_efetch	30796191	requires_pubmed_lookup
4006	publication_component:citation:publication:doi:10.1073/pnas.1810053115	pubmed	exact_pmid_efetch	30127015	requires_pubmed_lookup
4007	publication_component:citation:publication:doi:10.1073/pnas.1812855115	pubmed	exact_pmid_efetch	30530679	requires_pubmed_lookup
4008	publication_component:citation:publication:doi:10.1073/pnas.1812865115	pubmed	exact_pmid_efetch	30478041	requires_pubmed_lookup
4009	publication_component:citation:publication:doi:10.1073/pnas.1813593115	pubmed	exact_pmid_efetch	30348757	requires_pubmed_lookup
4010	publication_component:citation:publication:doi:10.1073/pnas.1813836116	pubmed	exact_pmid_efetch	30808804	requires_pubmed_lookup
4011	publication_component:citation:publication:doi:10.1073/pnas.1814995116	pubmed	exact_pmid_efetch	31113885	requires_pubmed_lookup
4012	publication_component:citation:publication:doi:10.1073/pnas.1815820115	pubmed	exact_pmid_efetch	30478043	requires_pubmed_lookup
4013	publication_component:citation:publication:doi:10.1073/pnas.1816086116	pubmed	exact_pmid_efetch	30808754	requires_pubmed_lookup
4014	publication_component:citation:publication:doi:10.1073/pnas.1816822116	pubmed	exact_pmid_efetch	30598433	requires_pubmed_lookup
4015	publication_component:citation:publication:doi:10.1073/pnas.1817580116	pubmed	exact_pmid_efetch	30894495	requires_pubmed_lookup
4016	publication_component:citation:publication:doi:10.1073/pnas.1817733116	pubmed	exact_pmid_efetch	31023888	requires_pubmed_lookup
4017	publication_component:citation:publication:doi:10.1073/pnas.1900481116	pubmed	exact_pmid_efetch	31182589	requires_pubmed_lookup
4018	publication_component:citation:publication:doi:10.1073/pnas.1902346116	pubmed	exact_pmid_efetch	31341085	requires_pubmed_lookup
4019	publication_component:citation:publication:doi:10.1073/pnas.1904246116	pubmed	exact_pmid_efetch	31578251	requires_pubmed_lookup
4020	publication_component:citation:publication:doi:10.1073/pnas.1906117116	pubmed	exact_pmid_efetch	31772017	requires_pubmed_lookup
4021	publication_component:citation:publication:doi:10.1073/pnas.1906559116	pubmed	exact_pmid_efetch	31501324	requires_pubmed_lookup
4022	publication_component:citation:publication:doi:10.1073/pnas.1907847116	pubmed	exact_pmid_efetch	31636187	requires_pubmed_lookup
4023	publication_component:citation:publication:doi:10.1073/pnas.1908755116	pubmed	exact_pmid_efetch	31451672	requires_pubmed_lookup
4024	publication_component:citation:publication:doi:10.1073/pnas.1912503116	pubmed	exact_pmid_efetch	31767754	requires_pubmed_lookup
4025	publication_component:citation:publication:doi:10.1073/pnas.1916585116	pubmed	exact_pmid_efetch	31843889	requires_pubmed_lookup
4026	publication_component:citation:publication:doi:10.1073/pnas.1916786117	pubmed	exact_pmid_efetch	32123117	requires_pubmed_lookup
4027	publication_component:citation:publication:doi:10.1073/pnas.1917303117	pubmed	exact_pmid_efetch	32241889	requires_pubmed_lookup
4028	publication_component:citation:publication:doi:10.1073/pnas.1918763117	pubmed	exact_pmid_efetch	32229557	requires_pubmed_lookup
4029	publication_component:citation:publication:doi:10.1073/pnas.1919198117	pubmed	exact_pmid_efetch	32156726	requires_pubmed_lookup
4030	publication_component:citation:publication:doi:10.1073/pnas.1919287117	pubmed	exact_pmid_efetch	32366663	requires_pubmed_lookup
4031	publication_component:citation:publication:doi:10.1073/pnas.2003352117	pubmed	exact_pmid_efetch	33106404	requires_pubmed_lookup
4032	publication_component:citation:publication:doi:10.1073/pnas.2006511117	pubmed	exact_pmid_efetch	33328271	requires_pubmed_lookup
4033	publication_component:citation:publication:doi:10.1073/pnas.2009677117	pubmed	exact_pmid_efetch	33106412	requires_pubmed_lookup
4034	publication_component:citation:publication:doi:10.1073/pnas.2009925117	pubmed	exact_pmid_efetch	32938798	requires_pubmed_lookup
4035	publication_component:citation:publication:doi:10.1073/pnas.2010146117	pubmed	exact_pmid_efetch	32826334	requires_pubmed_lookup
4036	publication_component:citation:publication:doi:10.1073/pnas.2010761117	pubmed	exact_pmid_efetch	33229585	requires_pubmed_lookup
4037	publication_component:citation:publication:doi:10.1073/pnas.2012398118	pubmed	exact_pmid_efetch	33753478	requires_pubmed_lookup
4038	publication_component:citation:publication:doi:10.1073/pnas.201392198	pubmed	exact_pmid_efetch	11553790	requires_pubmed_lookup
4039	publication_component:citation:publication:doi:10.1073/pnas.2017384118	pubmed	exact_pmid_efetch	34108239	requires_pubmed_lookup
4040	publication_component:citation:publication:doi:10.1073/pnas.2019158118	pubmed	exact_pmid_efetch	33558418	requires_pubmed_lookup
4041	publication_component:citation:publication:doi:10.1073/pnas.2021390118	pubmed	exact_pmid_efetch	34183409	requires_pubmed_lookup
4042	publication_component:citation:publication:doi:10.1073/pnas.2021516118	pubmed	exact_pmid_efetch	33479172	requires_pubmed_lookup
4043	publication_component:citation:publication:doi:10.1073/pnas.2022117118	pubmed	exact_pmid_efetch	34162703	requires_pubmed_lookup
4044	publication_component:citation:publication:doi:10.1073/pnas.2022302118	pubmed	exact_pmid_efetch	33941644	requires_pubmed_lookup
4045	publication_component:citation:publication:doi:10.1073/pnas.2023575118	pubmed	exact_pmid_efetch	33972434	requires_pubmed_lookup
4046	publication_component:citation:publication:doi:10.1073/pnas.2023918118	pubmed	exact_pmid_efetch	34873033	requires_pubmed_lookup
4047	publication_component:citation:publication:doi:10.1073/pnas.2023936118	pubmed	exact_pmid_efetch	33753505	requires_pubmed_lookup
4048	publication_component:citation:publication:doi:10.1073/pnas.2026029118	pubmed	exact_pmid_efetch	34535549	requires_pubmed_lookup
4049	publication_component:citation:publication:doi:10.1073/pnas.2100712118	pubmed	exact_pmid_efetch	34011609	requires_pubmed_lookup
4050	publication_component:citation:publication:doi:10.1073/pnas.2101177118	pubmed	exact_pmid_efetch	34725254	requires_pubmed_lookup
4051	publication_component:citation:publication:doi:10.1073/pnas.2101767118	pubmed	exact_pmid_efetch	33986115	requires_pubmed_lookup
4052	publication_component:citation:publication:doi:10.1073/pnas.2105431118	pubmed	exact_pmid_efetch	34697247	requires_pubmed_lookup
4053	publication_component:citation:publication:doi:10.1073/pnas.2109204118	pubmed	exact_pmid_efetch	34548402	requires_pubmed_lookup
4054	publication_component:citation:publication:doi:10.1073/pnas.2114401119	pubmed	exact_pmid_efetch	35217607	requires_pubmed_lookup
4055	publication_component:citation:publication:doi:10.1073/pnas.2116342119	pubmed	exact_pmid_efetch	35286217	requires_pubmed_lookup
4056	publication_component:citation:publication:doi:10.1073/pnas.2116681119	pubmed	exact_pmid_efetch	35994669	requires_pubmed_lookup
4057	publication_component:citation:publication:doi:10.1073/pnas.2119210119	pubmed	exact_pmid_efetch	35193982	requires_pubmed_lookup
4058	publication_component:citation:publication:doi:10.1073/pnas.2119671119	pubmed	exact_pmid_efetch	35363565	requires_pubmed_lookup
4059	publication_component:citation:publication:doi:10.1073/pnas.2121241119	pubmed	exact_pmid_efetch	35639693	requires_pubmed_lookup
4060	publication_component:citation:publication:doi:10.1073/pnas.2121335119	pubmed	exact_pmid_efetch	35639694	requires_pubmed_lookup
4061	publication_component:citation:publication:doi:10.1073/pnas.2123030119	pubmed	exact_pmid_efetch	36161902	requires_pubmed_lookup
4062	publication_component:citation:publication:doi:10.1073/pnas.2123248119	pubmed	exact_pmid_efetch	35486690	requires_pubmed_lookup
4063	publication_component:citation:publication:doi:10.1073/pnas.2201113119	pubmed	exact_pmid_efetch	35533275	requires_pubmed_lookup
4064	publication_component:citation:publication:doi:10.1073/pnas.2204336119	pubmed	exact_pmid_efetch	35858382	requires_pubmed_lookup
4065	publication_component:citation:publication:doi:10.1073/pnas.2204993119	pubmed	exact_pmid_efetch	36322765	requires_pubmed_lookup
4066	publication_component:citation:publication:doi:10.1073/pnas.2205986119	pubmed	exact_pmid_efetch	35969758	requires_pubmed_lookup
4067	publication_component:citation:publication:doi:10.1073/pnas.2206610119	pubmed	exact_pmid_efetch	35947637	requires_pubmed_lookup
4068	publication_component:citation:publication:doi:10.1073/pnas.2206945119	pubmed	exact_pmid_efetch	36693089	requires_pubmed_lookup
4069	publication_component:citation:publication:doi:10.1073/pnas.2208496119	pubmed	exact_pmid_efetch	36122204	requires_pubmed_lookup
4070	publication_component:citation:publication:doi:10.1073/pnas.2212406119	pubmed	exact_pmid_efetch	36346846	requires_pubmed_lookup
4071	publication_component:citation:publication:doi:10.1073/pnas.2212633120	pubmed	exact_pmid_efetch	36595674	requires_pubmed_lookup
4072	publication_component:citation:publication:doi:10.1073/pnas.2213096119	pubmed	exact_pmid_efetch	36508678	requires_pubmed_lookup
4073	publication_component:citation:publication:doi:10.1073/pnas.2213887120	pubmed	exact_pmid_efetch	36669098	requires_pubmed_lookup
4074	publication_component:citation:publication:doi:10.1073/pnas.2214977120	pubmed	exact_pmid_efetch	36897968	requires_pubmed_lookup
4075	publication_component:citation:publication:doi:10.1073/pnas.2215828120	pubmed	exact_pmid_efetch	37155880	requires_pubmed_lookup
4076	publication_component:citation:publication:doi:10.1073/pnas.2217194120	pubmed	exact_pmid_efetch	36800387	requires_pubmed_lookup
4077	publication_component:citation:publication:doi:10.1073/pnas.2219469120	pubmed	exact_pmid_efetch	37126718	requires_pubmed_lookup
4078	publication_component:citation:publication:doi:10.1073/pnas.2221166120	pubmed	exact_pmid_efetch	37155838	requires_pubmed_lookup
4079	publication_component:citation:publication:doi:10.1073/pnas.2221683120	pubmed	exact_pmid_efetch	37216548	requires_pubmed_lookup
4080	publication_component:citation:publication:doi:10.1073/pnas.2301394120	pubmed	exact_pmid_efetch	37399390	requires_pubmed_lookup
4081	publication_component:citation:publication:doi:10.1073/pnas.2304177120	pubmed	exact_pmid_efetch	37487088	requires_pubmed_lookup
4082	publication_component:citation:publication:doi:10.1073/pnas.2304687120	pubmed	exact_pmid_efetch	37487089	requires_pubmed_lookup
4083	publication_component:citation:publication:doi:10.1073/pnas.2310763120	pubmed	exact_pmid_efetch	38165928	requires_pubmed_lookup
4084	publication_component:citation:publication:doi:10.1073/pnas.2312468120	pubmed	exact_pmid_efetch	38306477	requires_pubmed_lookup
4085	publication_component:citation:publication:doi:10.1073/pnas.2312607121	pubmed	exact_pmid_efetch	38236735	requires_pubmed_lookup
4086	publication_component:citation:publication:doi:10.1073/pnas.2313921121	pubmed	exact_pmid_efetch	38568968	requires_pubmed_lookup
4087	publication_component:citation:publication:doi:10.1073/pnas.2317240121	pubmed	exact_pmid_efetch	38427600	requires_pubmed_lookup
4088	publication_component:citation:publication:doi:10.1073/pnas.2317851121	pubmed	exact_pmid_efetch	38416684	requires_pubmed_lookup
4089	publication_component:citation:publication:doi:10.1073/pnas.2317954121	pubmed	exact_pmid_efetch	38683976	requires_pubmed_lookup
4090	publication_component:citation:publication:doi:10.1073/pnas.2318857121	pubmed	exact_pmid_efetch	38437547	requires_pubmed_lookup
4091	publication_component:citation:publication:doi:10.1073/pnas.2319506121	pubmed	exact_pmid_efetch	38557186	requires_pubmed_lookup
4092	publication_component:citation:publication:doi:10.1073/pnas.2321619121	pubmed	exact_pmid_efetch	38833475	requires_pubmed_lookup
4093	publication_component:citation:publication:doi:10.1073/pnas.2409843121	pubmed	exact_pmid_efetch	39288183	requires_pubmed_lookup
4094	publication_component:citation:publication:doi:10.1073/pnas.2414761122	pubmed	exact_pmid_efetch	40402243	requires_pubmed_lookup
4095	publication_component:citation:publication:doi:10.1073/pnas.2415717122	pubmed	exact_pmid_efetch	39793087	requires_pubmed_lookup
4096	publication_component:citation:publication:doi:10.1073/pnas.2415979122	pubmed	exact_pmid_efetch	40440075	requires_pubmed_lookup
4097	publication_component:citation:publication:doi:10.1073/pnas.2417264122	pubmed	exact_pmid_efetch	39883846	requires_pubmed_lookup
4098	publication_component:citation:publication:doi:10.1073/pnas.2418254122	pubmed	exact_pmid_efetch	40986350	requires_pubmed_lookup
4099	publication_component:citation:publication:doi:10.1073/pnas.2419696122	pubmed	exact_pmid_efetch	40402244	requires_pubmed_lookup
4100	publication_component:citation:publication:doi:10.1073/pnas.2419716122	pubmed	exact_pmid_efetch	40279387	requires_pubmed_lookup
4101	publication_component:citation:publication:doi:10.1073/pnas.2419860122	pubmed	exact_pmid_efetch	39928860	requires_pubmed_lookup
4102	publication_component:citation:publication:doi:10.1073/pnas.2420078121	pubmed	exact_pmid_efetch	39576350	requires_pubmed_lookup
4103	publication_component:citation:publication:doi:10.1073/pnas.2421446122	pubmed	exact_pmid_efetch	39928872	requires_pubmed_lookup
4104	publication_component:citation:publication:doi:10.1073/pnas.2423386122	pubmed	exact_pmid_efetch	40339119	requires_pubmed_lookup
4105	publication_component:citation:publication:doi:10.1073/pnas.2423818122	pubmed	exact_pmid_efetch	40854139	requires_pubmed_lookup
4106	publication_component:citation:publication:doi:10.1073/pnas.2501394122	pubmed	exact_pmid_efetch	40314983	requires_pubmed_lookup
4107	publication_component:citation:publication:doi:10.1073/pnas.2501433122	pubmed	exact_pmid_efetch	41248286	requires_pubmed_lookup
4108	publication_component:citation:publication:doi:10.1073/pnas.2501435122	pubmed	exact_pmid_efetch	40773234	requires_pubmed_lookup
4109	publication_component:citation:publication:doi:10.1073/pnas.2502129122	pubmed	exact_pmid_efetch	40663609	requires_pubmed_lookup
4110	publication_component:citation:publication:doi:10.1073/pnas.2502688122	pubmed	exact_pmid_efetch	41071658	requires_pubmed_lookup
4111	publication_component:citation:publication:doi:10.1073/pnas.2503746122	pubmed	exact_pmid_efetch	40720643	requires_pubmed_lookup
4112	publication_component:citation:publication:doi:10.1073/pnas.2508783122	pubmed	exact_pmid_efetch	40920921	requires_pubmed_lookup
4113	publication_component:citation:publication:doi:10.1073/pnas.2512820122	pubmed	exact_pmid_efetch	40996803	requires_pubmed_lookup
4114	publication_component:citation:publication:doi:10.1073/pnas.2513640122	pubmed	exact_pmid_efetch	41325521	requires_pubmed_lookup
4115	publication_component:citation:publication:doi:10.1073/pnas.2519291122	pubmed	exact_pmid_efetch	41052354	requires_pubmed_lookup
4116	publication_component:citation:publication:doi:10.1073/pnas.2520645123	pubmed	exact_pmid_efetch	41774808	requires_pubmed_lookup
4117	publication_component:citation:publication:doi:10.1073/pnas.2521306123	pubmed	exact_pmid_efetch	41512038	requires_pubmed_lookup
4118	publication_component:citation:publication:doi:10.1073/pnas.2525299123	pubmed	exact_pmid_efetch	41686477	requires_pubmed_lookup
4119	publication_component:citation:publication:doi:10.1073/pnas.2533820123	pubmed	exact_pmid_efetch	42081724	requires_pubmed_lookup
4120	publication_component:citation:publication:doi:10.1073/pnas.2534611123	pubmed	exact_pmid_efetch	41818139	requires_pubmed_lookup
4121	publication_component:citation:publication:doi:10.1073/pnas.2537999123	pubmed	exact_pmid_efetch	41996162	requires_pubmed_lookup
4122	publication_component:citation:publication:doi:10.1073/pnas.2601272123	pubmed	exact_pmid_efetch	42154556	requires_pubmed_lookup
4123	publication_component:citation:publication:doi:10.1073/pnas.2602557123	pubmed	exact_pmid_efetch	42441853	requires_pubmed_lookup
4124	publication_component:citation:publication:doi:10.1074/jbc.m109.052738	pubmed	exact_pmid_efetch	19723631	requires_pubmed_lookup
4125	publication_component:citation:publication:doi:10.1074/jbc.m109.081851	pubmed	exact_pmid_efetch	20145247	requires_pubmed_lookup
4126	publication_component:citation:publication:doi:10.1074/jbc.m111.244483	pubmed	exact_pmid_efetch	21527638	requires_pubmed_lookup
4127	publication_component:citation:publication:doi:10.1074/jbc.m111.310250	pubmed	exact_pmid_efetch	22081608	requires_pubmed_lookup
4128	publication_component:citation:publication:doi:10.1074/jbc.m112.433987	pubmed	exact_pmid_efetch	23640894	requires_pubmed_lookup
4129	publication_component:citation:publication:doi:10.1074/jbc.m113.456863	pubmed	exact_pmid_efetch	23846689	requires_pubmed_lookup
4130	publication_component:citation:publication:doi:10.1074/jbc.m113.468371	pubmed	exact_pmid_efetch	23720749	requires_pubmed_lookup
4131	publication_component:citation:publication:doi:10.1074/jbc.m113.503359	pubmed	exact_pmid_efetch	24338473	requires_pubmed_lookup
4132	publication_component:citation:publication:doi:10.1074/jbc.m117.799346	pubmed	exact_pmid_efetch	28747436	requires_pubmed_lookup
4133	publication_component:citation:publication:doi:10.1074/jbc.ra118.005695	pubmed	exact_pmid_efetch	30291143	requires_pubmed_lookup
4134	publication_component:citation:publication:doi:10.1074/mcp.m111.012054	pubmed	exact_pmid_efetch	21969612	requires_pubmed_lookup
4135	publication_component:citation:publication:doi:10.1074/mcp.m112.023135	pubmed	exact_pmid_efetch	23242553	requires_pubmed_lookup
4136	publication_component:citation:publication:doi:10.1074/mcp.m112.023143	pubmed	exact_pmid_efetch	23547263	requires_pubmed_lookup
4137	publication_component:citation:publication:doi:10.1074/mcp.ra118.001098	pubmed	exact_pmid_efetch	30760537	requires_pubmed_lookup
4138	publication_component:citation:publication:doi:10.1080/00218839.2025.2477412	openalex	exact_work_id	W4408673650	requires_openalex_lookup
4139	publication_component:citation:publication:doi:10.1080/00222930802478669	openalex	exact_work_id	W2029377984	requires_openalex_lookup
4140	publication_component:citation:publication:doi:10.1080/01584197.2019.1686994	openalex	exact_work_id	W2990671436	requires_openalex_lookup
4141	publication_component:citation:publication:doi:10.1080/01614940.2024.2313603	openalex	exact_work_id	W4391931424	requires_openalex_lookup
4142	publication_component:citation:publication:doi:10.1080/01652176.2024.2318198	pubmed	exact_pmid_efetch	38465827	requires_pubmed_lookup
4143	publication_component:citation:publication:doi:10.1080/01677063.2017.1398241	pubmed	exact_pmid_efetch	29168413	requires_pubmed_lookup
4144	publication_component:citation:publication:doi:10.1080/02664763.2011.567253	openalex	exact_work_id	W2036355768	requires_openalex_lookup
4145	publication_component:citation:publication:doi:10.1080/03079457.2023.2236568	pubmed	exact_pmid_efetch	37565466	requires_pubmed_lookup
4146	publication_component:citation:publication:doi:10.1080/07391102.2016.1222968	pubmed	exact_pmid_efetch	27632363	requires_pubmed_lookup
4147	publication_component:citation:publication:doi:10.1080/07391102.2020.1749129	pubmed	exact_pmid_efetch	32223527	requires_pubmed_lookup
4148	publication_component:citation:publication:doi:10.1080/07391102.2021.1982772	pubmed	exact_pmid_efetch	34596010	requires_pubmed_lookup
4149	publication_component:citation:publication:doi:10.1080/07391102.2023.2194002	pubmed	exact_pmid_efetch	37021361	requires_pubmed_lookup
4150	publication_component:citation:publication:doi:10.1080/07391102.2023.2235605	pubmed	exact_pmid_efetch	37464885	requires_pubmed_lookup
4151	publication_component:citation:publication:doi:10.1080/09168451.2014.896732	pubmed	exact_pmid_efetch	25036954	requires_pubmed_lookup
4152	publication_component:citation:publication:doi:10.1080/09537104.2018.1457783	pubmed	exact_pmid_efetch	29617175	requires_pubmed_lookup
4153	publication_component:citation:publication:doi:10.1080/09670262.2018.1539526	openalex	exact_work_id	W2917654992	requires_openalex_lookup
4154	publication_component:citation:publication:doi:10.1080/09670262.2019.1663269	openalex	exact_work_id	W2986580899	requires_openalex_lookup
4155	publication_component:citation:publication:doi:10.1080/09670262.2022.2035825	openalex	exact_work_id	W4226184180	requires_openalex_lookup
4156	publication_component:citation:publication:doi:10.1080/09712119.2013.782868	openalex	exact_work_id	W2052428754	requires_openalex_lookup
4157	publication_component:citation:publication:doi:10.1080/10495398.2017.1285307	pubmed	exact_pmid_efetch	28267411	requires_pubmed_lookup
4158	publication_component:citation:publication:doi:10.1080/106351500750049752	pubmed	exact_pmid_efetch	12116432	requires_pubmed_lookup
4159	publication_component:citation:publication:doi:10.1080/10635150290102339	pubmed	exact_pmid_efetch	12228001	requires_pubmed_lookup
4160	publication_component:citation:publication:doi:10.1080/10635150290102375	pubmed	exact_pmid_efetch	12396585	requires_pubmed_lookup
4161	publication_component:citation:publication:doi:10.1080/10635150390192780	pubmed	exact_pmid_efetch	12746144	requires_pubmed_lookup
4162	publication_component:citation:publication:doi:10.1080/10635150390238879	pubmed	exact_pmid_efetch	14530132	requires_pubmed_lookup
4163	publication_component:citation:publication:doi:10.1080/10635150701613783	pubmed	exact_pmid_efetch	17886144	requires_pubmed_lookup
4165	publication_component:citation:publication:doi:10.1080/12298093.2023.2272380	pubmed	exact_pmid_efetch	38179115	requires_pubmed_lookup
4166	publication_component:citation:publication:doi:10.1080/13102818.2021.1879676	openalex	exact_work_id	W3135162178	requires_openalex_lookup
4167	publication_component:citation:publication:doi:10.1080/13416979.2022.2028707	openalex	exact_work_id	W4210242393	requires_openalex_lookup
4168	publication_component:citation:publication:doi:10.1080/14620316.2017.1338923	openalex	exact_work_id	W2655608222	requires_openalex_lookup
4169	publication_component:citation:publication:doi:10.1080/15476286.2015.1017215	pubmed	exact_pmid_efetch	25826567	requires_pubmed_lookup
4170	publication_component:citation:publication:doi:10.1080/15476286.2017.1349047	pubmed	exact_pmid_efetch	28722509	requires_pubmed_lookup
4171	publication_component:citation:publication:doi:10.1080/15476286.2018.1493331	pubmed	exact_pmid_efetch	30103650	requires_pubmed_lookup
4172	publication_component:citation:publication:doi:10.1080/15476286.2023.2221511	pubmed	exact_pmid_efetch	37294214	requires_pubmed_lookup
4173	publication_component:citation:publication:doi:10.1080/15548627.2026.2618126	pubmed	exact_pmid_efetch	41550068	requires_pubmed_lookup
4174	publication_component:citation:publication:doi:10.1080/15592294.2014.1003744	pubmed	exact_pmid_efetch	25634226	requires_pubmed_lookup
4175	publication_component:citation:publication:doi:10.1080/17460794.2024.2357931	openalex	exact_work_id	W4399743063	requires_openalex_lookup
4176	publication_component:citation:publication:doi:10.1080/17550874.2012.727875	openalex	exact_work_id	W2146823795	requires_openalex_lookup
4177	publication_component:citation:publication:doi:10.1080/17550874.2021.2012849	openalex	exact_work_id	W4200516861	requires_openalex_lookup
4178	publication_component:citation:publication:doi:10.1080/19336934.2015.1120931	pubmed	exact_pmid_efetch	26695093	requires_pubmed_lookup
4179	publication_component:citation:publication:doi:10.1080/19490976.2024.2442522	pubmed	exact_pmid_efetch	39722539	requires_pubmed_lookup
4180	publication_component:citation:publication:doi:10.1080/19768354.2026.2620255	pubmed	exact_pmid_efetch	41635896	requires_pubmed_lookup
4181	publication_component:citation:publication:doi:10.1080/19768354.2026.2643995	pubmed	exact_pmid_efetch	41878218	requires_pubmed_lookup
4182	publication_component:citation:publication:doi:10.1080/21505594.2021.1911477	pubmed	exact_pmid_efetch	34030593	requires_pubmed_lookup
4183	publication_component:citation:publication:doi:10.1080/21505594.2024.2395837	pubmed	exact_pmid_efetch	39240070	requires_pubmed_lookup
4184	publication_component:citation:publication:doi:10.1080/21505594.2025.2497901	pubmed	exact_pmid_efetch	40320374	requires_pubmed_lookup
4185	publication_component:citation:publication:doi:10.1080/21505594.2025.2504124	pubmed	exact_pmid_efetch	40401680	requires_pubmed_lookup
4186	publication_component:citation:publication:doi:10.1080/21505594.2026.2673646	pubmed	exact_pmid_efetch	42127018	requires_pubmed_lookup
4187	publication_component:citation:publication:doi:10.1080/21505594.2026.2697085	pubmed	exact_pmid_efetch	42374704	requires_pubmed_lookup
4188	publication_component:citation:publication:doi:10.1080/22221751.2019.1595985	pubmed	exact_pmid_efetch	30924410	requires_pubmed_lookup
4189	publication_component:citation:publication:doi:10.1080/22221751.2020.1773745	pubmed	exact_pmid_efetch	32525765	requires_pubmed_lookup
4190	publication_component:citation:publication:doi:10.1080/22221751.2020.1863747	pubmed	exact_pmid_efetch	33306459	requires_pubmed_lookup
4191	publication_component:citation:publication:doi:10.1080/22221751.2021.1922097	pubmed	exact_pmid_efetch	33896413	requires_pubmed_lookup
4192	publication_component:citation:publication:doi:10.1080/22221751.2021.1943540	pubmed	exact_pmid_efetch	34125658	requires_pubmed_lookup
4193	publication_component:citation:publication:doi:10.1080/22221751.2023.2249558	pubmed	exact_pmid_efetch	37585307	requires_pubmed_lookup
4194	publication_component:citation:publication:doi:10.1080/22221751.2023.2259001	pubmed	exact_pmid_efetch	37698611	requires_pubmed_lookup
4195	publication_component:citation:publication:doi:10.1080/22221751.2024.2412635	pubmed	exact_pmid_efetch	39360827	requires_pubmed_lookup
4196	publication_component:citation:publication:doi:10.1080/22221751.2024.2449087	pubmed	exact_pmid_efetch	39760260	requires_pubmed_lookup
4197	publication_component:citation:publication:doi:10.1080/22221751.2025.2521850	pubmed	exact_pmid_efetch	40523127	requires_pubmed_lookup
4198	publication_component:citation:publication:doi:10.1080/22221751.2026.2620222	pubmed	exact_pmid_efetch	41555529	requires_pubmed_lookup
4199	publication_component:citation:publication:doi:10.1080/22221751.2026.2620237	pubmed	exact_pmid_efetch	41555524	requires_pubmed_lookup
4200	publication_component:citation:publication:doi:10.1080/22221751.2026.2627076	pubmed	exact_pmid_efetch	41632631	requires_pubmed_lookup
4201	publication_component:citation:publication:doi:10.1080/22221751.2026.2637287	pubmed	exact_pmid_efetch	41843435	requires_pubmed_lookup
4202	publication_component:citation:publication:doi:10.1080/22221751.2026.2640699	pubmed	exact_pmid_efetch	41780060	requires_pubmed_lookup
4203	publication_component:citation:publication:doi:10.1080/23744235.2025.2466118	pubmed	exact_pmid_efetch	39982428	requires_pubmed_lookup
4204	publication_component:citation:publication:doi:10.1080/23802359.2018.1536445	openalex	exact_work_id	W2909116092	requires_openalex_lookup
4205	publication_component:citation:publication:doi:10.1080/23802359.2024.2432352	pubmed	exact_pmid_efetch	41367400	requires_pubmed_lookup
4206	publication_component:citation:publication:doi:10.1080/23818107.2018.1469429	openalex	exact_work_id	W2847523241	requires_openalex_lookup
4207	publication_component:citation:publication:doi:10.1080/23818107.2024.2414981	openalex	exact_work_id	W4403551246	requires_openalex_lookup
4208	publication_component:citation:publication:doi:10.1080/24701394.2018.1484119	pubmed	exact_pmid_efetch	30196742	requires_pubmed_lookup
4209	publication_component:citation:publication:doi:10.1080/24701394.2023.2299382	openalex	exact_work_id	W4398168193	requires_openalex_lookup
4210	publication_component:citation:publication:doi:10.1080/24701394.2024.2416179	pubmed	exact_pmid_efetch	39417543	requires_pubmed_lookup
4211	publication_component:citation:publication:doi:10.1080/24701394.2025.2558612	pubmed	exact_pmid_efetch	40931962	requires_pubmed_lookup
4212	publication_component:citation:publication:doi:10.1080/24701394.2025.2558619	pubmed	exact_pmid_efetch	40931882	requires_pubmed_lookup
4213	publication_component:citation:publication:doi:10.1080/24701394.2025.2583076	pubmed	exact_pmid_efetch	41193241	requires_pubmed_lookup
4214	publication_component:citation:publication:doi:10.1080/26388081.2023.2193619	openalex	exact_work_id	W4361224294	requires_openalex_lookup
4215	publication_component:citation:publication:doi:10.1080/26895293.2021.1926341	openalex	exact_work_id	W3160048363	requires_openalex_lookup
4216	publication_component:citation:publication:doi:10.1083/jcb.202212084	pubmed	exact_pmid_efetch	37358475	requires_pubmed_lookup
4217	publication_component:citation:publication:doi:10.1086/503914	pubmed	exact_pmid_efetch	16652319	requires_pubmed_lookup
4218	publication_component:citation:publication:doi:10.1086/649782	pubmed	exact_pmid_efetch	20028233	requires_pubmed_lookup
4219	publication_component:citation:publication:doi:10.1086/652240	pubmed	exact_pmid_efetch	20380562	requires_pubmed_lookup
4220	publication_component:citation:publication:doi:10.1086/656429	openalex	exact_work_id	W1978006184	requires_openalex_lookup
4221	publication_component:citation:publication:doi:10.1086/680052	pubmed	exact_pmid_efetch	25811085	requires_pubmed_lookup
4222	publication_component:citation:publication:doi:10.1086/715841	pubmed	exact_pmid_efetch	34436962	requires_pubmed_lookup
4223	publication_component:citation:publication:doi:10.1086/717768	pubmed	exact_pmid_efetch	35077272	requires_pubmed_lookup
4224	publication_component:citation:publication:doi:10.1086/720745	pubmed	exact_pmid_efetch	36150203	requires_pubmed_lookup
4225	publication_component:citation:publication:doi:10.1086/724824	openalex	exact_work_id	W4322726095	requires_openalex_lookup
4226	publication_component:citation:publication:doi:10.1086/725805	pubmed	exact_pmid_efetch	37792916	requires_pubmed_lookup
4227	publication_component:citation:publication:doi:10.1086/733931	pubmed	exact_pmid_efetch	39965231	requires_pubmed_lookup
4228	publication_component:citation:publication:doi:10.1086/738376	openalex	exact_doi	10.1086/738376	requires_openalex_lookup
4229	publication_component:citation:publication:doi:10.1088/1478-3975/12/3/035001	pubmed	exact_pmid_efetch	25927823	requires_pubmed_lookup
4230	publication_component:citation:publication:doi:10.1088/1755-1315/20/1/012008	openalex	exact_work_id	W1969827204	requires_openalex_lookup
4231	publication_component:citation:publication:doi:10.1089/aid.2020.0213	pubmed	exact_pmid_efetch	33191758	requires_pubmed_lookup
4232	publication_component:citation:publication:doi:10.1089/cmb.2010.0139	pubmed	exact_pmid_efetch	22414153	requires_pubmed_lookup
4233	publication_component:citation:publication:doi:10.1089/cmb.2020.0500	pubmed	exact_pmid_efetch	34491104	requires_pubmed_lookup
4234	publication_component:citation:publication:doi:10.1089/cmb.2021.0011	pubmed	exact_pmid_efetch	34125600	requires_pubmed_lookup
4235	publication_component:citation:publication:doi:10.1089/cmb.2022.0469	pubmed	exact_pmid_efetch	37098217	requires_pubmed_lookup
4236	publication_component:citation:publication:doi:10.1089/dna.2020.5537	pubmed	exact_pmid_efetch	32936023	requires_pubmed_lookup
4237	publication_component:citation:publication:doi:10.1089/fpd.2010.0624	pubmed	exact_pmid_efetch	20707723	requires_pubmed_lookup
4238	publication_component:citation:publication:doi:10.1089/fpd.2016.2219	pubmed	exact_pmid_efetch	28398866	requires_pubmed_lookup
4239	publication_component:citation:publication:doi:10.1089/fpd.2019.2662	pubmed	exact_pmid_efetch	31194586	requires_pubmed_lookup
4240	publication_component:citation:publication:doi:10.1089/fpd.2021.0072	pubmed	exact_pmid_efetch	35420907	requires_pubmed_lookup
4241	publication_component:citation:publication:doi:10.1089/mdr.2020.0389	pubmed	exact_pmid_efetch	33232624	requires_pubmed_lookup
4242	publication_component:citation:publication:doi:10.1089/omi.2019.0005	pubmed	exact_pmid_efetch	31009331	requires_pubmed_lookup
4243	publication_component:citation:publication:doi:10.1089/vbz.2010.0001	pubmed	exact_pmid_efetch	21138380	requires_pubmed_lookup
4244	publication_component:citation:publication:doi:10.1089/vbz.2023.0126	pubmed	exact_pmid_efetch	38775097	requires_pubmed_lookup
4245	publication_component:citation:publication:doi:10.1091/mbc.e11-03-0244	pubmed	exact_pmid_efetch	21737673	requires_pubmed_lookup
4246	publication_component:citation:publication:doi:10.1091/mbc.e15-12-0816	pubmed	exact_pmid_efetch	27009200	requires_pubmed_lookup
4247	publication_component:citation:publication:doi:10.1093/abbs/gmaa153	pubmed	exact_pmid_efetch	33346339	requires_pubmed_lookup
4249	publication_component:citation:publication:doi:10.1093/acprof:oso/9780199602605.002.0003	openalex	exact_work_id	W4300898765	requires_openalex_lookup
4250	publication_component:citation:publication:doi:10.1093/acprof:oso/9780199602605.002.0004	openalex	exact_work_id	W4302358143	requires_openalex_lookup
4251	publication_component:citation:publication:doi:10.1093/acprof:oso/9780199602605.002.0005	openalex	exact_work_id	W4299974281	requires_openalex_lookup
4252	publication_component:citation:publication:doi:10.1093/acprof:oso/9780199602605.003.0001	openalex	exact_work_id	W4250405468	requires_openalex_lookup
4253	publication_component:citation:publication:doi:10.1093/acprof:oso/9780199602605.003.0002	openalex	exact_work_id	W4254898724	requires_openalex_lookup
4254	publication_component:citation:publication:doi:10.1093/acprof:oso/9780199602605.003.0003	openalex	exact_work_id	W4242404922	requires_openalex_lookup
4255	publication_component:citation:publication:doi:10.1093/acprof:oso/9780199602605.003.0005	openalex	exact_work_id	W2501379391	requires_openalex_lookup
4256	publication_component:citation:publication:doi:10.1093/acprof:oso/9780199602605.003.0006	openalex	exact_work_id	W4232559317	requires_openalex_lookup
4257	publication_component:citation:publication:doi:10.1093/acprof:oso/9780199602605.003.0007	openalex	exact_work_id	W2494638202	requires_openalex_lookup
4258	publication_component:citation:publication:doi:10.1093/acprof:oso/9780199602605.003.0008	openalex	exact_work_id	W4239866432	requires_openalex_lookup
4259	publication_component:citation:publication:doi:10.1093/acprof:oso/9780199602605.003.0009	openalex	exact_work_id	W2496408028	requires_openalex_lookup
4260	publication_component:citation:publication:doi:10.1093/acprof:oso/9780199602605.003.0010	openalex	exact_work_id	W4236902373	requires_openalex_lookup
4261	publication_component:citation:publication:doi:10.1093/acprof:oso/9780199602605.003.0011	openalex	exact_work_id	W4234159541	requires_openalex_lookup
4262	publication_component:citation:publication:doi:10.1093/acprof:oso/9780199602605.003.0012	openalex	exact_work_id	W4246483156	requires_openalex_lookup
4263	publication_component:citation:publication:doi:10.1093/acprof:oso/9780199602605.003.0013	openalex	exact_work_id	W4236695726	requires_openalex_lookup
4264	publication_component:citation:publication:doi:10.1093/acprof:osobl/9780199601165.003.0012	openalex	exact_work_id	W2181551185	requires_openalex_lookup
4265	publication_component:citation:publication:doi:10.1093/aob/mcab008	pubmed	exact_pmid_efetch	33637991	requires_pubmed_lookup
4266	publication_component:citation:publication:doi:10.1093/aob/mcac113	pubmed	exact_pmid_efetch	36075207	requires_pubmed_lookup
4267	publication_component:citation:publication:doi:10.1093/aob/mcac114	pubmed	exact_pmid_efetch	36087101	requires_pubmed_lookup
4268	publication_component:citation:publication:doi:10.1093/aob/mcad097	pubmed	exact_pmid_efetch	37467144	requires_pubmed_lookup
4269	publication_component:citation:publication:doi:10.1093/aob/mcae085	pubmed	exact_pmid_efetch	38822911	requires_pubmed_lookup
4270	publication_component:citation:publication:doi:10.1093/aob/mcaf114	pubmed	exact_pmid_efetch	40492332	requires_pubmed_lookup
4271	publication_component:citation:publication:doi:10.1093/aob/mcaf170	pubmed	exact_pmid_efetch	40751490	requires_pubmed_lookup
4272	publication_component:citation:publication:doi:10.1093/aob/mcag114	pubmed	exact_pmid_efetch	42037526	requires_pubmed_lookup
4273	publication_component:citation:publication:doi:10.1093/aob/mcp272	pubmed	exact_pmid_efetch	19887471	requires_pubmed_lookup
4274	publication_component:citation:publication:doi:10.1093/aob/mcu050	pubmed	exact_pmid_efetch	24769537	requires_pubmed_lookup
4275	publication_component:citation:publication:doi:10.1093/aob/mcu061	pubmed	exact_pmid_efetch	24812252	requires_pubmed_lookup
4276	publication_component:citation:publication:doi:10.1093/aob/mcw135	pubmed	exact_pmid_efetch	27443299	requires_pubmed_lookup
4277	publication_component:citation:publication:doi:10.1093/aob/mcw168	pubmed	exact_pmid_efetch	27582362	requires_pubmed_lookup
4278	publication_component:citation:publication:doi:10.1093/aob/mcw186	pubmed	exact_pmid_efetch	27616209	requires_pubmed_lookup
4279	publication_component:citation:publication:doi:10.1093/aob/mcz013	pubmed	exact_pmid_efetch	30789664	requires_pubmed_lookup
4280	publication_component:citation:publication:doi:10.1093/aob/mcz114	pubmed	exact_pmid_efetch	31346602	requires_pubmed_lookup
4281	publication_component:citation:publication:doi:10.1093/aobpla/plaa055	pubmed	exact_pmid_efetch	33173574	requires_pubmed_lookup
4282	publication_component:citation:publication:doi:10.1093/beheco/ary096	pubmed	exact_pmid_efetch	30214134	requires_pubmed_lookup
4283	publication_component:citation:publication:doi:10.1093/bib/5.2.150	pubmed	exact_pmid_efetch	15260895	requires_pubmed_lookup
4284	publication_component:citation:publication:doi:10.1093/bib/bbaa232	pubmed	exact_pmid_efetch	33147627	requires_pubmed_lookup
4285	publication_component:citation:publication:doi:10.1093/bib/bbaa431	pubmed	exact_pmid_efetch	33479739	requires_pubmed_lookup
4286	publication_component:citation:publication:doi:10.1093/bib/bbab107	pubmed	exact_pmid_efetch	33885735	requires_pubmed_lookup
4287	publication_component:citation:publication:doi:10.1093/bib/bbab583	pubmed	exact_pmid_efetch	35043153	requires_pubmed_lookup
4288	publication_component:citation:publication:doi:10.1093/bib/bbad361	pubmed	exact_pmid_efetch	37843401	requires_pubmed_lookup
4289	publication_component:citation:publication:doi:10.1093/bib/bbn049	pubmed	exact_pmid_efetch	18971241	requires_pubmed_lookup
4290	publication_component:citation:publication:doi:10.1093/bib/bbq072	pubmed	exact_pmid_efetch	21278375	requires_pubmed_lookup
4291	publication_component:citation:publication:doi:10.1093/bib/bbs050	pubmed	exact_pmid_efetch	22908214	requires_pubmed_lookup
4292	publication_component:citation:publication:doi:10.1093/bib/bbu030	pubmed	exact_pmid_efetch	25183247	requires_pubmed_lookup
4293	publication_component:citation:publication:doi:10.1093/bib/bbx067	pubmed	exact_pmid_efetch	28673025	requires_pubmed_lookup
4294	publication_component:citation:publication:doi:10.1093/bioadv/vbab034	pubmed	exact_pmid_efetch	36700095	requires_pubmed_lookup
4295	publication_component:citation:publication:doi:10.1093/bioinformatics/13.3.235	pubmed	exact_pmid_efetch	9183526	requires_pubmed_lookup
4296	publication_component:citation:publication:doi:10.1093/bioinformatics/17.7.662	pubmed	exact_pmid_efetch	11448888	requires_pubmed_lookup
4297	publication_component:citation:publication:doi:10.1093/bioinformatics/17.8.754	pubmed	exact_pmid_efetch	11524383	requires_pubmed_lookup
4298	publication_component:citation:publication:doi:10.1093/bioinformatics/8.3.275	pubmed	exact_pmid_efetch	1633570	requires_pubmed_lookup
4299	publication_component:citation:publication:doi:10.1093/bioinformatics/btaa081	pubmed	exact_pmid_efetch	32049324	requires_pubmed_lookup
4300	publication_component:citation:publication:doi:10.1093/bioinformatics/btaa695	pubmed	exact_pmid_efetch	32735310	requires_pubmed_lookup
4301	publication_component:citation:publication:doi:10.1093/bioinformatics/btaa820	pubmed	exact_pmid_efetch	33381826	requires_pubmed_lookup
4302	publication_component:citation:publication:doi:10.1093/bioinformatics/btab307	pubmed	exact_pmid_efetch	34252953	requires_pubmed_lookup
4303	publication_component:citation:publication:doi:10.1093/bioinformatics/btac075	pubmed	exact_pmid_efetch	35150239	requires_pubmed_lookup
4304	publication_component:citation:publication:doi:10.1093/bioinformatics/btac664	pubmed	exact_pmid_efetch	36205601	requires_pubmed_lookup
4305	publication_component:citation:publication:doi:10.1093/bioinformatics/btac761	pubmed	exact_pmid_efetch	36440957	requires_pubmed_lookup
4306	publication_component:citation:publication:doi:10.1093/bioinformatics/btad433	pubmed	exact_pmid_efetch	37490431	requires_pubmed_lookup
4307	publication_component:citation:publication:doi:10.1093/bioinformatics/btae043	pubmed	exact_pmid_efetch	38269647	requires_pubmed_lookup
4308	publication_component:citation:publication:doi:10.1093/bioinformatics/btae272	pubmed	exact_pmid_efetch	38632086	requires_pubmed_lookup
4309	publication_component:citation:publication:doi:10.1093/bioinformatics/btae526	pubmed	exact_pmid_efetch	39180716	requires_pubmed_lookup
4310	publication_component:citation:publication:doi:10.1093/bioinformatics/btae721	pubmed	exact_pmid_efetch	39626311	requires_pubmed_lookup
4311	publication_component:citation:publication:doi:10.1093/bioinformatics/btaf166	pubmed	exact_pmid_efetch	40220324	requires_pubmed_lookup
4312	publication_component:citation:publication:doi:10.1093/bioinformatics/btaf665	pubmed	exact_pmid_efetch	41400832	requires_pubmed_lookup
4313	publication_component:citation:publication:doi:10.1093/bioinformatics/btg180	pubmed	exact_pmid_efetch	12912839	requires_pubmed_lookup
4314	publication_component:citation:publication:doi:10.1093/bioinformatics/bti191	pubmed	exact_pmid_efetch	15608047	requires_pubmed_lookup
4315	publication_component:citation:publication:doi:10.1093/bioinformatics/btm165	pubmed	exact_pmid_efetch	17646301	requires_pubmed_lookup
4316	publication_component:citation:publication:doi:10.1093/bioinformatics/btm585	pubmed	exact_pmid_efetch	18042555	requires_pubmed_lookup
4317	publication_component:citation:publication:doi:10.1093/bioinformatics/btp033	pubmed	exact_pmid_efetch	19151095	requires_pubmed_lookup
4318	publication_component:citation:publication:doi:10.1093/bioinformatics/btp190	pubmed	exact_pmid_efetch	19478016	requires_pubmed_lookup
4319	publication_component:citation:publication:doi:10.1093/bioinformatics/btp231	pubmed	exact_pmid_efetch	19478022	requires_pubmed_lookup
4320	publication_component:citation:publication:doi:10.1093/bioinformatics/btp572	pubmed	exact_pmid_efetch	19797407	requires_pubmed_lookup
4321	publication_component:citation:publication:doi:10.1093/bioinformatics/btq287	pubmed	exact_pmid_efetch	20519287	requires_pubmed_lookup
4322	publication_component:citation:publication:doi:10.1093/bioinformatics/btq599	pubmed	exact_pmid_efetch	20971988	requires_pubmed_lookup
4323	publication_component:citation:publication:doi:10.1093/bioinformatics/btq651	pubmed	exact_pmid_efetch	21123221	requires_pubmed_lookup
4324	publication_component:citation:publication:doi:10.1093/bioinformatics/btr209	pubmed	exact_pmid_efetch	21685081	requires_pubmed_lookup
4325	publication_component:citation:publication:doi:10.1093/bioinformatics/btr280	pubmed	exact_pmid_efetch	21551137	requires_pubmed_lookup
4326	publication_component:citation:publication:doi:10.1093/bioinformatics/bts006	pubmed	exact_pmid_efetch	22247275	requires_pubmed_lookup
4327	publication_component:citation:publication:doi:10.1093/bioinformatics/bts480	pubmed	exact_pmid_efetch	22908215	requires_pubmed_lookup
4328	publication_component:citation:publication:doi:10.1093/bioinformatics/bts633	pubmed	exact_pmid_efetch	23097421	requires_pubmed_lookup
4329	publication_component:citation:publication:doi:10.1093/bioinformatics/btt009	pubmed	exact_pmid_efetch	23314322	requires_pubmed_lookup
4330	publication_component:citation:publication:doi:10.1093/bioinformatics/btu033	pubmed	exact_pmid_efetch	24451623	requires_pubmed_lookup
4331	publication_component:citation:publication:doi:10.1093/bioinformatics/btu579	pubmed	exact_pmid_efetch	25172923	requires_pubmed_lookup
4332	publication_component:citation:publication:doi:10.1093/bioinformatics/btu763	pubmed	exact_pmid_efetch	25417202	requires_pubmed_lookup
4333	publication_component:citation:publication:doi:10.1093/bioinformatics/btu806	pubmed	exact_pmid_efetch	25481006	requires_pubmed_lookup
4334	publication_component:citation:publication:doi:10.1093/bioinformatics/btv121	pubmed	exact_pmid_efetch	25725495	requires_pubmed_lookup
4335	publication_component:citation:publication:doi:10.1093/bioinformatics/btv557	pubmed	exact_pmid_efetch	26415722	requires_pubmed_lookup
4336	publication_component:citation:publication:doi:10.1093/bioinformatics/btw534	pubmed	exact_pmid_efetch	27531104	requires_pubmed_lookup
4337	publication_component:citation:publication:doi:10.1093/bioinformatics/btw571	pubmed	exact_pmid_efetch	27614349	requires_pubmed_lookup
4338	publication_component:citation:publication:doi:10.1093/bioinformatics/btw632	pubmed	exact_pmid_efetch	28172542	requires_pubmed_lookup
4339	publication_component:citation:publication:doi:10.1093/bioinformatics/btw744	pubmed	exact_pmid_efetch	28365756	requires_pubmed_lookup
4340	publication_component:citation:publication:doi:10.1093/bioinformatics/btx324	pubmed	exact_pmid_efetch	28525531	requires_pubmed_lookup
4341	publication_component:citation:publication:doi:10.1093/bioinformatics/btx347	pubmed	exact_pmid_efetch	28582485	requires_pubmed_lookup
4342	publication_component:citation:publication:doi:10.1093/bioinformatics/btx394	pubmed	exact_pmid_efetch	28637301	requires_pubmed_lookup
4343	publication_component:citation:publication:doi:10.1093/bioinformatics/bty126	pubmed	exact_pmid_efetch	29514176	requires_pubmed_lookup
4344	publication_component:citation:publication:doi:10.1093/bioinformatics/bty376	pubmed	exact_pmid_efetch	29726921	requires_pubmed_lookup
4345	publication_component:citation:publication:doi:10.1093/bioinformatics/bty407	pubmed	exact_pmid_efetch	29790939	requires_pubmed_lookup
4346	publication_component:citation:publication:doi:10.1093/bioinformatics/bty704	pubmed	exact_pmid_efetch	30165572	requires_pubmed_lookup
4347	publication_component:citation:publication:doi:10.1093/bioinformatics/btz068	pubmed	exact_pmid_efetch	30698645	requires_pubmed_lookup
4348	publication_component:citation:publication:doi:10.1093/bioinformatics/btz305	pubmed	exact_pmid_efetch	31070718	requires_pubmed_lookup
4349	publication_component:citation:publication:doi:10.1093/bioinformatics/btz468	pubmed	exact_pmid_efetch	31192356	requires_pubmed_lookup
4350	publication_component:citation:publication:doi:10.1093/bioinformatics/btz554	pubmed	exact_pmid_efetch	31292621	requires_pubmed_lookup
4351	publication_component:citation:publication:doi:10.1093/biolinnean/blaa093	openalex	exact_work_id	W3046263144	requires_openalex_lookup
4352	publication_component:citation:publication:doi:10.1093/biolinnean/blab139	openalex	exact_work_id	W3214903079	requires_openalex_lookup
4353	publication_component:citation:publication:doi:10.1093/biolinnean/blac137	openalex	exact_work_id	W4311916267	requires_openalex_lookup
4354	publication_component:citation:publication:doi:10.1093/biolinnean/blad133	openalex	exact_work_id	W4390410286	requires_openalex_lookup
4355	publication_component:citation:publication:doi:10.1093/biolinnean/blae105	openalex	exact_work_id	W4405349604	requires_openalex_lookup
4356	publication_component:citation:publication:doi:10.1093/biolinnean/blaf143	openalex	exact_work_id	W7123340182	requires_openalex_lookup
4357	publication_component:citation:publication:doi:10.1093/biolinnean/blaf150	openalex	exact_work_id	W7125523603	requires_openalex_lookup
4358	publication_component:citation:publication:doi:10.1093/biolinnean/blw045	openalex	exact_work_id	W2602443543	requires_openalex_lookup
4359	publication_component:citation:publication:doi:10.1093/biolinnean/blx006	openalex	exact_work_id	W2692406911	requires_openalex_lookup
4360	publication_component:citation:publication:doi:10.1093/biolinnean/blx017	openalex	exact_work_id	W2604284721	requires_openalex_lookup
4361	publication_component:citation:publication:doi:10.1093/biolinnean/blx077	openalex	exact_work_id	W2734364706	requires_openalex_lookup
4362	publication_component:citation:publication:doi:10.1093/biolinnean/blx090	openalex	exact_work_id	W2782342509	requires_openalex_lookup
4363	publication_component:citation:publication:doi:10.1093/biolinnean/bly154	openalex	exact_work_id	W2904169660	requires_openalex_lookup
4364	publication_component:citation:publication:doi:10.1093/biolinnean/blz003	openalex	exact_work_id	W2921654661	requires_openalex_lookup
4365	publication_component:citation:publication:doi:10.1093/biolre/ioaa205	pubmed	exact_pmid_efetch	33165521	requires_pubmed_lookup
4366	publication_component:citation:publication:doi:10.1093/biolre/ioab082	pubmed	exact_pmid_efetch	34007991	requires_pubmed_lookup
4367	publication_component:citation:publication:doi:10.1093/biolre/ioad086	pubmed	exact_pmid_efetch	37552063	requires_pubmed_lookup
4368	publication_component:citation:publication:doi:10.1093/biomethods/bpac018	pubmed	exact_pmid_efetch	36032330	requires_pubmed_lookup
4369	publication_component:citation:publication:doi:10.1093/biosci/biad102	pubmed	exact_pmid_efetch	38125826	requires_pubmed_lookup
4370	publication_component:citation:publication:doi:10.1093/botlinnean/boaf051	openalex	exact_work_id	W4411720586	requires_openalex_lookup
4371	publication_component:citation:publication:doi:10.1093/botlinnean/boaf067	openalex	exact_work_id	W4417291501	requires_openalex_lookup
4372	publication_component:citation:publication:doi:10.1093/botlinnean/boag025	openalex	exact_work_id	W7154513869	requires_openalex_lookup
4373	publication_component:citation:publication:doi:10.1093/botlinnean/boag038	openalex	exact_work_id	W7155702756	requires_openalex_lookup
4374	publication_component:citation:publication:doi:10.1093/botlinnean/boag079	openalex	exact_work_id	W7213579086	requires_openalex_lookup
4375	publication_component:citation:publication:doi:10.1093/chemse/bjab049	pubmed	exact_pmid_efetch	34864939	requires_pubmed_lookup
4376	publication_component:citation:publication:doi:10.1093/chemse/bjy022	pubmed	exact_pmid_efetch	29659735	requires_pubmed_lookup
4377	publication_component:citation:publication:doi:10.1093/cid/ciaa1680	pubmed	exact_pmid_efetch	33150366	requires_pubmed_lookup
4378	publication_component:citation:publication:doi:10.1093/cid/ciab1005	pubmed	exact_pmid_efetch	35522980	requires_pubmed_lookup
4379	publication_component:citation:publication:doi:10.1093/cid/ciab332	pubmed	exact_pmid_efetch	33864375	requires_pubmed_lookup
4380	publication_component:citation:publication:doi:10.1093/cid/ciab343	pubmed	exact_pmid_efetch	33977295	requires_pubmed_lookup
4381	publication_component:citation:publication:doi:10.1093/conphys/coaa136	pubmed	exact_pmid_efetch	33505701	requires_pubmed_lookup
4382	publication_component:citation:publication:doi:10.1093/cz/zoaa051	pubmed	exact_pmid_efetch	34484311	requires_pubmed_lookup
4383	publication_component:citation:publication:doi:10.1093/cz/zoaa056	pubmed	exact_pmid_efetch	33854537	requires_pubmed_lookup
4384	publication_component:citation:publication:doi:10.1093/cz/zoag034	openalex	exact_work_id	W7160450745	requires_openalex_lookup
4385	publication_component:citation:publication:doi:10.1093/cz/zoag035	openalex	exact_work_id	W7160709880	requires_openalex_lookup
4386	publication_component:citation:publication:doi:10.1093/cz/zow093	pubmed	exact_pmid_efetch	29491951	requires_pubmed_lookup
4387	publication_component:citation:publication:doi:10.1093/database/baaf052	pubmed	exact_pmid_efetch	40996708	requires_pubmed_lookup
4388	publication_component:citation:publication:doi:10.1093/database/bav065	pubmed	exact_pmid_efetch	26140928	requires_pubmed_lookup
4389	publication_component:citation:publication:doi:10.1093/database/bav096	pubmed	exact_pmid_efetch	26896847	requires_pubmed_lookup
4390	publication_component:citation:publication:doi:10.1093/database/bay030	openalex	exact_work_id	W2796079355	requires_openalex_lookup
4391	publication_component:citation:publication:doi:10.1093/database/bay123	pubmed	exact_pmid_efetch	30576482	requires_pubmed_lookup
4392	publication_component:citation:publication:doi:10.1093/dnares/dsaa021	pubmed	exact_pmid_efetch	32966557	requires_pubmed_lookup
4393	publication_component:citation:publication:doi:10.1093/dnares/dsaa031	pubmed	exact_pmid_efetch	33416875	requires_pubmed_lookup
4394	publication_component:citation:publication:doi:10.1093/dnares/dsab017	pubmed	exact_pmid_efetch	34499118	requires_pubmed_lookup
4395	publication_component:citation:publication:doi:10.1093/dnares/dsab022	pubmed	exact_pmid_efetch	34664644	requires_pubmed_lookup
4396	publication_component:citation:publication:doi:10.1093/dnares/dsac004	pubmed	exact_pmid_efetch	35094078	requires_pubmed_lookup
4397	publication_component:citation:publication:doi:10.1093/dnares/dsac006	pubmed	exact_pmid_efetch	35266513	requires_pubmed_lookup
4398	publication_component:citation:publication:doi:10.1093/dnares/dsac008	pubmed	exact_pmid_efetch	35380665	requires_pubmed_lookup
4399	publication_component:citation:publication:doi:10.1093/dnares/dsac009	pubmed	exact_pmid_efetch	35466378	requires_pubmed_lookup
4400	publication_component:citation:publication:doi:10.1093/dnares/dsac012	pubmed	exact_pmid_efetch	35438173	requires_pubmed_lookup
4401	publication_component:citation:publication:doi:10.1093/dnares/dsac014	pubmed	exact_pmid_efetch	35595238	requires_pubmed_lookup
4402	publication_component:citation:publication:doi:10.1093/dnares/dsac021	pubmed	exact_pmid_efetch	35751601	requires_pubmed_lookup
4403	publication_component:citation:publication:doi:10.1093/dnares/dsac022	pubmed	exact_pmid_efetch	35751614	requires_pubmed_lookup
4404	publication_component:citation:publication:doi:10.1093/dnares/dsac026	pubmed	exact_pmid_efetch	36214371	requires_pubmed_lookup
4405	publication_component:citation:publication:doi:10.1093/dnares/dsac028	pubmed	exact_pmid_efetch	35861402	requires_pubmed_lookup
4406	publication_component:citation:publication:doi:10.1093/dnares/dsac030	pubmed	exact_pmid_efetch	35961033	requires_pubmed_lookup
4407	publication_component:citation:publication:doi:10.1093/dnares/dsac033	pubmed	exact_pmid_efetch	36208288	requires_pubmed_lookup
4408	publication_component:citation:publication:doi:10.1093/dnares/dsac034	pubmed	exact_pmid_efetch	36197098	requires_pubmed_lookup
4409	publication_component:citation:publication:doi:10.1093/dnares/dsac041	pubmed	exact_pmid_efetch	36355766	requires_pubmed_lookup
4410	publication_component:citation:publication:doi:10.1093/dnares/dsac043	pubmed	exact_pmid_efetch	36535891	requires_pubmed_lookup
4411	publication_component:citation:publication:doi:10.1093/dnares/dsac049	pubmed	exact_pmid_efetch	36503982	requires_pubmed_lookup
4412	publication_component:citation:publication:doi:10.1093/dnares/dsad003	pubmed	exact_pmid_efetch	36882113	requires_pubmed_lookup
4413	publication_component:citation:publication:doi:10.1093/dnares/dsad005	pubmed	exact_pmid_efetch	37014116	requires_pubmed_lookup
4414	publication_component:citation:publication:doi:10.1093/dnares/dsad011	pubmed	exact_pmid_efetch	37167434	requires_pubmed_lookup
4415	publication_component:citation:publication:doi:10.1093/dnares/dsad012	pubmed	exact_pmid_efetch	37220653	requires_pubmed_lookup
4416	publication_component:citation:publication:doi:10.1093/dnares/dsad013	pubmed	exact_pmid_efetch	37228100	requires_pubmed_lookup
4417	publication_component:citation:publication:doi:10.1093/dnares/dsad018	pubmed	exact_pmid_efetch	37590994	requires_pubmed_lookup
4418	publication_component:citation:publication:doi:10.1093/dnares/dsae003	pubmed	exact_pmid_efetch	38245835	requires_pubmed_lookup
4419	publication_component:citation:publication:doi:10.1093/dnares/dsae007	pubmed	exact_pmid_efetch	38416146	requires_pubmed_lookup
4420	publication_component:citation:publication:doi:10.1093/dnares/dsae011	pubmed	exact_pmid_efetch	38590243	requires_pubmed_lookup
4421	publication_component:citation:publication:doi:10.1093/dnares/dsae017	pubmed	exact_pmid_efetch	38809753	requires_pubmed_lookup
4422	publication_component:citation:publication:doi:10.1093/dnares/dsae018	pubmed	exact_pmid_efetch	38847751	requires_pubmed_lookup
4423	publication_component:citation:publication:doi:10.1093/dnares/dsae021	pubmed	exact_pmid_efetch	38946223	requires_pubmed_lookup
4424	publication_component:citation:publication:doi:10.1093/dnares/dsae022	pubmed	exact_pmid_efetch	39017645	requires_pubmed_lookup
4425	publication_component:citation:publication:doi:10.1093/dnares/dsae024	pubmed	exact_pmid_efetch	39101533	requires_pubmed_lookup
4426	publication_component:citation:publication:doi:10.1093/dnares/dsae027	pubmed	exact_pmid_efetch	39250428	requires_pubmed_lookup
4427	publication_component:citation:publication:doi:10.1093/dnares/dsaf002	pubmed	exact_pmid_efetch	39878035	requires_pubmed_lookup
4428	publication_component:citation:publication:doi:10.1093/dnares/dsaf007	pubmed	exact_pmid_efetch	40371876	requires_pubmed_lookup
4429	publication_component:citation:publication:doi:10.1093/dnares/dsaf029	pubmed	exact_pmid_efetch	41132005	requires_pubmed_lookup
4430	publication_component:citation:publication:doi:10.1093/dnares/dsaf034	pubmed	exact_pmid_efetch	41311030	requires_pubmed_lookup
4431	publication_component:citation:publication:doi:10.1093/dnares/dsaf037	pubmed	exact_pmid_efetch	41388796	requires_pubmed_lookup
4432	publication_component:citation:publication:doi:10.1093/dnares/dsaf038	pubmed	exact_pmid_efetch	41424036	requires_pubmed_lookup
4433	publication_component:citation:publication:doi:10.1093/dnares/dsag002	pubmed	exact_pmid_efetch	41640233	requires_pubmed_lookup
4434	publication_component:citation:publication:doi:10.1093/dnares/dsag009	pubmed	exact_pmid_efetch	42454546	requires_pubmed_lookup
4435	publication_component:citation:publication:doi:10.1093/dnares/dsr014	pubmed	exact_pmid_efetch	21676972	requires_pubmed_lookup
4436	publication_component:citation:publication:doi:10.1093/dnares/dsr046	pubmed	exact_pmid_efetch	22279088	requires_pubmed_lookup
4437	publication_component:citation:publication:doi:10.1093/dnares/dss015	pubmed	exact_pmid_efetch	22645122	requires_pubmed_lookup
4438	publication_component:citation:publication:doi:10.1093/dnares/dst010	pubmed	exact_pmid_efetch	23580538	requires_pubmed_lookup
4439	publication_component:citation:publication:doi:10.1093/dnares/dsw037	pubmed	exact_pmid_efetch	27458999	requires_pubmed_lookup
4440	publication_component:citation:publication:doi:10.1093/dnares/dsw042	pubmed	exact_pmid_efetch	27567261	requires_pubmed_lookup
4441	publication_component:citation:publication:doi:10.1093/dnares/dsw052	pubmed	exact_pmid_efetch	28028038	requires_pubmed_lookup
4442	publication_component:citation:publication:doi:10.1093/dnares/dsw054	pubmed	exact_pmid_efetch	28431014	requires_pubmed_lookup
4443	publication_component:citation:publication:doi:10.1093/dnares/dsx040	pubmed	exact_pmid_efetch	29036669	requires_pubmed_lookup
4444	publication_component:citation:publication:doi:10.1093/dnares/dsx047	pubmed	exact_pmid_efetch	29149285	requires_pubmed_lookup
4445	publication_component:citation:publication:doi:10.1093/dnares/dsx053	pubmed	exact_pmid_efetch	29315395	requires_pubmed_lookup
4446	publication_component:citation:publication:doi:10.1093/dnares/dsy003	pubmed	exact_pmid_efetch	29394339	requires_pubmed_lookup
4447	publication_component:citation:publication:doi:10.1093/dnares/dsy005	pubmed	exact_pmid_efetch	29481587	requires_pubmed_lookup
4448	publication_component:citation:publication:doi:10.1093/dnares/dsy020	pubmed	exact_pmid_efetch	29947776	requires_pubmed_lookup
4449	publication_component:citation:publication:doi:10.1093/dnares/dsy026	pubmed	exact_pmid_efetch	30085012	requires_pubmed_lookup
4450	publication_component:citation:publication:doi:10.1093/dnares/dsy032	pubmed	exact_pmid_efetch	30295708	requires_pubmed_lookup
4451	publication_component:citation:publication:doi:10.1093/dnares/dsy035	pubmed	exact_pmid_efetch	30380026	requires_pubmed_lookup
4452	publication_component:citation:publication:doi:10.1093/dnares/dsz023	pubmed	exact_pmid_efetch	31711192	requires_pubmed_lookup
4453	publication_component:citation:publication:doi:10.1093/emph/eoac037	pubmed	exact_pmid_efetch	37007166	requires_pubmed_lookup
4454	publication_component:citation:publication:doi:10.1093/emph/eov005	pubmed	exact_pmid_efetch	25788149	requires_pubmed_lookup
4455	publication_component:citation:publication:doi:10.1093/evlett/qrad013	pubmed	exact_pmid_efetch	37251587	requires_pubmed_lookup
4456	publication_component:citation:publication:doi:10.1093/evlett/qrae039	pubmed	exact_pmid_efetch	39677571	requires_pubmed_lookup
4457	publication_component:citation:publication:doi:10.1093/evlett/qrae039/7731525	openalex	exact_doi	10.1093/evlett/qrae039/7731525	requires_openalex_lookup
4458	publication_component:citation:publication:doi:10.1093/evlett/qrae060	pubmed	exact_pmid_efetch	40191415	requires_pubmed_lookup
4459	publication_component:citation:publication:doi:10.1093/evlett/qraf005	pubmed	exact_pmid_efetch	40487868	requires_pubmed_lookup
4460	publication_component:citation:publication:doi:10.1093/evolinnean/kzaf001	openalex	exact_work_id	W4406829219	requires_openalex_lookup
4461	publication_component:citation:publication:doi:10.1093/evolinnean/kzaf005	openalex	exact_doi	10.1093/evolinnean/kzaf005	requires_openalex_lookup
4462	publication_component:citation:publication:doi:10.1093/evolinnean/kzaf017	openalex	exact_work_id	W4414347397	requires_openalex_lookup
4463	publication_component:citation:publication:doi:10.1093/evolut/qpac002	pubmed	exact_pmid_efetch	36622227	requires_pubmed_lookup
4464	publication_component:citation:publication:doi:10.1093/evolut/qpad131	pubmed	exact_pmid_efetch	37464886	requires_pubmed_lookup
4465	publication_component:citation:publication:doi:10.1093/evolut/qpad188	pubmed	exact_pmid_efetch	37864838	requires_pubmed_lookup
4466	publication_component:citation:publication:doi:10.1093/evolut/qpae082	pubmed	exact_pmid_efetch	38813673	requires_pubmed_lookup
4467	publication_component:citation:publication:doi:10.1093/evolut/qpae132	pubmed	exact_pmid_efetch	39283595	requires_pubmed_lookup
4468	publication_component:citation:publication:doi:10.1093/evolut/qpaf012	pubmed	exact_pmid_efetch	39878341	requires_pubmed_lookup
4469	publication_component:citation:publication:doi:10.1093/evolut/qpaf033	pubmed	exact_pmid_efetch	39955102	requires_pubmed_lookup
4470	publication_component:citation:publication:doi:10.1093/evolut/qpaf036	openalex	exact_work_id	W4407796936	requires_openalex_lookup
4471	publication_component:citation:publication:doi:10.1093/evolut/qpaf167	pubmed	exact_pmid_efetch	40802472	requires_pubmed_lookup
4472	publication_component:citation:publication:doi:10.1093/evolut/qpaf190	pubmed	exact_pmid_efetch	40990923	requires_pubmed_lookup
4473	publication_component:citation:publication:doi:10.1093/evolut/qpaf240	pubmed	exact_pmid_efetch	41384786	requires_pubmed_lookup
4474	publication_component:citation:publication:doi:10.1093/evolut/qpag060	pubmed	exact_pmid_efetch	41983550	requires_pubmed_lookup
4475	publication_component:citation:publication:doi:10.1093/evolut/qpag068	pubmed	exact_pmid_efetch	42089461	requires_pubmed_lookup
4476	publication_component:citation:publication:doi:10.1093/femsle/fnab083	pubmed	exact_pmid_efetch	34223887	requires_pubmed_lookup
4477	publication_component:citation:publication:doi:10.1093/femsle/fnaf088	pubmed	exact_pmid_efetch	40899782	requires_pubmed_lookup
4478	publication_component:citation:publication:doi:10.1093/femsle/fnx185	pubmed	exact_pmid_efetch	28934382	requires_pubmed_lookup
4479	publication_component:citation:publication:doi:10.1093/femsml/uqac001	pubmed	exact_pmid_efetch	37223347	requires_pubmed_lookup
4480	publication_component:citation:publication:doi:10.1093/femspd/ftx060	pubmed	exact_pmid_efetch	28591853	requires_pubmed_lookup
4481	publication_component:citation:publication:doi:10.1093/femsre/fuad030	pubmed	exact_pmid_efetch	37286882	requires_pubmed_lookup
4482	publication_component:citation:publication:doi:10.1093/femsyr/foaa071	pubmed	exact_pmid_efetch	33417685	requires_pubmed_lookup
4483	publication_component:citation:publication:doi:10.1093/femsyr/foy079	pubmed	exact_pmid_efetch	30052970	requires_pubmed_lookup
4484	publication_component:citation:publication:doi:10.1093/g3journal/jkaa006	pubmed	exact_pmid_efetch	33561226	requires_pubmed_lookup
4485	publication_component:citation:publication:doi:10.1093/g3journal/jkab020	pubmed	exact_pmid_efetch	33890615	requires_pubmed_lookup
4486	publication_component:citation:publication:doi:10.1093/g3journal/jkab033	pubmed	exact_pmid_efetch	33824960	requires_pubmed_lookup
4487	publication_component:citation:publication:doi:10.1093/g3journal/jkab050	pubmed	exact_pmid_efetch	33599779	requires_pubmed_lookup
4488	publication_component:citation:publication:doi:10.1093/g3journal/jkab069	pubmed	exact_pmid_efetch	33784395	requires_pubmed_lookup
4489	publication_component:citation:publication:doi:10.1093/g3journal/jkab139	pubmed	exact_pmid_efetch	33914073	requires_pubmed_lookup
4490	publication_component:citation:publication:doi:10.1093/g3journal/jkab163	pubmed	exact_pmid_efetch	34849803	requires_pubmed_lookup
4491	publication_component:citation:publication:doi:10.1093/g3journal/jkab173	pubmed	exact_pmid_efetch	34021320	requires_pubmed_lookup
4492	publication_component:citation:publication:doi:10.1093/g3journal/jkab197	pubmed	exact_pmid_efetch	34849818	requires_pubmed_lookup
4493	publication_component:citation:publication:doi:10.1093/g3journal/jkab240	pubmed	exact_pmid_efetch	34544137	requires_pubmed_lookup
4494	publication_component:citation:publication:doi:10.1093/g3journal/jkab262	pubmed	exact_pmid_efetch	34568923	requires_pubmed_lookup
4495	publication_component:citation:publication:doi:10.1093/g3journal/jkab380	pubmed	exact_pmid_efetch	35100403	requires_pubmed_lookup
4496	publication_component:citation:publication:doi:10.1093/g3journal/jkab401	pubmed	exact_pmid_efetch	34871392	requires_pubmed_lookup
4497	publication_component:citation:publication:doi:10.1093/g3journal/jkab412	pubmed	exact_pmid_efetch	34878132	requires_pubmed_lookup
4498	publication_component:citation:publication:doi:10.1093/g3journal/jkac025	pubmed	exact_pmid_efetch	35106563	requires_pubmed_lookup
4499	publication_component:citation:publication:doi:10.1093/g3journal/jkac131	pubmed	exact_pmid_efetch	35652787	requires_pubmed_lookup
