retrieval_record_index	screening_entity_id	offline_resolution_status	pubmed_cache_state	chosen_provider	chosen_lookup_type	chosen_source_body_sha256	chosen_logical_lookup_id	parser_status	abstract_status	next_network_provider	next_network_route	next_network_identifier	cache_note
1	publication_component:citation:publication:doi:10.1001/archdermatol.2012.1817	requires_pubmed_lookup	missing							pubmed	exact_pmid_efetch	22801744	none
2	publication_component:citation:publication:doi:10.1001/jamanetworkopen.2018.7665	requires_pubmed_lookup	missing							pubmed	exact_pmid_efetch	30768189	none
3	publication_component:citation:publication:doi:10.1001/jamanetworkopen.2020.24191	requires_pubmed_lookup	missing							pubmed	exact_pmid_efetch	33026453	none
4	publication_component:citation:publication:doi:10.1001/jamanetworkopen.2026.17898	requires_pubmed_lookup	missing							pubmed	exact_pmid_efetch	42275063	none
5	publication_component:citation:publication:doi:10.1002/0471142727.mb1901s101	requires_pubmed_lookup	missing							pubmed	exact_pmid_efetch	23288462	none
6	publication_component:citation:publication:doi:10.1002/1873-3468.13356	requires_pubmed_lookup	missing							pubmed	exact_pmid_efetch	30861107	none
7	publication_component:citation:publication:doi:10.1002/2211-5463.12843	requires_pubmed_lookup	missing							pubmed	exact_pmid_efetch	32189477	none
8	publication_component:citation:publication:doi:10.1002/2211-5463.13555	requires_pubmed_lookup	missing							pubmed	exact_pmid_efetch	36647789	none
9	publication_component:citation:publication:doi:10.1002/2211-5463.13728	requires_pubmed_lookup	missing							pubmed	exact_pmid_efetch	37905308	none
10	publication_component:citation:publication:doi:10.1002/9780470015902.a0020859	requires_openalex_lookup	not_applicable							openalex	exact_work_id	W1484643248	none
11	publication_component:citation:publication:doi:10.1002/9780470015902.a0020859.pub2	requires_openalex_lookup	not_applicable							openalex	exact_work_id	W4229743056	none
12	publication_component:citation:publication:doi:10.1002/9780470015902.a0022872	requires_openalex_lookup	not_applicable							openalex	exact_work_id	W1856738390	none
13	publication_component:citation:publication:doi:10.1002/9780470015902.a0022889	requires_openalex_lookup	not_applicable							openalex	exact_work_id	W1507529681	none
14	publication_component:citation:publication:doi:10.1002/9780470600122.ch3	requires_openalex_lookup	not_applicable							openalex	exact_work_id	W1548043239	none
15	publication_component:citation:publication:doi:10.1002/9780470600122.ch5	requires_openalex_lookup	not_applicable							openalex	exact_work_id	W1533255528	none
16	publication_component:citation:publication:doi:10.1002/9780470741894.ch1	requires_openalex_lookup	not_applicable							openalex	exact_work_id	W1559596013	none
17	publication_component:citation:publication:doi:10.1002/9780470892107.ch25	requires_openalex_lookup	not_applicable							openalex	exact_work_id	W1516507208	none
18	publication_component:citation:publication:doi:10.1002/9781118860526.ch7	requires_openalex_lookup	not_applicable							openalex	exact_work_id	W1505003792	none
19	publication_component:citation:publication:doi:10.1002/9781119053095.ch80	requires_openalex_lookup	not_applicable							openalex	exact_work_id	W2912976325	none
20	publication_component:citation:publication:doi:10.1002/9781119072799.ch16	requires_openalex_lookup	not_applicable							openalex	exact_work_id	W2913363604	none
21	publication_component:citation:publication:doi:10.1002/9781119127291.ch26	requires_openalex_lookup	not_applicable							openalex	exact_work_id	W2898899445	none
22	publication_component:citation:publication:doi:10.1002/9781119487845.ch14	requires_openalex_lookup	not_applicable							openalex	exact_work_id	W2967667103	none
23	publication_component:citation:publication:doi:10.1002/9781119487845.ch36	requires_openalex_lookup	not_applicable							openalex	exact_work_id	W2971843336	none
24	publication_component:citation:publication:doi:10.1002/9781119990475.ch12	requires_openalex_lookup	not_applicable							openalex	exact_work_id	W1554276027	none
25	publication_component:citation:publication:doi:10.1002/9781394284252.ch11	requires_openalex_lookup	not_applicable							openalex	exact_work_id	W4394771201	none
26	publication_component:citation:publication:doi:10.1002/9783527844340.ch18	requires_openalex_lookup	not_applicable							openalex	exact_work_id	W4403752188	none
27	publication_component:citation:publication:doi:10.1002/adbi.202200002	requires_pubmed_lookup	missing							pubmed	exact_pmid_efetch	35521969	none
28	publication_component:citation:publication:doi:10.1002/advs.201901672	requires_pubmed_lookup	missing							pubmed	exact_pmid_efetch	32099754	none
29	publication_component:citation:publication:doi:10.1002/advs.201901850	requires_pubmed_lookup	missing							pubmed	exact_pmid_efetch	31921561	none
30	publication_component:citation:publication:doi:10.1002/advs.202205445	requires_pubmed_lookup	missing							pubmed	exact_pmid_efetch	37267926	none
31	publication_component:citation:publication:doi:10.1002/advs.202309990	requires_pubmed_lookup	missing							pubmed	exact_pmid_efetch	38477432	none
32	publication_component:citation:publication:doi:10.1002/advs.202402644	requires_pubmed_lookup	missing							pubmed	exact_pmid_efetch	39229940	none
33	publication_component:citation:publication:doi:10.1002/advs.202408861	requires_pubmed_lookup	missing							pubmed	exact_pmid_efetch	39731323	none
34	publication_component:citation:publication:doi:10.1002/advs.202413023	requires_pubmed_lookup	missing							pubmed	exact_pmid_efetch	40009528	none
35	publication_component:citation:publication:doi:10.1002/advs.202417054	requires_pubmed_lookup	missing							pubmed	exact_pmid_efetch	40135786	none
36	publication_component:citation:publication:doi:10.1002/advs.202503974	requires_pubmed_lookup	missing							pubmed	exact_pmid_efetch	40470693	none
37	publication_component:citation:publication:doi:10.1002/advs.202505411	requires_pubmed_lookup	missing							pubmed	exact_pmid_efetch	40620001	none
38	publication_component:citation:publication:doi:10.1002/advs.202506024	requires_pubmed_lookup	missing							pubmed	exact_pmid_efetch	40641325	none
39	publication_component:citation:publication:doi:10.1002/advs.202509999	requires_pubmed_lookup	missing							pubmed	exact_pmid_efetch	40667647	none
40	publication_component:citation:publication:doi:10.1002/advs.202520068	requires_pubmed_lookup	missing							pubmed	exact_pmid_efetch	41691473	none
41	publication_component:citation:publication:doi:10.1002/advs.202521629	requires_pubmed_lookup	missing							pubmed	exact_pmid_efetch	42095482	none
42	publication_component:citation:publication:doi:10.1002/advs.202522371	requires_openalex_lookup	not_applicable							openalex	exact_work_id	W7163144979	none
43	publication_component:citation:publication:doi:10.1002/advs.202523161	requires_pubmed_lookup	missing							pubmed	exact_pmid_efetch	41961514	none
44	publication_component:citation:publication:doi:10.1002/advs.76129	requires_pubmed_lookup	missing							pubmed	exact_pmid_efetch	42294640	none
45	publication_component:citation:publication:doi:10.1002/advs.76159	requires_pubmed_lookup	missing							pubmed	exact_pmid_efetch	42314050	none
46	publication_component:citation:publication:doi:10.1002/ajb2.1010	requires_pubmed_lookup	missing							pubmed	exact_pmid_efetch	29532931	none
47	publication_component:citation:publication:doi:10.1002/ajb2.1047	requires_pubmed_lookup	missing							pubmed	exact_pmid_efetch	29608785	none
48	publication_component:citation:publication:doi:10.1002/ajb2.1095	requires_pubmed_lookup	missing							pubmed	exact_pmid_efetch	29882953	none
49	publication_component:citation:publication:doi:10.1002/ajb2.1279	requires_pubmed_lookup	missing							pubmed	exact_pmid_efetch	31042317	none
50	publication_component:citation:publication:doi:10.1002/ajb2.1397	requires_pubmed_lookup	missing							pubmed	exact_pmid_efetch	31814117	none
51	publication_component:citation:publication:doi:10.1002/ajb2.16084	requires_pubmed_lookup	missing							pubmed	exact_pmid_efetch	36254561	none
52	publication_component:citation:publication:doi:10.1002/ajb2.16141	requires_pubmed_lookup	missing							pubmed	exact_pmid_efetch	36779918	none
53	publication_component:citation:publication:doi:10.1002/ajb2.16310	requires_pubmed_lookup	missing							pubmed	exact_pmid_efetch	38600732	none
54	publication_component:citation:publication:doi:10.1002/ajb2.16449	requires_pubmed_lookup	missing							pubmed	exact_pmid_efetch	39806558	none
55	publication_component:citation:publication:doi:10.1002/ajb2.70021	requires_pubmed_lookup	missing							pubmed	exact_pmid_efetch	40095728	none
56	publication_component:citation:publication:doi:10.1002/ajb2.70141	requires_pubmed_lookup	missing							pubmed	exact_pmid_efetch	41388575	none
57	publication_component:citation:publication:doi:10.1002/ajp.20976	requires_pubmed_lookup	missing							pubmed	exact_pmid_efetch	21769905	none
58	publication_component:citation:publication:doi:10.1002/ajp.22583	requires_pubmed_lookup	missing							pubmed	exact_pmid_efetch	27434275	none
59	publication_component:citation:publication:doi:10.1002/ajp.22955	requires_pubmed_lookup	missing							pubmed	exact_pmid_efetch	30779198	none
60	publication_component:citation:publication:doi:10.1002/ajp.23028	requires_pubmed_lookup	missing							pubmed	exact_pmid_efetch	31318063	none
61	publication_component:citation:publication:doi:10.1002/ajpa.22001	requires_pubmed_lookup	missing							pubmed	exact_pmid_efetch	22271526	none
62	publication_component:citation:publication:doi:10.1002/ajpa.22460	requires_pubmed_lookup	missing							pubmed	exact_pmid_efetch	24375078	none
63	publication_component:citation:publication:doi:10.1002/ajpa.23748	requires_pubmed_lookup	missing							pubmed	exact_pmid_efetch	30575018	none
64	publication_component:citation:publication:doi:10.1002/ajpa.24947	requires_pubmed_lookup	missing							pubmed	exact_pmid_efetch	38783700	none
65	publication_component:citation:publication:doi:10.1002/ajpa.70010	requires_pubmed_lookup	missing							pubmed	exact_pmid_efetch	40071816	none
66	publication_component:citation:publication:doi:10.1002/ange.202405120	requires_openalex_lookup	not_applicable							openalex	exact_work_id	W4396904917	none
67	publication_component:citation:publication:doi:10.1002/anie.202405120	requires_pubmed_lookup	missing							pubmed	exact_pmid_efetch	38743001	none
68	publication_component:citation:publication:doi:10.1002/aps3.11292	requires_pubmed_lookup	missing							pubmed	exact_pmid_efetch	31667020	none
69	publication_component:citation:publication:doi:10.1002/aps3.11412	requires_pubmed_lookup	missing							pubmed	exact_pmid_efetch	33854846	none
70	publication_component:citation:publication:doi:10.1002/arch.21883	requires_pubmed_lookup	missing							pubmed	exact_pmid_efetch	35294789	none
71	publication_component:citation:publication:doi:10.1002/arch.21956	requires_pubmed_lookup	missing							pubmed	exact_pmid_efetch	35933728	none
72	publication_component:citation:publication:doi:10.1002/arch.21957	requires_pubmed_lookup	missing							pubmed	exact_pmid_efetch	35933719	none
73	publication_component:citation:publication:doi:10.1002/arch.22087	requires_pubmed_lookup	missing							pubmed	exact_pmid_efetch	38288498	none
74	publication_component:citation:publication:doi:10.1002/arch.70206	requires_pubmed_lookup	missing							pubmed	exact_pmid_efetch	42619339	none
75	publication_component:citation:publication:doi:10.1002/bab.70133	requires_openalex_lookup	not_applicable							openalex	exact_doi	10.1002/bab.70133	none
76	publication_component:citation:publication:doi:10.1002/bies.201000139	requires_pubmed_lookup	missing							pubmed	exact_pmid_efetch	21312200	none
77	publication_component:citation:publication:doi:10.1002/bies.201200008	requires_pubmed_lookup	missing							pubmed	exact_pmid_efetch	23001763	none
78	publication_component:citation:publication:doi:10.1002/bies.201500079	requires_pubmed_lookup	missing							pubmed	exact_pmid_efetch	26606649	none
79	publication_component:citation:publication:doi:10.1002/bies.201600006	requires_pubmed_lookup	missing							pubmed	exact_pmid_efetch	27172298	none
80	publication_component:citation:publication:doi:10.1002/bies.201600176	requires_pubmed_lookup	missing							pubmed	exact_pmid_efetch	27859467	none
81	publication_component:citation:publication:doi:10.1002/bies.202000268	requires_pubmed_lookup	missing							pubmed	exact_pmid_efetch	33521987	none
82	publication_component:citation:publication:doi:10.1002/bies.70109	requires_pubmed_lookup	missing							pubmed	exact_pmid_efetch	41640189	none
83	publication_component:citation:publication:doi:10.1002/biof.70048	requires_pubmed_lookup	missing							pubmed	exact_pmid_efetch	41084958	none
84	publication_component:citation:publication:doi:10.1002/biot.201400150	requires_pubmed_lookup	missing							pubmed	exact_pmid_efetch	25524647	none
85	publication_component:citation:publication:doi:10.1002/cbic.201700589	requires_pubmed_lookup	missing							pubmed	exact_pmid_efetch	29193585	none
86	publication_component:citation:publication:doi:10.1002/cctc.202101296	requires_openalex_lookup	not_applicable							openalex	exact_work_id	W3207776401	none
87	publication_component:citation:publication:doi:10.1002/cctc.202300745	requires_openalex_lookup	not_applicable							openalex	exact_work_id	W4386048149	none
88	publication_component:citation:publication:doi:10.1002/cpbi.2	requires_pubmed_lookup	missing							pubmed	exact_pmid_efetch	27322407	none
89	publication_component:citation:publication:doi:10.1002/cplx.21660	requires_openalex_lookup	not_applicable							openalex	exact_work_id	W2125285469	none
90	publication_component:citation:publication:doi:10.1002/cpz1.60	requires_pubmed_lookup	missing							pubmed	exact_pmid_efetch	33617114	none
91	publication_component:citation:publication:doi:10.1002/cti2.1070	requires_pubmed_lookup	missing							pubmed	exact_pmid_efetch	31360464	none
92	publication_component:citation:publication:doi:10.1002/ece3.10046	requires_pubmed_lookup	missing							pubmed	exact_pmid_efetch	37193112	none
93	publication_component:citation:publication:doi:10.1002/ece3.10157	requires_pubmed_lookup	missing							pubmed	exact_pmid_efetch	37325715	none
94	publication_component:citation:publication:doi:10.1002/ece3.10182	requires_pubmed_lookup	missing							pubmed	exact_pmid_efetch	37304372	none
95	publication_component:citation:publication:doi:10.1002/ece3.10196	requires_pubmed_lookup	missing							pubmed	exact_pmid_efetch	37325719	none
96	publication_component:citation:publication:doi:10.1002/ece3.10361	requires_pubmed_lookup	missing							pubmed	exact_pmid_efetch	37502307	none
97	publication_component:citation:publication:doi:10.1002/ece3.1042	requires_pubmed_lookup	missing							pubmed	exact_pmid_efetch	24967076	none
98	publication_component:citation:publication:doi:10.1002/ece3.10506	requires_pubmed_lookup	missing							pubmed	exact_pmid_efetch	37791292	none
99	publication_component:citation:publication:doi:10.1002/ece3.10827	requires_pubmed_lookup	missing							pubmed	exact_pmid_efetch	38116126	none
100	publication_component:citation:publication:doi:10.1002/ece3.10828	requires_pubmed_lookup	missing							pubmed	exact_pmid_efetch	38094154	none
101	publication_component:citation:publication:doi:10.1002/ece3.10950	requires_pubmed_lookup	missing							pubmed	exact_pmid_efetch	38384825	none
102	publication_component:citation:publication:doi:10.1002/ece3.11148	requires_pubmed_lookup	missing							pubmed	exact_pmid_efetch	38476702	none
103	publication_component:citation:publication:doi:10.1002/ece3.11176	requires_pubmed_lookup	missing							pubmed	exact_pmid_efetch	38529027	none
104	publication_component:citation:publication:doi:10.1002/ece3.11311	requires_pubmed_lookup	missing							pubmed	exact_pmid_efetch	38654715	none
105	publication_component:citation:publication:doi:10.1002/ece3.11565	requires_pubmed_lookup	missing							pubmed	exact_pmid_efetch	38895576	none
106	publication_component:citation:publication:doi:10.1002/ece3.11603	requires_pubmed_lookup	missing							pubmed	exact_pmid_efetch	38932954	none
107	publication_component:citation:publication:doi:10.1002/ece3.1249	requires_pubmed_lookup	missing							pubmed	exact_pmid_efetch	25505518	none
108	publication_component:citation:publication:doi:10.1002/ece3.13	requires_pubmed_lookup	missing							pubmed	exact_pmid_efetch	22393491	none
109	publication_component:citation:publication:doi:10.1002/ece3.1391	requires_pubmed_lookup	missing							pubmed	exact_pmid_efetch	25798222	none
110	publication_component:citation:publication:doi:10.1002/ece3.1613	requires_pubmed_lookup	missing							pubmed	exact_pmid_efetch	26380674	none
111	publication_component:citation:publication:doi:10.1002/ece3.1792	requires_pubmed_lookup	missing							pubmed	exact_pmid_efetch	30151141	none
112	publication_component:citation:publication:doi:10.1002/ece3.1865	requires_pubmed_lookup	missing							pubmed	exact_pmid_efetch	26843925	none
113	publication_component:citation:publication:doi:10.1002/ece3.1886	requires_pubmed_lookup	missing							pubmed	exact_pmid_efetch	26843931	none
114	publication_component:citation:publication:doi:10.1002/ece3.2047	requires_pubmed_lookup	missing							pubmed	exact_pmid_efetch	27069575	none
115	publication_component:citation:publication:doi:10.1002/ece3.2077	requires_pubmed_lookup	missing							pubmed	exact_pmid_efetch	27066243	none
116	publication_component:citation:publication:doi:10.1002/ece3.2159	requires_pubmed_lookup	missing							pubmed	exact_pmid_efetch	27516858	none
117	publication_component:citation:publication:doi:10.1002/ece3.2574	requires_pubmed_lookup	missing							pubmed	exact_pmid_efetch	28031797	none
118	publication_component:citation:publication:doi:10.1002/ece3.2737	requires_pubmed_lookup	missing							pubmed	exact_pmid_efetch	28331594	none
119	publication_component:citation:publication:doi:10.1002/ece3.285	requires_pubmed_lookup	missing							pubmed	exact_pmid_efetch	22957169	none
120	publication_component:citation:publication:doi:10.1002/ece3.299	requires_pubmed_lookup	missing							pubmed	exact_pmid_efetch	22957200	none
121	publication_component:citation:publication:doi:10.1002/ece3.3317	requires_pubmed_lookup	missing							pubmed	exact_pmid_efetch	29043021	none
122	publication_component:citation:publication:doi:10.1002/ece3.3336	requires_pubmed_lookup	missing							pubmed	exact_pmid_efetch	29177034	none
123	publication_component:citation:publication:doi:10.1002/ece3.3735	requires_pubmed_lookup	missing							pubmed	exact_pmid_efetch	29375797	none
124	publication_component:citation:publication:doi:10.1002/ece3.4044	requires_pubmed_lookup	missing							pubmed	exact_pmid_efetch	29938056	none
125	publication_component:citation:publication:doi:10.1002/ece3.4212	requires_pubmed_lookup	missing							pubmed	exact_pmid_efetch	30073059	none
126	publication_component:citation:publication:doi:10.1002/ece3.4221	requires_pubmed_lookup	missing							pubmed	exact_pmid_efetch	30250687	none
127	publication_component:citation:publication:doi:10.1002/ece3.4427	requires_pubmed_lookup	missing							pubmed	exact_pmid_efetch	30519397	none
128	publication_component:citation:publication:doi:10.1002/ece3.487	requires_pubmed_lookup	missing							pubmed	exact_pmid_efetch	23532786	none
129	publication_component:citation:publication:doi:10.1002/ece3.4965	requires_pubmed_lookup	missing							pubmed	exact_pmid_efetch	30962899	none
130	publication_component:citation:publication:doi:10.1002/ece3.5015	requires_pubmed_lookup	missing							pubmed	exact_pmid_efetch	31015974	none
131	publication_component:citation:publication:doi:10.1002/ece3.5087	requires_pubmed_lookup	missing							pubmed	exact_pmid_efetch	31110668	none
132	publication_component:citation:publication:doi:10.1002/ece3.5271	requires_pubmed_lookup	missing							pubmed	exact_pmid_efetch	31380033	none
133	publication_component:citation:publication:doi:10.1002/ece3.5542	requires_pubmed_lookup	missing							pubmed	exact_pmid_efetch	31788185	none
134	publication_component:citation:publication:doi:10.1002/ece3.5620	requires_pubmed_lookup	missing							pubmed	exact_pmid_efetch	31641464	none
135	publication_component:citation:publication:doi:10.1002/ece3.5965	requires_pubmed_lookup	missing							pubmed	exact_pmid_efetch	32551041	none
136	publication_component:citation:publication:doi:10.1002/ece3.5971	requires_pubmed_lookup	missing							pubmed	exact_pmid_efetch	32015863	none
137	publication_component:citation:publication:doi:10.1002/ece3.598	requires_pubmed_lookup	missing							pubmed	exact_pmid_efetch	23919136	none
138	publication_component:citation:publication:doi:10.1002/ece3.5984	requires_pubmed_lookup	missing							pubmed	exact_pmid_efetch	32076515	none
139	publication_component:citation:publication:doi:10.1002/ece3.605	requires_pubmed_lookup	missing							pubmed	exact_pmid_efetch	23919141	none
140	publication_component:citation:publication:doi:10.1002/ece3.6140	requires_pubmed_lookup	missing							pubmed	exact_pmid_efetch	32274000	none
141	publication_component:citation:publication:doi:10.1002/ece3.6342	requires_pubmed_lookup	missing							pubmed	exact_pmid_efetch	32607209	none
142	publication_component:citation:publication:doi:10.1002/ece3.6462	requires_pubmed_lookup	missing							pubmed	exact_pmid_efetch	32760535	none
143	publication_component:citation:publication:doi:10.1002/ece3.650	requires_pubmed_lookup	missing							pubmed	exact_pmid_efetch	24567825	none
144	publication_component:citation:publication:doi:10.1002/ece3.6749	requires_pubmed_lookup	missing							pubmed	exact_pmid_efetch	33144953	none
145	publication_component:citation:publication:doi:10.1002/ece3.6782	requires_pubmed_lookup	missing							pubmed	exact_pmid_efetch	33144976	none
146	publication_component:citation:publication:doi:10.1002/ece3.6855	requires_pubmed_lookup	missing							pubmed	exact_pmid_efetch	33209285	none
147	publication_component:citation:publication:doi:10.1002/ece3.70013	requires_pubmed_lookup	missing							pubmed	exact_pmid_efetch	39011133	none
148	publication_component:citation:publication:doi:10.1002/ece3.70126	requires_pubmed_lookup	missing							pubmed	exact_pmid_efetch	39114168	none
149	publication_component:citation:publication:doi:10.1002/ece3.70144	requires_pubmed_lookup	missing							pubmed	exact_pmid_efetch	39119179	none
150	publication_component:citation:publication:doi:10.1002/ece3.70159	requires_pubmed_lookup	missing							pubmed	exact_pmid_efetch	39193169	none
151	publication_component:citation:publication:doi:10.1002/ece3.70297	requires_pubmed_lookup	missing							pubmed	exact_pmid_efetch	39301292	none
152	publication_component:citation:publication:doi:10.1002/ece3.70318	requires_pubmed_lookup	missing							pubmed	exact_pmid_efetch	39290669	none
153	publication_component:citation:publication:doi:10.1002/ece3.70400	requires_pubmed_lookup	missing							pubmed	exact_pmid_efetch	39385836	none
154	publication_component:citation:publication:doi:10.1002/ece3.70723	requires_pubmed_lookup	missing							pubmed	exact_pmid_efetch	39691440	none
155	publication_component:citation:publication:doi:10.1002/ece3.70840	requires_pubmed_lookup	missing							pubmed	exact_pmid_efetch	39963511	none
156	publication_component:citation:publication:doi:10.1002/ece3.70874	requires_pubmed_lookup	missing							pubmed	exact_pmid_efetch	39844788	none
157	publication_component:citation:publication:doi:10.1002/ece3.71027	requires_pubmed_lookup	missing							pubmed	exact_pmid_efetch	40027412	none
158	publication_component:citation:publication:doi:10.1002/ece3.71312	requires_pubmed_lookup	missing							pubmed	exact_pmid_efetch	40276246	none
159	publication_component:citation:publication:doi:10.1002/ece3.71453	requires_pubmed_lookup	missing							pubmed	exact_pmid_efetch	40416764	none
160	publication_component:citation:publication:doi:10.1002/ece3.71462	requires_pubmed_lookup	missing							pubmed	exact_pmid_efetch	40416769	none
161	publication_component:citation:publication:doi:10.1002/ece3.71467	requires_pubmed_lookup	missing							pubmed	exact_pmid_efetch	40406590	none
162	publication_component:citation:publication:doi:10.1002/ece3.71471	requires_pubmed_lookup	missing							pubmed	exact_pmid_efetch	40454218	none
163	publication_component:citation:publication:doi:10.1002/ece3.71553	requires_pubmed_lookup	missing							pubmed	exact_pmid_efetch	40534984	none
164	publication_component:citation:publication:doi:10.1002/ece3.7161	requires_pubmed_lookup	missing							pubmed	exact_pmid_efetch	33613999	none
165	publication_component:citation:publication:doi:10.1002/ece3.71762	requires_pubmed_lookup	missing							pubmed	exact_pmid_efetch	40625331	none
166	publication_component:citation:publication:doi:10.1002/ece3.71975	requires_pubmed_lookup	missing							pubmed	exact_pmid_efetch	40785989	none
167	publication_component:citation:publication:doi:10.1002/ece3.72129	requires_pubmed_lookup	missing							pubmed	exact_pmid_efetch	40978223	none
168	publication_component:citation:publication:doi:10.1002/ece3.72372	requires_pubmed_lookup	missing							pubmed	exact_pmid_efetch	41140310	none
169	publication_component:citation:publication:doi:10.1002/ece3.72385	requires_pubmed_lookup	missing							pubmed	exact_pmid_efetch	41116763	none
170	publication_component:citation:publication:doi:10.1002/ece3.72796	requires_pubmed_lookup	missing							pubmed	exact_pmid_efetch	41415316	none
171	publication_component:citation:publication:doi:10.1002/ece3.72811	requires_pubmed_lookup	missing							pubmed	exact_pmid_efetch	41459102	none
172	publication_component:citation:publication:doi:10.1002/ece3.73086	requires_pubmed_lookup	missing							pubmed	exact_pmid_efetch	41696125	none
173	publication_component:citation:publication:doi:10.1002/ece3.73315	requires_pubmed_lookup	missing							pubmed	exact_pmid_efetch	42016943	none
174	publication_component:citation:publication:doi:10.1002/ece3.73333	requires_pubmed_lookup	missing							pubmed	exact_pmid_efetch	42040842	none
175	publication_component:citation:publication:doi:10.1002/ece3.73370	requires_pubmed_lookup	missing							pubmed	exact_pmid_efetch	42040847	none
176	publication_component:citation:publication:doi:10.1002/ece3.73551	requires_pubmed_lookup	missing							pubmed	exact_pmid_efetch	42023404	none
177	publication_component:citation:publication:doi:10.1002/ece3.73748	requires_pubmed_lookup	missing							pubmed	exact_pmid_efetch	42256132	none
178	publication_component:citation:publication:doi:10.1002/ece3.73782	requires_openalex_lookup	not_applicable							openalex	exact_work_id	W7163559958	none
179	publication_component:citation:publication:doi:10.1002/ece3.7381	requires_pubmed_lookup	missing							pubmed	exact_pmid_efetch	33976848	none
180	publication_component:citation:publication:doi:10.1002/ece3.73841	requires_pubmed_lookup	missing							pubmed	exact_pmid_efetch	42529109	none
181	publication_component:citation:publication:doi:10.1002/ece3.73937	requires_pubmed_lookup	missing							pubmed	exact_pmid_efetch	42388186	none
182	publication_component:citation:publication:doi:10.1002/ece3.74056	requires_pubmed_lookup	missing							pubmed	exact_pmid_efetch	42534716	none
183	publication_component:citation:publication:doi:10.1002/ece3.74062	requires_pubmed_lookup	missing							pubmed	exact_pmid_efetch	42494962	none
184	publication_component:citation:publication:doi:10.1002/ece3.74271	requires_pubmed_lookup	missing							pubmed	exact_pmid_efetch	42688675	none
185	publication_component:citation:publication:doi:10.1002/ece3.74281	requires_pubmed_lookup	missing							pubmed	exact_pmid_efetch	42699452	none
186	publication_component:citation:publication:doi:10.1002/ece3.74291	requires_pubmed_lookup	missing							pubmed	exact_pmid_efetch	42699354	none
187	publication_component:citation:publication:doi:10.1002/ece3.74342	requires_pubmed_lookup	missing							pubmed	exact_pmid_efetch	42740835	none
188	publication_component:citation:publication:doi:10.1002/ece3.7440	requires_pubmed_lookup	missing							pubmed	exact_pmid_efetch	34026020	none
189	publication_component:citation:publication:doi:10.1002/ece3.7582	requires_pubmed_lookup	missing							pubmed	exact_pmid_efetch	34188831	none
190	publication_component:citation:publication:doi:10.1002/ece3.7736	requires_pubmed_lookup	missing							pubmed	exact_pmid_efetch	34257940	none
191	publication_component:citation:publication:doi:10.1002/ece3.7760	requires_pubmed_lookup	missing							pubmed	exact_pmid_efetch	34367556	none
192	publication_component:citation:publication:doi:10.1002/ece3.7959	requires_pubmed_lookup	missing							pubmed	exact_pmid_efetch	34646450	none
193	publication_component:citation:publication:doi:10.1002/ece3.8063	requires_pubmed_lookup	missing							pubmed	exact_pmid_efetch	34646478	none
194	publication_component:citation:publication:doi:10.1002/ece3.8071	requires_pubmed_lookup	missing							pubmed	exact_pmid_efetch	34646484	none
195	publication_component:citation:publication:doi:10.1002/ece3.8189	requires_pubmed_lookup	missing							pubmed	exact_pmid_efetch	34765161	none
196	publication_component:citation:publication:doi:10.1002/ece3.8398	requires_pubmed_lookup	missing							pubmed	exact_pmid_efetch	35003653	none
197	publication_component:citation:publication:doi:10.1002/ece3.8471	requires_pubmed_lookup	missing							pubmed	exact_pmid_efetch	35136549	none
198	publication_component:citation:publication:doi:10.1002/ece3.8499	requires_pubmed_lookup	missing							pubmed	exact_pmid_efetch	35136556	none
199	publication_component:citation:publication:doi:10.1002/ece3.8595	requires_pubmed_lookup	missing							pubmed	exact_pmid_efetch	35154658	none
200	publication_component:citation:publication:doi:10.1002/ece3.8815	requires_pubmed_lookup	missing							pubmed	exact_pmid_efetch	35475184	none
201	publication_component:citation:publication:doi:10.1002/ece3.8866	requires_pubmed_lookup	missing							pubmed	exact_pmid_efetch	35462974	none
202	publication_component:citation:publication:doi:10.1002/ece3.9077	requires_pubmed_lookup	missing							pubmed	exact_pmid_efetch	35866021	none
203	publication_component:citation:publication:doi:10.1002/ece3.9159	requires_pubmed_lookup	missing							pubmed	exact_pmid_efetch	35919393	none
204	publication_component:citation:publication:doi:10.1002/ece3.9309	requires_pubmed_lookup	missing							pubmed	exact_pmid_efetch	36188500	none
205	publication_component:citation:publication:doi:10.1002/ece3.9346	requires_pubmed_lookup	missing							pubmed	exact_pmid_efetch	36311412	none
206	publication_component:citation:publication:doi:10.1002/ece3.94	requires_pubmed_lookup	missing							pubmed	exact_pmid_efetch	22822429	none
207	publication_component:citation:publication:doi:10.1002/ece3.965	requires_openalex_lookup	not_applicable							openalex	exact_work_id	W2090516958	none
208	publication_component:citation:publication:doi:10.1002/ecog.07821	requires_openalex_lookup	not_applicable							openalex	exact_work_id	W7172489480	none
209	publication_component:citation:publication:doi:10.1002/ecog.08419	requires_openalex_lookup	not_applicable							openalex	exact_work_id	W7137254230	none
210	publication_component:citation:publication:doi:10.1002/eng2.13112	requires_openalex_lookup	not_applicable							openalex	exact_work_id	W4407122328	none
211	publication_component:citation:publication:doi:10.1002/evl3.20	requires_pubmed_lookup	missing							pubmed	exact_pmid_efetch	30283648	none
212	publication_component:citation:publication:doi:10.1002/evl3.246	requires_pubmed_lookup	missing							pubmed	exact_pmid_efetch	34621538	none
213	publication_component:citation:publication:doi:10.1002/evl3.7	requires_pubmed_lookup	missing							pubmed	exact_pmid_efetch	30283640	none
214	publication_component:citation:publication:doi:10.1002/evl3.71	requires_pubmed_lookup	missing							pubmed	exact_pmid_efetch	30283686	none
215	publication_component:citation:publication:doi:10.1002/evl3.81	requires_pubmed_lookup	missing							pubmed	exact_pmid_efetch	30283697	none
216	publication_component:citation:publication:doi:10.1002/glr2.70037	requires_openalex_lookup	not_applicable							openalex	exact_work_id	W7127484825	none
217	publication_component:citation:publication:doi:10.1002/hsr2.1209	requires_pubmed_lookup	missing							pubmed	exact_pmid_efetch	37077184	none
218	publication_component:citation:publication:doi:10.1002/humu.21519	requires_pubmed_lookup	missing							pubmed	exact_pmid_efetch	21538689	none
219	publication_component:citation:publication:doi:10.1002/ijch.201200096	requires_openalex_lookup	not_applicable							openalex	exact_work_id	W1973035681	none
220	publication_component:citation:publication:doi:10.1002/imo2.70077	requires_openalex_lookup	not_applicable							openalex	exact_work_id	W7124885634	none
221	publication_component:citation:publication:doi:10.1002/imt2.146	requires_pubmed_lookup	missing							pubmed	exact_pmid_efetch	38868214	none
222	publication_component:citation:publication:doi:10.1002/imt2.70095	requires_pubmed_lookup	missing							pubmed	exact_pmid_efetch	41472854	none
223	publication_component:citation:publication:doi:10.1002/inc3.70055	requires_openalex_lookup	not_applicable							openalex	exact_work_id	W4417353837	none
224	publication_component:citation:publication:doi:10.1002/jcp.31012	requires_pubmed_lookup	missing							pubmed	exact_pmid_efetch	36960713	none
225	publication_component:citation:publication:doi:10.1002/jez.1845	requires_pubmed_lookup	missing							pubmed	exact_pmid_efetch	24254650	none
226	publication_component:citation:publication:doi:10.1002/jez.b.21241	requires_pubmed_lookup	missing							pubmed	exact_pmid_efetch	18942103	none
227	publication_component:citation:publication:doi:10.1002/jez.b.21323	requires_pubmed_lookup	missing							pubmed	exact_pmid_efetch	19790198	none
228	publication_component:citation:publication:doi:10.1002/jez.b.21350	requires_pubmed_lookup	missing							pubmed	exact_pmid_efetch	20700889	none
229	publication_component:citation:publication:doi:10.1002/jez.b.22457	requires_pubmed_lookup	missing							pubmed	exact_pmid_efetch	22674856	none
230	publication_component:citation:publication:doi:10.1002/jez.b.22490	requires_pubmed_lookup	missing							pubmed	exact_pmid_efetch	23554322	none
231	publication_component:citation:publication:doi:10.1002/jez.b.22504	requires_pubmed_lookup	missing							pubmed	exact_pmid_efetch	25961277	none
232	publication_component:citation:publication:doi:10.1002/jez.b.22525	requires_pubmed_lookup	missing							pubmed	exact_pmid_efetch	23900979	none
233	publication_component:citation:publication:doi:10.1002/jez.b.22659	requires_pubmed_lookup	missing							pubmed	exact_pmid_efetch	26526303	none
234	publication_component:citation:publication:doi:10.1002/jez.b.22805	requires_pubmed_lookup	missing							pubmed	exact_pmid_efetch	29845724	none
235	publication_component:citation:publication:doi:10.1002/jez.b.22809	requires_pubmed_lookup	missing							pubmed	exact_pmid_efetch	29888542	none
236	publication_component:citation:publication:doi:10.1002/jez.b.22857	requires_pubmed_lookup	missing							pubmed	exact_pmid_efetch	31045323	none
237	publication_component:citation:publication:doi:10.1002/jez.b.22986	requires_pubmed_lookup	missing							pubmed	exact_pmid_efetch	32725718	none
238	publication_component:citation:publication:doi:10.1002/jez.b.23119	requires_pubmed_lookup	missing							pubmed	exact_pmid_efetch	34985811	none
239	publication_component:citation:publication:doi:10.1002/jez.b.23141	requires_pubmed_lookup	missing							pubmed	exact_pmid_efetch	35485990	none
240	publication_component:citation:publication:doi:10.1002/jezb.70012	requires_pubmed_lookup	missing							pubmed	exact_pmid_efetch	41527271	none
241	publication_component:citation:publication:doi:10.1002/jia2.26009	requires_pubmed_lookup	missing							pubmed	exact_pmid_efetch	36268652	none
242	publication_component:citation:publication:doi:10.1002/jmor.21703	requires_pubmed_lookup	missing							pubmed	exact_pmid_efetch	38720627	none
243	publication_component:citation:publication:doi:10.1002/jmr.2694	requires_pubmed_lookup	missing							pubmed	exact_pmid_efetch	29243852	none
244	publication_component:citation:publication:doi:10.1002/jmv.21335	requires_pubmed_lookup	missing							pubmed	exact_pmid_efetch	19031453	none
245	publication_component:citation:publication:doi:10.1002/jmv.24272	requires_pubmed_lookup	missing							pubmed	exact_pmid_efetch	25989289	none
246	publication_component:citation:publication:doi:10.1002/jmv.24324	requires_pubmed_lookup	missing							pubmed	exact_pmid_efetch	26174468	none
247	publication_component:citation:publication:doi:10.1002/jmv.24697	requires_pubmed_lookup	missing							pubmed	exact_pmid_efetch	27671219	none
248	publication_component:citation:publication:doi:10.1002/jmv.25731	requires_pubmed_lookup	missing							pubmed	exact_pmid_efetch	32104911	none
249	publication_component:citation:publication:doi:10.1002/jmv.26001	requires_pubmed_lookup	missing							pubmed	exact_pmid_efetch	32401345	none
250	publication_component:citation:publication:doi:10.1002/jmv.26598	requires_pubmed_lookup	missing							pubmed	exact_pmid_efetch	33090493	none
251	publication_component:citation:publication:doi:10.1002/jmv.27086	requires_pubmed_lookup	missing							pubmed	exact_pmid_efetch	33990970	none
252	publication_component:citation:publication:doi:10.1002/jmv.27167	requires_pubmed_lookup	missing							pubmed	exact_pmid_efetch	34185310	none
253	publication_component:citation:publication:doi:10.1002/jmv.27331	requires_pubmed_lookup	missing							pubmed	exact_pmid_efetch	34506640	none
254	publication_component:citation:publication:doi:10.1002/jmv.27389	requires_pubmed_lookup	missing							pubmed	exact_pmid_efetch	34647634	none
255	publication_component:citation:publication:doi:10.1002/jmv.27429	requires_pubmed_lookup	missing							pubmed	exact_pmid_efetch	34726786	none
256	publication_component:citation:publication:doi:10.1002/jmv.27451	requires_pubmed_lookup	missing							pubmed	exact_pmid_efetch	34766651	none
257	publication_component:citation:publication:doi:10.1002/jmv.27537	requires_pubmed_lookup	missing							pubmed	exact_pmid_efetch	34939673	none
258	publication_component:citation:publication:doi:10.1002/jmv.27674	requires_pubmed_lookup	missing							pubmed	exact_pmid_efetch	35229308	none
259	publication_component:citation:publication:doi:10.1002/jmv.27957	requires_pubmed_lookup	missing							pubmed	exact_pmid_efetch	35754094	none
260	publication_component:citation:publication:doi:10.1002/jmv.28033	requires_pubmed_lookup	missing							pubmed	exact_pmid_efetch	35902787	none
261	publication_component:citation:publication:doi:10.1002/jmv.28366	requires_pubmed_lookup	missing							pubmed	exact_pmid_efetch	36458547	none
262	publication_component:citation:publication:doi:10.1002/jmv.28461	requires_pubmed_lookup	missing							pubmed	exact_pmid_efetch	36602045	none
263	publication_component:citation:publication:doi:10.1002/jmv.28848	requires_pubmed_lookup	missing							pubmed	exact_pmid_efetch	37294038	none
264	publication_component:citation:publication:doi:10.1002/jmv.29106	requires_pubmed_lookup	missing							pubmed	exact_pmid_efetch	37712255	none
265	publication_component:citation:publication:doi:10.1002/jmv.29194	requires_pubmed_lookup	missing							pubmed	exact_pmid_efetch	37881026	none
266	publication_component:citation:publication:doi:10.1002/jmv.29346	requires_pubmed_lookup	missing							pubmed	exact_pmid_efetch	38178580	none
267	publication_component:citation:publication:doi:10.1002/jmv.29397	requires_pubmed_lookup	missing							pubmed	exact_pmid_efetch	38235923	none
268	publication_component:citation:publication:doi:10.1002/jmv.29773	requires_pubmed_lookup	missing							pubmed	exact_pmid_efetch	38940448	none
269	publication_component:citation:publication:doi:10.1002/jmv.29902	requires_pubmed_lookup	missing							pubmed	exact_pmid_efetch	39228345	none
270	publication_component:citation:publication:doi:10.1002/jmv.71142	requires_pubmed_lookup	missing							pubmed	exact_pmid_efetch	42708527	none
271	publication_component:citation:publication:doi:10.1002/jse.236	requires_openalex_lookup	not_applicable							openalex	exact_doi	10.1002/jse.236	none
272	publication_component:citation:publication:doi:10.1002/jsfa.4507	requires_pubmed_lookup	missing							pubmed	exact_pmid_efetch	21725977	none
273	publication_component:citation:publication:doi:10.1002/kpm.1558	requires_openalex_lookup	not_applicable							openalex	exact_work_id	W2790212955	none
274	publication_component:citation:publication:doi:10.1002/lol2.70005	requires_openalex_lookup	not_applicable							openalex	exact_work_id	W4408549467	none
275	publication_component:citation:publication:doi:10.1002/mbo3.70175	requires_pubmed_lookup	missing							pubmed	exact_pmid_efetch	41310915	none
276	publication_component:citation:publication:doi:10.1002/mco2.565	requires_pubmed_lookup	missing							pubmed	exact_pmid_efetch	38882210	none
277	publication_component:citation:publication:doi:10.1002/minf.201800057	requires_pubmed_lookup	missing							pubmed	exact_pmid_efetch	30019526	none
278	publication_component:citation:publication:doi:10.1002/mrd.22134	requires_pubmed_lookup	missing							pubmed	exact_pmid_efetch	23184500	none
279	publication_component:citation:publication:doi:10.1002/mrd.22321	requires_pubmed_lookup	missing							pubmed	exact_pmid_efetch	24644026	none
280	publication_component:citation:publication:doi:10.1002/mrd.22752	requires_pubmed_lookup	missing							pubmed	exact_pmid_efetch	27770608	none
281	publication_component:citation:publication:doi:10.1002/mrd.23517	requires_pubmed_lookup	missing							pubmed	exact_pmid_efetch	34148267	none
282	publication_component:citation:publication:doi:10.1002/pld3.388	requires_pubmed_lookup	missing							pubmed	exact_pmid_efetch	35388373	none
283	publication_component:citation:publication:doi:10.1002/pld3.420	requires_pubmed_lookup	missing							pubmed	exact_pmid_efetch	35865076	none
284	publication_component:citation:publication:doi:10.1002/pld3.484	requires_pubmed_lookup	missing							pubmed	exact_pmid_efetch	36937792	none
285	publication_component:citation:publication:doi:10.1002/pmic.202200421	requires_pubmed_lookup	missing							pubmed	exact_pmid_efetch	37609810	none
286	publication_component:citation:publication:doi:10.1002/pro.247	requires_pubmed_lookup	missing							pubmed	exact_pmid_efetch	19768800	none
287	publication_component:citation:publication:doi:10.1002/pro.2721	requires_pubmed_lookup	missing							pubmed	exact_pmid_efetch	26061224	none
288	publication_component:citation:publication:doi:10.1002/pro.324	requires_pubmed_lookup	missing							pubmed	exact_pmid_efetch	20054829	none
289	publication_component:citation:publication:doi:10.1002/pro.3558	requires_pubmed_lookup	missing							pubmed	exact_pmid_efetch	30488506	none
290	publication_component:citation:publication:doi:10.1002/pro.3646	requires_pubmed_lookup	missing							pubmed	exact_pmid_efetch	31095809	none
291	publication_component:citation:publication:doi:10.1002/pro.4620	requires_pubmed_lookup	missing							pubmed	exact_pmid_efetch	36883357	none
292	publication_component:citation:publication:doi:10.1002/prot.22990	requires_pubmed_lookup	missing							pubmed	exact_pmid_efetch	21387414	none
293	publication_component:citation:publication:doi:10.1002/prot.24758	requires_pubmed_lookup	missing							pubmed	exact_pmid_efetch	25586301	none
294	publication_component:citation:publication:doi:10.1002/prot.25518	requires_pubmed_lookup	missing							pubmed	exact_pmid_efetch	29679401	none
295	publication_component:citation:publication:doi:10.1002/prot.25588	requires_pubmed_lookup	missing							pubmed	exact_pmid_efetch	30039542	none
296	publication_component:citation:publication:doi:10.1002/ps.4893	requires_pubmed_lookup	missing							pubmed	exact_pmid_efetch	29457681	none
297	publication_component:citation:publication:doi:10.1002/ps.6905	requires_pubmed_lookup	missing							pubmed	exact_pmid_efetch	35394111	none
298	publication_component:citation:publication:doi:10.1002/ps.70286	requires_pubmed_lookup	missing							pubmed	exact_pmid_efetch	41069208	none
299	publication_component:citation:publication:doi:10.1002/ps.70486	requires_pubmed_lookup	missing							pubmed	exact_pmid_efetch	41546450	none
300	publication_component:citation:publication:doi:10.1002/ps.70498	requires_pubmed_lookup	missing							pubmed	exact_pmid_efetch	41496483	none
301	publication_component:citation:publication:doi:10.1002/ps.7065	requires_pubmed_lookup	missing							pubmed	exact_pmid_efetch	35796079	none
302	publication_component:citation:publication:doi:10.1002/ps.71164	requires_pubmed_lookup	missing							pubmed	exact_pmid_efetch	42543508	none
303	publication_component:citation:publication:doi:10.1002/ps.71222	requires_pubmed_lookup	missing							pubmed	exact_pmid_efetch	42613777	none
304	publication_component:citation:publication:doi:10.1002/ps.8956	requires_pubmed_lookup	missing							pubmed	exact_pmid_efetch	40488342	none
305	publication_component:citation:publication:doi:10.1002/rcm.8605	requires_pubmed_lookup	missing							pubmed	exact_pmid_efetch	31657488	none
306	publication_component:citation:publication:doi:10.1002/rmv.2193	requires_pubmed_lookup	missing							pubmed	exact_pmid_efetch	33217098	none
307	publication_component:citation:publication:doi:10.1002/tpg2.20001	requires_pubmed_lookup	missing							pubmed	exact_pmid_efetch	33016624	none
308	publication_component:citation:publication:doi:10.1002/tpg2.20104	requires_pubmed_lookup	missing							pubmed	exact_pmid_efetch	34275210	none
309	publication_component:citation:publication:doi:10.1002/tpg2.20135	requires_pubmed_lookup	missing							pubmed	exact_pmid_efetch	34533282	none
310	publication_component:citation:publication:doi:10.1002/tpg2.20217	requires_pubmed_lookup	missing							pubmed	exact_pmid_efetch	35608212	none
311	publication_component:citation:publication:doi:10.1002/tpg2.20236	requires_pubmed_lookup	missing							pubmed	exact_pmid_efetch	35748235	none
312	publication_component:citation:publication:doi:10.1002/tpg2.20238	requires_pubmed_lookup	missing							pubmed	exact_pmid_efetch	35894687	none
313	publication_component:citation:publication:doi:10.1002/tpg2.20439	requires_pubmed_lookup	missing							pubmed	exact_pmid_efetch	38485674	none
314	publication_component:citation:publication:doi:10.1002/tpg2.20448	requires_pubmed_lookup	missing							pubmed	exact_pmid_efetch	38602082	none
315	publication_component:citation:publication:doi:10.1002/tpg2.20563	requires_pubmed_lookup	missing							pubmed	exact_pmid_efetch	39972488	none
316	publication_component:citation:publication:doi:10.1002/tpg2.70172	requires_pubmed_lookup	missing							pubmed	exact_pmid_efetch	41409037	none
317	publication_component:citation:publication:doi:10.1002/tpg2.70232	requires_pubmed_lookup	missing							pubmed	exact_pmid_efetch	41894487	none
318	publication_component:citation:publication:doi:10.1002/tpg2.70286	requires_pubmed_lookup	missing							pubmed	exact_pmid_efetch	42522920	none
319	publication_component:citation:publication:doi:10.1002/yea.1598	requires_pubmed_lookup	missing							pubmed	exact_pmid_efetch	18509846	none
320	publication_component:citation:publication:doi:10.1002/yea.3391	requires_pubmed_lookup	missing							pubmed	exact_pmid_efetch	30963617	none
321	publication_component:citation:publication:doi:10.1007/0-387-27733-1_6	cached_sources_no_usable_abstract	not_applicable	openalex	exact_doi	afd40665d46e08066c8ecafdcdfb976bb4a230b9413c2c5430f4abdca8c14ba8	lookup:6545dbb87a2570148bd1077c372b9655a3a1af5230aa24ecfe68788babac641c	ok	abstract_absent				none
322	publication_component:citation:publication:doi:10.1007/978-1-0716-1036-7_14	requires_pubmed_lookup	missing							pubmed	exact_pmid_efetch	33289896	none
323	publication_component:citation:publication:doi:10.1007/978-1-0716-1503-4_3	requires_pubmed_lookup	missing							pubmed	exact_pmid_efetch	34165707	none
324	publication_component:citation:publication:doi:10.1007/978-1-0716-1799-1_15	requires_pubmed_lookup	missing							pubmed	exact_pmid_efetch	34773625	none
325	publication_component:citation:publication:doi:10.1007/978-1-0716-2111-0_3	requires_pubmed_lookup	missing							pubmed	exact_pmid_efetch	35554899	none
326	publication_component:citation:publication:doi:10.1007/978-1-0716-2257-5_24	requires_pubmed_lookup	missing							pubmed	exact_pmid_efetch	35524131	none
327	publication_component:citation:publication:doi:10.1007/978-1-0716-2561-3_7	requires_pubmed_lookup	missing							pubmed	exact_pmid_efetch	36720811	none
328	publication_component:citation:publication:doi:10.1007/978-1-0716-2691-7_1	requires_pubmed_lookup	missing							pubmed	exact_pmid_efetch	36083441	none
329	publication_component:citation:publication:doi:10.1007/978-1-0716-2691-7_2	requires_pubmed_lookup	missing							pubmed	exact_pmid_efetch	36083442	none
330	publication_component:citation:publication:doi:10.1007/978-1-0716-2691-7_5	requires_pubmed_lookup	missing							pubmed	exact_pmid_efetch	36083445	none
331	publication_component:citation:publication:doi:10.1007/978-1-0716-2691-7_8	requires_pubmed_lookup	missing							pubmed	exact_pmid_efetch	36083448	none
332	publication_component:citation:publication:doi:10.1007/978-1-0716-3838-5_11	requires_pubmed_lookup	missing							pubmed	exact_pmid_efetch	38819564	none
333	publication_component:citation:publication:doi:10.1007/978-1-0716-3838-5_16	requires_pubmed_lookup	missing							pubmed	exact_pmid_efetch	38819569	none
334	publication_component:citation:publication:doi:10.1007/978-1-0716-3874-3_18	requires_pubmed_lookup	missing							pubmed	exact_pmid_efetch	38907904	none
335	publication_component:citation:publication:doi:10.1007/978-1-0716-3981-8_16	requires_pubmed_lookup	missing							pubmed	exact_pmid_efetch	38949710	none
336	publication_component:citation:publication:doi:10.1007/978-1-0716-4702-8_7	requires_pubmed_lookup	missing							pubmed	exact_pmid_efetch	40736896	none
337	publication_component:citation:publication:doi:10.1007/978-1-4471-5298-9_12	requires_openalex_lookup	not_applicable							openalex	exact_work_id	W39630659	none
338	publication_component:citation:publication:doi:10.1007/978-1-4614-7181-3_4	requires_openalex_lookup	not_applicable							openalex	exact_work_id	W2249395856	none
339	publication_component:citation:publication:doi:10.1007/978-1-4614-8087-7_12	requires_openalex_lookup	not_applicable							openalex	exact_work_id	W158935306	none
340	publication_component:citation:publication:doi:10.1007/978-1-4614-9610-6_373-1	requires_openalex_lookup	not_applicable							openalex	exact_work_id	W2798998641	none
341	publication_component:citation:publication:doi:10.1007/978-1-4939-0835-6_3	requires_pubmed_lookup	missing							pubmed	exact_pmid_efetch	24823769	none
342	publication_component:citation:publication:doi:10.1007/978-1-4939-1438-8_4	requires_pubmed_lookup	missing							pubmed	exact_pmid_efetch	25388108	none
343	publication_component:citation:publication:doi:10.1007/978-1-4939-1720-4_17	requires_pubmed_lookup	missing							pubmed	exact_pmid_efetch	25343871	none
344	publication_component:citation:publication:doi:10.1007/978-1-4939-3079-1_21	requires_pubmed_lookup	missing							pubmed	exact_pmid_efetch	26483033	none
345	publication_component:citation:publication:doi:10.1007/978-1-4939-6622-6_13	requires_pubmed_lookup	missing							pubmed	exact_pmid_efetch	27896727	none
346	publication_component:citation:publication:doi:10.1007/978-1-4939-7101-5_373	requires_openalex_lookup	not_applicable							openalex	exact_work_id	W4301668995	none
347	publication_component:citation:publication:doi:10.1007/978-1-4939-7165-7_20	requires_pubmed_lookup	missing							pubmed	exact_pmid_efetch	28608350	none
348	publication_component:citation:publication:doi:10.1007/978-1-4939-7249-4_7	requires_pubmed_lookup	missing							pubmed	exact_pmid_efetch	28856642	none
349	publication_component:citation:publication:doi:10.1007/978-1-4939-7463-4_17	requires_pubmed_lookup	missing							pubmed	exact_pmid_efetch	29277877	none
350	publication_component:citation:publication:doi:10.1007/978-1-4939-7463-4_5	requires_pubmed_lookup	missing							pubmed	exact_pmid_efetch	29277865	none
351	publication_component:citation:publication:doi:10.1007/978-1-4939-8678-1_26	requires_pubmed_lookup	missing							pubmed	exact_pmid_efetch	30151591	none
352	publication_component:citation:publication:doi:10.1007/978-1-4939-9074-0_10	requires_pubmed_lookup	missing							pubmed	exact_pmid_efetch	31278669	none
353	publication_component:citation:publication:doi:10.1007/978-1-4939-9074-0_12	requires_pubmed_lookup	missing							pubmed	exact_pmid_efetch	31278671	none
354	publication_component:citation:publication:doi:10.1007/978-1-4939-9074-0_13	requires_pubmed_lookup	missing							pubmed	exact_pmid_efetch	31278672	none
355	publication_component:citation:publication:doi:10.1007/978-1-4939-9074-0_3	requires_pubmed_lookup	missing							pubmed	exact_pmid_efetch	31278662	none
356	publication_component:citation:publication:doi:10.1007/978-1-4939-9845-6_6	requires_pubmed_lookup	missing							pubmed	exact_pmid_efetch	31576525	none
357	publication_component:citation:publication:doi:10.1007/978-1-60327-999-4_20	requires_pubmed_lookup	missing							pubmed	exact_pmid_efetch	19521881	none
358	publication_component:citation:publication:doi:10.1007/978-1-61779-501-5_33	requires_pubmed_lookup	missing							pubmed	exact_pmid_efetch	22183676	none
359	publication_component:citation:publication:doi:10.1007/978-1-61779-516-9_24	requires_pubmed_lookup	missing							pubmed	exact_pmid_efetch	22237538	none
360	publication_component:citation:publication:doi:10.1007/978-1-61779-582-4_4	requires_pubmed_lookup	missing							pubmed	exact_pmid_efetch	22407707	none
361	publication_component:citation:publication:doi:10.1007/978-1-61779-585-5_5	requires_pubmed_lookup	missing							pubmed	exact_pmid_efetch	22399457	none
362	publication_component:citation:publication:doi:10.1007/978-1-62703-465-4_7	requires_pubmed_lookup	missing							pubmed	exact_pmid_efetch	23765655	none
363	publication_component:citation:publication:doi:10.1007/978-3-030-23873-5_8	requires_openalex_lookup	not_applicable							openalex	exact_work_id	W2954086906	none
364	publication_component:citation:publication:doi:10.1007/978-3-030-42258-5_2	requires_openalex_lookup	not_applicable							openalex	exact_work_id	W3017282803	none
365	publication_component:citation:publication:doi:10.1007/978-3-030-46012-9_18	requires_openalex_lookup	not_applicable							openalex	exact_work_id	W3045775374	none
366	publication_component:citation:publication:doi:10.1007/978-3-030-51633-8_12	requires_openalex_lookup	not_applicable							openalex	exact_work_id	W3093647124	none
367	publication_component:citation:publication:doi:10.1007/978-3-030-60181-2_10	requires_openalex_lookup	not_applicable							openalex	exact_work_id	W3121436004	none
368	publication_component:citation:publication:doi:10.1007/978-3-030-60181-2_12	requires_openalex_lookup	not_applicable							openalex	exact_work_id	W3123240947	none
369	publication_component:citation:publication:doi:10.1007/978-3-030-60181-2_13	requires_openalex_lookup	not_applicable							openalex	exact_work_id	W3122921359	none
370	publication_component:citation:publication:doi:10.1007/978-3-030-60181-2_6	requires_openalex_lookup	not_applicable							openalex	exact_work_id	W3121776531	none
371	publication_component:citation:publication:doi:10.1007/978-3-030-60181-2_8	requires_openalex_lookup	not_applicable							openalex	exact_work_id	W3121276191	none
372	publication_component:citation:publication:doi:10.1007/978-3-030-62155-1_12	requires_openalex_lookup	not_applicable							openalex	exact_work_id	W3164593654	none
373	publication_component:citation:publication:doi:10.1007/978-3-030-83217-9_11	requires_openalex_lookup	not_applicable							openalex	exact_work_id	W4206285788	none
374	publication_component:citation:publication:doi:10.1007/978-3-030-86688-4_5	requires_openalex_lookup	not_applicable							openalex	exact_work_id	W4225826677	none
375	publication_component:citation:publication:doi:10.1007/978-3-031-00848-1_9	requires_openalex_lookup	not_applicable							openalex	exact_work_id	W4312591931	none
376	publication_component:citation:publication:doi:10.1007/978-3-031-20837-9_14	requires_openalex_lookup	not_applicable							openalex	exact_work_id	W4312545895	none
377	publication_component:citation:publication:doi:10.1007/978-3-031-80209-6_14	requires_openalex_lookup	not_applicable							openalex	exact_work_id	W4409261184	none
378	publication_component:citation:publication:doi:10.1007/978-3-031-94928-9_19	requires_openalex_lookup	not_applicable							openalex	exact_work_id	W4413856257	none
379	publication_component:citation:publication:doi:10.1007/978-3-032-24923-4_13	requires_openalex_lookup	not_applicable							openalex	exact_work_id	W7172410592	none
380	publication_component:citation:publication:doi:10.1007/978-3-319-16483-0_40	requires_openalex_lookup	not_applicable							openalex	exact_work_id	W2111928042	none
381	publication_component:citation:publication:doi:10.1007/978-3-319-30526-4_33	requires_openalex_lookup	not_applicable							openalex	exact_work_id	W2617235736	none
382	publication_component:citation:publication:doi:10.1007/978-3-319-34106-4_5	requires_openalex_lookup	not_applicable							openalex	exact_work_id	W2584860267	none
383	publication_component:citation:publication:doi:10.1007/978-3-319-38782-6_21	requires_openalex_lookup	not_applicable							openalex	exact_work_id	W2504447014	none
384	publication_component:citation:publication:doi:10.1007/978-3-319-41523-9_9	requires_pubmed_lookup	missing							pubmed	exact_pmid_efetch	27832489	none
385	publication_component:citation:publication:doi:10.1007/978-3-319-43751-4_4	requires_openalex_lookup	not_applicable							openalex	exact_work_id	W2582999907	none
386	publication_component:citation:publication:doi:10.1007/978-3-319-60816-7_3	requires_openalex_lookup	not_applicable							openalex	exact_work_id	W2628552145	none
387	publication_component:citation:publication:doi:10.1007/978-3-540-78993-2_3	requires_openalex_lookup	not_applicable							openalex	exact_work_id	W2131211314	none
388	publication_component:citation:publication:doi:10.1007/978-3-642-00952-5_13	requires_openalex_lookup	not_applicable							openalex	exact_work_id	W148173404	none
389	publication_component:citation:publication:doi:10.1007/978-3-642-28839-5_26	requires_openalex_lookup	not_applicable							openalex	exact_work_id	W78176951	none
390	publication_component:citation:publication:doi:10.1007/978-3-642-31927-3_16	requires_openalex_lookup	not_applicable							openalex	exact_work_id	W74053542	none
391	publication_component:citation:publication:doi:10.1007/978-94-007-6416-3_27	requires_openalex_lookup	not_applicable							openalex	exact_work_id	W4235905074	none
392	publication_component:citation:publication:doi:10.1007/978-94-007-6649-5_27-1	requires_openalex_lookup	not_applicable							openalex	exact_work_id	W74083662	none
393	publication_component:citation:publication:doi:10.1007/978-981-13-8315-1_3	requires_openalex_lookup	not_applicable							openalex	exact_work_id	W2961875483	none
394	publication_component:citation:publication:doi:10.1007/978-981-15-2445-5_13	requires_openalex_lookup	not_applicable							openalex	exact_work_id	W3004254010	none
395	publication_component:citation:publication:doi:10.1007/978-981-16-2248-9_17	requires_openalex_lookup	not_applicable							openalex	exact_work_id	W3199803985	none
396	publication_component:citation:publication:doi:10.1007/978-981-16-3993-7_9	requires_openalex_lookup	not_applicable							openalex	exact_work_id	W4211061638	none
397	publication_component:citation:publication:doi:10.1007/978-981-16-6005-4_2	requires_openalex_lookup	not_applicable							openalex	exact_work_id	W4210550224	none
398	publication_component:citation:publication:doi:10.1007/978-981-19-4320-1_24	requires_openalex_lookup	not_applicable							openalex	exact_work_id	W4297131566	none
399	publication_component:citation:publication:doi:10.1007/978-981-33-6191-1_5	requires_openalex_lookup	not_applicable							openalex	exact_work_id	W3191140265	none
400	publication_component:citation:publication:doi:10.1007/978-981-99-8048-2_184	requires_openalex_lookup	not_applicable							openalex	exact_work_id	W4399792770	none
401	publication_component:citation:publication:doi:10.1007/bf00160154	requires_pubmed_lookup	missing							pubmed	exact_pmid_efetch	7932792	none
402	publication_component:citation:publication:doi:10.1007/bf01732067	requires_pubmed_lookup	missing							pubmed	exact_pmid_efetch	6449605	none
403	publication_component:citation:publication:doi:10.1007/bf01734359	requires_pubmed_lookup	missing							pubmed	exact_pmid_efetch	7288891	none
404	publication_component:citation:publication:doi:10.1007/bf02100115	requires_pubmed_lookup	missing							pubmed	exact_pmid_efetch	2509717	none
405	publication_component:citation:publication:doi:10.1007/bf02101694	requires_pubmed_lookup	missing							pubmed	exact_pmid_efetch	3934395	none
406	publication_component:citation:publication:doi:10.1007/bf02352289	requires_pubmed_lookup	missing							pubmed	exact_pmid_efetch	8662011	none
407	publication_component:citation:publication:doi:10.1007/bf02407308	requires_pubmed_lookup	missing							pubmed	exact_pmid_efetch	8433381	none
408	publication_component:citation:publication:doi:10.1007/bf02498640	requires_pubmed_lookup	missing							pubmed	exact_pmid_efetch	8642615	none
409	publication_component:citation:publication:doi:10.1007/pl00006320	requires_pubmed_lookup	missing							pubmed	exact_pmid_efetch	9541535	none
410	publication_component:citation:publication:doi:10.1007/pl00006427	requires_pubmed_lookup	missing							pubmed	exact_pmid_efetch	9847410	none
411	publication_component:citation:publication:doi:10.1007/s00018-023-04770-3	requires_pubmed_lookup	missing							pubmed	exact_pmid_efetch	37043028	none
412	publication_component:citation:publication:doi:10.1007/s00040-022-00859-3	requires_openalex_lookup	not_applicable							openalex	exact_work_id	W4286316703	none
413	publication_component:citation:publication:doi:10.1007/s00109-013-1062-9	requires_pubmed_lookup	missing							pubmed	exact_pmid_efetch	23756768	none
414	publication_component:citation:publication:doi:10.1007/s00114-008-0446-0	requires_pubmed_lookup	missing							pubmed	exact_pmid_efetch	18791694	none
415	publication_component:citation:publication:doi:10.1007/s00122-010-1480-9	requires_pubmed_lookup	missing							pubmed	exact_pmid_efetch	21060986	none
416	publication_component:citation:publication:doi:10.1007/s00122-013-2075-z	requires_pubmed_lookup	missing							pubmed	exact_pmid_efetch	23494394	none
417	publication_component:citation:publication:doi:10.1007/s00122-014-2354-3	requires_pubmed_lookup	missing							pubmed	exact_pmid_efetch	25056003	none
418	publication_component:citation:publication:doi:10.1007/s00122-016-2708-0	requires_pubmed_lookup	missing							pubmed	exact_pmid_efetch	27038817	none
419	publication_component:citation:publication:doi:10.1007/s00122-019-03450-w	requires_pubmed_lookup	missing							pubmed	exact_pmid_efetch	31587087	none
420	publication_component:citation:publication:doi:10.1007/s00122-022-04066-3	requires_pubmed_lookup	missing							pubmed	exact_pmid_efetch	35249126	none
421	publication_component:citation:publication:doi:10.1007/s00122-023-04523-7	requires_pubmed_lookup	missing							pubmed	exact_pmid_efetch	38184817	none
422	publication_component:citation:publication:doi:10.1007/s00203-019-01783-0	requires_pubmed_lookup	missing							pubmed	exact_pmid_efetch	31796989	none
423	publication_component:citation:publication:doi:10.1007/s00203-023-03686-7	requires_pubmed_lookup	missing							pubmed	exact_pmid_efetch	37805946	none
424	publication_component:citation:publication:doi:10.1007/s00203-026-04895-6	requires_pubmed_lookup	missing							pubmed	exact_pmid_efetch	41989561	none
425	publication_component:citation:publication:doi:10.1007/s00203-026-05044-9	requires_pubmed_lookup	missing							pubmed	exact_pmid_efetch	42479271	none
426	publication_component:citation:publication:doi:10.1007/s00227-010-1492-7	requires_openalex_lookup	not_applicable							openalex	exact_work_id	W2039052202	none
427	publication_component:citation:publication:doi:10.1007/s00227-013-2250-4	requires_openalex_lookup	not_applicable							openalex	exact_work_id	W2139936709	none
428	publication_component:citation:publication:doi:10.1007/s00227-014-2515-6	requires_openalex_lookup	not_applicable							openalex	exact_work_id	W1988438454	none
429	publication_component:citation:publication:doi:10.1007/s00232-010-9225-x	requires_pubmed_lookup	missing							pubmed	exact_pmid_efetch	20146059	none
430	publication_component:citation:publication:doi:10.1007/s00239-008-9092-6	requires_pubmed_lookup	missing							pubmed	exact_pmid_efetch	18347751	none
431	publication_component:citation:publication:doi:10.1007/s00239-008-9112-6	requires_pubmed_lookup	missing							pubmed	exact_pmid_efetch	18465165	none
432	publication_component:citation:publication:doi:10.1007/s00239-008-9143-z	requires_pubmed_lookup	missing							pubmed	exact_pmid_efetch	18696028	none
433	publication_component:citation:publication:doi:10.1007/s00239-008-9165-6	requires_pubmed_lookup	missing							pubmed	exact_pmid_efetch	18850060	none
434	publication_component:citation:publication:doi:10.1007/s00239-008-9173-6	requires_pubmed_lookup	missing							pubmed	exact_pmid_efetch	18956133	none
435	publication_component:citation:publication:doi:10.1007/s00239-008-9175-4	requires_pubmed_lookup	missing							pubmed	exact_pmid_efetch	18941827	none
436	publication_component:citation:publication:doi:10.1007/s00239-009-9203-z	requires_pubmed_lookup	missing							pubmed	exact_pmid_efetch	19221684	none
437	publication_component:citation:publication:doi:10.1007/s00239-009-9212-y	requires_pubmed_lookup	missing							pubmed	exact_pmid_efetch	19308635	none
438	publication_component:citation:publication:doi:10.1007/s00239-009-9219-4	requires_pubmed_lookup	missing							pubmed	exact_pmid_efetch	19330367	none
439	publication_component:citation:publication:doi:10.1007/s00239-009-9222-9	requires_pubmed_lookup	missing							pubmed	exact_pmid_efetch	19308632	none
440	publication_component:citation:publication:doi:10.1007/s00239-009-9241-6	requires_pubmed_lookup	missing							pubmed	exact_pmid_efetch	19471989	none
441	publication_component:citation:publication:doi:10.1007/s00239-009-9272-z	requires_pubmed_lookup	missing							pubmed	exact_pmid_efetch	19693422	none
442	publication_component:citation:publication:doi:10.1007/s00239-009-9283-9	requires_pubmed_lookup	missing							pubmed	exact_pmid_efetch	19838750	none
443	publication_component:citation:publication:doi:10.1007/s00239-010-9321-7	requires_pubmed_lookup	missing							pubmed	exact_pmid_efetch	20143226	none
444	publication_component:citation:publication:doi:10.1007/s00239-010-9331-5	requires_pubmed_lookup	missing							pubmed	exact_pmid_efetch	20217058	none
445	publication_component:citation:publication:doi:10.1007/s00239-010-9341-3	requires_pubmed_lookup	missing							pubmed	exact_pmid_efetch	20386892	none
446	publication_component:citation:publication:doi:10.1007/s00239-010-9342-2	requires_pubmed_lookup	missing							pubmed	exact_pmid_efetch	20407892	none
447	publication_component:citation:publication:doi:10.1007/s00239-010-9344-0	requires_pubmed_lookup	missing							pubmed	exact_pmid_efetch	20437037	none
448	publication_component:citation:publication:doi:10.1007/s00239-010-9346-y	requires_pubmed_lookup	missing							pubmed	exact_pmid_efetch	20424833	none
449	publication_component:citation:publication:doi:10.1007/s00239-010-9349-8	requires_pubmed_lookup	missing							pubmed	exact_pmid_efetch	20458474	none
450	publication_component:citation:publication:doi:10.1007/s00239-010-9357-8	requires_pubmed_lookup	missing							pubmed	exact_pmid_efetch	20563867	none
451	publication_component:citation:publication:doi:10.1007/s00239-010-9376-5	requires_pubmed_lookup	missing							pubmed	exact_pmid_efetch	20798934	none
452	publication_component:citation:publication:doi:10.1007/s00239-010-9378-3	requires_pubmed_lookup	missing							pubmed	exact_pmid_efetch	20721545	none
453	publication_component:citation:publication:doi:10.1007/s00239-010-9383-6	requires_pubmed_lookup	missing							pubmed	exact_pmid_efetch	20838784	none
454	publication_component:citation:publication:doi:10.1007/s00239-010-9392-5	requires_pubmed_lookup	missing							pubmed	exact_pmid_efetch	20890594	none
455	publication_component:citation:publication:doi:10.1007/s00239-010-9396-1	requires_pubmed_lookup	missing							pubmed	exact_pmid_efetch	20981416	none
456	publication_component:citation:publication:doi:10.1007/s00239-010-9415-2	requires_pubmed_lookup	missing							pubmed	exact_pmid_efetch	21132281	none
457	publication_component:citation:publication:doi:10.1007/s00239-010-9424-1	requires_pubmed_lookup	missing							pubmed	exact_pmid_efetch	21188366	none
458	publication_component:citation:publication:doi:10.1007/s00239-011-9435-6	requires_pubmed_lookup	missing							pubmed	exact_pmid_efetch	21347850	none
459	publication_component:citation:publication:doi:10.1007/s00239-011-9448-1	requires_pubmed_lookup	missing							pubmed	exact_pmid_efetch	21626302	none
460	publication_component:citation:publication:doi:10.1007/s00239-011-9449-0	requires_pubmed_lookup	missing							pubmed	exact_pmid_efetch	21643829	none
461	publication_component:citation:publication:doi:10.1007/s00239-011-9452-5	requires_pubmed_lookup	missing							pubmed	exact_pmid_efetch	21811860	none
462	publication_component:citation:publication:doi:10.1007/s00239-011-9464-1	requires_pubmed_lookup	missing							pubmed	exact_pmid_efetch	22037698	none
463	publication_component:citation:publication:doi:10.1007/s00239-011-9481-0	requires_pubmed_lookup	missing							pubmed	exact_pmid_efetch	22218679	none
464	publication_component:citation:publication:doi:10.1007/s00239-012-9483-6	requires_pubmed_lookup	missing							pubmed	exact_pmid_efetch	22271349	none
465	publication_component:citation:publication:doi:10.1007/s00239-012-9487-2	requires_pubmed_lookup	missing							pubmed	exact_pmid_efetch	22354201	none
466	publication_component:citation:publication:doi:10.1007/s00239-012-9502-7	requires_pubmed_lookup	missing							pubmed	exact_pmid_efetch	22562705	none
467	publication_component:citation:publication:doi:10.1007/s00239-012-9508-1	requires_pubmed_lookup	missing							pubmed	exact_pmid_efetch	22760646	none
468	publication_component:citation:publication:doi:10.1007/s00239-012-9516-1	requires_pubmed_lookup	missing							pubmed	exact_pmid_efetch	22922908	none
469	publication_component:citation:publication:doi:10.1007/s00239-012-9528-x	requires_pubmed_lookup	missing							pubmed	exact_pmid_efetch	23132097	none
470	publication_component:citation:publication:doi:10.1007/s00239-012-9529-9	requires_pubmed_lookup	missing							pubmed	exact_pmid_efetch	23160567	none
471	publication_component:citation:publication:doi:10.1007/s00239-012-9530-3	requires_pubmed_lookup	missing							pubmed	exact_pmid_efetch	23344714	none
472	publication_component:citation:publication:doi:10.1007/s00239-012-9535-y	requires_pubmed_lookup	missing							pubmed	exact_pmid_efetch	23229069	none
473	publication_component:citation:publication:doi:10.1007/s00239-013-9549-0	requires_pubmed_lookup	missing							pubmed	exact_pmid_efetch	23443835	none
474	publication_component:citation:publication:doi:10.1007/s00239-013-9550-7	requires_pubmed_lookup	missing							pubmed	exact_pmid_efetch	23503815	none
475	publication_component:citation:publication:doi:10.1007/s00239-013-9552-5	requires_pubmed_lookup	missing							pubmed	exact_pmid_efetch	23456102	none
476	publication_component:citation:publication:doi:10.1007/s00239-013-9557-0	requires_pubmed_lookup	missing							pubmed	exact_pmid_efetch	23595859	none
477	publication_component:citation:publication:doi:10.1007/s00239-013-9561-4	requires_pubmed_lookup	missing							pubmed	exact_pmid_efetch	23636475	none
478	publication_component:citation:publication:doi:10.1007/s00239-013-9577-9	requires_pubmed_lookup	missing							pubmed	exact_pmid_efetch	23934623	none
479	publication_component:citation:publication:doi:10.1007/s00239-013-9585-9	requires_pubmed_lookup	missing							pubmed	exact_pmid_efetch	24071998	none
480	publication_component:citation:publication:doi:10.1007/s00239-013-9589-5	requires_pubmed_lookup	missing							pubmed	exact_pmid_efetch	24145862	none
481	publication_component:citation:publication:doi:10.1007/s00239-013-9594-8	requires_pubmed_lookup	missing							pubmed	exact_pmid_efetch	24221639	none
482	publication_component:citation:publication:doi:10.1007/s00239-013-9599-3	requires_pubmed_lookup	missing							pubmed	exact_pmid_efetch	24271947	none
483	publication_component:citation:publication:doi:10.1007/s00239-013-9600-1	requires_pubmed_lookup	missing							pubmed	exact_pmid_efetch	24258790	none
484	publication_component:citation:publication:doi:10.1007/s00239-013-9602-z	requires_pubmed_lookup	missing							pubmed	exact_pmid_efetch	24281413	none
485	publication_component:citation:publication:doi:10.1007/s00239-013-9608-6	requires_pubmed_lookup	missing							pubmed	exact_pmid_efetch	24343641	none
486	publication_component:citation:publication:doi:10.1007/s00239-013-9609-5	requires_pubmed_lookup	missing							pubmed	exact_pmid_efetch	24370731	none
487	publication_component:citation:publication:doi:10.1007/s00239-014-9618-z	requires_pubmed_lookup	missing							pubmed	exact_pmid_efetch	24748547	none
488	publication_component:citation:publication:doi:10.1007/s00239-014-9631-2	requires_pubmed_lookup	missing							pubmed	exact_pmid_efetch	25008552	none
489	publication_component:citation:publication:doi:10.1007/s00239-014-9649-5	requires_pubmed_lookup	missing							pubmed	exact_pmid_efetch	25249249	none
490	publication_component:citation:publication:doi:10.1007/s00239-014-9650-z	requires_pubmed_lookup	missing							pubmed	exact_pmid_efetch	25252791	none
491	publication_component:citation:publication:doi:10.1007/s00239-014-9651-y	requires_pubmed_lookup	missing							pubmed	exact_pmid_efetch	25323991	none
492	publication_component:citation:publication:doi:10.1007/s00239-014-9654-8	requires_pubmed_lookup	missing							pubmed	exact_pmid_efetch	25399321	none
493	publication_component:citation:publication:doi:10.1007/s00239-015-9666-z	requires_pubmed_lookup	missing							pubmed	exact_pmid_efetch	25627928	none
494	publication_component:citation:publication:doi:10.1007/s00239-015-9680-1	requires_pubmed_lookup	missing							pubmed	exact_pmid_efetch	25987354	none
495	publication_component:citation:publication:doi:10.1007/s00239-015-9696-6	requires_pubmed_lookup	missing							pubmed	exact_pmid_efetch	26345661	none
496	publication_component:citation:publication:doi:10.1007/s00239-015-9704-x	requires_pubmed_lookup	missing							pubmed	exact_pmid_efetch	26458992	none
497	publication_component:citation:publication:doi:10.1007/s00239-015-9726-4	requires_pubmed_lookup	missing							pubmed	exact_pmid_efetch	26714486	none
498	publication_component:citation:publication:doi:10.1007/s00239-016-9731-2	requires_pubmed_lookup	missing							pubmed	exact_pmid_efetch	26920685	none
499	publication_component:citation:publication:doi:10.1007/s00239-016-9752-x	requires_pubmed_lookup	missing							pubmed	exact_pmid_efetch	27592229	none
500	publication_component:citation:publication:doi:10.1007/s00239-016-9761-9	requires_pubmed_lookup	missing							pubmed	exact_pmid_efetch	27770175	none
501	publication_component:citation:publication:doi:10.1007/s00239-016-9765-5	requires_pubmed_lookup	missing							pubmed	exact_pmid_efetch	27913840	none
502	publication_component:citation:publication:doi:10.1007/s00239-017-9792-x	requires_pubmed_lookup	missing							pubmed	exact_pmid_efetch	28397003	none
503	publication_component:citation:publication:doi:10.1007/s00239-017-9798-4	requires_pubmed_lookup	missing							pubmed	exact_pmid_efetch	28660301	none
504	publication_component:citation:publication:doi:10.1007/s00239-017-9806-8	requires_pubmed_lookup	missing							pubmed	exact_pmid_efetch	28795237	none
505	publication_component:citation:publication:doi:10.1007/s00239-018-9832-1	requires_pubmed_lookup	missing							pubmed	exact_pmid_efetch	29455279	none
506	publication_component:citation:publication:doi:10.1007/s00239-018-9838-8	requires_pubmed_lookup	missing							pubmed	exact_pmid_efetch	29574604	none
507	publication_component:citation:publication:doi:10.1007/s00239-018-9851-y	requires_pubmed_lookup	missing							pubmed	exact_pmid_efetch	29934734	none
508	publication_component:citation:publication:doi:10.1007/s00239-018-9854-8	requires_pubmed_lookup	missing							pubmed	exact_pmid_efetch	29974176	none
509	publication_component:citation:publication:doi:10.1007/s00239-018-9857-5	requires_pubmed_lookup	missing							pubmed	exact_pmid_efetch	30022295	none
510	publication_component:citation:publication:doi:10.1007/s00239-018-9870-8	requires_pubmed_lookup	missing							pubmed	exact_pmid_efetch	30327830	none
511	publication_component:citation:publication:doi:10.1007/s00239-018-9872-6	requires_pubmed_lookup	missing							pubmed	exact_pmid_efetch	30370448	none
512	publication_component:citation:publication:doi:10.1007/s00239-018-9878-0	requires_pubmed_lookup	missing							pubmed	exact_pmid_efetch	30456442	none
513	publication_component:citation:publication:doi:10.1007/s00239-019-09910-7	requires_pubmed_lookup	missing							pubmed	exact_pmid_efetch	31506780	none
514	publication_component:citation:publication:doi:10.1007/s00239-019-09916-1	requires_pubmed_lookup	missing							pubmed	exact_pmid_efetch	31701178	none
515	publication_component:citation:publication:doi:10.1007/s00239-020-09952-2	requires_pubmed_lookup	missing							pubmed	exact_pmid_efetch	32458105	none
516	publication_component:citation:publication:doi:10.1007/s00239-020-09964-y	requires_pubmed_lookup	missing							pubmed	exact_pmid_efetch	32930811	none
517	publication_component:citation:publication:doi:10.1007/s00239-020-09991-9	requires_pubmed_lookup	missing							pubmed	exact_pmid_efetch	33486551	none
518	publication_component:citation:publication:doi:10.1007/s00239-021-10012-6	requires_pubmed_lookup	missing							pubmed	exact_pmid_efetch	34097121	none
519	publication_component:citation:publication:doi:10.1007/s00239-021-10017-1	requires_pubmed_lookup	missing							pubmed	exact_pmid_efetch	34287664	none
520	publication_component:citation:publication:doi:10.1007/s00239-021-10020-6	requires_pubmed_lookup	missing							pubmed	exact_pmid_efetch	34297154	none
521	publication_component:citation:publication:doi:10.1007/s00239-021-10024-2	requires_pubmed_lookup	missing							pubmed	exact_pmid_efetch	34341836	none
522	publication_component:citation:publication:doi:10.1007/s00239-021-10028-y	requires_pubmed_lookup	missing							pubmed	exact_pmid_efetch	34436628	none
523	publication_component:citation:publication:doi:10.1007/s00239-021-10037-x	requires_pubmed_lookup	missing							pubmed	exact_pmid_efetch	34807291	none
524	publication_component:citation:publication:doi:10.1007/s00239-022-10052-6	requires_pubmed_lookup	missing							pubmed	exact_pmid_efetch	35262772	none
525	publication_component:citation:publication:doi:10.1007/s00239-022-10058-0	requires_pubmed_lookup	missing							pubmed	exact_pmid_efetch	35652926	none
526	publication_component:citation:publication:doi:10.1007/s00239-022-10064-2	requires_pubmed_lookup	missing							pubmed	exact_pmid_efetch	35920867	none
527	publication_component:citation:publication:doi:10.1007/s00239-022-10090-0	requires_pubmed_lookup	missing							pubmed	exact_pmid_efetch	36651965	none
528	publication_component:citation:publication:doi:10.1007/s00239-023-10112-5	requires_pubmed_lookup	missing							pubmed	exact_pmid_efetch	37149832	none
529	publication_component:citation:publication:doi:10.1007/s00239-023-10133-0	requires_pubmed_lookup	missing							pubmed	exact_pmid_efetch	37787841	none
530	publication_component:citation:publication:doi:10.1007/s00239-023-10150-z	requires_pubmed_lookup	missing							pubmed	exact_pmid_efetch	38158403	none
531	publication_component:citation:publication:doi:10.1007/s00239-023-10152-x	requires_pubmed_lookup	missing							pubmed	exact_pmid_efetch	38280051	none
532	publication_component:citation:publication:doi:10.1007/s00239-024-10156-1	requires_pubmed_lookup	missing							pubmed	exact_pmid_efetch	38416218	none
533	publication_component:citation:publication:doi:10.1007/s00239-024-10177-w	requires_pubmed_lookup	missing							pubmed	exact_pmid_efetch	38844681	none
534	publication_component:citation:publication:doi:10.1007/s00239-024-10181-0	requires_pubmed_lookup	missing							pubmed	exact_pmid_efetch	38861038	none
535	publication_component:citation:publication:doi:10.1007/s00239-024-10192-x	requires_pubmed_lookup	missing							pubmed	exact_pmid_efetch	39264464	none
536	publication_component:citation:publication:doi:10.1007/s00239-024-10217-5	requires_pubmed_lookup	missing							pubmed	exact_pmid_efetch	39581917	none
537	publication_component:citation:publication:doi:10.1007/s00239-024-10222-8	requires_pubmed_lookup	missing							pubmed	exact_pmid_efetch	39681652	none
538	publication_component:citation:publication:doi:10.1007/s00239-025-10235-x	requires_pubmed_lookup	missing							pubmed	exact_pmid_efetch	39907741	none
539	publication_component:citation:publication:doi:10.1007/s00239-025-10242-y	requires_pubmed_lookup	missing							pubmed	exact_pmid_efetch	40202594	none
540	publication_component:citation:publication:doi:10.1007/s00239-025-10258-4	requires_pubmed_lookup	missing							pubmed	exact_pmid_efetch	40773061	none
541	publication_component:citation:publication:doi:10.1007/s00239-025-10265-5	requires_pubmed_lookup	missing							pubmed	exact_pmid_efetch	40866671	none
542	publication_component:citation:publication:doi:10.1007/s00239-025-10270-8	requires_pubmed_lookup	missing							pubmed	exact_pmid_efetch	40968322	none
543	publication_component:citation:publication:doi:10.1007/s00239-025-10273-5	requires_pubmed_lookup	missing							pubmed	exact_pmid_efetch	41023181	none
544	publication_component:citation:publication:doi:10.1007/s00239-025-10292-2	requires_pubmed_lookup	missing							pubmed	exact_pmid_efetch	41351664	none
545	publication_component:citation:publication:doi:10.1007/s00239-026-10312-9	requires_pubmed_lookup	missing							pubmed	exact_pmid_efetch	41902871	none
546	publication_component:citation:publication:doi:10.1007/s00239-026-10325-4	requires_pubmed_lookup	missing							pubmed	exact_pmid_efetch	42329369	none
547	publication_component:citation:publication:doi:10.1007/s00239-026-10333-4	requires_pubmed_lookup	missing							pubmed	exact_pmid_efetch	42435049	none
548	publication_component:citation:publication:doi:10.1007/s00239-026-10342-3	requires_pubmed_lookup	missing							pubmed	exact_pmid_efetch	42747500	none
549	publication_component:citation:publication:doi:10.1007/s00239-026-10350-3	requires_openalex_lookup	not_applicable							openalex	exact_work_id	W7214064833	none
550	publication_component:citation:publication:doi:10.1007/s002399910038	requires_pubmed_lookup	missing							pubmed	exact_pmid_efetch	10795826	none
551	publication_component:citation:publication:doi:10.1007/s00248-012-0033-y	requires_pubmed_lookup	missing							pubmed	exact_pmid_efetch	22419104	none
552	publication_component:citation:publication:doi:10.1007/s00249-021-01500-0	requires_pubmed_lookup	missing							pubmed	exact_pmid_efetch	33569610	none
553	publication_component:citation:publication:doi:10.1007/s00251-008-0298-y	requires_pubmed_lookup	missing							pubmed	exact_pmid_efetch	18488213	none
554	publication_component:citation:publication:doi:10.1007/s00251-008-0349-4	requires_pubmed_lookup	missing							pubmed	exact_pmid_efetch	19104797	none
555	publication_component:citation:publication:doi:10.1007/s00251-009-0398-3	requires_pubmed_lookup	missing							pubmed	exact_pmid_efetch	19851764	none
556	publication_component:citation:publication:doi:10.1007/s00251-010-0440-5	requires_pubmed_lookup	missing							pubmed	exact_pmid_efetch	20372886	none
557	publication_component:citation:publication:doi:10.1007/s00251-010-0456-x	requires_pubmed_lookup	missing							pubmed	exact_pmid_efetch	20521040	none
558	publication_component:citation:publication:doi:10.1007/s00251-010-0475-7	requires_pubmed_lookup	missing							pubmed	exact_pmid_efetch	20821315	none
559	publication_component:citation:publication:doi:10.1007/s00251-010-0495-3	requires_pubmed_lookup	missing							pubmed	exact_pmid_efetch	21104410	none
560	publication_component:citation:publication:doi:10.1007/s00251-011-0519-7	requires_pubmed_lookup	missing							pubmed	exact_pmid_efetch	21390552	none
561	publication_component:citation:publication:doi:10.1007/s00251-011-0534-8	requires_pubmed_lookup	missing							pubmed	exact_pmid_efetch	21607694	none
562	publication_component:citation:publication:doi:10.1007/s00251-011-0556-2	requires_pubmed_lookup	missing							pubmed	exact_pmid_efetch	21744114	none
563	publication_component:citation:publication:doi:10.1007/s00251-011-0578-9	requires_pubmed_lookup	missing							pubmed	exact_pmid_efetch	22038175	none
564	publication_component:citation:publication:doi:10.1007/s00251-012-0608-2	requires_pubmed_lookup	missing							pubmed	exact_pmid_efetch	22395823	none
565	publication_component:citation:publication:doi:10.1007/s00251-012-0609-1	requires_pubmed_lookup	missing							pubmed	exact_pmid_efetch	22426641	none
566	publication_component:citation:publication:doi:10.1007/s00251-012-0664-7	requires_pubmed_lookup	missing							pubmed	exact_pmid_efetch	23179555	none
567	publication_component:citation:publication:doi:10.1007/s00251-012-0669-2	requires_pubmed_lookup	missing							pubmed	exact_pmid_efetch	23239370	none
568	publication_component:citation:publication:doi:10.1007/s00251-012-0676-3	requires_pubmed_lookup	missing							pubmed	exact_pmid_efetch	23358931	none
569	publication_component:citation:publication:doi:10.1007/s00251-013-0708-7	requires_pubmed_lookup	missing							pubmed	exact_pmid_efetch	23686447	none
570	publication_component:citation:publication:doi:10.1007/s00251-013-0740-7	requires_pubmed_lookup	missing							pubmed	exact_pmid_efetch	24220721	none
571	publication_component:citation:publication:doi:10.1007/s00251-014-0771-8	requires_pubmed_lookup	missing							pubmed	exact_pmid_efetch	24752816	none
572	publication_component:citation:publication:doi:10.1007/s00251-014-0800-7	requires_pubmed_lookup	missing							pubmed	exact_pmid_efetch	25186067	none
573	publication_component:citation:publication:doi:10.1007/s00251-015-0827-4	requires_pubmed_lookup	missing							pubmed	exact_pmid_efetch	25687337	none
574	publication_component:citation:publication:doi:10.1007/s00251-015-0897-3	requires_pubmed_lookup	missing							pubmed	exact_pmid_efetch	26782049	none
575	publication_component:citation:publication:doi:10.1007/s00251-016-0937-7	requires_pubmed_lookup	missing							pubmed	exact_pmid_efetch	27461477	none
576	publication_component:citation:publication:doi:10.1007/s00251-016-0940-z	requires_pubmed_lookup	missing							pubmed	exact_pmid_efetch	27502317	none
577	publication_component:citation:publication:doi:10.1007/s00251-016-0947-5	requires_pubmed_lookup	missing							pubmed	exact_pmid_efetch	27517292	none
578	publication_component:citation:publication:doi:10.1007/s00251-016-0953-7	requires_pubmed_lookup	missing							pubmed	exact_pmid_efetch	27717988	none
579	publication_component:citation:publication:doi:10.1007/s00251-017-1051-1	requires_pubmed_lookup	missing							pubmed	exact_pmid_efetch	29387920	none
580	publication_component:citation:publication:doi:10.1007/s00251-018-1071-5	requires_pubmed_lookup	missing							pubmed	exact_pmid_efetch	29998404	none
581	publication_component:citation:publication:doi:10.1007/s00251-019-01109-w	requires_pubmed_lookup	missing							pubmed	exact_pmid_efetch	30796497	none
582	publication_component:citation:publication:doi:10.1007/s00251-019-01110-3	requires_pubmed_lookup	missing							pubmed	exact_pmid_efetch	30874861	none
583	publication_component:citation:publication:doi:10.1007/s00251-019-01128-7	requires_pubmed_lookup	missing							pubmed	exact_pmid_efetch	31520134	none
584	publication_component:citation:publication:doi:10.1007/s00251-019-01130-z	requires_pubmed_lookup	missing							pubmed	exact_pmid_efetch	31506710	none
585	publication_component:citation:publication:doi:10.1007/s00251-020-01156-8	requires_pubmed_lookup	missing							pubmed	exact_pmid_efetch	31996941	none
586	publication_component:citation:publication:doi:10.1007/s00251-022-01287-0	requires_pubmed_lookup	missing							pubmed	exact_pmid_efetch	36512055	none
587	publication_component:citation:publication:doi:10.1007/s00251-023-01323-7	requires_pubmed_lookup	missing							pubmed	exact_pmid_efetch	37853246	none
588	publication_component:citation:publication:doi:10.1007/s00251-024-01357-5	requires_pubmed_lookup	missing							pubmed	exact_pmid_efetch	39400711	none
589	publication_component:citation:publication:doi:10.1007/s00251-024-01367-3	requires_pubmed_lookup	missing							pubmed	exact_pmid_efetch	39776231	none
590	publication_component:citation:publication:doi:10.1007/s00251-026-01405-2	requires_pubmed_lookup	missing							pubmed	exact_pmid_efetch	42310224	none
591	publication_component:citation:publication:doi:10.1007/s00253-018-9354-1	requires_pubmed_lookup	missing							pubmed	exact_pmid_efetch	30293194	none
592	publication_component:citation:publication:doi:10.1007/s00253-021-11659-3	requires_pubmed_lookup	missing							pubmed	exact_pmid_efetch	34716462	none
593	publication_component:citation:publication:doi:10.1007/s00265-020-2822-5	requires_openalex_lookup	not_applicable							openalex	exact_work_id	W3011739671	none
594	publication_component:citation:publication:doi:10.1007/s00284-012-0258-5	requires_pubmed_lookup	missing							pubmed	exact_pmid_efetch	23138177	none
595	publication_component:citation:publication:doi:10.1007/s00284-025-04164-7	requires_pubmed_lookup	missing							pubmed	exact_pmid_efetch	40057921	none
596	publication_component:citation:publication:doi:10.1007/s00284-025-04403-x	requires_pubmed_lookup	missing							pubmed	exact_pmid_efetch	40728555	none
597	publication_component:citation:publication:doi:10.1007/s00294-022-01245-z	requires_pubmed_lookup	missing							pubmed	exact_pmid_efetch	35763098	none
598	publication_component:citation:publication:doi:10.1007/s00294-022-01252-0	requires_pubmed_lookup	missing							pubmed	exact_pmid_efetch	36098767	none
599	publication_component:citation:publication:doi:10.1007/s00299-020-02532-0	requires_pubmed_lookup	missing							pubmed	exact_pmid_efetch	32221666	none
600	publication_component:citation:publication:doi:10.1007/s00299-020-02554-8	requires_pubmed_lookup	missing							pubmed	exact_pmid_efetch	32435866	none
601	publication_component:citation:publication:doi:10.1007/s00299-025-03439-4	requires_pubmed_lookup	missing							pubmed	exact_pmid_efetch	39907812	none
602	publication_component:citation:publication:doi:10.1007/s00299-026-03893-8	requires_pubmed_lookup	missing							pubmed	exact_pmid_efetch	42401757	none
603	publication_component:citation:publication:doi:10.1007/s00300-014-1450-9	requires_openalex_lookup	not_applicable							openalex	exact_work_id	W2081175982	none
604	publication_component:citation:publication:doi:10.1007/s00300-017-2164-6	requires_pubmed_lookup	missing							pubmed	exact_pmid_efetch	29430077	none
605	publication_component:citation:publication:doi:10.1007/s00300-019-02466-8	requires_openalex_lookup	not_applicable							openalex	exact_work_id	W2921569834	none
606	publication_component:citation:publication:doi:10.1007/s00335-010-9263-9	requires_pubmed_lookup	missing							pubmed	exact_pmid_efetch	20495808	none
607	publication_component:citation:publication:doi:10.1007/s00335-012-9392-4	requires_pubmed_lookup	missing							pubmed	exact_pmid_efetch	22290452	none
608	publication_component:citation:publication:doi:10.1007/s00335-015-9605-8	requires_pubmed_lookup	missing							pubmed	exact_pmid_efetch	26424469	none
609	publication_component:citation:publication:doi:10.1007/s00335-016-9654-7	requires_pubmed_lookup	missing							pubmed	exact_pmid_efetch	27376725	none
610	publication_component:citation:publication:doi:10.1007/s00335-017-9713-8	requires_pubmed_lookup	missing							pubmed	exact_pmid_efetch	28836096	none
611	publication_component:citation:publication:doi:10.1007/s00343-020-0241-0	requires_openalex_lookup	not_applicable							openalex	exact_work_id	W3135166823	none
612	publication_component:citation:publication:doi:10.1007/s00343-020-0266-4	requires_openalex_lookup	not_applicable							openalex	exact_work_id	W3171432767	none
613	publication_component:citation:publication:doi:10.1007/s00343-020-0332-y	requires_openalex_lookup	not_applicable							openalex	exact_work_id	W3163325991	none
614	publication_component:citation:publication:doi:10.1007/s00343-023-2314-3	requires_openalex_lookup	not_applicable							openalex	exact_work_id	W4387478392	none
615	publication_component:citation:publication:doi:10.1007/s00343-023-3106-5	requires_openalex_lookup	not_applicable							openalex	exact_work_id	W4392516132	none
616	publication_component:citation:publication:doi:10.1007/s00343-026-5391-2	requires_openalex_lookup	not_applicable							openalex	exact_work_id	W7162770886	none
617	publication_component:citation:publication:doi:10.1007/s00359-022-01583-w	requires_pubmed_lookup	missing							pubmed	exact_pmid_efetch	36242627	none
618	publication_component:citation:publication:doi:10.1007/s00412-014-0457-x	requires_pubmed_lookup	missing							pubmed	exact_pmid_efetch	24699836	none
619	publication_component:citation:publication:doi:10.1007/s00412-016-0579-4	requires_pubmed_lookup	missing							pubmed	exact_pmid_efetch	26892014	none
620	publication_component:citation:publication:doi:10.1007/s00425-008-0851-9	requires_pubmed_lookup	missing							pubmed	exact_pmid_efetch	19005675	none
621	publication_component:citation:publication:doi:10.1007/s00425-010-1218-6	requires_pubmed_lookup	missing							pubmed	exact_pmid_efetch	20645107	none
622	publication_component:citation:publication:doi:10.1007/s00425-012-1684-0	requires_pubmed_lookup	missing							pubmed	exact_pmid_efetch	22711285	none
623	publication_component:citation:publication:doi:10.1007/s00425-015-2293-5	requires_pubmed_lookup	missing							pubmed	exact_pmid_efetch	25916309	none
624	publication_component:citation:publication:doi:10.1007/s00425-016-2481-y	requires_pubmed_lookup	missing							pubmed	exact_pmid_efetch	26979323	none
625	publication_component:citation:publication:doi:10.1007/s00425-017-2781-x	requires_pubmed_lookup	missing							pubmed	exact_pmid_efetch	28956160	none
626	publication_component:citation:publication:doi:10.1007/s00425-018-3028-1	requires_pubmed_lookup	missing							pubmed	exact_pmid_efetch	30341489	none
627	publication_component:citation:publication:doi:10.1007/s00425-019-03275-3	requires_pubmed_lookup	missing							pubmed	exact_pmid_efetch	31523779	none
628	publication_component:citation:publication:doi:10.1007/s00425-019-03285-1	requires_pubmed_lookup	missing							pubmed	exact_pmid_efetch	31584118	none
629	publication_component:citation:publication:doi:10.1007/s00425-020-03337-x	requires_pubmed_lookup	missing							pubmed	exact_pmid_efetch	31915928	none
630	publication_component:citation:publication:doi:10.1007/s00425-020-03434-x	requires_pubmed_lookup	missing							pubmed	exact_pmid_efetch	32720160	none
631	publication_component:citation:publication:doi:10.1007/s00425-020-03498-9	requires_pubmed_lookup	missing							pubmed	exact_pmid_efetch	33098500	none
632	publication_component:citation:publication:doi:10.1007/s00425-021-03684-3	requires_pubmed_lookup	missing							pubmed	exact_pmid_efetch	34302538	none
633	publication_component:citation:publication:doi:10.1007/s00425-021-03690-5	requires_pubmed_lookup	missing							pubmed	exact_pmid_efetch	34357508	none
634	publication_component:citation:publication:doi:10.1007/s00425-022-04026-7	requires_pubmed_lookup	missing							pubmed	exact_pmid_efetch	36350413	none
635	publication_component:citation:publication:doi:10.1007/s00425-022-04031-w	requires_pubmed_lookup	missing							pubmed	exact_pmid_efetch	36376499	none
636	publication_component:citation:publication:doi:10.1007/s00425-023-04103-5	requires_pubmed_lookup	missing							pubmed	exact_pmid_efetch	36853424	none
637	publication_component:citation:publication:doi:10.1007/s00425-023-04190-4	requires_pubmed_lookup	missing							pubmed	exact_pmid_efetch	37358820	none
638	publication_component:citation:publication:doi:10.1007/s00425-023-04245-6	requires_pubmed_lookup	missing							pubmed	exact_pmid_efetch	37831319	none
639	publication_component:citation:publication:doi:10.1007/s00425-023-04316-8	requires_pubmed_lookup	missing							pubmed	exact_pmid_efetch	38281265	none
640	publication_component:citation:publication:doi:10.1007/s00425-024-04442-x	requires_pubmed_lookup	missing							pubmed	exact_pmid_efetch	38775846	none
641	publication_component:citation:publication:doi:10.1007/s00425-024-04553-5	requires_pubmed_lookup	missing							pubmed	exact_pmid_efetch	39438351	none
642	publication_component:citation:publication:doi:10.1007/s00425-026-04986-0	requires_pubmed_lookup	missing							pubmed	exact_pmid_efetch	41995882	none
643	publication_component:citation:publication:doi:10.1007/s00425-026-05153-1	requires_pubmed_lookup	missing							pubmed	exact_pmid_efetch	42754670	none
644	publication_component:citation:publication:doi:10.1007/s00427-010-0341-5	requires_pubmed_lookup	missing							pubmed	exact_pmid_efetch	21086136	none
645	publication_component:citation:publication:doi:10.1007/s00427-013-0463-7	requires_pubmed_lookup	missing							pubmed	exact_pmid_efetch	24407548	none
646	publication_component:citation:publication:doi:10.1007/s00427-015-0489-0	requires_pubmed_lookup	missing							pubmed	exact_pmid_efetch	25608978	none
647	publication_component:citation:publication:doi:10.1007/s00427-015-0506-3	requires_pubmed_lookup	missing							pubmed	exact_pmid_efetch	26115849	none
648	publication_component:citation:publication:doi:10.1007/s00427-017-0594-3	requires_pubmed_lookup	missing							pubmed	exact_pmid_efetch	28894941	none
649	publication_component:citation:publication:doi:10.1007/s00427-022-00694-3	requires_pubmed_lookup	missing							pubmed	exact_pmid_efetch	35939093	none
650	publication_component:citation:publication:doi:10.1007/s00436-011-2364-x	requires_pubmed_lookup	missing							pubmed	exact_pmid_efetch	21494844	none
651	publication_component:citation:publication:doi:10.1007/s00436-015-4358-6	requires_pubmed_lookup	missing							pubmed	exact_pmid_efetch	25673078	none
652	publication_component:citation:publication:doi:10.1007/s00436-020-06902-1	requires_pubmed_lookup	missing							pubmed	exact_pmid_efetch	33009946	none
653	publication_component:citation:publication:doi:10.1007/s00436-023-07838-y	requires_pubmed_lookup	missing							pubmed	exact_pmid_efetch	37081209	none
654	publication_component:citation:publication:doi:10.1007/s00438-009-0425-y	requires_pubmed_lookup	missing							pubmed	exact_pmid_efetch	19184107	none
655	publication_component:citation:publication:doi:10.1007/s00438-009-0492-0	requires_pubmed_lookup	missing							pubmed	exact_pmid_efetch	19838736	none
656	publication_component:citation:publication:doi:10.1007/s00438-009-0504-0	requires_pubmed_lookup	missing							pubmed	exact_pmid_efetch	20024583	none
657	publication_component:citation:publication:doi:10.1007/s00438-012-0718-4	requires_pubmed_lookup	missing							pubmed	exact_pmid_efetch	22915303	none
658	publication_component:citation:publication:doi:10.1007/s00438-013-0786-0	requires_pubmed_lookup	missing							pubmed	exact_pmid_efetch	24202550	none
659	publication_component:citation:publication:doi:10.1007/s00438-013-0802-4	requires_pubmed_lookup	missing							pubmed	exact_pmid_efetch	24368683	none
660	publication_component:citation:publication:doi:10.1007/s00438-014-0904-7	requires_pubmed_lookup	missing							pubmed	exact_pmid_efetch	25190108	none
661	publication_component:citation:publication:doi:10.1007/s00438-014-0943-0	requires_pubmed_lookup	missing							pubmed	exact_pmid_efetch	25362560	none
662	publication_component:citation:publication:doi:10.1007/s00438-014-0951-0	requires_pubmed_lookup	missing							pubmed	exact_pmid_efetch	25407289	none
663	publication_component:citation:publication:doi:10.1007/s00438-014-0969-3	requires_pubmed_lookup	missing							pubmed	exact_pmid_efetch	25501309	none
664	publication_component:citation:publication:doi:10.1007/s00438-015-1028-4	requires_pubmed_lookup	missing							pubmed	exact_pmid_efetch	25842177	none
665	publication_component:citation:publication:doi:10.1007/s00438-015-1122-7	requires_pubmed_lookup	missing							pubmed	exact_pmid_efetch	26453258	none
666	publication_component:citation:publication:doi:10.1007/s00438-015-1140-5	requires_pubmed_lookup	missing							pubmed	exact_pmid_efetch	26561303	none
667	publication_component:citation:publication:doi:10.1007/s00438-018-1473-y	requires_pubmed_lookup	missing							pubmed	exact_pmid_efetch	30022352	none
668	publication_component:citation:publication:doi:10.1007/s00438-018-1490-x	requires_pubmed_lookup	missing							pubmed	exact_pmid_efetch	30238319	none
669	publication_component:citation:publication:doi:10.1007/s00438-019-01541-3	requires_pubmed_lookup	missing							pubmed	exact_pmid_efetch	30834967	none
670	publication_component:citation:publication:doi:10.1007/s00438-019-01546-y	requires_pubmed_lookup	missing							pubmed	exact_pmid_efetch	30923942	none
671	publication_component:citation:publication:doi:10.1007/s00438-019-01562-y	requires_pubmed_lookup	missing							pubmed	exact_pmid_efetch	30976906	none
672	publication_component:citation:publication:doi:10.1007/s00438-019-01574-8	requires_pubmed_lookup	missing							pubmed	exact_pmid_efetch	31076861	none
673	publication_component:citation:publication:doi:10.1007/s00438-019-01601-8	requires_pubmed_lookup	missing							pubmed	exact_pmid_efetch	31414227	none
674	publication_component:citation:publication:doi:10.1007/s00438-020-01698-2	requires_pubmed_lookup	missing							pubmed	exact_pmid_efetch	32564135	none
675	publication_component:citation:publication:doi:10.1007/s00438-021-01828-4	requires_pubmed_lookup	missing							pubmed	exact_pmid_efetch	35013854	none
676	publication_component:citation:publication:doi:10.1007/s00438-025-02270-6	requires_pubmed_lookup	missing							pubmed	exact_pmid_efetch	40550981	none
677	publication_component:citation:publication:doi:10.1007/s00439-008-0591-8	requires_pubmed_lookup	missing							pubmed	exact_pmid_efetch	19011902	none
678	publication_component:citation:publication:doi:10.1007/s00439-016-1748-5	requires_pubmed_lookup	missing							pubmed	exact_pmid_efetch	27878434	none
679	publication_component:citation:publication:doi:10.1007/s00439-022-02435-y	requires_pubmed_lookup	missing							pubmed	exact_pmid_efetch	35122525	none
680	publication_component:citation:publication:doi:10.1007/s00439-026-02836-3	requires_pubmed_lookup	missing							pubmed	exact_pmid_efetch	42175999	none
681	publication_component:citation:publication:doi:10.1007/s00497-023-00482-7	requires_pubmed_lookup	missing							pubmed	exact_pmid_efetch	37823912	none
682	publication_component:citation:publication:doi:10.1007/s00606-011-0513-4	requires_openalex_lookup	not_applicable							openalex	exact_work_id	W2007009319	none
683	publication_component:citation:publication:doi:10.1007/s00606-016-1353-z	requires_openalex_lookup	not_applicable							openalex	exact_work_id	W2523650853	none
684	publication_component:citation:publication:doi:10.1007/s00606-017-1472-1	requires_openalex_lookup	not_applicable							openalex	exact_work_id	W2769336740	none
685	publication_component:citation:publication:doi:10.1007/s00606-020-01700-9	requires_openalex_lookup	not_applicable							openalex	exact_work_id	W3042263642	none
686	publication_component:citation:publication:doi:10.1007/s00606-021-01750-7	requires_openalex_lookup	not_applicable							openalex	exact_work_id	W3139383725	none
687	publication_component:citation:publication:doi:10.1007/s00606-021-01769-w	requires_openalex_lookup	not_applicable							openalex	exact_work_id	W3174563045	none
688	publication_component:citation:publication:doi:10.1007/s00606-023-01847-1	requires_openalex_lookup	not_applicable							openalex	exact_work_id	W4362666167	none
689	publication_component:citation:publication:doi:10.1007/s00606-023-01868-w	requires_openalex_lookup	not_applicable							openalex	exact_work_id	W4385878922	none
690	publication_component:citation:publication:doi:10.1007/s00606-026-02000-4	requires_openalex_lookup	not_applicable							openalex	exact_work_id	W4417158257	none
691	publication_component:citation:publication:doi:10.1007/s00705-008-0301-9	requires_pubmed_lookup	missing							pubmed	exact_pmid_efetch	19184340	none
692	publication_component:citation:publication:doi:10.1007/s00705-012-1234-x	requires_pubmed_lookup	missing							pubmed	exact_pmid_efetch	22289963	none
693	publication_component:citation:publication:doi:10.1007/s00705-012-1297-8	requires_pubmed_lookup	missing							pubmed	exact_pmid_efetch	22481599	none
694	publication_component:citation:publication:doi:10.1007/s00705-012-1393-9	requires_pubmed_lookup	missing							pubmed	exact_pmid_efetch	22777179	none
695	publication_component:citation:publication:doi:10.1007/s00705-013-1910-5	requires_pubmed_lookup	missing							pubmed	exact_pmid_efetch	24343265	none
696	publication_component:citation:publication:doi:10.1007/s00705-015-2381-7	requires_pubmed_lookup	missing							pubmed	exact_pmid_efetch	25753427	none
697	publication_component:citation:publication:doi:10.1007/s00705-015-2729-z	requires_pubmed_lookup	missing							pubmed	exact_pmid_efetch	26758729	none
698	publication_component:citation:publication:doi:10.1007/s00705-016-2761-7	requires_pubmed_lookup	missing							pubmed	exact_pmid_efetch	26831930	none
699	publication_component:citation:publication:doi:10.1007/s00705-017-3398-x	requires_pubmed_lookup	missing							pubmed	exact_pmid_efetch	28478578	none
700	publication_component:citation:publication:doi:10.1007/s00705-019-04342-6	requires_pubmed_lookup	missing							pubmed	exact_pmid_efetch	31286220	none
701	publication_component:citation:publication:doi:10.1007/s00705-019-04430-7	requires_pubmed_lookup	missing							pubmed	exact_pmid_efetch	31598845	none
702	publication_component:citation:publication:doi:10.1007/s00705-021-05052-8	requires_pubmed_lookup	missing							pubmed	exact_pmid_efetch	33796884	none
703	publication_component:citation:publication:doi:10.1007/s00705-023-05894-4	requires_pubmed_lookup	missing							pubmed	exact_pmid_efetch	37804367	none
704	publication_component:citation:publication:doi:10.1007/s00705-023-05904-5	requires_pubmed_lookup	missing							pubmed	exact_pmid_efetch	37864757	none
705	publication_component:citation:publication:doi:10.1007/s00705-025-06366-7	requires_pubmed_lookup	missing							pubmed	exact_pmid_efetch	40637789	none
706	publication_component:citation:publication:doi:10.1007/s00792-016-0866-2	requires_pubmed_lookup	missing							pubmed	exact_pmid_efetch	27457081	none
707	publication_component:citation:publication:doi:10.1007/s00792-020-01205-w	requires_pubmed_lookup	missing							pubmed	exact_pmid_efetch	33030592	none
708	publication_component:citation:publication:doi:10.1007/s00792-023-01327-x	requires_pubmed_lookup	missing							pubmed	exact_pmid_efetch	38190047	none
709	publication_component:citation:publication:doi:10.1007/s00792-025-01401-6	requires_pubmed_lookup	missing							pubmed	exact_pmid_efetch	41128767	none
710	publication_component:citation:publication:doi:10.1007/s10096-015-2534-3	requires_pubmed_lookup	missing							pubmed	exact_pmid_efetch	26634353	none
711	publication_component:citation:publication:doi:10.1007/s10096-025-05254-x	requires_pubmed_lookup	missing							pubmed	exact_pmid_efetch	41003978	none
712	publication_component:citation:publication:doi:10.1007/s10123-023-00374-w	requires_pubmed_lookup	missing							pubmed	exact_pmid_efetch	37202587	none
713	publication_component:citation:publication:doi:10.1007/s10126-020-09946-7	requires_pubmed_lookup	missing							pubmed	exact_pmid_efetch	32030579	none
714	publication_component:citation:publication:doi:10.1007/s10126-020-10003-6	requires_pubmed_lookup	missing							pubmed	exact_pmid_efetch	33029658	none
715	publication_component:citation:publication:doi:10.1007/s10126-025-10419-y	requires_pubmed_lookup	missing							pubmed	exact_pmid_efetch	39878786	none
716	publication_component:citation:publication:doi:10.1007/s10126-025-10517-x	requires_pubmed_lookup	missing							pubmed	exact_pmid_efetch	41026233	none
717	publication_component:citation:publication:doi:10.1007/s10142-012-0278-z	requires_pubmed_lookup	missing							pubmed	exact_pmid_efetch	22527487	none
718	publication_component:citation:publication:doi:10.1007/s10142-012-0283-2	requires_pubmed_lookup	missing							pubmed	exact_pmid_efetch	22592657	none
719	publication_component:citation:publication:doi:10.1007/s10142-014-0397-9	requires_pubmed_lookup	missing							pubmed	exact_pmid_efetch	25239559	none
720	publication_component:citation:publication:doi:10.1007/s10142-016-0503-2	requires_pubmed_lookup	missing							pubmed	exact_pmid_efetch	27632199	none
721	publication_component:citation:publication:doi:10.1007/s10142-018-0649-1	requires_pubmed_lookup	missing							pubmed	exact_pmid_efetch	30618014	none
722	publication_component:citation:publication:doi:10.1007/s10142-019-00715-x	requires_pubmed_lookup	missing							pubmed	exact_pmid_efetch	31654228	none
723	publication_component:citation:publication:doi:10.1007/s10142-020-00740-1	requires_pubmed_lookup	missing							pubmed	exact_pmid_efetch	32377887	none
724	publication_component:citation:publication:doi:10.1007/s10142-023-01094-0	requires_pubmed_lookup	missing							pubmed	exact_pmid_efetch	37178396	none
725	publication_component:citation:publication:doi:10.1007/s10142-023-01121-0	requires_pubmed_lookup	missing							pubmed	exact_pmid_efetch	37256437	none
726	publication_component:citation:publication:doi:10.1007/s10142-023-01127-8	requires_pubmed_lookup	missing							pubmed	exact_pmid_efetch	37335429	none
727	publication_component:citation:publication:doi:10.1007/s10228-014-0408-9	requires_openalex_lookup	not_applicable							openalex	exact_work_id	W1988269759	none
728	publication_component:citation:publication:doi:10.1007/s10265-009-0261-5	requires_pubmed_lookup	missing							pubmed	exact_pmid_efetch	19943076	none
729	publication_component:citation:publication:doi:10.1007/s10265-024-01547-y	requires_pubmed_lookup	missing							pubmed	exact_pmid_efetch	38739241	none
730	publication_component:citation:publication:doi:10.1007/s10265-024-01585-6	requires_pubmed_lookup	missing							pubmed	exact_pmid_efetch	39373803	none
731	publication_component:citation:publication:doi:10.1007/s10329-016-0544-0	requires_pubmed_lookup	missing							pubmed	exact_pmid_efetch	27209173	none
732	publication_component:citation:publication:doi:10.1007/s10340-019-01172-y	requires_openalex_lookup	not_applicable							openalex	exact_work_id	W2988554257	none
733	publication_component:citation:publication:doi:10.1007/s10340-025-01913-2	requires_openalex_lookup	not_applicable							openalex	exact_work_id	W4410370924	none
734	publication_component:citation:publication:doi:10.1007/s10463-009-0259-8	requires_openalex_lookup	not_applicable							openalex	exact_work_id	W2005166585	none
735	publication_component:citation:publication:doi:10.1007/s10482-020-01512-4	requires_pubmed_lookup	missing							pubmed	exact_pmid_efetch	33534061	none
736	publication_component:citation:publication:doi:10.1007/s10493-026-01151-w	requires_pubmed_lookup	missing							pubmed	exact_pmid_efetch	42340496	none
737	publication_component:citation:publication:doi:10.1007/s10499-025-02074-w	requires_openalex_lookup	not_applicable							openalex	exact_work_id	W4411111966	none
738	publication_component:citation:publication:doi:10.1007/s10528-008-9218-y	requires_pubmed_lookup	missing							pubmed	exact_pmid_efetch	19242789	none
739	publication_component:citation:publication:doi:10.1007/s10528-009-9313-8	requires_pubmed_lookup	missing							pubmed	exact_pmid_efetch	19967442	none
740	publication_component:citation:publication:doi:10.1007/s10528-010-9365-9	requires_pubmed_lookup	missing							pubmed	exact_pmid_efetch	20628805	none
741	publication_component:citation:publication:doi:10.1007/s10528-010-9414-4	requires_pubmed_lookup	missing							pubmed	exact_pmid_efetch	21259045	none
742	publication_component:citation:publication:doi:10.1007/s10528-011-9422-z	requires_pubmed_lookup	missing							pubmed	exact_pmid_efetch	21274613	none
743	publication_component:citation:publication:doi:10.1007/s10528-011-9463-3	requires_pubmed_lookup	missing							pubmed	exact_pmid_efetch	21948254	none
744	publication_component:citation:publication:doi:10.1007/s10528-011-9466-0	requires_pubmed_lookup	missing							pubmed	exact_pmid_efetch	21952875	none
745	publication_component:citation:publication:doi:10.1007/s10528-012-9540-2	requires_pubmed_lookup	missing							pubmed	exact_pmid_efetch	23053874	none
746	publication_component:citation:publication:doi:10.1007/s10528-012-9563-8	requires_pubmed_lookup	missing							pubmed	exact_pmid_efetch	23338673	none
747	publication_component:citation:publication:doi:10.1007/s10528-013-9574-0	requires_pubmed_lookup	missing							pubmed	exact_pmid_efetch	23404229	none
748	publication_component:citation:publication:doi:10.1007/s10528-013-9591-z	requires_pubmed_lookup	missing							pubmed	exact_pmid_efetch	23605718	none
749	publication_component:citation:publication:doi:10.1007/s10528-014-9659-4	requires_pubmed_lookup	missing							pubmed	exact_pmid_efetch	25001420	none
750	publication_component:citation:publication:doi:10.1007/s10528-018-9897-y	requires_pubmed_lookup	missing							pubmed	exact_pmid_efetch	30554339	none
751	publication_component:citation:publication:doi:10.1007/s10528-022-10221-8	requires_pubmed_lookup	missing							pubmed	exact_pmid_efetch	35334059	none
752	publication_component:citation:publication:doi:10.1007/s10528-026-11421-2	requires_pubmed_lookup	missing							pubmed	exact_pmid_efetch	42371287	none
753	publication_component:citation:publication:doi:10.1007/s10528-026-11439-6	requires_pubmed_lookup	missing							pubmed	exact_pmid_efetch	42560611	none
754	publication_component:citation:publication:doi:10.1007/s10529-013-1371-7	requires_pubmed_lookup	missing							pubmed	exact_pmid_efetch	24122247	none
755	publication_component:citation:publication:doi:10.1007/s10530-016-1329-5	requires_openalex_lookup	not_applicable							openalex	exact_work_id	W2555894440	none
756	publication_component:citation:publication:doi:10.1007/s10530-021-02684-4	requires_openalex_lookup	not_applicable							openalex	exact_work_id	W3215813423	none
757	publication_component:citation:publication:doi:10.1007/s10577-012-9299-7	requires_pubmed_lookup	missing							pubmed	exact_pmid_efetch	22820845	none
758	publication_component:citation:publication:doi:10.1007/s10577-022-09696-3	requires_pubmed_lookup	missing							pubmed	exact_pmid_efetch	35731424	none
759	publication_component:citation:publication:doi:10.1007/s10592-009-9993-y	requires_openalex_lookup	not_applicable							openalex	exact_work_id	W1967166004	none
760	publication_component:citation:publication:doi:10.1007/s10592-012-0437-8	requires_openalex_lookup	not_applicable							openalex	exact_work_id	W2055109877	none
761	publication_component:citation:publication:doi:10.1007/s10592-016-0810-0	requires_openalex_lookup	not_applicable							openalex	exact_work_id	W2283930908	none
762	publication_component:citation:publication:doi:10.1007/s10592-017-0949-3	requires_openalex_lookup	not_applicable							openalex	exact_work_id	W2597171889	none
763	publication_component:citation:publication:doi:10.1007/s10641-017-0602-5	requires_openalex_lookup	not_applicable							openalex	exact_work_id	W2614202865	none
764	publication_component:citation:publication:doi:10.1007/s10641-017-0659-1	requires_openalex_lookup	not_applicable							openalex	exact_work_id	W2748301254	none
765	publication_component:citation:publication:doi:10.1007/s10646-021-02472-9	requires_pubmed_lookup	missing							pubmed	exact_pmid_efetch	34505200	none
766	publication_component:citation:publication:doi:10.1007/s10661-023-12228-z	requires_pubmed_lookup	missing							pubmed	exact_pmid_efetch	38102322	none
767	publication_component:citation:publication:doi:10.1007/s10682-010-9416-z	requires_openalex_lookup	not_applicable							openalex	exact_work_id	W2145002618	none
768	publication_component:citation:publication:doi:10.1007/s10682-020-10039-z	requires_pubmed_lookup	missing							pubmed	exact_pmid_efetch	32508375	none
769	publication_component:citation:publication:doi:10.1007/s10695-017-0453-1	requires_pubmed_lookup	missing							pubmed	exact_pmid_efetch	29230594	none
770	publication_component:citation:publication:doi:10.1007/s10695-019-00665-y	requires_pubmed_lookup	missing							pubmed	exact_pmid_efetch	31418102	none
771	publication_component:citation:publication:doi:10.1007/s10709-008-9296-0	requires_pubmed_lookup	missing							pubmed	exact_pmid_efetch	18661244	none
772	publication_component:citation:publication:doi:10.1007/s10709-008-9328-9	requires_pubmed_lookup	missing							pubmed	exact_pmid_efetch	18850331	none
773	publication_component:citation:publication:doi:10.1007/s10709-010-9456-x	requires_pubmed_lookup	missing							pubmed	exact_pmid_efetch	20401683	none
774	publication_component:citation:publication:doi:10.1007/s10709-010-9474-8	requires_pubmed_lookup	missing							pubmed	exact_pmid_efetch	20694743	none
775	publication_component:citation:publication:doi:10.1007/s10709-010-9523-3	requires_pubmed_lookup	missing							pubmed	exact_pmid_efetch	21128096	none
776	publication_component:citation:publication:doi:10.1007/s10709-011-9599-4	requires_pubmed_lookup	missing							pubmed	exact_pmid_efetch	21805321	none
777	publication_component:citation:publication:doi:10.1007/s10709-011-9602-0	requires_pubmed_lookup	missing							pubmed	exact_pmid_efetch	21898047	none
778	publication_component:citation:publication:doi:10.1007/s10709-011-9604-y	requires_pubmed_lookup	missing							pubmed	exact_pmid_efetch	21879323	none
779	publication_component:citation:publication:doi:10.1007/s10709-011-9624-7	requires_pubmed_lookup	missing							pubmed	exact_pmid_efetch	22203213	none
780	publication_component:citation:publication:doi:10.1007/s10709-012-9672-7	requires_pubmed_lookup	missing							pubmed	exact_pmid_efetch	22899493	none
781	publication_component:citation:publication:doi:10.1007/s10709-012-9679-0	requires_pubmed_lookup	missing							pubmed	exact_pmid_efetch	23073914	none
782	publication_component:citation:publication:doi:10.1007/s10709-012-9689-y	requires_pubmed_lookup	missing							pubmed	exact_pmid_efetch	23180005	none
783	publication_component:citation:publication:doi:10.1007/s10709-014-9773-6	requires_pubmed_lookup	missing							pubmed	exact_pmid_efetch	24925265	none
784	publication_component:citation:publication:doi:10.1007/s10709-014-9798-x	requires_pubmed_lookup	missing							pubmed	exact_pmid_efetch	25377643	none
785	publication_component:citation:publication:doi:10.1007/s10709-016-9896-z	requires_pubmed_lookup	missing							pubmed	exact_pmid_efetch	26979310	none
786	publication_component:citation:publication:doi:10.1007/s10709-017-9979-5	requires_pubmed_lookup	missing							pubmed	exact_pmid_efetch	28831633	none
787	publication_component:citation:publication:doi:10.1007/s10709-018-0018-y	requires_pubmed_lookup	missing							pubmed	exact_pmid_efetch	29748765	none
788	publication_component:citation:publication:doi:10.1007/s10709-018-0021-3	requires_pubmed_lookup	missing							pubmed	exact_pmid_efetch	29728893	none
789	publication_component:citation:publication:doi:10.1007/s10709-019-00057-3	requires_pubmed_lookup	missing							pubmed	exact_pmid_efetch	30868352	none
790	publication_component:citation:publication:doi:10.1007/s10709-019-00059-1	requires_pubmed_lookup	missing							pubmed	exact_pmid_efetch	30887216	none
791	publication_component:citation:publication:doi:10.1007/s10709-020-00090-7	requires_pubmed_lookup	missing							pubmed	exact_pmid_efetch	32096054	none
792	publication_component:citation:publication:doi:10.1007/s10709-020-00101-7	requires_pubmed_lookup	missing							pubmed	exact_pmid_efetch	32804315	none
793	publication_component:citation:publication:doi:10.1007/s10709-020-00102-6	requires_pubmed_lookup	missing							pubmed	exact_pmid_efetch	32862323	none
794	publication_component:citation:publication:doi:10.1007/s10709-020-00105-3	requires_pubmed_lookup	missing							pubmed	exact_pmid_efetch	33052504	none
795	publication_component:citation:publication:doi:10.1007/s10709-023-00187-9	requires_pubmed_lookup	missing							pubmed	exact_pmid_efetch	37069365	none
796	publication_component:citation:publication:doi:10.1007/s10709-025-00236-5	requires_pubmed_lookup	missing							pubmed	exact_pmid_efetch	40493127	none
797	publication_component:citation:publication:doi:10.1007/s10709-026-00258-7	requires_pubmed_lookup	missing							pubmed	exact_pmid_efetch	41543584	none
798	publication_component:citation:publication:doi:10.1007/s10709-026-00274-7	requires_pubmed_lookup	missing							pubmed	exact_pmid_efetch	42400827	none
799	publication_component:citation:publication:doi:10.1007/s10722-008-9400-4	requires_openalex_lookup	not_applicable							openalex	exact_work_id	W1998351019	none
800	publication_component:citation:publication:doi:10.1007/s10722-022-01468-6	requires_openalex_lookup	not_applicable							openalex	exact_work_id	W4296641345	none
801	publication_component:citation:publication:doi:10.1007/s10722-023-01667-9	requires_openalex_lookup	not_applicable							openalex	exact_work_id	W4385578501	none
802	publication_component:citation:publication:doi:10.1007/s10722-024-01899-3	requires_openalex_lookup	not_applicable							openalex	exact_work_id	W4392552495	none
803	publication_component:citation:publication:doi:10.1007/s10722-024-02186-x	requires_openalex_lookup	not_applicable							openalex	exact_work_id	W4403271652	none
804	publication_component:citation:publication:doi:10.1007/s10722-024-02292-w	requires_openalex_lookup	not_applicable							openalex	exact_work_id	W4405835257	none
805	publication_component:citation:publication:doi:10.1007/s10722-025-02626-2	requires_openalex_lookup	not_applicable							openalex	exact_work_id	W4417357386	none
806	publication_component:citation:publication:doi:10.1007/s10750-010-0484-4	requires_openalex_lookup	not_applicable							openalex	exact_work_id	W1987531461	none
807	publication_component:citation:publication:doi:10.1007/s10750-011-0935-6	requires_openalex_lookup	not_applicable							openalex	exact_work_id	W2060189332	none
808	publication_component:citation:publication:doi:10.1007/s10750-018-3686-9	requires_openalex_lookup	not_applicable							openalex	exact_work_id	W2845642123	none
809	publication_component:citation:publication:doi:10.1007/s10750-021-04611-z	requires_openalex_lookup	not_applicable							openalex	exact_work_id	W3165974759	none
810	publication_component:citation:publication:doi:10.1007/s10764-009-9371-0	requires_openalex_lookup	not_applicable							openalex	exact_work_id	W2043070143	none
811	publication_component:citation:publication:doi:10.1007/s10764-013-9708-6	requires_openalex_lookup	not_applicable							openalex	exact_work_id	W1993490897	none
812	publication_component:citation:publication:doi:10.1007/s10764-013-9721-9	requires_openalex_lookup	not_applicable							openalex	exact_work_id	W2464421471	none
813	publication_component:citation:publication:doi:10.1007/s10811-018-1450-1	requires_openalex_lookup	not_applicable							openalex	exact_work_id	W2803032607	none
814	publication_component:citation:publication:doi:10.1007/s10811-019-01810-z	requires_openalex_lookup	not_applicable							openalex	exact_work_id	W2941433192	none
815	publication_component:citation:publication:doi:10.1007/s10822-025-00732-y	requires_pubmed_lookup	missing							pubmed	exact_pmid_efetch	41388178	none
816	publication_component:citation:publication:doi:10.1007/s10910-013-0212-1	requires_openalex_lookup	not_applicable							openalex	exact_work_id	W1969292660	none
817	publication_component:citation:publication:doi:10.1007/s10914-016-9354-9	requires_openalex_lookup	not_applicable							openalex	exact_work_id	W2523826372	none
818	publication_component:citation:publication:doi:10.1007/s10914-017-9399-4	requires_openalex_lookup	not_applicable							openalex	exact_work_id	W2622921088	none
819	publication_component:citation:publication:doi:10.1007/s10914-021-09581-6	requires_openalex_lookup	not_applicable							openalex	exact_work_id	W3212915543	none
820	publication_component:citation:publication:doi:10.1007/s10930-020-09889-x	requires_pubmed_lookup	missing							pubmed	exact_pmid_efetch	32112190	none
821	publication_component:citation:publication:doi:10.1007/s11033-010-0591-3	requires_pubmed_lookup	missing							pubmed	exact_pmid_efetch	21132380	none
822	publication_component:citation:publication:doi:10.1007/s11033-011-0930-z	requires_pubmed_lookup	missing							pubmed	exact_pmid_efetch	21660474	none
823	publication_component:citation:publication:doi:10.1007/s11033-012-1602-3	requires_pubmed_lookup	missing							pubmed	exact_pmid_efetch	22350161	none
824	publication_component:citation:publication:doi:10.1007/s11033-012-1765-y	requires_pubmed_lookup	missing							pubmed	exact_pmid_efetch	22729906	none
825	publication_component:citation:publication:doi:10.1007/s11033-012-2351-z	requires_pubmed_lookup	missing							pubmed	exact_pmid_efetch	23242656	none
826	publication_component:citation:publication:doi:10.1007/s11033-013-2570-y	requires_pubmed_lookup	missing							pubmed	exact_pmid_efetch	23666055	none
827	publication_component:citation:publication:doi:10.1007/s11033-018-4227-3	requires_pubmed_lookup	missing							pubmed	exact_pmid_efetch	29982891	none
828	publication_component:citation:publication:doi:10.1007/s11033-024-10030-9	requires_pubmed_lookup	missing							pubmed	exact_pmid_efetch	39460814	none
829	publication_component:citation:publication:doi:10.1007/s11103-015-0366-2	requires_pubmed_lookup	missing							pubmed	exact_pmid_efetch	26362289	none
830	publication_component:citation:publication:doi:10.1007/s11103-018-0754-5	requires_pubmed_lookup	missing							pubmed	exact_pmid_efetch	30006693	none
831	publication_component:citation:publication:doi:10.1007/s11103-018-0784-z	requires_pubmed_lookup	missing							pubmed	exact_pmid_efetch	30298428	none
832	publication_component:citation:publication:doi:10.1007/s11103-020-00986-0	requires_pubmed_lookup	missing							pubmed	exact_pmid_efetch	32172495	none
833	publication_component:citation:publication:doi:10.1007/s11103-022-01241-4	requires_pubmed_lookup	missing							pubmed	exact_pmid_efetch	35039977	none
834	publication_component:citation:publication:doi:10.1007/s11103-022-01266-9	requires_pubmed_lookup	missing							pubmed	exact_pmid_efetch	35359176	none
835	publication_component:citation:publication:doi:10.1007/s11103-023-01387-9	requires_pubmed_lookup	missing							pubmed	exact_pmid_efetch	37925670	none
836	publication_component:citation:publication:doi:10.1007/s11103-024-01440-1	requires_pubmed_lookup	missing							pubmed	exact_pmid_efetch	38622367	none
837	publication_component:citation:publication:doi:10.1007/s11105-014-0721-5	requires_openalex_lookup	not_applicable							openalex	exact_work_id	W1966476046	none
838	publication_component:citation:publication:doi:10.1007/s11105-016-1009-8	requires_openalex_lookup	not_applicable							openalex	exact_work_id	W2530849551	none
839	publication_component:citation:publication:doi:10.1007/s11105-022-01363-5	requires_openalex_lookup	not_applicable							openalex	exact_work_id	W4307820560	none
840	publication_component:citation:publication:doi:10.1007/s11105-023-01400-x	requires_openalex_lookup	not_applicable							openalex	exact_work_id	W4385348127	none
841	publication_component:citation:publication:doi:10.1007/s11120-018-0569-x	requires_pubmed_lookup	missing							pubmed	exact_pmid_efetch	30078073	none
842	publication_component:citation:publication:doi:10.1007/s11120-020-00762-7	requires_pubmed_lookup	missing							pubmed	exact_pmid_efetch	32556852	none
843	publication_component:citation:publication:doi:10.1007/s11160-026-10086-9	requires_openalex_lookup	not_applicable							openalex	exact_work_id	W7204797186	none
844	publication_component:citation:publication:doi:10.1007/s11262-008-0316-z	requires_pubmed_lookup	missing							pubmed	exact_pmid_efetch	19125320	none
845	publication_component:citation:publication:doi:10.1007/s11262-009-0435-1	requires_pubmed_lookup	missing							pubmed	exact_pmid_efetch	20033838	none
846	publication_component:citation:publication:doi:10.1007/s11262-011-0709-2	requires_pubmed_lookup	missing							pubmed	exact_pmid_efetch	22222691	none
847	publication_component:citation:publication:doi:10.1007/s11262-016-1311-4	requires_pubmed_lookup	missing							pubmed	exact_pmid_efetch	26980671	none
848	publication_component:citation:publication:doi:10.1007/s11262-022-01923-7	requires_pubmed_lookup	missing							pubmed	exact_pmid_efetch	35900664	none
849	publication_component:citation:publication:doi:10.1007/s11262-022-01928-2	requires_pubmed_lookup	missing							pubmed	exact_pmid_efetch	35974285	none
850	publication_component:citation:publication:doi:10.1007/s11262-023-01984-2	requires_pubmed_lookup	missing							pubmed	exact_pmid_efetch	36932280	none
851	publication_component:citation:publication:doi:10.1007/s11274-021-02995-7	requires_pubmed_lookup	missing							pubmed	exact_pmid_efetch	33452942	none
852	publication_component:citation:publication:doi:10.1007/s11284-011-0915-3	requires_openalex_lookup	not_applicable							openalex	exact_work_id	W1995962628	none
853	publication_component:citation:publication:doi:10.1007/s11295-011-0365-7	requires_openalex_lookup	not_applicable							openalex	exact_work_id	W1965263340	none
854	publication_component:citation:publication:doi:10.1007/s11295-012-0473-z	requires_openalex_lookup	not_applicable							openalex	exact_work_id	W2075212939	none
855	publication_component:citation:publication:doi:10.1007/s11295-014-0786-1	requires_openalex_lookup	not_applicable							openalex	exact_work_id	W2028211322	none
856	publication_component:citation:publication:doi:10.1007/s11295-016-1082-z	requires_openalex_lookup	not_applicable							openalex	exact_work_id	W2557907330	none
857	publication_component:citation:publication:doi:10.1007/s11295-017-1124-1	requires_openalex_lookup	not_applicable							openalex	exact_work_id	W2590861954	none
858	publication_component:citation:publication:doi:10.1007/s11295-017-1131-2	requires_openalex_lookup	not_applicable							openalex	exact_work_id	W2600187764	none
859	publication_component:citation:publication:doi:10.1007/s11295-019-1321-1	requires_openalex_lookup	not_applicable							openalex	exact_work_id	W2912807664	none
860	publication_component:citation:publication:doi:10.1007/s11295-022-01549-8	requires_openalex_lookup	not_applicable							openalex	exact_work_id	W4224440868	none
861	publication_component:citation:publication:doi:10.1007/s11295-026-01737-w	requires_openalex_lookup	not_applicable							openalex	exact_work_id	W7151599654	none
862	publication_component:citation:publication:doi:10.1007/s11427-010-4062-9	requires_pubmed_lookup	missing							pubmed	exact_pmid_efetch	20953949	none
863	publication_component:citation:publication:doi:10.1007/s11427-010-4066-5	requires_pubmed_lookup	missing							pubmed	exact_pmid_efetch	20953943	none
864	publication_component:citation:publication:doi:10.1007/s11427-012-4305-z	requires_pubmed_lookup	missing							pubmed	exact_pmid_efetch	22566087	none
865	publication_component:citation:publication:doi:10.1007/s11427-015-4872-x	requires_pubmed_lookup	missing							pubmed	exact_pmid_efetch	26032590	none
866	publication_component:citation:publication:doi:10.1007/s11427-018-9412-x	requires_pubmed_lookup	missing							pubmed	exact_pmid_efetch	30607883	none
867	publication_component:citation:publication:doi:10.1007/s11427-018-9455-2	requires_pubmed_lookup	missing							pubmed	exact_pmid_efetch	30661181	none
868	publication_component:citation:publication:doi:10.1007/s11427-020-1828-8	requires_pubmed_lookup	missing							pubmed	exact_pmid_efetch	33165812	none
869	publication_component:citation:publication:doi:10.1007/s11427-020-1841-5	requires_pubmed_lookup	missing							pubmed	exact_pmid_efetch	33481165	none
870	publication_component:citation:publication:doi:10.1007/s11427-020-1850-x	requires_pubmed_lookup	missing							pubmed	exact_pmid_efetch	33486588	none
871	publication_component:citation:publication:doi:10.1007/s11427-020-1851-0	requires_pubmed_lookup	missing							pubmed	exact_pmid_efetch	33521859	none
872	publication_component:citation:publication:doi:10.1007/s11427-021-2002-y	requires_pubmed_lookup	missing							pubmed	exact_pmid_efetch	34826092	none
873	publication_component:citation:publication:doi:10.1007/s11427-022-2141-1	requires_pubmed_lookup	missing							pubmed	exact_pmid_efetch	36166180	none
874	publication_component:citation:publication:doi:10.1007/s11427-022-2195-x	requires_pubmed_lookup	missing							pubmed	exact_pmid_efetch	36443512	none
875	publication_component:citation:publication:doi:10.1007/s11427-022-2251-8	requires_pubmed_lookup	missing							pubmed	exact_pmid_efetch	36648612	none
876	publication_component:citation:publication:doi:10.1007/s11427-022-2253-7	requires_pubmed_lookup	missing							pubmed	exact_pmid_efetch	36802318	none
877	publication_component:citation:publication:doi:10.1007/s11427-022-2317-6	requires_pubmed_lookup	missing							pubmed	exact_pmid_efetch	37204606	none
878	publication_component:citation:publication:doi:10.1007/s11427-023-2448-x	requires_pubmed_lookup	missing							pubmed	exact_pmid_efetch	38087029	none
879	publication_component:citation:publication:doi:10.1007/s11427-023-2516-9	requires_pubmed_lookup	missing							pubmed	exact_pmid_efetch	38902451	none
880	publication_component:citation:publication:doi:10.1007/s11427-024-2580-3	requires_pubmed_lookup	missing							pubmed	exact_pmid_efetch	38763999	none
881	publication_component:citation:publication:doi:10.1007/s11427-024-2838-x	requires_pubmed_lookup	missing							pubmed	exact_pmid_efetch	40131646	none
882	publication_component:citation:publication:doi:10.1007/s11427-025-3065-y	requires_pubmed_lookup	missing							pubmed	exact_pmid_efetch	41530644	none
883	publication_component:citation:publication:doi:10.1007/s11427-025-3320-5	requires_pubmed_lookup	missing							pubmed	exact_pmid_efetch	42440068	none
884	publication_component:citation:publication:doi:10.1007/s11427-026-3340-3	requires_pubmed_lookup	missing							pubmed	exact_pmid_efetch	42714797	none
885	publication_component:citation:publication:doi:10.1007/s11430-024-1598-x	requires_openalex_lookup	not_applicable							openalex	exact_work_id	W4411344288	none
886	publication_component:citation:publication:doi:10.1007/s11434-009-0373-2	requires_openalex_lookup	not_applicable							openalex	exact_work_id	W1998789325	none
887	publication_component:citation:publication:doi:10.1007/s11434-010-3023-9	requires_openalex_lookup	not_applicable							openalex	exact_work_id	W2167986040	none
888	publication_component:citation:publication:doi:10.1007/s11434-011-4380-8	requires_openalex_lookup	not_applicable							openalex	exact_work_id	W2068061849	none
889	publication_component:citation:publication:doi:10.1007/s11434-012-5581-5	requires_openalex_lookup	not_applicable							openalex	exact_work_id	W2086375360	none
890	publication_component:citation:publication:doi:10.1007/s11434-013-0057-9	requires_openalex_lookup	not_applicable							openalex	exact_work_id	W1976803386	none
891	publication_component:citation:publication:doi:10.1007/s11434-013-5713-6	requires_openalex_lookup	not_applicable							openalex	exact_work_id	W2111716323	none
892	publication_component:citation:publication:doi:10.1007/s11434-015-0758-3	requires_openalex_lookup	not_applicable							openalex	exact_work_id	W1907496714	none
893	publication_component:citation:publication:doi:10.1007/s11538-024-01340-x	requires_pubmed_lookup	missing							pubmed	exact_pmid_efetch	38995457	none
894	publication_component:citation:publication:doi:10.1007/s11557-015-1086-3	requires_openalex_lookup	not_applicable							openalex	exact_work_id	W1146308914	none
895	publication_component:citation:publication:doi:10.1007/s11557-016-1258-9	requires_openalex_lookup	not_applicable							openalex	exact_work_id	W2568009380	none
896	publication_component:citation:publication:doi:10.1007/s11557-018-1391-8	requires_openalex_lookup	not_applicable							openalex	exact_work_id	W2799390134	none
897	publication_component:citation:publication:doi:10.1007/s11692-012-9215-2	requires_openalex_lookup	not_applicable							openalex	exact_work_id	W2070138033	none
898	publication_component:citation:publication:doi:10.1007/s11692-020-09507-9	requires_openalex_lookup	not_applicable							openalex	exact_work_id	W3039872235	none
899	publication_component:citation:publication:doi:10.1007/s11692-021-09542-0	requires_openalex_lookup	not_applicable							openalex	exact_work_id	W3168543140	none
900	publication_component:citation:publication:doi:10.1007/s11692-022-09575-z	requires_openalex_lookup	not_applicable							openalex	exact_work_id	W4285085794	none
901	publication_component:citation:publication:doi:10.1007/s11692-026-09673-2	requires_openalex_lookup	not_applicable							openalex	exact_work_id	W7165574277	none
902	publication_component:citation:publication:doi:10.1007/s11756-021-00951-2	requires_openalex_lookup	not_applicable							openalex	exact_work_id	W4220683185	none
903	publication_component:citation:publication:doi:10.1007/s11756-022-01120-9	requires_openalex_lookup	not_applicable							openalex	exact_work_id	W4288096222	none
904	publication_component:citation:publication:doi:10.1007/s11756-026-02277-3	requires_openalex_lookup	not_applicable							openalex	exact_work_id	W7168295875	none
905	publication_component:citation:publication:doi:10.1007/s11802-018-3611-x	requires_openalex_lookup	not_applicable							openalex	exact_work_id	W2826164197	none
906	publication_component:citation:publication:doi:10.1007/s11802-021-4707-2	requires_openalex_lookup	not_applicable							openalex	exact_work_id	W3190181782	none
907	publication_component:citation:publication:doi:10.1007/s11802-024-5759-x	requires_openalex_lookup	not_applicable							openalex	exact_work_id	W4400255978	none
908	publication_component:citation:publication:doi:10.1007/s11802-025-5929-5	requires_openalex_lookup	not_applicable							openalex	exact_work_id	W4408267913	none
909	publication_component:citation:publication:doi:10.1007/s11816-023-00869-y	requires_openalex_lookup	not_applicable							openalex	exact_work_id	W4388931324	none
910	publication_component:citation:publication:doi:10.1007/s11816-026-01045-8	requires_openalex_lookup	not_applicable							openalex	exact_work_id	W7129203517	none
911	publication_component:citation:publication:doi:10.1007/s12031-013-0192-4	requires_pubmed_lookup	missing							pubmed	exact_pmid_efetch	24318840	none
912	publication_component:citation:publication:doi:10.1007/s12035-017-0427-4	requires_pubmed_lookup	missing							pubmed	exact_pmid_efetch	28233272	none
913	publication_component:citation:publication:doi:10.1007/s12035-018-1253-z	requires_pubmed_lookup	missing							pubmed	exact_pmid_efetch	30066306	none
914	publication_component:citation:publication:doi:10.1007/s12038-013-9377-9	requires_pubmed_lookup	missing							pubmed	exact_pmid_efetch	24296893	none
915	publication_component:citation:publication:doi:10.1007/s12038-014-9484-2	requires_pubmed_lookup	missing							pubmed	exact_pmid_efetch	25431418	none
916	publication_component:citation:publication:doi:10.1007/s12038-015-9577-6	requires_pubmed_lookup	missing							pubmed	exact_pmid_efetch	26648034	none
917	publication_component:citation:publication:doi:10.1007/s12041-010-0014-1	requires_pubmed_lookup	missing							pubmed	exact_pmid_efetch	20505250	none
918	publication_component:citation:publication:doi:10.1007/s12041-014-0410-z	requires_pubmed_lookup	missing							pubmed	exact_pmid_efetch	25189258	none
919	publication_component:citation:publication:doi:10.1007/s12041-016-0634-1	requires_pubmed_lookup	missing							pubmed	exact_pmid_efetch	27350691	none
920	publication_component:citation:publication:doi:10.1007/s12041-016-0700-8	requires_pubmed_lookup	missing							pubmed	exact_pmid_efetch	27994200	none
921	publication_component:citation:publication:doi:10.1007/s12041-018-0882-3	requires_pubmed_lookup	missing							pubmed	exact_pmid_efetch	29666331	none
922	publication_component:citation:publication:doi:10.1007/s12041-018-0939-3	requires_pubmed_lookup	missing							pubmed	exact_pmid_efetch	29932069	none
923	publication_component:citation:publication:doi:10.1007/s12041-021-01333-y	requires_pubmed_lookup	missing							pubmed	exact_pmid_efetch	34787113	none
924	publication_component:citation:publication:doi:10.1007/s12042-020-09268-x	requires_openalex_lookup	not_applicable							openalex	exact_work_id	W3092061104	none
925	publication_component:citation:publication:doi:10.1007/s12155-014-9474-0	requires_openalex_lookup	not_applicable							openalex	exact_work_id	W2071596343	none
926	publication_component:citation:publication:doi:10.1007/s12192-019-01013-y	requires_pubmed_lookup	missing							pubmed	exact_pmid_efetch	31230214	none
927	publication_component:citation:publication:doi:10.1007/s12228-025-09854-x	requires_openalex_lookup	not_applicable							openalex	exact_work_id	W4415821622	none
928	publication_component:citation:publication:doi:10.1007/s12275-022-1597-y	requires_pubmed_lookup	missing							pubmed	exact_pmid_efetch	35362896	none
929	publication_component:citation:publication:doi:10.1007/s12298-016-0362-2	requires_pubmed_lookup	missing							pubmed	exact_pmid_efetch	27729728	none
930	publication_component:citation:publication:doi:10.1007/s12298-022-01198-0	requires_pubmed_lookup	missing							pubmed	exact_pmid_efetch	35910439	none
931	publication_component:citation:publication:doi:10.1007/s12298-023-01406-5	requires_pubmed_lookup	missing							pubmed	exact_pmid_efetch	38162914	none
932	publication_component:citation:publication:doi:10.1007/s12374-018-0319-9	requires_openalex_lookup	not_applicable							openalex	exact_work_id	W2914162920	none
933	publication_component:citation:publication:doi:10.1007/s12374-020-09279-x	requires_openalex_lookup	not_applicable							openalex	exact_work_id	W3084415582	none
934	publication_component:citation:publication:doi:10.1007/s12526-019-00964-w	requires_openalex_lookup	not_applicable							openalex	exact_work_id	W2964235718	none
935	publication_component:citation:publication:doi:10.1007/s12539-018-0282-7	requires_pubmed_lookup	missing							pubmed	exact_pmid_efetch	29383564	none
936	publication_component:citation:publication:doi:10.1007/s12686-015-0501-z	requires_openalex_lookup	not_applicable							openalex	exact_work_id	W1888067941	none
937	publication_component:citation:publication:doi:10.1007/s13127-018-0382-6	requires_openalex_lookup	not_applicable							openalex	exact_work_id	W2898053721	none
938	publication_component:citation:publication:doi:10.1007/s13127-019-00390-7	requires_openalex_lookup	not_applicable							openalex	exact_work_id	W2911662256	none
939	publication_component:citation:publication:doi:10.1007/s13127-019-00405-3	requires_openalex_lookup	not_applicable							openalex	exact_work_id	W2949545349	none
940	publication_component:citation:publication:doi:10.1007/s13127-022-00574-8	requires_openalex_lookup	not_applicable							openalex	exact_work_id	W4290038690	none
941	publication_component:citation:publication:doi:10.1007/s13127-023-00625-8	requires_openalex_lookup	not_applicable							openalex	exact_work_id	W4387674270	none
942	publication_component:citation:publication:doi:10.1007/s13127-024-00650-1	requires_openalex_lookup	not_applicable							openalex	exact_work_id	W4400433549	none
943	publication_component:citation:publication:doi:10.1007/s13127-025-00678-x	requires_openalex_lookup	not_applicable							openalex	exact_work_id	W4409620005	none
944	publication_component:citation:publication:doi:10.1007/s13131-018-1232-2	requires_openalex_lookup	not_applicable							openalex	exact_work_id	W2886262260	none
945	publication_component:citation:publication:doi:10.1007/s13131-020-1658-1	requires_openalex_lookup	not_applicable							openalex	exact_work_id	W3105458607	none
946	publication_component:citation:publication:doi:10.1007/s13131-024-2402-z	requires_openalex_lookup	not_applicable							openalex	exact_work_id	W4411937799	none
947	publication_component:citation:publication:doi:10.1007/s13205-020-02336-9	requires_pubmed_lookup	missing							pubmed	exact_pmid_efetch	32714737	none
948	publication_component:citation:publication:doi:10.1007/s13205-020-2123-8	requires_pubmed_lookup	missing							pubmed	exact_pmid_efetch	32154043	none
949	publication_component:citation:publication:doi:10.1007/s13205-022-03136-z	requires_pubmed_lookup	missing							pubmed	exact_pmid_efetch	35251880	none
950	publication_component:citation:publication:doi:10.1007/s13205-023-03492-4	requires_pubmed_lookup	missing							pubmed	exact_pmid_efetch	36852175	none
951	publication_component:citation:publication:doi:10.1007/s13205-024-03927-6	requires_pubmed_lookup	missing							pubmed	exact_pmid_efetch	38385141	none
952	publication_component:citation:publication:doi:10.1007/s13205-024-04119-y	requires_pubmed_lookup	missing							pubmed	exact_pmid_efetch	39479299	none
953	publication_component:citation:publication:doi:10.1007/s13213-019-01531-1	requires_openalex_lookup	not_applicable							openalex	exact_work_id	W2993623363	none
954	publication_component:citation:publication:doi:10.1007/s13225-021-00476-8	requires_openalex_lookup	not_applicable							openalex	exact_work_id	W3174054661	none
955	publication_component:citation:publication:doi:10.1007/s13225-025-00559-w	requires_openalex_lookup	not_applicable							openalex	exact_work_id	W4411497529	none
956	publication_component:citation:publication:doi:10.1007/s13238-013-0004-1	requires_pubmed_lookup	missing							pubmed	exact_pmid_efetch	24474201	none
957	publication_component:citation:publication:doi:10.1007/s13258-009-0837-4	requires_openalex_lookup	not_applicable							openalex	exact_work_id	W2007567176	none
958	publication_component:citation:publication:doi:10.1007/s13258-013-0056-x	requires_openalex_lookup	not_applicable							openalex	exact_work_id	W2034460748	none
959	publication_component:citation:publication:doi:10.1007/s13258-015-0265-6	requires_openalex_lookup	not_applicable							openalex	exact_work_id	W1993344068	none
960	publication_component:citation:publication:doi:10.1007/s13258-017-0555-2	requires_pubmed_lookup	missing							pubmed	exact_pmid_efetch	29568414	none
961	publication_component:citation:publication:doi:10.1007/s13258-017-0632-6	requires_pubmed_lookup	missing							pubmed	exact_pmid_efetch	29892953	none
962	publication_component:citation:publication:doi:10.1007/s13258-019-00817-7	requires_pubmed_lookup	missing							pubmed	exact_pmid_efetch	31016677	none
963	publication_component:citation:publication:doi:10.1007/s13258-019-00911-w	requires_pubmed_lookup	missing							pubmed	exact_pmid_efetch	31902105	none
964	publication_component:citation:publication:doi:10.1007/s13258-023-01487-2	requires_pubmed_lookup	missing							pubmed	exact_pmid_efetch	38733518	none
965	publication_component:citation:publication:doi:10.1007/s13258-025-01647-6	requires_pubmed_lookup	missing							pubmed	exact_pmid_efetch	40320481	none
966	publication_component:citation:publication:doi:10.1007/s13258-025-01713-z	requires_pubmed_lookup	missing							pubmed	exact_pmid_efetch	41575626	none
967	publication_component:citation:publication:doi:10.1007/s13353-022-00712-0	requires_pubmed_lookup	missing							pubmed	exact_pmid_efetch	35931930	none
968	publication_component:citation:publication:doi:10.1007/s13353-025-00995-z	requires_pubmed_lookup	missing							pubmed	exact_pmid_efetch	40715649	none
969	publication_component:citation:publication:doi:10.1007/s13364-016-0266-0	requires_openalex_lookup	not_applicable							openalex	exact_work_id	W2301994425	none
970	publication_component:citation:publication:doi:10.1007/s13364-019-00461-2	requires_openalex_lookup	not_applicable							openalex	exact_work_id	W2981021245	none
971	publication_component:citation:publication:doi:10.1007/s13364-020-00498-8	requires_openalex_lookup	not_applicable							openalex	exact_work_id	W3033992041	none
972	publication_component:citation:publication:doi:10.1007/s13364-021-00585-4	requires_openalex_lookup	not_applicable							openalex	exact_work_id	W3193129075	none
973	publication_component:citation:publication:doi:10.1007/s13562-014-0259-5	requires_openalex_lookup	not_applicable							openalex	exact_work_id	W1979967915	none
974	publication_component:citation:publication:doi:10.1007/s13562-026-01135-2	requires_openalex_lookup	not_applicable							openalex	exact_work_id	W7213249969	none
975	publication_component:citation:publication:doi:10.1007/s13580-023-00548-5	requires_openalex_lookup	not_applicable							openalex	exact_work_id	W4385065038	none
976	publication_component:citation:publication:doi:10.1007/s13592-024-01140-1	requires_openalex_lookup	not_applicable							openalex	exact_work_id	W4406665312	none
977	publication_component:citation:publication:doi:10.1007/s13659-026-00590-7	requires_pubmed_lookup	missing							pubmed	exact_pmid_efetch	41770440	none
978	publication_component:citation:publication:doi:10.1007/s13744-025-01279-1	requires_pubmed_lookup	missing							pubmed	exact_pmid_efetch	40327225	none
979	publication_component:citation:publication:doi:10.1007/s40011-013-0252-0	requires_openalex_lookup	not_applicable							openalex	exact_work_id	W2059549427	none
980	publication_component:citation:publication:doi:10.1007/s42161-018-0126-7	requires_openalex_lookup	not_applicable							openalex	exact_work_id	W2883218092	none
981	publication_component:citation:publication:doi:10.1007/s42161-022-01299-5	requires_openalex_lookup	not_applicable							openalex	exact_work_id	W4313479632	none
982	publication_component:citation:publication:doi:10.1007/s42161-026-02277-x	requires_openalex_lookup	not_applicable							openalex	exact_work_id	W7203687687	none
983	publication_component:citation:publication:doi:10.1007/s42360-022-00472-1	requires_openalex_lookup	not_applicable							openalex	exact_work_id	W4211257810	none
984	publication_component:citation:publication:doi:10.1007/s42452-024-05703-w	requires_openalex_lookup	not_applicable							openalex	exact_work_id	W4392042700	none
985	publication_component:citation:publication:doi:10.1007/s42770-021-00508-0	requires_pubmed_lookup	missing							pubmed	exact_pmid_efetch	33990934	none
986	publication_component:citation:publication:doi:10.1007/s42770-026-01884-1	requires_pubmed_lookup	missing							pubmed	exact_pmid_efetch	41870808	none
987	publication_component:citation:publication:doi:10.1007/s42991-021-00120-7	requires_openalex_lookup	not_applicable							openalex	exact_work_id	W3150771062	none
988	publication_component:citation:publication:doi:10.1007/s42991-021-00135-0	requires_openalex_lookup	not_applicable							openalex	exact_work_id	W3177282884	none
989	publication_component:citation:publication:doi:10.1007/s42991-022-00258-y	requires_openalex_lookup	not_applicable							openalex	exact_work_id	W4281683772	none
990	publication_component:citation:publication:doi:10.1007/s42994-022-00081-6	requires_pubmed_lookup	missing							pubmed	exact_pmid_efetch	36304840	none
991	publication_component:citation:publication:doi:10.1007/s42995-021-00118-7	requires_pubmed_lookup	missing							pubmed	exact_pmid_efetch	37073353	none
992	publication_component:citation:publication:doi:10.1007/s42995-023-00177-y	requires_pubmed_lookup	missing							pubmed	exact_pmid_efetch	37275537	none
993	publication_component:citation:publication:doi:10.1007/s42995-023-00178-x	requires_pubmed_lookup	missing							pubmed	exact_pmid_efetch	37637250	none
994	publication_component:citation:publication:doi:10.1007/s42995-023-00197-8	requires_pubmed_lookup	missing							pubmed	exact_pmid_efetch	38433969	none
995	publication_component:citation:publication:doi:10.1007/s42995-024-00242-0	requires_pubmed_lookup	missing							pubmed	exact_pmid_efetch	39219675	none
996	publication_component:citation:publication:doi:10.1007/s42995-025-00298-6	requires_pubmed_lookup	missing							pubmed	exact_pmid_efetch	40417249	none
997	publication_component:citation:publication:doi:10.1007/s43538-025-00552-6	requires_openalex_lookup	not_applicable							openalex	exact_work_id	W4415245276	none
998	publication_component:citation:publication:doi:10.1007/s43630-026-00938-5	requires_pubmed_lookup	missing							pubmed	exact_pmid_efetch	42377776	none
999	publication_component:citation:publication:doi:10.1007/s44154-023-00145-7	requires_pubmed_lookup	missing							pubmed	exact_pmid_efetch	38270818	none
1000	publication_component:citation:publication:doi:10.1007/s44281-024-00032-9	requires_openalex_lookup	not_applicable							openalex	exact_work_id	W4396227587	none
1001	publication_component:citation:publication:doi:10.1007/s44297-024-00026-z	requires_pubmed_lookup	missing							pubmed	exact_pmid_efetch	41649680	none
1002	publication_component:citation:publication:doi:10.1007/s44297-026-00082-7	requires_pubmed_lookup	missing							pubmed	exact_pmid_efetch	42479296	none
1003	publication_component:citation:publication:doi:10.1007/s44345-026-00061-z	requires_openalex_lookup	not_applicable							openalex	exact_work_id	W7165456103	none
1004	publication_component:citation:publication:doi:10.1016/0025-5564(87)90074-5	cached_sources_no_usable_abstract	not_applicable	openalex	exact_doi	bd5c3ad8726fe545705e3bce9d0aa5801ce2bbf398f80e2637b111d4110f17e9	lookup:4a6aba3275ab89eba9e726d3b70a7e80e85e3a969c49d979e4fcd2d75635c143	ok	abstract_absent				none
1005	publication_component:citation:publication:doi:10.1016/0047-2484(89)90075-4	cached_sources_no_usable_abstract	not_applicable	openalex	exact_doi	a7037168721208862368681513a2d55f79e0ed2f3a5f29fea81440d1b4609b5f	lookup:33181558a23ef6da7bb492335f76d0686f08f1762511625e85fbfd4b65ae453e	ok	abstract_absent				none
1006	publication_component:citation:publication:doi:10.1016/0304-4149(82)90011-4	cached_sources_no_usable_abstract	not_applicable	openalex	exact_doi	d751a3db9df5ef810ff26969f19953fb39de1c12bc6cded6337c4439e9040218	lookup:d32229000e6c7db51843210877aed9c16ea957a3b2d65877bc98264afdc3a45a	ok	abstract_absent				none
1007	publication_component:citation:publication:doi:10.1016/b978-0-08-100596-5.00007-x	requires_openalex_lookup	not_applicable							openalex	exact_work_id	W2272435157	none
1008	publication_component:citation:publication:doi:10.1016/b978-0-08-100596-5.22697-8	requires_openalex_lookup	not_applicable							openalex	exact_work_id	W3024248322	none
1009	publication_component:citation:publication:doi:10.1016/b978-0-12-384890-1.00017-0	requires_openalex_lookup	not_applicable							openalex	exact_work_id	W4281306	none
1010	publication_component:citation:publication:doi:10.1016/b978-0-12-394290-6.00014-8	requires_pubmed_lookup	missing							pubmed	exact_pmid_efetch	22999180	none
1011	publication_component:citation:publication:doi:10.1016/b978-0-12-397940-7.00013-6	requires_openalex_lookup	not_applicable							openalex	exact_work_id	W44909700	none
1012	publication_component:citation:publication:doi:10.1016/b978-0-12-409547-2.14650-5	requires_openalex_lookup	not_applicable							openalex	exact_work_id	W2964890805	none
1013	publication_component:citation:publication:doi:10.1016/b978-0-12-415874-0.00012-3	requires_openalex_lookup	not_applicable							openalex	exact_work_id	W3021005387	none
1014	publication_component:citation:publication:doi:10.1016/b978-0-12-799942-5.00007-x	requires_openalex_lookup	not_applicable							openalex	exact_work_id	W2574186267	none
1015	publication_component:citation:publication:doi:10.1016/b978-0-12-799942-5.00016-0	requires_openalex_lookup	not_applicable							openalex	exact_work_id	W2591666479	none
1016	publication_component:citation:publication:doi:10.1016/b978-0-12-800049-6.00166-9	requires_openalex_lookup	not_applicable							openalex	exact_work_id	W2416091248	none
1017	publication_component:citation:publication:doi:10.1016/b978-0-12-800049-6.00208-0	requires_openalex_lookup	not_applicable							openalex	exact_work_id	W2410326276	none
1018	publication_component:citation:publication:doi:10.1016/b978-0-12-803603-7.00004-5	requires_openalex_lookup	not_applicable							openalex	exact_work_id	W2508129144	none
1019	publication_component:citation:publication:doi:10.1016/b978-0-12-809633-8.20222-7	requires_openalex_lookup	not_applicable							openalex	exact_work_id	W4210994395	none
1020	publication_component:citation:publication:doi:10.1016/b978-0-12-814515-9.00056-4	requires_openalex_lookup	not_applicable							openalex	exact_work_id	W4236563678	none
1021	publication_component:citation:publication:doi:10.1016/b978-0-12-815379-6.00019-2	requires_openalex_lookup	not_applicable							openalex	exact_work_id	W4244583867	none
1022	publication_component:citation:publication:doi:10.1016/b978-0-12-816395-5.00007-1	requires_openalex_lookup	not_applicable							openalex	exact_work_id	W3041561580	none
1023	publication_component:citation:publication:doi:10.1016/b978-0-12-818969-6.00001-7	requires_openalex_lookup	not_applicable							openalex	exact_work_id	W3089293131	none
1024	publication_component:citation:publication:doi:10.1016/b978-0-12-821748-1.00002-6	requires_openalex_lookup	not_applicable							openalex	exact_work_id	W3164740290	none
1025	publication_component:citation:publication:doi:10.1016/b978-0-323-95502-7.00144-5	requires_openalex_lookup	not_applicable							openalex	exact_work_id	W4403911243	none
1026	publication_component:citation:publication:doi:10.1016/b978-0-323-95502-7.00210-4	requires_openalex_lookup	not_applicable							openalex	exact_work_id	W4405266830	none
1027	publication_component:citation:publication:doi:10.1016/b978-0-323-99886-4.00007-7	requires_openalex_lookup	not_applicable							openalex	exact_work_id	W4399230620	none
1028	publication_component:citation:publication:doi:10.1016/b978-0-443-15750-9.00065-3	requires_openalex_lookup	not_applicable							openalex	exact_work_id	W4405043494	none
1029	publication_component:citation:publication:doi:10.1016/b978-0-443-15750-9.00125-7	requires_openalex_lookup	not_applicable							openalex	exact_work_id	W4411405623	none
1030	publication_component:citation:publication:doi:10.1016/b978-0-443-15750-9.00149-x	requires_openalex_lookup	not_applicable							openalex	exact_work_id	W4412608602	none
1031	publication_component:citation:publication:doi:10.1016/b978-0-443-22123-1.00007-7	requires_openalex_lookup	not_applicable							openalex	exact_work_id	W4406570699	none
1032	publication_component:citation:publication:doi:10.1016/b978-0-443-28818-0.00023-9	requires_openalex_lookup	not_applicable							openalex	exact_work_id	W4400829686	none
1033	publication_component:citation:publication:doi:10.1016/b978-0-444-53860-4.00002-7	requires_pubmed_lookup	missing							pubmed	exact_pmid_efetch	22230621	none
1034	publication_component:citation:publication:doi:10.1016/b978-1-4832-2734-4.50017-6	cached_sources_no_usable_abstract	not_applicable	openalex	exact_doi	34f68eb411a935d721d85e5558ea3f5dd75d9c805347139379b3ee2bed50f5b6	lookup:6a4e30ab0d2b24c6efb791d351c828cc240f91d1413b73005000e0d5ee57b9cf	ok	abstract_absent				none
1035	publication_component:citation:publication:doi:10.1016/bs.adgen.2017.09.009	requires_pubmed_lookup	missing							pubmed	exact_pmid_efetch	29153405	none
1036	publication_component:citation:publication:doi:10.1016/bs.ctdb.2018.03.005	requires_pubmed_lookup	missing							pubmed	exact_pmid_efetch	29853187	none
1037	publication_component:citation:publication:doi:10.1016/bs.mie.2019.03.015	requires_pubmed_lookup	missing							pubmed	exact_pmid_efetch	31072492	none
1038	publication_component:citation:publication:doi:10.1016/bs.mie.2021.11.017	requires_pubmed_lookup	missing							pubmed	exact_pmid_efetch	35331369	none
1039	publication_component:citation:publication:doi:10.1016/bs.mim.2014.10.001	requires_openalex_lookup	not_applicable							openalex	exact_work_id	W2746672984	none
1040	publication_component:citation:publication:doi:10.1016/bs.mim.2024.05.001	requires_openalex_lookup	not_applicable							openalex	exact_work_id	W4408142311	none
1041	publication_component:citation:publication:doi:10.1016/bs.pmbts.2021.06.017	requires_pubmed_lookup	missing							pubmed	exact_pmid_efetch	34656334	none
1042	publication_component:citation:publication:doi:10.1016/j.aaf.2019.05.003	requires_openalex_lookup	not_applicable							openalex	exact_work_id	W2947188207	none
1043	publication_component:citation:publication:doi:10.1016/j.aaf.2020.08.001	requires_openalex_lookup	not_applicable							openalex	exact_work_id	W3089426397	none
1044	publication_component:citation:publication:doi:10.1016/j.aaf.2021.05.003	requires_openalex_lookup	not_applicable							openalex	exact_work_id	W3172377072	none
1045	publication_component:citation:publication:doi:10.1016/j.aaf.2021.06.001	requires_openalex_lookup	not_applicable							openalex	exact_work_id	W3183623282	none
1046	publication_component:citation:publication:doi:10.1016/j.abiote.2025.100008	requires_pubmed_lookup	missing							pubmed	exact_pmid_efetch	41940148	none
1047	publication_component:citation:publication:doi:10.1016/j.actao.2020.103554	requires_openalex_lookup	not_applicable							openalex	exact_work_id	W3023923250	none
1048	publication_component:citation:publication:doi:10.1016/j.actatropica.2012.05.010	requires_pubmed_lookup	missing							pubmed	exact_pmid_efetch	22659461	none
1049	publication_component:citation:publication:doi:10.1016/j.actatropica.2022.106493	requires_pubmed_lookup	missing							pubmed	exact_pmid_efetch	35525314	none
1050	publication_component:citation:publication:doi:10.1016/j.actatropica.2022.106500	requires_pubmed_lookup	missing							pubmed	exact_pmid_efetch	35584780	none
1051	publication_component:citation:publication:doi:10.1016/j.actatropica.2022.106805	requires_pubmed_lookup	missing							pubmed	exact_pmid_efetch	36574895	none
1052	publication_component:citation:publication:doi:10.1016/j.actatropica.2025.107883	requires_openalex_lookup	not_applicable							openalex	exact_work_id	W4415528775	none
1053	publication_component:citation:publication:doi:10.1016/j.actatropica.2026.108079	requires_pubmed_lookup	missing							pubmed	exact_pmid_efetch	41935555	none
1054	publication_component:citation:publication:doi:10.1016/j.afres.2026.102138	requires_openalex_lookup	not_applicable							openalex	exact_work_id	W7161110673	none
1055	publication_component:citation:publication:doi:10.1016/j.ailsci.2026.100165	requires_openalex_lookup	not_applicable							openalex	exact_work_id	W7130857691	none
1056	publication_component:citation:publication:doi:10.1016/j.ajhg.2009.07.012	requires_pubmed_lookup	missing							pubmed	exact_pmid_efetch	19664744	none
1057	publication_component:citation:publication:doi:10.1016/j.ajhg.2012.03.002	requires_pubmed_lookup	missing							pubmed	exact_pmid_efetch	22482806	none
1058	publication_component:citation:publication:doi:10.1016/j.ajhg.2012.04.018	requires_pubmed_lookup	missing							pubmed	exact_pmid_efetch	22608500	none
1059	publication_component:citation:publication:doi:10.1016/j.ajhg.2013.05.014	requires_pubmed_lookup	missing							pubmed	exact_pmid_efetch	23768513	none
1060	publication_component:citation:publication:doi:10.1016/j.ajic.2016.05.015	requires_pubmed_lookup	missing							pubmed	exact_pmid_efetch	28159067	none
1061	publication_component:citation:publication:doi:10.1016/j.ajp.2012.08.007	requires_pubmed_lookup	missing							pubmed	exact_pmid_efetch	23380319	none
1062	publication_component:citation:publication:doi:10.1016/j.algal.2021.102432	requires_openalex_lookup	not_applicable							openalex	exact_work_id	W3187516883	none
1063	publication_component:citation:publication:doi:10.1016/j.algal.2024.103761	requires_openalex_lookup	not_applicable							openalex	exact_work_id	W4403583468	none
1064	publication_component:citation:publication:doi:10.1016/j.algal.2026.104712	requires_openalex_lookup	not_applicable							openalex	exact_work_id	W7155353186	none
1065	publication_component:citation:publication:doi:10.1016/j.algal.2026.104771	requires_openalex_lookup	not_applicable							openalex	exact_work_id	W7162533890	none
1066	publication_component:citation:publication:doi:10.1016/j.algal.2026.104825	requires_openalex_lookup	not_applicable							openalex	exact_work_id	W7166644791	none
1067	publication_component:citation:publication:doi:10.1016/j.algal.2026.104960	requires_openalex_lookup	not_applicable							openalex	exact_work_id	W7213087102	none
1068	publication_component:citation:publication:doi:10.1016/j.aml.2010.06.021	cached_sources_no_usable_abstract	not_applicable	openalex	exact_doi	abb46b56e0d90fe023707de5dac6d7ddba983939892991c33025ca8675386558	lookup:a10060aac1e98a4e6c3450837628a9cfb4360c838d3cd613d0ff4544b7c18959	ok	abstract_absent				none
1069	publication_component:citation:publication:doi:10.1016/j.anaerobe.2023.102718	requires_pubmed_lookup	missing							pubmed	exact_pmid_efetch	36801248	none
1070	publication_component:citation:publication:doi:10.1016/j.antiviral.2011.10.022	requires_pubmed_lookup	missing							pubmed	exact_pmid_efetch	22086128	none
1071	publication_component:citation:publication:doi:10.1016/j.antiviral.2021.105178	requires_pubmed_lookup	missing							pubmed	exact_pmid_efetch	34509461	none
1072	publication_component:citation:publication:doi:10.1016/j.antiviral.2025.106291	requires_pubmed_lookup	missing							pubmed	exact_pmid_efetch	41086952	none
1073	publication_component:citation:publication:doi:10.1016/j.apacoust.2014.12.002	requires_openalex_lookup	not_applicable							openalex	exact_work_id	W2087471769	none
1074	publication_component:citation:publication:doi:10.1016/j.apsb.2019.08.004	requires_pubmed_lookup	missing							pubmed	exact_pmid_efetch	32082980	none
1075	publication_component:citation:publication:doi:10.1016/j.apsb.2021.01.019	requires_pubmed_lookup	missing							pubmed	exact_pmid_efetch	34386340	none
1076	publication_component:citation:publication:doi:10.1016/j.apsb.2023.12.013	requires_pubmed_lookup	missing							pubmed	exact_pmid_efetch	38572115	none
1077	publication_component:citation:publication:doi:10.1016/j.apsb.2024.04.005	requires_pubmed_lookup	missing							pubmed	exact_pmid_efetch	39220882	none
1078	publication_component:citation:publication:doi:10.1016/j.aqrep.2022.101085	requires_openalex_lookup	not_applicable							openalex	exact_work_id	W4220831947	none
1079	publication_component:citation:publication:doi:10.1016/j.aqrep.2023.101859	requires_openalex_lookup	not_applicable							openalex	exact_work_id	W4389266094	none
1080	publication_component:citation:publication:doi:10.1016/j.aqrep.2026.103436	requires_openalex_lookup	not_applicable							openalex	exact_work_id	W7126456231	none
1081	publication_component:citation:publication:doi:10.1016/j.aquaculture.2013.05.024	requires_openalex_lookup	not_applicable							openalex	exact_work_id	W2000024473	none
1082	publication_component:citation:publication:doi:10.1016/j.aquaculture.2021.736484	requires_openalex_lookup	not_applicable							openalex	exact_work_id	W3128305572	none
1083	publication_component:citation:publication:doi:10.1016/j.aquaculture.2021.737777	requires_openalex_lookup	not_applicable							openalex	exact_work_id	W3217504528	none
1084	publication_component:citation:publication:doi:10.1016/j.aquaculture.2022.737901	requires_openalex_lookup	not_applicable							openalex	exact_work_id	W4205942390	none
1085	publication_component:citation:publication:doi:10.1016/j.aquaculture.2022.739023	requires_openalex_lookup	not_applicable							openalex	exact_work_id	W4308213016	none
1086	publication_component:citation:publication:doi:10.1016/j.aquaculture.2023.740395	requires_openalex_lookup	not_applicable							openalex	exact_work_id	W4388943565	none
1087	publication_component:citation:publication:doi:10.1016/j.aquaculture.2023.740514	requires_openalex_lookup	not_applicable							openalex	exact_work_id	W4390245783	none
1088	publication_component:citation:publication:doi:10.1016/j.aquaculture.2025.743298	requires_openalex_lookup	not_applicable							openalex	exact_work_id	W4415184987	none
1089	publication_component:citation:publication:doi:10.1016/j.aquaculture.2025.743565	requires_openalex_lookup	not_applicable							openalex	exact_work_id	W4417476656	none
1090	publication_component:citation:publication:doi:10.1016/j.aquaculture.2026.744142	requires_openalex_lookup	not_applicable							openalex	exact_work_id	W7160983260	none
1091	publication_component:citation:publication:doi:10.1016/j.archoralbio.2004.09.004	requires_pubmed_lookup	missing							pubmed	exact_pmid_efetch	15721151	none
1092	publication_component:citation:publication:doi:10.1016/j.aspen.2021.04.005	requires_openalex_lookup	not_applicable							openalex	exact_work_id	W3153273340	none
1093	publication_component:citation:publication:doi:10.1016/j.banm.2022.07.008	requires_pubmed_lookup	missing							pubmed	exact_pmid_efetch	35879932	none
1094	publication_component:citation:publication:doi:10.1016/j.bbalip.2018.05.001	requires_pubmed_lookup	missing							pubmed	exact_pmid_efetch	29730527	none
1095	publication_component:citation:publication:doi:10.1016/j.bbamem.2010.12.008	requires_pubmed_lookup	missing							pubmed	exact_pmid_efetch	21167813	none
1096	publication_component:citation:publication:doi:10.1016/j.bbrc.2012.02.101	requires_pubmed_lookup	missing							pubmed	exact_pmid_efetch	22390928	none
1097	publication_component:citation:publication:doi:10.1016/j.bbrc.2012.10.065	requires_pubmed_lookup	missing							pubmed	exact_pmid_efetch	23103547	none
1098	publication_component:citation:publication:doi:10.1016/j.bbrc.2013.09.029	requires_pubmed_lookup	missing							pubmed	exact_pmid_efetch	24041690	none
1099	publication_component:citation:publication:doi:10.1016/j.bbrc.2018.05.168	requires_pubmed_lookup	missing							pubmed	exact_pmid_efetch	29859934	none
1100	publication_component:citation:publication:doi:10.1016/j.bbrc.2018.10.168	requires_pubmed_lookup	missing							pubmed	exact_pmid_efetch	30392910	none
1101	publication_component:citation:publication:doi:10.1016/j.bbrc.2020.03.112	requires_pubmed_lookup	missing							pubmed	exact_pmid_efetch	32234238	none
1102	publication_component:citation:publication:doi:10.1016/j.bidere.2025.100005	requires_pubmed_lookup	missing							pubmed	exact_pmid_efetch	41415723	none
1103	publication_component:citation:publication:doi:10.1016/j.biocon.2023.110183	requires_openalex_lookup	not_applicable							openalex	exact_work_id	W4382651661	none
1104	publication_component:citation:publication:doi:10.1016/j.biosystems.2016.07.007	requires_pubmed_lookup	missing							pubmed	exact_pmid_efetch	27443483	none
1105	publication_component:citation:publication:doi:10.1016/j.biosystems.2017.03.002	requires_pubmed_lookup	missing							pubmed	exact_pmid_efetch	28344109	none
1106	publication_component:citation:publication:doi:10.1016/j.biotechadv.2016.03.001	requires_pubmed_lookup	missing							pubmed	exact_pmid_efetch	26956711	none
1107	publication_component:citation:publication:doi:10.1016/j.biotechadv.2021.107696	requires_pubmed_lookup	missing							pubmed	exact_pmid_efetch	33513434	none
1108	publication_component:citation:publication:doi:10.1016/j.biotechadv.2023.108094	requires_pubmed_lookup	missing							pubmed	exact_pmid_efetch	36621725	none
1109	publication_component:citation:publication:doi:10.1016/j.biotechadv.2025.108788	requires_pubmed_lookup	missing							pubmed	exact_pmid_efetch	41443357	none
1110	publication_component:citation:publication:doi:10.1016/j.bpj.2021.03.042	requires_pubmed_lookup	missing							pubmed	exact_pmid_efetch	33932438	none
1111	publication_component:citation:publication:doi:10.1016/j.bse.2009.03.001	requires_openalex_lookup	not_applicable							openalex	exact_work_id	W1967731346	none
1112	publication_component:citation:publication:doi:10.1016/j.bse.2012.04.007	requires_openalex_lookup	not_applicable							openalex	exact_work_id	W2055665129	none
1113	publication_component:citation:publication:doi:10.1016/j.bse.2015.02.009	requires_openalex_lookup	not_applicable							openalex	exact_work_id	W2016177735	none
1114	publication_component:citation:publication:doi:10.1016/j.bse.2015.11.019	requires_openalex_lookup	not_applicable							openalex	exact_work_id	W2216722087	none
1115	publication_component:citation:publication:doi:10.1016/j.bse.2016.05.005	requires_openalex_lookup	not_applicable							openalex	exact_work_id	W2411489055	none
1116	publication_component:citation:publication:doi:10.1016/j.bse.2017.01.001	requires_openalex_lookup	not_applicable							openalex	exact_work_id	W2574193500	none
1117	publication_component:citation:publication:doi:10.1016/j.bse.2017.01.003	requires_openalex_lookup	not_applicable							openalex	exact_work_id	W2581190925	none
1118	publication_component:citation:publication:doi:10.1016/j.bse.2017.02.003	requires_openalex_lookup	not_applicable							openalex	exact_work_id	W2588860316	none
1119	publication_component:citation:publication:doi:10.1016/j.bse.2017.02.004	requires_openalex_lookup	not_applicable							openalex	exact_work_id	W2593593154	none
1120	publication_component:citation:publication:doi:10.1016/j.bsheal.2024.03.001	requires_pubmed_lookup	missing							pubmed	exact_pmid_efetch	40078941	none
1121	publication_component:citation:publication:doi:10.1016/j.canlet.2021.11.011	requires_pubmed_lookup	missing							pubmed	exact_pmid_efetch	34780851	none
1122	publication_component:citation:publication:doi:10.1016/j.cbd.2008.11.001	requires_pubmed_lookup	missing							pubmed	exact_pmid_efetch	20403741	none
1123	publication_component:citation:publication:doi:10.1016/j.cbd.2008.12.002	requires_pubmed_lookup	missing							pubmed	exact_pmid_efetch	20403749	none
1124	publication_component:citation:publication:doi:10.1016/j.cbd.2012.07.001	requires_pubmed_lookup	missing							pubmed	exact_pmid_efetch	22841684	none
1125	publication_component:citation:publication:doi:10.1016/j.cbd.2012.12.004	requires_pubmed_lookup	missing							pubmed	exact_pmid_efetch	23321268	none
1126	publication_component:citation:publication:doi:10.1016/j.cbd.2013.06.002	requires_pubmed_lookup	missing							pubmed	exact_pmid_efetch	23831553	none
1127	publication_component:citation:publication:doi:10.1016/j.cbd.2017.11.002	requires_pubmed_lookup	missing							pubmed	exact_pmid_efetch	29145028	none
1128	publication_component:citation:publication:doi:10.1016/j.cbd.2018.03.003	requires_pubmed_lookup	missing							pubmed	exact_pmid_efetch	29626726	none
1129	publication_component:citation:publication:doi:10.1016/j.cbd.2018.06.002	requires_pubmed_lookup	missing							pubmed	exact_pmid_efetch	29940392	none
1130	publication_component:citation:publication:doi:10.1016/j.cbd.2019.100609	requires_pubmed_lookup	missing							pubmed	exact_pmid_efetch	31362144	none
1131	publication_component:citation:publication:doi:10.1016/j.cbd.2019.100615	requires_pubmed_lookup	missing							pubmed	exact_pmid_efetch	31419604	none
1132	publication_component:citation:publication:doi:10.1016/j.cbd.2021.100840	requires_pubmed_lookup	missing							pubmed	exact_pmid_efetch	34022525	none
1133	publication_component:citation:publication:doi:10.1016/j.cbd.2021.100910	requires_pubmed_lookup	missing							pubmed	exact_pmid_efetch	34509952	none
1134	publication_component:citation:publication:doi:10.1016/j.cbd.2022.100960	requires_pubmed_lookup	missing							pubmed	exact_pmid_efetch	35042124	none
1135	publication_component:citation:publication:doi:10.1016/j.cbd.2022.101045	requires_pubmed_lookup	missing							pubmed	exact_pmid_efetch	36470107	none
1136	publication_component:citation:publication:doi:10.1016/j.cbd.2023.101170	requires_pubmed_lookup	missing							pubmed	exact_pmid_efetch	38081109	none
1137	publication_component:citation:publication:doi:10.1016/j.cbd.2023.101174	requires_pubmed_lookup	missing							pubmed	exact_pmid_efetch	38096641	none
1138	publication_component:citation:publication:doi:10.1016/j.cbd.2023.101183	requires_pubmed_lookup	missing							pubmed	exact_pmid_efetch	38141370	none
1139	publication_component:citation:publication:doi:10.1016/j.cbd.2023.101187	requires_pubmed_lookup	missing							pubmed	exact_pmid_efetch	38183966	none
1140	publication_component:citation:publication:doi:10.1016/j.cbd.2025.101575	requires_pubmed_lookup	missing							pubmed	exact_pmid_efetch	40639099	none
1141	publication_component:citation:publication:doi:10.1016/j.cbd.2025.101611	requires_pubmed_lookup	missing							pubmed	exact_pmid_efetch	40845583	none
1142	publication_component:citation:publication:doi:10.1016/j.cbd.2026.101874	requires_pubmed_lookup	missing							pubmed	exact_pmid_efetch	42224754	none
1143	publication_component:citation:publication:doi:10.1016/j.cbd.2026.101890	requires_pubmed_lookup	missing							pubmed	exact_pmid_efetch	42229281	none
1144	publication_component:citation:publication:doi:10.1016/j.cbd.2026.101896	requires_pubmed_lookup	missing							pubmed	exact_pmid_efetch	42263459	none
1145	publication_component:citation:publication:doi:10.1016/j.cbd.2026.101991	requires_pubmed_lookup	missing							pubmed	exact_pmid_efetch	42679772	none
1146	publication_component:citation:publication:doi:10.1016/j.cbd.2026.102016	requires_pubmed_lookup	missing							pubmed	exact_pmid_efetch	42721520	none
1147	publication_component:citation:publication:doi:10.1016/j.cbpa.2011.03.005	requires_pubmed_lookup	missing							pubmed	exact_pmid_efetch	21470898	none
1148	publication_component:citation:publication:doi:10.1016/j.cbpa.2011.03.027	requires_pubmed_lookup	missing							pubmed	exact_pmid_efetch	21466856	none
1149	publication_component:citation:publication:doi:10.1016/j.cbpb.2009.05.009	requires_pubmed_lookup	missing							pubmed	exact_pmid_efetch	19454321	none
1150	publication_component:citation:publication:doi:10.1016/j.cbpb.2012.06.002	requires_pubmed_lookup	missing							pubmed	exact_pmid_efetch	22750399	none
1151	publication_component:citation:publication:doi:10.1016/j.cbpb.2015.11.007	requires_pubmed_lookup	missing							pubmed	exact_pmid_efetch	26627128	none
1152	publication_component:citation:publication:doi:10.1016/j.cbpb.2026.111283	requires_pubmed_lookup	missing							pubmed	exact_pmid_efetch	42700949	none
1153	publication_component:citation:publication:doi:10.1016/j.cdev.2021.203755	requires_pubmed_lookup	missing							pubmed	exact_pmid_efetch	34758403	none
1154	publication_component:citation:publication:doi:10.1016/j.cej.2026.176930	requires_openalex_lookup	not_applicable							openalex	exact_work_id	W7160045857	none
1155	publication_component:citation:publication:doi:10.1016/j.cell.2008.06.021	requires_pubmed_lookup	missing							pubmed	exact_pmid_efetch	18692465	none
1156	publication_component:citation:publication:doi:10.1016/j.cell.2011.09.052	requires_pubmed_lookup	missing							pubmed	exact_pmid_efetch	22118469	none
1157	publication_component:citation:publication:doi:10.1016/j.cell.2012.03.033	requires_pubmed_lookup	missing							pubmed	exact_pmid_efetch	22559943	none
1158	publication_component:citation:publication:doi:10.1016/j.cell.2014.07.047	requires_pubmed_lookup	missing							pubmed	exact_pmid_efetch	25175626	none
1159	publication_component:citation:publication:doi:10.1016/j.cell.2015.11.008	requires_pubmed_lookup	missing							pubmed	exact_pmid_efetch	26638078	none
1160	publication_component:citation:publication:doi:10.1016/j.cell.2016.06.020	requires_pubmed_lookup	missing							pubmed	exact_pmid_efetch	27426948	none
1161	publication_component:citation:publication:doi:10.1016/j.cell.2017.09.042	requires_pubmed_lookup	missing							pubmed	exact_pmid_efetch	29056346	none
1162	publication_component:citation:publication:doi:10.1016/j.cell.2018.02.058	requires_pubmed_lookup	missing							pubmed	exact_pmid_efetch	29551271	none
1163	publication_component:citation:publication:doi:10.1016/j.cell.2018.06.033	requires_pubmed_lookup	missing							pubmed	exact_pmid_efetch	30007417	none
1164	publication_component:citation:publication:doi:10.1016/j.cell.2019.06.004	requires_pubmed_lookup	missing							pubmed	exact_pmid_efetch	31257025	none
1165	publication_component:citation:publication:doi:10.1016/j.cell.2019.08.005	requires_pubmed_lookup	missing							pubmed	exact_pmid_efetch	31474372	none
1166	publication_component:citation:publication:doi:10.1016/j.cell.2019.10.019	requires_pubmed_lookup	missing							pubmed	exact_pmid_efetch	31730849	none
1167	publication_component:citation:publication:doi:10.1016/j.cell.2019.11.017	requires_pubmed_lookup	missing							pubmed	exact_pmid_efetch	31835036	none
1168	publication_component:citation:publication:doi:10.1016/j.cell.2020.04.019	requires_pubmed_lookup	missing							pubmed	exact_pmid_efetch	32442406	none
1169	publication_component:citation:publication:doi:10.1016/j.cell.2020.04.021	requires_pubmed_lookup	missing							pubmed	exact_pmid_efetch	32386545	none
1170	publication_component:citation:publication:doi:10.1016/j.cell.2020.05.035	requires_pubmed_lookup	missing							pubmed	exact_pmid_efetch	32559462	none
1171	publication_component:citation:publication:doi:10.1016/j.cell.2020.07.023	requires_pubmed_lookup	missing							pubmed	exact_pmid_efetch	32814014	none
1172	publication_component:citation:publication:doi:10.1016/j.cell.2020.08.052	requires_pubmed_lookup	missing							pubmed	exact_pmid_efetch	33007266	none
1173	publication_component:citation:publication:doi:10.1016/j.cell.2020.09.043	requires_pubmed_lookup	missing							pubmed	exact_pmid_efetch	33035453	none
1174	publication_component:citation:publication:doi:10.1016/j.cell.2020.10.049	requires_pubmed_lookup	missing							pubmed	exact_pmid_efetch	33248470	none
1175	publication_component:citation:publication:doi:10.1016/j.cell.2021.01.013	requires_pubmed_lookup	missing							pubmed	exact_pmid_efetch	33539781	none
1176	publication_component:citation:publication:doi:10.1016/j.cell.2021.01.046	requires_pubmed_lookup	missing							pubmed	exact_pmid_efetch	33545088	none
1177	publication_component:citation:publication:doi:10.1016/j.cell.2021.01.047	requires_pubmed_lookup	missing							pubmed	exact_pmid_efetch	33545087	none
1178	publication_component:citation:publication:doi:10.1016/j.cell.2021.03.061	requires_pubmed_lookup	missing							pubmed	exact_pmid_efetch	33891875	none
1179	publication_component:citation:publication:doi:10.1016/j.cell.2021.07.032	requires_pubmed_lookup	missing							pubmed	exact_pmid_efetch	34433011	none
1180	publication_component:citation:publication:doi:10.1016/j.cell.2021.07.037	requires_pubmed_lookup	missing							pubmed	exact_pmid_efetch	34433012	none
1181	publication_component:citation:publication:doi:10.1016/j.cell.2021.12.006	requires_pubmed_lookup	missing							pubmed	exact_pmid_efetch	34965378	none
1182	publication_component:citation:publication:doi:10.1016/j.cell.2021.12.027	requires_pubmed_lookup	missing							pubmed	exact_pmid_efetch	35051367	none
1183	publication_component:citation:publication:doi:10.1016/j.cell.2022.09.022	requires_pubmed_lookup	missing							pubmed	exact_pmid_efetch	36182704	none
1184	publication_component:citation:publication:doi:10.1016/j.cell.2023.01.011	requires_pubmed_lookup	missing							pubmed	exact_pmid_efetch	36812912	none
1185	publication_component:citation:publication:doi:10.1016/j.cell.2023.04.008	requires_pubmed_lookup	missing							pubmed	exact_pmid_efetch	37146612	none
1186	publication_component:citation:publication:doi:10.1016/j.cell.2023.05.030	requires_pubmed_lookup	missing							pubmed	exact_pmid_efetch	37339633	none
1187	publication_component:citation:publication:doi:10.1016/j.cell.2023.05.043	requires_pubmed_lookup	missing							pubmed	exact_pmid_efetch	37343560	none
1188	publication_component:citation:publication:doi:10.1016/j.cell.2023.06.001	requires_pubmed_lookup	missing							pubmed	exact_pmid_efetch	37413988	none
1189	publication_component:citation:publication:doi:10.1016/j.cell.2023.07.003	requires_pubmed_lookup	missing							pubmed	exact_pmid_efetch	37562403	none
1190	publication_component:citation:publication:doi:10.1016/j.cell.2023.09.022	requires_pubmed_lookup	missing							pubmed	exact_pmid_efetch	37875109	none
1191	publication_component:citation:publication:doi:10.1016/j.cell.2023.11.024	requires_pubmed_lookup	missing							pubmed	exact_pmid_efetch	38101407	none
1192	publication_component:citation:publication:doi:10.1016/j.cell.2024.01.052	requires_pubmed_lookup	missing							pubmed	exact_pmid_efetch	38428424	none
1193	publication_component:citation:publication:doi:10.1016/j.cell.2024.02.003	requires_pubmed_lookup	missing							pubmed	exact_pmid_efetch	38428425	none
1194	publication_component:citation:publication:doi:10.1016/j.cell.2024.04.048	requires_pubmed_lookup	missing							pubmed	exact_pmid_efetch	38810644	none
1195	publication_component:citation:publication:doi:10.1016/j.cell.2024.05.012	requires_pubmed_lookup	missing							pubmed	exact_pmid_efetch	38889727	none
1196	publication_component:citation:publication:doi:10.1016/j.cell.2024.08.010	requires_pubmed_lookup	missing							pubmed	exact_pmid_efetch	39303692	none
1197	publication_component:citation:publication:doi:10.1016/j.cell.2024.09.009	requires_pubmed_lookup	missing							pubmed	exact_pmid_efetch	39332413	none
1198	publication_component:citation:publication:doi:10.1016/j.cell.2024.10.003	requires_pubmed_lookup	missing							pubmed	exact_pmid_efetch	39471811	none
1199	publication_component:citation:publication:doi:10.1016/j.cell.2024.10.005	requires_pubmed_lookup	missing							pubmed	exact_pmid_efetch	39476840	none
1200	publication_component:citation:publication:doi:10.1016/j.cell.2024.10.049	requires_pubmed_lookup	missing							pubmed	exact_pmid_efetch	39571576	none
1201	publication_component:citation:publication:doi:10.1016/j.cell.2024.12.001	requires_pubmed_lookup	missing							pubmed	exact_pmid_efetch	39753131	none
1202	publication_component:citation:publication:doi:10.1016/j.cell.2025.01.002	requires_pubmed_lookup	missing							pubmed	exact_pmid_efetch	40054449	none
1203	publication_component:citation:publication:doi:10.1016/j.cell.2025.01.023	requires_pubmed_lookup	missing							pubmed	exact_pmid_efetch	39952246	none
1204	publication_component:citation:publication:doi:10.1016/j.cell.2025.01.030	requires_pubmed_lookup	missing							pubmed	exact_pmid_efetch	40054448	none
1205	publication_component:citation:publication:doi:10.1016/j.cell.2025.06.034	requires_pubmed_lookup	missing							pubmed	exact_pmid_efetch	40749684	none
1206	publication_component:citation:publication:doi:10.1016/j.cell.2025.06.037	requires_pubmed_lookup	missing							pubmed	exact_pmid_efetch	40695280	none
1207	publication_component:citation:publication:doi:10.1016/j.cell.2025.07.029	requires_pubmed_lookup	missing							pubmed	exact_pmid_efetch	40795857	none
1208	publication_component:citation:publication:doi:10.1016/j.cell.2025.07.036	requires_pubmed_lookup	missing							pubmed	exact_pmid_efetch	40829588	none
1209	publication_component:citation:publication:doi:10.1016/j.cell.2025.08.011	requires_pubmed_lookup	missing							pubmed	exact_pmid_efetch	40902596	none
1210	publication_component:citation:publication:doi:10.1016/j.cell.2025.09.005	requires_pubmed_lookup	missing							pubmed	exact_pmid_efetch	41033311	none
1211	publication_component:citation:publication:doi:10.1016/j.cell.2025.12.041	requires_pubmed_lookup	missing							pubmed	exact_pmid_efetch	41650968	none
1212	publication_component:citation:publication:doi:10.1016/j.cell.2026.02.006	requires_pubmed_lookup	missing							pubmed	exact_pmid_efetch	41794027	none
1213	publication_component:citation:publication:doi:10.1016/j.cell.2026.03.046	requires_pubmed_lookup	missing							pubmed	exact_pmid_efetch	42013838	none
1214	publication_component:citation:publication:doi:10.1016/j.cell.2026.04.008	requires_pubmed_lookup	missing							pubmed	exact_pmid_efetch	42105759	none
1215	publication_component:citation:publication:doi:10.1016/j.cellsig.2020.109601	requires_pubmed_lookup	missing							pubmed	exact_pmid_efetch	32184196	none
1216	publication_component:citation:publication:doi:10.1016/j.celrep.2012.06.022	requires_pubmed_lookup	missing							pubmed	exact_pmid_efetch	22938865	none
1217	publication_component:citation:publication:doi:10.1016/j.celrep.2012.09.017	requires_pubmed_lookup	missing							pubmed	exact_pmid_efetch	23103169	none
1218	publication_component:citation:publication:doi:10.1016/j.celrep.2014.04.038	requires_pubmed_lookup	missing							pubmed	exact_pmid_efetch	24835989	none
1219	publication_component:citation:publication:doi:10.1016/j.celrep.2014.12.008	requires_pubmed_lookup	missing							pubmed	exact_pmid_efetch	25565328	none
1220	publication_component:citation:publication:doi:10.1016/j.celrep.2015.01.026	requires_pubmed_lookup	missing							pubmed	exact_pmid_efetch	25683714	none
1221	publication_component:citation:publication:doi:10.1016/j.celrep.2019.02.018	requires_pubmed_lookup	missing							pubmed	exact_pmid_efetch	30811993	none
1222	publication_component:citation:publication:doi:10.1016/j.celrep.2020.108602	requires_pubmed_lookup	missing							pubmed	exact_pmid_efetch	33440154	none
1223	publication_component:citation:publication:doi:10.1016/j.celrep.2021.109940	requires_pubmed_lookup	missing							pubmed	exact_pmid_efetch	34731636	none
1224	publication_component:citation:publication:doi:10.1016/j.celrep.2022.110726	requires_pubmed_lookup	missing							pubmed	exact_pmid_efetch	35476992	none
1225	publication_component:citation:publication:doi:10.1016/j.celrep.2022.111009	requires_pubmed_lookup	missing							pubmed	exact_pmid_efetch	35732171	none
1226	publication_component:citation:publication:doi:10.1016/j.celrep.2022.111079	requires_pubmed_lookup	missing							pubmed	exact_pmid_efetch	35830808	none
1227	publication_component:citation:publication:doi:10.1016/j.celrep.2022.111236	requires_pubmed_lookup	missing							pubmed	exact_pmid_efetch	35977487	none
1228	publication_component:citation:publication:doi:10.1016/j.celrep.2022.111287	requires_pubmed_lookup	missing							pubmed	exact_pmid_efetch	36044840	none
1229	publication_component:citation:publication:doi:10.1016/j.celrep.2022.111808	requires_pubmed_lookup	missing							pubmed	exact_pmid_efetch	36543139	none
1230	publication_component:citation:publication:doi:10.1016/j.celrep.2023.112158	requires_pubmed_lookup	missing							pubmed	exact_pmid_efetch	36827180	none
1231	publication_component:citation:publication:doi:10.1016/j.celrep.2023.112263	requires_pubmed_lookup	missing							pubmed	exact_pmid_efetch	36930644	none
1232	publication_component:citation:publication:doi:10.1016/j.celrep.2024.113723	requires_pubmed_lookup	missing							pubmed	exact_pmid_efetch	38300801	none
1233	publication_component:citation:publication:doi:10.1016/j.celrep.2024.113725	requires_pubmed_lookup	missing							pubmed	exact_pmid_efetch	38300800	none
1234	publication_component:citation:publication:doi:10.1016/j.celrep.2024.114479	requires_pubmed_lookup	missing							pubmed	exact_pmid_efetch	39003741	none
1235	publication_component:citation:publication:doi:10.1016/j.celrep.2024.114745	requires_pubmed_lookup	missing							pubmed	exact_pmid_efetch	39298317	none
1236	publication_component:citation:publication:doi:10.1016/j.celrep.2024.114902	requires_pubmed_lookup	missing							pubmed	exact_pmid_efetch	39489937	none
1237	publication_component:citation:publication:doi:10.1016/j.celrep.2024.114939	requires_pubmed_lookup	missing							pubmed	exact_pmid_efetch	39509270	none
1238	publication_component:citation:publication:doi:10.1016/j.celrep.2024.115067	requires_pubmed_lookup	missing							pubmed	exact_pmid_efetch	39673707	none
1239	publication_component:citation:publication:doi:10.1016/j.celrep.2025.115640	requires_pubmed_lookup	missing							pubmed	exact_pmid_efetch	40310719	none
1240	publication_component:citation:publication:doi:10.1016/j.celrep.2025.116007	requires_pubmed_lookup	missing							pubmed	exact_pmid_efetch	40679911	none
1241	publication_component:citation:publication:doi:10.1016/j.celrep.2025.116055	requires_pubmed_lookup	missing							pubmed	exact_pmid_efetch	40711879	none
1242	publication_component:citation:publication:doi:10.1016/j.celrep.2025.116110	requires_pubmed_lookup	missing							pubmed	exact_pmid_efetch	40782350	none
1243	publication_component:citation:publication:doi:10.1016/j.celrep.2025.116218	requires_pubmed_lookup	missing							pubmed	exact_pmid_efetch	40928943	none
1244	publication_component:citation:publication:doi:10.1016/j.celrep.2025.116220	requires_pubmed_lookup	missing							pubmed	exact_pmid_efetch	40934083	none
1245	publication_component:citation:publication:doi:10.1016/j.celrep.2025.116635	requires_pubmed_lookup	missing							pubmed	exact_pmid_efetch	41296564	none
1246	publication_component:citation:publication:doi:10.1016/j.celrep.2025.116844	requires_pubmed_lookup	missing							pubmed	exact_pmid_efetch	41546866	none
1247	publication_component:citation:publication:doi:10.1016/j.celrep.2026.116988	requires_pubmed_lookup	missing							pubmed	exact_pmid_efetch	41689805	none
1248	publication_component:citation:publication:doi:10.1016/j.celrep.2026.117007	requires_pubmed_lookup	missing							pubmed	exact_pmid_efetch	41719129	none
1249	publication_component:citation:publication:doi:10.1016/j.celrep.2026.117037	requires_pubmed_lookup	missing							pubmed	exact_pmid_efetch	41758653	none
1250	publication_component:citation:publication:doi:10.1016/j.celrep.2026.117359	requires_pubmed_lookup	missing							pubmed	exact_pmid_efetch	42090291	none
1251	publication_component:citation:publication:doi:10.1016/j.celrep.2026.117494	requires_pubmed_lookup	missing							pubmed	exact_pmid_efetch	42241280	none
1252	publication_component:citation:publication:doi:10.1016/j.celrep.2026.117566	requires_pubmed_lookup	missing							pubmed	exact_pmid_efetch	42319826	none
1253	publication_component:citation:publication:doi:10.1016/j.cels.2018.08.008	requires_pubmed_lookup	missing							pubmed	exact_pmid_efetch	30243563	none
1254	publication_component:citation:publication:doi:10.1016/j.cels.2022.07.005	requires_pubmed_lookup	missing							pubmed	exact_pmid_efetch	36265470	none
1255	publication_component:citation:publication:doi:10.1016/j.cels.2024.05.005	requires_pubmed_lookup	missing							pubmed	exact_pmid_efetch	38861992	none
1256	publication_component:citation:publication:doi:10.1016/j.cels.2025.101202	requires_pubmed_lookup	missing							pubmed	exact_pmid_efetch	40023148	none
1257	publication_component:citation:publication:doi:10.1016/j.cels.2025.101244	requires_pubmed_lookup	missing							pubmed	exact_pmid_efetch	40174588	none
1258	publication_component:citation:publication:doi:10.1016/j.checat.2022.09.026	requires_openalex_lookup	not_applicable							openalex	exact_work_id	W4304698302	none
1259	publication_component:citation:publication:doi:10.1016/j.chembiol.2016.05.009	requires_pubmed_lookup	missing							pubmed	exact_pmid_efetch	27291401	none
1260	publication_component:citation:publication:doi:10.1016/j.chemolab.2016.05.012	requires_openalex_lookup	not_applicable							openalex	exact_work_id	W2402843381	none
1261	publication_component:citation:publication:doi:10.1016/j.chemosphere.2019.124968	requires_pubmed_lookup	missing							pubmed	exact_pmid_efetch	31606578	none
1262	publication_component:citation:publication:doi:10.1016/j.chom.2012.01.007	requires_pubmed_lookup	missing							pubmed	exact_pmid_efetch	22305291	none
1263	publication_component:citation:publication:doi:10.1016/j.chom.2012.09.005	requires_pubmed_lookup	missing							pubmed	exact_pmid_efetch	23084925	none
1264	publication_component:citation:publication:doi:10.1016/j.chom.2015.10.008	requires_pubmed_lookup	missing							pubmed	exact_pmid_efetch	26607161	none
1265	publication_component:citation:publication:doi:10.1016/j.chom.2018.07.004	requires_pubmed_lookup	missing							pubmed	exact_pmid_efetch	30092200	none
1266	publication_component:citation:publication:doi:10.1016/j.chom.2020.01.008	requires_pubmed_lookup	missing							pubmed	exact_pmid_efetch	32075743	none
1267	publication_component:citation:publication:doi:10.1016/j.chom.2020.09.014	requires_pubmed_lookup	missing							pubmed	exact_pmid_efetch	33113352	none
1268	publication_component:citation:publication:doi:10.1016/j.chom.2020.10.011	requires_pubmed_lookup	missing							pubmed	exact_pmid_efetch	33212020	none
1269	publication_component:citation:publication:doi:10.1016/j.chom.2021.07.005	requires_pubmed_lookup	missing							pubmed	exact_pmid_efetch	34358433	none
1270	publication_component:citation:publication:doi:10.1016/j.chom.2021.12.010	requires_pubmed_lookup	missing							pubmed	exact_pmid_efetch	34973165	none
1271	publication_component:citation:publication:doi:10.1016/j.chom.2022.03.018	requires_pubmed_lookup	missing							pubmed	exact_pmid_efetch	35364015	none
1272	publication_component:citation:publication:doi:10.1016/j.chom.2022.07.006	requires_pubmed_lookup	missing							pubmed	exact_pmid_efetch	35931073	none
1273	publication_component:citation:publication:doi:10.1016/j.chom.2023.06.016	requires_pubmed_lookup	missing							pubmed	exact_pmid_efetch	37490912	none
1274	publication_component:citation:publication:doi:10.1016/j.chom.2023.09.012	requires_pubmed_lookup	missing							pubmed	exact_pmid_efetch	37883977	none
1275	publication_component:citation:publication:doi:10.1016/j.chom.2025.10.020	requires_pubmed_lookup	missing							pubmed	exact_pmid_efetch	41270733	none
1276	publication_component:citation:publication:doi:10.1016/j.chom.2026.04.006	requires_pubmed_lookup	missing							pubmed	exact_pmid_efetch	42097142	none
1277	publication_component:citation:publication:doi:10.1016/j.clnu.2023.03.010	requires_pubmed_lookup	missing							pubmed	exact_pmid_efetch	36965196	none
1278	publication_component:citation:publication:doi:10.1016/j.cmi.2017.12.024	requires_pubmed_lookup	missing							pubmed	exact_pmid_efetch	29326010	none
1279	publication_component:citation:publication:doi:10.1016/j.cmi.2019.09.008	requires_pubmed_lookup	missing							pubmed	exact_pmid_efetch	31536818	none
1280	publication_component:citation:publication:doi:10.1016/j.cmi.2023.07.011	requires_pubmed_lookup	missing							pubmed	exact_pmid_efetch	37507009	none
1281	publication_component:citation:publication:doi:10.1016/j.cmi.2025.10.002	requires_pubmed_lookup	missing							pubmed	exact_pmid_efetch	41083104	none
1282	publication_component:citation:publication:doi:10.1016/j.cofs.2016.04.004	requires_openalex_lookup	not_applicable							openalex	exact_work_id	W2343683244	none
1283	publication_component:citation:publication:doi:10.1016/j.compbiolchem.2011.08.001	requires_pubmed_lookup	missing							pubmed	exact_pmid_efetch	22000803	none
1284	publication_component:citation:publication:doi:10.1016/j.compbiolchem.2011.12.002	requires_pubmed_lookup	missing							pubmed	exact_pmid_efetch	22261151	none
1285	publication_component:citation:publication:doi:10.1016/j.compbiolchem.2014.09.001	requires_pubmed_lookup	missing							pubmed	exact_pmid_efetch	25215651	none
1286	publication_component:citation:publication:doi:10.1016/j.compbiolchem.2017.11.002	requires_pubmed_lookup	missing							pubmed	exact_pmid_efetch	29413813	none
1287	publication_component:citation:publication:doi:10.1016/j.compbiolchem.2018.11.019	requires_pubmed_lookup	missing							pubmed	exact_pmid_efetch	30530297	none
1288	publication_component:citation:publication:doi:10.1016/j.compbiolchem.2019.02.009	requires_pubmed_lookup	missing							pubmed	exact_pmid_efetch	30851618	none
1289	publication_component:citation:publication:doi:10.1016/j.compbiolchem.2019.04.013	requires_pubmed_lookup	missing							pubmed	exact_pmid_efetch	31082717	none
1290	publication_component:citation:publication:doi:10.1016/j.compbiolchem.2019.107110	requires_pubmed_lookup	missing							pubmed	exact_pmid_efetch	31445418	none
1291	publication_component:citation:publication:doi:10.1016/j.compbiolchem.2025.108751	requires_pubmed_lookup	missing							pubmed	exact_pmid_efetch	41172604	none
1292	publication_component:citation:publication:doi:10.1016/j.compbiolchem.2025.108840	requires_pubmed_lookup	missing							pubmed	exact_pmid_efetch	41389578	none
1293	publication_component:citation:publication:doi:10.1016/j.compbiomed.2022.106522	requires_pubmed_lookup	missing							pubmed	exact_pmid_efetch	36638615	none
1294	publication_component:citation:publication:doi:10.1016/j.cophys.2020.06.011	requires_openalex_lookup	not_applicable							openalex	exact_work_id	W3039852777	none
1295	publication_component:citation:publication:doi:10.1016/j.coviro.2018.08.009	requires_pubmed_lookup	missing							pubmed	exact_pmid_efetch	30248578	none
1296	publication_component:citation:publication:doi:10.1016/j.coviro.2021.09.009	requires_pubmed_lookup	missing							pubmed	exact_pmid_efetch	34597873	none
1297	publication_component:citation:publication:doi:10.1016/j.coviro.2022.101202	requires_pubmed_lookup	missing							pubmed	exact_pmid_efetch	35124511	none
1298	publication_component:citation:publication:doi:10.1016/j.cpb.2014.08.002	requires_openalex_lookup	not_applicable							openalex	exact_work_id	W1971023789	none
1299	publication_component:citation:publication:doi:10.1016/j.cpb.2026.100602	requires_openalex_lookup	not_applicable							openalex	exact_work_id	W7135041093	none
1300	publication_component:citation:publication:doi:10.1016/j.crfs.2023.100631	requires_pubmed_lookup	missing							pubmed	exact_pmid_efetch	38021263	none
1301	publication_component:citation:publication:doi:10.1016/j.crmicr.2025.100406	requires_pubmed_lookup	missing							pubmed	exact_pmid_efetch	40510237	none
1302	publication_component:citation:publication:doi:10.1016/j.crmicr.2026.100563	requires_pubmed_lookup	missing							pubmed	exact_pmid_efetch	41732697	none
1303	publication_component:citation:publication:doi:10.1016/j.crpv.2013.07.003	requires_openalex_lookup	not_applicable							openalex	exact_work_id	W2071717427	none
1304	publication_component:citation:publication:doi:10.1016/j.crvi.2018.06.005	requires_pubmed_lookup	missing							pubmed	exact_pmid_efetch	30032779	none
1305	publication_component:citation:publication:doi:10.1016/j.csag.2025.100052	requires_openalex_lookup	not_applicable							openalex	exact_work_id	W4409157637	none
1306	publication_component:citation:publication:doi:10.1016/j.csbj.2017.05.002	requires_pubmed_lookup	missing							pubmed	exact_pmid_efetch	28652896	none
1307	publication_component:citation:publication:doi:10.1016/j.csbj.2020.02.009	requires_pubmed_lookup	missing							pubmed	exact_pmid_efetch	32180906	none
1308	publication_component:citation:publication:doi:10.1016/j.csbj.2020.03.022	requires_pubmed_lookup	missing							pubmed	exact_pmid_efetch	32280432	none
1309	publication_component:citation:publication:doi:10.1016/j.csbj.2020.10.040	requires_pubmed_lookup	missing							pubmed	exact_pmid_efetch	33335692	none
1310	publication_component:citation:publication:doi:10.1016/j.csbj.2021.07.006	requires_pubmed_lookup	missing							pubmed	exact_pmid_efetch	34377362	none
1311	publication_component:citation:publication:doi:10.1016/j.csbj.2021.08.038	requires_pubmed_lookup	missing							pubmed	exact_pmid_efetch	34527199	none
1312	publication_component:citation:publication:doi:10.1016/j.csbj.2022.01.030	requires_pubmed_lookup	missing							pubmed	exact_pmid_efetch	35242291	none
1313	publication_component:citation:publication:doi:10.1016/j.csbj.2022.05.011	requires_pubmed_lookup	missing							pubmed	exact_pmid_efetch	35574268	none
1314	publication_component:citation:publication:doi:10.1016/j.csbj.2024.05.048	requires_pubmed_lookup	missing							pubmed	exact_pmid_efetch	38882676	none
1315	publication_component:citation:publication:doi:10.1016/j.csbj.2024.07.022	requires_pubmed_lookup	missing							pubmed	exact_pmid_efetch	39234301	none
1316	publication_component:citation:publication:doi:10.1016/j.csbj.2025.03.044	requires_pubmed_lookup	missing							pubmed	exact_pmid_efetch	40235636	none
1317	publication_component:citation:publication:doi:10.1016/j.csda.2014.01.008	requires_openalex_lookup	not_applicable							openalex	exact_work_id	W2146180665	none
1318	publication_component:citation:publication:doi:10.1016/j.cstres.2024.10.004	requires_pubmed_lookup	missing							pubmed	exact_pmid_efetch	39426497	none
1319	publication_component:citation:publication:doi:10.1016/j.cub.2009.09.022	requires_pubmed_lookup	missing							pubmed	exact_pmid_efetch	19879144	none
1320	publication_component:citation:publication:doi:10.1016/j.cub.2010.11.013	requires_pubmed_lookup	missing							pubmed	exact_pmid_efetch	21093267	none
1321	publication_component:citation:publication:doi:10.1016/j.cub.2011.05.013	requires_pubmed_lookup	missing							pubmed	exact_pmid_efetch	21636278	none
1322	publication_component:citation:publication:doi:10.1016/j.cub.2011.05.058	requires_pubmed_lookup	missing							pubmed	exact_pmid_efetch	21737280	none
1323	publication_component:citation:publication:doi:10.1016/j.cub.2011.07.045	requires_pubmed_lookup	missing							pubmed	exact_pmid_efetch	21889890	none
1324	publication_component:citation:publication:doi:10.1016/j.cub.2013.09.014	requires_pubmed_lookup	missing							pubmed	exact_pmid_efetch	24184098	none
1325	publication_component:citation:publication:doi:10.1016/j.cub.2014.01.041	requires_pubmed_lookup	missing							pubmed	exact_pmid_efetch	24583016	none
1326	publication_component:citation:publication:doi:10.1016/j.cub.2014.07.042	requires_pubmed_lookup	missing							pubmed	exact_pmid_efetch	25176635	none
1327	publication_component:citation:publication:doi:10.1016/j.cub.2015.04.059	requires_pubmed_lookup	missing							pubmed	exact_pmid_efetch	26051890	none
1328	publication_component:citation:publication:doi:10.1016/j.cub.2015.09.066	requires_pubmed_lookup	missing							pubmed	exact_pmid_efetch	26603774	none
1329	publication_component:citation:publication:doi:10.1016/j.cub.2015.10.015	requires_pubmed_lookup	missing							pubmed	exact_pmid_efetch	26583898	none
1330	publication_component:citation:publication:doi:10.1016/j.cub.2016.04.018	requires_pubmed_lookup	missing							pubmed	exact_pmid_efetch	27212404	none
1331	publication_component:citation:publication:doi:10.1016/j.cub.2016.07.036	requires_pubmed_lookup	missing							pubmed	exact_pmid_efetch	27618261	none
1332	publication_component:citation:publication:doi:10.1016/j.cub.2018.03.027	requires_pubmed_lookup	missing							pubmed	exact_pmid_efetch	29706511	none
1333	publication_component:citation:publication:doi:10.1016/j.cub.2018.03.067	requires_pubmed_lookup	missing							pubmed	exact_pmid_efetch	29731307	none
1334	publication_component:citation:publication:doi:10.1016/j.cub.2018.08.061	requires_pubmed_lookup	missing							pubmed	exact_pmid_efetch	30344117	none
1335	publication_component:citation:publication:doi:10.1016/j.cub.2019.01.080	requires_pubmed_lookup	missing							pubmed	exact_pmid_efetch	30880010	none
1336	publication_component:citation:publication:doi:10.1016/j.cub.2019.05.060	requires_pubmed_lookup	missing							pubmed	exact_pmid_efetch	31231053	none
1337	publication_component:citation:publication:doi:10.1016/j.cub.2019.07.059	requires_pubmed_lookup	missing							pubmed	exact_pmid_efetch	31495580	none
1338	publication_component:citation:publication:doi:10.1016/j.cub.2019.07.086	requires_pubmed_lookup	missing							pubmed	exact_pmid_efetch	31522940	none
1339	publication_component:citation:publication:doi:10.1016/j.cub.2020.03.011	requires_pubmed_lookup	missing							pubmed	exact_pmid_efetch	32243856	none
1340	publication_component:citation:publication:doi:10.1016/j.cub.2020.04.061	requires_pubmed_lookup	missing							pubmed	exact_pmid_efetch	32470360	none
1341	publication_component:citation:publication:doi:10.1016/j.cub.2020.04.071	requires_pubmed_lookup	missing							pubmed	exact_pmid_efetch	32502407	none
1342	publication_component:citation:publication:doi:10.1016/j.cub.2020.06.029	requires_pubmed_lookup	missing							pubmed	exact_pmid_efetch	32619486	none
1343	publication_component:citation:publication:doi:10.1016/j.cub.2020.07.034	requires_pubmed_lookup	missing							pubmed	exact_pmid_efetch	32763167	none
1344	publication_component:citation:publication:doi:10.1016/j.cub.2020.09.051	requires_pubmed_lookup	missing							pubmed	exact_pmid_efetch	33065008	none
1345	publication_component:citation:publication:doi:10.1016/j.cub.2020.12.045	requires_pubmed_lookup	missing							pubmed	exact_pmid_efetch	33485466	none
1346	publication_component:citation:publication:doi:10.1016/j.cub.2020.12.049	requires_pubmed_lookup	missing							pubmed	exact_pmid_efetch	33513352	none
1347	publication_component:citation:publication:doi:10.1016/j.cub.2021.01.047	requires_pubmed_lookup	missing							pubmed	exact_pmid_efetch	33571437	none
1348	publication_component:citation:publication:doi:10.1016/j.cub.2021.01.104	requires_pubmed_lookup	missing							pubmed	exact_pmid_efetch	33657407	none
1349	publication_component:citation:publication:doi:10.1016/j.cub.2021.02.008	requires_pubmed_lookup	missing							pubmed	exact_pmid_efetch	33657405	none
1350	publication_component:citation:publication:doi:10.1016/j.cub.2021.02.057	requires_pubmed_lookup	missing							pubmed	exact_pmid_efetch	33798433	none
1351	publication_component:citation:publication:doi:10.1016/j.cub.2021.03.089	requires_pubmed_lookup	missing							pubmed	exact_pmid_efetch	33887183	none
1352	publication_component:citation:publication:doi:10.1016/j.cub.2021.04.027	requires_pubmed_lookup	missing							pubmed	exact_pmid_efetch	33878301	none
1353	publication_component:citation:publication:doi:10.1016/j.cub.2021.04.050	requires_pubmed_lookup	missing							pubmed	exact_pmid_efetch	34015249	none
1354	publication_component:citation:publication:doi:10.1016/j.cub.2021.06.062	requires_pubmed_lookup	missing							pubmed	exact_pmid_efetch	34314676	none
1355	publication_component:citation:publication:doi:10.1016/j.cub.2021.08.018	requires_pubmed_lookup	missing							pubmed	exact_pmid_efetch	34478643	none
1356	publication_component:citation:publication:doi:10.1016/j.cub.2021.10.052	requires_pubmed_lookup	missing							pubmed	exact_pmid_efetch	34788634	none
1357	publication_component:citation:publication:doi:10.1016/j.cub.2021.11.047	requires_pubmed_lookup	missing							pubmed	exact_pmid_efetch	34883046	none
1358	publication_component:citation:publication:doi:10.1016/j.cub.2022.02.018	requires_pubmed_lookup	missing							pubmed	exact_pmid_efetch	35245459	none
1359	publication_component:citation:publication:doi:10.1016/j.cub.2022.02.027	requires_pubmed_lookup	missing							pubmed	exact_pmid_efetch	35271794	none
1360	publication_component:citation:publication:doi:10.1016/j.cub.2022.05.001	requires_pubmed_lookup	missing							pubmed	exact_pmid_efetch	35623348	none
1361	publication_component:citation:publication:doi:10.1016/j.cub.2022.05.009	requires_pubmed_lookup	missing							pubmed	exact_pmid_efetch	35643081	none
1362	publication_component:citation:publication:doi:10.1016/j.cub.2022.07.059	requires_pubmed_lookup	missing							pubmed	exact_pmid_efetch	35985327	none
1363	publication_component:citation:publication:doi:10.1016/j.cub.2022.08.021	requires_pubmed_lookup	missing							pubmed	exact_pmid_efetch	36057260	none
1364	publication_component:citation:publication:doi:10.1016/j.cub.2022.11.049	requires_pubmed_lookup	missing							pubmed	exact_pmid_efetch	36549299	none
1365	publication_component:citation:publication:doi:10.1016/j.cub.2023.05.003	requires_pubmed_lookup	missing							pubmed	exact_pmid_efetch	37224809	none
1366	publication_component:citation:publication:doi:10.1016/j.cub.2023.05.046	requires_pubmed_lookup	missing							pubmed	exact_pmid_efetch	37290443	none
1367	publication_component:citation:publication:doi:10.1016/j.cub.2023.10.055	requires_pubmed_lookup	missing							pubmed	exact_pmid_efetch	37977138	none
1368	publication_component:citation:publication:doi:10.1016/j.cub.2023.10.059	requires_pubmed_lookup	missing							pubmed	exact_pmid_efetch	38052161	none
1369	publication_component:citation:publication:doi:10.1016/j.cub.2023.10.063	requires_pubmed_lookup	missing							pubmed	exact_pmid_efetch	37989309	none
1370	publication_component:citation:publication:doi:10.1016/j.cub.2024.01.034	requires_pubmed_lookup	missing							pubmed	exact_pmid_efetch	38309271	none
1371	publication_component:citation:publication:doi:10.1016/j.cub.2024.02.002	requires_pubmed_lookup	missing							pubmed	exact_pmid_efetch	38417444	none
1372	publication_component:citation:publication:doi:10.1016/j.cub.2024.03.029	requires_pubmed_lookup	missing							pubmed	exact_pmid_efetch	38626764	none
1373	publication_component:citation:publication:doi:10.1016/j.cub.2024.05.022	requires_pubmed_lookup	missing							pubmed	exact_pmid_efetch	38851184	none
1374	publication_component:citation:publication:doi:10.1016/j.cub.2024.06.080	requires_pubmed_lookup	missing							pubmed	exact_pmid_efetch	39067451	none
1375	publication_component:citation:publication:doi:10.1016/j.cub.2024.07.010	requires_pubmed_lookup	missing							pubmed	exact_pmid_efetch	39079534	none
1376	publication_component:citation:publication:doi:10.1016/j.cub.2024.08.009	requires_pubmed_lookup	missing							pubmed	exact_pmid_efetch	39260362	none
1377	publication_component:citation:publication:doi:10.1016/j.cub.2024.08.053	requires_pubmed_lookup	missing							pubmed	exact_pmid_efetch	39326413	none
1378	publication_component:citation:publication:doi:10.1016/j.cub.2024.09.027	requires_pubmed_lookup	missing							pubmed	exact_pmid_efetch	39395416	none
1379	publication_component:citation:publication:doi:10.1016/j.cub.2024.09.084	requires_pubmed_lookup	missing							pubmed	exact_pmid_efetch	39442516	none
1380	publication_component:citation:publication:doi:10.1016/j.cub.2025.01.017	requires_pubmed_lookup	missing							pubmed	exact_pmid_efetch	39947176	none
1381	publication_component:citation:publication:doi:10.1016/j.cub.2025.04.032	requires_pubmed_lookup	missing							pubmed	exact_pmid_efetch	40334664	none
1382	publication_component:citation:publication:doi:10.1016/j.cub.2025.04.044	requires_pubmed_lookup	missing							pubmed	exact_pmid_efetch	40345196	none
1383	publication_component:citation:publication:doi:10.1016/j.cub.2025.05.050	requires_pubmed_lookup	missing							pubmed	exact_pmid_efetch	40920645	none
1384	publication_component:citation:publication:doi:10.1016/j.cub.2025.08.032	requires_pubmed_lookup	missing							pubmed	exact_pmid_efetch	40934916	none
1385	publication_component:citation:publication:doi:10.1016/j.cub.2025.08.046	requires_pubmed_lookup	missing							pubmed	exact_pmid_efetch	40967205	none
1386	publication_component:citation:publication:doi:10.1016/j.cub.2025.12.003	requires_pubmed_lookup	missing							pubmed	exact_pmid_efetch	41512853	none
1387	publication_component:citation:publication:doi:10.1016/j.cub.2026.02.038	requires_pubmed_lookup	missing							pubmed	exact_pmid_efetch	41856103	none
1388	publication_component:citation:publication:doi:10.1016/j.cub.2026.03.075	requires_pubmed_lookup	missing							pubmed	exact_pmid_efetch	42034058	none
1389	publication_component:citation:publication:doi:10.1016/j.cub.2026.04.024	requires_pubmed_lookup	missing							pubmed	exact_pmid_efetch	42092357	none
1390	publication_component:citation:publication:doi:10.1016/j.cub.2026.04.065	requires_pubmed_lookup	missing							pubmed	exact_pmid_efetch	42190658	none
1391	publication_component:citation:publication:doi:10.1016/j.cub.2026.05.021	requires_pubmed_lookup	missing							pubmed	exact_pmid_efetch	42269612	none
1392	publication_component:citation:publication:doi:10.1016/j.cub.2026.05.035	requires_pubmed_lookup	missing							pubmed	exact_pmid_efetch	42285097	none
1393	publication_component:citation:publication:doi:10.1016/j.cub.2026.06.051	requires_pubmed_lookup	missing							pubmed	exact_pmid_efetch	42447863	none
1394	publication_component:citation:publication:doi:10.1016/j.cub.2026.06.065	requires_pubmed_lookup	missing							pubmed	exact_pmid_efetch	42456660	none
1395	publication_component:citation:publication:doi:10.1016/j.cub.2026.06.070	requires_pubmed_lookup	missing							pubmed	exact_pmid_efetch	42462719	none
1396	publication_component:citation:publication:doi:10.1016/j.cub.2026.07.054	requires_pubmed_lookup	missing							pubmed	exact_pmid_efetch	42551433	none
1397	publication_component:citation:publication:doi:10.1016/j.cub.2026.07.071	requires_pubmed_lookup	missing							pubmed	exact_pmid_efetch	42636802	none
1398	publication_component:citation:publication:doi:10.1016/j.cub.2026.08.059	requires_pubmed_lookup	missing							pubmed	exact_pmid_efetch	42753727	none
1399	publication_component:citation:publication:doi:10.1016/j.cyto.2018.11.009	requires_pubmed_lookup	missing							pubmed	exact_pmid_efetch	30467096	none
1400	publication_component:citation:publication:doi:10.1016/j.dci.2010.02.012	requires_pubmed_lookup	missing							pubmed	exact_pmid_efetch	20219531	none
1401	publication_component:citation:publication:doi:10.1016/j.dci.2013.08.007	requires_pubmed_lookup	missing							pubmed	exact_pmid_efetch	23954722	none
1402	publication_component:citation:publication:doi:10.1016/j.dci.2013.10.001	requires_pubmed_lookup	missing							pubmed	exact_pmid_efetch	24135718	none
1403	publication_component:citation:publication:doi:10.1016/j.dci.2015.01.004	requires_pubmed_lookup	missing							pubmed	exact_pmid_efetch	25596146	none
1404	publication_component:citation:publication:doi:10.1016/j.dci.2015.07.009	requires_pubmed_lookup	missing							pubmed	exact_pmid_efetch	26187301	none
1405	publication_component:citation:publication:doi:10.1016/j.dci.2016.02.025	requires_pubmed_lookup	missing							pubmed	exact_pmid_efetch	26923770	none
1406	publication_component:citation:publication:doi:10.1016/j.dci.2016.03.011	requires_pubmed_lookup	missing							pubmed	exact_pmid_efetch	26979266	none
1407	publication_component:citation:publication:doi:10.1016/j.dci.2017.08.007	requires_pubmed_lookup	missing							pubmed	exact_pmid_efetch	28821419	none
1408	publication_component:citation:publication:doi:10.1016/j.dci.2018.04.005	requires_pubmed_lookup	missing							pubmed	exact_pmid_efetch	29635005	none
1409	publication_component:citation:publication:doi:10.1016/j.dci.2018.06.005	requires_pubmed_lookup	missing							pubmed	exact_pmid_efetch	29894713	none
1410	publication_component:citation:publication:doi:10.1016/j.dci.2019.02.002	requires_pubmed_lookup	missing							pubmed	exact_pmid_efetch	30742850	none
1411	publication_component:citation:publication:doi:10.1016/j.dci.2019.04.008	requires_pubmed_lookup	missing							pubmed	exact_pmid_efetch	31026469	none
1412	publication_component:citation:publication:doi:10.1016/j.dci.2020.103718	requires_pubmed_lookup	missing							pubmed	exact_pmid_efetch	32360411	none
1413	publication_component:citation:publication:doi:10.1016/j.dci.2020.103990	requires_pubmed_lookup	missing							pubmed	exact_pmid_efetch	33422554	none
1414	publication_component:citation:publication:doi:10.1016/j.dci.2021.104307	requires_pubmed_lookup	missing							pubmed	exact_pmid_efetch	34748795	none
1415	publication_component:citation:publication:doi:10.1016/j.dci.2022.104371	requires_pubmed_lookup	missing							pubmed	exact_pmid_efetch	35131310	none
1416	publication_component:citation:publication:doi:10.1016/j.dci.2023.105079	requires_pubmed_lookup	missing							pubmed	exact_pmid_efetch	37832898	none
1417	publication_component:citation:publication:doi:10.1016/j.dci.2024.105190	requires_pubmed_lookup	missing							pubmed	exact_pmid_efetch	38697378	none
1418	publication_component:citation:publication:doi:10.1016/j.dci.2025.105345	requires_pubmed_lookup	missing							pubmed	exact_pmid_efetch	39986443	none
1419	publication_component:citation:publication:doi:10.1016/j.dci.2025.105543	requires_pubmed_lookup	missing							pubmed	exact_pmid_efetch	41456655	none
1420	publication_component:citation:publication:doi:10.1016/j.dci.2026.105602	requires_pubmed_lookup	missing							pubmed	exact_pmid_efetch	41974293	none
1421	publication_component:citation:publication:doi:10.1016/j.devcel.2020.12.019	requires_pubmed_lookup	missing							pubmed	exact_pmid_efetch	33476555	none
1422	publication_component:citation:publication:doi:10.1016/j.devcel.2024.04.014	requires_pubmed_lookup	missing							pubmed	exact_pmid_efetch	38810654	none
1423	publication_component:citation:publication:doi:10.1016/j.devcel.2024.12.022	requires_pubmed_lookup	missing							pubmed	exact_pmid_efetch	39793585	none
1424	publication_component:citation:publication:doi:10.1016/j.diagmicrobio.2010.11.006	requires_pubmed_lookup	missing							pubmed	exact_pmid_efetch	21396539	none
1425	publication_component:citation:publication:doi:10.1016/j.diagmicrobio.2025.117032	requires_pubmed_lookup	missing							pubmed	exact_pmid_efetch	40961727	none
1426	publication_component:citation:publication:doi:10.1016/j.dib.2019.01.003	requires_pubmed_lookup	missing							pubmed	exact_pmid_efetch	30705926	none
1427	publication_component:citation:publication:doi:10.1016/j.dib.2019.104445	requires_pubmed_lookup	missing							pubmed	exact_pmid_efetch	31534995	none
1428	publication_component:citation:publication:doi:10.1016/j.dib.2021.107402	requires_pubmed_lookup	missing							pubmed	exact_pmid_efetch	34621931	none
1429	publication_component:citation:publication:doi:10.1016/j.dib.2022.107881	requires_pubmed_lookup	missing							pubmed	exact_pmid_efetch	35198665	none
1430	publication_component:citation:publication:doi:10.1016/j.dib.2022.108019	requires_pubmed_lookup	missing							pubmed	exact_pmid_efetch	35295870	none
1431	publication_component:citation:publication:doi:10.1016/j.dib.2024.110476	requires_pubmed_lookup	missing							pubmed	exact_pmid_efetch	38725551	none
1432	publication_component:citation:publication:doi:10.1016/j.dnarep.2014.07.005	requires_pubmed_lookup	missing							pubmed	exact_pmid_efetch	25084685	none
1433	publication_component:citation:publication:doi:10.1016/j.drup.2025.101327	requires_pubmed_lookup	missing							pubmed	exact_pmid_efetch	41273849	none
1434	publication_component:citation:publication:doi:10.1016/j.dsr.2021.103492	requires_openalex_lookup	not_applicable							openalex	exact_work_id	W3132643729	none
1435	publication_component:citation:publication:doi:10.1016/j.dsr.2021.103658	requires_openalex_lookup	not_applicable							openalex	exact_work_id	W3210090539	none
1436	publication_component:citation:publication:doi:10.1016/j.dsr.2026.104740	requires_openalex_lookup	not_applicable							openalex	exact_work_id	W7149639474	none
1437	publication_component:citation:publication:doi:10.1016/j.ebiom.2021.103355	requires_pubmed_lookup	missing							pubmed	exact_pmid_efetch	33915337	none
1438	publication_component:citation:publication:doi:10.1016/j.ebiom.2024.105488	requires_pubmed_lookup	missing							pubmed	exact_pmid_efetch	39615460	none
1439	publication_component:citation:publication:doi:10.1016/j.ebiom.2025.105729	requires_pubmed_lookup	missing							pubmed	exact_pmid_efetch	40347833	none
1440	publication_component:citation:publication:doi:10.1016/j.ebiom.2026.106332	requires_pubmed_lookup	missing							pubmed	exact_pmid_efetch	42276011	none
1441	publication_component:citation:publication:doi:10.1016/j.ecoenv.2025.118753	requires_pubmed_lookup	missing							pubmed	exact_pmid_efetch	40729909	none
1442	publication_component:citation:publication:doi:10.1016/j.ecolind.2023.110502	requires_openalex_lookup	not_applicable							openalex	exact_work_id	W4381685240	none
1443	publication_component:citation:publication:doi:10.1016/j.eehl.2025.100212	requires_pubmed_lookup	missing							pubmed	exact_pmid_efetch	41568088	none
1444	publication_component:citation:publication:doi:10.1016/j.egg.2017.11.002	requires_openalex_lookup	not_applicable							openalex	exact_work_id	W2767365319	none
1445	publication_component:citation:publication:doi:10.1016/j.ejop.2012.05.001	requires_pubmed_lookup	missing							pubmed	exact_pmid_efetch	22683065	none
1446	publication_component:citation:publication:doi:10.1016/j.eng.2025.03.030	requires_openalex_lookup	not_applicable							openalex	exact_work_id	W4409323016	none
1447	publication_component:citation:publication:doi:10.1016/j.eng.2025.10.030	requires_openalex_lookup	not_applicable							openalex	exact_work_id	W4416118964	none
1448	publication_component:citation:publication:doi:10.1016/j.envexpbot.2025.106278	requires_openalex_lookup	not_applicable							openalex	exact_work_id	W4416530272	none
1449	publication_component:citation:publication:doi:10.1016/j.envint.2025.109487	requires_pubmed_lookup	missing							pubmed	exact_pmid_efetch	40273554	none
1450	publication_component:citation:publication:doi:10.1016/j.epidem.2023.100701	requires_pubmed_lookup	missing							pubmed	exact_pmid_efetch	37379776	none
1451	publication_component:citation:publication:doi:10.1016/j.epidem.2026.100906	requires_pubmed_lookup	missing							pubmed	exact_pmid_efetch	41880700	none
1452	publication_component:citation:publication:doi:10.1016/j.epidem.2026.100945	requires_pubmed_lookup	missing							pubmed	exact_pmid_efetch	42759431	none
1453	publication_component:citation:publication:doi:10.1016/j.eurpsy.2018.07.010	requires_pubmed_lookup	missing							pubmed	exact_pmid_efetch	30121507	none
1454	publication_component:citation:publication:doi:10.1016/j.exppara.2023.108641	requires_pubmed_lookup	missing							pubmed	exact_pmid_efetch	37949425	none
1455	publication_component:citation:publication:doi:10.1016/j.febslet.2009.12.022	requires_pubmed_lookup	missing							pubmed	exact_pmid_efetch	20026333	none
1456	publication_component:citation:publication:doi:10.1016/j.febslet.2010.07.058	requires_pubmed_lookup	missing							pubmed	exact_pmid_efetch	20682315	none
1457	publication_component:citation:publication:doi:10.1016/j.febslet.2012.01.048	requires_pubmed_lookup	missing							pubmed	exact_pmid_efetch	22306119	none
1458	publication_component:citation:publication:doi:10.1016/j.febslet.2013.12.005	requires_pubmed_lookup	missing							pubmed	exact_pmid_efetch	24374336	none
1459	publication_component:citation:publication:doi:10.1016/j.febslet.2014.01.018	requires_pubmed_lookup	missing							pubmed	exact_pmid_efetch	24462682	none
1460	publication_component:citation:publication:doi:10.1016/j.febslet.2014.08.034	requires_pubmed_lookup	missing							pubmed	exact_pmid_efetch	25217831	none
1461	publication_component:citation:publication:doi:10.1016/j.fgb.2011.03.005	requires_pubmed_lookup	missing							pubmed	exact_pmid_efetch	21453780	none
1462	publication_component:citation:publication:doi:10.1016/j.fgb.2015.06.009	requires_pubmed_lookup	missing							pubmed	exact_pmid_efetch	26165518	none
1463	publication_component:citation:publication:doi:10.1016/j.fgb.2019.103246	requires_pubmed_lookup	missing							pubmed	exact_pmid_efetch	31254611	none
1464	publication_component:citation:publication:doi:10.1016/j.fgb.2019.103300	requires_pubmed_lookup	missing							pubmed	exact_pmid_efetch	31730909	none
1465	publication_component:citation:publication:doi:10.1016/j.fgb.2022.103769	requires_pubmed_lookup	missing							pubmed	exact_pmid_efetch	36587787	none
1466	publication_component:citation:publication:doi:10.1016/j.fgb.2023.103841	requires_pubmed_lookup	missing							pubmed	exact_pmid_efetch	37797717	none
1467	publication_component:citation:publication:doi:10.1016/j.fishres.2016.09.015	requires_openalex_lookup	not_applicable							openalex	exact_work_id	W2522175729	none
1468	publication_component:citation:publication:doi:10.1016/j.fm.2018.11.005	requires_pubmed_lookup	missing							pubmed	exact_pmid_efetch	30621881	none
1469	publication_component:citation:publication:doi:10.1016/j.fm.2021.103821	requires_pubmed_lookup	missing							pubmed	exact_pmid_efetch	34119106	none
1470	publication_component:citation:publication:doi:10.1016/j.fm.2021.103915	requires_pubmed_lookup	missing							pubmed	exact_pmid_efetch	34809941	none
1471	publication_component:citation:publication:doi:10.1016/j.fm.2022.104192	requires_pubmed_lookup	missing							pubmed	exact_pmid_efetch	36681391	none
1472	publication_component:citation:publication:doi:10.1016/j.fm.2023.104349	requires_pubmed_lookup	missing							pubmed	exact_pmid_efetch	37689423	none
1473	publication_component:citation:publication:doi:10.1016/j.fob.2013.09.004	requires_pubmed_lookup	missing							pubmed	exact_pmid_efetch	24265980	none
1474	publication_component:citation:publication:doi:10.1016/j.fob.2013.12.006	requires_pubmed_lookup	missing							pubmed	exact_pmid_efetch	24490136	none
1475	publication_component:citation:publication:doi:10.1016/j.foodcont.2020.107633	requires_openalex_lookup	not_applicable							openalex	exact_work_id	W3087599668	none
1476	publication_component:citation:publication:doi:10.1016/j.foodres.2022.111265	requires_pubmed_lookup	missing							pubmed	exact_pmid_efetch	35761577	none
1477	publication_component:citation:publication:doi:10.1016/j.foodres.2023.112762	requires_pubmed_lookup	missing							pubmed	exact_pmid_efetch	37120212	none
1478	publication_component:citation:publication:doi:10.1016/j.foodres.2026.118681	requires_openalex_lookup	not_applicable							openalex	exact_work_id	W7128729180	none
1479	publication_component:citation:publication:doi:10.1016/j.foodres.2026.118941	requires_pubmed_lookup	missing							pubmed	exact_pmid_efetch	41895992	none
1480	publication_component:citation:publication:doi:10.1016/j.foodres.2026.119498	requires_pubmed_lookup	missing							pubmed	exact_pmid_efetch	42270226	none
1481	publication_component:citation:publication:doi:10.1016/j.foreco.2023.121560	requires_openalex_lookup	not_applicable							openalex	exact_work_id	W4389080770	none
1482	publication_component:citation:publication:doi:10.1016/j.fsi.2011.07.020	requires_pubmed_lookup	missing							pubmed	exact_pmid_efetch	21839173	none
1483	publication_component:citation:publication:doi:10.1016/j.fsi.2011.11.033	requires_pubmed_lookup	missing							pubmed	exact_pmid_efetch	22155279	none
1484	publication_component:citation:publication:doi:10.1016/j.fsi.2012.02.010	requires_pubmed_lookup	missing							pubmed	exact_pmid_efetch	22361113	none
1485	publication_component:citation:publication:doi:10.1016/j.fsi.2012.03.009	requires_pubmed_lookup	missing							pubmed	exact_pmid_efetch	22450241	none
1486	publication_component:citation:publication:doi:10.1016/j.fsi.2012.07.010	requires_pubmed_lookup	missing							pubmed	exact_pmid_efetch	22960217	none
1487	publication_component:citation:publication:doi:10.1016/j.fsi.2012.07.019	requires_pubmed_lookup	missing							pubmed	exact_pmid_efetch	22884462	none
1488	publication_component:citation:publication:doi:10.1016/j.fsi.2012.10.008	requires_pubmed_lookup	missing							pubmed	exact_pmid_efetch	23069786	none
1489	publication_component:citation:publication:doi:10.1016/j.fsi.2013.01.018	requires_pubmed_lookup	missing							pubmed	exact_pmid_efetch	23416224	none
1490	publication_component:citation:publication:doi:10.1016/j.fsi.2013.04.043	requires_pubmed_lookup	missing							pubmed	exact_pmid_efetch	23680844	none
1491	publication_component:citation:publication:doi:10.1016/j.fsi.2013.04.045	requires_pubmed_lookup	missing							pubmed	exact_pmid_efetch	23684810	none
1492	publication_component:citation:publication:doi:10.1016/j.fsi.2013.10.018	requires_pubmed_lookup	missing							pubmed	exact_pmid_efetch	24184007	none
1493	publication_component:citation:publication:doi:10.1016/j.fsi.2014.06.001	requires_pubmed_lookup	missing							pubmed	exact_pmid_efetch	24927880	none
1494	publication_component:citation:publication:doi:10.1016/j.fsi.2014.08.010	requires_pubmed_lookup	missing							pubmed	exact_pmid_efetch	25180825	none
1495	publication_component:citation:publication:doi:10.1016/j.fsi.2015.01.022	requires_pubmed_lookup	missing							pubmed	exact_pmid_efetch	25659230	none
1496	publication_component:citation:publication:doi:10.1016/j.fsi.2015.05.042	requires_pubmed_lookup	missing							pubmed	exact_pmid_efetch	26036969	none
1497	publication_component:citation:publication:doi:10.1016/j.fsi.2015.06.023	requires_pubmed_lookup	missing							pubmed	exact_pmid_efetch	26102458	none
1498	publication_component:citation:publication:doi:10.1016/j.fsi.2015.09.008	requires_pubmed_lookup	missing							pubmed	exact_pmid_efetch	26363232	none
1499	publication_component:citation:publication:doi:10.1016/j.fsi.2015.09.024	requires_pubmed_lookup	missing							pubmed	exact_pmid_efetch	26381931	none
1500	publication_component:citation:publication:doi:10.1016/j.fsi.2015.12.040	requires_pubmed_lookup	missing							pubmed	exact_pmid_efetch	26747639	none
1501	publication_component:citation:publication:doi:10.1016/j.fsi.2016.01.012	requires_pubmed_lookup	missing							pubmed	exact_pmid_efetch	26774494	none
1502	publication_component:citation:publication:doi:10.1016/j.fsi.2016.04.136	requires_pubmed_lookup	missing							pubmed	exact_pmid_efetch	27142934	none
1503	publication_component:citation:publication:doi:10.1016/j.fsi.2016.07.024	requires_pubmed_lookup	missing							pubmed	exact_pmid_efetch	27431585	none
1504	publication_component:citation:publication:doi:10.1016/j.fsi.2016.09.057	requires_pubmed_lookup	missing							pubmed	exact_pmid_efetch	27697560	none
1505	publication_component:citation:publication:doi:10.1016/j.fsi.2017.05.011	requires_pubmed_lookup	missing							pubmed	exact_pmid_efetch	28478255	none
1506	publication_component:citation:publication:doi:10.1016/j.fsi.2017.05.058	requires_pubmed_lookup	missing							pubmed	exact_pmid_efetch	28554837	none
1507	publication_component:citation:publication:doi:10.1016/j.fsi.2017.08.029	requires_pubmed_lookup	missing							pubmed	exact_pmid_efetch	28870858	none
1508	publication_component:citation:publication:doi:10.1016/j.fsi.2017.11.034	requires_pubmed_lookup	missing							pubmed	exact_pmid_efetch	29162540	none
1509	publication_component:citation:publication:doi:10.1016/j.fsi.2017.12.013	requires_pubmed_lookup	missing							pubmed	exact_pmid_efetch	29246809	none
1510	publication_component:citation:publication:doi:10.1016/j.fsi.2018.03.019	requires_pubmed_lookup	missing							pubmed	exact_pmid_efetch	29551666	none
1511	publication_component:citation:publication:doi:10.1016/j.fsi.2018.09.067	requires_pubmed_lookup	missing							pubmed	exact_pmid_efetch	30266607	none
1512	publication_component:citation:publication:doi:10.1016/j.fsi.2018.09.077	requires_pubmed_lookup	missing							pubmed	exact_pmid_efetch	30287346	none
1513	publication_component:citation:publication:doi:10.1016/j.fsi.2018.12.018	requires_pubmed_lookup	missing							pubmed	exact_pmid_efetch	30576775	none
1514	publication_component:citation:publication:doi:10.1016/j.fsi.2019.06.055	requires_pubmed_lookup	missing							pubmed	exact_pmid_efetch	31276791	none
1515	publication_component:citation:publication:doi:10.1016/j.fsi.2019.09.067	requires_pubmed_lookup	missing							pubmed	exact_pmid_efetch	31580937	none
1516	publication_component:citation:publication:doi:10.1016/j.fsi.2019.12.064	requires_pubmed_lookup	missing							pubmed	exact_pmid_efetch	31870969	none
1517	publication_component:citation:publication:doi:10.1016/j.fsi.2019.12.082	requires_pubmed_lookup	missing							pubmed	exact_pmid_efetch	31891809	none
1518	publication_component:citation:publication:doi:10.1016/j.fsi.2020.03.014	requires_pubmed_lookup	missing							pubmed	exact_pmid_efetch	32169665	none
1519	publication_component:citation:publication:doi:10.1016/j.fsi.2021.09.017	requires_pubmed_lookup	missing							pubmed	exact_pmid_efetch	34555531	none
1520	publication_component:citation:publication:doi:10.1016/j.fsi.2022.04.043	requires_pubmed_lookup	missing							pubmed	exact_pmid_efetch	35568142	none
1521	publication_component:citation:publication:doi:10.1016/j.fsi.2023.109312	requires_pubmed_lookup	missing							pubmed	exact_pmid_efetch	38122951	none
1522	publication_component:citation:publication:doi:10.1016/j.fsi.2024.110061	requires_pubmed_lookup	missing							pubmed	exact_pmid_efetch	39631554	none
1523	publication_component:citation:publication:doi:10.1016/j.fsi.2026.111530	requires_pubmed_lookup	missing							pubmed	exact_pmid_efetch	42323983	none
1524	publication_component:citation:publication:doi:10.1016/j.funbio.2013.05.001	requires_pubmed_lookup	missing							pubmed	exact_pmid_efetch	23809654	none
1525	publication_component:citation:publication:doi:10.1016/j.funbio.2017.06.002	requires_pubmed_lookup	missing							pubmed	exact_pmid_efetch	28889909	none
1526	publication_component:citation:publication:doi:10.1016/j.funeco.2016.04.010	requires_openalex_lookup	not_applicable							openalex	exact_work_id	W2437833132	none
1527	publication_component:citation:publication:doi:10.1016/j.gde.2014.07.005	requires_pubmed_lookup	missing							pubmed	exact_pmid_efetch	25156517	none
1528	publication_component:citation:publication:doi:10.1016/j.gde.2016.12.004	requires_pubmed_lookup	missing							pubmed	exact_pmid_efetch	28161621	none
1529	publication_component:citation:publication:doi:10.1016/j.gecco.2024.e03111	requires_openalex_lookup	not_applicable							openalex	exact_work_id	W4401008835	none
1530	publication_component:citation:publication:doi:10.1016/j.gecco.2024.e03354	requires_openalex_lookup	not_applicable							openalex	exact_work_id	W4405620565	none
1531	publication_component:citation:publication:doi:10.1016/j.gene.2008.03.008	requires_pubmed_lookup	missing							pubmed	exact_pmid_efetch	18448274	none
1532	publication_component:citation:publication:doi:10.1016/j.gene.2008.06.015	requires_pubmed_lookup	missing							pubmed	exact_pmid_efetch	18601986	none
1533	publication_component:citation:publication:doi:10.1016/j.gene.2008.09.013	requires_pubmed_lookup	missing							pubmed	exact_pmid_efetch	18848974	none
1534	publication_component:citation:publication:doi:10.1016/j.gene.2008.10.030	requires_pubmed_lookup	missing							pubmed	exact_pmid_efetch	19059318	none
1535	publication_component:citation:publication:doi:10.1016/j.gene.2008.11.018	requires_pubmed_lookup	missing							pubmed	exact_pmid_efetch	19100316	none
1536	publication_component:citation:publication:doi:10.1016/j.gene.2008.11.020	requires_pubmed_lookup	missing							pubmed	exact_pmid_efetch	19100313	none
1537	publication_component:citation:publication:doi:10.1016/j.gene.2009.01.015	requires_pubmed_lookup	missing							pubmed	exact_pmid_efetch	19393172	none
1538	publication_component:citation:publication:doi:10.1016/j.gene.2009.03.015	requires_pubmed_lookup	missing							pubmed	exact_pmid_efetch	19332112	none
1539	publication_component:citation:publication:doi:10.1016/j.gene.2009.05.004	requires_pubmed_lookup	missing							pubmed	exact_pmid_efetch	19460422	none
1540	publication_component:citation:publication:doi:10.1016/j.gene.2009.05.017	requires_pubmed_lookup	missing							pubmed	exact_pmid_efetch	19505540	none
1541	publication_component:citation:publication:doi:10.1016/j.gene.2009.07.006	requires_pubmed_lookup	missing							pubmed	exact_pmid_efetch	19619625	none
1542	publication_component:citation:publication:doi:10.1016/j.gene.2009.07.018	requires_pubmed_lookup	missing							pubmed	exact_pmid_efetch	19651193	none
1543	publication_component:citation:publication:doi:10.1016/j.gene.2010.02.007	requires_pubmed_lookup	missing							pubmed	exact_pmid_efetch	20178839	none
1544	publication_component:citation:publication:doi:10.1016/j.gene.2010.04.018	requires_pubmed_lookup	missing							pubmed	exact_pmid_efetch	20471458	none
1545	publication_component:citation:publication:doi:10.1016/j.gene.2010.10.010	requires_pubmed_lookup	missing							pubmed	exact_pmid_efetch	21056641	none
1546	publication_component:citation:publication:doi:10.1016/j.gene.2010.12.015	requires_pubmed_lookup	missing							pubmed	exact_pmid_efetch	21241786	none
1547	publication_component:citation:publication:doi:10.1016/j.gene.2011.01.012	requires_pubmed_lookup	missing							pubmed	exact_pmid_efetch	21310220	none
1548	publication_component:citation:publication:doi:10.1016/j.gene.2011.05.011	requires_pubmed_lookup	missing							pubmed	exact_pmid_efetch	21640173	none
1549	publication_component:citation:publication:doi:10.1016/j.gene.2011.05.012	requires_pubmed_lookup	missing							pubmed	exact_pmid_efetch	21664259	none
1550	publication_component:citation:publication:doi:10.1016/j.gene.2011.05.029	requires_pubmed_lookup	missing							pubmed	exact_pmid_efetch	21712081	none
1551	publication_component:citation:publication:doi:10.1016/j.gene.2011.08.004	requires_pubmed_lookup	missing							pubmed	exact_pmid_efetch	21951340	none
1552	publication_component:citation:publication:doi:10.1016/j.gene.2011.08.019	requires_pubmed_lookup	missing							pubmed	exact_pmid_efetch	21924330	none
1553	publication_component:citation:publication:doi:10.1016/j.gene.2011.11.013	requires_pubmed_lookup	missing							pubmed	exact_pmid_efetch	22123181	none
1554	publication_component:citation:publication:doi:10.1016/j.gene.2012.01.017	requires_pubmed_lookup	missing							pubmed	exact_pmid_efetch	22301266	none
1555	publication_component:citation:publication:doi:10.1016/j.gene.2012.04.037	requires_pubmed_lookup	missing							pubmed	exact_pmid_efetch	22555021	none
1556	publication_component:citation:publication:doi:10.1016/j.gene.2012.05.039	requires_pubmed_lookup	missing							pubmed	exact_pmid_efetch	22669046	none
1557	publication_component:citation:publication:doi:10.1016/j.gene.2012.06.027	requires_pubmed_lookup	missing							pubmed	exact_pmid_efetch	22742978	none
1558	publication_component:citation:publication:doi:10.1016/j.gene.2012.07.016	requires_pubmed_lookup	missing							pubmed	exact_pmid_efetch	22841792	none
1559	publication_component:citation:publication:doi:10.1016/j.gene.2012.07.066	requires_pubmed_lookup	missing							pubmed	exact_pmid_efetch	22903033	none
1560	publication_component:citation:publication:doi:10.1016/j.gene.2012.07.075	requires_pubmed_lookup	missing							pubmed	exact_pmid_efetch	22902303	none
1561	publication_component:citation:publication:doi:10.1016/j.gene.2012.08.014	requires_pubmed_lookup	missing							pubmed	exact_pmid_efetch	22951805	none
1562	publication_component:citation:publication:doi:10.1016/j.gene.2012.08.024	requires_pubmed_lookup	missing							pubmed	exact_pmid_efetch	22939871	none
1563	publication_component:citation:publication:doi:10.1016/j.gene.2012.08.029	requires_pubmed_lookup	missing							pubmed	exact_pmid_efetch	22926103	none
1564	publication_component:citation:publication:doi:10.1016/j.gene.2012.10.071	requires_pubmed_lookup	missing							pubmed	exact_pmid_efetch	23154062	none
1565	publication_component:citation:publication:doi:10.1016/j.gene.2012.11.033	requires_pubmed_lookup	missing							pubmed	exact_pmid_efetch	23219994	none
1566	publication_component:citation:publication:doi:10.1016/j.gene.2012.12.093	requires_pubmed_lookup	missing							pubmed	exact_pmid_efetch	23313296	none
1567	publication_component:citation:publication:doi:10.1016/j.gene.2012.12.096	requires_pubmed_lookup	missing							pubmed	exact_pmid_efetch	23328645	none
1568	publication_component:citation:publication:doi:10.1016/j.gene.2013.01.034	requires_pubmed_lookup	missing							pubmed	exact_pmid_efetch	23370337	none
1569	publication_component:citation:publication:doi:10.1016/j.gene.2013.01.058	requires_pubmed_lookup	missing							pubmed	exact_pmid_efetch	23415839	none
1570	publication_component:citation:publication:doi:10.1016/j.gene.2013.04.035	requires_pubmed_lookup	missing							pubmed	exact_pmid_efetch	23644026	none
1571	publication_component:citation:publication:doi:10.1016/j.gene.2013.05.039	requires_pubmed_lookup	missing							pubmed	exact_pmid_efetch	23751307	none
1572	publication_component:citation:publication:doi:10.1016/j.gene.2013.08.022	requires_pubmed_lookup	missing							pubmed	exact_pmid_efetch	23954256	none
1573	publication_component:citation:publication:doi:10.1016/j.gene.2013.08.034	requires_pubmed_lookup	missing							pubmed	exact_pmid_efetch	23965379	none
1574	publication_component:citation:publication:doi:10.1016/j.gene.2013.09.097	requires_pubmed_lookup	missing							pubmed	exact_pmid_efetch	24113079	none
1575	publication_component:citation:publication:doi:10.1016/j.gene.2013.09.114	requires_pubmed_lookup	missing							pubmed	exact_pmid_efetch	24125953	none
1576	publication_component:citation:publication:doi:10.1016/j.gene.2013.10.031	requires_pubmed_lookup	missing							pubmed	exact_pmid_efetch	24200960	none
1577	publication_component:citation:publication:doi:10.1016/j.gene.2014.04.029	requires_pubmed_lookup	missing							pubmed	exact_pmid_efetch	24746635	none
1578	publication_component:citation:publication:doi:10.1016/j.gene.2014.05.019	requires_pubmed_lookup	missing							pubmed	exact_pmid_efetch	24814189	none
1579	publication_component:citation:publication:doi:10.1016/j.gene.2014.05.051	requires_pubmed_lookup	missing							pubmed	exact_pmid_efetch	24865932	none
1580	publication_component:citation:publication:doi:10.1016/j.gene.2014.06.056	requires_pubmed_lookup	missing							pubmed	exact_pmid_efetch	24973763	none
1581	publication_component:citation:publication:doi:10.1016/j.gene.2014.07.061	requires_pubmed_lookup	missing							pubmed	exact_pmid_efetch	25065922	none
1582	publication_component:citation:publication:doi:10.1016/j.gene.2014.09.039	requires_pubmed_lookup	missing							pubmed	exact_pmid_efetch	25241383	none
1583	publication_component:citation:publication:doi:10.1016/j.gene.2015.01.066	requires_pubmed_lookup	missing							pubmed	exact_pmid_efetch	25707747	none
1584	publication_component:citation:publication:doi:10.1016/j.gene.2015.03.027	requires_pubmed_lookup	missing							pubmed	exact_pmid_efetch	25791492	none
1585	publication_component:citation:publication:doi:10.1016/j.gene.2015.04.009	requires_pubmed_lookup	missing							pubmed	exact_pmid_efetch	25861868	none
1586	publication_component:citation:publication:doi:10.1016/j.gene.2015.04.079	requires_pubmed_lookup	missing							pubmed	exact_pmid_efetch	25936996	none
1587	publication_component:citation:publication:doi:10.1016/j.gene.2015.08.042	requires_pubmed_lookup	missing							pubmed	exact_pmid_efetch	26314912	none
1588	publication_component:citation:publication:doi:10.1016/j.gene.2015.11.038	requires_pubmed_lookup	missing							pubmed	exact_pmid_efetch	26631622	none
1589	publication_component:citation:publication:doi:10.1016/j.gene.2016.02.021	requires_pubmed_lookup	missing							pubmed	exact_pmid_efetch	26899866	none
1590	publication_component:citation:publication:doi:10.1016/j.gene.2016.09.007	requires_pubmed_lookup	missing							pubmed	exact_pmid_efetch	27601255	none
1591	publication_component:citation:publication:doi:10.1016/j.gene.2016.10.039	requires_pubmed_lookup	missing							pubmed	exact_pmid_efetch	27825775	none
1592	publication_component:citation:publication:doi:10.1016/j.gene.2017.07.057	requires_pubmed_lookup	missing							pubmed	exact_pmid_efetch	28735726	none
1593	publication_component:citation:publication:doi:10.1016/j.gene.2017.12.060	requires_pubmed_lookup	missing							pubmed	exact_pmid_efetch	29292195	none
1594	publication_component:citation:publication:doi:10.1016/j.gene.2018.01.015	requires_pubmed_lookup	missing							pubmed	exact_pmid_efetch	29307851	none
1595	publication_component:citation:publication:doi:10.1016/j.gene.2018.02.005	requires_pubmed_lookup	missing							pubmed	exact_pmid_efetch	29425824	none
1596	publication_component:citation:publication:doi:10.1016/j.gene.2018.05.084	requires_pubmed_lookup	missing							pubmed	exact_pmid_efetch	29802996	none
1597	publication_component:citation:publication:doi:10.1016/j.gene.2018.10.061	requires_pubmed_lookup	missing							pubmed	exact_pmid_efetch	30359744	none
1598	publication_component:citation:publication:doi:10.1016/j.gene.2018.11.053	requires_pubmed_lookup	missing							pubmed	exact_pmid_efetch	30472376	none
1599	publication_component:citation:publication:doi:10.1016/j.gene.2019.03.008	requires_pubmed_lookup	missing							pubmed	exact_pmid_efetch	30858136	none
1600	publication_component:citation:publication:doi:10.1016/j.gene.2019.03.071	requires_pubmed_lookup	missing							pubmed	exact_pmid_efetch	30943438	none
1601	publication_component:citation:publication:doi:10.1016/j.gene.2019.04.052	requires_pubmed_lookup	missing							pubmed	exact_pmid_efetch	31009681	none
1602	publication_component:citation:publication:doi:10.1016/j.gene.2019.143975	requires_pubmed_lookup	missing							pubmed	exact_pmid_efetch	31302167	none
1603	publication_component:citation:publication:doi:10.1016/j.gene.2019.144296	requires_pubmed_lookup	missing							pubmed	exact_pmid_efetch	31866555	none
1604	publication_component:citation:publication:doi:10.1016/j.gene.2020.144355	requires_pubmed_lookup	missing							pubmed	exact_pmid_efetch	31935501	none
1605	publication_component:citation:publication:doi:10.1016/j.gene.2020.144510	requires_pubmed_lookup	missing							pubmed	exact_pmid_efetch	32109559	none
1606	publication_component:citation:publication:doi:10.1016/j.gene.2020.144640	requires_pubmed_lookup	missing							pubmed	exact_pmid_efetch	32247037	none
1607	publication_component:citation:publication:doi:10.1016/j.gene.2020.144818	requires_pubmed_lookup	missing							pubmed	exact_pmid_efetch	32485308	none
1608	publication_component:citation:publication:doi:10.1016/j.gene.2020.145103	requires_pubmed_lookup	missing							pubmed	exact_pmid_efetch	32889057	none
1609	publication_component:citation:publication:doi:10.1016/j.gene.2021.145472	requires_pubmed_lookup	missing							pubmed	exact_pmid_efetch	33549715	none
1610	publication_component:citation:publication:doi:10.1016/j.gene.2021.145840	requires_pubmed_lookup	missing							pubmed	exact_pmid_efetch	34274467	none
1611	publication_component:citation:publication:doi:10.1016/j.gene.2021.146159	requires_pubmed_lookup	missing							pubmed	exact_pmid_efetch	34995739	none
1612	publication_component:citation:publication:doi:10.1016/j.gene.2021.146176	requires_pubmed_lookup	missing							pubmed	exact_pmid_efetch	35031426	none
1613	publication_component:citation:publication:doi:10.1016/j.gene.2022.146329	requires_pubmed_lookup	missing							pubmed	exact_pmid_efetch	35181500	none
1614	publication_component:citation:publication:doi:10.1016/j.gene.2022.146650	requires_pubmed_lookup	missing							pubmed	exact_pmid_efetch	35680022	none
1615	publication_component:citation:publication:doi:10.1016/j.gene.2022.146917	requires_pubmed_lookup	missing							pubmed	exact_pmid_efetch	36174905	none
1616	publication_component:citation:publication:doi:10.1016/j.gene.2022.146953	requires_pubmed_lookup	missing							pubmed	exact_pmid_efetch	36243214	none
1617	publication_component:citation:publication:doi:10.1016/j.gene.2022.146997	requires_pubmed_lookup	missing							pubmed	exact_pmid_efetch	36279952	none
1618	publication_component:citation:publication:doi:10.1016/j.gene.2022.147081	requires_pubmed_lookup	missing							pubmed	exact_pmid_efetch	36470482	none
1619	publication_component:citation:publication:doi:10.1016/j.gene.2023.147427	requires_pubmed_lookup	missing							pubmed	exact_pmid_efetch	37044183	none
1620	publication_component:citation:publication:doi:10.1016/j.gene.2023.147488	requires_pubmed_lookup	missing							pubmed	exact_pmid_efetch	37196890	none
1621	publication_component:citation:publication:doi:10.1016/j.gene.2023.147871	requires_pubmed_lookup	missing							pubmed	exact_pmid_efetch	37797779	none
1622	publication_component:citation:publication:doi:10.1016/j.gene.2023.147919	requires_pubmed_lookup	missing							pubmed	exact_pmid_efetch	37884103	none
1623	publication_component:citation:publication:doi:10.1016/j.gene.2023.147947	requires_pubmed_lookup	missing							pubmed	exact_pmid_efetch	37923093	none
1624	publication_component:citation:publication:doi:10.1016/j.gene.2024.148427	requires_pubmed_lookup	missing							pubmed	exact_pmid_efetch	38575097	none
1625	publication_component:citation:publication:doi:10.1016/j.gene.2024.148506	requires_pubmed_lookup	missing							pubmed	exact_pmid_efetch	38670390	none
1626	publication_component:citation:publication:doi:10.1016/j.gene.2024.148822	requires_pubmed_lookup	missing							pubmed	exact_pmid_efetch	39103058	none
1627	publication_component:citation:publication:doi:10.1016/j.gene.2024.149019	requires_pubmed_lookup	missing							pubmed	exact_pmid_efetch	39461573	none
1628	publication_component:citation:publication:doi:10.1016/j.gene.2024.149086	requires_pubmed_lookup	missing							pubmed	exact_pmid_efetch	39527990	none
1629	publication_component:citation:publication:doi:10.1016/j.gene.2025.149734	requires_pubmed_lookup	missing							pubmed	exact_pmid_efetch	40882762	none
1630	publication_component:citation:publication:doi:10.1016/j.genrep.2018.03.010	requires_openalex_lookup	not_applicable							openalex	exact_work_id	W2793048980	none
1631	publication_component:citation:publication:doi:10.1016/j.genrep.2018.08.005	requires_openalex_lookup	not_applicable							openalex	exact_work_id	W2886143484	none
1632	publication_component:citation:publication:doi:10.1016/j.genrep.2018.10.005	requires_openalex_lookup	not_applicable							openalex	exact_work_id	W2897420271	none
1633	publication_component:citation:publication:doi:10.1016/j.genrep.2023.101836	requires_openalex_lookup	not_applicable							openalex	exact_work_id	W4386528847	none
1634	publication_component:citation:publication:doi:10.1016/j.genrep.2025.102233	requires_openalex_lookup	not_applicable							openalex	exact_work_id	W4409760646	none
1635	publication_component:citation:publication:doi:10.1016/j.genrep.2026.102546	requires_openalex_lookup	not_applicable							openalex	exact_work_id	W7162848776	none
1636	publication_component:citation:publication:doi:10.1016/j.geobios.2020.07.005	requires_openalex_lookup	not_applicable							openalex	exact_work_id	W3107662928	none
1637	publication_component:citation:publication:doi:10.1016/j.ghir.2008.05.001	requires_pubmed_lookup	missing							pubmed	exact_pmid_efetch	18571449	none
1638	publication_component:citation:publication:doi:10.1016/j.ghir.2015.06.004	requires_pubmed_lookup	missing							pubmed	exact_pmid_efetch	26072449	none
1639	publication_component:citation:publication:doi:10.1016/j.gpb.2019.01.006	requires_pubmed_lookup	missing							pubmed	exact_pmid_efetch	33346084	none
1640	publication_component:citation:publication:doi:10.1016/j.gpb.2019.03.006	requires_pubmed_lookup	missing							pubmed	exact_pmid_efetch	32224189	none
1641	publication_component:citation:publication:doi:10.1016/j.gpb.2019.11.013	requires_pubmed_lookup	missing							pubmed	exact_pmid_efetch	33607297	none
1642	publication_component:citation:publication:doi:10.1016/j.gpb.2020.10.002	requires_pubmed_lookup	missing							pubmed	exact_pmid_efetch	33157303	none
1643	publication_component:citation:publication:doi:10.1016/j.gpb.2021.04.003	requires_pubmed_lookup	missing							pubmed	exact_pmid_efetch	34339842	none
1644	publication_component:citation:publication:doi:10.1016/j.gpb.2021.08.002	requires_pubmed_lookup	missing							pubmed	exact_pmid_efetch	34487863	none
1645	publication_component:citation:publication:doi:10.1016/j.gpb.2021.10.005	requires_pubmed_lookup	missing							pubmed	exact_pmid_efetch	35091095	none
1646	publication_component:citation:publication:doi:10.1016/j.gpb.2021.12.002	requires_pubmed_lookup	missing							pubmed	exact_pmid_efetch	34990803	none
1647	publication_component:citation:publication:doi:10.1016/j.gpb.2022.02.001	requires_pubmed_lookup	missing							pubmed	exact_pmid_efetch	35181533	none
1648	publication_component:citation:publication:doi:10.1016/j.gpb.2022.07.001	requires_pubmed_lookup	missing							pubmed	exact_pmid_efetch	35905893	none
1649	publication_component:citation:publication:doi:10.1016/j.gpb.2022.08.005	requires_pubmed_lookup	missing							pubmed	exact_pmid_efetch	36055564	none
1650	publication_component:citation:publication:doi:10.1016/j.gpb.2022.09.009	requires_pubmed_lookup	missing							pubmed	exact_pmid_efetch	36216027	none
1651	publication_component:citation:publication:doi:10.1016/j.gpb.2022.11.005	requires_pubmed_lookup	missing							pubmed	exact_pmid_efetch	36470576	none
1652	publication_component:citation:publication:doi:10.1016/j.gpb.2022.12.005	requires_pubmed_lookup	missing							pubmed	exact_pmid_efetch	36587654	none
1653	publication_component:citation:publication:doi:10.1016/j.hal.2011.05.003	requires_openalex_lookup	not_applicable							openalex	exact_work_id	W2062566576	none
1654	publication_component:citation:publication:doi:10.1016/j.heliyon.2021.e06317	requires_pubmed_lookup	missing							pubmed	exact_pmid_efetch	33665461	none
1655	publication_component:citation:publication:doi:10.1016/j.heliyon.2021.e07291	requires_pubmed_lookup	missing							pubmed	exact_pmid_efetch	34189321	none
1656	publication_component:citation:publication:doi:10.1016/j.heliyon.2023.e18571	requires_pubmed_lookup	missing							pubmed	exact_pmid_efetch	37576271	none
1657	publication_component:citation:publication:doi:10.1016/j.heliyon.2023.e22358	requires_pubmed_lookup	missing							pubmed	exact_pmid_efetch	38058647	none
1658	publication_component:citation:publication:doi:10.1016/j.heliyon.2024.e29702	requires_pubmed_lookup	missing							pubmed	exact_pmid_efetch	38660286	none
1659	publication_component:citation:publication:doi:10.1016/j.hpj.2020.05.006	requires_openalex_lookup	not_applicable							openalex	exact_work_id	W3033082949	none
1660	publication_component:citation:publication:doi:10.1016/j.hpj.2022.06.005	requires_openalex_lookup	not_applicable							openalex	exact_work_id	W4283324017	none
1661	publication_component:citation:publication:doi:10.1016/j.hpj.2022.09.004	requires_openalex_lookup	not_applicable							openalex	exact_work_id	W4296197045	none
1662	publication_component:citation:publication:doi:10.1016/j.hpj.2022.11.002	requires_openalex_lookup	not_applicable							openalex	exact_work_id	W4308654812	none
1663	publication_component:citation:publication:doi:10.1016/j.hpj.2022.11.008	requires_openalex_lookup	not_applicable							openalex	exact_work_id	W4386020830	none
1664	publication_component:citation:publication:doi:10.1016/j.hpj.2022.12.014	requires_openalex_lookup	not_applicable							openalex	exact_work_id	W4313368496	none
1665	publication_component:citation:publication:doi:10.1016/j.hpj.2023.03.006	requires_openalex_lookup	not_applicable							openalex	exact_work_id	W4327601307	none
1666	publication_component:citation:publication:doi:10.1016/j.hpj.2023.04.001	requires_openalex_lookup	not_applicable							openalex	exact_work_id	W4362603099	none
1667	publication_component:citation:publication:doi:10.1016/j.hpj.2023.04.007	requires_openalex_lookup	not_applicable							openalex	exact_work_id	W4366748293	none
1668	publication_component:citation:publication:doi:10.1016/j.hpj.2023.04.011	requires_openalex_lookup	not_applicable							openalex	exact_work_id	W4387709763	none
1669	publication_component:citation:publication:doi:10.1016/j.hpj.2024.02.002	requires_openalex_lookup	not_applicable							openalex	exact_work_id	W4397024273	none
1670	publication_component:citation:publication:doi:10.1016/j.hpj.2024.02.007	requires_openalex_lookup	not_applicable							openalex	exact_work_id	W4400390562	none
1671	publication_component:citation:publication:doi:10.1016/j.hpj.2024.06.005	requires_openalex_lookup	not_applicable							openalex	exact_work_id	W4402667512	none
1672	publication_component:citation:publication:doi:10.1016/j.hpj.2024.10.002	requires_openalex_lookup	not_applicable							openalex	exact_work_id	W4407740129	none
1673	publication_component:citation:publication:doi:10.1016/j.hpj.2025.01.007	requires_openalex_lookup	not_applicable							openalex	exact_work_id	W4408818819	none
1674	publication_component:citation:publication:doi:10.1016/j.hpj.2025.04.007	requires_openalex_lookup	not_applicable							openalex	exact_work_id	W4411956196	none
1675	publication_component:citation:publication:doi:10.1016/j.hpj.2025.10.016	requires_openalex_lookup	not_applicable							openalex	exact_work_id	W7148628272	none
1676	publication_component:citation:publication:doi:10.1016/j.hpj.2025.12.003	requires_openalex_lookup	not_applicable							openalex	exact_work_id	W7128052019	none
1677	publication_component:citation:publication:doi:10.1016/j.hpj.2026.04.006	requires_openalex_lookup	not_applicable							openalex	exact_work_id	W7169883631	none
1678	publication_component:citation:publication:doi:10.1016/j.ibmb.2012.10.012	requires_pubmed_lookup	missing							pubmed	exact_pmid_efetch	23142192	none
1679	publication_component:citation:publication:doi:10.1016/j.ibmb.2014.12.009	requires_pubmed_lookup	missing							pubmed	exact_pmid_efetch	25600115	none
1680	publication_component:citation:publication:doi:10.1016/j.ibmb.2016.11.001	requires_pubmed_lookup	missing							pubmed	exact_pmid_efetch	27836740	none
1681	publication_component:citation:publication:doi:10.1016/j.ibmb.2017.01.006	requires_pubmed_lookup	missing							pubmed	exact_pmid_efetch	28115271	none
1682	publication_component:citation:publication:doi:10.1016/j.ibmb.2018.05.005	requires_pubmed_lookup	missing							pubmed	exact_pmid_efetch	29800678	none
1683	publication_component:citation:publication:doi:10.1016/j.ibmb.2018.12.007	requires_pubmed_lookup	missing							pubmed	exact_pmid_efetch	30590189	none
1684	publication_component:citation:publication:doi:10.1016/j.ibmb.2022.103879	requires_pubmed_lookup	missing							pubmed	exact_pmid_efetch	36470318	none
1685	publication_component:citation:publication:doi:10.1016/j.ibmb.2024.104247	requires_pubmed_lookup	missing							pubmed	exact_pmid_efetch	39667437	none
1686	publication_component:citation:publication:doi:10.1016/j.ibmb.2025.104375	requires_pubmed_lookup	missing							pubmed	exact_pmid_efetch	40683422	none
1687	publication_component:citation:publication:doi:10.1016/j.ibmb.2025.104442	requires_pubmed_lookup	missing							pubmed	exact_pmid_efetch	41207334	none
1688	publication_component:citation:publication:doi:10.1016/j.ibmb.2026.104594	requires_pubmed_lookup	missing							pubmed	exact_pmid_efetch	42190969	none
1689	publication_component:citation:publication:doi:10.1016/j.ibmb.2026.104609	requires_pubmed_lookup	missing							pubmed	exact_pmid_efetch	42270014	none
1690	publication_component:citation:publication:doi:10.1016/j.idcr.2025.e02387	requires_pubmed_lookup	missing							pubmed	exact_pmid_efetch	41140915	none
1691	publication_component:citation:publication:doi:10.1016/j.idm.2024.10.003	requires_pubmed_lookup	missing							pubmed	exact_pmid_efetch	39620069	none
1692	publication_component:citation:publication:doi:10.1016/j.idm.2026.05.010	requires_pubmed_lookup	missing							pubmed	exact_pmid_efetch	42473636	none
1693	publication_component:citation:publication:doi:10.1016/j.ijantimicag.2018.07.006	requires_pubmed_lookup	missing							pubmed	exact_pmid_efetch	30012442	none
1694	publication_component:citation:publication:doi:10.1016/j.ijantimicag.2020.105903	requires_pubmed_lookup	missing							pubmed	exact_pmid_efetch	31954832	none
1695	publication_component:citation:publication:doi:10.1016/j.ijantimicag.2025.107686	requires_pubmed_lookup	missing							pubmed	exact_pmid_efetch	41318008	none
1696	publication_component:citation:publication:doi:10.1016/j.ijantimicag.2026.107762	requires_pubmed_lookup	missing							pubmed	exact_pmid_efetch	41765190	none
1697	publication_component:citation:publication:doi:10.1016/j.ijbiomac.2017.11.076	requires_pubmed_lookup	missing							pubmed	exact_pmid_efetch	29141193	none
1698	publication_component:citation:publication:doi:10.1016/j.ijbiomac.2017.12.123	requires_pubmed_lookup	missing							pubmed	exact_pmid_efetch	29292152	none
1699	publication_component:citation:publication:doi:10.1016/j.ijbiomac.2018.06.133	requires_pubmed_lookup	missing							pubmed	exact_pmid_efetch	29959015	none
1700	publication_component:citation:publication:doi:10.1016/j.ijbiomac.2018.10.039	requires_pubmed_lookup	missing							pubmed	exact_pmid_efetch	30315882	none
1701	publication_component:citation:publication:doi:10.1016/j.ijbiomac.2019.01.007	requires_pubmed_lookup	missing							pubmed	exact_pmid_efetch	30611807	none
1702	publication_component:citation:publication:doi:10.1016/j.ijbiomac.2019.04.157	requires_pubmed_lookup	missing							pubmed	exact_pmid_efetch	31026524	none
1703	publication_component:citation:publication:doi:10.1016/j.ijbiomac.2019.05.172	requires_pubmed_lookup	missing							pubmed	exact_pmid_efetch	31129211	none
1704	publication_component:citation:publication:doi:10.1016/j.ijbiomac.2019.05.208	requires_pubmed_lookup	missing							pubmed	exact_pmid_efetch	31152835	none
1705	publication_component:citation:publication:doi:10.1016/j.ijbiomac.2019.10.045	requires_pubmed_lookup	missing							pubmed	exact_pmid_efetch	31726118	none
1706	publication_component:citation:publication:doi:10.1016/j.ijbiomac.2020.01.207	requires_pubmed_lookup	missing							pubmed	exact_pmid_efetch	32001281	none
1707	publication_component:citation:publication:doi:10.1016/j.ijbiomac.2020.10.151	requires_pubmed_lookup	missing							pubmed	exact_pmid_efetch	33470199	none
1708	publication_component:citation:publication:doi:10.1016/j.ijbiomac.2021.02.013	requires_pubmed_lookup	missing							pubmed	exact_pmid_efetch	33549671	none
1709	publication_component:citation:publication:doi:10.1016/j.ijbiomac.2021.05.017	requires_pubmed_lookup	missing							pubmed	exact_pmid_efetch	33971236	none
1710	publication_component:citation:publication:doi:10.1016/j.ijbiomac.2021.06.186	requires_pubmed_lookup	missing							pubmed	exact_pmid_efetch	34214574	none
1711	publication_component:citation:publication:doi:10.1016/j.ijbiomac.2021.07.163	requires_pubmed_lookup	missing							pubmed	exact_pmid_efetch	34339786	none
1712	publication_component:citation:publication:doi:10.1016/j.ijbiomac.2021.11.006	requires_pubmed_lookup	missing							pubmed	exact_pmid_efetch	34742848	none
1713	publication_component:citation:publication:doi:10.1016/j.ijbiomac.2022.01.131	requires_pubmed_lookup	missing							pubmed	exact_pmid_efetch	35090941	none
1714	publication_component:citation:publication:doi:10.1016/j.ijbiomac.2022.03.112	requires_pubmed_lookup	missing							pubmed	exact_pmid_efetch	35337917	none
1715	publication_component:citation:publication:doi:10.1016/j.ijbiomac.2022.11.303	requires_pubmed_lookup	missing							pubmed	exact_pmid_efetch	36470439	none
1716	publication_component:citation:publication:doi:10.1016/j.ijbiomac.2023.123153	requires_pubmed_lookup	missing							pubmed	exact_pmid_efetch	36610569	none
1717	publication_component:citation:publication:doi:10.1016/j.ijbiomac.2023.123374	requires_pubmed_lookup	missing							pubmed	exact_pmid_efetch	36702216	none
1718	publication_component:citation:publication:doi:10.1016/j.ijbiomac.2023.123989	requires_pubmed_lookup	missing							pubmed	exact_pmid_efetch	36921825	none
1719	publication_component:citation:publication:doi:10.1016/j.ijbiomac.2023.124480	requires_pubmed_lookup	missing							pubmed	exact_pmid_efetch	37068537	none
1720	publication_component:citation:publication:doi:10.1016/j.ijbiomac.2023.124571	requires_pubmed_lookup	missing							pubmed	exact_pmid_efetch	37100328	none
1721	publication_component:citation:publication:doi:10.1016/j.ijbiomac.2023.124907	requires_pubmed_lookup	missing							pubmed	exact_pmid_efetch	37230451	none
1722	publication_component:citation:publication:doi:10.1016/j.ijbiomac.2023.125908	requires_pubmed_lookup	missing							pubmed	exact_pmid_efetch	37482150	none
1723	publication_component:citation:publication:doi:10.1016/j.ijbiomac.2023.126148	requires_pubmed_lookup	missing							pubmed	exact_pmid_efetch	37591424	none
1724	publication_component:citation:publication:doi:10.1016/j.ijbiomac.2023.126359	requires_pubmed_lookup	missing							pubmed	exact_pmid_efetch	37619687	none
1725	publication_component:citation:publication:doi:10.1016/j.ijbiomac.2023.128218	requires_pubmed_lookup	missing							pubmed	exact_pmid_efetch	37992933	none
1726	publication_component:citation:publication:doi:10.1016/j.ijbiomac.2023.128727	requires_pubmed_lookup	missing							pubmed	exact_pmid_efetch	38092109	none
1727	publication_component:citation:publication:doi:10.1016/j.ijbiomac.2024.131733	requires_pubmed_lookup	missing							pubmed	exact_pmid_efetch	38649080	none
1728	publication_component:citation:publication:doi:10.1016/j.ijbiomac.2024.131796	requires_pubmed_lookup	missing							pubmed	exact_pmid_efetch	38677688	none
1729	publication_component:citation:publication:doi:10.1016/j.ijbiomac.2024.132278	requires_pubmed_lookup	missing							pubmed	exact_pmid_efetch	38750856	none
1730	publication_component:citation:publication:doi:10.1016/j.ijbiomac.2024.134328	requires_pubmed_lookup	missing							pubmed	exact_pmid_efetch	39098663	none
1731	publication_component:citation:publication:doi:10.1016/j.ijbiomac.2024.135366	requires_pubmed_lookup	missing							pubmed	exact_pmid_efetch	39244129	none
1732	publication_component:citation:publication:doi:10.1016/j.ijbiomac.2024.136145	requires_pubmed_lookup	missing							pubmed	exact_pmid_efetch	39353522	none
1733	publication_component:citation:publication:doi:10.1016/j.ijbiomac.2024.136273	requires_pubmed_lookup	missing							pubmed	exact_pmid_efetch	39370078	none
1734	publication_component:citation:publication:doi:10.1016/j.ijbiomac.2024.136424	requires_pubmed_lookup	missing							pubmed	exact_pmid_efetch	39393738	none
1735	publication_component:citation:publication:doi:10.1016/j.ijbiomac.2024.137306	requires_pubmed_lookup	missing							pubmed	exact_pmid_efetch	39515710	none
1736	publication_component:citation:publication:doi:10.1016/j.ijbiomac.2024.139005	requires_pubmed_lookup	missing							pubmed	exact_pmid_efetch	39708880	none
1737	publication_component:citation:publication:doi:10.1016/j.ijbiomac.2024.139187	requires_pubmed_lookup	missing							pubmed	exact_pmid_efetch	39736301	none
1738	publication_component:citation:publication:doi:10.1016/j.ijbiomac.2025.141809	requires_pubmed_lookup	missing							pubmed	exact_pmid_efetch	40057088	none
1739	publication_component:citation:publication:doi:10.1016/j.ijbiomac.2025.148075	requires_pubmed_lookup	missing							pubmed	exact_pmid_efetch	41046093	none
1740	publication_component:citation:publication:doi:10.1016/j.ijbiomac.2025.149276	requires_pubmed_lookup	missing							pubmed	exact_pmid_efetch	41308770	none
1741	publication_component:citation:publication:doi:10.1016/j.ijbiomac.2026.154050	requires_pubmed_lookup	missing							pubmed	exact_pmid_efetch	42586338	none
1742	publication_component:citation:publication:doi:10.1016/j.ijbiomac.2026.154362	requires_pubmed_lookup	missing							pubmed	exact_pmid_efetch	42702324	none
1743	publication_component:citation:publication:doi:10.1016/j.ijfoodmicro.2017.10.032	requires_pubmed_lookup	missing							pubmed	exact_pmid_efetch	29198370	none
1744	publication_component:citation:publication:doi:10.1016/j.ijfoodmicro.2018.01.005	requires_pubmed_lookup	missing							pubmed	exact_pmid_efetch	29335226	none
1745	publication_component:citation:publication:doi:10.1016/j.ijfoodmicro.2018.06.016	requires_pubmed_lookup	missing							pubmed	exact_pmid_efetch	29990637	none
1746	publication_component:citation:publication:doi:10.1016/j.ijfoodmicro.2021.109353	requires_pubmed_lookup	missing							pubmed	exact_pmid_efetch	34411997	none
1747	publication_component:citation:publication:doi:10.1016/j.ijfoodmicro.2022.109912	requires_pubmed_lookup	missing							pubmed	exact_pmid_efetch	36081243	none
1748	publication_component:citation:publication:doi:10.1016/j.ijfoodmicro.2026.111979	requires_pubmed_lookup	missing							pubmed	exact_pmid_efetch	42485680	none
1749	publication_component:citation:publication:doi:10.1016/j.ijid.2020.07.024	requires_pubmed_lookup	missing							pubmed	exact_pmid_efetch	32721529	none
1750	publication_component:citation:publication:doi:10.1016/j.ijid.2020.11.128	requires_pubmed_lookup	missing							pubmed	exact_pmid_efetch	33189939	none
1751	publication_component:citation:publication:doi:10.1016/j.ijid.2023.10.015	requires_pubmed_lookup	missing							pubmed	exact_pmid_efetch	37863309	none
1752	publication_component:citation:publication:doi:10.1016/j.ijid.2024.107262	requires_pubmed_lookup	missing							pubmed	exact_pmid_efetch	39389289	none
1753	publication_component:citation:publication:doi:10.1016/j.ijid.2025.107926	requires_pubmed_lookup	missing							pubmed	exact_pmid_efetch	40379085	none
1754	publication_component:citation:publication:doi:10.1016/j.ijmm.2018.07.002	requires_pubmed_lookup	missing							pubmed	exact_pmid_efetch	30030028	none
1755	publication_component:citation:publication:doi:10.1016/j.ijmyco.2016.11.028	requires_pubmed_lookup	missing							pubmed	exact_pmid_efetch	27931678	none
1756	publication_component:citation:publication:doi:10.1016/j.ijpara.2018.03.010	requires_pubmed_lookup	missing							pubmed	exact_pmid_efetch	29885436	none
1757	publication_component:citation:publication:doi:10.1016/j.ijpara.2025.06.001	requires_pubmed_lookup	missing							pubmed	exact_pmid_efetch	40541601	none
1758	publication_component:citation:publication:doi:10.1016/j.ijpara.2025.10.004	requires_pubmed_lookup	missing							pubmed	exact_pmid_efetch	41135799	none
1759	publication_component:citation:publication:doi:10.1016/j.ijpara.2025.104764	requires_pubmed_lookup	missing							pubmed	exact_pmid_efetch	41475532	none
1760	publication_component:citation:publication:doi:10.1016/j.immuni.2013.04.008	requires_pubmed_lookup	missing							pubmed	exact_pmid_efetch	23707475	none
1761	publication_component:citation:publication:doi:10.1016/j.immuno.2023.100021	requires_pubmed_lookup	missing							pubmed	exact_pmid_efetch	36643886	none
1762	publication_component:citation:publication:doi:10.1016/j.imu.2018.07.004	requires_openalex_lookup	not_applicable							openalex	exact_work_id	W2883955797	none
1763	publication_component:citation:publication:doi:10.1016/j.indcrop.2018.11.005	requires_openalex_lookup	not_applicable							openalex	exact_work_id	W2901865671	none
1764	publication_component:citation:publication:doi:10.1016/j.indcrop.2019.04.013	requires_openalex_lookup	not_applicable							openalex	exact_work_id	W2939495069	none
1765	publication_component:citation:publication:doi:10.1016/j.indcrop.2021.114154	requires_openalex_lookup	not_applicable							openalex	exact_work_id	W3184742137	none
1766	publication_component:citation:publication:doi:10.1016/j.indcrop.2022.115181	requires_openalex_lookup	not_applicable							openalex	exact_work_id	W4282924466	none
1767	publication_component:citation:publication:doi:10.1016/j.indcrop.2022.115336	requires_openalex_lookup	not_applicable							openalex	exact_work_id	W4286423311	none
1768	publication_component:citation:publication:doi:10.1016/j.indcrop.2022.115382	requires_openalex_lookup	not_applicable							openalex	exact_work_id	W4285890897	none
1769	publication_component:citation:publication:doi:10.1016/j.indcrop.2022.116203	requires_openalex_lookup	not_applicable							openalex	exact_work_id	W4313212502	none
1770	publication_component:citation:publication:doi:10.1016/j.indcrop.2023.116453	requires_openalex_lookup	not_applicable							openalex	exact_work_id	W4323928768	none
1771	publication_component:citation:publication:doi:10.1016/j.indcrop.2023.116877	requires_openalex_lookup	not_applicable							openalex	exact_work_id	W4376865967	none
1772	publication_component:citation:publication:doi:10.1016/j.indcrop.2023.117603	requires_openalex_lookup	not_applicable							openalex	exact_work_id	W4387762938	none
1773	publication_component:citation:publication:doi:10.1016/j.indcrop.2023.117721	requires_openalex_lookup	not_applicable							openalex	exact_work_id	W4388789628	none
1774	publication_component:citation:publication:doi:10.1016/j.indcrop.2024.118243	requires_openalex_lookup	not_applicable							openalex	exact_work_id	W4392023236	none
1775	publication_component:citation:publication:doi:10.1016/j.indcrop.2024.119490	requires_openalex_lookup	not_applicable							openalex	exact_work_id	W4401935512	none
1776	publication_component:citation:publication:doi:10.1016/j.indcrop.2025.120677	requires_openalex_lookup	not_applicable							openalex	exact_work_id	W4407683132	none
1777	publication_component:citation:publication:doi:10.1016/j.indcrop.2025.121232	requires_openalex_lookup	not_applicable							openalex	exact_work_id	W4410613095	none
1778	publication_component:citation:publication:doi:10.1016/j.indcrop.2025.121351	requires_openalex_lookup	not_applicable							openalex	exact_work_id	W4411439359	none
1779	publication_component:citation:publication:doi:10.1016/j.indcrop.2025.121544	requires_openalex_lookup	not_applicable							openalex	exact_work_id	W4412822286	none
1780	publication_component:citation:publication:doi:10.1016/j.indcrop.2025.121680	requires_openalex_lookup	not_applicable							openalex	exact_work_id	W4413114444	none
1781	publication_component:citation:publication:doi:10.1016/j.indcrop.2025.121746	requires_openalex_lookup	not_applicable							openalex	exact_work_id	W4413325136	none
1782	publication_component:citation:publication:doi:10.1016/j.indcrop.2026.122955	requires_openalex_lookup	not_applicable							openalex	exact_work_id	W7131222041	none
1783	publication_component:citation:publication:doi:10.1016/j.indcrop.2026.123397	requires_openalex_lookup	not_applicable							openalex	exact_work_id	W7161111528	none
1784	publication_component:citation:publication:doi:10.1016/j.indcrop.2026.123887	requires_openalex_lookup	not_applicable							openalex	exact_work_id	W7168132510	none
1785	publication_component:citation:publication:doi:10.1016/j.indcrop.2026.124206	requires_openalex_lookup	not_applicable							openalex	exact_work_id	W7206187764	none
1786	publication_component:citation:publication:doi:10.1016/j.indcrop.2026.124222	requires_openalex_lookup	not_applicable							openalex	exact_work_id	W7204150328	none
1787	publication_component:citation:publication:doi:10.1016/j.indcrop.2026.124291	requires_openalex_lookup	not_applicable							openalex	exact_work_id	W7205006972	none
1788	publication_component:citation:publication:doi:10.1016/j.infpip.2026.100596	requires_openalex_lookup	not_applicable							openalex	exact_work_id	W7213886390	none
1789	publication_component:citation:publication:doi:10.1016/j.isci.2020.101497	requires_pubmed_lookup	missing							pubmed	exact_pmid_efetch	32905880	none
1790	publication_component:citation:publication:doi:10.1016/j.isci.2020.101662	requires_pubmed_lookup	missing							pubmed	exact_pmid_efetch	33134892	none
1791	publication_component:citation:publication:doi:10.1016/j.isci.2020.101754	requires_pubmed_lookup	missing							pubmed	exact_pmid_efetch	33251490	none
1792	publication_component:citation:publication:doi:10.1016/j.isci.2021.102154	requires_pubmed_lookup	missing							pubmed	exact_pmid_efetch	33665572	none
1793	publication_component:citation:publication:doi:10.1016/j.isci.2021.102802	requires_pubmed_lookup	missing							pubmed	exact_pmid_efetch	34355146	none
1794	publication_component:citation:publication:doi:10.1016/j.isci.2021.102920	requires_pubmed_lookup	missing							pubmed	exact_pmid_efetch	34430810	none
1795	publication_component:citation:publication:doi:10.1016/j.isci.2021.102981	requires_pubmed_lookup	missing							pubmed	exact_pmid_efetch	34485863	none
1796	publication_component:citation:publication:doi:10.1016/j.isci.2021.103081	requires_pubmed_lookup	missing							pubmed	exact_pmid_efetch	34585119	none
1797	publication_component:citation:publication:doi:10.1016/j.isci.2021.103324	requires_pubmed_lookup	missing							pubmed	exact_pmid_efetch	34805787	none
1798	publication_component:citation:publication:doi:10.1016/j.isci.2022.103899	requires_pubmed_lookup	missing							pubmed	exact_pmid_efetch	35243257	none
1799	publication_component:citation:publication:doi:10.1016/j.isci.2022.104114	requires_pubmed_lookup	missing							pubmed	exact_pmid_efetch	35391832	none
1800	publication_component:citation:publication:doi:10.1016/j.isci.2022.104417	requires_pubmed_lookup	missing							pubmed	exact_pmid_efetch	35663011	none
1801	publication_component:citation:publication:doi:10.1016/j.isci.2022.104512	requires_pubmed_lookup	missing							pubmed	exact_pmid_efetch	35733792	none
1802	publication_component:citation:publication:doi:10.1016/j.isci.2022.104565	requires_pubmed_lookup	missing							pubmed	exact_pmid_efetch	35784787	none
1803	publication_component:citation:publication:doi:10.1016/j.isci.2022.104664	requires_pubmed_lookup	missing							pubmed	exact_pmid_efetch	35811847	none
1804	publication_component:citation:publication:doi:10.1016/j.isci.2022.104672	requires_pubmed_lookup	missing							pubmed	exact_pmid_efetch	35832892	none
1805	publication_component:citation:publication:doi:10.1016/j.isci.2022.104761	requires_pubmed_lookup	missing							pubmed	exact_pmid_efetch	35942100	none
1806	publication_component:citation:publication:doi:10.1016/j.isci.2022.104786	requires_pubmed_lookup	missing							pubmed	exact_pmid_efetch	35982793	none
1807	publication_component:citation:publication:doi:10.1016/j.isci.2022.104873	requires_pubmed_lookup	missing							pubmed	exact_pmid_efetch	36039293	none
1808	publication_component:citation:publication:doi:10.1016/j.isci.2022.104926	requires_pubmed_lookup	missing							pubmed	exact_pmid_efetch	35992303	none
1809	publication_component:citation:publication:doi:10.1016/j.isci.2022.104973	requires_pubmed_lookup	missing							pubmed	exact_pmid_efetch	36093062	none
1810	publication_component:citation:publication:doi:10.1016/j.isci.2022.105025	requires_pubmed_lookup	missing							pubmed	exact_pmid_efetch	36105587	none
1811	publication_component:citation:publication:doi:10.1016/j.isci.2022.105100	requires_pubmed_lookup	missing							pubmed	exact_pmid_efetch	36164650	none
1812	publication_component:citation:publication:doi:10.1016/j.isci.2022.105117	requires_pubmed_lookup	missing							pubmed	exact_pmid_efetch	36185367	none
1813	publication_component:citation:publication:doi:10.1016/j.isci.2022.105533	requires_pubmed_lookup	missing							pubmed	exact_pmid_efetch	36419847	none
1814	publication_component:citation:publication:doi:10.1016/j.isci.2022.105545	requires_pubmed_lookup	missing							pubmed	exact_pmid_efetch	36444293	none
1815	publication_component:citation:publication:doi:10.1016/j.isci.2022.105616	requires_pubmed_lookup	missing							pubmed	exact_pmid_efetch	36465126	none
1816	publication_component:citation:publication:doi:10.1016/j.isci.2022.105850	requires_pubmed_lookup	missing							pubmed	exact_pmid_efetch	36636341	none
1817	publication_component:citation:publication:doi:10.1016/j.isci.2023.106006	requires_pubmed_lookup	missing							pubmed	exact_pmid_efetch	36798432	none
1818	publication_component:citation:publication:doi:10.1016/j.isci.2023.106043	requires_pubmed_lookup	missing							pubmed	exact_pmid_efetch	36824284	none
1819	publication_component:citation:publication:doi:10.1016/j.isci.2023.106893	requires_pubmed_lookup	missing							pubmed	exact_pmid_efetch	37378338	none
1820	publication_component:citation:publication:doi:10.1016/j.isci.2023.107254	requires_pubmed_lookup	missing							pubmed	exact_pmid_efetch	37502259	none
1821	publication_component:citation:publication:doi:10.1016/j.isci.2023.107684	requires_pubmed_lookup	missing							pubmed	exact_pmid_efetch	37694155	none
1822	publication_component:citation:publication:doi:10.1016/j.isci.2023.107832	requires_pubmed_lookup	missing							pubmed	exact_pmid_efetch	37829199	none
1823	publication_component:citation:publication:doi:10.1016/j.isci.2023.108445	requires_pubmed_lookup	missing							pubmed	exact_pmid_efetch	38205241	none
1824	publication_component:citation:publication:doi:10.1016/j.isci.2023.108579	requires_pubmed_lookup	missing							pubmed	exact_pmid_efetch	38161420	none
1825	publication_component:citation:publication:doi:10.1016/j.isci.2024.108844	requires_pubmed_lookup	missing							pubmed	exact_pmid_efetch	38261954	none
1826	publication_component:citation:publication:doi:10.1016/j.isci.2024.108987	requires_pubmed_lookup	missing							pubmed	exact_pmid_efetch	38333711	none
1827	publication_component:citation:publication:doi:10.1016/j.isci.2024.109584	requires_pubmed_lookup	missing							pubmed	exact_pmid_efetch	38623337	none
1828	publication_component:citation:publication:doi:10.1016/j.isci.2024.110394	requires_pubmed_lookup	missing							pubmed	exact_pmid_efetch	39092175	none
1829	publication_component:citation:publication:doi:10.1016/j.isci.2024.110563	requires_pubmed_lookup	missing							pubmed	exact_pmid_efetch	39165844	none
1830	publication_component:citation:publication:doi:10.1016/j.isci.2024.110698	requires_pubmed_lookup	missing							pubmed	exact_pmid_efetch	39262811	none
1831	publication_component:citation:publication:doi:10.1016/j.isci.2024.111471	requires_pubmed_lookup	missing							pubmed	exact_pmid_efetch	39759012	none
1832	publication_component:citation:publication:doi:10.1016/j.isci.2025.111776	requires_pubmed_lookup	missing							pubmed	exact_pmid_efetch	39925424	none
1833	publication_component:citation:publication:doi:10.1016/j.isci.2025.112974	requires_pubmed_lookup	missing							pubmed	exact_pmid_efetch	40687831	none
1834	publication_component:citation:publication:doi:10.1016/j.isci.2025.113614	requires_pubmed_lookup	missing							pubmed	exact_pmid_efetch	41098777	none
1835	publication_component:citation:publication:doi:10.1016/j.isci.2025.113832	requires_pubmed_lookup	missing							pubmed	exact_pmid_efetch	41362764	none
1836	publication_component:citation:publication:doi:10.1016/j.isci.2025.114104	requires_pubmed_lookup	missing							pubmed	exact_pmid_efetch	41438047	none
1837	publication_component:citation:publication:doi:10.1016/j.isci.2025.114156	requires_pubmed_lookup	missing							pubmed	exact_pmid_efetch	41458912	none
1838	publication_component:citation:publication:doi:10.1016/j.isci.2025.114542	requires_pubmed_lookup	missing							pubmed	exact_pmid_efetch	41583562	none
1839	publication_component:citation:publication:doi:10.1016/j.isci.2026.114975	requires_pubmed_lookup	missing							pubmed	exact_pmid_efetch	41847608	none
1840	publication_component:citation:publication:doi:10.1016/j.isci.2026.115597	requires_pubmed_lookup	missing							pubmed	exact_pmid_efetch	42063550	none
1841	publication_component:citation:publication:doi:10.1016/j.isci.2026.116789	requires_pubmed_lookup	missing							pubmed	exact_pmid_efetch	42519032	none
1842	publication_component:citation:publication:doi:10.1016/j.isci.2026.117121	requires_pubmed_lookup	missing							pubmed	exact_pmid_efetch	42657078	none
1843	publication_component:citation:publication:doi:10.1016/j.jafr.2025.102386	requires_openalex_lookup	not_applicable							openalex	exact_work_id	W4414419171	none
1844	publication_component:citation:publication:doi:10.1016/j.japb.2024.07.006	requires_openalex_lookup	not_applicable							openalex	exact_work_id	W4402071723	none
1845	publication_component:citation:publication:doi:10.1016/j.japb.2026.01.001	requires_openalex_lookup	not_applicable							openalex	exact_work_id	W7133227034	none
1846	publication_component:citation:publication:doi:10.1016/j.jare.2020.04.011	requires_pubmed_lookup	missing							pubmed	exact_pmid_efetch	32455007	none
1847	publication_component:citation:publication:doi:10.1016/j.jare.2022.12.012	requires_pubmed_lookup	missing							pubmed	exact_pmid_efetch	36574947	none
1848	publication_component:citation:publication:doi:10.1016/j.jare.2023.03.006	requires_pubmed_lookup	missing							pubmed	exact_pmid_efetch	36966917	none
1849	publication_component:citation:publication:doi:10.1016/j.jare.2023.11.030	requires_pubmed_lookup	missing							pubmed	exact_pmid_efetch	38043610	none
1850	publication_component:citation:publication:doi:10.1016/j.jare.2024.12.038	requires_pubmed_lookup	missing							pubmed	exact_pmid_efetch	39732333	none
1851	publication_component:citation:publication:doi:10.1016/j.jarmap.2022.100370	requires_openalex_lookup	not_applicable							openalex	exact_work_id	W4206710075	none
1852	publication_component:citation:publication:doi:10.1016/j.jbc.2021.101043	requires_pubmed_lookup	missing							pubmed	exact_pmid_efetch	34358565	none
1853	publication_component:citation:publication:doi:10.1016/j.jbc.2022.102397	requires_pubmed_lookup	missing							pubmed	exact_pmid_efetch	35988640	none
1854	publication_component:citation:publication:doi:10.1016/j.jbc.2023.104898	requires_pubmed_lookup	missing							pubmed	exact_pmid_efetch	37295774	none
1855	publication_component:citation:publication:doi:10.1016/j.jbc.2024.105727	requires_pubmed_lookup	missing							pubmed	exact_pmid_efetch	38325739	none
1856	publication_component:citation:publication:doi:10.1016/j.jbc.2024.107365	requires_pubmed_lookup	missing							pubmed	exact_pmid_efetch	38750795	none
1857	publication_component:citation:publication:doi:10.1016/j.jbc.2024.107810	requires_pubmed_lookup	missing							pubmed	exact_pmid_efetch	39322016	none
1858	publication_component:citation:publication:doi:10.1016/j.jcv.2012.08.006	requires_pubmed_lookup	missing							pubmed	exact_pmid_efetch	22921413	none
1859	publication_component:citation:publication:doi:10.1016/j.jcz.2012.04.002	requires_openalex_lookup	not_applicable							openalex	exact_work_id	W2002977613	none
1860	publication_component:citation:publication:doi:10.1016/j.jcz.2025.08.005	requires_openalex_lookup	not_applicable							openalex	exact_work_id	W4413439844	none
1861	publication_component:citation:publication:doi:10.1016/j.jfp.2023.100201	requires_pubmed_lookup	missing							pubmed	exact_pmid_efetch	38036175	none
1862	publication_component:citation:publication:doi:10.1016/j.jfp.2024.100254	requires_pubmed_lookup	missing							pubmed	exact_pmid_efetch	38417482	none
1863	publication_component:citation:publication:doi:10.1016/j.jfp.2024.100324	requires_pubmed_lookup	missing							pubmed	exact_pmid_efetch	38960322	none
1864	publication_component:citation:publication:doi:10.1016/j.jgar.2020.11.023	requires_pubmed_lookup	missing							pubmed	exact_pmid_efetch	33321214	none
1865	publication_component:citation:publication:doi:10.1016/j.jgar.2023.02.023	requires_pubmed_lookup	missing							pubmed	exact_pmid_efetch	36906175	none
1866	publication_component:citation:publication:doi:10.1016/j.jgar.2023.04.007	requires_pubmed_lookup	missing							pubmed	exact_pmid_efetch	37120145	none
1867	publication_component:citation:publication:doi:10.1016/j.jgar.2024.04.008	requires_pubmed_lookup	missing							pubmed	exact_pmid_efetch	38759919	none
1868	publication_component:citation:publication:doi:10.1016/j.jgar.2025.04.010	requires_pubmed_lookup	missing							pubmed	exact_pmid_efetch	40306463	none
1869	publication_component:citation:publication:doi:10.1016/j.jgar.2025.06.007	requires_pubmed_lookup	missing							pubmed	exact_pmid_efetch	40543560	none
1870	publication_component:citation:publication:doi:10.1016/j.jgar.2025.08.008	requires_pubmed_lookup	missing							pubmed	exact_pmid_efetch	40840838	none
1871	publication_component:citation:publication:doi:10.1016/j.jgg.2012.06.002	requires_pubmed_lookup	missing							pubmed	exact_pmid_efetch	22835982	none
1872	publication_component:citation:publication:doi:10.1016/j.jgg.2013.09.002	requires_pubmed_lookup	missing							pubmed	exact_pmid_efetch	24156916	none
1873	publication_component:citation:publication:doi:10.1016/j.jgg.2014.11.004	requires_pubmed_lookup	missing							pubmed	exact_pmid_efetch	25619600	none
1874	publication_component:citation:publication:doi:10.1016/j.jgg.2019.02.002	requires_pubmed_lookup	missing							pubmed	exact_pmid_efetch	30867123	none
1875	publication_component:citation:publication:doi:10.1016/j.jgg.2019.10.001	requires_pubmed_lookup	missing							pubmed	exact_pmid_efetch	31761721	none
1876	publication_component:citation:publication:doi:10.1016/j.jgg.2019.12.001	requires_pubmed_lookup	missing							pubmed	exact_pmid_efetch	32081608	none
1877	publication_component:citation:publication:doi:10.1016/j.jgg.2020.11.009	requires_pubmed_lookup	missing							pubmed	exact_pmid_efetch	33753019	none
1878	publication_component:citation:publication:doi:10.1016/j.jgg.2021.02.010	requires_pubmed_lookup	missing							pubmed	exact_pmid_efetch	34011484	none
1879	publication_component:citation:publication:doi:10.1016/j.jgg.2021.05.010	requires_pubmed_lookup	missing							pubmed	exact_pmid_efetch	34801404	none
1880	publication_component:citation:publication:doi:10.1016/j.jgg.2021.06.013	requires_pubmed_lookup	missing							pubmed	exact_pmid_efetch	34872841	none
1881	publication_component:citation:publication:doi:10.1016/j.jgg.2021.10.004	requires_pubmed_lookup	missing							pubmed	exact_pmid_efetch	34757038	none
1882	publication_component:citation:publication:doi:10.1016/j.jgg.2021.12.003	requires_pubmed_lookup	missing							pubmed	exact_pmid_efetch	34954396	none
1883	publication_component:citation:publication:doi:10.1016/j.jgg.2023.03.006	requires_pubmed_lookup	missing							pubmed	exact_pmid_efetch	36935037	none
1884	publication_component:citation:publication:doi:10.1016/j.jgg.2024.03.012	requires_pubmed_lookup	missing							pubmed	exact_pmid_efetch	38575109	none
1885	publication_component:citation:publication:doi:10.1016/j.jgg.2024.12.009	requires_pubmed_lookup	missing							pubmed	exact_pmid_efetch	39709049	none
1886	publication_component:citation:publication:doi:10.1016/j.jgg.2024.12.017	requires_pubmed_lookup	missing							pubmed	exact_pmid_efetch	39746604	none
1887	publication_component:citation:publication:doi:10.1016/j.jgg.2025.02.008	requires_pubmed_lookup	missing							pubmed	exact_pmid_efetch	40020913	none
1888	publication_component:citation:publication:doi:10.1016/j.jgg.2025.08.002	requires_pubmed_lookup	missing							pubmed	exact_pmid_efetch	40834998	none
1889	publication_component:citation:publication:doi:10.1016/j.jgg.2025.09.004	requires_pubmed_lookup	missing							pubmed	exact_pmid_efetch	40946913	none
1890	publication_component:citation:publication:doi:10.1016/j.jgg.2025.09.006	requires_pubmed_lookup	missing							pubmed	exact_pmid_efetch	40975488	none
1891	publication_component:citation:publication:doi:10.1016/j.jgg.2026.04.017	requires_pubmed_lookup	missing							pubmed	exact_pmid_efetch	42103096	none
1892	publication_component:citation:publication:doi:10.1016/j.jhazmat.2021.127220	requires_pubmed_lookup	missing							pubmed	exact_pmid_efetch	34844350	none
1893	publication_component:citation:publication:doi:10.1016/j.jhazmat.2024.136627	requires_pubmed_lookup	missing							pubmed	exact_pmid_efetch	39616841	none
1894	publication_component:citation:publication:doi:10.1016/j.jhazmat.2026.141964	requires_pubmed_lookup	missing							pubmed	exact_pmid_efetch	41950838	none
1895	publication_component:citation:publication:doi:10.1016/j.jia.2023.04.011	requires_openalex_lookup	not_applicable							openalex	exact_work_id	W4365517314	none
1896	publication_component:citation:publication:doi:10.1016/j.jia.2023.07.018	requires_openalex_lookup	not_applicable							openalex	exact_work_id	W4384927115	none
1897	publication_component:citation:publication:doi:10.1016/j.jia.2024.03.043	requires_openalex_lookup	not_applicable							openalex	exact_work_id	W4392660606	none
1898	publication_component:citation:publication:doi:10.1016/j.jia.2024.07.043	requires_openalex_lookup	not_applicable							openalex	exact_work_id	W4401236079	none
1899	publication_component:citation:publication:doi:10.1016/j.jia.2024.09.022	requires_openalex_lookup	not_applicable							openalex	exact_work_id	W4402734908	none
1900	publication_component:citation:publication:doi:10.1016/j.jiac.2018.07.016	requires_pubmed_lookup	missing							pubmed	exact_pmid_efetch	30126693	none
1901	publication_component:citation:publication:doi:10.1016/j.jinf.2020.03.031	requires_pubmed_lookup	missing							pubmed	exact_pmid_efetch	32277969	none
1902	publication_component:citation:publication:doi:10.1016/j.jinf.2022.05.013	requires_pubmed_lookup	missing							pubmed	exact_pmid_efetch	35609706	none
1903	publication_component:citation:publication:doi:10.1016/j.jinf.2023.05.004	requires_pubmed_lookup	missing							pubmed	exact_pmid_efetch	37178807	none
1904	publication_component:citation:publication:doi:10.1016/j.jinsphys.2021.104284	requires_pubmed_lookup	missing							pubmed	exact_pmid_efetch	34256034	none
1905	publication_component:citation:publication:doi:10.1016/j.jip.2011.01.002	requires_pubmed_lookup	missing							pubmed	exact_pmid_efetch	21238456	none
1906	publication_component:citation:publication:doi:10.1016/j.jip.2011.10.010	requires_pubmed_lookup	missing							pubmed	exact_pmid_efetch	22041202	none
1907	publication_component:citation:publication:doi:10.1016/j.jip.2013.08.005	requires_pubmed_lookup	missing							pubmed	exact_pmid_efetch	24012501	none
1908	publication_component:citation:publication:doi:10.1016/j.jip.2021.107561	requires_pubmed_lookup	missing							pubmed	exact_pmid_efetch	33639152	none
1909	publication_component:citation:publication:doi:10.1016/j.jiph.2019.05.019	requires_pubmed_lookup	missing							pubmed	exact_pmid_efetch	31204116	none
1910	publication_component:citation:publication:doi:10.1016/j.jiph.2021.12.002	requires_pubmed_lookup	missing							pubmed	exact_pmid_efetch	34952247	none
1911	publication_component:citation:publication:doi:10.1016/j.jiph.2026.103328	requires_pubmed_lookup	missing							pubmed	exact_pmid_efetch	42556187	none
1912	publication_component:citation:publication:doi:10.1016/j.jksus.2022.102458	requires_pubmed_lookup	missing							pubmed	exact_pmid_efetch	36466790	none
1913	publication_component:citation:publication:doi:10.1016/j.jksus.2023.102710	requires_openalex_lookup	not_applicable							openalex	exact_work_id	W4376273938	none
1914	publication_component:citation:publication:doi:10.1016/j.jmb.2009.11.075	requires_pubmed_lookup	missing							pubmed	exact_pmid_efetch	20004669	none
1915	publication_component:citation:publication:doi:10.1016/j.jmb.2011.06.005	requires_pubmed_lookup	missing							pubmed	exact_pmid_efetch	21718704	none
1916	publication_component:citation:publication:doi:10.1016/j.jmb.2013.10.040	requires_pubmed_lookup	missing							pubmed	exact_pmid_efetch	24211720	none
1917	publication_component:citation:publication:doi:10.1016/j.jmb.2019.07.019	requires_pubmed_lookup	missing							pubmed	exact_pmid_efetch	31325440	none
1918	publication_component:citation:publication:doi:10.1016/j.jmb.2021.166839	requires_pubmed_lookup	missing							pubmed	exact_pmid_efetch	33539889	none
1919	publication_component:citation:publication:doi:10.1016/j.jmb.2021.166899	requires_pubmed_lookup	missing							pubmed	exact_pmid_efetch	33647291	none
1920	publication_component:citation:publication:doi:10.1016/j.jmb.2022.167563	requires_pubmed_lookup	missing							pubmed	exact_pmid_efetch	35351519	none
1921	publication_component:citation:publication:doi:10.1016/j.jmb.2023.168208	requires_pubmed_lookup	missing							pubmed	exact_pmid_efetch	37479078	none
1922	publication_component:citation:publication:doi:10.1016/j.jmb.2024.168490	requires_pubmed_lookup	missing							pubmed	exact_pmid_efetch	38355092	none
1923	publication_component:citation:publication:doi:10.1016/j.jmgm.2019.07.014	requires_pubmed_lookup	missing							pubmed	exact_pmid_efetch	31377535	none
1924	publication_component:citation:publication:doi:10.1016/j.jmii.2024.08.014	requires_pubmed_lookup	missing							pubmed	exact_pmid_efetch	39322507	none
1925	publication_component:citation:publication:doi:10.1016/j.jns.2021.120023	requires_pubmed_lookup	missing							pubmed	exact_pmid_efetch	34678659	none
1926	publication_component:citation:publication:doi:10.1016/j.jobb.2021.12.001	requires_pubmed_lookup	missing							pubmed	exact_pmid_efetch	35005525	none
1927	publication_component:citation:publication:doi:10.1016/j.jobb.2023.01.002	requires_pubmed_lookup	missing							pubmed	exact_pmid_efetch	36718149	none
1928	publication_component:citation:publication:doi:10.1016/j.jplph.2022.153786	requires_pubmed_lookup	missing							pubmed	exact_pmid_efetch	35963042	none
1929	publication_component:citation:publication:doi:10.1016/j.jprot.2013.05.034	requires_pubmed_lookup	missing							pubmed	exact_pmid_efetch	23748026	none
1930	publication_component:citation:publication:doi:10.1016/j.jprot.2014.01.013	requires_pubmed_lookup	missing							pubmed	exact_pmid_efetch	24463169	none
1931	publication_component:citation:publication:doi:10.1016/j.jprot.2014.02.024	requires_pubmed_lookup	missing							pubmed	exact_pmid_efetch	24602922	none
1932	publication_component:citation:publication:doi:10.1016/j.jprot.2015.06.007	requires_pubmed_lookup	missing							pubmed	exact_pmid_efetch	26074353	none
1933	publication_component:citation:publication:doi:10.1016/j.jprot.2015.11.019	requires_pubmed_lookup	missing							pubmed	exact_pmid_efetch	26632978	none
1934	publication_component:citation:publication:doi:10.1016/j.jprot.2018.12.014	requires_pubmed_lookup	missing							pubmed	exact_pmid_efetch	30557667	none
1935	publication_component:citation:publication:doi:10.1016/j.jsames.2025.105584	requires_openalex_lookup	not_applicable							openalex	exact_work_id	W4410470755	none
1936	publication_component:citation:publication:doi:10.1016/j.jtbi.2014.02.031	requires_pubmed_lookup	missing							pubmed	exact_pmid_efetch	24607743	none
1937	publication_component:citation:publication:doi:10.1016/j.jtbi.2014.09.004	requires_pubmed_lookup	missing							pubmed	exact_pmid_efetch	25218869	none
1938	publication_component:citation:publication:doi:10.1016/j.jtbi.2025.112355	requires_pubmed_lookup	missing							pubmed	exact_pmid_efetch	41482218	none
1939	publication_component:citation:publication:doi:10.1016/j.jtherbio.2016.12.004	requires_pubmed_lookup	missing							pubmed	exact_pmid_efetch	28166951	none
1940	publication_component:citation:publication:doi:10.1016/j.lana.2024.100786	requires_pubmed_lookup	missing							pubmed	exact_pmid_efetch	38846808	none
1941	publication_component:citation:publication:doi:10.1016/j.lanmic.2025.101176	requires_pubmed_lookup	missing							pubmed	exact_pmid_efetch	40716444	none
1942	publication_component:citation:publication:doi:10.1016/j.lansea.2025.100711	requires_pubmed_lookup	missing							pubmed	exact_pmid_efetch	41551376	none
1943	publication_component:citation:publication:doi:10.1016/j.lanwpc.2021.100130	requires_pubmed_lookup	missing							pubmed	exact_pmid_efetch	33778795	none
1944	publication_component:citation:publication:doi:10.1016/j.lanwpc.2021.100163	requires_pubmed_lookup	missing							pubmed	exact_pmid_efetch	34327365	none
1945	publication_component:citation:publication:doi:10.1016/j.lanwpc.2024.101105	requires_pubmed_lookup	missing							pubmed	exact_pmid_efetch	39022748	none
1946	publication_component:citation:publication:doi:10.1016/j.livsci.2019.103895	requires_openalex_lookup	not_applicable							openalex	exact_work_id	W2995181411	none
1947	publication_component:citation:publication:doi:10.1016/j.mambio.2018.05.001	requires_openalex_lookup	not_applicable							openalex	exact_work_id	W2799938997	none
1948	publication_component:citation:publication:doi:10.1016/j.marenvres.2023.106240	requires_pubmed_lookup	missing							pubmed	exact_pmid_efetch	37944349	none
1949	publication_component:citation:publication:doi:10.1016/j.margen.2008.06.003	requires_pubmed_lookup	missing							pubmed	exact_pmid_efetch	21798156	none
1950	publication_component:citation:publication:doi:10.1016/j.margen.2009.06.002	requires_pubmed_lookup	missing							pubmed	exact_pmid_efetch	21798179	none
1951	publication_component:citation:publication:doi:10.1016/j.margen.2013.04.001	requires_pubmed_lookup	missing							pubmed	exact_pmid_efetch	23632098	none
1952	publication_component:citation:publication:doi:10.1016/j.margen.2015.08.004	requires_pubmed_lookup	missing							pubmed	exact_pmid_efetch	26343338	none
1953	publication_component:citation:publication:doi:10.1016/j.margen.2015.09.003	requires_pubmed_lookup	missing							pubmed	exact_pmid_efetch	26388449	none
1954	publication_component:citation:publication:doi:10.1016/j.margen.2017.11.015	requires_pubmed_lookup	missing							pubmed	exact_pmid_efetch	29273445	none
1955	publication_component:citation:publication:doi:10.1016/j.margen.2017.12.004	requires_pubmed_lookup	missing							pubmed	exact_pmid_efetch	29275151	none
1956	publication_component:citation:publication:doi:10.1016/j.margen.2020.100740	requires_pubmed_lookup	missing							pubmed	exact_pmid_efetch	31937506	none
1957	publication_component:citation:publication:doi:10.1016/j.margen.2026.101265	requires_pubmed_lookup	missing							pubmed	exact_pmid_efetch	42468076	none
1958	publication_component:citation:publication:doi:10.1016/j.marpolbul.2025.117872	requires_pubmed_lookup	missing							pubmed	exact_pmid_efetch	40199006	none
1959	publication_component:citation:publication:doi:10.1016/j.mcat.2024.113874	requires_openalex_lookup	not_applicable							openalex	exact_work_id	W4391400562	none
1960	publication_component:citation:publication:doi:10.1016/j.mcpro.2022.100281	requires_pubmed_lookup	missing							pubmed	exact_pmid_efetch	35985624	none
1961	publication_component:citation:publication:doi:10.1016/j.mcpro.2023.100610	requires_pubmed_lookup	missing							pubmed	exact_pmid_efetch	37391044	none
1962	publication_component:citation:publication:doi:10.1016/j.medj.2022.09.003	requires_pubmed_lookup	missing							pubmed	exact_pmid_efetch	36198312	none
1963	publication_component:citation:publication:doi:10.1016/j.meegid.2008.09.004	requires_pubmed_lookup	missing							pubmed	exact_pmid_efetch	18940268	none
1964	publication_component:citation:publication:doi:10.1016/j.meegid.2008.10.004	requires_pubmed_lookup	missing							pubmed	exact_pmid_efetch	19007915	none
1965	publication_component:citation:publication:doi:10.1016/j.meegid.2009.03.010	requires_pubmed_lookup	missing							pubmed	exact_pmid_efetch	19442589	none
1966	publication_component:citation:publication:doi:10.1016/j.meegid.2009.04.007	requires_pubmed_lookup	missing							pubmed	exact_pmid_efetch	19379842	none
1967	publication_component:citation:publication:doi:10.1016/j.meegid.2009.06.001	requires_pubmed_lookup	missing							pubmed	exact_pmid_efetch	19524068	none
1968	publication_component:citation:publication:doi:10.1016/j.meegid.2009.11.012	requires_pubmed_lookup	missing							pubmed	exact_pmid_efetch	19931648	none
1969	publication_component:citation:publication:doi:10.1016/j.meegid.2010.04.005	requires_pubmed_lookup	missing							pubmed	exact_pmid_efetch	20434592	none
1970	publication_component:citation:publication:doi:10.1016/j.meegid.2010.04.008	requires_pubmed_lookup	missing							pubmed	exact_pmid_efetch	20435167	none
1971	publication_component:citation:publication:doi:10.1016/j.meegid.2010.08.007	requires_pubmed_lookup	missing							pubmed	exact_pmid_efetch	20849978	none
1972	publication_component:citation:publication:doi:10.1016/j.meegid.2011.02.004	requires_pubmed_lookup	missing							pubmed	exact_pmid_efetch	21324380	none
1973	publication_component:citation:publication:doi:10.1016/j.meegid.2011.12.011	requires_pubmed_lookup	missing							pubmed	exact_pmid_efetch	22226705	none
1974	publication_component:citation:publication:doi:10.1016/j.meegid.2012.02.012	requires_pubmed_lookup	missing							pubmed	exact_pmid_efetch	22406010	none
1975	publication_component:citation:publication:doi:10.1016/j.meegid.2012.02.019	requires_pubmed_lookup	missing							pubmed	exact_pmid_efetch	22426110	none
1976	publication_component:citation:publication:doi:10.1016/j.meegid.2012.03.015	requires_pubmed_lookup	missing							pubmed	exact_pmid_efetch	22484762	none
1977	publication_component:citation:publication:doi:10.1016/j.meegid.2012.04.020	requires_pubmed_lookup	missing							pubmed	exact_pmid_efetch	22575819	none
1978	publication_component:citation:publication:doi:10.1016/j.meegid.2012.04.030	requires_pubmed_lookup	missing							pubmed	exact_pmid_efetch	22580241	none
1979	publication_component:citation:publication:doi:10.1016/j.meegid.2012.05.007	requires_pubmed_lookup	missing							pubmed	exact_pmid_efetch	22634277	none
1980	publication_component:citation:publication:doi:10.1016/j.meegid.2013.01.009	requires_pubmed_lookup	missing							pubmed	exact_pmid_efetch	23357583	none
1981	publication_component:citation:publication:doi:10.1016/j.meegid.2013.01.017	requires_pubmed_lookup	missing							pubmed	exact_pmid_efetch	23403095	none
1982	publication_component:citation:publication:doi:10.1016/j.meegid.2013.03.012	requires_pubmed_lookup	missing							pubmed	exact_pmid_efetch	23583792	none
1983	publication_component:citation:publication:doi:10.1016/j.meegid.2013.07.011	requires_pubmed_lookup	missing							pubmed	exact_pmid_efetch	23871771	none
1984	publication_component:citation:publication:doi:10.1016/j.meegid.2013.11.024	requires_pubmed_lookup	missing							pubmed	exact_pmid_efetch	24309680	none
1985	publication_component:citation:publication:doi:10.1016/j.meegid.2014.03.025	requires_pubmed_lookup	missing							pubmed	exact_pmid_efetch	24704760	none
1986	publication_component:citation:publication:doi:10.1016/j.meegid.2014.04.008	requires_pubmed_lookup	missing							pubmed	exact_pmid_efetch	24747964	none
1987	publication_component:citation:publication:doi:10.1016/j.meegid.2014.05.007	requires_pubmed_lookup	missing							pubmed	exact_pmid_efetch	24820343	none
1988	publication_component:citation:publication:doi:10.1016/j.meegid.2014.10.015	requires_pubmed_lookup	missing							pubmed	exact_pmid_efetch	25446941	none
1989	publication_component:citation:publication:doi:10.1016/j.meegid.2014.12.002	requires_pubmed_lookup	missing							pubmed	exact_pmid_efetch	25489752	none
1990	publication_component:citation:publication:doi:10.1016/j.meegid.2015.02.024	requires_pubmed_lookup	missing							pubmed	exact_pmid_efetch	25745889	none
1991	publication_component:citation:publication:doi:10.1016/j.meegid.2015.03.019	requires_pubmed_lookup	missing							pubmed	exact_pmid_efetch	25801608	none
1992	publication_component:citation:publication:doi:10.1016/j.meegid.2015.03.032	requires_pubmed_lookup	missing							pubmed	exact_pmid_efetch	25861750	none
1993	publication_component:citation:publication:doi:10.1016/j.meegid.2015.04.008	requires_pubmed_lookup	missing							pubmed	exact_pmid_efetch	25891283	none
1994	publication_component:citation:publication:doi:10.1016/j.meegid.2016.03.002	requires_pubmed_lookup	missing							pubmed	exact_pmid_efetch	26961593	none
1995	publication_component:citation:publication:doi:10.1016/j.meegid.2016.03.029	requires_pubmed_lookup	missing							pubmed	exact_pmid_efetch	27060756	none
1996	publication_component:citation:publication:doi:10.1016/j.meegid.2016.04.028	requires_pubmed_lookup	missing							pubmed	exact_pmid_efetch	27117935	none
1997	publication_component:citation:publication:doi:10.1016/j.meegid.2017.05.015	requires_pubmed_lookup	missing							pubmed	exact_pmid_efetch	28533181	none
1998	publication_component:citation:publication:doi:10.1016/j.meegid.2017.09.022	requires_pubmed_lookup	missing							pubmed	exact_pmid_efetch	28943406	none
1999	publication_component:citation:publication:doi:10.1016/j.meegid.2017.09.029	requires_pubmed_lookup	missing							pubmed	exact_pmid_efetch	28951202	none
2000	publication_component:citation:publication:doi:10.1016/j.meegid.2018.01.018	requires_pubmed_lookup	missing							pubmed	exact_pmid_efetch	29413881	none
2001	publication_component:citation:publication:doi:10.1016/j.meegid.2018.04.020	requires_pubmed_lookup	missing							pubmed	exact_pmid_efetch	29678797	none
2002	publication_component:citation:publication:doi:10.1016/j.meegid.2018.07.030	requires_pubmed_lookup	missing							pubmed	exact_pmid_efetch	30053642	none
2003	publication_component:citation:publication:doi:10.1016/j.meegid.2018.08.009	requires_pubmed_lookup	missing							pubmed	exact_pmid_efetch	30118873	none
2004	publication_component:citation:publication:doi:10.1016/j.meegid.2018.12.020	requires_pubmed_lookup	missing							pubmed	exact_pmid_efetch	30576837	none
2005	publication_component:citation:publication:doi:10.1016/j.meegid.2019.01.001	requires_pubmed_lookup	missing							pubmed	exact_pmid_efetch	30611743	none
2006	publication_component:citation:publication:doi:10.1016/j.meegid.2020.104208	requires_pubmed_lookup	missing							pubmed	exact_pmid_efetch	32001386	none
2007	publication_component:citation:publication:doi:10.1016/j.meegid.2020.104353	requires_pubmed_lookup	missing							pubmed	exact_pmid_efetch	32387562	none
2008	publication_component:citation:publication:doi:10.1016/j.meegid.2020.104364	requires_pubmed_lookup	missing							pubmed	exact_pmid_efetch	32422351	none
2009	publication_component:citation:publication:doi:10.1016/j.meegid.2020.104486	requires_pubmed_lookup	missing							pubmed	exact_pmid_efetch	32771701	none
2010	publication_component:citation:publication:doi:10.1016/j.meegid.2020.104527	requires_pubmed_lookup	missing							pubmed	exact_pmid_efetch	32898687	none
2011	publication_component:citation:publication:doi:10.1016/j.meegid.2021.104706	requires_pubmed_lookup	missing							pubmed	exact_pmid_efetch	33418145	none
2012	publication_component:citation:publication:doi:10.1016/j.meegid.2021.104796	requires_pubmed_lookup	missing							pubmed	exact_pmid_efetch	33667722	none
2013	publication_component:citation:publication:doi:10.1016/j.meegid.2021.104864	requires_pubmed_lookup	missing							pubmed	exact_pmid_efetch	33866019	none
2014	publication_component:citation:publication:doi:10.1016/j.meegid.2021.104908	requires_pubmed_lookup	missing							pubmed	exact_pmid_efetch	33975022	none
2015	publication_component:citation:publication:doi:10.1016/j.meegid.2021.104941	requires_pubmed_lookup	missing							pubmed	exact_pmid_efetch	34044192	none
2016	publication_component:citation:publication:doi:10.1016/j.meegid.2021.104992	requires_pubmed_lookup	missing							pubmed	exact_pmid_efetch	34242773	none
2017	publication_component:citation:publication:doi:10.1016/j.meegid.2021.104993	requires_pubmed_lookup	missing							pubmed	exact_pmid_efetch	34242774	none
2018	publication_component:citation:publication:doi:10.1016/j.meegid.2021.105030	requires_pubmed_lookup	missing							pubmed	exact_pmid_efetch	34384937	none
2019	publication_component:citation:publication:doi:10.1016/j.meegid.2021.105057	requires_pubmed_lookup	missing							pubmed	exact_pmid_efetch	34481060	none
2020	publication_component:citation:publication:doi:10.1016/j.meegid.2022.105271	requires_pubmed_lookup	missing							pubmed	exact_pmid_efetch	35339698	none
2021	publication_component:citation:publication:doi:10.1016/j.meegid.2022.105381	requires_pubmed_lookup	missing							pubmed	exact_pmid_efetch	36309317	none
2022	publication_component:citation:publication:doi:10.1016/j.meegid.2023.105503	requires_pubmed_lookup	missing							pubmed	exact_pmid_efetch	37717798	none
2023	publication_component:citation:publication:doi:10.1016/j.meegid.2025.105726	requires_pubmed_lookup	missing							pubmed	exact_pmid_efetch	39924093	none
2024	publication_component:citation:publication:doi:10.1016/j.meegid.2025.105747	requires_pubmed_lookup	missing							pubmed	exact_pmid_efetch	40194720	none
2025	publication_component:citation:publication:doi:10.1016/j.meegid.2025.105831	requires_pubmed_lookup	missing							pubmed	exact_pmid_efetch	40972996	none
2026	publication_component:citation:publication:doi:10.1016/j.meegid.2026.105938	requires_pubmed_lookup	missing							pubmed	exact_pmid_efetch	41962875	none
2027	publication_component:citation:publication:doi:10.1016/j.meegid.2026.105992	requires_pubmed_lookup	missing							pubmed	exact_pmid_efetch	42457065	none
2028	publication_component:citation:publication:doi:10.1016/j.meegid.2026.106000	requires_pubmed_lookup	missing							pubmed	exact_pmid_efetch	42508551	none
2029	publication_component:citation:publication:doi:10.1016/j.mex.2024.102608	requires_pubmed_lookup	missing							pubmed	exact_pmid_efetch	38379718	none
2030	publication_component:citation:publication:doi:10.1016/j.mex.2024.102646	requires_pubmed_lookup	missing							pubmed	exact_pmid_efetch	38524302	none
2031	publication_component:citation:publication:doi:10.1016/j.mgene.2019.100586	requires_openalex_lookup	not_applicable							openalex	exact_work_id	W2946625007	none
2032	publication_component:citation:publication:doi:10.1016/j.micpath.2020.103997	requires_pubmed_lookup	missing							pubmed	exact_pmid_efetch	31982569	none
2033	publication_component:citation:publication:doi:10.1016/j.micpath.2020.104361	requires_pubmed_lookup	missing							pubmed	exact_pmid_efetch	32622926	none
2034	publication_component:citation:publication:doi:10.1016/j.micpath.2021.105375	requires_pubmed_lookup	missing							pubmed	exact_pmid_efetch	34974119	none
2035	publication_component:citation:publication:doi:10.1016/j.micres.2020.126410	requires_pubmed_lookup	missing							pubmed	exact_pmid_efetch	31945517	none
2036	publication_component:citation:publication:doi:10.1016/j.micres.2022.127109	requires_pubmed_lookup	missing							pubmed	exact_pmid_efetch	35803059	none
2037	publication_component:citation:publication:doi:10.1016/j.micres.2023.127461	requires_pubmed_lookup	missing							pubmed	exact_pmid_efetch	37499310	none
2038	publication_component:citation:publication:doi:10.1016/j.micres.2023.127528	requires_pubmed_lookup	missing							pubmed	exact_pmid_efetch	37918082	none
2039	publication_component:citation:publication:doi:10.1016/j.microb.2024.100165	requires_openalex_lookup	not_applicable							openalex	exact_work_id	W4402403757	none
2040	publication_component:citation:publication:doi:10.1016/j.mito.2008.11.003	requires_pubmed_lookup	missing							pubmed	exact_pmid_efetch	19070686	none
2041	publication_component:citation:publication:doi:10.1016/j.mito.2010.10.003	requires_pubmed_lookup	missing							pubmed	exact_pmid_efetch	21047565	none
2042	publication_component:citation:publication:doi:10.1016/j.mito.2014.07.012	requires_pubmed_lookup	missing							pubmed	exact_pmid_efetch	25110061	none
2043	publication_component:citation:publication:doi:10.1016/j.mito.2020.12.015	requires_pubmed_lookup	missing							pubmed	exact_pmid_efetch	33412336	none
2044	publication_component:citation:publication:doi:10.1016/j.mito.2023.01.004	requires_pubmed_lookup	missing							pubmed	exact_pmid_efetch	36690316	none
2045	publication_component:citation:publication:doi:10.1016/j.mod.2019.02.001	requires_pubmed_lookup	missing							pubmed	exact_pmid_efetch	30790628	none
2046	publication_component:citation:publication:doi:10.1016/j.molbiopara.2021.111445	requires_pubmed_lookup	missing							pubmed	exact_pmid_efetch	34942292	none
2047	publication_component:citation:publication:doi:10.1016/j.molcel.2014.02.018	requires_pubmed_lookup	missing							pubmed	exact_pmid_efetch	24657167	none
2048	publication_component:citation:publication:doi:10.1016/j.molcel.2014.11.025	requires_pubmed_lookup	missing							pubmed	exact_pmid_efetch	25544562	none
2049	publication_component:citation:publication:doi:10.1016/j.molimm.2008.09.035	requires_pubmed_lookup	missing							pubmed	exact_pmid_efetch	19081632	none
2050	publication_component:citation:publication:doi:10.1016/j.molimm.2014.10.011	requires_pubmed_lookup	missing							pubmed	exact_pmid_efetch	25458311	none
2051	publication_component:citation:publication:doi:10.1016/j.molimm.2018.04.011	requires_pubmed_lookup	missing							pubmed	exact_pmid_efetch	29723770	none
2052	publication_component:citation:publication:doi:10.1016/j.molimm.2018.12.022	requires_pubmed_lookup	missing							pubmed	exact_pmid_efetch	30597475	none
2053	publication_component:citation:publication:doi:10.1016/j.molimm.2022.07.006	requires_pubmed_lookup	missing							pubmed	exact_pmid_efetch	35908437	none
2054	publication_component:citation:publication:doi:10.1016/j.molmed.2011.12.001	requires_pubmed_lookup	missing							pubmed	exact_pmid_efetch	22240486	none
2055	publication_component:citation:publication:doi:10.1016/j.molp.2014.12.011	requires_pubmed_lookup	missing							pubmed	exact_pmid_efetch	25825286	none
2056	publication_component:citation:publication:doi:10.1016/j.molp.2015.09.002	requires_pubmed_lookup	missing							pubmed	exact_pmid_efetch	26388305	none
2057	publication_component:citation:publication:doi:10.1016/j.molp.2016.04.016	requires_pubmed_lookup	missing							pubmed	exact_pmid_efetch	27174404	none
2058	publication_component:citation:publication:doi:10.1016/j.molp.2017.05.007	requires_pubmed_lookup	missing							pubmed	exact_pmid_efetch	28552780	none
2059	publication_component:citation:publication:doi:10.1016/j.molp.2017.11.014	requires_pubmed_lookup	missing							pubmed	exact_pmid_efetch	29229569	none
2060	publication_component:citation:publication:doi:10.1016/j.molp.2018.06.001	requires_pubmed_lookup	missing							pubmed	exact_pmid_efetch	29885473	none
2061	publication_component:citation:publication:doi:10.1016/j.molp.2018.10.003	requires_pubmed_lookup	missing							pubmed	exact_pmid_efetch	30342096	none
2062	publication_component:citation:publication:doi:10.1016/j.molp.2018.12.023	requires_pubmed_lookup	missing							pubmed	exact_pmid_efetch	30630074	none
2063	publication_component:citation:publication:doi:10.1016/j.molp.2019.01.019	requires_pubmed_lookup	missing							pubmed	exact_pmid_efetch	30710646	none
2064	publication_component:citation:publication:doi:10.1016/j.molp.2019.01.021	requires_pubmed_lookup	missing							pubmed	exact_pmid_efetch	30822525	none
2065	publication_component:citation:publication:doi:10.1016/j.molp.2019.03.005	requires_pubmed_lookup	missing							pubmed	exact_pmid_efetch	30902685	none
2066	publication_component:citation:publication:doi:10.1016/j.molp.2019.05.009	requires_pubmed_lookup	missing							pubmed	exact_pmid_efetch	31145999	none
2067	publication_component:citation:publication:doi:10.1016/j.molp.2019.11.008	requires_pubmed_lookup	missing							pubmed	exact_pmid_efetch	31778843	none
2068	publication_component:citation:publication:doi:10.1016/j.molp.2020.05.011	requires_pubmed_lookup	missing							pubmed	exact_pmid_efetch	32445889	none
2069	publication_component:citation:publication:doi:10.1016/j.molp.2020.07.019	requires_pubmed_lookup	missing							pubmed	exact_pmid_efetch	32730994	none
2070	publication_component:citation:publication:doi:10.1016/j.molp.2020.11.003	requires_pubmed_lookup	missing							pubmed	exact_pmid_efetch	33171302	none
2071	publication_component:citation:publication:doi:10.1016/j.molp.2021.04.015	requires_pubmed_lookup	missing							pubmed	exact_pmid_efetch	33951484	none
2072	publication_component:citation:publication:doi:10.1016/j.molp.2021.06.017	requires_pubmed_lookup	missing							pubmed	exact_pmid_efetch	34171481	none
2073	publication_component:citation:publication:doi:10.1016/j.molp.2021.06.021	requires_pubmed_lookup	missing							pubmed	exact_pmid_efetch	34214658	none
2074	publication_component:citation:publication:doi:10.1016/j.molp.2021.12.019	requires_pubmed_lookup	missing							pubmed	exact_pmid_efetch	34979290	none
2075	publication_component:citation:publication:doi:10.1016/j.molp.2022.05.001	requires_pubmed_lookup	missing							pubmed	exact_pmid_efetch	35524410	none
2076	publication_component:citation:publication:doi:10.1016/j.molp.2022.05.013	requires_pubmed_lookup	missing							pubmed	exact_pmid_efetch	35655434	none
2077	publication_component:citation:publication:doi:10.1016/j.molp.2022.12.021	requires_pubmed_lookup	missing							pubmed	exact_pmid_efetch	36587241	none
2078	publication_component:citation:publication:doi:10.1016/j.molp.2022.12.022	requires_pubmed_lookup	missing							pubmed	exact_pmid_efetch	36588343	none
2079	publication_component:citation:publication:doi:10.1016/j.molp.2023.08.013	requires_pubmed_lookup	missing							pubmed	exact_pmid_efetch	37649255	none
2080	publication_component:citation:publication:doi:10.1016/j.molp.2024.03.009	requires_pubmed_lookup	missing							pubmed	exact_pmid_efetch	38486452	none
2081	publication_component:citation:publication:doi:10.1016/j.molp.2024.04.013	requires_pubmed_lookup	missing							pubmed	exact_pmid_efetch	38678365	none
2082	publication_component:citation:publication:doi:10.1016/j.molp.2024.12.010	requires_pubmed_lookup	missing							pubmed	exact_pmid_efetch	39702965	none
2083	publication_component:citation:publication:doi:10.1016/j.molp.2025.10.002	requires_pubmed_lookup	missing							pubmed	exact_pmid_efetch	41047632	none
2084	publication_component:citation:publication:doi:10.1016/j.molp.2026.05.003	requires_pubmed_lookup	missing							pubmed	exact_pmid_efetch	42130084	none
2085	publication_component:citation:publication:doi:10.1016/j.mrfmmm.2015.03.005	requires_pubmed_lookup	missing							pubmed	exact_pmid_efetch	25839760	none
2086	publication_component:citation:publication:doi:10.1016/j.myc.2015.12.003	requires_openalex_lookup	not_applicable							openalex	exact_work_id	W2233789237	none
2087	publication_component:citation:publication:doi:10.1016/j.neuron.2014.11.004	requires_pubmed_lookup	missing							pubmed	exact_pmid_efetch	25433640	none
2088	publication_component:citation:publication:doi:10.1016/j.neuroscience.2020.09.039	requires_pubmed_lookup	missing							pubmed	exact_pmid_efetch	33002555	none
2089	publication_component:citation:publication:doi:10.1016/j.onehlt.2024.100715	requires_pubmed_lookup	missing							pubmed	exact_pmid_efetch	39010959	none
2090	publication_component:citation:publication:doi:10.1016/j.palaeo.2025.113459	requires_openalex_lookup	not_applicable							openalex	exact_work_id	W4416713652	none
2091	publication_component:citation:publication:doi:10.1016/j.palwor.2015.01.005	requires_openalex_lookup	not_applicable							openalex	exact_work_id	W1993497386	none
2092	publication_component:citation:publication:doi:10.1016/j.palwor.2015.02.003	requires_openalex_lookup	not_applicable							openalex	exact_work_id	W2074424941	none
2093	publication_component:citation:publication:doi:10.1016/j.palwor.2015.03.004	requires_openalex_lookup	not_applicable							openalex	exact_work_id	W1967608393	none
2094	publication_component:citation:publication:doi:10.1016/j.parint.2013.03.010	requires_pubmed_lookup	missing							pubmed	exact_pmid_efetch	23602737	none
2095	publication_component:citation:publication:doi:10.1016/j.patter.2025.101184	requires_pubmed_lookup	missing							pubmed	exact_pmid_efetch	40182179	none
2096	publication_component:citation:publication:doi:10.1016/j.pbi.2007.12.003	requires_pubmed_lookup	missing							pubmed	exact_pmid_efetch	18255332	none
2097	publication_component:citation:publication:doi:10.1016/j.pbiomolbio.2018.05.004	requires_pubmed_lookup	missing							pubmed	exact_pmid_efetch	29746888	none
2098	publication_component:citation:publication:doi:10.1016/j.peptides.2017.03.007	requires_pubmed_lookup	missing							pubmed	exact_pmid_efetch	28363794	none
2099	publication_component:citation:publication:doi:10.1016/j.physa.2011.08.050	requires_openalex_lookup	not_applicable							openalex	exact_work_id	W2037627152	none
2100	publication_component:citation:publication:doi:10.1016/j.physa.2018.06.044	requires_openalex_lookup	not_applicable							openalex	exact_work_id	W2808872997	none
2101	publication_component:citation:publication:doi:10.1016/j.placenta.2011.01.005	requires_pubmed_lookup	missing							pubmed	exact_pmid_efetch	21306776	none
2102	publication_component:citation:publication:doi:10.1016/j.placenta.2011.08.006	requires_pubmed_lookup	missing							pubmed	exact_pmid_efetch	21893339	none
2103	publication_component:citation:publication:doi:10.1016/j.placenta.2021.08.048	requires_pubmed_lookup	missing							pubmed	exact_pmid_efetch	34418750	none
2104	publication_component:citation:publication:doi:10.1016/j.plantsci.2016.12.014	requires_pubmed_lookup	missing							pubmed	exact_pmid_efetch	28167034	none
2105	publication_component:citation:publication:doi:10.1016/j.plantsci.2017.09.007	requires_pubmed_lookup	missing							pubmed	exact_pmid_efetch	28969795	none
2106	publication_component:citation:publication:doi:10.1016/j.plantsci.2018.12.009	requires_pubmed_lookup	missing							pubmed	exact_pmid_efetch	30824002	none
2107	publication_component:citation:publication:doi:10.1016/j.plantsci.2021.110960	requires_pubmed_lookup	missing							pubmed	exact_pmid_efetch	34315585	none
2108	publication_component:citation:publication:doi:10.1016/j.plantsci.2021.111063	requires_pubmed_lookup	missing							pubmed	exact_pmid_efetch	34763857	none
2109	publication_component:citation:publication:doi:10.1016/j.plantsci.2022.111489	requires_pubmed_lookup	missing							pubmed	exact_pmid_efetch	36216298	none
2110	publication_component:citation:publication:doi:10.1016/j.plaphy.2022.01.015	requires_pubmed_lookup	missing							pubmed	exact_pmid_efetch	35121529	none
2111	publication_component:citation:publication:doi:10.1016/j.plaphy.2022.07.007	requires_pubmed_lookup	missing							pubmed	exact_pmid_efetch	35932656	none
2112	publication_component:citation:publication:doi:10.1016/j.plaphy.2023.107793	requires_pubmed_lookup	missing							pubmed	exact_pmid_efetch	37276808	none
2113	publication_component:citation:publication:doi:10.1016/j.plaphy.2025.110173	requires_pubmed_lookup	missing							pubmed	exact_pmid_efetch	40543148	none
2114	publication_component:citation:publication:doi:10.1016/j.plaphy.2025.110781	requires_pubmed_lookup	missing							pubmed	exact_pmid_efetch	41297421	none
2115	publication_component:citation:publication:doi:10.1016/j.plaphy.2025.110941	requires_pubmed_lookup	missing							pubmed	exact_pmid_efetch	41389388	none
2116	publication_component:citation:publication:doi:10.1016/j.plaphy.2026.111112	requires_pubmed_lookup	missing							pubmed	exact_pmid_efetch	41655510	none
2117	publication_component:citation:publication:doi:10.1016/j.plaphy.2026.111205	requires_pubmed_lookup	missing							pubmed	exact_pmid_efetch	41831414	none
2118	publication_component:citation:publication:doi:10.1016/j.plasmid.2021.102562	requires_pubmed_lookup	missing							pubmed	exact_pmid_efetch	33497686	none
2119	publication_component:citation:publication:doi:10.1016/j.pld.2018.03.001	requires_pubmed_lookup	missing							pubmed	exact_pmid_efetch	30159543	none
2120	publication_component:citation:publication:doi:10.1016/j.pld.2019.11.004	requires_pubmed_lookup	missing							pubmed	exact_pmid_efetch	32140637	none
2121	publication_component:citation:publication:doi:10.1016/j.pld.2020.05.003	requires_pubmed_lookup	missing							pubmed	exact_pmid_efetch	32695953	none
2122	publication_component:citation:publication:doi:10.1016/j.pld.2021.08.004	requires_pubmed_lookup	missing							pubmed	exact_pmid_efetch	35769590	none
2123	publication_component:citation:publication:doi:10.1016/j.pld.2023.07.004	requires_pubmed_lookup	missing							pubmed	exact_pmid_efetch	38343588	none
2124	publication_component:citation:publication:doi:10.1016/j.pld.2024.03.001	requires_pubmed_lookup	missing							pubmed	exact_pmid_efetch	39280966	none
2125	publication_component:citation:publication:doi:10.1016/j.pld.2024.03.006	requires_pubmed_lookup	missing							pubmed	exact_pmid_efetch	38798732	none
2126	publication_component:citation:publication:doi:10.1016/j.pld.2024.07.008	requires_pubmed_lookup	missing							pubmed	exact_pmid_efetch	40041560	none
2127	publication_component:citation:publication:doi:10.1016/j.pld.2024.09.009	requires_pubmed_lookup	missing							pubmed	exact_pmid_efetch	40041563	none
2128	publication_component:citation:publication:doi:10.1016/j.pld.2025.01.001	requires_pubmed_lookup	missing							pubmed	exact_pmid_efetch	40182488	none
2129	publication_component:citation:publication:doi:10.1016/j.pld.2025.07.003	requires_pubmed_lookup	missing							pubmed	exact_pmid_efetch	41054613	none
2130	publication_component:citation:publication:doi:10.1016/j.pld.2025.09.004	requires_pubmed_lookup	missing							pubmed	exact_pmid_efetch	41982294	none
2131	publication_component:citation:publication:doi:10.1016/j.pld.2025.10.002	requires_pubmed_lookup	missing							pubmed	exact_pmid_efetch	41726807	none
2132	publication_component:citation:publication:doi:10.1016/j.pld.2025.10.004	requires_pubmed_lookup	missing							pubmed	exact_pmid_efetch	42282471	none
2133	publication_component:citation:publication:doi:10.1016/j.pld.2025.12.002	requires_pubmed_lookup	missing							pubmed	exact_pmid_efetch	42282474	none
2134	publication_component:citation:publication:doi:10.1016/j.pld.2026.02.003	requires_pubmed_lookup	missing							pubmed	exact_pmid_efetch	41982296	none
2135	publication_component:citation:publication:doi:10.1016/j.pld.2026.04.004	requires_openalex_lookup	not_applicable							openalex	exact_work_id	W7155545224	none
2136	publication_component:citation:publication:doi:10.1016/j.pld.2026.04.009	requires_openalex_lookup	not_applicable							openalex	exact_work_id	W7160205283	none
2137	publication_component:citation:publication:doi:10.1016/j.pld.2026.05.005	requires_openalex_lookup	not_applicable							openalex	exact_work_id	W7161785681	none
2138	publication_component:citation:publication:doi:10.1016/j.pld.2026.05.007	requires_openalex_lookup	not_applicable							openalex	exact_work_id	W7162109789	none
2139	publication_component:citation:publication:doi:10.1016/j.pld.2026.07.012	requires_openalex_lookup	not_applicable							openalex	exact_work_id	W7171770833	none
2140	publication_component:citation:publication:doi:10.1016/j.pld.2026.07.021	requires_openalex_lookup	not_applicable							openalex	exact_work_id	W7204573685	none
2141	publication_component:citation:publication:doi:10.1016/j.pld.2026.08.003	requires_openalex_lookup	not_applicable							openalex	exact_work_id	W7204176714	none
2142	publication_component:citation:publication:doi:10.1016/j.plgene.2016.03.003	requires_openalex_lookup	not_applicable							openalex	exact_work_id	W2300634289	none
2143	publication_component:citation:publication:doi:10.1016/j.plgene.2018.04.007	requires_openalex_lookup	not_applicable							openalex	exact_work_id	W2799511000	none
2144	publication_component:citation:publication:doi:10.1016/j.plgene.2020.100244	requires_openalex_lookup	not_applicable							openalex	exact_work_id	W3043260833	none
2145	publication_component:citation:publication:doi:10.1016/j.plgene.2020.100252	requires_openalex_lookup	not_applicable							openalex	exact_work_id	W3087712548	none
2146	publication_component:citation:publication:doi:10.1016/j.plgene.2020.100270	requires_openalex_lookup	not_applicable							openalex	exact_work_id	W3115077045	none
2147	publication_component:citation:publication:doi:10.1016/j.plgene.2025.100497	requires_openalex_lookup	not_applicable							openalex	exact_work_id	W4408164937	none
2148	publication_component:citation:publication:doi:10.1016/j.plipres.2018.12.001	requires_pubmed_lookup	missing							pubmed	exact_pmid_efetch	30521822	none
2149	publication_component:citation:publication:doi:10.1016/j.plrev.2024.10.011	requires_pubmed_lookup	missing							pubmed	exact_pmid_efetch	39488136	none
2150	publication_component:citation:publication:doi:10.1016/j.pmpp.2022.101853	requires_openalex_lookup	not_applicable							openalex	exact_work_id	W4282031927	none
2151	publication_component:citation:publication:doi:10.1016/j.pmpp.2024.102242	requires_openalex_lookup	not_applicable							openalex	exact_work_id	W4391514174	none
2152	publication_component:citation:publication:doi:10.1016/j.pmpp.2026.103475	requires_openalex_lookup	not_applicable							openalex	exact_work_id	W7127267122	none
2153	publication_component:citation:publication:doi:10.1016/j.postharvbio.2022.112120	requires_openalex_lookup	not_applicable							openalex	exact_work_id	W4303649607	none
2154	publication_component:citation:publication:doi:10.1016/j.ppees.2019.02.004	requires_openalex_lookup	not_applicable							openalex	exact_work_id	W2919435941	none
2155	publication_component:citation:publication:doi:10.1016/j.precamres.2021.106312	requires_openalex_lookup	not_applicable							openalex	exact_work_id	W3190033546	none
2156	publication_component:citation:publication:doi:10.1016/j.prevetmed.2011.08.013	requires_pubmed_lookup	missing							pubmed	exact_pmid_efetch	21945812	none
2157	publication_component:citation:publication:doi:10.1016/j.prevetmed.2026.106990	requires_pubmed_lookup	missing							pubmed	exact_pmid_efetch	42628301	none
2158	publication_component:citation:publication:doi:10.1016/j.protis.2008.11.004	requires_pubmed_lookup	missing							pubmed	exact_pmid_efetch	19213601	none
2159	publication_component:citation:publication:doi:10.1016/j.protis.2011.04.002	requires_pubmed_lookup	missing							pubmed	exact_pmid_efetch	21602100	none
2160	publication_component:citation:publication:doi:10.1016/j.protis.2011.04.003	requires_pubmed_lookup	missing							pubmed	exact_pmid_efetch	21621456	none
2161	publication_component:citation:publication:doi:10.1016/j.psj.2023.102685	requires_pubmed_lookup	missing							pubmed	exact_pmid_efetch	37267711	none
2162	publication_component:citation:publication:doi:10.1016/j.psj.2023.102769	requires_pubmed_lookup	missing							pubmed	exact_pmid_efetch	37321035	none
2163	publication_component:citation:publication:doi:10.1016/j.psj.2024.103933	requires_pubmed_lookup	missing							pubmed	exact_pmid_efetch	38943801	none
2164	publication_component:citation:publication:doi:10.1016/j.psj.2025.106095	requires_pubmed_lookup	missing							pubmed	exact_pmid_efetch	41240705	none
2165	publication_component:citation:publication:doi:10.1016/j.psj.2026.106973	requires_pubmed_lookup	missing							pubmed	exact_pmid_efetch	42061252	none
2166	publication_component:citation:publication:doi:10.1016/j.redox.2016.01.008	requires_pubmed_lookup	missing							pubmed	exact_pmid_efetch	26803480	none
2167	publication_component:citation:publication:doi:10.1016/j.redox.2022.102436	requires_pubmed_lookup	missing							pubmed	exact_pmid_efetch	35998431	none
2168	publication_component:citation:publication:doi:10.1016/j.rmed.2016.05.002	requires_pubmed_lookup	missing							pubmed	exact_pmid_efetch	27296815	none
2169	publication_component:citation:publication:doi:10.1016/j.rsma.2024.104009	requires_openalex_lookup	not_applicable							openalex	exact_work_id	W4406080283	none
2170	publication_component:citation:publication:doi:10.1016/j.rvsc.2012.01.012	requires_pubmed_lookup	missing							pubmed	exact_pmid_efetch	22357366	none
2171	publication_component:citation:publication:doi:10.1016/j.sajb.2023.07.013	requires_openalex_lookup	not_applicable							openalex	exact_work_id	W4384163220	none
2172	publication_component:citation:publication:doi:10.1016/j.scib.2017.04.002	requires_pubmed_lookup	missing							pubmed	exact_pmid_efetch	36659360	none
2173	publication_component:citation:publication:doi:10.1016/j.scib.2021.02.002	requires_pubmed_lookup	missing							pubmed	exact_pmid_efetch	36654170	none
2174	publication_component:citation:publication:doi:10.1016/j.scib.2022.01.023	requires_pubmed_lookup	missing							pubmed	exact_pmid_efetch	36546235	none
2175	publication_component:citation:publication:doi:10.1016/j.scienta.2013.01.002	requires_openalex_lookup	not_applicable							openalex	exact_work_id	W2049806415	none
2176	publication_component:citation:publication:doi:10.1016/j.scienta.2023.112193	requires_openalex_lookup	not_applicable							openalex	exact_work_id	W4379647034	none
2177	publication_component:citation:publication:doi:10.1016/j.scienta.2025.114043	requires_openalex_lookup	not_applicable							openalex	exact_work_id	W4408176194	none
2178	publication_component:citation:publication:doi:10.1016/j.scienta.2026.114804	requires_openalex_lookup	not_applicable							openalex	exact_work_id	W7152542131	none
2179	publication_component:citation:publication:doi:10.1016/j.scienta.2026.115130	requires_openalex_lookup	not_applicable							openalex	exact_work_id	W7204889642	none
2180	publication_component:citation:publication:doi:10.1016/j.scitotenv.2023.165384	requires_pubmed_lookup	missing							pubmed	exact_pmid_efetch	37422237	none
2181	publication_component:citation:publication:doi:10.1016/j.scitotenv.2023.168042	requires_pubmed_lookup	missing							pubmed	exact_pmid_efetch	37898203	none
2182	publication_component:citation:publication:doi:10.1016/j.scitotenv.2024.175185	requires_pubmed_lookup	missing							pubmed	exact_pmid_efetch	39089385	none
2183	publication_component:citation:publication:doi:10.1016/j.scitotenv.2024.175358	requires_pubmed_lookup	missing							pubmed	exact_pmid_efetch	39127215	none
2184	publication_component:citation:publication:doi:10.1016/j.scitotenv.2025.180284	requires_openalex_lookup	not_applicable							openalex	exact_work_id	W4414400210	none
2185	publication_component:citation:publication:doi:10.1016/j.scitotenv.2025.181020	requires_pubmed_lookup	missing							pubmed	exact_pmid_efetch	41308471	none
2186	publication_component:citation:publication:doi:10.1016/j.semcdb.2011.12.004	requires_pubmed_lookup	missing							pubmed	exact_pmid_efetch	22210502	none
2187	publication_component:citation:publication:doi:10.1016/j.semcdb.2023.01.013	requires_pubmed_lookup	missing							pubmed	exact_pmid_efetch	36737258	none
2188	publication_component:citation:publication:doi:10.1016/j.sigpro.2026.110551	requires_openalex_lookup	not_applicable							openalex	exact_work_id	W7128504721	none
2189	publication_component:citation:publication:doi:10.1016/j.simpat.2009.09.012	requires_openalex_lookup	not_applicable							openalex	exact_work_id	W2130333402	none
2190	publication_component:citation:publication:doi:10.1016/j.sjbs.2013.09.009	requires_pubmed_lookup	missing							pubmed	exact_pmid_efetch	24600312	none
2191	publication_component:citation:publication:doi:10.1016/j.sjbs.2014.03.003	requires_pubmed_lookup	missing							pubmed	exact_pmid_efetch	24955007	none
2192	publication_component:citation:publication:doi:10.1016/j.sjbs.2021.10.070	requires_pubmed_lookup	missing							pubmed	exact_pmid_efetch	35280541	none
2193	publication_component:citation:publication:doi:10.1016/j.slasd.2024.01.006	requires_pubmed_lookup	missing							pubmed	exact_pmid_efetch	38301954	none
2194	publication_component:citation:publication:doi:10.1016/j.str.2011.02.014	requires_pubmed_lookup	missing							pubmed	exact_pmid_efetch	21565705	none
2195	publication_component:citation:publication:doi:10.1016/j.stress.2024.100505	requires_openalex_lookup	not_applicable							openalex	exact_work_id	W4399068916	none
2196	publication_component:citation:publication:doi:10.1016/j.synbio.2021.04.002	requires_pubmed_lookup	missing							pubmed	exact_pmid_efetch	33997357	none
2197	publication_component:citation:publication:doi:10.1016/j.taap.2013.04.007	requires_pubmed_lookup	missing							pubmed	exact_pmid_efetch	23602889	none
2198	publication_component:citation:publication:doi:10.1016/j.tcsw.2023.100110	requires_pubmed_lookup	missing							pubmed	exact_pmid_efetch	37559873	none
2199	publication_component:citation:publication:doi:10.1016/j.theriogenology.2019.04.023	requires_pubmed_lookup	missing							pubmed	exact_pmid_efetch	31051389	none
2200	publication_component:citation:publication:doi:10.1016/j.tig.2008.10.011	requires_pubmed_lookup	missing							pubmed	exact_pmid_efetch	19027980	none
2201	publication_component:citation:publication:doi:10.1016/j.tig.2009.03.003	requires_pubmed_lookup	missing							pubmed	exact_pmid_efetch	19349092	none
2202	publication_component:citation:publication:doi:10.1016/j.tig.2020.06.002	requires_pubmed_lookup	missing							pubmed	exact_pmid_efetch	32709458	none
2203	publication_component:citation:publication:doi:10.1016/j.tig.2020.06.014	requires_pubmed_lookup	missing							pubmed	exact_pmid_efetch	32713599	none
2204	publication_component:citation:publication:doi:10.1016/j.tig.2020.07.008	requires_pubmed_lookup	missing							pubmed	exact_pmid_efetch	32800625	none
2205	publication_component:citation:publication:doi:10.1016/j.tim.2011.07.006	requires_pubmed_lookup	missing							pubmed	exact_pmid_efetch	21872475	none
2206	publication_component:citation:publication:doi:10.1016/j.tim.2016.09.001	requires_pubmed_lookup	missing							pubmed	exact_pmid_efetch	27743750	none
2207	publication_component:citation:publication:doi:10.1016/j.tmaid.2021.102210	requires_pubmed_lookup	missing							pubmed	exact_pmid_efetch	34822976	none
2208	publication_component:citation:publication:doi:10.1016/j.tmaid.2022.102402	requires_pubmed_lookup	missing							pubmed	exact_pmid_efetch	35840078	none
2209	publication_component:citation:publication:doi:10.1016/j.tmaid.2023.102551	requires_pubmed_lookup	missing							pubmed	exact_pmid_efetch	36746267	none
2210	publication_component:citation:publication:doi:10.1016/j.toxicon.2010.03.001	requires_pubmed_lookup	missing							pubmed	exact_pmid_efetch	20211195	none
2211	publication_component:citation:publication:doi:10.1016/j.toxicon.2011.01.008	requires_pubmed_lookup	missing							pubmed	exact_pmid_efetch	21255598	none
2212	publication_component:citation:publication:doi:10.1016/j.toxicon.2012.06.011	requires_pubmed_lookup	missing							pubmed	exact_pmid_efetch	22781954	none
2213	publication_component:citation:publication:doi:10.1016/j.toxicon.2015.03.007	requires_pubmed_lookup	missing							pubmed	exact_pmid_efetch	25796346	none
2214	publication_component:citation:publication:doi:10.1016/j.toxicon.2017.01.014	requires_pubmed_lookup	missing							pubmed	exact_pmid_efetch	28115184	none
2215	publication_component:citation:publication:doi:10.1016/j.toxicon.2020.02.024	requires_pubmed_lookup	missing							pubmed	exact_pmid_efetch	32135198	none
2216	publication_component:citation:publication:doi:10.1016/j.toxicon.2023.107135	requires_pubmed_lookup	missing							pubmed	exact_pmid_efetch	37146732	none
2217	publication_component:citation:publication:doi:10.1016/j.toxicon.2024.107853	requires_pubmed_lookup	missing							pubmed	exact_pmid_efetch	38972359	none
2218	publication_component:citation:publication:doi:10.1016/j.toxicon.2026.109199	requires_pubmed_lookup	missing							pubmed	exact_pmid_efetch	42341845	none
2219	publication_component:citation:publication:doi:10.1016/j.tplants.2018.07.006	requires_pubmed_lookup	missing							pubmed	exact_pmid_efetch	30122372	none
2220	publication_component:citation:publication:doi:10.1016/j.trechm.2022.03.001	requires_openalex_lookup	not_applicable							openalex	exact_work_id	W4221021188	none
2221	publication_component:citation:publication:doi:10.1016/j.tree.2007.01.012	requires_pubmed_lookup	missing							pubmed	exact_pmid_efetch	17300853	none
2222	publication_component:citation:publication:doi:10.1016/j.tree.2010.06.007	requires_pubmed_lookup	missing							pubmed	exact_pmid_efetch	20655615	none
2223	publication_component:citation:publication:doi:10.1016/j.tree.2013.09.008	requires_pubmed_lookup	missing							pubmed	exact_pmid_efetch	24139972	none
2224	publication_component:citation:publication:doi:10.1016/j.tree.2014.07.004	requires_pubmed_lookup	missing							pubmed	exact_pmid_efetch	25086668	none
2225	publication_component:citation:publication:doi:10.1016/j.tree.2021.03.007	requires_pubmed_lookup	missing							pubmed	exact_pmid_efetch	33863602	none
2226	publication_component:citation:publication:doi:10.1016/j.ttbdis.2013.10.001	requires_pubmed_lookup	missing							pubmed	exact_pmid_efetch	24361120	none
2227	publication_component:citation:publication:doi:10.1016/j.tube.2025.102690	requires_pubmed_lookup	missing							pubmed	exact_pmid_efetch	41033137	none
2228	publication_component:citation:publication:doi:10.1016/j.vaccine.2009.09.128	requires_pubmed_lookup	missing							pubmed	exact_pmid_efetch	19837092	none
2229	publication_component:citation:publication:doi:10.1016/j.vaccine.2011.01.100	requires_pubmed_lookup	missing							pubmed	exact_pmid_efetch	21320540	none
2230	publication_component:citation:publication:doi:10.1016/j.vaccine.2020.02.050	requires_pubmed_lookup	missing							pubmed	exact_pmid_efetch	32115294	none
2231	publication_component:citation:publication:doi:10.1016/j.vetmic.2011.03.022	requires_pubmed_lookup	missing							pubmed	exact_pmid_efetch	21507587	none
2232	publication_component:citation:publication:doi:10.1016/j.vetmic.2011.04.014	requires_pubmed_lookup	missing							pubmed	exact_pmid_efetch	21565454	none
2233	publication_component:citation:publication:doi:10.1016/j.vetmic.2012.10.020	requires_pubmed_lookup	missing							pubmed	exact_pmid_efetch	23159091	none
2234	publication_component:citation:publication:doi:10.1016/j.vetmic.2013.12.023	requires_pubmed_lookup	missing							pubmed	exact_pmid_efetch	24480584	none
2235	publication_component:citation:publication:doi:10.1016/j.vetmic.2014.04.011	requires_pubmed_lookup	missing							pubmed	exact_pmid_efetch	24846753	none
2236	publication_component:citation:publication:doi:10.1016/j.vetmic.2023.109792	requires_pubmed_lookup	missing							pubmed	exact_pmid_efetch	37269712	none
2237	publication_component:citation:publication:doi:10.1016/j.vetmic.2024.110339	requires_pubmed_lookup	missing							pubmed	exact_pmid_efetch	39671757	none
2238	publication_component:citation:publication:doi:10.1016/j.vetmic.2025.110493	requires_pubmed_lookup	missing							pubmed	exact_pmid_efetch	40179487	none
2239	publication_component:citation:publication:doi:10.1016/j.vetmic.2025.110681	requires_pubmed_lookup	missing							pubmed	exact_pmid_efetch	40818301	none
2240	publication_component:citation:publication:doi:10.1016/j.virol.2008.12.018	requires_pubmed_lookup	missing							pubmed	exact_pmid_efetch	19147168	none
2241	publication_component:citation:publication:doi:10.1016/j.virol.2009.02.015	requires_pubmed_lookup	missing							pubmed	exact_pmid_efetch	19272629	none
2242	publication_component:citation:publication:doi:10.1016/j.virol.2009.12.007	requires_pubmed_lookup	missing							pubmed	exact_pmid_efetch	20060995	none
2243	publication_component:citation:publication:doi:10.1016/j.virol.2013.02.027	requires_pubmed_lookup	missing							pubmed	exact_pmid_efetch	23541083	none
2244	publication_component:citation:publication:doi:10.1016/j.virol.2015.03.029	requires_pubmed_lookup	missing							pubmed	exact_pmid_efetch	25880111	none
2245	publication_component:citation:publication:doi:10.1016/j.virol.2016.12.015	requires_pubmed_lookup	missing							pubmed	exact_pmid_efetch	28024225	none
2246	publication_component:citation:publication:doi:10.1016/j.virol.2021.09.004	requires_pubmed_lookup	missing							pubmed	exact_pmid_efetch	34598064	none
2247	publication_component:citation:publication:doi:10.1016/j.virol.2023.01.006	requires_pubmed_lookup	missing							pubmed	exact_pmid_efetch	36669329	none
2248	publication_component:citation:publication:doi:10.1016/j.virol.2025.110483	requires_pubmed_lookup	missing							pubmed	exact_pmid_efetch	40073501	none
2249	publication_component:citation:publication:doi:10.1016/j.virs.2023.12.002	requires_pubmed_lookup	missing							pubmed	exact_pmid_efetch	38070873	none
2250	publication_component:citation:publication:doi:10.1016/j.virs.2024.09.003	requires_pubmed_lookup	missing							pubmed	exact_pmid_efetch	39270985	none
2251	publication_component:citation:publication:doi:10.1016/j.virs.2025.09.009	requires_pubmed_lookup	missing							pubmed	exact_pmid_efetch	41046072	none
2252	publication_component:citation:publication:doi:10.1016/j.virusres.2013.09.032	requires_pubmed_lookup	missing							pubmed	exact_pmid_efetch	24103771	none
2253	publication_component:citation:publication:doi:10.1016/j.virusres.2018.01.014	requires_pubmed_lookup	missing							pubmed	exact_pmid_efetch	29428601	none
2254	publication_component:citation:publication:doi:10.1016/j.virusres.2018.03.020	requires_pubmed_lookup	missing							pubmed	exact_pmid_efetch	29608996	none
2255	publication_component:citation:publication:doi:10.1016/j.virusres.2018.08.006	requires_pubmed_lookup	missing							pubmed	exact_pmid_efetch	30096412	none
2256	publication_component:citation:publication:doi:10.1016/j.virusres.2019.197647	requires_pubmed_lookup	missing							pubmed	exact_pmid_efetch	31260706	none
2257	publication_component:citation:publication:doi:10.1016/j.virusres.2020.198098	requires_pubmed_lookup	missing							pubmed	exact_pmid_efetch	32687861	none
2258	publication_component:citation:publication:doi:10.1016/j.virusres.2020.198143	requires_pubmed_lookup	missing							pubmed	exact_pmid_efetch	32871208	none
2259	publication_component:citation:publication:doi:10.1016/j.virusres.2021.198472	requires_pubmed_lookup	missing							pubmed	exact_pmid_efetch	34118359	none
2260	publication_component:citation:publication:doi:10.1016/j.virusres.2021.198532	requires_pubmed_lookup	missing							pubmed	exact_pmid_efetch	34363852	none
2261	publication_component:citation:publication:doi:10.1016/j.virusres.2021.198643	requires_pubmed_lookup	missing							pubmed	exact_pmid_efetch	34848213	none
2262	publication_component:citation:publication:doi:10.1016/j.virusres.2022.198966	requires_pubmed_lookup	missing							pubmed	exact_pmid_efetch	36244617	none
2263	publication_component:citation:publication:doi:10.1016/j.virusres.2022.198975	requires_pubmed_lookup	missing							pubmed	exact_pmid_efetch	36280003	none
2264	publication_component:citation:publication:doi:10.1016/j.virusres.2024.199500	requires_pubmed_lookup	missing							pubmed	exact_pmid_efetch	39645167	none
2265	publication_component:citation:publication:doi:10.1016/j.visres.2011.02.025	requires_pubmed_lookup	missing							pubmed	exact_pmid_efetch	21385593	none
2266	publication_component:citation:publication:doi:10.1016/j.visres.2019.02.005	requires_pubmed_lookup	missing							pubmed	exact_pmid_efetch	30825468	none
2267	publication_component:citation:publication:doi:10.1016/j.visres.2024.108447	requires_pubmed_lookup	missing							pubmed	exact_pmid_efetch	38906036	none
2268	publication_component:citation:publication:doi:10.1016/j.watbs.2026.100695	requires_openalex_lookup	not_applicable							openalex	exact_work_id	W7168037611	none
2269	publication_component:citation:publication:doi:10.1016/j.watbs.2026.100701	requires_openalex_lookup	not_applicable							openalex	exact_work_id	W7170801930	none
2270	publication_component:citation:publication:doi:10.1016/j.watres.2023.120830	requires_pubmed_lookup	missing							pubmed	exact_pmid_efetch	37979567	none
2271	publication_component:citation:publication:doi:10.1016/j.watres.2025.124136	requires_pubmed_lookup	missing							pubmed	exact_pmid_efetch	40618664	none
2272	publication_component:citation:publication:doi:10.1016/j.watres.2026.125714	requires_pubmed_lookup	missing							pubmed	exact_pmid_efetch	41861559	none
2273	publication_component:citation:publication:doi:10.1016/j.xcrm.2023.100943	requires_pubmed_lookup	missing							pubmed	exact_pmid_efetch	36791724	none
2274	publication_component:citation:publication:doi:10.1016/j.xcrm.2023.101361	requires_pubmed_lookup	missing							pubmed	exact_pmid_efetch	38232695	none
2275	publication_component:citation:publication:doi:10.1016/j.xcrp.2026.103211	requires_openalex_lookup	not_applicable							openalex	exact_work_id	W7148936650	none
2276	publication_component:citation:publication:doi:10.1016/j.xgen.2023.100467	requires_pubmed_lookup	missing							pubmed	exact_pmid_efetch	38190105	none
2277	publication_component:citation:publication:doi:10.1016/j.xgen.2026.101306	requires_pubmed_lookup	missing							pubmed	exact_pmid_efetch	42508403	none
2278	publication_component:citation:publication:doi:10.1016/j.xinn.2021.100099	requires_pubmed_lookup	missing							pubmed	exact_pmid_efetch	33778799	none
2279	publication_component:citation:publication:doi:10.1016/j.xinn.2021.100116	requires_pubmed_lookup	missing							pubmed	exact_pmid_efetch	33997827	none
2280	publication_component:citation:publication:doi:10.1016/j.xinn.2021.100159	requires_pubmed_lookup	missing							pubmed	exact_pmid_efetch	34485968	none
2281	publication_component:citation:publication:doi:10.1016/j.xinn.2023.100434	requires_pubmed_lookup	missing							pubmed	exact_pmid_efetch	37215528	none
2282	publication_component:citation:publication:doi:10.1016/j.xplc.2020.100027	requires_pubmed_lookup	missing							pubmed	exact_pmid_efetch	33367231	none
2283	publication_component:citation:publication:doi:10.1016/j.xplc.2020.100079	requires_pubmed_lookup	missing							pubmed	exact_pmid_efetch	33511341	none
2284	publication_component:citation:publication:doi:10.1016/j.xplc.2021.100263	requires_pubmed_lookup	missing							pubmed	exact_pmid_efetch	35529952	none
2285	publication_component:citation:publication:doi:10.1016/j.xplc.2022.100307	requires_pubmed_lookup	missing							pubmed	exact_pmid_efetch	35605198	none
2286	publication_component:citation:publication:doi:10.1016/j.xplc.2022.100326	requires_pubmed_lookup	missing							pubmed	exact_pmid_efetch	35605203	none
2287	publication_component:citation:publication:doi:10.1016/j.xplc.2022.100333	requires_pubmed_lookup	missing							pubmed	exact_pmid_efetch	35643085	none
2288	publication_component:citation:publication:doi:10.1016/j.xplc.2022.100421	requires_pubmed_lookup	missing							pubmed	exact_pmid_efetch	35949167	none
2289	publication_component:citation:publication:doi:10.1016/j.xplc.2022.100422	requires_pubmed_lookup	missing							pubmed	exact_pmid_efetch	35957520	none
2290	publication_component:citation:publication:doi:10.1016/j.xplc.2022.100427	requires_pubmed_lookup	missing							pubmed	exact_pmid_efetch	36056558	none
2291	publication_component:citation:publication:doi:10.1016/j.xplc.2022.100432	requires_pubmed_lookup	missing							pubmed	exact_pmid_efetch	36071666	none
2292	publication_component:citation:publication:doi:10.1016/j.xplc.2022.100456	requires_pubmed_lookup	missing							pubmed	exact_pmid_efetch	36196059	none
2293	publication_component:citation:publication:doi:10.1016/j.xplc.2022.100464	requires_pubmed_lookup	missing							pubmed	exact_pmid_efetch	36303430	none
2294	publication_component:citation:publication:doi:10.1016/j.xplc.2023.100564	requires_pubmed_lookup	missing							pubmed	exact_pmid_efetch	36809882	none
2295	publication_component:citation:publication:doi:10.1016/j.xplc.2023.100591	requires_pubmed_lookup	missing							pubmed	exact_pmid_efetch	36926697	none
2296	publication_component:citation:publication:doi:10.1016/j.xplc.2023.100595	requires_pubmed_lookup	missing							pubmed	exact_pmid_efetch	36966360	none
2297	publication_component:citation:publication:doi:10.1016/j.xplc.2023.100643	requires_pubmed_lookup	missing							pubmed	exact_pmid_efetch	37381601	none
2298	publication_component:citation:publication:doi:10.1016/j.xplc.2023.100680	requires_pubmed_lookup	missing							pubmed	exact_pmid_efetch	37660252	none
2299	publication_component:citation:publication:doi:10.1016/j.xplc.2023.100681	requires_pubmed_lookup	missing							pubmed	exact_pmid_efetch	37660253	none
2300	publication_component:citation:publication:doi:10.1016/j.xplc.2024.100832	requires_pubmed_lookup	missing							pubmed	exact_pmid_efetch	38321741	none
2301	publication_component:citation:publication:doi:10.1016/j.xplc.2024.100856	requires_pubmed_lookup	missing							pubmed	exact_pmid_efetch	38431772	none
2302	publication_component:citation:publication:doi:10.1016/j.xplc.2024.101075	requires_pubmed_lookup	missing							pubmed	exact_pmid_efetch	39228129	none
2303	publication_component:citation:publication:doi:10.1016/j.xplc.2024.101131	requires_pubmed_lookup	missing							pubmed	exact_pmid_efetch	39257004	none
2304	publication_component:citation:publication:doi:10.1016/j.xplc.2024.101137	requires_pubmed_lookup	missing							pubmed	exact_pmid_efetch	39308021	none
2305	publication_component:citation:publication:doi:10.1016/j.xplc.2024.101238	requires_pubmed_lookup	missing							pubmed	exact_pmid_efetch	40071379	none
2306	publication_component:citation:publication:doi:10.1016/j.xplc.2025.101265	requires_pubmed_lookup	missing							pubmed	exact_pmid_efetch	39893516	none
2307	publication_component:citation:publication:doi:10.1016/j.xplc.2025.101286	requires_pubmed_lookup	missing							pubmed	exact_pmid_efetch	39973010	none
2308	publication_component:citation:publication:doi:10.1016/j.xplc.2025.101341	requires_pubmed_lookup	missing							pubmed	exact_pmid_efetch	40247620	none
2309	publication_component:citation:publication:doi:10.1016/j.xplc.2025.101381	requires_openalex_lookup	not_applicable							openalex	exact_doi	10.1016/j.xplc.2025.101381	none
2310	publication_component:citation:publication:doi:10.1016/j.xplc.2025.101462	requires_pubmed_lookup	missing							pubmed	exact_pmid_efetch	40685643	none
2311	publication_component:citation:publication:doi:10.1016/j.xplc.2025.101581	requires_pubmed_lookup	missing							pubmed	exact_pmid_efetch	41174878	none
2312	publication_component:citation:publication:doi:10.1016/j.xplc.2025.101626	requires_pubmed_lookup	missing							pubmed	exact_pmid_efetch	41319002	none
2313	publication_component:citation:publication:doi:10.1016/j.xplc.2026.101715	requires_pubmed_lookup	missing							pubmed	exact_pmid_efetch	41536068	none
2314	publication_component:citation:publication:doi:10.1016/j.xplc.2026.101814	requires_pubmed_lookup	missing							pubmed	exact_pmid_efetch	41808406	none
2315	publication_component:citation:publication:doi:10.1016/j.xplc.2026.101942	requires_pubmed_lookup	missing							pubmed	exact_pmid_efetch	42249611	none
2316	publication_component:citation:publication:doi:10.1016/j.xplc.2026.101985	requires_pubmed_lookup	missing							pubmed	exact_pmid_efetch	42381292	none
2317	publication_component:citation:publication:doi:10.1016/j.ydbio.2015.06.018	requires_pubmed_lookup	missing							pubmed	exact_pmid_efetch	26123745	none
2318	publication_component:citation:publication:doi:10.1016/j.ydbio.2017.02.019	requires_pubmed_lookup	missing							pubmed	exact_pmid_efetch	28283406	none
2319	publication_component:citation:publication:doi:10.1016/j.yfrne.2016.03.004	requires_pubmed_lookup	missing							pubmed	exact_pmid_efetch	27020799	none
2320	publication_component:citation:publication:doi:10.1016/j.ygcen.2009.02.005	requires_pubmed_lookup	missing							pubmed	exact_pmid_efetch	19233187	none
2321	publication_component:citation:publication:doi:10.1016/j.ygcen.2012.07.030	requires_pubmed_lookup	missing							pubmed	exact_pmid_efetch	22995712	none
2322	publication_component:citation:publication:doi:10.1016/j.ygcen.2013.01.004	requires_pubmed_lookup	missing							pubmed	exact_pmid_efetch	23370304	none
2323	publication_component:citation:publication:doi:10.1016/j.ygcen.2015.08.021	requires_pubmed_lookup	missing							pubmed	exact_pmid_efetch	26344944	none
2324	publication_component:citation:publication:doi:10.1016/j.ygcen.2018.01.005	requires_pubmed_lookup	missing							pubmed	exact_pmid_efetch	29337206	none
2325	publication_component:citation:publication:doi:10.1016/j.ygcen.2018.08.021	requires_pubmed_lookup	missing							pubmed	exact_pmid_efetch	30172709	none
2326	publication_component:citation:publication:doi:10.1016/j.ygcen.2018.11.006	requires_pubmed_lookup	missing							pubmed	exact_pmid_efetch	30448382	none
2327	publication_component:citation:publication:doi:10.1016/j.ygcen.2020.113610	requires_pubmed_lookup	missing							pubmed	exact_pmid_efetch	32916170	none
2328	publication_component:citation:publication:doi:10.1016/j.ygcen.2021.113791	requires_pubmed_lookup	missing							pubmed	exact_pmid_efetch	33872604	none
2329	publication_component:citation:publication:doi:10.1016/j.ygcen.2021.113925	requires_pubmed_lookup	missing							pubmed	exact_pmid_efetch	34624309	none
2330	publication_component:citation:publication:doi:10.1016/j.ygcen.2023.114210	requires_pubmed_lookup	missing							pubmed	exact_pmid_efetch	36646326	none
2331	publication_component:citation:publication:doi:10.1016/j.ygcen.2025.114717	requires_pubmed_lookup	missing							pubmed	exact_pmid_efetch	40139327	none
2332	publication_component:citation:publication:doi:10.1016/j.ygeno.2008.09.005	requires_pubmed_lookup	missing							pubmed	exact_pmid_efetch	18848617	none
2333	publication_component:citation:publication:doi:10.1016/j.ygeno.2011.02.007	requires_pubmed_lookup	missing							pubmed	exact_pmid_efetch	21352905	none
2334	publication_component:citation:publication:doi:10.1016/j.ygeno.2011.05.002	requires_pubmed_lookup	missing							pubmed	exact_pmid_efetch	21616136	none
2335	publication_component:citation:publication:doi:10.1016/j.ygeno.2011.12.001	requires_pubmed_lookup	missing							pubmed	exact_pmid_efetch	22193333	none
2336	publication_component:citation:publication:doi:10.1016/j.ygeno.2012.03.002	requires_pubmed_lookup	missing							pubmed	exact_pmid_efetch	22440388	none
2337	publication_component:citation:publication:doi:10.1016/j.ygeno.2013.03.001	requires_pubmed_lookup	missing							pubmed	exact_pmid_efetch	23499669	none
2338	publication_component:citation:publication:doi:10.1016/j.ygeno.2013.04.015	requires_pubmed_lookup	missing							pubmed	exact_pmid_efetch	23639478	none
2339	publication_component:citation:publication:doi:10.1016/j.ygeno.2013.04.019	requires_pubmed_lookup	missing							pubmed	exact_pmid_efetch	23657135	none
2340	publication_component:citation:publication:doi:10.1016/j.ygeno.2013.07.003	requires_pubmed_lookup	missing							pubmed	exact_pmid_efetch	23867109	none
2341	publication_component:citation:publication:doi:10.1016/j.ygeno.2013.10.002	requires_pubmed_lookup	missing							pubmed	exact_pmid_efetch	24140261	none
2342	publication_component:citation:publication:doi:10.1016/j.ygeno.2014.06.001	requires_pubmed_lookup	missing							pubmed	exact_pmid_efetch	24930720	none
2343	publication_component:citation:publication:doi:10.1016/j.ygeno.2014.11.003	requires_pubmed_lookup	missing							pubmed	exact_pmid_efetch	25451741	none
2344	publication_component:citation:publication:doi:10.1016/j.ygeno.2015.11.001	requires_pubmed_lookup	missing							pubmed	exact_pmid_efetch	26562439	none
2345	publication_component:citation:publication:doi:10.1016/j.ygeno.2017.05.003	requires_pubmed_lookup	missing							pubmed	exact_pmid_efetch	28502783	none
2346	publication_component:citation:publication:doi:10.1016/j.ygeno.2018.02.015	requires_pubmed_lookup	missing							pubmed	exact_pmid_efetch	29526483	none
2347	publication_component:citation:publication:doi:10.1016/j.ygeno.2018.03.018	requires_pubmed_lookup	missing							pubmed	exact_pmid_efetch	29621573	none
2348	publication_component:citation:publication:doi:10.1016/j.ygeno.2018.04.003	requires_pubmed_lookup	missing							pubmed	exact_pmid_efetch	29655905	none
2349	publication_component:citation:publication:doi:10.1016/j.ygeno.2018.07.016	requires_pubmed_lookup	missing							pubmed	exact_pmid_efetch	30063977	none
2350	publication_component:citation:publication:doi:10.1016/j.ygeno.2020.01.023	requires_pubmed_lookup	missing							pubmed	exact_pmid_efetch	32027956	none
2351	publication_component:citation:publication:doi:10.1016/j.ygeno.2020.02.008	requires_pubmed_lookup	missing							pubmed	exact_pmid_efetch	32057915	none
2352	publication_component:citation:publication:doi:10.1016/j.ygeno.2020.02.018	requires_pubmed_lookup	missing							pubmed	exact_pmid_efetch	32135299	none
2353	publication_component:citation:publication:doi:10.1016/j.ygeno.2020.05.012	requires_pubmed_lookup	missing							pubmed	exact_pmid_efetch	32417292	none
2354	publication_component:citation:publication:doi:10.1016/j.ygeno.2020.06.031	requires_pubmed_lookup	missing							pubmed	exact_pmid_efetch	32585175	none
2355	publication_component:citation:publication:doi:10.1016/j.ygeno.2020.06.039	requires_pubmed_lookup	missing							pubmed	exact_pmid_efetch	32619573	none
2356	publication_component:citation:publication:doi:10.1016/j.ygeno.2020.07.034	requires_pubmed_lookup	missing							pubmed	exact_pmid_efetch	32717318	none
2357	publication_component:citation:publication:doi:10.1016/j.ygeno.2020.07.041	requires_pubmed_lookup	missing							pubmed	exact_pmid_efetch	32738270	none
2358	publication_component:citation:publication:doi:10.1016/j.ygeno.2020.07.047	requires_pubmed_lookup	missing							pubmed	exact_pmid_efetch	32771623	none
2359	publication_component:citation:publication:doi:10.1016/j.ygeno.2020.08.020	requires_pubmed_lookup	missing							pubmed	exact_pmid_efetch	32818633	none
2360	publication_component:citation:publication:doi:10.1016/j.ygeno.2020.09.066	requires_pubmed_lookup	missing							pubmed	exact_pmid_efetch	33022358	none
2361	publication_component:citation:publication:doi:10.1016/j.ygeno.2020.11.015	requires_pubmed_lookup	missing							pubmed	exact_pmid_efetch	33221517	none
2362	publication_component:citation:publication:doi:10.1016/j.ygeno.2021.03.032	requires_pubmed_lookup	missing							pubmed	exact_pmid_efetch	33812898	none
2363	publication_component:citation:publication:doi:10.1016/j.ygeno.2021.05.019	requires_pubmed_lookup	missing							pubmed	exact_pmid_efetch	34022344	none
2364	publication_component:citation:publication:doi:10.1016/j.ygeno.2021.05.040	requires_pubmed_lookup	missing							pubmed	exact_pmid_efetch	34091007	none
2365	publication_component:citation:publication:doi:10.1016/j.ygeno.2021.05.042	requires_pubmed_lookup	missing							pubmed	exact_pmid_efetch	34089785	none
2366	publication_component:citation:publication:doi:10.1016/j.ygeno.2021.06.028	requires_pubmed_lookup	missing							pubmed	exact_pmid_efetch	34166750	none
2367	publication_component:citation:publication:doi:10.1016/j.ygeno.2021.07.017	requires_pubmed_lookup	missing							pubmed	exact_pmid_efetch	34303807	none
2368	publication_component:citation:publication:doi:10.1016/j.ygeno.2021.08.021	requires_pubmed_lookup	missing							pubmed	exact_pmid_efetch	34455036	none
2369	publication_component:citation:publication:doi:10.1016/j.ygeno.2021.09.007	requires_pubmed_lookup	missing							pubmed	exact_pmid_efetch	34520805	none
2370	publication_component:citation:publication:doi:10.1016/j.ygeno.2021.11.001	requires_pubmed_lookup	missing							pubmed	exact_pmid_efetch	34748900	none
2371	publication_component:citation:publication:doi:10.1016/j.ygeno.2021.12.018	requires_pubmed_lookup	missing							pubmed	exact_pmid_efetch	34954349	none
2372	publication_component:citation:publication:doi:10.1016/j.ygeno.2022.110297	requires_pubmed_lookup	missing							pubmed	exact_pmid_efetch	35134501	none
2373	publication_component:citation:publication:doi:10.1016/j.ygeno.2022.110359	requires_pubmed_lookup	missing							pubmed	exact_pmid_efetch	35364265	none
2374	publication_component:citation:publication:doi:10.1016/j.ygeno.2022.110382	requires_pubmed_lookup	missing							pubmed	exact_pmid_efetch	35526741	none
2375	publication_component:citation:publication:doi:10.1016/j.ygeno.2022.110400	requires_pubmed_lookup	missing							pubmed	exact_pmid_efetch	35691507	none
2376	publication_component:citation:publication:doi:10.1016/j.ygeno.2022.110472	requires_pubmed_lookup	missing							pubmed	exact_pmid_efetch	36055573	none
2377	publication_component:citation:publication:doi:10.1016/j.ygeno.2022.110518	requires_pubmed_lookup	missing							pubmed	exact_pmid_efetch	36347326	none
2378	publication_component:citation:publication:doi:10.1016/j.ygeno.2023.110571	requires_pubmed_lookup	missing							pubmed	exact_pmid_efetch	36746219	none
2379	publication_component:citation:publication:doi:10.1016/j.ygeno.2023.110582	requires_pubmed_lookup	missing							pubmed	exact_pmid_efetch	36796653	none
2380	publication_component:citation:publication:doi:10.1016/j.ygeno.2023.110617	requires_pubmed_lookup	missing							pubmed	exact_pmid_efetch	37001742	none
2381	publication_component:citation:publication:doi:10.1016/j.ygeno.2023.110627	requires_pubmed_lookup	missing							pubmed	exact_pmid_efetch	37062364	none
2382	publication_component:citation:publication:doi:10.1016/j.ygeno.2023.110729	requires_pubmed_lookup	missing							pubmed	exact_pmid_efetch	37852332	none
2383	publication_component:citation:publication:doi:10.1016/j.ygeno.2023.110736	requires_pubmed_lookup	missing							pubmed	exact_pmid_efetch	39491176	none
2384	publication_component:citation:publication:doi:10.1016/j.ygeno.2023.110757	requires_pubmed_lookup	missing							pubmed	exact_pmid_efetch	38061482	none
2385	publication_component:citation:publication:doi:10.1016/j.ygeno.2024.110841	requires_pubmed_lookup	missing							pubmed	exact_pmid_efetch	38599255	none
2386	publication_component:citation:publication:doi:10.1016/j.ygeno.2024.110873	requires_pubmed_lookup	missing							pubmed	exact_pmid_efetch	38823464	none
2387	publication_component:citation:publication:doi:10.1016/j.ygeno.2024.110915	requires_pubmed_lookup	missing							pubmed	exact_pmid_efetch	39134161	none
2388	publication_component:citation:publication:doi:10.1016/j.ygeno.2025.111007	requires_pubmed_lookup	missing							pubmed	exact_pmid_efetch	39863185	none
2389	publication_component:citation:publication:doi:10.1016/j.ygeno.2025.111010	requires_pubmed_lookup	missing							pubmed	exact_pmid_efetch	39880050	none
2390	publication_component:citation:publication:doi:10.1016/j.ygeno.2025.111029	requires_pubmed_lookup	missing							pubmed	exact_pmid_efetch	40068802	none
2391	publication_component:citation:publication:doi:10.1016/j.ygeno.2025.111057	requires_pubmed_lookup	missing							pubmed	exact_pmid_efetch	40349991	none
2392	publication_component:citation:publication:doi:10.1016/j.ygeno.2025.111070	requires_pubmed_lookup	missing							pubmed	exact_pmid_efetch	40513969	none
2393	publication_component:citation:publication:doi:10.1016/j.ygeno.2025.111075	requires_pubmed_lookup	missing							pubmed	exact_pmid_efetch	40618937	none
2394	publication_component:citation:publication:doi:10.1016/j.ygeno.2025.111165	requires_pubmed_lookup	missing							pubmed	exact_pmid_efetch	41330437	none
2395	publication_component:citation:publication:doi:10.1016/j.ygeno.2026.111226	requires_pubmed_lookup	missing							pubmed	exact_pmid_efetch	41812733	none
2396	publication_component:citation:publication:doi:10.1016/j.ygeno.2026.111253	requires_pubmed_lookup	missing							pubmed	exact_pmid_efetch	42002238	none
2397	publication_component:citation:publication:doi:10.1016/j.ymben.2019.12.001	requires_pubmed_lookup	missing							pubmed	exact_pmid_efetch	31821864	none
2398	publication_component:citation:publication:doi:10.1016/j.ymeth.2019.05.002	requires_pubmed_lookup	missing							pubmed	exact_pmid_efetch	31059831	none
2399	publication_component:citation:publication:doi:10.1016/j.ymeth.2021.11.013	requires_pubmed_lookup	missing							pubmed	exact_pmid_efetch	34883238	none
2400	publication_component:citation:publication:doi:10.1016/j.ympev.2008.09.009	requires_pubmed_lookup	missing							pubmed	exact_pmid_efetch	18838124	none
2401	publication_component:citation:publication:doi:10.1016/j.ympev.2008.12.018	requires_pubmed_lookup	missing							pubmed	exact_pmid_efetch	19141323	none
2402	publication_component:citation:publication:doi:10.1016/j.ympev.2009.01.011	requires_pubmed_lookup	missing							pubmed	exact_pmid_efetch	19475713	none
2403	publication_component:citation:publication:doi:10.1016/j.ympev.2009.01.020	requires_pubmed_lookup	missing							pubmed	exact_pmid_efetch	19444960	none
2404	publication_component:citation:publication:doi:10.1016/j.ympev.2009.02.010	requires_pubmed_lookup	missing							pubmed	exact_pmid_efetch	19249376	none
2405	publication_component:citation:publication:doi:10.1016/j.ympev.2009.02.015	requires_pubmed_lookup	missing							pubmed	exact_pmid_efetch	19254769	none
2406	publication_component:citation:publication:doi:10.1016/j.ympev.2009.06.003	requires_pubmed_lookup	missing							pubmed	exact_pmid_efetch	19524053	none
2407	publication_component:citation:publication:doi:10.1016/j.ympev.2009.07.035	requires_pubmed_lookup	missing							pubmed	exact_pmid_efetch	19660560	none
2408	publication_component:citation:publication:doi:10.1016/j.ympev.2009.08.007	requires_pubmed_lookup	missing							pubmed	exact_pmid_efetch	19683587	none
2409	publication_component:citation:publication:doi:10.1016/j.ympev.2009.08.019	requires_pubmed_lookup	missing							pubmed	exact_pmid_efetch	19699810	none
2410	publication_component:citation:publication:doi:10.1016/j.ympev.2009.09.011	requires_pubmed_lookup	missing							pubmed	exact_pmid_efetch	19761858	none
2411	publication_component:citation:publication:doi:10.1016/j.ympev.2009.10.007	requires_pubmed_lookup	missing							pubmed	exact_pmid_efetch	19822217	none
2412	publication_component:citation:publication:doi:10.1016/j.ympev.2009.11.021	requires_pubmed_lookup	missing							pubmed	exact_pmid_efetch	19944772	none
2413	publication_component:citation:publication:doi:10.1016/j.ympev.2009.12.023	requires_pubmed_lookup	missing							pubmed	exact_pmid_efetch	20040379	none
2414	publication_component:citation:publication:doi:10.1016/j.ympev.2010.01.036	requires_pubmed_lookup	missing							pubmed	exact_pmid_efetch	20138224	none
2415	publication_component:citation:publication:doi:10.1016/j.ympev.2010.03.035	requires_pubmed_lookup	missing							pubmed	exact_pmid_efetch	20363347	none
2416	publication_component:citation:publication:doi:10.1016/j.ympev.2010.04.003	requires_pubmed_lookup	missing							pubmed	exact_pmid_efetch	20382245	none
2417	publication_component:citation:publication:doi:10.1016/j.ympev.2010.06.011	requires_pubmed_lookup	missing							pubmed	exact_pmid_efetch	20601012	none
2418	publication_component:citation:publication:doi:10.1016/j.ympev.2010.10.012	requires_pubmed_lookup	missing							pubmed	exact_pmid_efetch	20971199	none
2419	publication_component:citation:publication:doi:10.1016/j.ympev.2010.11.005	requires_pubmed_lookup	missing							pubmed	exact_pmid_efetch	21074627	none
2420	publication_component:citation:publication:doi:10.1016/j.ympev.2011.03.023	requires_pubmed_lookup	missing							pubmed	exact_pmid_efetch	21439389	none
2421	publication_component:citation:publication:doi:10.1016/j.ympev.2011.06.008	requires_pubmed_lookup	missing							pubmed	exact_pmid_efetch	21723398	none
2422	publication_component:citation:publication:doi:10.1016/j.ympev.2011.10.022	requires_pubmed_lookup	missing							pubmed	exact_pmid_efetch	22100825	none
2423	publication_component:citation:publication:doi:10.1016/j.ympev.2011.11.013	requires_pubmed_lookup	missing							pubmed	exact_pmid_efetch	22120064	none
2424	publication_component:citation:publication:doi:10.1016/j.ympev.2011.12.008	requires_pubmed_lookup	missing							pubmed	exact_pmid_efetch	22197807	none
2425	publication_component:citation:publication:doi:10.1016/j.ympev.2012.02.025	requires_pubmed_lookup	missing							pubmed	exact_pmid_efetch	22410652	none
2426	publication_component:citation:publication:doi:10.1016/j.ympev.2012.05.004	requires_pubmed_lookup	missing							pubmed	exact_pmid_efetch	22609823	none
2427	publication_component:citation:publication:doi:10.1016/j.ympev.2012.05.005	requires_pubmed_lookup	missing							pubmed	exact_pmid_efetch	22626621	none
2428	publication_component:citation:publication:doi:10.1016/j.ympev.2012.05.012	requires_pubmed_lookup	missing							pubmed	exact_pmid_efetch	22634936	none
2429	publication_component:citation:publication:doi:10.1016/j.ympev.2012.05.035	requires_pubmed_lookup	missing							pubmed	exact_pmid_efetch	22699157	none
2430	publication_component:citation:publication:doi:10.1016/j.ympev.2012.06.010	requires_pubmed_lookup	missing							pubmed	exact_pmid_efetch	22750111	none
2431	publication_component:citation:publication:doi:10.1016/j.ympev.2012.06.017	requires_pubmed_lookup	missing							pubmed	exact_pmid_efetch	22760027	none
2432	publication_component:citation:publication:doi:10.1016/j.ympev.2012.09.006	requires_pubmed_lookup	missing							pubmed	exact_pmid_efetch	23000817	none
2433	publication_component:citation:publication:doi:10.1016/j.ympev.2012.12.002	requires_pubmed_lookup	missing							pubmed	exact_pmid_efetch	23261710	none
2434	publication_component:citation:publication:doi:10.1016/j.ympev.2013.02.008	requires_pubmed_lookup	missing							pubmed	exact_pmid_efetch	23454091	none
2435	publication_component:citation:publication:doi:10.1016/j.ympev.2013.02.017	requires_pubmed_lookup	missing							pubmed	exact_pmid_efetch	23485918	none
2436	publication_component:citation:publication:doi:10.1016/j.ympev.2013.03.030	requires_pubmed_lookup	missing							pubmed	exact_pmid_efetch	23567023	none
2437	publication_component:citation:publication:doi:10.1016/j.ympev.2013.03.032	requires_pubmed_lookup	missing							pubmed	exact_pmid_efetch	23591087	none
2438	publication_component:citation:publication:doi:10.1016/j.ympev.2013.04.024	requires_pubmed_lookup	missing							pubmed	exact_pmid_efetch	23665037	none
2439	publication_component:citation:publication:doi:10.1016/j.ympev.2013.06.001	requires_pubmed_lookup	missing							pubmed	exact_pmid_efetch	23764338	none
2440	publication_component:citation:publication:doi:10.1016/j.ympev.2013.06.003	requires_pubmed_lookup	missing							pubmed	exact_pmid_efetch	23770436	none
2441	publication_component:citation:publication:doi:10.1016/j.ympev.2013.06.007	requires_pubmed_lookup	missing							pubmed	exact_pmid_efetch	23811434	none
2442	publication_component:citation:publication:doi:10.1016/j.ympev.2013.10.016	requires_pubmed_lookup	missing							pubmed	exact_pmid_efetch	24184542	none
2443	publication_component:citation:publication:doi:10.1016/j.ympev.2013.10.018	requires_pubmed_lookup	missing							pubmed	exact_pmid_efetch	24216019	none
2444	publication_component:citation:publication:doi:10.1016/j.ympev.2013.11.004	requires_pubmed_lookup	missing							pubmed	exact_pmid_efetch	24269317	none
2445	publication_component:citation:publication:doi:10.1016/j.ympev.2014.01.011	requires_pubmed_lookup	missing							pubmed	exact_pmid_efetch	24472673	none
2446	publication_component:citation:publication:doi:10.1016/j.ympev.2014.01.018	requires_pubmed_lookup	missing							pubmed	exact_pmid_efetch	24503481	none
2447	publication_component:citation:publication:doi:10.1016/j.ympev.2014.01.030	requires_pubmed_lookup	missing							pubmed	exact_pmid_efetch	24530637	none
2448	publication_component:citation:publication:doi:10.1016/j.ympev.2014.02.023	requires_pubmed_lookup	missing							pubmed	exact_pmid_efetch	24583291	none
2449	publication_component:citation:publication:doi:10.1016/j.ympev.2014.04.029	requires_pubmed_lookup	missing							pubmed	exact_pmid_efetch	24821621	none
2450	publication_component:citation:publication:doi:10.1016/j.ympev.2014.05.007	requires_pubmed_lookup	missing							pubmed	exact_pmid_efetch	24845789	none
2451	publication_component:citation:publication:doi:10.1016/j.ympev.2014.05.021	requires_pubmed_lookup	missing							pubmed	exact_pmid_efetch	24862224	none
2452	publication_component:citation:publication:doi:10.1016/j.ympev.2014.06.003	requires_pubmed_lookup	missing							pubmed	exact_pmid_efetch	24929245	none
2453	publication_component:citation:publication:doi:10.1016/j.ympev.2014.07.001	requires_pubmed_lookup	missing							pubmed	exact_pmid_efetch	25017510	none
2454	publication_component:citation:publication:doi:10.1016/j.ympev.2014.08.021	requires_pubmed_lookup	missing							pubmed	exact_pmid_efetch	25173567	none
2455	publication_component:citation:publication:doi:10.1016/j.ympev.2015.03.018	requires_pubmed_lookup	missing							pubmed	exact_pmid_efetch	25837731	none
2456	publication_component:citation:publication:doi:10.1016/j.ympev.2015.05.006	requires_pubmed_lookup	missing							pubmed	exact_pmid_efetch	26025428	none
2457	publication_component:citation:publication:doi:10.1016/j.ympev.2015.07.010	requires_pubmed_lookup	missing							pubmed	exact_pmid_efetch	26220838	none
2458	publication_component:citation:publication:doi:10.1016/j.ympev.2015.11.002	requires_pubmed_lookup	missing							pubmed	exact_pmid_efetch	26596502	none
2459	publication_component:citation:publication:doi:10.1016/j.ympev.2016.01.008	requires_pubmed_lookup	missing							pubmed	exact_pmid_efetch	26811877	none
2460	publication_component:citation:publication:doi:10.1016/j.ympev.2016.03.027	requires_pubmed_lookup	missing							pubmed	exact_pmid_efetch	27015897	none
2461	publication_component:citation:publication:doi:10.1016/j.ympev.2016.05.021	requires_pubmed_lookup	missing							pubmed	exact_pmid_efetch	27233434	none
2462	publication_component:citation:publication:doi:10.1016/j.ympev.2016.09.017	requires_pubmed_lookup	missing							pubmed	exact_pmid_efetch	27659724	none
2463	publication_component:citation:publication:doi:10.1016/j.ympev.2016.11.001	requires_pubmed_lookup	missing							pubmed	exact_pmid_efetch	27816710	none
2464	publication_component:citation:publication:doi:10.1016/j.ympev.2016.11.007	requires_pubmed_lookup	missing							pubmed	exact_pmid_efetch	27845203	none
2465	publication_component:citation:publication:doi:10.1016/j.ympev.2016.11.018	requires_pubmed_lookup	missing							pubmed	exact_pmid_efetch	27908741	none
2466	publication_component:citation:publication:doi:10.1016/j.ympev.2016.12.001	requires_pubmed_lookup	missing							pubmed	exact_pmid_efetch	27998817	none
2467	publication_component:citation:publication:doi:10.1016/j.ympev.2017.01.005	requires_pubmed_lookup	missing							pubmed	exact_pmid_efetch	28089793	none
2468	publication_component:citation:publication:doi:10.1016/j.ympev.2017.01.020	requires_pubmed_lookup	missing							pubmed	exact_pmid_efetch	28193458	none
2469	publication_component:citation:publication:doi:10.1016/j.ympev.2017.03.017	requires_pubmed_lookup	missing							pubmed	exact_pmid_efetch	28347887	none
2470	publication_component:citation:publication:doi:10.1016/j.ympev.2017.04.010	requires_pubmed_lookup	missing							pubmed	exact_pmid_efetch	28411162	none
2471	publication_component:citation:publication:doi:10.1016/j.ympev.2017.05.010	requires_pubmed_lookup	missing							pubmed	exact_pmid_efetch	28506933	none
2472	publication_component:citation:publication:doi:10.1016/j.ympev.2017.07.003	requires_pubmed_lookup	missing							pubmed	exact_pmid_efetch	28694102	none
2473	publication_component:citation:publication:doi:10.1016/j.ympev.2017.07.014	requires_pubmed_lookup	missing							pubmed	exact_pmid_efetch	28739369	none
2474	publication_component:citation:publication:doi:10.1016/j.ympev.2017.08.004	requires_pubmed_lookup	missing							pubmed	exact_pmid_efetch	28804036	none
2475	publication_component:citation:publication:doi:10.1016/j.ympev.2017.09.016	requires_pubmed_lookup	missing							pubmed	exact_pmid_efetch	28943375	none
2476	publication_component:citation:publication:doi:10.1016/j.ympev.2017.11.018	requires_pubmed_lookup	missing							pubmed	exact_pmid_efetch	29196206	none
2477	publication_component:citation:publication:doi:10.1016/j.ympev.2017.12.003	requires_pubmed_lookup	missing							pubmed	exact_pmid_efetch	29222062	none
2478	publication_component:citation:publication:doi:10.1016/j.ympev.2017.12.010	requires_pubmed_lookup	missing							pubmed	exact_pmid_efetch	29277542	none
2479	publication_component:citation:publication:doi:10.1016/j.ympev.2018.01.008	requires_pubmed_lookup	missing							pubmed	exact_pmid_efetch	29355604	none
2480	publication_component:citation:publication:doi:10.1016/j.ympev.2018.01.016	requires_pubmed_lookup	missing							pubmed	exact_pmid_efetch	29408286	none
2481	publication_component:citation:publication:doi:10.1016/j.ympev.2018.03.037	requires_pubmed_lookup	missing							pubmed	exact_pmid_efetch	29631055	none
2482	publication_component:citation:publication:doi:10.1016/j.ympev.2018.04.015	requires_pubmed_lookup	missing							pubmed	exact_pmid_efetch	29684597	none
2483	publication_component:citation:publication:doi:10.1016/j.ympev.2018.05.018	requires_pubmed_lookup	missing							pubmed	exact_pmid_efetch	29803950	none
2484	publication_component:citation:publication:doi:10.1016/j.ympev.2018.06.028	requires_pubmed_lookup	missing							pubmed	exact_pmid_efetch	29920335	none
2485	publication_component:citation:publication:doi:10.1016/j.ympev.2018.07.001	requires_pubmed_lookup	missing							pubmed	exact_pmid_efetch	29981470	none
2486	publication_component:citation:publication:doi:10.1016/j.ympev.2018.08.021	requires_pubmed_lookup	missing							pubmed	exact_pmid_efetch	30195477	none
2487	publication_component:citation:publication:doi:10.1016/j.ympev.2018.11.018	requires_pubmed_lookup	missing							pubmed	exact_pmid_efetch	30496843	none
2488	publication_component:citation:publication:doi:10.1016/j.ympev.2018.12.026	requires_pubmed_lookup	missing							pubmed	exact_pmid_efetch	30586650	none
2489	publication_component:citation:publication:doi:10.1016/j.ympev.2019.01.002	requires_pubmed_lookup	missing							pubmed	exact_pmid_efetch	30639766	none
2490	publication_component:citation:publication:doi:10.1016/j.ympev.2019.05.031	requires_pubmed_lookup	missing							pubmed	exact_pmid_efetch	31132519	none
2491	publication_component:citation:publication:doi:10.1016/j.ympev.2019.106521	requires_pubmed_lookup	missing							pubmed	exact_pmid_efetch	31152779	none
2492	publication_component:citation:publication:doi:10.1016/j.ympev.2019.106589	requires_pubmed_lookup	missing							pubmed	exact_pmid_efetch	31425788	none
2493	publication_component:citation:publication:doi:10.1016/j.ympev.2019.106605	requires_pubmed_lookup	missing							pubmed	exact_pmid_efetch	31479732	none
2494	publication_component:citation:publication:doi:10.1016/j.ympev.2019.106612	requires_pubmed_lookup	missing							pubmed	exact_pmid_efetch	31518695	none
2495	publication_component:citation:publication:doi:10.1016/j.ympev.2019.106617	requires_pubmed_lookup	missing							pubmed	exact_pmid_efetch	31521822	none
2496	publication_component:citation:publication:doi:10.1016/j.ympev.2019.106697	requires_pubmed_lookup	missing							pubmed	exact_pmid_efetch	31805345	none
2497	publication_component:citation:publication:doi:10.1016/j.ympev.2019.106713	requires_pubmed_lookup	missing							pubmed	exact_pmid_efetch	31863901	none
2498	publication_component:citation:publication:doi:10.1016/j.ympev.2019.106724	requires_pubmed_lookup	missing							pubmed	exact_pmid_efetch	31881327	none
2499	publication_component:citation:publication:doi:10.1016/j.ympev.2020.106737	requires_pubmed_lookup	missing							pubmed	exact_pmid_efetch	31982455	none
2500	publication_component:citation:publication:doi:10.1016/j.ympev.2020.106778	requires_pubmed_lookup	missing							pubmed	exact_pmid_efetch	32165160	none
2501	publication_component:citation:publication:doi:10.1016/j.ympev.2020.106807	requires_pubmed_lookup	missing							pubmed	exact_pmid_efetch	32268200	none
2502	publication_component:citation:publication:doi:10.1016/j.ympev.2020.106878	requires_pubmed_lookup	missing							pubmed	exact_pmid_efetch	32512196	none
2503	publication_component:citation:publication:doi:10.1016/j.ympev.2020.106983	requires_pubmed_lookup	missing							pubmed	exact_pmid_efetch	33059069	none
2504	publication_component:citation:publication:doi:10.1016/j.ympev.2020.106986	requires_pubmed_lookup	missing							pubmed	exact_pmid_efetch	33059063	none
2505	publication_component:citation:publication:doi:10.1016/j.ympev.2020.107066	requires_pubmed_lookup	missing							pubmed	exact_pmid_efetch	33387645	none
2506	publication_component:citation:publication:doi:10.1016/j.ympev.2021.107171	requires_pubmed_lookup	missing							pubmed	exact_pmid_efetch	33798674	none
2507	publication_component:citation:publication:doi:10.1016/j.ympev.2021.107200	requires_pubmed_lookup	missing							pubmed	exact_pmid_efetch	33984467	none
2508	publication_component:citation:publication:doi:10.1016/j.ympev.2021.107208	requires_pubmed_lookup	missing							pubmed	exact_pmid_efetch	34029719	none
2509	publication_component:citation:publication:doi:10.1016/j.ympev.2021.107295	requires_pubmed_lookup	missing							pubmed	exact_pmid_efetch	34438050	none
2510	publication_component:citation:publication:doi:10.1016/j.ympev.2021.107310	requires_pubmed_lookup	missing							pubmed	exact_pmid_efetch	34506949	none
2511	publication_component:citation:publication:doi:10.1016/j.ympev.2021.107341	requires_pubmed_lookup	missing							pubmed	exact_pmid_efetch	34740782	none
2512	publication_component:citation:publication:doi:10.1016/j.ympev.2022.107389	requires_pubmed_lookup	missing							pubmed	exact_pmid_efetch	35026428	none
2513	publication_component:citation:publication:doi:10.1016/j.ympev.2022.107395	requires_pubmed_lookup	missing							pubmed	exact_pmid_efetch	35033670	none
2514	publication_component:citation:publication:doi:10.1016/j.ympev.2022.107403	requires_pubmed_lookup	missing							pubmed	exact_pmid_efetch	35031461	none
2515	publication_component:citation:publication:doi:10.1016/j.ympev.2022.107436	requires_pubmed_lookup	missing							pubmed	exact_pmid_efetch	35131426	none
2516	publication_component:citation:publication:doi:10.1016/j.ympev.2022.107453	requires_pubmed_lookup	missing							pubmed	exact_pmid_efetch	35341964	none
2517	publication_component:citation:publication:doi:10.1016/j.ympev.2022.107456	requires_pubmed_lookup	missing							pubmed	exact_pmid_efetch	35358693	none
2518	publication_component:citation:publication:doi:10.1016/j.ympev.2022.107485	requires_pubmed_lookup	missing							pubmed	exact_pmid_efetch	35452840	none
2519	publication_component:citation:publication:doi:10.1016/j.ympev.2022.107544	requires_pubmed_lookup	missing							pubmed	exact_pmid_efetch	35690375	none
2520	publication_component:citation:publication:doi:10.1016/j.ympev.2022.107582	requires_pubmed_lookup	missing							pubmed	exact_pmid_efetch	35810969	none
2521	publication_component:citation:publication:doi:10.1016/j.ympev.2022.107595	requires_pubmed_lookup	missing							pubmed	exact_pmid_efetch	35914647	none
2522	publication_component:citation:publication:doi:10.1016/j.ympev.2022.107620	requires_pubmed_lookup	missing							pubmed	exact_pmid_efetch	36038056	none
2523	publication_component:citation:publication:doi:10.1016/j.ympev.2022.107653	requires_pubmed_lookup	missing							pubmed	exact_pmid_efetch	36404461	none
2524	publication_component:citation:publication:doi:10.1016/j.ympev.2022.107673	requires_pubmed_lookup	missing							pubmed	exact_pmid_efetch	36528332	none
2525	publication_component:citation:publication:doi:10.1016/j.ympev.2022.107679	requires_pubmed_lookup	missing							pubmed	exact_pmid_efetch	36539017	none
2526	publication_component:citation:publication:doi:10.1016/j.ympev.2022.107683	requires_pubmed_lookup	missing							pubmed	exact_pmid_efetch	36574824	none
2527	publication_component:citation:publication:doi:10.1016/j.ympev.2023.107753	requires_pubmed_lookup	missing							pubmed	exact_pmid_efetch	36898488	none
2528	publication_component:citation:publication:doi:10.1016/j.ympev.2023.107773	requires_pubmed_lookup	missing							pubmed	exact_pmid_efetch	36977459	none
2529	publication_component:citation:publication:doi:10.1016/j.ympev.2023.107776	requires_pubmed_lookup	missing							pubmed	exact_pmid_efetch	36990305	none
2530	publication_component:citation:publication:doi:10.1016/j.ympev.2023.107785	requires_pubmed_lookup	missing							pubmed	exact_pmid_efetch	37085130	none
2531	publication_component:citation:publication:doi:10.1016/j.ympev.2023.107787	requires_pubmed_lookup	missing							pubmed	exact_pmid_efetch	37080398	none
2532	publication_component:citation:publication:doi:10.1016/j.ympev.2023.107812	requires_pubmed_lookup	missing							pubmed	exact_pmid_efetch	37207892	none
2533	publication_component:citation:publication:doi:10.1016/j.ympev.2023.107841	requires_pubmed_lookup	missing							pubmed	exact_pmid_efetch	37327832	none
2534	publication_component:citation:publication:doi:10.1016/j.ympev.2023.107842	requires_pubmed_lookup	missing							pubmed	exact_pmid_efetch	37321361	none
2535	publication_component:citation:publication:doi:10.1016/j.ympev.2023.107886	requires_pubmed_lookup	missing							pubmed	exact_pmid_efetch	37474014	none
2536	publication_component:citation:publication:doi:10.1016/j.ympev.2023.107908	requires_pubmed_lookup	missing							pubmed	exact_pmid_efetch	37598984	none
2537	publication_component:citation:publication:doi:10.1016/j.ympev.2023.107912	requires_pubmed_lookup	missing							pubmed	exact_pmid_efetch	37648181	none
2538	publication_component:citation:publication:doi:10.1016/j.ympev.2023.107955	requires_pubmed_lookup	missing							pubmed	exact_pmid_efetch	37898294	none
2539	publication_component:citation:publication:doi:10.1016/j.ympev.2023.107977	requires_pubmed_lookup	missing							pubmed	exact_pmid_efetch	38008369	none
2540	publication_component:citation:publication:doi:10.1016/j.ympev.2024.108047	requires_pubmed_lookup	missing							pubmed	exact_pmid_efetch	38460890	none
2541	publication_component:citation:publication:doi:10.1016/j.ympev.2024.108103	requires_pubmed_lookup	missing							pubmed	exact_pmid_efetch	38754710	none
2542	publication_component:citation:publication:doi:10.1016/j.ympev.2024.108110	requires_pubmed_lookup	missing							pubmed	exact_pmid_efetch	38768875	none
2543	publication_component:citation:publication:doi:10.1016/j.ympev.2024.108141	requires_pubmed_lookup	missing							pubmed	exact_pmid_efetch	38964593	none
2544	publication_component:citation:publication:doi:10.1016/j.ympev.2024.108182	requires_pubmed_lookup	missing							pubmed	exact_pmid_efetch	39222738	none
2545	publication_component:citation:publication:doi:10.1016/j.ympev.2024.108210	requires_pubmed_lookup	missing							pubmed	exact_pmid_efetch	39366592	none
2546	publication_component:citation:publication:doi:10.1016/j.ympev.2024.108218	requires_pubmed_lookup	missing							pubmed	exact_pmid_efetch	39424089	none
2547	publication_component:citation:publication:doi:10.1016/j.ympev.2024.108221	requires_pubmed_lookup	missing							pubmed	exact_pmid_efetch	39454737	none
2548	publication_component:citation:publication:doi:10.1016/j.ympev.2024.108223	requires_pubmed_lookup	missing							pubmed	exact_pmid_efetch	39481463	none
2549	publication_component:citation:publication:doi:10.1016/j.ympev.2024.108240	requires_pubmed_lookup	missing							pubmed	exact_pmid_efetch	39549977	none
2550	publication_component:citation:publication:doi:10.1016/j.ympev.2024.108245	requires_pubmed_lookup	missing							pubmed	exact_pmid_efetch	39566836	none
2551	publication_component:citation:publication:doi:10.1016/j.ympev.2024.108281	requires_pubmed_lookup	missing							pubmed	exact_pmid_efetch	39733867	none
2552	publication_component:citation:publication:doi:10.1016/j.ympev.2025.108383	requires_pubmed_lookup	missing							pubmed	exact_pmid_efetch	40451495	none
2553	publication_component:citation:publication:doi:10.1016/j.ympev.2025.108404	requires_pubmed_lookup	missing							pubmed	exact_pmid_efetch	40592422	none
2554	publication_component:citation:publication:doi:10.1016/j.ympev.2025.108422	requires_pubmed_lookup	missing							pubmed	exact_pmid_efetch	40706915	none
2555	publication_component:citation:publication:doi:10.1016/j.ympev.2025.108444	requires_pubmed_lookup	missing							pubmed	exact_pmid_efetch	40816442	none
2556	publication_component:citation:publication:doi:10.1016/j.ympev.2025.108451	requires_pubmed_lookup	missing							pubmed	exact_pmid_efetch	40865666	none
2557	publication_component:citation:publication:doi:10.1016/j.ympev.2025.108468	requires_pubmed_lookup	missing							pubmed	exact_pmid_efetch	40915635	none
2558	publication_component:citation:publication:doi:10.1016/j.ympev.2025.108483	requires_pubmed_lookup	missing							pubmed	exact_pmid_efetch	41110658	none
2559	publication_component:citation:publication:doi:10.1016/j.ympev.2025.108506	requires_pubmed_lookup	missing							pubmed	exact_pmid_efetch	41338406	none
2560	publication_component:citation:publication:doi:10.1016/j.ympev.2026.108532	requires_pubmed_lookup	missing							pubmed	exact_pmid_efetch	41500269	none
2561	publication_component:citation:publication:doi:10.1016/j.ympev.2026.108543	requires_pubmed_lookup	missing							pubmed	exact_pmid_efetch	41519248	none
2562	publication_component:citation:publication:doi:10.1016/j.ympev.2026.108547	requires_pubmed_lookup	missing							pubmed	exact_pmid_efetch	41529776	none
2563	publication_component:citation:publication:doi:10.1016/j.ympev.2026.108550	requires_pubmed_lookup	missing							pubmed	exact_pmid_efetch	41580058	none
2564	publication_component:citation:publication:doi:10.1016/j.ympev.2026.108553	requires_openalex_lookup	not_applicable							openalex	exact_doi	10.1016/j.ympev.2026.108553	none
2565	publication_component:citation:publication:doi:10.1016/j.ympev.2026.108573	requires_pubmed_lookup	missing							pubmed	exact_pmid_efetch	41687793	none
2566	publication_component:citation:publication:doi:10.1016/j.ympev.2026.108579	requires_pubmed_lookup	missing							pubmed	exact_pmid_efetch	41722630	none
2567	publication_component:citation:publication:doi:10.1016/j.ympev.2026.108580	requires_pubmed_lookup	missing							pubmed	exact_pmid_efetch	41765351	none
2568	publication_component:citation:publication:doi:10.1016/j.ympev.2026.108607	requires_pubmed_lookup	missing							pubmed	exact_pmid_efetch	41846015	none
2569	publication_component:citation:publication:doi:10.1016/j.ympev.2026.108620	requires_pubmed_lookup	missing							pubmed	exact_pmid_efetch	42002164	none
2570	publication_component:citation:publication:doi:10.1016/j.ympev.2026.108629	requires_pubmed_lookup	missing							pubmed	exact_pmid_efetch	42013960	none
2571	publication_component:citation:publication:doi:10.1016/j.ympev.2026.108632	requires_pubmed_lookup	missing							pubmed	exact_pmid_efetch	42105795	none
2572	publication_component:citation:publication:doi:10.1016/j.ympev.2026.108642	requires_pubmed_lookup	missing							pubmed	exact_pmid_efetch	42119646	none
2573	publication_component:citation:publication:doi:10.1016/j.ympev.2026.108651	requires_pubmed_lookup	missing							pubmed	exact_pmid_efetch	42218922	none
2574	publication_component:citation:publication:doi:10.1016/j.ympev.2026.108671	requires_pubmed_lookup	missing							pubmed	exact_pmid_efetch	42364678	none
2575	publication_component:citation:publication:doi:10.1016/j.ympev.2026.108690	requires_pubmed_lookup	missing							pubmed	exact_pmid_efetch	42442563	none
2576	publication_component:citation:publication:doi:10.1016/j.ympev.2026.108699	requires_pubmed_lookup	missing							pubmed	exact_pmid_efetch	42503397	none
2577	publication_component:citation:publication:doi:10.1016/j.ympev.2026.108716	requires_pubmed_lookup	missing							pubmed	exact_pmid_efetch	42595148	none
2578	publication_component:citation:publication:doi:10.1016/j.ympev.2026.108735	requires_pubmed_lookup	missing							pubmed	exact_pmid_efetch	42700852	none
2579	publication_component:citation:publication:doi:10.1016/j.ymthe.2025.09.033	requires_pubmed_lookup	missing							pubmed	exact_pmid_efetch	40994009	none
2580	publication_component:citation:publication:doi:10.1016/j.zool.2016.06.010	requires_pubmed_lookup	missing							pubmed	exact_pmid_efetch	27421680	none
2581	publication_component:citation:publication:doi:10.1016/j.zool.2022.126002	requires_pubmed_lookup	missing							pubmed	exact_pmid_efetch	35219094	none
2582	publication_component:citation:publication:doi:10.1016/s0065-2660(06)58001-0	requires_pubmed_lookup	missing							pubmed	exact_pmid_efetch	17452244	none
2583	publication_component:citation:publication:doi:10.1016/s0076-6879(02)43142-4	requires_pubmed_lookup	missing							pubmed	exact_pmid_efetch	11665573	none
2584	publication_component:citation:publication:doi:10.1016/s0076-6879(08)36029-7	requires_pubmed_lookup	missing							pubmed	exact_pmid_efetch	18237652	none
2585	publication_component:citation:publication:doi:10.1016/s0959-437x(02)00348-9	requires_pubmed_lookup	missing							pubmed	exact_pmid_efetch	12433583	none
2586	publication_component:citation:publication:doi:10.1016/s1473-3099(24)00234-2	requires_pubmed_lookup	missing							pubmed	exact_pmid_efetch	38878787	none
2587	publication_component:citation:publication:doi:10.1016/s1672-0229(08)60040-6	requires_pubmed_lookup	missing							pubmed	exact_pmid_efetch	19944384	none
2588	publication_component:citation:publication:doi:10.1016/s1672-0229(10)60008-3	requires_pubmed_lookup	missing							pubmed	exact_pmid_efetch	20451164	none
2589	publication_component:citation:publication:doi:10.1016/s1672-0229(10)60015-0	requires_pubmed_lookup	missing							pubmed	exact_pmid_efetch	20691399	none
2590	publication_component:citation:publication:doi:10.1016/s1673-8527(08)60103-4	requires_pubmed_lookup	missing							pubmed	exact_pmid_efetch	19302972	none
2591	publication_component:citation:publication:doi:10.1016/s1673-8527(09)60048-5	requires_pubmed_lookup	missing							pubmed	exact_pmid_efetch	20513631	none
2592	publication_component:citation:publication:doi:10.1016/s1673-8527(09)60094-1	requires_pubmed_lookup	missing							pubmed	exact_pmid_efetch	21193155	none
2593	publication_component:citation:publication:doi:10.1016/s1773-035x(20)30314-2	requires_pubmed_lookup	missing							pubmed	exact_pmid_efetch	33163105	none
2594	publication_component:citation:publication:doi:10.1016/s1872-2067(26)64991-1	requires_openalex_lookup	not_applicable							openalex	exact_work_id	W7160327411	none
2595	publication_component:citation:publication:doi:10.1016/s2095-3119(18)62023-4	resolved_cached_openalex	not_applicable	openalex	exact_doi	0d2ad7e6623670cd7f9f62c53b66aa96a3c42bac8d2911f31a6fb0a84053ce09	lookup:eb42dd088c7cd2365ec8c6d948b92e3c5d1dc8f60d601aac88c210017851bc72	ok	usable_abstract_openalex				none
2596	publication_component:citation:publication:doi:10.1016/s2095-3119(20)63465-7	requires_openalex_lookup	not_applicable							openalex	exact_work_id	W4220788428	none
2597	publication_component:citation:publication:doi:10.1016/s2095-3119(20)63562-6	requires_openalex_lookup	not_applicable							openalex	exact_work_id	W3175881620	none
2598	publication_component:citation:publication:doi:10.1017/9781108938891.017	requires_openalex_lookup	not_applicable							openalex	exact_work_id	W4289130183	none
2599	publication_component:citation:publication:doi:10.1017/9781108938891.020	requires_openalex_lookup	not_applicable							openalex	exact_work_id	W4289130187	none
2600	publication_component:citation:publication:doi:10.1017/9781108954365	requires_openalex_lookup	not_applicable							openalex	exact_work_id	W3111763185	none
2601	publication_component:citation:publication:doi:10.1017/ash.2023.119	requires_pubmed_lookup	missing							pubmed	exact_pmid_efetch	36960087	none
2602	publication_component:citation:publication:doi:10.1017/ash.2024.40	requires_pubmed_lookup	missing							pubmed	exact_pmid_efetch	38698947	none
2603	publication_component:citation:publication:doi:10.1017/cbo9780511760334.002	requires_openalex_lookup	not_applicable							openalex	exact_work_id	W2389255862	none
2604	publication_component:citation:publication:doi:10.1017/ice.2018.29	requires_pubmed_lookup	missing							pubmed	exact_pmid_efetch	29611491	none
2605	publication_component:citation:publication:doi:10.1017/ice.2022.235	requires_pubmed_lookup	missing							pubmed	exact_pmid_efetch	36102334	none
2606	publication_component:citation:publication:doi:10.1017/pab.2020.38	requires_openalex_lookup	not_applicable							openalex	exact_work_id	W3161796624	none
2607	publication_component:citation:publication:doi:10.1017/s0007485323000597	requires_pubmed_lookup	missing							pubmed	exact_pmid_efetch	38098270	none
2608	publication_component:citation:publication:doi:10.1017/s0007485325100278	requires_pubmed_lookup	missing							pubmed	exact_pmid_efetch	40747738	none
2609	publication_component:citation:publication:doi:10.1017/s0022149x23000512	requires_pubmed_lookup	missing							pubmed	exact_pmid_efetch	37665112	none
2610	publication_component:citation:publication:doi:10.1017/s0025315417001461	requires_openalex_lookup	not_applicable							openalex	exact_work_id	W2755888336	none
2611	publication_component:citation:publication:doi:10.1017/s0025315419000225	requires_openalex_lookup	not_applicable							openalex	exact_work_id	W2936181686	none
2612	publication_component:citation:publication:doi:10.1017/s0031182010001575	requires_pubmed_lookup	missing							pubmed	exact_pmid_efetch	21118608	none
2613	publication_component:citation:publication:doi:10.1017/s0031182013001790	requires_pubmed_lookup	missing							pubmed	exact_pmid_efetch	24238365	none
2614	publication_component:citation:publication:doi:10.1017/s0031182014001668	requires_pubmed_lookup	missing							pubmed	exact_pmid_efetch	25351897	none
2615	publication_component:citation:publication:doi:10.1017/s0031182019000581	requires_pubmed_lookup	missing							pubmed	exact_pmid_efetch	31148531	none
2616	publication_component:citation:publication:doi:10.1017/s0950268817001066	requires_pubmed_lookup	missing							pubmed	exact_pmid_efetch	28629484	none
2617	publication_component:citation:publication:doi:10.1017/s0950268821001424	requires_openalex_lookup	not_applicable							openalex	exact_work_id	W3191629061	none
2618	publication_component:citation:publication:doi:10.1017/s0950268821001461	requires_pubmed_lookup	missing							pubmed	exact_pmid_efetch	34325753	none
2619	publication_component:citation:publication:doi:10.1017/s0950268823000201	requires_pubmed_lookup	missing							pubmed	exact_pmid_efetch	36786292	none
2620	publication_component:citation:publication:doi:10.1017/s0950268823001991	requires_pubmed_lookup	missing							pubmed	exact_pmid_efetch	38185822	none
2621	publication_component:citation:publication:doi:10.1017/s0950268824000761	requires_pubmed_lookup	missing							pubmed	exact_pmid_efetch	38751220	none
2622	publication_component:citation:publication:doi:10.1017/s0950268824001092	requires_pubmed_lookup	missing							pubmed	exact_pmid_efetch	39344899	none
2623	publication_component:citation:publication:doi:10.1017/s0952523815000322	requires_pubmed_lookup	missing							pubmed	exact_pmid_efetch	26750628	none
2624	publication_component:citation:publication:doi:10.1017/s0954579425101028	requires_pubmed_lookup	missing							pubmed	exact_pmid_efetch	41423883	none
2625	publication_component:citation:publication:doi:10.1017/s1479262111000396	requires_openalex_lookup	not_applicable							openalex	exact_work_id	W2164063710	none
2626	publication_component:citation:publication:doi:10.1017/s1479262118000485	requires_openalex_lookup	not_applicable							openalex	exact_work_id	W2913396375	none
2627	publication_component:citation:publication:doi:10.1021/acs.biochem.3c00411	requires_pubmed_lookup	missing							pubmed	exact_pmid_efetch	37902563	none
2628	publication_component:citation:publication:doi:10.1021/acs.biochem.5c00026	requires_pubmed_lookup	missing							pubmed	exact_pmid_efetch	40549344	none
2629	publication_component:citation:publication:doi:10.1021/acs.est.5c02972	requires_pubmed_lookup	missing							pubmed	exact_pmid_efetch	41306107	none
2630	publication_component:citation:publication:doi:10.1021/acs.jafc.3c04247	requires_pubmed_lookup	missing							pubmed	exact_pmid_efetch	37625381	none
2631	publication_component:citation:publication:doi:10.1021/acs.jafc.4c04830	requires_pubmed_lookup	missing							pubmed	exact_pmid_efetch	39356738	none
2632	publication_component:citation:publication:doi:10.1021/acs.jafc.5c00964	requires_pubmed_lookup	missing							pubmed	exact_pmid_efetch	40105367	none
2633	publication_component:citation:publication:doi:10.1021/acs.jafc.5c01956	requires_pubmed_lookup	missing							pubmed	exact_pmid_efetch	40189811	none
2634	publication_component:citation:publication:doi:10.1021/acs.jafc.6c04229	requires_pubmed_lookup	missing							pubmed	exact_pmid_efetch	42715939	none
2635	publication_component:citation:publication:doi:10.1021/acs.jafc.6c05012	requires_openalex_lookup	not_applicable							openalex	exact_work_id	W7213247941	none
2636	publication_component:citation:publication:doi:10.1021/acs.jnatprod.5c01442	requires_pubmed_lookup	missing							pubmed	exact_pmid_efetch	41686131	none
2637	publication_component:citation:publication:doi:10.1021/acs.jpcb.1c01253	requires_pubmed_lookup	missing							pubmed	exact_pmid_efetch	33887137	none
2638	publication_component:citation:publication:doi:10.1021/acs.jproteome.5b00618	requires_pubmed_lookup	missing							pubmed	exact_pmid_efetch	26387803	none
2639	publication_component:citation:publication:doi:10.1021/acscatal.2c03859	requires_openalex_lookup	not_applicable							openalex	exact_work_id	W4319296017	none
2640	publication_component:citation:publication:doi:10.1021/acscatal.4c03851	requires_openalex_lookup	not_applicable							openalex	exact_work_id	W4402192297	none
2641	publication_component:citation:publication:doi:10.1021/acscatal.5c01062	requires_openalex_lookup	not_applicable							openalex	exact_work_id	W4411149499	none
2642	publication_component:citation:publication:doi:10.1021/acscatal.6c02012	requires_openalex_lookup	not_applicable							openalex	exact_work_id	W7154597056	none
2643	publication_component:citation:publication:doi:10.1021/acscatal.8b03613	requires_openalex_lookup	not_applicable							openalex	exact_work_id	W2903887467	none
2644	publication_component:citation:publication:doi:10.1021/acscatal.9b01031	requires_openalex_lookup	not_applicable							openalex	exact_work_id	W2940006595	none
2645	publication_component:citation:publication:doi:10.1021/acscatal.9b03418	requires_openalex_lookup	not_applicable							openalex	exact_work_id	W2975235413	none
2646	publication_component:citation:publication:doi:10.1021/acscentsci.7b00269	requires_pubmed_lookup	missing							pubmed	exact_pmid_efetch	29104925	none
2647	publication_component:citation:publication:doi:10.1021/acschembio.0c00296	requires_pubmed_lookup	missing							pubmed	exact_pmid_efetch	32649177	none
2648	publication_component:citation:publication:doi:10.1021/acsestwater.2c00083	requires_openalex_lookup	not_applicable							openalex	exact_work_id	W4280545380	none
2649	publication_component:citation:publication:doi:10.1021/acsinfecdis.0c00095	requires_pubmed_lookup	missing							pubmed	exact_pmid_efetch	32298574	none
2650	publication_component:citation:publication:doi:10.1021/acsnano.6c04954	requires_pubmed_lookup	missing							pubmed	exact_pmid_efetch	42611249	none
2651	publication_component:citation:publication:doi:10.1021/acsomega.2c06334	requires_pubmed_lookup	missing							pubmed	exact_pmid_efetch	36506213	none
2652	publication_component:citation:publication:doi:10.1021/acsomega.3c02963	requires_pubmed_lookup	missing							pubmed	exact_pmid_efetch	37521624	none
2653	publication_component:citation:publication:doi:10.1021/bi200343h	requires_pubmed_lookup	missing							pubmed	exact_pmid_efetch	21661746	none
2654	publication_component:citation:publication:doi:10.1021/cb200100f	requires_pubmed_lookup	missing							pubmed	exact_pmid_efetch	21650174	none
2655	publication_component:citation:publication:doi:10.1021/pr100881q	requires_pubmed_lookup	missing							pubmed	exact_pmid_efetch	21226539	none
2656	publication_component:citation:publication:doi:10.1021/pr400228c	requires_pubmed_lookup	missing							pubmed	exact_pmid_efetch	23919900	none
2657	publication_component:citation:publication:doi:10.1038/267275a0	requires_pubmed_lookup	missing							pubmed	exact_pmid_efetch	865622	none
2658	publication_component:citation:publication:doi:10.1038/330401a0	requires_pubmed_lookup	missing							pubmed	exact_pmid_efetch	3120013	none
2659	publication_component:citation:publication:doi:10.1038/75556	requires_pubmed_lookup	missing							pubmed	exact_pmid_efetch	10802651	none
2660	publication_component:citation:publication:doi:10.1038/cr.2015.147	requires_pubmed_lookup	missing							pubmed	exact_pmid_efetch	26667385	none
2661	publication_component:citation:publication:doi:10.1038/cr.2016.115	requires_pubmed_lookup	missing							pubmed	exact_pmid_efetch	27725674	none
2662	publication_component:citation:publication:doi:10.1038/ejhg.2014.302	requires_pubmed_lookup	missing							pubmed	exact_pmid_efetch	25626704	none
2663	publication_component:citation:publication:doi:10.1038/emboj.2009.394	requires_pubmed_lookup	missing							pubmed	exact_pmid_efetch	20057353	none
2664	publication_component:citation:publication:doi:10.1038/emboj.2012.108	requires_pubmed_lookup	missing							pubmed	exact_pmid_efetch	22543869	none
2665	publication_component:citation:publication:doi:10.1038/embor.2012.165	requires_pubmed_lookup	missing							pubmed	exact_pmid_efetch	23146897	none
2666	publication_component:citation:publication:doi:10.1038/gene.2009.22	requires_pubmed_lookup	missing							pubmed	exact_pmid_efetch	19387460	none
2667	publication_component:citation:publication:doi:10.1038/hdy.2009.172	requires_pubmed_lookup	missing							pubmed	exact_pmid_efetch	20087391	none
2668	publication_component:citation:publication:doi:10.1038/hdy.2009.193	requires_pubmed_lookup	missing							pubmed	exact_pmid_efetch	20104236	none
2669	publication_component:citation:publication:doi:10.1038/hdy.2009.99	requires_pubmed_lookup	missing							pubmed	exact_pmid_efetch	19639010	none
2670	publication_component:citation:publication:doi:10.1038/hdy.2010.111	requires_pubmed_lookup	missing							pubmed	exact_pmid_efetch	20736970	none
2671	publication_component:citation:publication:doi:10.1038/hdy.2010.151	requires_pubmed_lookup	missing							pubmed	exact_pmid_efetch	21119705	none
2672	publication_component:citation:publication:doi:10.1038/hdy.2010.173	requires_pubmed_lookup	missing							pubmed	exact_pmid_efetch	21245894	none
2673	publication_component:citation:publication:doi:10.1038/hdy.2010.26	requires_pubmed_lookup	missing							pubmed	exact_pmid_efetch	20332808	none
2674	publication_component:citation:publication:doi:10.1038/hdy.2010.97	requires_pubmed_lookup	missing							pubmed	exact_pmid_efetch	20668431	none
2675	publication_component:citation:publication:doi:10.1038/hdy.2011.11	requires_pubmed_lookup	missing							pubmed	exact_pmid_efetch	21386869	none
2676	publication_component:citation:publication:doi:10.1038/hdy.2012.122	requires_pubmed_lookup	missing							pubmed	exact_pmid_efetch	23403962	none
2677	publication_component:citation:publication:doi:10.1038/hdy.2012.22	requires_pubmed_lookup	missing							pubmed	exact_pmid_efetch	22549517	none
2678	publication_component:citation:publication:doi:10.1038/hdy.2012.81	requires_pubmed_lookup	missing							pubmed	exact_pmid_efetch	23211789	none
2679	publication_component:citation:publication:doi:10.1038/hdy.2013.101	requires_pubmed_lookup	missing							pubmed	exact_pmid_efetch	24149652	none
2680	publication_component:citation:publication:doi:10.1038/hdy.2013.18	requires_pubmed_lookup	missing							pubmed	exact_pmid_efetch	23572124	none
2681	publication_component:citation:publication:doi:10.1038/hdy.2014.12	requires_pubmed_lookup	missing							pubmed	exact_pmid_efetch	24595364	none
2682	publication_component:citation:publication:doi:10.1038/hdy.2014.28	requires_pubmed_lookup	missing							pubmed	exact_pmid_efetch	24690754	none
2683	publication_component:citation:publication:doi:10.1038/hdy.2015.44	requires_pubmed_lookup	missing							pubmed	exact_pmid_efetch	25990877	none
2684	publication_component:citation:publication:doi:10.1038/hdy.2016.105	requires_pubmed_lookup	missing							pubmed	exact_pmid_efetch	27782121	none
2685	publication_component:citation:publication:doi:10.1038/hdy.2016.59	requires_pubmed_lookup	missing							pubmed	exact_pmid_efetch	27485669	none
2686	publication_component:citation:publication:doi:10.1038/hdy.2016.8	requires_pubmed_lookup	missing							pubmed	exact_pmid_efetch	26883183	none
2687	publication_component:citation:publication:doi:10.1038/ismej.2010.93	requires_pubmed_lookup	missing							pubmed	exact_pmid_efetch	20596068	none
2688	publication_component:citation:publication:doi:10.1038/ismej.2013.117	requires_pubmed_lookup	missing							pubmed	exact_pmid_efetch	23887171	none
2689	publication_component:citation:publication:doi:10.1038/ismej.2014.241	requires_pubmed_lookup	missing							pubmed	exact_pmid_efetch	25514536	none
2690	publication_component:citation:publication:doi:10.1038/ismej.2016.104	requires_pubmed_lookup	missing							pubmed	exact_pmid_efetch	27552639	none
2691	publication_component:citation:publication:doi:10.1038/ismej.2016.116	requires_pubmed_lookup	missing							pubmed	exact_pmid_efetch	27648812	none
2692	publication_component:citation:publication:doi:10.1038/ismej.2016.201	requires_pubmed_lookup	missing							pubmed	exact_pmid_efetch	28234349	none
2693	publication_component:citation:publication:doi:10.1038/ismej.2016.27	requires_pubmed_lookup	missing							pubmed	exact_pmid_efetch	26978165	none
2694	publication_component:citation:publication:doi:10.1038/ismej.2017.18	requires_pubmed_lookup	missing							pubmed	exact_pmid_efetch	28323281	none
2695	publication_component:citation:publication:doi:10.1038/ismej.2017.20	requires_pubmed_lookup	missing							pubmed	exact_pmid_efetch	28323279	none
2696	publication_component:citation:publication:doi:10.1038/msb.2010.78	requires_pubmed_lookup	missing							pubmed	exact_pmid_efetch	20959819	none
2697	publication_component:citation:publication:doi:10.1038/msb.2011.43	requires_pubmed_lookup	missing							pubmed	exact_pmid_efetch	21734643	none
2698	publication_component:citation:publication:doi:10.1038/msb.2012.28	requires_pubmed_lookup	missing							pubmed	exact_pmid_efetch	22806143	none
2699	publication_component:citation:publication:doi:10.1038/nature01858	requires_pubmed_lookup	missing							pubmed	exact_pmid_efetch	12917688	none
2700	publication_component:citation:publication:doi:10.1038/nature07529	requires_pubmed_lookup	missing							pubmed	exact_pmid_efetch	19043403	none
2701	publication_component:citation:publication:doi:10.1038/nature08747	requires_pubmed_lookup	missing							pubmed	exact_pmid_efetch	20148030	none
2702	publication_component:citation:publication:doi:10.1038/nature08789	requires_pubmed_lookup	missing							pubmed	exact_pmid_efetch	20203609	none
2703	publication_component:citation:publication:doi:10.1038/nature08791	requires_pubmed_lookup	missing							pubmed	exact_pmid_efetch	20164837	none
2704	publication_component:citation:publication:doi:10.1038/nature08848	requires_pubmed_lookup	missing							pubmed	exact_pmid_efetch	20237474	none
2705	publication_component:citation:publication:doi:10.1038/nature09083	requires_pubmed_lookup	missing							pubmed	exact_pmid_efetch	20520716	none
2706	publication_component:citation:publication:doi:10.1038/nature09105	requires_pubmed_lookup	missing							pubmed	exact_pmid_efetch	20485343	none
2707	publication_component:citation:publication:doi:10.1038/nature09482	requires_pubmed_lookup	missing							pubmed	exact_pmid_efetch	21164432	none
2708	publication_component:citation:publication:doi:10.1038/nature11510	requires_pubmed_lookup	missing							pubmed	exact_pmid_efetch	23064225	none
2709	publication_component:citation:publication:doi:10.1038/nature12219	requires_pubmed_lookup	missing							pubmed	exact_pmid_efetch	23719465	none
2710	publication_component:citation:publication:doi:10.1038/nature13036	requires_pubmed_lookup	missing							pubmed	exact_pmid_efetch	24590074	none
2711	publication_component:citation:publication:doi:10.1038/nature13679	requires_pubmed_lookup	missing							pubmed	exact_pmid_efetch	25209798	none
2712	publication_component:citation:publication:doi:10.1038/nature14183	requires_pubmed_lookup	missing							pubmed	exact_pmid_efetch	25624100	none
2713	publication_component:citation:publication:doi:10.1038/nature14649	requires_pubmed_lookup	missing							pubmed	exact_pmid_efetch	26176923	none
2714	publication_component:citation:publication:doi:10.1038/nature16548	requires_pubmed_lookup	missing							pubmed	exact_pmid_efetch	26814964	none
2715	publication_component:citation:publication:doi:10.1038/nature17164	requires_pubmed_lookup	missing							pubmed	exact_pmid_efetch	27088604	none
2716	publication_component:citation:publication:doi:10.1038/nature18316	requires_pubmed_lookup	missing							pubmed	exact_pmid_efetch	27362223	none
2717	publication_component:citation:publication:doi:10.1038/nature19790	requires_pubmed_lookup	missing							pubmed	exact_pmid_efetch	27734858	none
2718	publication_component:citation:publication:doi:10.1038/nature20595	requires_pubmed_lookup	missing							pubmed	exact_pmid_efetch	27974754	none
2719	publication_component:citation:publication:doi:10.1038/nature20786	requires_pubmed_lookup	missing							pubmed	exact_pmid_efetch	28024298	none
2720	publication_component:citation:publication:doi:10.1038/nature20803	requires_pubmed_lookup	missing							pubmed	exact_pmid_efetch	28092920	none
2721	publication_component:citation:publication:doi:10.1038/nature22040	requires_pubmed_lookup	missing							pubmed	exact_pmid_efetch	28405027	none
2722	publication_component:citation:publication:doi:10.1038/nature22380	requires_pubmed_lookup	missing							pubmed	exact_pmid_efetch	28538728	none
2723	publication_component:citation:publication:doi:10.1038/nature25140	requires_pubmed_lookup	missing							pubmed	exact_pmid_efetch	29300007	none
2724	publication_component:citation:publication:doi:10.1038/nature25174	requires_pubmed_lookup	missing							pubmed	exact_pmid_efetch	29310120	none
2725	publication_component:citation:publication:doi:10.1038/nbt.3207	requires_pubmed_lookup	missing							pubmed	exact_pmid_efetch	25893781	none
2726	publication_component:citation:publication:doi:10.1038/nbt.3943	requires_pubmed_lookup	missing							pubmed	exact_pmid_efetch	28922347	none
2727	publication_component:citation:publication:doi:10.1038/nbt.4172	requires_pubmed_lookup	missing							pubmed	exact_pmid_efetch	29813047	none
2728	publication_component:citation:publication:doi:10.1038/ncomms10382	requires_pubmed_lookup	missing							pubmed	exact_pmid_efetch	26790750	none
2729	publication_component:citation:publication:doi:10.1038/ncomms10474	requires_pubmed_lookup	missing							pubmed	exact_pmid_efetch	26805030	none
2730	publication_component:citation:publication:doi:10.1038/ncomms11071	requires_pubmed_lookup	missing							pubmed	exact_pmid_efetch	27002549	none
2731	publication_component:citation:publication:doi:10.1038/ncomms11370	requires_pubmed_lookup	missing							pubmed	exact_pmid_efetch	27102219	none
2732	publication_component:citation:publication:doi:10.1038/ncomms11519	requires_pubmed_lookup	missing							pubmed	exact_pmid_efetch	27187213	none
2733	publication_component:citation:publication:doi:10.1038/ncomms11842	requires_pubmed_lookup	missing							pubmed	exact_pmid_efetch	27296726	none
2734	publication_component:citation:publication:doi:10.1038/ncomms12233	requires_pubmed_lookup	missing							pubmed	exact_pmid_efetch	27436133	none
2735	publication_component:citation:publication:doi:10.1038/ncomms12384	requires_pubmed_lookup	missing							pubmed	exact_pmid_efetch	27498896	none
2736	publication_component:citation:publication:doi:10.1038/ncomms12637	requires_pubmed_lookup	missing							pubmed	exact_pmid_efetch	27577604	none
2737	publication_component:citation:publication:doi:10.1038/ncomms12679	requires_pubmed_lookup	missing							pubmed	exact_pmid_efetch	27557866	none
2738	publication_component:citation:publication:doi:10.1038/ncomms12709	requires_pubmed_lookup	missing							pubmed	exact_pmid_efetch	27575437	none
2739	publication_component:citation:publication:doi:10.1038/ncomms12736	requires_pubmed_lookup	missing							pubmed	exact_pmid_efetch	27597183	none
2740	publication_component:citation:publication:doi:10.1038/ncomms12845	requires_pubmed_lookup	missing							pubmed	exact_pmid_efetch	27653464	none
2741	publication_component:citation:publication:doi:10.1038/ncomms12997	requires_pubmed_lookup	missing							pubmed	exact_pmid_efetch	27708261	none
2742	publication_component:citation:publication:doi:10.1038/ncomms13026	requires_pubmed_lookup	missing							pubmed	exact_pmid_efetch	27713409	none
2743	publication_component:citation:publication:doi:10.1038/ncomms13107	requires_pubmed_lookup	missing							pubmed	exact_pmid_efetch	27708285	none
2744	publication_component:citation:publication:doi:10.1038/ncomms13295	requires_pubmed_lookup	missing							pubmed	exact_pmid_efetch	27824041	none
2745	publication_component:citation:publication:doi:10.1038/ncomms14229	requires_pubmed_lookup	missing							pubmed	exact_pmid_efetch	28165450	none
2746	publication_component:citation:publication:doi:10.1038/ncomms14251	requires_pubmed_lookup	missing							pubmed	exact_pmid_efetch	28139647	none
2747	publication_component:citation:publication:doi:10.1038/ncomms14334	requires_pubmed_lookup	missing							pubmed	exact_pmid_efetch	28176777	none
2748	publication_component:citation:publication:doi:10.1038/ncomms14953	requires_pubmed_lookup	missing							pubmed	exact_pmid_efetch	28401891	none
2749	publication_component:citation:publication:doi:10.1038/ncomms15483	requires_pubmed_lookup	missing							pubmed	exact_pmid_efetch	28537263	none
2750	publication_component:citation:publication:doi:10.1038/ncomms15706	requires_pubmed_lookup	missing							pubmed	exact_pmid_efetch	28589936	none
2751	publication_component:citation:publication:doi:10.1038/ncomms2416	requires_pubmed_lookup	missing							pubmed	exact_pmid_efetch	23385571	none
2752	publication_component:citation:publication:doi:10.1038/ncomms2427	requires_pubmed_lookup	missing							pubmed	exact_pmid_efetch	23361014	none
2753	publication_component:citation:publication:doi:10.1038/ncomms2860	requires_pubmed_lookup	missing							pubmed	exact_pmid_efetch	23673643	none
2754	publication_component:citation:publication:doi:10.1038/ncomms3071	requires_pubmed_lookup	missing							pubmed	exact_pmid_efetch	23817352	none
2755	publication_component:citation:publication:doi:10.1038/ncomms3445	requires_pubmed_lookup	missing							pubmed	exact_pmid_efetch	24048436	none
2756	publication_component:citation:publication:doi:10.1038/ncomms3599	requires_pubmed_lookup	missing							pubmed	exact_pmid_efetch	24121720	none
2757	publication_component:citation:publication:doi:10.1038/ncomms3640	requires_pubmed_lookup	missing							pubmed	exact_pmid_efetch	24136039	none
2758	publication_component:citation:publication:doi:10.1038/ncomms3708	requires_pubmed_lookup	missing							pubmed	exact_pmid_efetch	24169659	none
2759	publication_component:citation:publication:doi:10.1038/ncomms3797	requires_pubmed_lookup	missing							pubmed	exact_pmid_efetch	24256998	none
2760	publication_component:citation:publication:doi:10.1038/ncomms4521	requires_pubmed_lookup	missing							pubmed	exact_pmid_efetch	24662800	none
2761	publication_component:citation:publication:doi:10.1038/ncomms4636	requires_pubmed_lookup	missing							pubmed	exact_pmid_efetch	24845553	none
2762	publication_component:citation:publication:doi:10.1038/ncomms4657	requires_pubmed_lookup	missing							pubmed	exact_pmid_efetch	24755649	none
2763	publication_component:citation:publication:doi:10.1038/ncomms4765	requires_pubmed_lookup	missing							pubmed	exact_pmid_efetch	24801114	none
2764	publication_component:citation:publication:doi:10.1038/ncomms5087	requires_pubmed_lookup	missing							pubmed	exact_pmid_efetch	24912610	none
2765	publication_component:citation:publication:doi:10.1038/ncomms5268	requires_pubmed_lookup	missing							pubmed	exact_pmid_efetch	24969138	none
2766	publication_component:citation:publication:doi:10.1038/ncomms5370	requires_pubmed_lookup	missing							pubmed	exact_pmid_efetch	25001002	none
2767	publication_component:citation:publication:doi:10.1038/ncomms6149	requires_pubmed_lookup	missing							pubmed	exact_pmid_efetch	25296686	none
2768	publication_component:citation:publication:doi:10.1038/ncomms6188	requires_pubmed_lookup	missing							pubmed	exact_pmid_efetch	25333821	none
2769	publication_component:citation:publication:doi:10.1038/ncomms6227	requires_pubmed_lookup	missing							pubmed	exact_pmid_efetch	25407894	none
2770	publication_component:citation:publication:doi:10.1038/ncomms6315	requires_pubmed_lookup	missing							pubmed	exact_pmid_efetch	25350882	none
2771	publication_component:citation:publication:doi:10.1038/ncomms6448	requires_pubmed_lookup	missing							pubmed	exact_pmid_efetch	25378102	none
2772	publication_component:citation:publication:doi:10.1038/ncomms6675	requires_pubmed_lookup	missing							pubmed	exact_pmid_efetch	25435021	none
2773	publication_component:citation:publication:doi:10.1038/ncomms6896	requires_pubmed_lookup	missing							pubmed	exact_pmid_efetch	25523484	none
2774	publication_component:citation:publication:doi:10.1038/ncomms8330	requires_pubmed_lookup	missing							pubmed	exact_pmid_efetch	26040272	none
2775	publication_component:citation:publication:doi:10.1038/ncomms8720	requires_pubmed_lookup	missing							pubmed	exact_pmid_efetch	26212613	none
2776	publication_component:citation:publication:doi:10.1038/ncomms8952	requires_pubmed_lookup	missing							pubmed	exact_pmid_efetch	26245473	none
2777	publication_component:citation:publication:doi:10.1038/ncomms9212	requires_pubmed_lookup	missing							pubmed	exact_pmid_efetch	26354079	none
2778	publication_component:citation:publication:doi:10.1038/ng.2343	requires_pubmed_lookup	missing							pubmed	exact_pmid_efetch	22751099	none
2779	publication_component:citation:publication:doi:10.1038/ng.2371	requires_pubmed_lookup	missing							pubmed	exact_pmid_efetch	22922876	none
2780	publication_component:citation:publication:doi:10.1038/ng.2373	requires_pubmed_lookup	missing							pubmed	exact_pmid_efetch	22863733	none
2781	publication_component:citation:publication:doi:10.1038/ng.2375	requires_pubmed_lookup	missing							pubmed	exact_pmid_efetch	22863735	none
2782	publication_component:citation:publication:doi:10.1038/ng.2524	requires_pubmed_lookup	missing							pubmed	exact_pmid_efetch	23313953	none
2783	publication_component:citation:publication:doi:10.1038/ng.2588	requires_pubmed_lookup	missing							pubmed	exact_pmid_efetch	23525076	none
2784	publication_component:citation:publication:doi:10.1038/ng.2603	requires_pubmed_lookup	missing							pubmed	exact_pmid_efetch	23563608	none
2785	publication_component:citation:publication:doi:10.1038/ng.2615	requires_pubmed_lookup	missing							pubmed	exact_pmid_efetch	23624526	none
2786	publication_component:citation:publication:doi:10.1038/ng.2657	requires_pubmed_lookup	missing							pubmed	exact_pmid_efetch	23749191	none
2787	publication_component:citation:publication:doi:10.1038/ng.2704	requires_pubmed_lookup	missing							pubmed	exact_pmid_efetch	23852167	none
2788	publication_component:citation:publication:doi:10.1038/ng.2835	requires_pubmed_lookup	missing							pubmed	exact_pmid_efetch	24270359	none
2789	publication_component:citation:publication:doi:10.1038/ng.2877	requires_pubmed_lookup	missing							pubmed	exact_pmid_efetch	24441736	none
2790	publication_component:citation:publication:doi:10.1038/ng.2878	requires_pubmed_lookup	missing							pubmed	exact_pmid_efetch	24464101	none
2791	publication_component:citation:publication:doi:10.1038/ng.3098	requires_pubmed_lookup	missing							pubmed	exact_pmid_efetch	25240282	none
2792	publication_component:citation:publication:doi:10.1038/ng.3137	requires_pubmed_lookup	missing							pubmed	exact_pmid_efetch	25362486	none
2793	publication_component:citation:publication:doi:10.1038/ng.3197	requires_pubmed_lookup	missing							pubmed	exact_pmid_efetch	25711859	none
2794	publication_component:citation:publication:doi:10.1038/ng.3198	requires_pubmed_lookup	missing							pubmed	exact_pmid_efetch	25621460	none
2795	publication_component:citation:publication:doi:10.1038/ng.3517	requires_pubmed_lookup	missing							pubmed	exact_pmid_efetch	26901068	none
2796	publication_component:citation:publication:doi:10.1038/ng.3565	requires_pubmed_lookup	missing							pubmed	exact_pmid_efetch	27158781	none
2797	publication_component:citation:publication:doi:10.1038/ng.3615	requires_pubmed_lookup	missing							pubmed	exact_pmid_efetch	27399969	none
2798	publication_component:citation:publication:doi:10.1038/ng.3645	requires_pubmed_lookup	missing							pubmed	exact_pmid_efetch	27548311	none
2799	publication_component:citation:publication:doi:10.1038/ng.3839	requires_pubmed_lookup	missing							pubmed	exact_pmid_efetch	28394353	none
2800	publication_component:citation:publication:doi:10.1038/ng.3847	requires_pubmed_lookup	missing							pubmed	exact_pmid_efetch	28416820	none
2801	publication_component:citation:publication:doi:10.1038/ng.477	requires_pubmed_lookup	missing							pubmed	exact_pmid_efetch	19881526	none
2802	publication_component:citation:publication:doi:10.1038/ng.590	requires_pubmed_lookup	missing							pubmed	exact_pmid_efetch	20495566	none
2803	publication_component:citation:publication:doi:10.1038/ng.997	requires_pubmed_lookup	missing							pubmed	exact_pmid_efetch	22081229	none
2804	publication_component:citation:publication:doi:10.1038/nmicrobiol.2016.241	requires_pubmed_lookup	missing							pubmed	exact_pmid_efetch	28005061	none
2805	publication_component:citation:publication:doi:10.1038/nplants.2017.66	requires_pubmed_lookup	missing							pubmed	exact_pmid_efetch	28504699	none
2806	publication_component:citation:publication:doi:10.1038/npre.2009.2968.1	requires_openalex_lookup	not_applicable							openalex	exact_work_id	W4847159	none
2807	publication_component:citation:publication:doi:10.1038/npre.2009.2968.2	requires_openalex_lookup	not_applicable							openalex	exact_work_id	W136040147	none
2808	publication_component:citation:publication:doi:10.1038/nrg.2015.18	requires_pubmed_lookup	missing							pubmed	exact_pmid_efetch	26781812	none
2809	publication_component:citation:publication:doi:10.1038/nrg.2015.8	requires_pubmed_lookup	missing							pubmed	exact_pmid_efetch	26688196	none
2810	publication_component:citation:publication:doi:10.1038/nrg.2016.49	requires_pubmed_lookup	missing							pubmed	exact_pmid_efetch	27184599	none
2811	publication_component:citation:publication:doi:10.1038/nrg2480	requires_pubmed_lookup	missing							pubmed	exact_pmid_efetch	19002141	none
2812	publication_component:citation:publication:doi:10.1038/nrg3186	requires_pubmed_lookup	missing							pubmed	exact_pmid_efetch	22456349	none
2813	publication_component:citation:publication:doi:10.1038/nrg3802	requires_pubmed_lookup	missing							pubmed	exact_pmid_efetch	25297727	none
2814	publication_component:citation:publication:doi:10.1038/nrg3905	requires_pubmed_lookup	missing							pubmed	exact_pmid_efetch	25783448	none
2815	publication_component:citation:publication:doi:10.1038/nrmicro.2015.13	requires_pubmed_lookup	missing							pubmed	exact_pmid_efetch	26806595	none
2816	publication_component:citation:publication:doi:10.1038/nrmicro2802	requires_pubmed_lookup	missing							pubmed	exact_pmid_efetch	22683880	none
2817	publication_component:citation:publication:doi:10.1038/nrmicro3331	requires_pubmed_lookup	missing							pubmed	exact_pmid_efetch	25220308	none
2818	publication_component:citation:publication:doi:10.1038/nsmb.3426	requires_pubmed_lookup	missing							pubmed	exact_pmid_efetch	28671667	none
2819	publication_component:citation:publication:doi:10.1038/s10038-020-00841-6	requires_pubmed_lookup	missing							pubmed	exact_pmid_efetch	32994538	none
2820	publication_component:citation:publication:doi:10.1038/s41388-021-02092-x	requires_pubmed_lookup	missing							pubmed	exact_pmid_efetch	34999732	none
2821	publication_component:citation:publication:doi:10.1038/s41396-017-0006-8	requires_pubmed_lookup	missing							pubmed	exact_pmid_efetch	29305577	none
2822	publication_component:citation:publication:doi:10.1038/s41396-018-0211-0	requires_pubmed_lookup	missing							pubmed	exact_pmid_efetch	30013162	none
2823	publication_component:citation:publication:doi:10.1038/s41396-018-0339-y	requires_pubmed_lookup	missing							pubmed	exact_pmid_efetch	30643198	none
2824	publication_component:citation:publication:doi:10.1038/s41396-019-0418-8	requires_pubmed_lookup	missing							pubmed	exact_pmid_efetch	31024152	none
2825	publication_component:citation:publication:doi:10.1038/s41396-019-0461-5	requires_pubmed_lookup	missing							pubmed	exact_pmid_efetch	31235840	none
2826	publication_component:citation:publication:doi:10.1038/s41396-020-0709-0	requires_pubmed_lookup	missing							pubmed	exact_pmid_efetch	32632264	none
2827	publication_component:citation:publication:doi:10.1038/s41396-020-0728-x	requires_pubmed_lookup	missing							pubmed	exact_pmid_efetch	32770116	none
2828	publication_component:citation:publication:doi:10.1038/s41396-021-00965-3	requires_pubmed_lookup	missing							pubmed	exact_pmid_efetch	33824425	none
2829	publication_component:citation:publication:doi:10.1038/s41396-021-01009-6	requires_pubmed_lookup	missing							pubmed	exact_pmid_efetch	34017056	none
2830	publication_component:citation:publication:doi:10.1038/s41396-021-01077-8	requires_pubmed_lookup	missing							pubmed	exact_pmid_efetch	34363004	none
2831	publication_component:citation:publication:doi:10.1038/s41396-022-01306-8	requires_pubmed_lookup	missing							pubmed	exact_pmid_efetch	35986094	none
2832	publication_component:citation:publication:doi:10.1038/s41396-023-01432-x	requires_pubmed_lookup	missing							pubmed	exact_pmid_efetch	37221394	none
2833	publication_component:citation:publication:doi:10.1038/s41420-024-02175-0	requires_pubmed_lookup	missing							pubmed	exact_pmid_efetch	39443468	none
2834	publication_component:citation:publication:doi:10.1038/s41421-021-00286-x	requires_pubmed_lookup	missing							pubmed	exact_pmid_efetch	34373445	none
2835	publication_component:citation:publication:doi:10.1038/s41422-019-0252-6	requires_pubmed_lookup	missing							pubmed	exact_pmid_efetch	31767972	none
2836	publication_component:citation:publication:doi:10.1038/s41434-019-0081-8	requires_pubmed_lookup	missing							pubmed	exact_pmid_efetch	31110296	none
2837	publication_component:citation:publication:doi:10.1038/s41435-022-00186-4	requires_pubmed_lookup	missing							pubmed	exact_pmid_efetch	36203090	none
2838	publication_component:citation:publication:doi:10.1038/s41436-020-01010-y	requires_pubmed_lookup	missing							pubmed	exact_pmid_efetch	33188300	none
2839	publication_component:citation:publication:doi:10.1038/s41437-017-0047-9	requires_pubmed_lookup	missing							pubmed	exact_pmid_efetch	29362475	none
2840	publication_component:citation:publication:doi:10.1038/s41437-018-0100-3	requires_pubmed_lookup	missing							pubmed	exact_pmid_efetch	29959426	none
2841	publication_component:citation:publication:doi:10.1038/s41437-018-0146-2	requires_pubmed_lookup	missing							pubmed	exact_pmid_efetch	30258107	none
2842	publication_component:citation:publication:doi:10.1038/s41437-018-0161-3	requires_pubmed_lookup	missing							pubmed	exact_pmid_efetch	30374041	none
2843	publication_component:citation:publication:doi:10.1038/s41437-019-0204-4	requires_pubmed_lookup	missing							pubmed	exact_pmid_efetch	30833746	none
2844	publication_component:citation:publication:doi:10.1038/s41437-019-0221-3	requires_pubmed_lookup	missing							pubmed	exact_pmid_efetch	31036951	none
2845	publication_component:citation:publication:doi:10.1038/s41437-020-0347-3	requires_pubmed_lookup	missing							pubmed	exact_pmid_efetch	32728043	none
2846	publication_component:citation:publication:doi:10.1038/s41437-022-00564-8	requires_pubmed_lookup	missing							pubmed	exact_pmid_efetch	36207436	none
2847	publication_component:citation:publication:doi:10.1038/s41437-024-00718-w	requires_pubmed_lookup	missing							pubmed	exact_pmid_efetch	39174672	none
2848	publication_component:citation:publication:doi:10.1038/s41437-025-00753-1	requires_pubmed_lookup	missing							pubmed	exact_pmid_efetch	40075226	none
2849	publication_component:citation:publication:doi:10.1038/s41437-026-00847-4	requires_pubmed_lookup	missing							pubmed	exact_pmid_efetch	42098286	none
2850	publication_component:citation:publication:doi:10.1038/s41437-026-00882-1	requires_pubmed_lookup	missing							pubmed	exact_pmid_efetch	42728335	none
2851	publication_component:citation:publication:doi:10.1038/s41438-019-0164-0	requires_pubmed_lookup	missing							pubmed	exact_pmid_efetch	31645943	none
2852	publication_component:citation:publication:doi:10.1038/s41438-019-0202-y	requires_pubmed_lookup	missing							pubmed	exact_pmid_efetch	31645971	none
2853	publication_component:citation:publication:doi:10.1038/s41438-019-0227-2	requires_pubmed_lookup	missing							pubmed	exact_pmid_efetch	31871686	none
2854	publication_component:citation:publication:doi:10.1038/s41438-020-00368-z	requires_pubmed_lookup	missing							pubmed	exact_pmid_efetch	32922818	none
2855	publication_component:citation:publication:doi:10.1038/s41438-020-00382-1	requires_pubmed_lookup	missing							pubmed	exact_pmid_efetch	33082971	none
2856	publication_component:citation:publication:doi:10.1038/s41438-020-00391-0	requires_pubmed_lookup	missing							pubmed	exact_pmid_efetch	33024567	none
2857	publication_component:citation:publication:doi:10.1038/s41438-020-00414-w	requires_pubmed_lookup	missing							pubmed	exact_pmid_efetch	33328438	none
2858	publication_component:citation:publication:doi:10.1038/s41438-020-00417-7	requires_pubmed_lookup	missing							pubmed	exact_pmid_efetch	33328470	none
2859	publication_component:citation:publication:doi:10.1038/s41438-020-00422-w	requires_pubmed_lookup	missing							pubmed	exact_pmid_efetch	33328471	none
2860	publication_component:citation:publication:doi:10.1038/s41438-020-00435-5	requires_pubmed_lookup	missing							pubmed	exact_pmid_efetch	33384435	none
2861	publication_component:citation:publication:doi:10.1038/s41438-020-00449-z	requires_pubmed_lookup	missing							pubmed	exact_pmid_efetch	33372175	none
2862	publication_component:citation:publication:doi:10.1038/s41438-020-00455-1	requires_pubmed_lookup	missing							pubmed	exact_pmid_efetch	33419990	none
2863	publication_component:citation:publication:doi:10.1038/s41438-020-0240-5	requires_pubmed_lookup	missing							pubmed	exact_pmid_efetch	32025321	none
2864	publication_component:citation:publication:doi:10.1038/s41438-020-0246-z	requires_pubmed_lookup	missing							pubmed	exact_pmid_efetch	32140238	none
2865	publication_component:citation:publication:doi:10.1038/s41438-020-0295-3	requires_pubmed_lookup	missing							pubmed	exact_pmid_efetch	32377363	none
2866	publication_component:citation:publication:doi:10.1038/s41438-020-0300-x	requires_pubmed_lookup	missing							pubmed	exact_pmid_efetch	32377365	none
2867	publication_component:citation:publication:doi:10.1038/s41438-020-0305-5	requires_pubmed_lookup	missing							pubmed	exact_pmid_efetch	32528697	none
2868	publication_component:citation:publication:doi:10.1038/s41438-020-0307-3	requires_pubmed_lookup	missing							pubmed	exact_pmid_efetch	32528707	none
2869	publication_component:citation:publication:doi:10.1038/s41438-021-00471-9	requires_pubmed_lookup	missing							pubmed	exact_pmid_efetch	33642574	none
2870	publication_component:citation:publication:doi:10.1038/s41438-021-00475-5	requires_pubmed_lookup	missing							pubmed	exact_pmid_efetch	33642577	none
2871	publication_component:citation:publication:doi:10.1038/s41438-021-00518-x	requires_pubmed_lookup	missing							pubmed	exact_pmid_efetch	33795664	none
2872	publication_component:citation:publication:doi:10.1038/s41438-021-00519-w	requires_pubmed_lookup	missing							pubmed	exact_pmid_efetch	33931599	none
2873	publication_component:citation:publication:doi:10.1038/s41438-021-00565-4	requires_pubmed_lookup	missing							pubmed	exact_pmid_efetch	34059662	none
2874	publication_component:citation:publication:doi:10.1038/s41438-021-00587-y	requires_pubmed_lookup	missing							pubmed	exact_pmid_efetch	34193853	none
2875	publication_component:citation:publication:doi:10.1038/s41438-021-00594-z	requires_pubmed_lookup	missing							pubmed	exact_pmid_efetch	34145222	none
2876	publication_component:citation:publication:doi:10.1038/s41438-021-00599-8	requires_pubmed_lookup	missing							pubmed	exact_pmid_efetch	34354050	none
2877	publication_component:citation:publication:doi:10.1038/s41438-021-00614-y	requires_pubmed_lookup	missing							pubmed	exact_pmid_efetch	34465761	none
2878	publication_component:citation:publication:doi:10.1038/s41438-021-00627-7	requires_pubmed_lookup	missing							pubmed	exact_pmid_efetch	34354044	none
2879	publication_component:citation:publication:doi:10.1038/s41438-021-00636-6	requires_pubmed_lookup	missing							pubmed	exact_pmid_efetch	34465733	none
2880	publication_component:citation:publication:doi:10.1038/s41438-021-00657-1	requires_pubmed_lookup	missing							pubmed	exact_pmid_efetch	34719689	none
2881	publication_component:citation:publication:doi:10.1038/s41438-021-00662-4	requires_pubmed_lookup	missing							pubmed	exact_pmid_efetch	34719690	none
2882	publication_component:citation:publication:doi:10.1038/s41438-021-00665-1	requires_pubmed_lookup	missing							pubmed	exact_pmid_efetch	34480029	none
2883	publication_component:citation:publication:doi:10.1038/s41438-021-00683-z	requires_pubmed_lookup	missing							pubmed	exact_pmid_efetch	34848682	none
2884	publication_component:citation:publication:doi:10.1038/s41438-021-00705-w	requires_pubmed_lookup	missing							pubmed	exact_pmid_efetch	34795210	none
2885	publication_component:citation:publication:doi:10.1038/s41467-017-01002-8	requires_pubmed_lookup	missing							pubmed	exact_pmid_efetch	29026136	none
2886	publication_component:citation:publication:doi:10.1038/s41467-017-01265-1	requires_pubmed_lookup	missing							pubmed	exact_pmid_efetch	29079803	none
2887	publication_component:citation:publication:doi:10.1038/s41467-017-01370-1	requires_pubmed_lookup	missing							pubmed	exact_pmid_efetch	29116078	none
2888	publication_component:citation:publication:doi:10.1038/s41467-017-02441-z	requires_pubmed_lookup	missing							pubmed	exact_pmid_efetch	29295979	none
2889	publication_component:citation:publication:doi:10.1038/s41467-018-03423-5	requires_pubmed_lookup	missing							pubmed	exact_pmid_efetch	29691383	none
2890	publication_component:citation:publication:doi:10.1038/s41467-018-04344-z	requires_pubmed_lookup	missing							pubmed	exact_pmid_efetch	29955043	none
2891	publication_component:citation:publication:doi:10.1038/s41467-018-04380-9	requires_pubmed_lookup	missing							pubmed	exact_pmid_efetch	29784936	none
2892	publication_component:citation:publication:doi:10.1038/s41467-018-05114-7	requires_pubmed_lookup	missing							pubmed	exact_pmid_efetch	30006589	none
2893	publication_component:citation:publication:doi:10.1038/s41467-018-05284-4	requires_pubmed_lookup	missing							pubmed	exact_pmid_efetch	30026532	none
2894	publication_component:citation:publication:doi:10.1038/s41467-018-05290-6	requires_pubmed_lookup	missing							pubmed	exact_pmid_efetch	30054462	none
2895	publication_component:citation:publication:doi:10.1038/s41467-018-05479-9	requires_pubmed_lookup	missing							pubmed	exact_pmid_efetch	30089797	none
2896	publication_component:citation:publication:doi:10.1038/s41467-018-05612-8	requires_pubmed_lookup	missing							pubmed	exact_pmid_efetch	30297689	none
2897	publication_component:citation:publication:doi:10.1038/s41467-018-05712-5	requires_pubmed_lookup	missing							pubmed	exact_pmid_efetch	30097582	none
2898	publication_component:citation:publication:doi:10.1038/s41467-018-05903-0	requires_pubmed_lookup	missing							pubmed	exact_pmid_efetch	30150650	none
2899	publication_component:citation:publication:doi:10.1038/s41467-018-07728-3	requires_pubmed_lookup	missing							pubmed	exact_pmid_efetch	30538242	none
2900	publication_component:citation:publication:doi:10.1038/s41467-018-07913-4	requires_pubmed_lookup	missing							pubmed	exact_pmid_efetch	30575743	none
2901	publication_component:citation:publication:doi:10.1038/s41467-019-09135-8	requires_pubmed_lookup	missing							pubmed	exact_pmid_efetch	30867414	none
2902	publication_component:citation:publication:doi:10.1038/s41467-019-09518-x	requires_pubmed_lookup	missing							pubmed	exact_pmid_efetch	30940818	none
2903	publication_component:citation:publication:doi:10.1038/s41467-019-10017-2	requires_pubmed_lookup	missing							pubmed	exact_pmid_efetch	31040280	none
2904	publication_component:citation:publication:doi:10.1038/s41467-019-10546-w	requires_pubmed_lookup	missing							pubmed	exact_pmid_efetch	31201311	none
2905	publication_component:citation:publication:doi:10.1038/s41467-019-10550-0	requires_pubmed_lookup	missing							pubmed	exact_pmid_efetch	31201315	none
2906	publication_component:citation:publication:doi:10.1038/s41467-019-10682-3	requires_pubmed_lookup	missing							pubmed	exact_pmid_efetch	31227702	none
2907	publication_component:citation:publication:doi:10.1038/s41467-019-10793-x	requires_pubmed_lookup	missing							pubmed	exact_pmid_efetch	31253808	none
2908	publication_component:citation:publication:doi:10.1038/s41467-019-11307-5	requires_pubmed_lookup	missing							pubmed	exact_pmid_efetch	31350395	none
2909	publication_component:citation:publication:doi:10.1038/s41467-019-11406-3	requires_pubmed_lookup	missing							pubmed	exact_pmid_efetch	31371717	none
2910	publication_component:citation:publication:doi:10.1038/s41467-019-12169-7	requires_pubmed_lookup	missing							pubmed	exact_pmid_efetch	31530807	none
2911	publication_component:citation:publication:doi:10.1038/s41467-019-12659-8	requires_pubmed_lookup	missing							pubmed	exact_pmid_efetch	31604947	none
2912	publication_component:citation:publication:doi:10.1038/s41467-019-12823-0	requires_pubmed_lookup	missing							pubmed	exact_pmid_efetch	31645551	none
2913	publication_component:citation:publication:doi:10.1038/s41467-019-12926-8	requires_pubmed_lookup	missing							pubmed	exact_pmid_efetch	31723138	none
2914	publication_component:citation:publication:doi:10.1038/s41467-019-13128-y	requires_pubmed_lookup	missing							pubmed	exact_pmid_efetch	31745089	none
2915	publication_component:citation:publication:doi:10.1038/s41467-019-13245-8	requires_pubmed_lookup	missing							pubmed	exact_pmid_efetch	31754114	none
2916	publication_component:citation:publication:doi:10.1038/s41467-019-13275-2	requires_pubmed_lookup	missing							pubmed	exact_pmid_efetch	31776345	none
2917	publication_component:citation:publication:doi:10.1038/s41467-019-13427-4	requires_pubmed_lookup	missing							pubmed	exact_pmid_efetch	31784533	none
2918	publication_component:citation:publication:doi:10.1038/s41467-019-13531-5	requires_pubmed_lookup	missing							pubmed	exact_pmid_efetch	31804492	none
2919	publication_component:citation:publication:doi:10.1038/s41467-019-13926-4	requires_pubmed_lookup	missing							pubmed	exact_pmid_efetch	31953413	none
2920	publication_component:citation:publication:doi:10.1038/s41467-019-14023-2	requires_pubmed_lookup	missing							pubmed	exact_pmid_efetch	31911615	none
2921	publication_component:citation:publication:doi:10.1038/s41467-019-14162-6	requires_pubmed_lookup	missing							pubmed	exact_pmid_efetch	31932598	none
2922	publication_component:citation:publication:doi:10.1038/s41467-019-14183-1	requires_pubmed_lookup	missing							pubmed	exact_pmid_efetch	31953403	none
2923	publication_component:citation:publication:doi:10.1038/s41467-019-14231-w	requires_pubmed_lookup	missing							pubmed	exact_pmid_efetch	31953408	none
2924	publication_component:citation:publication:doi:10.1038/s41467-020-14363-4	requires_pubmed_lookup	missing							pubmed	exact_pmid_efetch	31992714	none
2925	publication_component:citation:publication:doi:10.1038/s41467-020-14776-1	requires_pubmed_lookup	missing							pubmed	exact_pmid_efetch	32080175	none
2926	publication_component:citation:publication:doi:10.1038/s41467-020-14937-2	requires_pubmed_lookup	missing							pubmed	exact_pmid_efetch	32111840	none
2927	publication_component:citation:publication:doi:10.1038/s41467-020-15493-5	requires_pubmed_lookup	missing							pubmed	exact_pmid_efetch	32245969	none
2928	publication_component:citation:publication:doi:10.1038/s41467-020-15848-y	requires_pubmed_lookup	missing							pubmed	exact_pmid_efetch	32350247	none
2929	publication_component:citation:publication:doi:10.1038/s41467-020-16129-4	requires_pubmed_lookup	missing							pubmed	exact_pmid_efetch	32424161	none
2930	publication_component:citation:publication:doi:10.1038/s41467-020-16182-z	requires_pubmed_lookup	missing							pubmed	exact_pmid_efetch	32404905	none
2931	publication_component:citation:publication:doi:10.1038/s41467-020-16338-x	requires_pubmed_lookup	missing							pubmed	exact_pmid_efetch	32427850	none
2932	publication_component:citation:publication:doi:10.1038/s41467-020-16414-2	requires_pubmed_lookup	missing							pubmed	exact_pmid_efetch	32461636	none
2933	publication_component:citation:publication:doi:10.1038/s41467-020-16700-z	requires_pubmed_lookup	missing							pubmed	exact_pmid_efetch	32518223	none
2934	publication_component:citation:publication:doi:10.1038/s41467-020-17827-9	requires_pubmed_lookup	missing							pubmed	exact_pmid_efetch	33208747	none
2935	publication_component:citation:publication:doi:10.1038/s41467-020-18228-8	requires_pubmed_lookup	missing							pubmed	exact_pmid_efetch	32895382	none
2936	publication_component:citation:publication:doi:10.1038/s41467-020-18329-4	requires_pubmed_lookup	missing							pubmed	exact_pmid_efetch	32901040	none
2937	publication_component:citation:publication:doi:10.1038/s41467-020-18366-z	requires_pubmed_lookup	missing							pubmed	exact_pmid_efetch	32929079	none
2938	publication_component:citation:publication:doi:10.1038/s41467-020-18739-4	requires_pubmed_lookup	missing							pubmed	exact_pmid_efetch	33009390	none
2939	publication_component:citation:publication:doi:10.1038/s41467-020-18771-4	requires_pubmed_lookup	missing							pubmed	exact_pmid_efetch	33077749	none
2940	publication_component:citation:publication:doi:10.1038/s41467-020-18877-9	requires_pubmed_lookup	missing							pubmed	exact_pmid_efetch	33037213	none
2941	publication_component:citation:publication:doi:10.1038/s41467-020-19153-6	requires_pubmed_lookup	missing							pubmed	exact_pmid_efetch	33097700	none
2942	publication_component:citation:publication:doi:10.1038/s41467-020-19185-y	requires_pubmed_lookup	missing							pubmed	exact_pmid_efetch	33093464	none
2943	publication_component:citation:publication:doi:10.1038/s41467-020-19248-0	requires_pubmed_lookup	missing							pubmed	exact_pmid_efetch	33139704	none
2944	publication_component:citation:publication:doi:10.1038/s41467-020-19346-z	requires_pubmed_lookup	missing							pubmed	exact_pmid_efetch	33144575	none
2945	publication_component:citation:publication:doi:10.1038/s41467-020-19681-1	requires_pubmed_lookup	missing							pubmed	exact_pmid_efetch	33208749	none
2946	publication_component:citation:publication:doi:10.1038/s41467-020-20332-8	requires_pubmed_lookup	missing							pubmed	exact_pmid_efetch	33431897	none
2947	publication_component:citation:publication:doi:10.1038/s41467-020-20507-3	requires_pubmed_lookup	missing							pubmed	exact_pmid_efetch	33441560	none
2948	publication_component:citation:publication:doi:10.1038/s41467-020-20508-2	requires_pubmed_lookup	missing							pubmed	exact_pmid_efetch	33452249	none
2949	publication_component:citation:publication:doi:10.1038/s41467-020-20880-z	requires_pubmed_lookup	missing							pubmed	exact_pmid_efetch	33510171	none
2950	publication_component:citation:publication:doi:10.1038/s41467-021-20957-3	requires_pubmed_lookup	missing							pubmed	exact_pmid_efetch	33531484	none
2951	publication_component:citation:publication:doi:10.1038/s41467-021-21361-7	requires_pubmed_lookup	missing							pubmed	exact_pmid_efetch	33712587	none
2952	publication_component:citation:publication:doi:10.1038/s41467-021-21379-x	requires_pubmed_lookup	missing							pubmed	exact_pmid_efetch	33597547	none
2953	publication_component:citation:publication:doi:10.1038/s41467-021-21394-y	requires_pubmed_lookup	missing							pubmed	exact_pmid_efetch	33597535	none
2954	publication_component:citation:publication:doi:10.1038/s41467-021-22044-z	requires_pubmed_lookup	missing							pubmed	exact_pmid_efetch	33767194	none
2955	publication_component:citation:publication:doi:10.1038/s41467-021-22073-8	requires_pubmed_lookup	missing							pubmed	exact_pmid_efetch	33790270	none
2956	publication_component:citation:publication:doi:10.1038/s41467-021-22604-3	requires_pubmed_lookup	missing							pubmed	exact_pmid_efetch	33888695	none
2957	publication_component:citation:publication:doi:10.1038/s41467-021-22700-4	requires_pubmed_lookup	missing							pubmed	exact_pmid_efetch	33976138	none
2958	publication_component:citation:publication:doi:10.1038/s41467-021-22760-6	requires_pubmed_lookup	missing							pubmed	exact_pmid_efetch	33941780	none
2959	publication_component:citation:publication:doi:10.1038/s41467-021-22858-x	requires_pubmed_lookup	missing							pubmed	exact_pmid_efetch	33976152	none
2960	publication_component:citation:publication:doi:10.1038/s41467-021-22949-9	requires_pubmed_lookup	missing							pubmed	exact_pmid_efetch	33980851	none
2961	publication_component:citation:publication:doi:10.1038/s41467-021-23645-4	requires_pubmed_lookup	missing							pubmed	exact_pmid_efetch	34083540	none
2962	publication_component:citation:publication:doi:10.1038/s41467-021-23872-9	requires_pubmed_lookup	missing							pubmed	exact_pmid_efetch	34112794	none
2963	publication_component:citation:publication:doi:10.1038/s41467-021-23879-2	requires_pubmed_lookup	missing							pubmed	exact_pmid_efetch	34127667	none
2964	publication_component:citation:publication:doi:10.1038/s41467-021-24528-4	requires_pubmed_lookup	missing							pubmed	exact_pmid_efetch	34253727	none
2965	publication_component:citation:publication:doi:10.1038/s41467-021-24585-9	requires_pubmed_lookup	missing							pubmed	exact_pmid_efetch	34257290	none
2966	publication_component:citation:publication:doi:10.1038/s41467-021-25136-y	requires_pubmed_lookup	missing							pubmed	exact_pmid_efetch	34521829	none
2967	publication_component:citation:publication:doi:10.1038/s41467-021-25137-x	requires_pubmed_lookup	missing							pubmed	exact_pmid_efetch	34376689	none
2968	publication_component:citation:publication:doi:10.1038/s41467-021-25168-4	requires_pubmed_lookup	missing							pubmed	exact_pmid_efetch	34373458	none
2969	publication_component:citation:publication:doi:10.1038/s41467-021-25681-6	requires_pubmed_lookup	missing							pubmed	exact_pmid_efetch	34535649	none
2970	publication_component:citation:publication:doi:10.1038/s41467-021-25985-7	requires_pubmed_lookup	missing							pubmed	exact_pmid_efetch	34588460	none
2971	publication_component:citation:publication:doi:10.1038/s41467-021-26644-7	requires_pubmed_lookup	missing							pubmed	exact_pmid_efetch	34732722	none
2972	publication_component:citation:publication:doi:10.1038/s41467-021-26922-4	requires_pubmed_lookup	missing							pubmed	exact_pmid_efetch	34836973	none
2973	publication_component:citation:publication:doi:10.1038/s41467-021-26931-3	requires_pubmed_lookup	missing							pubmed	exact_pmid_efetch	34836967	none
2974	publication_component:citation:publication:doi:10.1038/s41467-021-27091-0	requires_pubmed_lookup	missing							pubmed	exact_pmid_efetch	34824214	none
2975	publication_component:citation:publication:doi:10.1038/s41467-021-27432-z	requires_pubmed_lookup	missing							pubmed	exact_pmid_efetch	34903739	none
2976	publication_component:citation:publication:doi:10.1038/s41467-022-28287-8	requires_pubmed_lookup	missing							pubmed	exact_pmid_efetch	35105893	none
2977	publication_component:citation:publication:doi:10.1038/s41467-022-28317-5	requires_pubmed_lookup	missing							pubmed	exact_pmid_efetch	35115515	none
2978	publication_component:citation:publication:doi:10.1038/s41467-022-28766-y	requires_pubmed_lookup	missing							pubmed	exact_pmid_efetch	35241661	none
2979	publication_component:citation:publication:doi:10.1038/s41467-022-28841-4	requires_pubmed_lookup	missing							pubmed	exact_pmid_efetch	35246538	none
2980	publication_component:citation:publication:doi:10.1038/s41467-022-28917-1	requires_pubmed_lookup	missing							pubmed	exact_pmid_efetch	35288565	none
2981	publication_component:citation:publication:doi:10.1038/s41467-022-29104-y	requires_pubmed_lookup	missing							pubmed	exact_pmid_efetch	35301314	none
2982	publication_component:citation:publication:doi:10.1038/s41467-022-29282-9	requires_pubmed_lookup	missing							pubmed	exact_pmid_efetch	35318329	none
2983	publication_component:citation:publication:doi:10.1038/s41467-022-29346-w	requires_pubmed_lookup	missing							pubmed	exact_pmid_efetch	35365639	none
2984	publication_component:citation:publication:doi:10.1038/s41467-022-29561-5	requires_pubmed_lookup	missing							pubmed	exact_pmid_efetch	35393424	none
2985	publication_component:citation:publication:doi:10.1038/s41467-022-29579-9	requires_pubmed_lookup	missing							pubmed	exact_pmid_efetch	35396511	none
2986	publication_component:citation:publication:doi:10.1038/s41467-022-29908-y	requires_pubmed_lookup	missing							pubmed	exact_pmid_efetch	35468919	none
2987	publication_component:citation:publication:doi:10.1038/s41467-022-30485-3	requires_pubmed_lookup	missing							pubmed	exact_pmid_efetch	35610217	none
2988	publication_component:citation:publication:doi:10.1038/s41467-022-30698-6	requires_pubmed_lookup	missing							pubmed	exact_pmid_efetch	35624123	none
2989	publication_component:citation:publication:doi:10.1038/s41467-022-30957-6	requires_pubmed_lookup	missing							pubmed	exact_pmid_efetch	35680952	none
2990	publication_component:citation:publication:doi:10.1038/s41467-022-31097-7	requires_pubmed_lookup	missing							pubmed	exact_pmid_efetch	35715395	none
2991	publication_component:citation:publication:doi:10.1038/s41467-022-31121-w	requires_pubmed_lookup	missing							pubmed	exact_pmid_efetch	35717499	none
2992	publication_component:citation:publication:doi:10.1038/s41467-022-31247-x	requires_pubmed_lookup	missing							pubmed	exact_pmid_efetch	35752633	none
2993	publication_component:citation:publication:doi:10.1038/s41467-022-31511-0	requires_pubmed_lookup	missing							pubmed	exact_pmid_efetch	35794110	none
2994	publication_component:citation:publication:doi:10.1038/s41467-022-31515-w	requires_pubmed_lookup	missing							pubmed	exact_pmid_efetch	35835759	none
2995	publication_component:citation:publication:doi:10.1038/s41467-022-32096-4	requires_pubmed_lookup	missing							pubmed	exact_pmid_efetch	35902613	none
2996	publication_component:citation:publication:doi:10.1038/s41467-022-32260-w	requires_pubmed_lookup	missing							pubmed	exact_pmid_efetch	35995772	none
2997	publication_component:citation:publication:doi:10.1038/s41467-022-32536-1	requires_pubmed_lookup	missing							pubmed	exact_pmid_efetch	35970983	none
2998	publication_component:citation:publication:doi:10.1038/s41467-022-33214-y	requires_pubmed_lookup	missing							pubmed	exact_pmid_efetch	36115862	none
2999	publication_component:citation:publication:doi:10.1038/s41467-022-33515-2	requires_pubmed_lookup	missing							pubmed	exact_pmid_efetch	36175442	none
3000	publication_component:citation:publication:doi:10.1038/s41467-022-34033-x	requires_pubmed_lookup	missing							pubmed	exact_pmid_efetch	36627290	none
3001	publication_component:citation:publication:doi:10.1038/s41467-022-34202-y	requires_pubmed_lookup	missing							pubmed	exact_pmid_efetch	36302851	none
3002	publication_component:citation:publication:doi:10.1038/s41467-022-34446-8	requires_pubmed_lookup	missing							pubmed	exact_pmid_efetch	36414623	none
3003	publication_component:citation:publication:doi:10.1038/s41467-022-34475-3	requires_pubmed_lookup	missing							pubmed	exact_pmid_efetch	36369175	none
3004	publication_component:citation:publication:doi:10.1038/s41467-022-35063-1	requires_pubmed_lookup	missing							pubmed	exact_pmid_efetch	36443323	none
3005	publication_component:citation:publication:doi:10.1038/s41467-022-35338-7	requires_pubmed_lookup	missing							pubmed	exact_pmid_efetch	36494371	none
3006	publication_component:citation:publication:doi:10.1038/s41467-023-36405-3	requires_pubmed_lookup	missing							pubmed	exact_pmid_efetch	36854679	none
3007	publication_component:citation:publication:doi:10.1038/s41467-023-36449-5	requires_pubmed_lookup	missing							pubmed	exact_pmid_efetch	36781860	none
3008	publication_component:citation:publication:doi:10.1038/s41467-023-36756-x	requires_pubmed_lookup	missing							pubmed	exact_pmid_efetch	36823138	none
3009	publication_component:citation:publication:doi:10.1038/s41467-023-36868-4	requires_pubmed_lookup	missing							pubmed	exact_pmid_efetch	36869077	none
3010	publication_component:citation:publication:doi:10.1038/s41467-023-37038-2	requires_pubmed_lookup	missing							pubmed	exact_pmid_efetch	36898990	none
3011	publication_component:citation:publication:doi:10.1038/s41467-023-37133-4	requires_pubmed_lookup	missing							pubmed	exact_pmid_efetch	36922496	none
3012	publication_component:citation:publication:doi:10.1038/s41467-023-37730-3	requires_pubmed_lookup	missing							pubmed	exact_pmid_efetch	37037808	none
3013	publication_component:citation:publication:doi:10.1038/s41467-023-38201-5	requires_pubmed_lookup	missing							pubmed	exact_pmid_efetch	37105966	none
3014	publication_component:citation:publication:doi:10.1038/s41467-023-38415-7	requires_pubmed_lookup	missing							pubmed	exact_pmid_efetch	37248261	none
3015	publication_component:citation:publication:doi:10.1038/s41467-023-38809-7	requires_pubmed_lookup	missing							pubmed	exact_pmid_efetch	37248255	none
3016	publication_component:citation:publication:doi:10.1038/s41467-023-38829-3	requires_pubmed_lookup	missing							pubmed	exact_pmid_efetch	37339946	none
3017	publication_component:citation:publication:doi:10.1038/s41467-023-38836-4	requires_pubmed_lookup	missing							pubmed	exact_pmid_efetch	37339966	none
3018	publication_component:citation:publication:doi:10.1038/s41467-023-38915-6	requires_pubmed_lookup	missing							pubmed	exact_pmid_efetch	37344528	none
3019	publication_component:citation:publication:doi:10.1038/s41467-023-39317-4	requires_pubmed_lookup	missing							pubmed	exact_pmid_efetch	37316475	none
3020	publication_component:citation:publication:doi:10.1038/s41467-023-39429-x	requires_pubmed_lookup	missing							pubmed	exact_pmid_efetch	37438331	none
3021	publication_component:citation:publication:doi:10.1038/s41467-023-39800-y	requires_pubmed_lookup	missing							pubmed	exact_pmid_efetch	37491530	none
3022	publication_component:citation:publication:doi:10.1038/s41467-023-39847-x	requires_pubmed_lookup	missing							pubmed	exact_pmid_efetch	37460566	none
3023	publication_component:citation:publication:doi:10.1038/s41467-023-40002-9	requires_openalex_lookup	not_applicable							openalex	exact_work_id	W4384922866	none
3024	publication_component:citation:publication:doi:10.1038/s41467-023-40706-y	requires_pubmed_lookup	missing							pubmed	exact_pmid_efetch	37640694	none
3025	publication_component:citation:publication:doi:10.1038/s41467-023-41137-5	requires_pubmed_lookup	missing							pubmed	exact_pmid_efetch	37696791	none
3026	publication_component:citation:publication:doi:10.1038/s41467-023-41244-3	requires_pubmed_lookup	missing							pubmed	exact_pmid_efetch	37679387	none
3027	publication_component:citation:publication:doi:10.1038/s41467-023-41412-5	requires_pubmed_lookup	missing							pubmed	exact_pmid_efetch	37699868	none
3028	publication_component:citation:publication:doi:10.1038/s41467-023-41413-4	requires_pubmed_lookup	missing							pubmed	exact_pmid_efetch	37709766	none
3029	publication_component:citation:publication:doi:10.1038/s41467-023-41704-w	requires_pubmed_lookup	missing							pubmed	exact_pmid_efetch	37749088	none
3030	publication_component:citation:publication:doi:10.1038/s41467-023-41764-y	requires_pubmed_lookup	missing							pubmed	exact_pmid_efetch	37803007	none
3031	publication_component:citation:publication:doi:10.1038/s41467-023-42681-w	requires_pubmed_lookup	missing							pubmed	exact_pmid_efetch	37963895	none
3032	publication_component:citation:publication:doi:10.1038/s41467-023-42916-w	requires_pubmed_lookup	missing							pubmed	exact_pmid_efetch	37925514	none
3033	publication_component:citation:publication:doi:10.1038/s41467-023-43270-7	requires_pubmed_lookup	missing							pubmed	exact_pmid_efetch	37968318	none
3034	publication_component:citation:publication:doi:10.1038/s41467-023-43451-4	requires_pubmed_lookup	missing							pubmed	exact_pmid_efetch	38030603	none
3035	publication_component:citation:publication:doi:10.1038/s41467-023-43528-0	requires_pubmed_lookup	missing							pubmed	exact_pmid_efetch	38001084	none
3036	publication_component:citation:publication:doi:10.1038/s41467-023-43556-w	requires_pubmed_lookup	missing							pubmed	exact_pmid_efetch	38012132	none
3037	publication_component:citation:publication:doi:10.1038/s41467-023-43623-2	requires_pubmed_lookup	missing							pubmed	exact_pmid_efetch	38052795	none
3038	publication_component:citation:publication:doi:10.1038/s41467-023-43703-3	requires_pubmed_lookup	missing							pubmed	exact_pmid_efetch	38057313	none
3039	publication_component:citation:publication:doi:10.1038/s41467-023-43740-y	requires_pubmed_lookup	missing							pubmed	exact_pmid_efetch	38102128	none
3040	publication_component:citation:publication:doi:10.1038/s41467-023-43802-1	requires_pubmed_lookup	missing							pubmed	exact_pmid_efetch	38042959	none
3041	publication_component:citation:publication:doi:10.1038/s41467-023-44023-2	requires_pubmed_lookup	missing							pubmed	exact_pmid_efetch	38081828	none
3042	publication_component:citation:publication:doi:10.1038/s41467-023-44246-3	requires_pubmed_lookup	missing							pubmed	exact_pmid_efetch	38114555	none
3043	publication_component:citation:publication:doi:10.1038/s41467-023-44411-8	requires_pubmed_lookup	missing							pubmed	exact_pmid_efetch	38168044	none
3044	publication_component:citation:publication:doi:10.1038/s41467-024-45500-y	requires_pubmed_lookup	missing							pubmed	exact_pmid_efetch	38360851	none
3045	publication_component:citation:publication:doi:10.1038/s41467-024-45631-2	requires_pubmed_lookup	missing							pubmed	exact_pmid_efetch	38355730	none
3046	publication_component:citation:publication:doi:10.1038/s41467-024-45690-5	requires_pubmed_lookup	missing							pubmed	exact_pmid_efetch	38378731	none
3047	publication_component:citation:publication:doi:10.1038/s41467-024-45767-1	requires_pubmed_lookup	missing							pubmed	exact_pmid_efetch	38360878	none
3048	publication_component:citation:publication:doi:10.1038/s41467-024-45836-5	requires_pubmed_lookup	missing							pubmed	exact_pmid_efetch	38395938	none
3049	publication_component:citation:publication:doi:10.1038/s41467-024-46052-x	requires_pubmed_lookup	missing							pubmed	exact_pmid_efetch	38395916	none
3050	publication_component:citation:publication:doi:10.1038/s41467-024-46080-7	requires_pubmed_lookup	missing							pubmed	exact_pmid_efetch	38388712	none
3051	publication_component:citation:publication:doi:10.1038/s41467-024-46147-5	requires_pubmed_lookup	missing							pubmed	exact_pmid_efetch	38448399	none
3052	publication_component:citation:publication:doi:10.1038/s41467-024-46845-0	requires_pubmed_lookup	missing							pubmed	exact_pmid_efetch	38509059	none
3053	publication_component:citation:publication:doi:10.1038/s41467-024-46918-0	requires_pubmed_lookup	missing							pubmed	exact_pmid_efetch	38514647	none
3054	publication_component:citation:publication:doi:10.1038/s41467-024-47428-9	requires_pubmed_lookup	missing							pubmed	exact_pmid_efetch	38632270	none
3055	publication_component:citation:publication:doi:10.1038/s41467-024-47599-5	requires_pubmed_lookup	missing							pubmed	exact_pmid_efetch	38615031	none
3056	publication_component:citation:publication:doi:10.1038/s41467-024-47929-7	requires_pubmed_lookup	missing							pubmed	exact_pmid_efetch	38729927	none
3057	publication_component:citation:publication:doi:10.1038/s41467-024-48643-0	requires_pubmed_lookup	missing							pubmed	exact_pmid_efetch	38769327	none
3058	publication_component:citation:publication:doi:10.1038/s41467-024-49769-x	requires_pubmed_lookup	missing							pubmed	exact_pmid_efetch	38956050	none
3059	publication_component:citation:publication:doi:10.1038/s41467-024-49848-z	requires_pubmed_lookup	missing							pubmed	exact_pmid_efetch	39009560	none
3060	publication_component:citation:publication:doi:10.1038/s41467-024-49891-w	requires_pubmed_lookup	missing							pubmed	exact_pmid_efetch	39075057	none
3061	publication_component:citation:publication:doi:10.1038/s41467-024-49917-3	requires_pubmed_lookup	missing							pubmed	exact_pmid_efetch	38987280	none
3062	publication_component:citation:publication:doi:10.1038/s41467-024-49922-6	requires_pubmed_lookup	missing							pubmed	exact_pmid_efetch	38969634	none
3063	publication_component:citation:publication:doi:10.1038/s41467-024-50002-y	requires_pubmed_lookup	missing							pubmed	exact_pmid_efetch	38971805	none
3064	publication_component:citation:publication:doi:10.1038/s41467-024-50239-7	requires_pubmed_lookup	missing							pubmed	exact_pmid_efetch	39090106	none
3065	publication_component:citation:publication:doi:10.1038/s41467-024-50529-0	requires_pubmed_lookup	missing							pubmed	exact_pmid_efetch	39060230	none
3066	publication_component:citation:publication:doi:10.1038/s41467-024-50852-6	requires_pubmed_lookup	missing							pubmed	exact_pmid_efetch	39098897	none
3067	publication_component:citation:publication:doi:10.1038/s41467-024-51141-y	requires_pubmed_lookup	missing							pubmed	exact_pmid_efetch	39147778	none
3068	publication_component:citation:publication:doi:10.1038/s41467-024-51145-8	requires_pubmed_lookup	missing							pubmed	exact_pmid_efetch	39107344	none
3069	publication_component:citation:publication:doi:10.1038/s41467-024-51158-3	requires_pubmed_lookup	missing							pubmed	exact_pmid_efetch	39134553	none
3070	publication_component:citation:publication:doi:10.1038/s41467-024-51201-3	requires_pubmed_lookup	missing							pubmed	exact_pmid_efetch	39187486	none
3071	publication_component:citation:publication:doi:10.1038/s41467-024-52639-1	requires_pubmed_lookup	missing							pubmed	exact_pmid_efetch	39333551	none
3072	publication_component:citation:publication:doi:10.1038/s41467-024-53076-w	requires_pubmed_lookup	missing							pubmed	exact_pmid_efetch	39397015	none
3073	publication_component:citation:publication:doi:10.1038/s41467-024-53141-4	requires_pubmed_lookup	missing							pubmed	exact_pmid_efetch	39609375	none
3074	publication_component:citation:publication:doi:10.1038/s41467-024-53756-7	requires_pubmed_lookup	missing							pubmed	exact_pmid_efetch	39505856	none
3075	publication_component:citation:publication:doi:10.1038/s41467-024-53816-y	requires_pubmed_lookup	missing							pubmed	exact_pmid_efetch	39472594	none
3076	publication_component:citation:publication:doi:10.1038/s41467-024-54255-5	requires_pubmed_lookup	missing							pubmed	exact_pmid_efetch	39737920	none
3077	publication_component:citation:publication:doi:10.1038/s41467-024-54408-6	requires_pubmed_lookup	missing							pubmed	exact_pmid_efetch	39627196	none
3078	publication_component:citation:publication:doi:10.1038/s41467-024-54418-4	requires_pubmed_lookup	missing							pubmed	exact_pmid_efetch	39658567	none
3079	publication_component:citation:publication:doi:10.1038/s41467-024-54555-w	requires_pubmed_lookup	missing							pubmed	exact_pmid_efetch	39622840	none
3080	publication_component:citation:publication:doi:10.1038/s41467-024-54719-8	requires_pubmed_lookup	missing							pubmed	exact_pmid_efetch	39613758	none
3081	publication_component:citation:publication:doi:10.1038/s41467-024-55169-y	requires_pubmed_lookup	missing							pubmed	exact_pmid_efetch	39738078	none
3082	publication_component:citation:publication:doi:10.1038/s41467-024-55186-x	requires_pubmed_lookup	missing							pubmed	exact_pmid_efetch	39805814	none
3083	publication_component:citation:publication:doi:10.1038/s41467-025-55840-y	requires_pubmed_lookup	missing							pubmed	exact_pmid_efetch	39774646	none
3084	publication_component:citation:publication:doi:10.1038/s41467-025-55845-7	requires_pubmed_lookup	missing							pubmed	exact_pmid_efetch	39809740	none
3085	publication_component:citation:publication:doi:10.1038/s41467-025-56329-4	requires_pubmed_lookup	missing							pubmed	exact_pmid_efetch	39843949	none
3086	publication_component:citation:publication:doi:10.1038/s41467-025-56438-0	requires_pubmed_lookup	missing							pubmed	exact_pmid_efetch	39880833	none
3087	publication_component:citation:publication:doi:10.1038/s41467-025-56614-2	requires_pubmed_lookup	missing							pubmed	exact_pmid_efetch	39929813	none
3088	publication_component:citation:publication:doi:10.1038/s41467-025-56820-y	requires_pubmed_lookup	missing							pubmed	exact_pmid_efetch	39979262	none
3089	publication_component:citation:publication:doi:10.1038/s41467-025-56901-y	requires_pubmed_lookup	missing							pubmed	exact_pmid_efetch	39952962	none
3090	publication_component:citation:publication:doi:10.1038/s41467-025-56983-8	requires_pubmed_lookup	missing							pubmed	exact_pmid_efetch	40011479	none
3091	publication_component:citation:publication:doi:10.1038/s41467-025-57575-2	requires_pubmed_lookup	missing							pubmed	exact_pmid_efetch	40108131	none
3092	publication_component:citation:publication:doi:10.1038/s41467-025-57687-9	requires_pubmed_lookup	missing							pubmed	exact_pmid_efetch	40055323	none
3093	publication_component:citation:publication:doi:10.1038/s41467-025-57722-9	requires_pubmed_lookup	missing							pubmed	exact_pmid_efetch	40097398	none
3094	publication_component:citation:publication:doi:10.1038/s41467-025-57932-1	requires_pubmed_lookup	missing							pubmed	exact_pmid_efetch	40075057	none
3095	publication_component:citation:publication:doi:10.1038/s41467-025-58106-9	requires_pubmed_lookup	missing							pubmed	exact_pmid_efetch	40118837	none
3096	publication_component:citation:publication:doi:10.1038/s41467-025-58341-0	requires_pubmed_lookup	missing							pubmed	exact_pmid_efetch	40164609	none
3097	publication_component:citation:publication:doi:10.1038/s41467-025-58770-x	requires_pubmed_lookup	missing							pubmed	exact_pmid_efetch	40240352	none
3098	publication_component:citation:publication:doi:10.1038/s41467-025-58915-y	requires_pubmed_lookup	missing							pubmed	exact_pmid_efetch	40274794	none
3099	publication_component:citation:publication:doi:10.1038/s41467-025-59343-8	requires_pubmed_lookup	missing							pubmed	exact_pmid_efetch	40301376	none
3100	publication_component:citation:publication:doi:10.1038/s41467-025-59422-w	requires_pubmed_lookup	missing							pubmed	exact_pmid_efetch	40360496	none
3101	publication_component:citation:publication:doi:10.1038/s41467-025-59757-4	requires_pubmed_lookup	missing							pubmed	exact_pmid_efetch	40382319	none
3102	publication_component:citation:publication:doi:10.1038/s41467-025-60081-0	requires_pubmed_lookup	missing							pubmed	exact_pmid_efetch	40436832	none
3103	publication_component:citation:publication:doi:10.1038/s41467-025-60222-5	requires_pubmed_lookup	missing							pubmed	exact_pmid_efetch	40436846	none
3104	publication_component:citation:publication:doi:10.1038/s41467-025-60782-6	requires_pubmed_lookup	missing							pubmed	exact_pmid_efetch	40595576	none
3105	publication_component:citation:publication:doi:10.1038/s41467-025-61387-9	requires_pubmed_lookup	missing							pubmed	exact_pmid_efetch	40595751	none
3106	publication_component:citation:publication:doi:10.1038/s41467-025-62178-y	requires_pubmed_lookup	missing							pubmed	exact_pmid_efetch	40715060	none
3107	publication_component:citation:publication:doi:10.1038/s41467-025-62269-w	requires_pubmed_lookup	missing							pubmed	exact_pmid_efetch	40721615	none
3108	publication_component:citation:publication:doi:10.1038/s41467-025-62310-y	requires_pubmed_lookup	missing							pubmed	exact_pmid_efetch	40750604	none
3109	publication_component:citation:publication:doi:10.1038/s41467-025-62544-w	requires_pubmed_lookup	missing							pubmed	exact_pmid_efetch	40825943	none
3110	publication_component:citation:publication:doi:10.1038/s41467-025-62644-7	requires_pubmed_lookup	missing							pubmed	exact_pmid_efetch	40796551	none
3111	publication_component:citation:publication:doi:10.1038/s41467-025-62850-3	requires_pubmed_lookup	missing							pubmed	exact_pmid_efetch	40796913	none
3112	publication_component:citation:publication:doi:10.1038/s41467-025-63007-y	requires_pubmed_lookup	missing							pubmed	exact_pmid_efetch	40825790	none
3113	publication_component:citation:publication:doi:10.1038/s41467-025-63861-w	requires_pubmed_lookup	missing							pubmed	exact_pmid_efetch	41038840	none
3114	publication_component:citation:publication:doi:10.1038/s41467-025-64288-z	requires_pubmed_lookup	missing							pubmed	exact_pmid_efetch	41107224	none
3115	publication_component:citation:publication:doi:10.1038/s41467-025-64825-w	requires_pubmed_lookup	missing							pubmed	exact_pmid_efetch	41203602	none
3116	publication_component:citation:publication:doi:10.1038/s41467-025-64866-1	requires_pubmed_lookup	missing							pubmed	exact_pmid_efetch	41219210	none
3117	publication_component:citation:publication:doi:10.1038/s41467-025-65129-9	requires_pubmed_lookup	missing							pubmed	exact_pmid_efetch	41253823	none
3118	publication_component:citation:publication:doi:10.1038/s41467-025-65226-9	requires_pubmed_lookup	missing							pubmed	exact_pmid_efetch	41257818	none
3119	publication_component:citation:publication:doi:10.1038/s41467-025-65292-z	requires_pubmed_lookup	missing							pubmed	exact_pmid_efetch	41271727	none
3120	publication_component:citation:publication:doi:10.1038/s41467-025-65396-6	requires_pubmed_lookup	missing							pubmed	exact_pmid_efetch	41290626	none
3121	publication_component:citation:publication:doi:10.1038/s41467-025-65969-5	requires_pubmed_lookup	missing							pubmed	exact_pmid_efetch	41365869	none
3122	publication_component:citation:publication:doi:10.1038/s41467-025-66279-6	requires_pubmed_lookup	missing							pubmed	exact_pmid_efetch	41285779	none
3123	publication_component:citation:publication:doi:10.1038/s41467-025-66337-z	requires_pubmed_lookup	missing							pubmed	exact_pmid_efetch	41407667	none
3124	publication_component:citation:publication:doi:10.1038/s41467-025-66357-9	requires_pubmed_lookup	missing							pubmed	exact_pmid_efetch	41407664	none
3125	publication_component:citation:publication:doi:10.1038/s41467-025-66716-6	requires_pubmed_lookup	missing							pubmed	exact_pmid_efetch	41318649	none
3126	publication_component:citation:publication:doi:10.1038/s41467-025-67060-5	requires_pubmed_lookup	missing							pubmed	exact_pmid_efetch	41353212	none
3127	publication_component:citation:publication:doi:10.1038/s41467-025-67280-9	requires_pubmed_lookup	missing							pubmed	exact_pmid_efetch	41398149	none
3128	publication_component:citation:publication:doi:10.1038/s41467-025-67849-4	requires_pubmed_lookup	missing							pubmed	exact_pmid_efetch	41413040	none
3129	publication_component:citation:publication:doi:10.1038/s41467-025-68053-0	requires_pubmed_lookup	missing							pubmed	exact_pmid_efetch	41469408	none
3130	publication_component:citation:publication:doi:10.1038/s41467-025-68254-7	requires_pubmed_lookup	missing							pubmed	exact_pmid_efetch	41519863	none
3131	publication_component:citation:publication:doi:10.1038/s41467-026-68642-7	requires_pubmed_lookup	missing							pubmed	exact_pmid_efetch	41663395	none
3132	publication_component:citation:publication:doi:10.1038/s41467-026-68669-w	requires_pubmed_lookup	missing							pubmed	exact_pmid_efetch	41617690	none
3133	publication_component:citation:publication:doi:10.1038/s41467-026-69410-3	requires_pubmed_lookup	missing							pubmed	exact_pmid_efetch	41673403	none
3134	publication_component:citation:publication:doi:10.1038/s41467-026-70196-7	requires_pubmed_lookup	missing							pubmed	exact_pmid_efetch	41803129	none
3135	publication_component:citation:publication:doi:10.1038/s41467-026-71169-6	requires_pubmed_lookup	missing							pubmed	exact_pmid_efetch	41922329	none
3136	publication_component:citation:publication:doi:10.1038/s41467-026-71398-9	requires_pubmed_lookup	missing							pubmed	exact_pmid_efetch	41932893	none
3137	publication_component:citation:publication:doi:10.1038/s41467-026-71993-w	requires_pubmed_lookup	missing							pubmed	exact_pmid_efetch	41997993	none
3138	publication_component:citation:publication:doi:10.1038/s41467-026-72169-2	requires_pubmed_lookup	missing							pubmed	exact_pmid_efetch	41991527	none
3139	publication_component:citation:publication:doi:10.1038/s41467-026-72977-6	requires_pubmed_lookup	missing							pubmed	exact_pmid_efetch	42265123	none
3140	publication_component:citation:publication:doi:10.1038/s41467-026-73233-7	requires_pubmed_lookup	missing							pubmed	exact_pmid_efetch	42192122	none
3141	publication_component:citation:publication:doi:10.1038/s41467-026-73664-2	requires_pubmed_lookup	missing							pubmed	exact_pmid_efetch	42218142	none
3142	publication_component:citation:publication:doi:10.1038/s41467-026-73756-z	requires_pubmed_lookup	missing							pubmed	exact_pmid_efetch	42215490	none
3143	publication_component:citation:publication:doi:10.1038/s41467-026-73769-8	requires_pubmed_lookup	missing							pubmed	exact_pmid_efetch	42191720	none
3144	publication_component:citation:publication:doi:10.1038/s41467-026-74005-z	requires_pubmed_lookup	missing							pubmed	exact_pmid_efetch	42252290	none
3145	publication_component:citation:publication:doi:10.1038/s41467-026-74379-0	requires_pubmed_lookup	missing							pubmed	exact_pmid_efetch	42277066	none
3146	publication_component:citation:publication:doi:10.1038/s41467-026-74605-9	requires_pubmed_lookup	missing							pubmed	exact_pmid_efetch	42362522	none
3147	publication_component:citation:publication:doi:10.1038/s41467-026-74686-6	requires_pubmed_lookup	missing							pubmed	exact_pmid_efetch	42342661	none
3148	publication_component:citation:publication:doi:10.1038/s41467-026-74800-8	requires_pubmed_lookup	missing							pubmed	exact_pmid_efetch	42350422	none
3149	publication_component:citation:publication:doi:10.1038/s41467-026-75790-3	requires_pubmed_lookup	missing							pubmed	exact_pmid_efetch	42608401	none
3150	publication_component:citation:publication:doi:10.1038/s41467-026-76479-3	requires_pubmed_lookup	missing							pubmed	exact_pmid_efetch	42693106	none
3151	publication_component:citation:publication:doi:10.1038/s41477-018-0188-8	requires_pubmed_lookup	missing							pubmed	exact_pmid_efetch	29967517	none
3152	publication_component:citation:publication:doi:10.1038/s41477-018-0323-6	requires_pubmed_lookup	missing							pubmed	exact_pmid_efetch	30559417	none
3153	publication_component:citation:publication:doi:10.1038/s41477-018-0337-0	requires_pubmed_lookup	missing							pubmed	exact_pmid_efetch	30626928	none
3154	publication_component:citation:publication:doi:10.1038/s41477-019-0444-6	requires_pubmed_lookup	missing							pubmed	exact_pmid_efetch	31263241	none
3155	publication_component:citation:publication:doi:10.1038/s41477-019-0452-6	requires_pubmed_lookup	missing							pubmed	exact_pmid_efetch	31308504	none
3156	publication_component:citation:publication:doi:10.1038/s41477-019-0588-4	requires_pubmed_lookup	missing							pubmed	exact_pmid_efetch	32042158	none
3157	publication_component:citation:publication:doi:10.1038/s41477-020-0594-6	requires_pubmed_lookup	missing							pubmed	exact_pmid_efetch	32094642	none
3158	publication_component:citation:publication:doi:10.1038/s41477-020-0618-2	requires_pubmed_lookup	missing							pubmed	exact_pmid_efetch	32170292	none
3159	publication_component:citation:publication:doi:10.1038/s41477-020-0735-y	requires_pubmed_lookup	missing							pubmed	exact_pmid_efetch	32782408	none
3160	publication_component:citation:publication:doi:10.1038/s41477-021-00933-x	requires_pubmed_lookup	missing							pubmed	exact_pmid_efetch	34135482	none
3161	publication_component:citation:publication:doi:10.1038/s41477-021-00934-w	requires_pubmed_lookup	missing							pubmed	exact_pmid_efetch	34045708	none
3162	publication_component:citation:publication:doi:10.1038/s41477-021-00990-2	requires_pubmed_lookup	missing							pubmed	exact_pmid_efetch	34475528	none
3163	publication_component:citation:publication:doi:10.1038/s41477-022-01127-9	requires_pubmed_lookup	missing							pubmed	exact_pmid_efetch	35449401	none
3164	publication_component:citation:publication:doi:10.1038/s41477-022-01129-7	requires_pubmed_lookup	missing							pubmed	exact_pmid_efetch	35437001	none
3165	publication_component:citation:publication:doi:10.1038/s41477-022-01146-6	requires_pubmed_lookup	missing							pubmed	exact_pmid_efetch	35534720	none
3166	publication_component:citation:publication:doi:10.1038/s41477-022-01171-5	requires_pubmed_lookup	missing							pubmed	exact_pmid_efetch	35729266	none
3167	publication_component:citation:publication:doi:10.1038/s41477-022-01222-x	requires_pubmed_lookup	missing							pubmed	exact_pmid_efetch	36050462	none
3168	publication_component:citation:publication:doi:10.1038/s41477-022-01226-7	requires_pubmed_lookup	missing							pubmed	exact_pmid_efetch	36050461	none
3169	publication_component:citation:publication:doi:10.1038/s41477-023-01474-1	requires_pubmed_lookup	missing							pubmed	exact_pmid_efetch	37563460	none
3170	publication_component:citation:publication:doi:10.1038/s41477-023-01517-7	requires_pubmed_lookup	missing							pubmed	exact_pmid_efetch	37735254	none
3171	publication_component:citation:publication:doi:10.1038/s41477-023-01608-5	requires_pubmed_lookup	missing							pubmed	exact_pmid_efetch	38278954	none
3172	publication_component:citation:publication:doi:10.1038/s41477-023-01614-7	requires_pubmed_lookup	missing							pubmed	exact_pmid_efetch	38278953	none
3173	publication_component:citation:publication:doi:10.1038/s41477-024-01849-y	requires_pubmed_lookup	missing							pubmed	exact_pmid_efetch	39543324	none
3174	publication_component:citation:publication:doi:10.1038/s41477-024-01866-x	requires_pubmed_lookup	missing							pubmed	exact_pmid_efetch	39627369	none
3175	publication_component:citation:publication:doi:10.1038/s41477-024-01902-w	requires_pubmed_lookup	missing							pubmed	exact_pmid_efetch	39794493	none
3176	publication_component:citation:publication:doi:10.1038/s41477-025-01932-y	requires_pubmed_lookup	missing							pubmed	exact_pmid_efetch	40087543	none
3177	publication_component:citation:publication:doi:10.1038/s41477-025-01978-y	requires_pubmed_lookup	missing							pubmed	exact_pmid_efetch	40269175	none
3178	publication_component:citation:publication:doi:10.1038/s41477-025-02125-3	requires_pubmed_lookup	missing							pubmed	exact_pmid_efetch	41057617	none
3179	publication_component:citation:publication:doi:10.1038/s41477-025-02142-2	requires_pubmed_lookup	missing							pubmed	exact_pmid_efetch	41162626	none
3180	publication_component:citation:publication:doi:10.1038/s41477-025-02214-3	requires_pubmed_lookup	missing							pubmed	exact_pmid_efetch	41611883	none
3181	publication_component:citation:publication:doi:10.1038/s41477-026-02281-0	requires_pubmed_lookup	missing							pubmed	exact_pmid_efetch	42092166	none
3182	publication_component:citation:publication:doi:10.1038/s41477-026-02295-8	requires_pubmed_lookup	missing							pubmed	exact_pmid_efetch	42168363	none
3183	publication_component:citation:publication:doi:10.1038/s41477-026-02311-x	requires_pubmed_lookup	missing							pubmed	exact_pmid_efetch	42277377	none
3184	publication_component:citation:publication:doi:10.1038/s41522-024-00557-x	requires_pubmed_lookup	missing							pubmed	exact_pmid_efetch	39191812	none
3185	publication_component:citation:publication:doi:10.1038/s41538-025-00667-6	requires_pubmed_lookup	missing							pubmed	exact_pmid_efetch	41390685	none
3186	publication_component:citation:publication:doi:10.1038/s41541-024-00933-w	requires_pubmed_lookup	missing							pubmed	exact_pmid_efetch	39127725	none
3187	publication_component:citation:publication:doi:10.1038/s41541-025-01292-w	requires_pubmed_lookup	missing							pubmed	exact_pmid_efetch	41271798	none
3188	publication_component:citation:publication:doi:10.1038/s41558-018-0084-2	requires_openalex_lookup	not_applicable							openalex	exact_work_id	W2793921636	none
3189	publication_component:citation:publication:doi:10.1038/s41559-016-0021	requires_pubmed_lookup	missing							pubmed	exact_pmid_efetch	28812602	none
3190	publication_component:citation:publication:doi:10.1038/s41559-017-0120	requires_pubmed_lookup	missing							pubmed	exact_pmid_efetch	28812685	none
3191	publication_component:citation:publication:doi:10.1038/s41559-017-0121	requires_pubmed_lookup	missing							pubmed	exact_pmid_efetch	28812709	none
3192	publication_component:citation:publication:doi:10.1038/s41559-017-0280-x	requires_pubmed_lookup	missing							pubmed	exact_pmid_efetch	28983516	none
3193	publication_component:citation:publication:doi:10.1038/s41559-017-0314-4	requires_pubmed_lookup	missing							pubmed	exact_pmid_efetch	28963452	none
3194	publication_component:citation:publication:doi:10.1038/s41559-017-0366-5	requires_pubmed_lookup	missing							pubmed	exact_pmid_efetch	29109469	none
3195	publication_component:citation:publication:doi:10.1038/s41559-018-0471-0	requires_pubmed_lookup	missing							pubmed	exact_pmid_efetch	29459709	none
3196	publication_component:citation:publication:doi:10.1038/s41559-018-0476-8	requires_pubmed_lookup	missing							pubmed	exact_pmid_efetch	29459707	none
3197	publication_component:citation:publication:doi:10.1038/s41559-018-0493-7	requires_pubmed_lookup	missing							pubmed	exact_pmid_efetch	29459705	none
3198	publication_component:citation:publication:doi:10.1038/s41559-018-0494-6	requires_pubmed_lookup	missing							pubmed	exact_pmid_efetch	29531346	none
3199	publication_component:citation:publication:doi:10.1038/s41559-018-0509-3	requires_pubmed_lookup	missing							pubmed	exact_pmid_efetch	29632357	none
3200	publication_component:citation:publication:doi:10.1038/s41559-018-0548-9	requires_pubmed_lookup	missing							pubmed	exact_pmid_efetch	29686237	none
3201	publication_component:citation:publication:doi:10.1038/s41559-018-0588-1	requires_pubmed_lookup	missing							pubmed	exact_pmid_efetch	29988158	none
3202	publication_component:citation:publication:doi:10.1038/s41559-018-0617-0	requires_pubmed_lookup	missing							pubmed	exact_pmid_efetch	30038246	none
3203	publication_component:citation:publication:doi:10.1038/s41559-018-0644-x	requires_pubmed_lookup	missing							pubmed	exact_pmid_efetch	30127539	none
3204	publication_component:citation:publication:doi:10.1038/s41559-018-0673-5	requires_pubmed_lookup	missing							pubmed	exact_pmid_efetch	30297745	none
3205	publication_component:citation:publication:doi:10.1038/s41559-018-0733-x	requires_pubmed_lookup	missing							pubmed	exact_pmid_efetch	30510174	none
3206	publication_component:citation:publication:doi:10.1038/s41559-019-0812-7	requires_pubmed_lookup	missing							pubmed	exact_pmid_efetch	30804520	none
3207	publication_component:citation:publication:doi:10.1038/s41559-019-0822-5	requires_pubmed_lookup	missing							pubmed	exact_pmid_efetch	30858588	none
3208	publication_component:citation:publication:doi:10.1038/s41559-019-0834-1	requires_pubmed_lookup	missing							pubmed	exact_pmid_efetch	30886374	none
3209	publication_component:citation:publication:doi:10.1038/s41559-019-0850-1	requires_pubmed_lookup	missing							pubmed	exact_pmid_efetch	30936435	none
3210	publication_component:citation:publication:doi:10.1038/s41559-019-0864-8	requires_pubmed_lookup	missing							pubmed	exact_pmid_efetch	30988486	none
3211	publication_component:citation:publication:doi:10.1038/s41559-020-1166-x	requires_pubmed_lookup	missing							pubmed	exact_pmid_efetch	32231327	none
3212	publication_component:citation:publication:doi:10.1038/s41559-020-1232-4	requires_pubmed_lookup	missing							pubmed	exact_pmid_efetch	32601391	none
3213	publication_component:citation:publication:doi:10.1038/s41559-021-01448-6	requires_pubmed_lookup	missing							pubmed	exact_pmid_efetch	33972735	none
3214	publication_component:citation:publication:doi:10.1038/s41559-021-01469-1	requires_pubmed_lookup	missing							pubmed	exact_pmid_efetch	34002050	none
3215	publication_component:citation:publication:doi:10.1038/s41559-022-01692-4	requires_pubmed_lookup	missing							pubmed	exact_pmid_efetch	35314785	none
3216	publication_component:citation:publication:doi:10.1038/s41559-022-01703-4	requires_pubmed_lookup	missing							pubmed	exact_pmid_efetch	35332281	none
3217	publication_component:citation:publication:doi:10.1038/s41559-022-01744-9	requires_pubmed_lookup	missing							pubmed	exact_pmid_efetch	35484219	none
3218	publication_component:citation:publication:doi:10.1038/s41559-022-01750-x	requires_pubmed_lookup	missing							pubmed	exact_pmid_efetch	35654896	none
3219	publication_component:citation:publication:doi:10.1038/s41559-022-01813-z	requires_pubmed_lookup	missing							pubmed	exact_pmid_efetch	35817827	none
3220	publication_component:citation:publication:doi:10.1038/s41559-022-01830-y	requires_pubmed_lookup	missing							pubmed	exact_pmid_efetch	35864227	none
3221	publication_component:citation:publication:doi:10.1038/s41559-022-01838-4	requires_pubmed_lookup	missing							pubmed	exact_pmid_efetch	35927316	none
3222	publication_component:citation:publication:doi:10.1038/s41559-022-01885-x	requires_pubmed_lookup	missing							pubmed	exact_pmid_efetch	36175544	none
3223	publication_component:citation:publication:doi:10.1038/s41559-022-01898-6	requires_pubmed_lookup	missing							pubmed	exact_pmid_efetch	36280781	none
3224	publication_component:citation:publication:doi:10.1038/s41559-022-01974-x	requires_pubmed_lookup	missing							pubmed	exact_pmid_efetch	37268856	none
3225	publication_component:citation:publication:doi:10.1038/s41559-022-01980-z	requires_pubmed_lookup	missing							pubmed	exact_pmid_efetch	36717742	none
3226	publication_component:citation:publication:doi:10.1038/s41559-023-02001-3	requires_pubmed_lookup	missing							pubmed	exact_pmid_efetch	36941345	none
3227	publication_component:citation:publication:doi:10.1038/s41559-023-02012-0	requires_pubmed_lookup	missing							pubmed	exact_pmid_efetch	37037909	none
3228	publication_component:citation:publication:doi:10.1038/s41559-023-02127-4	requires_pubmed_lookup	missing							pubmed	exact_pmid_efetch	37460839	none
3229	publication_component:citation:publication:doi:10.1038/s41559-023-02238-y	requires_pubmed_lookup	missing							pubmed	exact_pmid_efetch	37919396	none
3230	publication_component:citation:publication:doi:10.1038/s41559-023-02299-z	requires_pubmed_lookup	missing							pubmed	exact_pmid_efetch	38216617	none
3231	publication_component:citation:publication:doi:10.1038/s41559-024-02399-4	requires_pubmed_lookup	missing							pubmed	exact_pmid_efetch	38637692	none
3232	publication_component:citation:publication:doi:10.1038/s41559-024-02436-2	requires_pubmed_lookup	missing							pubmed	exact_pmid_efetch	38945974	none
3233	publication_component:citation:publication:doi:10.1038/s41559-024-02461-1	requires_pubmed_lookup	missing							pubmed	exact_pmid_efetch	38997462	none
3234	publication_component:citation:publication:doi:10.1038/s41559-024-02490-w	requires_pubmed_lookup	missing							pubmed	exact_pmid_efetch	39152327	none
3235	publication_component:citation:publication:doi:10.1038/s41559-024-02586-3	requires_pubmed_lookup	missing							pubmed	exact_pmid_efetch	39604701	none
3236	publication_component:citation:publication:doi:10.1038/s41559-025-02638-2	requires_pubmed_lookup	missing							pubmed	exact_pmid_efetch	39920351	none
3237	publication_component:citation:publication:doi:10.1038/s41559-025-02642-6	requires_pubmed_lookup	missing							pubmed	exact_pmid_efetch	39953253	none
3238	publication_component:citation:publication:doi:10.1038/s41559-025-02651-5	requires_pubmed_lookup	missing							pubmed	exact_pmid_efetch	40021902	none
3239	publication_component:citation:publication:doi:10.1038/s41559-025-02837-x	requires_pubmed_lookup	missing							pubmed	exact_pmid_efetch	40855227	none
3240	publication_component:citation:publication:doi:10.1038/s41559-025-02838-w	requires_pubmed_lookup	missing							pubmed	exact_pmid_efetch	40855228	none
3241	publication_component:citation:publication:doi:10.1038/s41559-025-02887-1	requires_pubmed_lookup	missing							pubmed	exact_pmid_efetch	41238893	none
3242	publication_component:citation:publication:doi:10.1038/s41559-025-02969-0	requires_pubmed_lookup	missing							pubmed	exact_pmid_efetch	41634230	none
3243	publication_component:citation:publication:doi:10.1038/s41559-026-03112-3	requires_pubmed_lookup	missing							pubmed	exact_pmid_efetch	42362929	none
3244	publication_component:citation:publication:doi:10.1038/s41559-026-03128-9	requires_pubmed_lookup	missing							pubmed	exact_pmid_efetch	42469429	none
3245	publication_component:citation:publication:doi:10.1038/s41559-026-03137-8	requires_pubmed_lookup	missing							pubmed	exact_pmid_efetch	42469428	none
3246	publication_component:citation:publication:doi:10.1038/s41564-018-0179-6	requires_pubmed_lookup	missing							pubmed	exact_pmid_efetch	29891865	none
3247	publication_component:citation:publication:doi:10.1038/s41564-018-0297-1	requires_pubmed_lookup	missing							pubmed	exact_pmid_efetch	30478287	none
3248	publication_component:citation:publication:doi:10.1038/s41564-018-0304-6	requires_pubmed_lookup	missing							pubmed	exact_pmid_efetch	30510169	none
3249	publication_component:citation:publication:doi:10.1038/s41564-019-0371-3	requires_pubmed_lookup	missing							pubmed	exact_pmid_efetch	30804542	none
3250	publication_component:citation:publication:doi:10.1038/s41564-020-00838-z	requires_pubmed_lookup	missing							pubmed	exact_pmid_efetch	33349681	none
3251	publication_component:citation:publication:doi:10.1038/s41564-021-00935-7	requires_pubmed_lookup	missing							pubmed	exact_pmid_efetch	34267358	none
3252	publication_component:citation:publication:doi:10.1038/s41564-021-00963-3	requires_pubmed_lookup	missing							pubmed	exact_pmid_efetch	34545208	none
3253	publication_component:citation:publication:doi:10.1038/s41564-021-00993-x	requires_pubmed_lookup	missing							pubmed	exact_pmid_efetch	34819642	none
3254	publication_component:citation:publication:doi:10.1038/s41564-021-01000-z	requires_pubmed_lookup	missing							pubmed	exact_pmid_efetch	34819643	none
3255	publication_component:citation:publication:doi:10.1038/s41564-021-01041-4	requires_pubmed_lookup	missing							pubmed	exact_pmid_efetch	35013591	none
3256	publication_component:citation:publication:doi:10.1038/s41564-022-01191-z	requires_pubmed_lookup	missing							pubmed	exact_pmid_efetch	35982313	none
3257	publication_component:citation:publication:doi:10.1038/s41564-022-01257-y	requires_pubmed_lookup	missing							pubmed	exact_pmid_efetch	36411352	none
3258	publication_component:citation:publication:doi:10.1038/s41564-023-01388-w	requires_pubmed_lookup	missing							pubmed	exact_pmid_efetch	37169918	none
3259	publication_component:citation:publication:doi:10.1038/s41564-023-01547-z	requires_pubmed_lookup	missing							pubmed	exact_pmid_efetch	38177305	none
3260	publication_component:citation:publication:doi:10.1038/s41564-024-01612-1	requires_pubmed_lookup	missing							pubmed	exact_pmid_efetch	38424289	none
3261	publication_component:citation:publication:doi:10.1038/s41564-024-01825-4	requires_pubmed_lookup	missing							pubmed	exact_pmid_efetch	39438719	none
3262	publication_component:citation:publication:doi:10.1038/s41564-024-01859-8	requires_pubmed_lookup	missing							pubmed	exact_pmid_efetch	39578578	none
3263	publication_component:citation:publication:doi:10.1038/s41564-025-02002-x	requires_pubmed_lookup	missing							pubmed	exact_pmid_efetch	40461649	none
3264	publication_component:citation:publication:doi:10.1038/s41564-025-02017-4	requires_pubmed_lookup	missing							pubmed	exact_pmid_efetch	40389650	none
3265	publication_component:citation:publication:doi:10.1038/s41564-025-02138-w	requires_pubmed_lookup	missing							pubmed	exact_pmid_efetch	41093992	none
3266	publication_component:citation:publication:doi:10.1038/s41564-025-02235-w	requires_pubmed_lookup	missing							pubmed	exact_pmid_efetch	41617894	none
3267	publication_component:citation:publication:doi:10.1038/s41564-025-02257-4	requires_pubmed_lookup	missing							pubmed	exact_pmid_efetch	41593364	none
3268	publication_component:citation:publication:doi:10.1038/s41564-026-02260-3	requires_pubmed_lookup	missing							pubmed	exact_pmid_efetch	41775999	none
3269	publication_component:citation:publication:doi:10.1038/s41564-026-02385-5	requires_pubmed_lookup	missing							pubmed	exact_pmid_efetch	42362810	none
3270	publication_component:citation:publication:doi:10.1038/s41576-019-0119-1	requires_pubmed_lookup	missing							pubmed	exact_pmid_efetch	30953039	none
3271	publication_component:citation:publication:doi:10.1038/s41576-021-00376-2	requires_pubmed_lookup	missing							pubmed	exact_pmid_efetch	34163020	none
3272	publication_component:citation:publication:doi:10.1038/s41576-022-00483-8	requires_pubmed_lookup	missing							pubmed	exact_pmid_efetch	35459859	none
3273	publication_component:citation:publication:doi:10.1038/s41586-018-0030-5	requires_pubmed_lookup	missing							pubmed	exact_pmid_efetch	29643504	none
3274	publication_component:citation:publication:doi:10.1038/s41586-019-1072-z	requires_pubmed_lookup	missing							pubmed	exact_pmid_efetch	30944491	none
3275	publication_component:citation:publication:doi:10.1038/s41586-019-1852-5	requires_pubmed_lookup	missing							pubmed	exact_pmid_efetch	31853069	none
3276	publication_component:citation:publication:doi:10.1038/s41586-020-03039-0	requires_pubmed_lookup	missing							pubmed	exact_pmid_efetch	33408411	none
3277	publication_component:citation:publication:doi:10.1038/s41586-020-2073-7	requires_pubmed_lookup	missing							pubmed	exact_pmid_efetch	32132713	none
3278	publication_component:citation:publication:doi:10.1038/s41586-020-2094-2	requires_pubmed_lookup	missing							pubmed	exact_pmid_efetch	32188942	none
3279	publication_component:citation:publication:doi:10.1038/s41586-020-2355-0	requires_pubmed_lookup	missing							pubmed	exact_pmid_efetch	32434211	none
3280	publication_component:citation:publication:doi:10.1038/s41586-020-2924-2	requires_pubmed_lookup	missing							pubmed	exact_pmid_efetch	33208937	none
3281	publication_component:citation:publication:doi:10.1038/s41586-020-2930-4	requires_pubmed_lookup	missing							pubmed	exact_pmid_efetch	33208944	none
3282	publication_component:citation:publication:doi:10.1038/s41586-020-3021-2	requires_pubmed_lookup	missing							pubmed	exact_pmid_efetch	33299178	none
3283	publication_component:citation:publication:doi:10.1038/s41586-021-03198-8	requires_pubmed_lookup	missing							pubmed	exact_pmid_efetch	33461212	none
3284	publication_component:citation:publication:doi:10.1038/s41586-021-03224-9	requires_pubmed_lookup	missing							pubmed	exact_pmid_efetch	33597750	none
3285	publication_component:citation:publication:doi:10.1038/s41586-021-03535-x	requires_pubmed_lookup	missing							pubmed	exact_pmid_efetch	33910227	none
3286	publication_component:citation:publication:doi:10.1038/s41586-021-03677-y	requires_pubmed_lookup	missing							pubmed	exact_pmid_efetch	34098568	none
3287	publication_component:citation:publication:doi:10.1038/s41586-021-03908-2	requires_pubmed_lookup	missing							pubmed	exact_pmid_efetch	34428777	none
3288	publication_component:citation:publication:doi:10.1038/s41586-021-04066-1	requires_pubmed_lookup	missing							pubmed	exact_pmid_efetch	34759320	none
3289	publication_component:citation:publication:doi:10.1038/s41586-021-04069-y	requires_pubmed_lookup	missing							pubmed	exact_pmid_efetch	34649268	none
3290	publication_component:citation:publication:doi:10.1038/s41586-021-04341-1	requires_pubmed_lookup	missing							pubmed	exact_pmid_efetch	34937052	none
3291	publication_component:citation:publication:doi:10.1038/s41586-022-04411-y	requires_pubmed_lookup	missing							pubmed	exact_pmid_efetch	35042229	none
3292	publication_component:citation:publication:doi:10.1038/s41586-022-04464-z	requires_pubmed_lookup	missing							pubmed	exact_pmid_efetch	35114688	none
3293	publication_component:citation:publication:doi:10.1038/s41586-022-04800-3	requires_pubmed_lookup	missing							pubmed	exact_pmid_efetch	35705810	none
3294	publication_component:citation:publication:doi:10.1038/s41586-022-04822-x	requires_pubmed_lookup	missing							pubmed	exact_pmid_efetch	35676481	none
3295	publication_component:citation:publication:doi:10.1038/s41586-022-05200-3	requires_pubmed_lookup	missing							pubmed	exact_pmid_efetch	35952712	none
3296	publication_component:citation:publication:doi:10.1038/s41586-022-05547-7	requires_pubmed_lookup	missing							pubmed	exact_pmid_efetch	36544022	none
3297	publication_component:citation:publication:doi:10.1038/s41586-023-05822-1	requires_pubmed_lookup	missing							pubmed	exact_pmid_efetch	37045920	none
3298	publication_component:citation:publication:doi:10.1038/s41586-023-06261-8	requires_pubmed_lookup	missing							pubmed	exact_pmid_efetch	37380775	none
3299	publication_component:citation:publication:doi:10.1038/s41586-023-06631-2	requires_pubmed_lookup	missing							pubmed	exact_pmid_efetch	37853121	none
3300	publication_component:citation:publication:doi:10.1038/s41586-023-06649-6	requires_pubmed_lookup	missing							pubmed	exact_pmid_efetch	37748513	none
3301	publication_component:citation:publication:doi:10.1038/s41586-024-07182-w	requires_pubmed_lookup	missing							pubmed	exact_pmid_efetch	38509359	none
3302	publication_component:citation:publication:doi:10.1038/s41586-024-07447-4	requires_pubmed_lookup	missing							pubmed	exact_pmid_efetch	38750363	none
3303	publication_component:citation:publication:doi:10.1038/s41586-024-07849-4	requires_pubmed_lookup	missing							pubmed	exact_pmid_efetch	39053575	none
3304	publication_component:citation:publication:doi:10.1038/s41586-024-07991-z	requires_pubmed_lookup	missing							pubmed	exact_pmid_efetch	39415013	none
3305	publication_component:citation:publication:doi:10.1038/s41586-024-08489-4	requires_pubmed_lookup	missing							pubmed	exact_pmid_efetch	39662508	none
3306	publication_component:citation:publication:doi:10.1038/s41586-025-08908-0	requires_pubmed_lookup	missing							pubmed	exact_pmid_efetch	40132641	none
3307	publication_component:citation:publication:doi:10.1038/s41586-025-09425-w	requires_pubmed_lookup	missing							pubmed	exact_pmid_efetch	40903579	none
3308	publication_component:citation:publication:doi:10.1038/s41586-025-09678-5	requires_pubmed_lookup	missing							pubmed	exact_pmid_efetch	41162714	none
3309	publication_component:citation:publication:doi:10.1038/s41586-025-09722-4	requires_pubmed_lookup	missing							pubmed	exact_pmid_efetch	41225002	none
3310	publication_component:citation:publication:doi:10.1038/s41586-025-09737-x	requires_pubmed_lookup	missing							pubmed	exact_pmid_efetch	41225000	none
3311	publication_component:citation:publication:doi:10.1038/s41586-026-10340-x	requires_pubmed_lookup	missing							pubmed	exact_pmid_efetch	41922762	none
3312	publication_component:citation:publication:doi:10.1038/s41586-026-10932-7	requires_pubmed_lookup	missing							pubmed	exact_pmid_efetch	42649300	none
3313	publication_component:citation:publication:doi:10.1038/s41587-019-0193-0	requires_pubmed_lookup	missing							pubmed	exact_pmid_efetch	31332326	none
3314	publication_component:citation:publication:doi:10.1038/s41588-017-0029-0	requires_pubmed_lookup	missing							pubmed	exact_pmid_efetch	29358649	none
3315	publication_component:citation:publication:doi:10.1038/s41588-018-0040-0	requires_pubmed_lookup	missing							pubmed	exact_pmid_efetch	29358651	none
3316	publication_component:citation:publication:doi:10.1038/s41588-018-0182-0	requires_pubmed_lookup	missing							pubmed	exact_pmid_efetch	30061735	none
3317	publication_component:citation:publication:doi:10.1038/s41588-018-0243-4	requires_pubmed_lookup	missing							pubmed	exact_pmid_efetch	30297967	none
3318	publication_component:citation:publication:doi:10.1038/s41588-019-0371-5	requires_pubmed_lookup	missing							pubmed	exact_pmid_efetch	30886425	none
3319	publication_component:citation:publication:doi:10.1038/s41588-019-0417-8	requires_pubmed_lookup	missing							pubmed	exact_pmid_efetch	31133745	none
3320	publication_component:citation:publication:doi:10.1038/s41588-019-0480-1	requires_pubmed_lookup	missing							pubmed	exact_pmid_efetch	31477930	none
3321	publication_component:citation:publication:doi:10.1038/s41588-020-00723-9	requires_pubmed_lookup	missing							pubmed	exact_pmid_efetch	33139952	none
3322	publication_component:citation:publication:doi:10.1038/s41588-020-0627-0	requires_pubmed_lookup	missing							pubmed	exact_pmid_efetch	32393861	none
3323	publication_component:citation:publication:doi:10.1038/s41588-021-00836-9	requires_pubmed_lookup	missing							pubmed	exact_pmid_efetch	33875864	none
3324	publication_component:citation:publication:doi:10.1038/s41588-021-00971-3	requires_pubmed_lookup	missing							pubmed	exact_pmid_efetch	34980919	none
3325	publication_component:citation:publication:doi:10.1038/s41588-023-01340-y	requires_pubmed_lookup	missing							pubmed	exact_pmid_efetch	37024581	none
3326	publication_component:citation:publication:doi:10.1038/s41588-023-01486-9	requires_pubmed_lookup	missing							pubmed	exact_pmid_efetch	37640880	none
3327	publication_component:citation:publication:doi:10.1038/s41588-023-01546-0	requires_pubmed_lookup	missing							pubmed	exact_pmid_efetch	37932434	none
3328	publication_component:citation:publication:doi:10.1038/s41588-024-01657-2	requires_pubmed_lookup	missing							pubmed	exact_pmid_efetch	38347217	none
3329	publication_component:citation:publication:doi:10.1038/s41588-024-01683-0	requires_pubmed_lookup	missing							pubmed	exact_pmid_efetch	38491323	none
3330	publication_component:citation:publication:doi:10.1038/s41588-024-01760-4	requires_pubmed_lookup	missing							pubmed	exact_pmid_efetch	38783120	none
3331	publication_component:citation:publication:doi:10.1038/s41588-024-01823-6	requires_pubmed_lookup	missing							pubmed	exact_pmid_efetch	38977857	none
3332	publication_component:citation:publication:doi:10.1038/s41588-024-01944-y	requires_pubmed_lookup	missing							pubmed	exact_pmid_efetch	39428511	none
3333	publication_component:citation:publication:doi:10.1038/s41588-025-02183-5	requires_pubmed_lookup	missing							pubmed	exact_pmid_efetch	40295881	none
3334	publication_component:citation:publication:doi:10.1038/s41588-025-02273-4	requires_pubmed_lookup	missing							pubmed	exact_pmid_efetch	40770574	none
3335	publication_component:citation:publication:doi:10.1038/s41588-025-02280-5	requires_pubmed_lookup	missing							pubmed	exact_pmid_efetch	40738999	none
3336	publication_component:citation:publication:doi:10.1038/s41588-025-02294-z	requires_pubmed_lookup	missing							pubmed	exact_pmid_efetch	40835889	none
3337	publication_component:citation:publication:doi:10.1038/s41588-025-02433-6	requires_pubmed_lookup	missing							pubmed	exact_pmid_efetch	41387626	none
3338	publication_component:citation:publication:doi:10.1038/s41588-025-02478-7	requires_pubmed_lookup	missing							pubmed	exact_pmid_efetch	41526696	none
3339	publication_component:citation:publication:doi:10.1038/s41588-026-02508-y	requires_pubmed_lookup	missing							pubmed	exact_pmid_efetch	41708786	none
3340	publication_component:citation:publication:doi:10.1038/s41588-026-02569-z	requires_pubmed_lookup	missing							pubmed	exact_pmid_efetch	41992043	none
3341	publication_component:citation:publication:doi:10.1038/s41588-026-02682-z	requires_pubmed_lookup	missing							pubmed	exact_pmid_efetch	42481758	none
3342	publication_component:citation:publication:doi:10.1038/s41590-019-0471-5	requires_pubmed_lookup	missing							pubmed	exact_pmid_efetch	31451789	none
3343	publication_component:citation:publication:doi:10.1038/s41591-020-1000-7	requires_pubmed_lookup	missing							pubmed	exact_pmid_efetch	32647358	none
3344	publication_component:citation:publication:doi:10.1038/s41591-021-01255-3	requires_pubmed_lookup	missing							pubmed	exact_pmid_efetch	33531709	none
3345	publication_component:citation:publication:doi:10.1038/s41591-021-01302-z	requires_pubmed_lookup	missing							pubmed	exact_pmid_efetch	33846610	none
3346	publication_component:citation:publication:doi:10.1038/s41591-021-01378-7	requires_pubmed_lookup	missing							pubmed	exact_pmid_efetch	34035535	none
3347	publication_component:citation:publication:doi:10.1038/s41591-024-03459-9	requires_pubmed_lookup	missing							pubmed	exact_pmid_efetch	39681304	none
3348	publication_component:citation:publication:doi:10.1038/s41591-025-04010-0	requires_pubmed_lookup	missing							pubmed	exact_pmid_efetch	41062832	none
3349	publication_component:citation:publication:doi:10.1038/s41592-021-01100-y	requires_pubmed_lookup	missing							pubmed	exact_pmid_efetch	33828272	none
3350	publication_component:citation:publication:doi:10.1038/s41592-022-01526-y	requires_pubmed_lookup	missing							pubmed	exact_pmid_efetch	35710609	none
3351	publication_component:citation:publication:doi:10.1038/s41592-023-01917-9	requires_pubmed_lookup	missing							pubmed	exact_pmid_efetch	37386188	none
3352	publication_component:citation:publication:doi:10.1038/s41594-019-0347-2	requires_pubmed_lookup	missing							pubmed	exact_pmid_efetch	31873300	none
3353	publication_component:citation:publication:doi:10.1038/s41597-019-0152-0	requires_pubmed_lookup	missing							pubmed	exact_pmid_efetch	31413325	none
3354	publication_component:citation:publication:doi:10.1038/s41597-020-0426-6	requires_pubmed_lookup	missing							pubmed	exact_pmid_efetch	32165614	none
3355	publication_component:citation:publication:doi:10.1038/s41597-020-0468-9	requires_pubmed_lookup	missing							pubmed	exact_pmid_efetch	32345970	none
3356	publication_component:citation:publication:doi:10.1038/s41597-020-0518-3	requires_pubmed_lookup	missing							pubmed	exact_pmid_efetch	32528014	none
3357	publication_component:citation:publication:doi:10.1038/s41597-022-01595-w	requires_pubmed_lookup	missing							pubmed	exact_pmid_efetch	35918339	none
3358	publication_component:citation:publication:doi:10.1038/s41597-022-01671-1	requires_pubmed_lookup	missing							pubmed	exact_pmid_efetch	36085327	none
3359	publication_component:citation:publication:doi:10.1038/s41597-022-01680-0	requires_pubmed_lookup	missing							pubmed	exact_pmid_efetch	36100590	none
3360	publication_component:citation:publication:doi:10.1038/s41597-022-01801-9	requires_pubmed_lookup	missing							pubmed	exact_pmid_efetch	36329062	none
3361	publication_component:citation:publication:doi:10.1038/s41597-023-01950-5	requires_pubmed_lookup	missing							pubmed	exact_pmid_efetch	36653371	none
3362	publication_component:citation:publication:doi:10.1038/s41597-023-02067-5	requires_pubmed_lookup	missing							pubmed	exact_pmid_efetch	36949061	none
3363	publication_component:citation:publication:doi:10.1038/s41597-023-02164-5	requires_pubmed_lookup	missing							pubmed	exact_pmid_efetch	37137922	none
3364	publication_component:citation:publication:doi:10.1038/s41597-023-02190-3	requires_pubmed_lookup	missing							pubmed	exact_pmid_efetch	37164995	none
3365	publication_component:citation:publication:doi:10.1038/s41597-023-02235-7	requires_pubmed_lookup	missing							pubmed	exact_pmid_efetch	37231051	none
3366	publication_component:citation:publication:doi:10.1038/s41597-023-02247-3	requires_pubmed_lookup	missing							pubmed	exact_pmid_efetch	37264053	none
3367	publication_component:citation:publication:doi:10.1038/s41597-023-02270-4	requires_pubmed_lookup	missing							pubmed	exact_pmid_efetch	37355767	none
3368	publication_component:citation:publication:doi:10.1038/s41597-023-02291-z	requires_pubmed_lookup	missing							pubmed	exact_pmid_efetch	37316548	none
3369	publication_component:citation:publication:doi:10.1038/s41597-023-02394-7	requires_pubmed_lookup	missing							pubmed	exact_pmid_efetch	37516767	none
3370	publication_component:citation:publication:doi:10.1038/s41597-023-02456-w	requires_pubmed_lookup	missing							pubmed	exact_pmid_efetch	37587117	none
3371	publication_component:citation:publication:doi:10.1038/s41597-023-02459-7	requires_pubmed_lookup	missing							pubmed	exact_pmid_efetch	37587134	none
3372	publication_component:citation:publication:doi:10.1038/s41597-023-02522-3	requires_pubmed_lookup	missing							pubmed	exact_pmid_efetch	37689728	none
3373	publication_component:citation:publication:doi:10.1038/s41597-023-02571-8	requires_pubmed_lookup	missing							pubmed	exact_pmid_efetch	37770464	none
3374	publication_component:citation:publication:doi:10.1038/s41597-023-02688-w	requires_pubmed_lookup	missing							pubmed	exact_pmid_efetch	37925473	none
3375	publication_component:citation:publication:doi:10.1038/s41597-023-02707-w	requires_pubmed_lookup	missing							pubmed	exact_pmid_efetch	38007506	none
3376	publication_component:citation:publication:doi:10.1038/s41597-023-02729-4	requires_pubmed_lookup	missing							pubmed	exact_pmid_efetch	38212399	none
3377	publication_component:citation:publication:doi:10.1038/s41597-023-02791-y	requires_pubmed_lookup	missing							pubmed	exact_pmid_efetch	38057329	none
3378	publication_component:citation:publication:doi:10.1038/s41597-023-02843-3	requires_pubmed_lookup	missing							pubmed	exact_pmid_efetch	38129445	none
3379	publication_component:citation:publication:doi:10.1038/s41597-023-02893-7	requires_pubmed_lookup	missing							pubmed	exact_pmid_efetch	38182611	none
3380	publication_component:citation:publication:doi:10.1038/s41597-023-02901-w	requires_pubmed_lookup	missing							pubmed	exact_pmid_efetch	38195564	none
3381	publication_component:citation:publication:doi:10.1038/s41597-024-02966-1	requires_pubmed_lookup	missing							pubmed	exact_pmid_efetch	38267470	none
3382	publication_component:citation:publication:doi:10.1038/s41597-024-03264-6	requires_pubmed_lookup	missing							pubmed	exact_pmid_efetch	38710675	none
3383	publication_component:citation:publication:doi:10.1038/s41597-024-03313-0	requires_pubmed_lookup	missing							pubmed	exact_pmid_efetch	38710725	none
3384	publication_component:citation:publication:doi:10.1038/s41597-024-03451-5	requires_pubmed_lookup	missing							pubmed	exact_pmid_efetch	38851789	none
3385	publication_component:citation:publication:doi:10.1038/s41597-024-03459-x	requires_pubmed_lookup	missing							pubmed	exact_pmid_efetch	38849406	none
3386	publication_component:citation:publication:doi:10.1038/s41597-024-03622-4	requires_pubmed_lookup	missing							pubmed	exact_pmid_efetch	39060306	none
3387	publication_component:citation:publication:doi:10.1038/s41597-024-03644-y	requires_pubmed_lookup	missing							pubmed	exact_pmid_efetch	39039100	none
3388	publication_component:citation:publication:doi:10.1038/s41597-024-03681-7	requires_pubmed_lookup	missing							pubmed	exact_pmid_efetch	39138223	none
3389	publication_component:citation:publication:doi:10.1038/s41597-024-03717-y	requires_pubmed_lookup	missing							pubmed	exact_pmid_efetch	39127691	none
3390	publication_component:citation:publication:doi:10.1038/s41597-024-03781-4	requires_pubmed_lookup	missing							pubmed	exact_pmid_efetch	39214997	none
3391	publication_component:citation:publication:doi:10.1038/s41597-024-03794-z	requires_pubmed_lookup	missing							pubmed	exact_pmid_efetch	39231989	none
3392	publication_component:citation:publication:doi:10.1038/s41597-024-03804-0	requires_pubmed_lookup	missing							pubmed	exact_pmid_efetch	39198485	none
3393	publication_component:citation:publication:doi:10.1038/s41597-024-03812-0	requires_pubmed_lookup	missing							pubmed	exact_pmid_efetch	39198428	none
3394	publication_component:citation:publication:doi:10.1038/s41597-024-03854-4	requires_pubmed_lookup	missing							pubmed	exact_pmid_efetch	39294198	none
3395	publication_component:citation:publication:doi:10.1038/s41597-024-04001-9	requires_pubmed_lookup	missing							pubmed	exact_pmid_efetch	39505919	none
3396	publication_component:citation:publication:doi:10.1038/s41597-024-04094-2	requires_pubmed_lookup	missing							pubmed	exact_pmid_efetch	39567527	none
3397	publication_component:citation:publication:doi:10.1038/s41597-024-04105-2	requires_pubmed_lookup	missing							pubmed	exact_pmid_efetch	39548126	none
3398	publication_component:citation:publication:doi:10.1038/s41597-024-04167-2	requires_pubmed_lookup	missing							pubmed	exact_pmid_efetch	39702366	none
3399	publication_component:citation:publication:doi:10.1038/s41597-024-04349-y	requires_pubmed_lookup	missing							pubmed	exact_pmid_efetch	39799130	none
3400	publication_component:citation:publication:doi:10.1038/s41597-025-04475-1	requires_pubmed_lookup	missing							pubmed	exact_pmid_efetch	39837862	none
3401	publication_component:citation:publication:doi:10.1038/s41597-025-04501-2	requires_pubmed_lookup	missing							pubmed	exact_pmid_efetch	39875415	none
3402	publication_component:citation:publication:doi:10.1038/s41597-025-04549-0	requires_pubmed_lookup	missing							pubmed	exact_pmid_efetch	39915537	none
3403	publication_component:citation:publication:doi:10.1038/s41597-025-04793-4	requires_pubmed_lookup	missing							pubmed	exact_pmid_efetch	40113806	none
3404	publication_component:citation:publication:doi:10.1038/s41597-025-04821-3	requires_pubmed_lookup	missing							pubmed	exact_pmid_efetch	40425610	none
3405	publication_component:citation:publication:doi:10.1038/s41597-025-04939-4	requires_pubmed_lookup	missing							pubmed	exact_pmid_efetch	40210919	none
3406	publication_component:citation:publication:doi:10.1038/s41597-025-04994-x	requires_pubmed_lookup	missing							pubmed	exact_pmid_efetch	40348774	none
3407	publication_component:citation:publication:doi:10.1038/s41597-025-05373-2	requires_pubmed_lookup	missing							pubmed	exact_pmid_efetch	40523891	none
3408	publication_component:citation:publication:doi:10.1038/s41597-025-05415-9	requires_pubmed_lookup	missing							pubmed	exact_pmid_efetch	40592942	none
3409	publication_component:citation:publication:doi:10.1038/s41597-025-05800-4	requires_pubmed_lookup	missing							pubmed	exact_pmid_efetch	41022913	none
3410	publication_component:citation:publication:doi:10.1038/s41597-025-05942-5	requires_pubmed_lookup	missing							pubmed	exact_pmid_efetch	41107286	none
3411	publication_component:citation:publication:doi:10.1038/s41597-025-05969-8	requires_pubmed_lookup	missing							pubmed	exact_pmid_efetch	41131014	none
3412	publication_component:citation:publication:doi:10.1038/s41597-025-06145-8	requires_pubmed_lookup	missing							pubmed	exact_pmid_efetch	41315286	none
3413	publication_component:citation:publication:doi:10.1038/s41597-025-06181-4	requires_pubmed_lookup	missing							pubmed	exact_pmid_efetch	41339339	none
3414	publication_component:citation:publication:doi:10.1038/s41597-025-06258-0	requires_pubmed_lookup	missing							pubmed	exact_pmid_efetch	41372229	none
3415	publication_component:citation:publication:doi:10.1038/s41597-025-06433-3	requires_pubmed_lookup	missing							pubmed	exact_pmid_efetch	41402370	none
3416	publication_component:citation:publication:doi:10.1038/s41597-025-06536-x	requires_pubmed_lookup	missing							pubmed	exact_pmid_efetch	41495082	none
3417	publication_component:citation:publication:doi:10.1038/s41597-026-06588-7	requires_pubmed_lookup	missing							pubmed	exact_pmid_efetch	41571710	none
3418	publication_component:citation:publication:doi:10.1038/s41597-026-06624-6	requires_pubmed_lookup	missing							pubmed	exact_pmid_efetch	41617724	none
3419	publication_component:citation:publication:doi:10.1038/s41597-026-06845-9	requires_pubmed_lookup	missing							pubmed	exact_pmid_efetch	41730875	none
3420	publication_component:citation:publication:doi:10.1038/s41597-026-06915-y	requires_pubmed_lookup	missing							pubmed	exact_pmid_efetch	41748593	none
3421	publication_component:citation:publication:doi:10.1038/s41597-026-06973-2	requires_pubmed_lookup	missing							pubmed	exact_pmid_efetch	41781393	none
3422	publication_component:citation:publication:doi:10.1038/s41597-026-07168-5	requires_pubmed_lookup	missing							pubmed	exact_pmid_efetch	41932905	none
3423	publication_component:citation:publication:doi:10.1038/s41597-026-07817-9	requires_pubmed_lookup	missing							pubmed	exact_pmid_efetch	42532992	none
3424	publication_component:citation:publication:doi:10.1038/s41598-017-00037-7	requires_pubmed_lookup	missing							pubmed	exact_pmid_efetch	28127055	none
3425	publication_component:citation:publication:doi:10.1038/s41598-017-00061-7	requires_pubmed_lookup	missing							pubmed	exact_pmid_efetch	28127058	none
3426	publication_component:citation:publication:doi:10.1038/s41598-017-00321-6	requires_pubmed_lookup	missing							pubmed	exact_pmid_efetch	28303008	none
3427	publication_component:citation:publication:doi:10.1038/s41598-017-00694-8	requires_pubmed_lookup	missing							pubmed	exact_pmid_efetch	28386078	none
3428	publication_component:citation:publication:doi:10.1038/s41598-017-01195-4	requires_pubmed_lookup	missing							pubmed	exact_pmid_efetch	28439127	none
3429	publication_component:citation:publication:doi:10.1038/s41598-017-01518-5	requires_pubmed_lookup	missing							pubmed	exact_pmid_efetch	28484234	none
3430	publication_component:citation:publication:doi:10.1038/s41598-017-01626-2	requires_pubmed_lookup	missing							pubmed	exact_pmid_efetch	28469247	none
3431	publication_component:citation:publication:doi:10.1038/s41598-017-01857-3	requires_pubmed_lookup	missing							pubmed	exact_pmid_efetch	28566710	none
3432	publication_component:citation:publication:doi:10.1038/s41598-017-01859-1	requires_pubmed_lookup	missing							pubmed	exact_pmid_efetch	28500327	none
3433	publication_component:citation:publication:doi:10.1038/s41598-017-02674-4	requires_pubmed_lookup	missing							pubmed	exact_pmid_efetch	28536444	none
3434	publication_component:citation:publication:doi:10.1038/s41598-017-03433-1	requires_pubmed_lookup	missing							pubmed	exact_pmid_efetch	28600559	none
3435	publication_component:citation:publication:doi:10.1038/s41598-017-03755-0	requires_pubmed_lookup	missing							pubmed	exact_pmid_efetch	28615665	none
3436	publication_component:citation:publication:doi:10.1038/s41598-017-04069-x	requires_pubmed_lookup	missing							pubmed	exact_pmid_efetch	28655927	none
3437	publication_component:citation:publication:doi:10.1038/s41598-017-04750-1	requires_pubmed_lookup	missing							pubmed	exact_pmid_efetch	28667265	none
3438	publication_component:citation:publication:doi:10.1038/s41598-017-05066-w	requires_pubmed_lookup	missing							pubmed	exact_pmid_efetch	28839126	none
3439	publication_component:citation:publication:doi:10.1038/s41598-017-05211-5	requires_pubmed_lookup	missing							pubmed	exact_pmid_efetch	28698607	none
3440	publication_component:citation:publication:doi:10.1038/s41598-017-05218-y	requires_pubmed_lookup	missing							pubmed	exact_pmid_efetch	28687778	none
3441	publication_component:citation:publication:doi:10.1038/s41598-017-05646-w	requires_pubmed_lookup	missing							pubmed	exact_pmid_efetch	28706292	none
3442	publication_component:citation:publication:doi:10.1038/s41598-017-05962-1	requires_pubmed_lookup	missing							pubmed	exact_pmid_efetch	28720755	none
3443	publication_component:citation:publication:doi:10.1038/s41598-017-06332-7	requires_pubmed_lookup	missing							pubmed	exact_pmid_efetch	28724971	none
3444	publication_component:citation:publication:doi:10.1038/s41598-017-06440-4	requires_pubmed_lookup	missing							pubmed	exact_pmid_efetch	28733602	none
3445	publication_component:citation:publication:doi:10.1038/s41598-017-08313-2	requires_pubmed_lookup	missing							pubmed	exact_pmid_efetch	28798375	none
3446	publication_component:citation:publication:doi:10.1038/s41598-017-08995-8	requires_pubmed_lookup	missing							pubmed	exact_pmid_efetch	28855525	none
3447	publication_component:citation:publication:doi:10.1038/s41598-017-09905-8	requires_pubmed_lookup	missing							pubmed	exact_pmid_efetch	28827710	none
3448	publication_component:citation:publication:doi:10.1038/s41598-017-10245-w	requires_pubmed_lookup	missing							pubmed	exact_pmid_efetch	28842657	none
3449	publication_component:citation:publication:doi:10.1038/s41598-017-10409-8	requires_pubmed_lookup	missing							pubmed	exact_pmid_efetch	28855603	none
3450	publication_component:citation:publication:doi:10.1038/s41598-017-10461-4	requires_pubmed_lookup	missing							pubmed	exact_pmid_efetch	28947760	none
3451	publication_component:citation:publication:doi:10.1038/s41598-017-11115-1	requires_pubmed_lookup	missing							pubmed	exact_pmid_efetch	28878378	none
3452	publication_component:citation:publication:doi:10.1038/s41598-017-11117-z	requires_pubmed_lookup	missing							pubmed	exact_pmid_efetch	28878314	none
3453	publication_component:citation:publication:doi:10.1038/s41598-017-11132-0	requires_pubmed_lookup	missing							pubmed	exact_pmid_efetch	28874826	none
3454	publication_component:citation:publication:doi:10.1038/s41598-017-12090-3	requires_pubmed_lookup	missing							pubmed	exact_pmid_efetch	28928374	none
3455	publication_component:citation:publication:doi:10.1038/s41598-017-12619-6	requires_pubmed_lookup	missing							pubmed	exact_pmid_efetch	28963504	none
3456	publication_component:citation:publication:doi:10.1038/s41598-017-12971-7	requires_pubmed_lookup	missing							pubmed	exact_pmid_efetch	28986545	none
3457	publication_component:citation:publication:doi:10.1038/s41598-017-13578-8	requires_pubmed_lookup	missing							pubmed	exact_pmid_efetch	29026213	none
3458	publication_component:citation:publication:doi:10.1038/s41598-017-13645-0	requires_pubmed_lookup	missing							pubmed	exact_pmid_efetch	29093470	none
3459	publication_component:citation:publication:doi:10.1038/s41598-017-13905-z	requires_pubmed_lookup	missing							pubmed	exact_pmid_efetch	29084988	none
3460	publication_component:citation:publication:doi:10.1038/s41598-017-13981-1	requires_pubmed_lookup	missing							pubmed	exact_pmid_efetch	29093502	none
3461	publication_component:citation:publication:doi:10.1038/s41598-017-16102-0	requires_pubmed_lookup	missing							pubmed	exact_pmid_efetch	29150669	none
3462	publication_component:citation:publication:doi:10.1038/s41598-017-17051-4	requires_pubmed_lookup	missing							pubmed	exact_pmid_efetch	29208990	none
3463	publication_component:citation:publication:doi:10.1038/s41598-017-18378-8	requires_pubmed_lookup	missing							pubmed	exact_pmid_efetch	29343788	none
3464	publication_component:citation:publication:doi:10.1038/s41598-017-18432-5	requires_pubmed_lookup	missing							pubmed	exact_pmid_efetch	29317769	none
3465	publication_component:citation:publication:doi:10.1038/s41598-018-19169-5	requires_pubmed_lookup	missing							pubmed	exact_pmid_efetch	29348510	none
3466	publication_component:citation:publication:doi:10.1038/s41598-018-19255-8	requires_pubmed_lookup	missing							pubmed	exact_pmid_efetch	29339768	none
3467	publication_component:citation:publication:doi:10.1038/s41598-018-20098-6	requires_pubmed_lookup	missing							pubmed	exact_pmid_efetch	29379083	none
3468	publication_component:citation:publication:doi:10.1038/s41598-018-21645-x	requires_pubmed_lookup	missing							pubmed	exact_pmid_efetch	29472617	none
3469	publication_component:citation:publication:doi:10.1038/s41598-018-23334-1	requires_pubmed_lookup	missing							pubmed	exact_pmid_efetch	29563515	none
3470	publication_component:citation:publication:doi:10.1038/s41598-018-24301-6	requires_pubmed_lookup	missing							pubmed	exact_pmid_efetch	29651164	none
3471	publication_component:citation:publication:doi:10.1038/s41598-018-24939-2	requires_pubmed_lookup	missing							pubmed	exact_pmid_efetch	29695739	none
3472	publication_component:citation:publication:doi:10.1038/s41598-018-25364-1	requires_pubmed_lookup	missing							pubmed	exact_pmid_efetch	29743515	none
3473	publication_component:citation:publication:doi:10.1038/s41598-018-25545-y	requires_pubmed_lookup	missing							pubmed	exact_pmid_efetch	29891919	none
3474	publication_component:citation:publication:doi:10.1038/s41598-018-26824-4	requires_pubmed_lookup	missing							pubmed	exact_pmid_efetch	29884822	none
3475	publication_component:citation:publication:doi:10.1038/s41598-018-27080-2	requires_pubmed_lookup	missing							pubmed	exact_pmid_efetch	29884790	none
3476	publication_component:citation:publication:doi:10.1038/s41598-018-27570-3	requires_pubmed_lookup	missing							pubmed	exact_pmid_efetch	29915293	none
3477	publication_component:citation:publication:doi:10.1038/s41598-018-27628-2	requires_pubmed_lookup	missing							pubmed	exact_pmid_efetch	29907755	none
3478	publication_component:citation:publication:doi:10.1038/s41598-018-28303-2	requires_pubmed_lookup	missing							pubmed	exact_pmid_efetch	29967427	none
3479	publication_component:citation:publication:doi:10.1038/s41598-018-28948-z	requires_pubmed_lookup	missing							pubmed	exact_pmid_efetch	30022098	none
3480	publication_component:citation:publication:doi:10.1038/s41598-018-29400-y	requires_pubmed_lookup	missing							pubmed	exact_pmid_efetch	30042472	none
3481	publication_component:citation:publication:doi:10.1038/s41598-018-29646-6	requires_pubmed_lookup	missing							pubmed	exact_pmid_efetch	30093712	none
3482	publication_component:citation:publication:doi:10.1038/s41598-018-29657-3	requires_pubmed_lookup	missing							pubmed	exact_pmid_efetch	30065344	none
3483	publication_component:citation:publication:doi:10.1038/s41598-018-29991-6	requires_pubmed_lookup	missing							pubmed	exact_pmid_efetch	30076392	none
3484	publication_component:citation:publication:doi:10.1038/s41598-018-30147-9	requires_pubmed_lookup	missing							pubmed	exact_pmid_efetch	30076357	none
3485	publication_component:citation:publication:doi:10.1038/s41598-018-30398-6	requires_pubmed_lookup	missing							pubmed	exact_pmid_efetch	30120274	none
3486	publication_component:citation:publication:doi:10.1038/s41598-018-30607-2	requires_pubmed_lookup	missing							pubmed	exact_pmid_efetch	30104579	none
3487	publication_component:citation:publication:doi:10.1038/s41598-018-31589-x	requires_pubmed_lookup	missing							pubmed	exact_pmid_efetch	30194417	none
3488	publication_component:citation:publication:doi:10.1038/s41598-018-31938-w	requires_pubmed_lookup	missing							pubmed	exact_pmid_efetch	30206286	none
3489	publication_component:citation:publication:doi:10.1038/s41598-018-33049-y	requires_pubmed_lookup	missing							pubmed	exact_pmid_efetch	30279439	none
3490	publication_component:citation:publication:doi:10.1038/s41598-018-34984-6	requires_pubmed_lookup	missing							pubmed	exact_pmid_efetch	30442991	none
3491	publication_component:citation:publication:doi:10.1038/s41598-018-36048-1	requires_pubmed_lookup	missing							pubmed	exact_pmid_efetch	30546082	none
3492	publication_component:citation:publication:doi:10.1038/s41598-019-38621-8	requires_pubmed_lookup	missing							pubmed	exact_pmid_efetch	30796245	none
3493	publication_component:citation:publication:doi:10.1038/s41598-019-38680-x	requires_pubmed_lookup	missing							pubmed	exact_pmid_efetch	30783131	none
3494	publication_component:citation:publication:doi:10.1038/s41598-019-38735-z	requires_pubmed_lookup	missing							pubmed	exact_pmid_efetch	30796230	none
3495	publication_component:citation:publication:doi:10.1038/s41598-019-40697-1	requires_pubmed_lookup	missing							pubmed	exact_pmid_efetch	30858428	none
3496	publication_component:citation:publication:doi:10.1038/s41598-019-41420-w	requires_pubmed_lookup	missing							pubmed	exact_pmid_efetch	30894656	none
3497	publication_component:citation:publication:doi:10.1038/s41598-019-41457-x	requires_pubmed_lookup	missing							pubmed	exact_pmid_efetch	30923320	none
3498	publication_component:citation:publication:doi:10.1038/s41598-019-41821-x	requires_pubmed_lookup	missing							pubmed	exact_pmid_efetch	30926861	none
3499	publication_component:citation:publication:doi:10.1038/s41598-019-44772-5	requires_pubmed_lookup	missing							pubmed	exact_pmid_efetch	31171819	none
3500	publication_component:citation:publication:doi:10.1038/s41598-019-45039-9	requires_pubmed_lookup	missing							pubmed	exact_pmid_efetch	31217536	none
3501	publication_component:citation:publication:doi:10.1038/s41598-019-45455-x	requires_pubmed_lookup	missing							pubmed	exact_pmid_efetch	31222061	none
3502	publication_component:citation:publication:doi:10.1038/s41598-019-45532-1	requires_pubmed_lookup	missing							pubmed	exact_pmid_efetch	31239482	none
3503	publication_component:citation:publication:doi:10.1038/s41598-019-46509-w	requires_pubmed_lookup	missing							pubmed	exact_pmid_efetch	31296922	none
3504	publication_component:citation:publication:doi:10.1038/s41598-019-47034-6	requires_pubmed_lookup	missing							pubmed	exact_pmid_efetch	31337835	none
3505	publication_component:citation:publication:doi:10.1038/s41598-019-47318-x	requires_pubmed_lookup	missing							pubmed	exact_pmid_efetch	31350452	none
3506	publication_component:citation:publication:doi:10.1038/s41598-019-47797-y	requires_pubmed_lookup	missing							pubmed	exact_pmid_efetch	31431676	none
3507	publication_component:citation:publication:doi:10.1038/s41598-019-50076-5	requires_pubmed_lookup	missing							pubmed	exact_pmid_efetch	31527702	none
3508	publication_component:citation:publication:doi:10.1038/s41598-019-50124-0	requires_pubmed_lookup	missing							pubmed	exact_pmid_efetch	31554838	none
3509	publication_component:citation:publication:doi:10.1038/s41598-019-50299-6	requires_pubmed_lookup	missing							pubmed	exact_pmid_efetch	31562354	none
3510	publication_component:citation:publication:doi:10.1038/s41598-019-51749-x	requires_pubmed_lookup	missing							pubmed	exact_pmid_efetch	31673017	none
3511	publication_component:citation:publication:doi:10.1038/s41598-019-52312-4	requires_pubmed_lookup	missing							pubmed	exact_pmid_efetch	31676844	none
3512	publication_component:citation:publication:doi:10.1038/s41598-019-54085-2	requires_pubmed_lookup	missing							pubmed	exact_pmid_efetch	31776387	none
3513	publication_component:citation:publication:doi:10.1038/s41598-019-54391-9	requires_pubmed_lookup	missing							pubmed	exact_pmid_efetch	31780743	none
3514	publication_component:citation:publication:doi:10.1038/s41598-019-54838-z	requires_pubmed_lookup	missing							pubmed	exact_pmid_efetch	31804567	none
3515	publication_component:citation:publication:doi:10.1038/s41598-019-55800-9	requires_pubmed_lookup	missing							pubmed	exact_pmid_efetch	31862923	none
3516	publication_component:citation:publication:doi:10.1038/s41598-019-56763-7	requires_pubmed_lookup	missing							pubmed	exact_pmid_efetch	31913346	none
3517	publication_component:citation:publication:doi:10.1038/s41598-019-56941-7	requires_pubmed_lookup	missing							pubmed	exact_pmid_efetch	31889139	none
3518	publication_component:citation:publication:doi:10.1038/s41598-020-57512-x	requires_pubmed_lookup	missing							pubmed	exact_pmid_efetch	31964914	none
3519	publication_component:citation:publication:doi:10.1038/s41598-020-57753-w	requires_pubmed_lookup	missing							pubmed	exact_pmid_efetch	31969623	none
3520	publication_component:citation:publication:doi:10.1038/s41598-020-58356-1	requires_pubmed_lookup	missing							pubmed	exact_pmid_efetch	32015354	none
3521	publication_component:citation:publication:doi:10.1038/s41598-020-59015-1	requires_pubmed_lookup	missing							pubmed	exact_pmid_efetch	32060342	none
3522	publication_component:citation:publication:doi:10.1038/s41598-020-59597-w	requires_pubmed_lookup	missing							pubmed	exact_pmid_efetch	32080225	none
3523	publication_component:citation:publication:doi:10.1038/s41598-020-60167-3	requires_pubmed_lookup	missing							pubmed	exact_pmid_efetch	32098989	none
3524	publication_component:citation:publication:doi:10.1038/s41598-020-60751-7	requires_pubmed_lookup	missing							pubmed	exact_pmid_efetch	32165662	none
3525	publication_component:citation:publication:doi:10.1038/s41598-020-61181-1	requires_pubmed_lookup	missing							pubmed	exact_pmid_efetch	32179795	none
3526	publication_component:citation:publication:doi:10.1038/s41598-020-63233-y	requires_pubmed_lookup	missing							pubmed	exact_pmid_efetch	32273595	none
3527	publication_component:citation:publication:doi:10.1038/s41598-020-64398-2	requires_pubmed_lookup	missing							pubmed	exact_pmid_efetch	32424221	none
3528	publication_component:citation:publication:doi:10.1038/s41598-020-65487-y	requires_pubmed_lookup	missing							pubmed	exact_pmid_efetch	32488117	none
3529	publication_component:citation:publication:doi:10.1038/s41598-020-65709-3	requires_pubmed_lookup	missing							pubmed	exact_pmid_efetch	32472019	none
3530	publication_component:citation:publication:doi:10.1038/s41598-020-66024-7	requires_pubmed_lookup	missing							pubmed	exact_pmid_efetch	32499506	none
3531	publication_component:citation:publication:doi:10.1038/s41598-020-66219-y	requires_pubmed_lookup	missing							pubmed	exact_pmid_efetch	32523061	none
3532	publication_component:citation:publication:doi:10.1038/s41598-020-66390-2	requires_pubmed_lookup	missing							pubmed	exact_pmid_efetch	32555217	none
3533	publication_component:citation:publication:doi:10.1038/s41598-020-66582-w	requires_pubmed_lookup	missing							pubmed	exact_pmid_efetch	32541658	none
3534	publication_component:citation:publication:doi:10.1038/s41598-020-67200-5	requires_pubmed_lookup	missing							pubmed	exact_pmid_efetch	32581293	none
3535	publication_component:citation:publication:doi:10.1038/s41598-020-68879-2	requires_pubmed_lookup	missing							pubmed	exact_pmid_efetch	32681087	none
3536	publication_component:citation:publication:doi:10.1038/s41598-020-69389-x	requires_pubmed_lookup	missing							pubmed	exact_pmid_efetch	32709963	none
3537	publication_component:citation:publication:doi:10.1038/s41598-020-69843-w	requires_pubmed_lookup	missing							pubmed	exact_pmid_efetch	32747674	none
3538	publication_component:citation:publication:doi:10.1038/s41598-020-71473-1	requires_pubmed_lookup	missing							pubmed	exact_pmid_efetch	32873883	none
3539	publication_component:citation:publication:doi:10.1038/s41598-020-72194-1	requires_pubmed_lookup	missing							pubmed	exact_pmid_efetch	32963308	none
3540	publication_component:citation:publication:doi:10.1038/s41598-020-72267-1	requires_pubmed_lookup	missing							pubmed	exact_pmid_efetch	32968092	none
3541	publication_component:citation:publication:doi:10.1038/s41598-020-72291-1	requires_pubmed_lookup	missing							pubmed	exact_pmid_efetch	32943706	none
3542	publication_component:citation:publication:doi:10.1038/s41598-020-72584-5	requires_pubmed_lookup	missing							pubmed	exact_pmid_efetch	32973216	none
3543	publication_component:citation:publication:doi:10.1038/s41598-020-72900-z	requires_pubmed_lookup	missing							pubmed	exact_pmid_efetch	32985577	none
3544	publication_component:citation:publication:doi:10.1038/s41598-020-73796-5	requires_pubmed_lookup	missing							pubmed	exact_pmid_efetch	33037239	none
3545	publication_component:citation:publication:doi:10.1038/s41598-020-73874-8	requires_pubmed_lookup	missing							pubmed	exact_pmid_efetch	33046778	none
3546	publication_component:citation:publication:doi:10.1038/s41598-020-73937-w	requires_pubmed_lookup	missing							pubmed	exact_pmid_efetch	33077763	none
3547	publication_component:citation:publication:doi:10.1038/s41598-020-74814-2	requires_pubmed_lookup	missing							pubmed	exact_pmid_efetch	33082403	none
3548	publication_component:citation:publication:doi:10.1038/s41598-020-74843-x	requires_pubmed_lookup	missing							pubmed	exact_pmid_efetch	33082451	none
3549	publication_component:citation:publication:doi:10.1038/s41598-020-75377-y	requires_pubmed_lookup	missing							pubmed	exact_pmid_efetch	33116230	none
3550	publication_component:citation:publication:doi:10.1038/s41598-020-78040-8	requires_pubmed_lookup	missing							pubmed	exact_pmid_efetch	33257722	none
3551	publication_component:citation:publication:doi:10.1038/s41598-020-79359-y	requires_pubmed_lookup	missing							pubmed	exact_pmid_efetch	33446715	none
3552	publication_component:citation:publication:doi:10.1038/s41598-021-00267-w	requires_pubmed_lookup	missing							pubmed	exact_pmid_efetch	34702899	none
3553	publication_component:citation:publication:doi:10.1038/s41598-021-01066-z	requires_pubmed_lookup	missing							pubmed	exact_pmid_efetch	34732792	none
3554	publication_component:citation:publication:doi:10.1038/s41598-021-81784-6	requires_pubmed_lookup	missing							pubmed	exact_pmid_efetch	33536487	none
3555	publication_component:citation:publication:doi:10.1038/s41598-021-83909-3	requires_pubmed_lookup	missing							pubmed	exact_pmid_efetch	33633166	none
3556	publication_component:citation:publication:doi:10.1038/s41598-021-84652-5	requires_pubmed_lookup	missing							pubmed	exact_pmid_efetch	33658614	none
3557	publication_component:citation:publication:doi:10.1038/s41598-021-84778-6	requires_pubmed_lookup	missing							pubmed	exact_pmid_efetch	33674668	none
3558	publication_component:citation:publication:doi:10.1038/s41598-021-88770-y	requires_pubmed_lookup	missing							pubmed	exact_pmid_efetch	33958611	none
3559	publication_component:citation:publication:doi:10.1038/s41598-021-89459-y	requires_pubmed_lookup	missing							pubmed	exact_pmid_efetch	34021174	none
3560	publication_component:citation:publication:doi:10.1038/s41598-021-90557-0	requires_pubmed_lookup	missing							pubmed	exact_pmid_efetch	34045539	none
3561	publication_component:citation:publication:doi:10.1038/s41598-021-90649-x	requires_pubmed_lookup	missing							pubmed	exact_pmid_efetch	34059738	none
3562	publication_component:citation:publication:doi:10.1038/s41598-021-90737-y	requires_pubmed_lookup	missing							pubmed	exact_pmid_efetch	34050225	none
3563	publication_component:citation:publication:doi:10.1038/s41598-021-91503-w	requires_pubmed_lookup	missing							pubmed	exact_pmid_efetch	34108547	none
3564	publication_component:citation:publication:doi:10.1038/s41598-021-91909-6	requires_pubmed_lookup	missing							pubmed	exact_pmid_efetch	34127736	none
3565	publication_component:citation:publication:doi:10.1038/s41598-021-93381-8	requires_pubmed_lookup	missing							pubmed	exact_pmid_efetch	34341365	none
3566	publication_component:citation:publication:doi:10.1038/s41598-021-93626-6	requires_pubmed_lookup	missing							pubmed	exact_pmid_efetch	34262100	none
3567	publication_component:citation:publication:doi:10.1038/s41598-021-94545-2	requires_pubmed_lookup	missing							pubmed	exact_pmid_efetch	34294825	none
3568	publication_component:citation:publication:doi:10.1038/s41598-021-95385-w	requires_pubmed_lookup	missing							pubmed	exact_pmid_efetch	34354168	none
3569	publication_component:citation:publication:doi:10.1038/s41598-021-96205-x	requires_pubmed_lookup	missing							pubmed	exact_pmid_efetch	34413384	none
3570	publication_component:citation:publication:doi:10.1038/s41598-021-96854-y	requires_pubmed_lookup	missing							pubmed	exact_pmid_efetch	34493743	none
3571	publication_component:citation:publication:doi:10.1038/s41598-021-97667-9	requires_pubmed_lookup	missing							pubmed	exact_pmid_efetch	34535691	none
3572	publication_component:citation:publication:doi:10.1038/s41598-021-98360-7	requires_pubmed_lookup	missing							pubmed	exact_pmid_efetch	34599203	none
3573	publication_component:citation:publication:doi:10.1038/s41598-021-98561-0	requires_pubmed_lookup	missing							pubmed	exact_pmid_efetch	34580368	none
3574	publication_component:citation:publication:doi:10.1038/s41598-022-04779-x	requires_pubmed_lookup	missing							pubmed	exact_pmid_efetch	35039544	none
3575	publication_component:citation:publication:doi:10.1038/s41598-022-07460-5	requires_pubmed_lookup	missing							pubmed	exact_pmid_efetch	35236910	none
3576	publication_component:citation:publication:doi:10.1038/s41598-022-08097-0	requires_pubmed_lookup	missing							pubmed	exact_pmid_efetch	35264716	none
3577	publication_component:citation:publication:doi:10.1038/s41598-022-08783-z	requires_pubmed_lookup	missing							pubmed	exact_pmid_efetch	35322069	none
3578	publication_component:citation:publication:doi:10.1038/s41598-022-10547-8	requires_pubmed_lookup	missing							pubmed	exact_pmid_efetch	35487927	none
3579	publication_component:citation:publication:doi:10.1038/s41598-022-11432-0	requires_pubmed_lookup	missing							pubmed	exact_pmid_efetch	35577863	none
3580	publication_component:citation:publication:doi:10.1038/s41598-022-11681-z	requires_pubmed_lookup	missing							pubmed	exact_pmid_efetch	35534524	none
3581	publication_component:citation:publication:doi:10.1038/s41598-022-12661-z	requires_pubmed_lookup	missing							pubmed	exact_pmid_efetch	35606486	none
3582	publication_component:citation:publication:doi:10.1038/s41598-022-12953-4	requires_pubmed_lookup	missing							pubmed	exact_pmid_efetch	35764790	none
3583	publication_component:citation:publication:doi:10.1038/s41598-022-13447-z	requires_pubmed_lookup	missing							pubmed	exact_pmid_efetch	35821511	none
3584	publication_component:citation:publication:doi:10.1038/s41598-022-14340-5	requires_pubmed_lookup	missing							pubmed	exact_pmid_efetch	35750715	none
3585	publication_component:citation:publication:doi:10.1038/s41598-022-14492-4	requires_pubmed_lookup	missing							pubmed	exact_pmid_efetch	35732677	none
3586	publication_component:citation:publication:doi:10.1038/s41598-022-18407-1	requires_pubmed_lookup	missing							pubmed	exact_pmid_efetch	36045215	none
3587	publication_component:citation:publication:doi:10.1038/s41598-022-22157-5	requires_pubmed_lookup	missing							pubmed	exact_pmid_efetch	36273015	none
3588	publication_component:citation:publication:doi:10.1038/s41598-022-24529-3	requires_pubmed_lookup	missing							pubmed	exact_pmid_efetch	36658131	none
3589	publication_component:citation:publication:doi:10.1038/s41598-022-26884-7	requires_pubmed_lookup	missing							pubmed	exact_pmid_efetch	36604557	none
3590	publication_component:citation:publication:doi:10.1038/s41598-022-27137-3	requires_pubmed_lookup	missing							pubmed	exact_pmid_efetch	36587065	none
3591	publication_component:citation:publication:doi:10.1038/s41598-023-30876-6	requires_pubmed_lookup	missing							pubmed	exact_pmid_efetch	36882519	none
3592	publication_component:citation:publication:doi:10.1038/s41598-023-31243-1	requires_pubmed_lookup	missing							pubmed	exact_pmid_efetch	37045882	none
3593	publication_component:citation:publication:doi:10.1038/s41598-023-33751-6	requires_pubmed_lookup	missing							pubmed	exact_pmid_efetch	37156933	none
3594	publication_component:citation:publication:doi:10.1038/s41598-023-34059-1	requires_pubmed_lookup	missing							pubmed	exact_pmid_efetch	37156831	none
3595	publication_component:citation:publication:doi:10.1038/s41598-023-34188-7	requires_pubmed_lookup	missing							pubmed	exact_pmid_efetch	37165019	none
3596	publication_component:citation:publication:doi:10.1038/s41598-023-34625-7	requires_pubmed_lookup	missing							pubmed	exact_pmid_efetch	37193760	none
3597	publication_component:citation:publication:doi:10.1038/s41598-023-34770-z	requires_pubmed_lookup	missing							pubmed	exact_pmid_efetch	37208378	none
3598	publication_component:citation:publication:doi:10.1038/s41598-023-38544-5	requires_pubmed_lookup	missing							pubmed	exact_pmid_efetch	37468595	none
3599	publication_component:citation:publication:doi:10.1038/s41598-023-40760-y	requires_pubmed_lookup	missing							pubmed	exact_pmid_efetch	37598270	none
3600	publication_component:citation:publication:doi:10.1038/s41598-023-45517-1	requires_pubmed_lookup	missing							pubmed	exact_pmid_efetch	37903828	none
3601	publication_component:citation:publication:doi:10.1038/s41598-023-46717-5	requires_pubmed_lookup	missing							pubmed	exact_pmid_efetch	37935954	none
3602	publication_component:citation:publication:doi:10.1038/s41598-023-47014-x	requires_pubmed_lookup	missing							pubmed	exact_pmid_efetch	37957263	none
3603	publication_component:citation:publication:doi:10.1038/s41598-023-48272-5	requires_pubmed_lookup	missing							pubmed	exact_pmid_efetch	38017265	none
3604	publication_component:citation:publication:doi:10.1038/s41598-023-49678-x	requires_pubmed_lookup	missing							pubmed	exact_pmid_efetch	38097713	none
3605	publication_component:citation:publication:doi:10.1038/s41598-023-49830-7	requires_pubmed_lookup	missing							pubmed	exact_pmid_efetch	38102332	none
3606	publication_component:citation:publication:doi:10.1038/s41598-024-52449-x	requires_pubmed_lookup	missing							pubmed	exact_pmid_efetch	38267502	none
3607	publication_component:citation:publication:doi:10.1038/s41598-024-53176-z	requires_pubmed_lookup	missing							pubmed	exact_pmid_efetch	38307917	none
3608	publication_component:citation:publication:doi:10.1038/s41598-024-53643-7	requires_pubmed_lookup	missing							pubmed	exact_pmid_efetch	38424101	none
3609	publication_component:citation:publication:doi:10.1038/s41598-024-55498-4	requires_pubmed_lookup	missing							pubmed	exact_pmid_efetch	38418841	none
3610	publication_component:citation:publication:doi:10.1038/s41598-024-55581-w	requires_pubmed_lookup	missing							pubmed	exact_pmid_efetch	38433262	none
3611	publication_component:citation:publication:doi:10.1038/s41598-024-57827-z	requires_pubmed_lookup	missing							pubmed	exact_pmid_efetch	38538660	none
3612	publication_component:citation:publication:doi:10.1038/s41598-024-59990-9	requires_pubmed_lookup	missing							pubmed	exact_pmid_efetch	38658744	none
3613	publication_component:citation:publication:doi:10.1038/s41598-024-63937-5	requires_pubmed_lookup	missing							pubmed	exact_pmid_efetch	38839875	none
3614	publication_component:citation:publication:doi:10.1038/s41598-024-64937-1	requires_pubmed_lookup	missing							pubmed	exact_pmid_efetch	38886497	none
3615	publication_component:citation:publication:doi:10.1038/s41598-024-66082-1	requires_pubmed_lookup	missing							pubmed	exact_pmid_efetch	39043711	none
3616	publication_component:citation:publication:doi:10.1038/s41598-024-66470-7	requires_pubmed_lookup	missing							pubmed	exact_pmid_efetch	39020011	none
3617	publication_component:citation:publication:doi:10.1038/s41598-024-70018-0	requires_pubmed_lookup	missing							pubmed	exact_pmid_efetch	39174643	none
3618	publication_component:citation:publication:doi:10.1038/s41598-024-70023-3	requires_pubmed_lookup	missing							pubmed	exact_pmid_efetch	39152215	none
3619	publication_component:citation:publication:doi:10.1038/s41598-024-70697-9	requires_pubmed_lookup	missing							pubmed	exact_pmid_efetch	39215120	none
3620	publication_component:citation:publication:doi:10.1038/s41598-024-71838-w	requires_pubmed_lookup	missing							pubmed	exact_pmid_efetch	39232239	none
3621	publication_component:citation:publication:doi:10.1038/s41598-024-71956-5	requires_pubmed_lookup	missing							pubmed	exact_pmid_efetch	39266625	none
3622	publication_component:citation:publication:doi:10.1038/s41598-024-74218-6	requires_pubmed_lookup	missing							pubmed	exact_pmid_efetch	39379445	none
3623	publication_component:citation:publication:doi:10.1038/s41598-024-82054-x	requires_pubmed_lookup	missing							pubmed	exact_pmid_efetch	39730618	none
3624	publication_component:citation:publication:doi:10.1038/s41598-025-06816-x	requires_pubmed_lookup	missing							pubmed	exact_pmid_efetch	40562763	none
3625	publication_component:citation:publication:doi:10.1038/s41598-025-07031-4	requires_pubmed_lookup	missing							pubmed	exact_pmid_efetch	40603995	none
3626	publication_component:citation:publication:doi:10.1038/s41598-025-11003-z	requires_pubmed_lookup	missing							pubmed	exact_pmid_efetch	40634677	none
3627	publication_component:citation:publication:doi:10.1038/s41598-025-17691-x	requires_pubmed_lookup	missing							pubmed	exact_pmid_efetch	40883405	none
3628	publication_component:citation:publication:doi:10.1038/s41598-025-19609-z	requires_pubmed_lookup	missing							pubmed	exact_pmid_efetch	41083540	none
3629	publication_component:citation:publication:doi:10.1038/s41598-025-26696-5	requires_pubmed_lookup	missing							pubmed	exact_pmid_efetch	41315364	none
3630	publication_component:citation:publication:doi:10.1038/s41598-025-28797-7	requires_pubmed_lookup	missing							pubmed	exact_pmid_efetch	41461753	none
3631	publication_component:citation:publication:doi:10.1038/s41598-025-30310-z	requires_pubmed_lookup	missing							pubmed	exact_pmid_efetch	41331017	none
3632	publication_component:citation:publication:doi:10.1038/s41598-025-30855-z	requires_pubmed_lookup	missing							pubmed	exact_pmid_efetch	41354753	none
3633	publication_component:citation:publication:doi:10.1038/s41598-025-86023-w	requires_pubmed_lookup	missing							pubmed	exact_pmid_efetch	39837972	none
3634	publication_component:citation:publication:doi:10.1038/s41598-025-86463-4	requires_pubmed_lookup	missing							pubmed	exact_pmid_efetch	39833334	none
3635	publication_component:citation:publication:doi:10.1038/s41598-025-89066-1	requires_pubmed_lookup	missing							pubmed	exact_pmid_efetch	39934272	none
3636	publication_component:citation:publication:doi:10.1038/s41598-025-90985-2	requires_pubmed_lookup	missing							pubmed	exact_pmid_efetch	40021811	none
3637	publication_component:citation:publication:doi:10.1038/s41598-025-91026-8	requires_pubmed_lookup	missing							pubmed	exact_pmid_efetch	39987161	none
3638	publication_component:citation:publication:doi:10.1038/s41598-025-95789-y	requires_pubmed_lookup	missing							pubmed	exact_pmid_efetch	40246989	none
3639	publication_component:citation:publication:doi:10.1038/s41598-025-99335-8	requires_pubmed_lookup	missing							pubmed	exact_pmid_efetch	40287537	none
3640	publication_component:citation:publication:doi:10.1038/s41598-025-99504-9	requires_pubmed_lookup	missing							pubmed	exact_pmid_efetch	40295718	none
3641	publication_component:citation:publication:doi:10.1038/s41598-026-48131-z	requires_pubmed_lookup	missing							pubmed	exact_pmid_efetch	42014747	none
3642	publication_component:citation:publication:doi:10.1038/s41598-026-58942-9	requires_pubmed_lookup	missing							pubmed	exact_pmid_efetch	42323508	none
3643	publication_component:citation:publication:doi:10.1038/s41598-026-59110-9	requires_pubmed_lookup	missing							pubmed	exact_pmid_efetch	42323449	none
3644	publication_component:citation:publication:doi:10.1038/s41598-026-64001-0	requires_pubmed_lookup	missing							pubmed	exact_pmid_efetch	41648404	none
3645	publication_component:citation:publication:doi:10.1038/s41929-022-00798-z	requires_openalex_lookup	not_applicable							openalex	exact_work_id	W4283032119	none
3646	publication_component:citation:publication:doi:10.1038/s41929-023-01087-z	requires_pubmed_lookup	missing							pubmed	exact_pmid_efetch	38425362	none
3647	publication_component:citation:publication:doi:10.1038/s42003-018-0019-5	requires_pubmed_lookup	missing							pubmed	exact_pmid_efetch	30271904	none
3648	publication_component:citation:publication:doi:10.1038/s42003-018-0089-4	requires_pubmed_lookup	missing							pubmed	exact_pmid_efetch	30271965	none
3649	publication_component:citation:publication:doi:10.1038/s42003-018-0098-3	requires_pubmed_lookup	missing							pubmed	exact_pmid_efetch	30271976	none
3650	publication_component:citation:publication:doi:10.1038/s42003-018-0122-7	requires_pubmed_lookup	missing							pubmed	exact_pmid_efetch	30271999	none
3651	publication_component:citation:publication:doi:10.1038/s42003-018-0207-3	requires_pubmed_lookup	missing							pubmed	exact_pmid_efetch	30480097	none
3652	publication_component:citation:publication:doi:10.1038/s42003-019-0306-9	requires_pubmed_lookup	missing							pubmed	exact_pmid_efetch	30775457	none
3653	publication_component:citation:publication:doi:10.1038/s42003-019-0479-2	requires_pubmed_lookup	missing							pubmed	exact_pmid_efetch	31263779	none
3654	publication_component:citation:publication:doi:10.1038/s42003-019-0515-2	requires_pubmed_lookup	missing							pubmed	exact_pmid_efetch	31341962	none
3655	publication_component:citation:publication:doi:10.1038/s42003-019-0531-2	requires_pubmed_lookup	missing							pubmed	exact_pmid_efetch	31372517	none
3656	publication_component:citation:publication:doi:10.1038/s42003-019-0661-6	requires_pubmed_lookup	missing							pubmed	exact_pmid_efetch	31840110	none
3657	publication_component:citation:publication:doi:10.1038/s42003-020-01152-4	requires_pubmed_lookup	missing							pubmed	exact_pmid_efetch	32753684	none
3658	publication_component:citation:publication:doi:10.1038/s42003-020-01370-w	requires_pubmed_lookup	missing							pubmed	exact_pmid_efetch	33110195	none
3659	publication_component:citation:publication:doi:10.1038/s42003-020-01623-8	requires_pubmed_lookup	missing							pubmed	exact_pmid_efetch	33483589	none
3660	publication_component:citation:publication:doi:10.1038/s42003-020-01639-0	requires_pubmed_lookup	missing							pubmed	exact_pmid_efetch	33514857	none
3661	publication_component:citation:publication:doi:10.1038/s42003-020-0890-8	requires_pubmed_lookup	missing							pubmed	exact_pmid_efetch	32265482	none
3662	publication_component:citation:publication:doi:10.1038/s42003-020-1060-8	requires_pubmed_lookup	missing							pubmed	exact_pmid_efetch	32581279	none
3663	publication_component:citation:publication:doi:10.1038/s42003-020-1078-y	requires_pubmed_lookup	missing							pubmed	exact_pmid_efetch	32620855	none
3664	publication_component:citation:publication:doi:10.1038/s42003-020-1094-y	requires_pubmed_lookup	missing							pubmed	exact_pmid_efetch	32647268	none
3665	publication_component:citation:publication:doi:10.1038/s42003-020-1096-9	requires_pubmed_lookup	missing							pubmed	exact_pmid_efetch	32873878	none
3666	publication_component:citation:publication:doi:10.1038/s42003-021-01688-z	requires_pubmed_lookup	missing							pubmed	exact_pmid_efetch	33564115	none
3667	publication_component:citation:publication:doi:10.1038/s42003-021-01770-6	requires_pubmed_lookup	missing							pubmed	exact_pmid_efetch	33637860	none
3668	publication_component:citation:publication:doi:10.1038/s42003-021-01799-7	requires_pubmed_lookup	missing							pubmed	exact_pmid_efetch	33686174	none
3669	publication_component:citation:publication:doi:10.1038/s42003-021-01918-4	requires_pubmed_lookup	missing							pubmed	exact_pmid_efetch	33772086	none
3670	publication_component:citation:publication:doi:10.1038/s42003-021-02009-0	requires_pubmed_lookup	missing							pubmed	exact_pmid_efetch	33972666	none
3671	publication_component:citation:publication:doi:10.1038/s42003-021-02152-8	requires_pubmed_lookup	missing							pubmed	exact_pmid_efetch	34083720	none
3672	publication_component:citation:publication:doi:10.1038/s42003-021-02173-3	requires_pubmed_lookup	missing							pubmed	exact_pmid_efetch	34083730	none
3673	publication_component:citation:publication:doi:10.1038/s42003-021-02197-9	requires_pubmed_lookup	missing							pubmed	exact_pmid_efetch	34127782	none
3674	publication_component:citation:publication:doi:10.1038/s42003-021-02536-w	requires_pubmed_lookup	missing							pubmed	exact_pmid_efetch	34429506	none
3675	publication_component:citation:publication:doi:10.1038/s42003-021-02663-4	requires_pubmed_lookup	missing							pubmed	exact_pmid_efetch	34552191	none
3676	publication_component:citation:publication:doi:10.1038/s42003-021-02682-1	requires_pubmed_lookup	missing							pubmed	exact_pmid_efetch	34620991	none
3677	publication_component:citation:publication:doi:10.1038/s42003-021-02697-8	requires_pubmed_lookup	missing							pubmed	exact_pmid_efetch	34671091	none
3678	publication_component:citation:publication:doi:10.1038/s42003-021-02720-y	requires_pubmed_lookup	missing							pubmed	exact_pmid_efetch	34654884	none
3679	publication_component:citation:publication:doi:10.1038/s42003-022-03003-w	requires_pubmed_lookup	missing							pubmed	exact_pmid_efetch	35058542	none
3680	publication_component:citation:publication:doi:10.1038/s42003-022-03089-2	requires_pubmed_lookup	missing							pubmed	exact_pmid_efetch	35177770	none
3681	publication_component:citation:publication:doi:10.1038/s42003-022-03176-4	requires_pubmed_lookup	missing							pubmed	exact_pmid_efetch	35273345	none
3682	publication_component:citation:publication:doi:10.1038/s42003-022-03194-2	requires_pubmed_lookup	missing							pubmed	exact_pmid_efetch	35338232	none
3683	publication_component:citation:publication:doi:10.1038/s42003-022-03347-3	requires_pubmed_lookup	missing							pubmed	exact_pmid_efetch	35545661	none
3684	publication_component:citation:publication:doi:10.1038/s42003-022-03758-2	requires_pubmed_lookup	missing							pubmed	exact_pmid_efetch	35986208	none
3685	publication_component:citation:publication:doi:10.1038/s42003-022-03850-7	requires_pubmed_lookup	missing							pubmed	exact_pmid_efetch	36028584	none
3686	publication_component:citation:publication:doi:10.1038/s42003-022-04106-0	requires_pubmed_lookup	missing							pubmed	exact_pmid_efetch	36284165	none
3687	publication_component:citation:publication:doi:10.1038/s42003-022-04108-y	requires_pubmed_lookup	missing							pubmed	exact_pmid_efetch	36284161	none
3688	publication_component:citation:publication:doi:10.1038/s42003-022-04125-x	requires_pubmed_lookup	missing							pubmed	exact_pmid_efetch	36344742	none
3689	publication_component:citation:publication:doi:10.1038/s42003-022-04371-z	requires_pubmed_lookup	missing							pubmed	exact_pmid_efetch	36572770	none
3690	publication_component:citation:publication:doi:10.1038/s42003-022-04394-6	requires_pubmed_lookup	missing							pubmed	exact_pmid_efetch	36658311	none
3691	publication_component:citation:publication:doi:10.1038/s42003-023-04415-y	requires_pubmed_lookup	missing							pubmed	exact_pmid_efetch	36635382	none
3692	publication_component:citation:publication:doi:10.1038/s42003-023-04427-8	requires_pubmed_lookup	missing							pubmed	exact_pmid_efetch	36631662	none
3693	publication_component:citation:publication:doi:10.1038/s42003-023-04582-y	requires_pubmed_lookup	missing							pubmed	exact_pmid_efetch	36869137	none
3694	publication_component:citation:publication:doi:10.1038/s42003-023-04809-y	requires_pubmed_lookup	missing							pubmed	exact_pmid_efetch	37100852	none
3695	publication_component:citation:publication:doi:10.1038/s42003-023-04949-1	requires_pubmed_lookup	missing							pubmed	exact_pmid_efetch	37296191	none
3696	publication_component:citation:publication:doi:10.1038/s42003-023-05044-1	requires_pubmed_lookup	missing							pubmed	exact_pmid_efetch	37429977	none
3697	publication_component:citation:publication:doi:10.1038/s42003-023-05083-8	requires_pubmed_lookup	missing							pubmed	exact_pmid_efetch	37422584	none
3698	publication_component:citation:publication:doi:10.1038/s42003-023-05137-x	requires_pubmed_lookup	missing							pubmed	exact_pmid_efetch	37463976	none
3699	publication_component:citation:publication:doi:10.1038/s42003-023-05158-6	requires_pubmed_lookup	missing							pubmed	exact_pmid_efetch	37524773	none
3700	publication_component:citation:publication:doi:10.1038/s42003-023-05187-1	requires_pubmed_lookup	missing							pubmed	exact_pmid_efetch	37542124	none
3701	publication_component:citation:publication:doi:10.1038/s42003-023-05248-5	requires_pubmed_lookup	missing							pubmed	exact_pmid_efetch	37612424	none
3702	publication_component:citation:publication:doi:10.1038/s42003-023-05271-6	requires_pubmed_lookup	missing							pubmed	exact_pmid_efetch	37667004	none
3703	publication_component:citation:publication:doi:10.1038/s42003-023-05365-1	requires_pubmed_lookup	missing							pubmed	exact_pmid_efetch	37789208	none
3704	publication_component:citation:publication:doi:10.1038/s42003-023-05569-5	requires_pubmed_lookup	missing							pubmed	exact_pmid_efetch	38001348	none
3705	publication_component:citation:publication:doi:10.1038/s42003-023-05620-5	requires_pubmed_lookup	missing							pubmed	exact_pmid_efetch	38042963	none
3706	publication_component:citation:publication:doi:10.1038/s42003-023-05717-x	requires_pubmed_lookup	missing							pubmed	exact_pmid_efetch	38216628	none
3707	publication_component:citation:publication:doi:10.1038/s42003-023-05754-6	requires_pubmed_lookup	missing							pubmed	exact_pmid_efetch	38182881	none
3708	publication_component:citation:publication:doi:10.1038/s42003-024-05870-x	requires_pubmed_lookup	missing							pubmed	exact_pmid_efetch	38341501	none
3709	publication_component:citation:publication:doi:10.1038/s42003-024-05961-9	requires_pubmed_lookup	missing							pubmed	exact_pmid_efetch	38431762	none
3710	publication_component:citation:publication:doi:10.1038/s42003-024-06347-7	requires_pubmed_lookup	missing							pubmed	exact_pmid_efetch	38796601	none
3711	publication_component:citation:publication:doi:10.1038/s42003-024-06550-6	requires_pubmed_lookup	missing							pubmed	exact_pmid_efetch	39068254	none
3712	publication_component:citation:publication:doi:10.1038/s42003-024-06643-2	requires_pubmed_lookup	missing							pubmed	exact_pmid_efetch	39107512	none
3713	publication_component:citation:publication:doi:10.1038/s42003-024-06660-1	requires_pubmed_lookup	missing							pubmed	exact_pmid_efetch	39154094	none
3714	publication_component:citation:publication:doi:10.1038/s42003-024-06701-9	requires_pubmed_lookup	missing							pubmed	exact_pmid_efetch	39152309	none
3715	publication_component:citation:publication:doi:10.1038/s42003-024-06886-z	requires_pubmed_lookup	missing							pubmed	exact_pmid_efetch	39342021	none
3716	publication_component:citation:publication:doi:10.1038/s42003-024-07068-7	requires_pubmed_lookup	missing							pubmed	exact_pmid_efetch	39443678	none
3717	publication_component:citation:publication:doi:10.1038/s42003-024-07126-0	requires_pubmed_lookup	missing							pubmed	exact_pmid_efetch	39543266	none
3718	publication_component:citation:publication:doi:10.1038/s42003-024-07262-7	requires_pubmed_lookup	missing							pubmed	exact_pmid_efetch	39838059	none
3719	publication_component:citation:publication:doi:10.1038/s42003-024-07382-0	requires_pubmed_lookup	missing							pubmed	exact_pmid_efetch	39806046	none
3720	publication_component:citation:publication:doi:10.1038/s42003-025-07450-z	requires_pubmed_lookup	missing							pubmed	exact_pmid_efetch	39934388	none
3721	publication_component:citation:publication:doi:10.1038/s42003-025-07472-7	requires_pubmed_lookup	missing							pubmed	exact_pmid_efetch	39915690	none
3722	publication_component:citation:publication:doi:10.1038/s42003-025-07525-x	requires_pubmed_lookup	missing							pubmed	exact_pmid_efetch	40032980	none
3723	publication_component:citation:publication:doi:10.1038/s42003-025-07851-0	requires_pubmed_lookup	missing							pubmed	exact_pmid_efetch	40082663	none
3724	publication_component:citation:publication:doi:10.1038/s42003-025-07952-w	requires_pubmed_lookup	missing							pubmed	exact_pmid_efetch	40158047	none
3725	publication_component:citation:publication:doi:10.1038/s42003-025-08056-1	requires_pubmed_lookup	missing							pubmed	exact_pmid_efetch	40246974	none
3726	publication_component:citation:publication:doi:10.1038/s42003-025-08076-x	requires_pubmed_lookup	missing							pubmed	exact_pmid_efetch	40269101	none
3727	publication_component:citation:publication:doi:10.1038/s42003-025-08436-7	requires_pubmed_lookup	missing							pubmed	exact_pmid_efetch	40615540	none
3728	publication_component:citation:publication:doi:10.1038/s42003-025-08450-9	requires_pubmed_lookup	missing							pubmed	exact_pmid_efetch	40681668	none
3729	publication_component:citation:publication:doi:10.1038/s42003-025-08951-7	requires_pubmed_lookup	missing							pubmed	exact_pmid_efetch	41318693	none
3730	publication_component:citation:publication:doi:10.1038/s42003-025-09153-x	requires_pubmed_lookup	missing							pubmed	exact_pmid_efetch	41402563	none
3731	publication_component:citation:publication:doi:10.1038/s42003-025-09283-2	requires_pubmed_lookup	missing							pubmed	exact_pmid_efetch	41345536	none
3732	publication_component:citation:publication:doi:10.1038/s42003-026-09802-9	requires_pubmed_lookup	missing							pubmed	exact_pmid_efetch	41803406	none
3733	publication_component:citation:publication:doi:10.1038/s42003-026-10153-8	requires_pubmed_lookup	missing							pubmed	exact_pmid_efetch	42103887	none
3734	publication_component:citation:publication:doi:10.1038/s42004-023-01005-1	requires_pubmed_lookup	missing							pubmed	exact_pmid_efetch	37737277	none
3735	publication_component:citation:publication:doi:10.1038/s42256-024-00935-2	requires_openalex_lookup	not_applicable							openalex	exact_work_id	W4405515214	none
3736	publication_component:citation:publication:doi:10.1038/s43016-020-00197-2	requires_pubmed_lookup	missing							pubmed	exact_pmid_efetch	37128067	none
3737	publication_component:citation:publication:doi:10.1038/s43016-024-00968-1	requires_pubmed_lookup	missing							pubmed	exact_pmid_efetch	38724686	none
3738	publication_component:citation:publication:doi:10.1038/s43246-022-00277-9	requires_openalex_lookup	not_applicable							openalex	exact_work_id	W4291899582	none
3739	publication_component:citation:publication:doi:10.1038/s43587-023-00421-1	requires_pubmed_lookup	missing							pubmed	exact_pmid_efetch	37217661	none
3740	publication_component:citation:publication:doi:10.1038/s43705-023-00293-x	requires_pubmed_lookup	missing							pubmed	exact_pmid_efetch	37598265	none
3741	publication_component:citation:publication:doi:10.1038/s43856-021-00031-1	requires_pubmed_lookup	missing							pubmed	exact_pmid_efetch	35602211	none
3742	publication_component:citation:publication:doi:10.1038/s43856-022-00167-8	requires_pubmed_lookup	missing							pubmed	exact_pmid_efetch	35982756	none
3743	publication_component:citation:publication:doi:10.1038/s43856-022-00168-7	requires_pubmed_lookup	missing							pubmed	exact_pmid_efetch	35968047	none
3744	publication_component:citation:publication:doi:10.1038/s43856-025-00912-9	requires_pubmed_lookup	missing							pubmed	exact_pmid_efetch	40447716	none
3745	publication_component:citation:publication:doi:10.1038/s43856-025-01273-z	requires_pubmed_lookup	missing							pubmed	exact_pmid_efetch	41513994	none
3746	publication_component:citation:publication:doi:10.1038/s44259-024-00038-3	requires_pubmed_lookup	missing							pubmed	exact_pmid_efetch	39100870	none
3747	publication_component:citation:publication:doi:10.1038/s44259-024-00041-8	requires_pubmed_lookup	missing							pubmed	exact_pmid_efetch	39843955	none
3748	publication_component:citation:publication:doi:10.1038/s44259-025-00159-3	requires_pubmed_lookup	missing							pubmed	exact_pmid_efetch	41184436	none
3749	publication_component:citation:publication:doi:10.1038/s44298-024-00036-2	requires_pubmed_lookup	missing							pubmed	exact_pmid_efetch	40295673	none
3750	publication_component:citation:publication:doi:10.1038/s44298-025-00108-x	requires_pubmed_lookup	missing							pubmed	exact_pmid_efetch	40295831	none
3751	publication_component:citation:publication:doi:10.1038/s44298-025-00161-6	requires_pubmed_lookup	missing							pubmed	exact_pmid_efetch	41238892	none
3752	publication_component:citation:publication:doi:10.1038/s44298-026-00196-3	requires_pubmed_lookup	missing							pubmed	exact_pmid_efetch	42135491	none
3753	publication_component:citation:publication:doi:10.1038/s44298-026-00226-0	requires_openalex_lookup	not_applicable							openalex	exact_work_id	W7140512840	none
3754	publication_component:citation:publication:doi:10.1038/s44318-025-00425-0	requires_pubmed_lookup	missing							pubmed	exact_pmid_efetch	40210722	none
3755	publication_component:citation:publication:doi:10.1038/s44318-025-00439-8	requires_pubmed_lookup	missing							pubmed	exact_pmid_efetch	40275032	none
3756	publication_component:citation:publication:doi:10.1038/s44319-024-00280-w	requires_pubmed_lookup	missing							pubmed	exact_pmid_efetch	39375464	none
3757	publication_component:citation:publication:doi:10.1038/s44319-025-00636-w	requires_pubmed_lookup	missing							pubmed	exact_pmid_efetch	41219539	none
3758	publication_component:citation:publication:doi:10.1038/s44320-026-00200-1	requires_pubmed_lookup	missing							pubmed	exact_pmid_efetch	41862705	none
3759	publication_component:citation:publication:doi:10.1038/sdata.2018.274	requires_pubmed_lookup	missing							pubmed	exact_pmid_efetch	30532075	none
3760	publication_component:citation:publication:doi:10.1038/sdata.2019.29	requires_pubmed_lookup	missing							pubmed	exact_pmid_efetch	30806641	none
3761	publication_component:citation:publication:doi:10.1038/srep00745	requires_pubmed_lookup	missing							pubmed	exact_pmid_efetch	23082240	none
3762	publication_component:citation:publication:doi:10.1038/srep01031	requires_pubmed_lookup	missing							pubmed	exact_pmid_efetch	23301152	none
3763	publication_component:citation:publication:doi:10.1038/srep04212	requires_pubmed_lookup	missing							pubmed	exact_pmid_efetch	24572761	none
3764	publication_component:citation:publication:doi:10.1038/srep05070	requires_pubmed_lookup	missing							pubmed	exact_pmid_efetch	24861105	none
3765	publication_component:citation:publication:doi:10.1038/srep05529	requires_pubmed_lookup	missing							pubmed	exact_pmid_efetch	24984862	none
3766	publication_component:citation:publication:doi:10.1038/srep06504	requires_pubmed_lookup	missing							pubmed	exact_pmid_efetch	25266120	none
3767	publication_component:citation:publication:doi:10.1038/srep07145	requires_pubmed_lookup	missing							pubmed	exact_pmid_efetch	25413576	none
3768	publication_component:citation:publication:doi:10.1038/srep07167	requires_pubmed_lookup	missing							pubmed	exact_pmid_efetch	25418599	none
3769	publication_component:citation:publication:doi:10.1038/srep08199	requires_pubmed_lookup	missing							pubmed	exact_pmid_efetch	25645996	none
3770	publication_component:citation:publication:doi:10.1038/srep08693	requires_pubmed_lookup	missing							pubmed	exact_pmid_efetch	25732911	none
3771	publication_component:citation:publication:doi:10.1038/srep09780	requires_pubmed_lookup	missing							pubmed	exact_pmid_efetch	25944748	none
3772	publication_component:citation:publication:doi:10.1038/srep10835	requires_pubmed_lookup	missing							pubmed	exact_pmid_efetch	26056784	none
3773	publication_component:citation:publication:doi:10.1038/srep11451	requires_pubmed_lookup	missing							pubmed	exact_pmid_efetch	26099036	none
3774	publication_component:citation:publication:doi:10.1038/srep11531	requires_pubmed_lookup	missing							pubmed	exact_pmid_efetch	26100095	none
3775	publication_component:citation:publication:doi:10.1038/srep12806	requires_pubmed_lookup	missing							pubmed	exact_pmid_efetch	26259924	none
3776	publication_component:citation:publication:doi:10.1038/srep13541	requires_pubmed_lookup	missing							pubmed	exact_pmid_efetch	26310137	none
3777	publication_component:citation:publication:doi:10.1038/srep13965	requires_pubmed_lookup	missing							pubmed	exact_pmid_efetch	26355841	none
3778	publication_component:citation:publication:doi:10.1038/srep14106	requires_pubmed_lookup	missing							pubmed	exact_pmid_efetch	26373886	none
3779	publication_component:citation:publication:doi:10.1038/srep14187	requires_pubmed_lookup	missing							pubmed	exact_pmid_efetch	26381091	none
3780	publication_component:citation:publication:doi:10.1038/srep14256	requires_pubmed_lookup	missing							pubmed	exact_pmid_efetch	26404527	none
3781	publication_component:citation:publication:doi:10.1038/srep14480	requires_pubmed_lookup	missing							pubmed	exact_pmid_efetch	26404138	none
3782	publication_component:citation:publication:doi:10.1038/srep14973	requires_pubmed_lookup	missing							pubmed	exact_pmid_efetch	26444071	none
3783	publication_component:citation:publication:doi:10.1038/srep16324	requires_pubmed_lookup	missing							pubmed	exact_pmid_efetch	26549794	none
3784	publication_component:citation:publication:doi:10.1038/srep16638	requires_pubmed_lookup	missing							pubmed	exact_pmid_efetch	26559332	none
3785	publication_component:citation:publication:doi:10.1038/srep16851	requires_pubmed_lookup	missing							pubmed	exact_pmid_efetch	26596461	none
3786	publication_component:citation:publication:doi:10.1038/srep16958	requires_pubmed_lookup	missing							pubmed	exact_pmid_efetch	26592928	none
3787	publication_component:citation:publication:doi:10.1038/srep17197	requires_pubmed_lookup	missing							pubmed	exact_pmid_efetch	26603658	none
3788	publication_component:citation:publication:doi:10.1038/srep17262	requires_pubmed_lookup	missing							pubmed	exact_pmid_efetch	26602147	none
3789	publication_component:citation:publication:doi:10.1038/srep17285	requires_pubmed_lookup	missing							pubmed	exact_pmid_efetch	26603338	none
3790	publication_component:citation:publication:doi:10.1038/srep17418	requires_pubmed_lookup	missing							pubmed	exact_pmid_efetch	26621203	none
3791	publication_component:citation:publication:doi:10.1038/srep17551	requires_pubmed_lookup	missing							pubmed	exact_pmid_efetch	26619819	none
3792	publication_component:citation:publication:doi:10.1038/srep17644	requires_pubmed_lookup	missing							pubmed	exact_pmid_efetch	26631625	none
3793	publication_component:citation:publication:doi:10.1038/srep18058	requires_pubmed_lookup	missing							pubmed	exact_pmid_efetch	26686813	none
3794	publication_component:citation:publication:doi:10.1038/srep18234	requires_pubmed_lookup	missing							pubmed	exact_pmid_efetch	26658825	none
3795	publication_component:citation:publication:doi:10.1038/srep18661	requires_pubmed_lookup	missing							pubmed	exact_pmid_efetch	26689832	none
3796	publication_component:citation:publication:doi:10.1038/srep18662	requires_pubmed_lookup	missing							pubmed	exact_pmid_efetch	26689951	none
3797	publication_component:citation:publication:doi:10.1038/srep18676	requires_pubmed_lookup	missing							pubmed	exact_pmid_efetch	26691285	none
3798	publication_component:citation:publication:doi:10.1038/srep18770	requires_pubmed_lookup	missing							pubmed	exact_pmid_efetch	26733092	none
3799	publication_component:citation:publication:doi:10.1038/srep19149	requires_pubmed_lookup	missing							pubmed	exact_pmid_efetch	26750561	none
3800	publication_component:citation:publication:doi:10.1038/srep19427	requires_pubmed_lookup	missing							pubmed	exact_pmid_efetch	26786968	none
3801	publication_component:citation:publication:doi:10.1038/srep20688	requires_pubmed_lookup	missing							pubmed	exact_pmid_efetch	26858078	none
3802	publication_component:citation:publication:doi:10.1038/srep21570	requires_pubmed_lookup	missing							pubmed	exact_pmid_efetch	26865329	none
3803	publication_component:citation:publication:doi:10.1038/srep21729	requires_pubmed_lookup	missing							pubmed	exact_pmid_efetch	26906946	none
3804	publication_component:citation:publication:doi:10.1038/srep21902	requires_pubmed_lookup	missing							pubmed	exact_pmid_efetch	26902509	none
3805	publication_component:citation:publication:doi:10.1038/srep22157	requires_pubmed_lookup	missing							pubmed	exact_pmid_efetch	26912479	none
3806	publication_component:citation:publication:doi:10.1038/srep22609	requires_pubmed_lookup	missing							pubmed	exact_pmid_efetch	26941065	none
3807	publication_component:citation:publication:doi:10.1038/srep23704	requires_pubmed_lookup	missing							pubmed	exact_pmid_efetch	27021793	none
3808	publication_component:citation:publication:doi:10.1038/srep23754	requires_pubmed_lookup	missing							pubmed	exact_pmid_efetch	27029337	none
3809	publication_component:citation:publication:doi:10.1038/srep24069	requires_pubmed_lookup	missing							pubmed	exact_pmid_efetch	27040083	none
3810	publication_component:citation:publication:doi:10.1038/srep24265	requires_pubmed_lookup	missing							pubmed	exact_pmid_efetch	27072743	none
3811	publication_component:citation:publication:doi:10.1038/srep24595	requires_pubmed_lookup	missing							pubmed	exact_pmid_efetch	27087667	none
3812	publication_component:citation:publication:doi:10.1038/srep25049	requires_pubmed_lookup	missing							pubmed	exact_pmid_efetch	27142087	none
3813	publication_component:citation:publication:doi:10.1038/srep25527	requires_pubmed_lookup	missing							pubmed	exact_pmid_efetch	27151933	none
3814	publication_component:citation:publication:doi:10.1038/srep25873	requires_pubmed_lookup	missing							pubmed	exact_pmid_efetch	27174689	none
3815	publication_component:citation:publication:doi:10.1038/srep26405	requires_pubmed_lookup	missing							pubmed	exact_pmid_efetch	27198881	none
3816	publication_component:citation:publication:doi:10.1038/srep28350	requires_pubmed_lookup	missing							pubmed	exact_pmid_efetch	27311567	none
3817	publication_component:citation:publication:doi:10.1038/srep29153	requires_pubmed_lookup	missing							pubmed	exact_pmid_efetch	27356489	none
3818	publication_component:citation:publication:doi:10.1038/srep29404	requires_pubmed_lookup	missing							pubmed	exact_pmid_efetch	27381465	none
3819	publication_component:citation:publication:doi:10.1038/srep29690	requires_pubmed_lookup	missing							pubmed	exact_pmid_efetch	27417983	none
3820	publication_component:citation:publication:doi:10.1038/srep29888	requires_pubmed_lookup	missing							pubmed	exact_pmid_efetch	27431568	none
3821	publication_component:citation:publication:doi:10.1038/srep30042	requires_pubmed_lookup	missing							pubmed	exact_pmid_efetch	27452401	none
3822	publication_component:citation:publication:doi:10.1038/srep30158	requires_pubmed_lookup	missing							pubmed	exact_pmid_efetch	27444405	none
3823	publication_component:citation:publication:doi:10.1038/srep31083	requires_pubmed_lookup	missing							pubmed	exact_pmid_efetch	27498855	none
3824	publication_component:citation:publication:doi:10.1038/srep31791	requires_pubmed_lookup	missing							pubmed	exact_pmid_efetch	27558399	none
3825	publication_component:citation:publication:doi:10.1038/srep32013	requires_pubmed_lookup	missing							pubmed	exact_pmid_efetch	27554066	none
3826	publication_component:citation:publication:doi:10.1038/srep32175	requires_pubmed_lookup	missing							pubmed	exact_pmid_efetch	27562645	none
3827	publication_component:citation:publication:doi:10.1038/srep33308	requires_pubmed_lookup	missing							pubmed	exact_pmid_efetch	27629066	none
3828	publication_component:citation:publication:doi:10.1038/srep33364	requires_pubmed_lookup	missing							pubmed	exact_pmid_efetch	27624821	none
3829	publication_component:citation:publication:doi:10.1038/srep33442	requires_pubmed_lookup	missing							pubmed	exact_pmid_efetch	27633769	none
3830	publication_component:citation:publication:doi:10.1038/srep33465	requires_pubmed_lookup	missing							pubmed	exact_pmid_efetch	27633117	none
3831	publication_component:citation:publication:doi:10.1038/srep33578	requires_pubmed_lookup	missing							pubmed	exact_pmid_efetch	27645106	none
3832	publication_component:citation:publication:doi:10.1038/srep33876	requires_pubmed_lookup	missing							pubmed	exact_pmid_efetch	27659771	none
3833	publication_component:citation:publication:doi:10.1038/srep33988	requires_pubmed_lookup	missing							pubmed	exact_pmid_efetch	27665724	none
3834	publication_component:citation:publication:doi:10.1038/srep34420	requires_pubmed_lookup	missing							pubmed	exact_pmid_efetch	27677461	none
3835	publication_component:citation:publication:doi:10.1038/srep35168	requires_pubmed_lookup	missing							pubmed	exact_pmid_efetch	27734920	none
3836	publication_component:citation:publication:doi:10.1038/srep35245	requires_pubmed_lookup	missing							pubmed	exact_pmid_efetch	27731413	none
3837	publication_component:citation:publication:doi:10.1038/srep35634	requires_pubmed_lookup	missing							pubmed	exact_pmid_efetch	27782130	none
3838	publication_component:citation:publication:doi:10.1038/srep35822	requires_pubmed_lookup	missing							pubmed	exact_pmid_efetch	27767073	none
3839	publication_component:citation:publication:doi:10.1038/srep36757	requires_pubmed_lookup	missing							pubmed	exact_pmid_efetch	27827442	none
3840	publication_component:citation:publication:doi:10.1038/srep37536	requires_pubmed_lookup	missing							pubmed	exact_pmid_efetch	27876851	none
3841	publication_component:citation:publication:doi:10.1038/srep38302	requires_pubmed_lookup	missing							pubmed	exact_pmid_efetch	27922051	none
3842	publication_component:citation:publication:doi:10.1038/srep39031	requires_pubmed_lookup	missing							pubmed	exact_pmid_efetch	27966614	none
3843	publication_component:citation:publication:doi:10.1038/srep40233	requires_pubmed_lookup	missing							pubmed	exact_pmid_efetch	28074842	none
3844	publication_component:citation:publication:doi:10.1038/srep40536	requires_pubmed_lookup	missing							pubmed	exact_pmid_efetch	28094282	none
3845	publication_component:citation:publication:doi:10.1038/srep40804	requires_pubmed_lookup	missing							pubmed	exact_pmid_efetch	28091623	none
3846	publication_component:citation:publication:doi:10.1038/srep41394	requires_pubmed_lookup	missing							pubmed	exact_pmid_efetch	28145490	none
3847	publication_component:citation:publication:doi:10.1038/srep42419	requires_pubmed_lookup	missing							pubmed	exact_pmid_efetch	28211474	none
3848	publication_component:citation:publication:doi:10.1038/srep44948	requires_pubmed_lookup	missing							pubmed	exact_pmid_efetch	28337996	none
3849	publication_component:citation:publication:doi:10.1038/srep45133	requires_pubmed_lookup	missing							pubmed	exact_pmid_efetch	28327641	none
3850	publication_component:citation:publication:doi:10.1038/srep45787	requires_pubmed_lookup	missing							pubmed	exact_pmid_efetch	28401928	none
3851	publication_component:citation:publication:doi:10.1038/srep46542	requires_pubmed_lookup	missing							pubmed	exact_pmid_efetch	28425474	none
3852	publication_component:citation:publication:doi:10.1039/9781849733151-00096	requires_openalex_lookup	not_applicable							openalex	exact_work_id	W2355204899	none
3853	publication_component:citation:publication:doi:10.1039/b910458p	requires_pubmed_lookup	missing							pubmed	exact_pmid_efetch	19936388	none
3854	publication_component:citation:publication:doi:10.1039/c2mb25052g	requires_pubmed_lookup	missing							pubmed	exact_pmid_efetch	22588506	none
3855	publication_component:citation:publication:doi:10.1039/c3mb70476a	requires_pubmed_lookup	missing							pubmed	exact_pmid_efetch	24281402	none
3856	publication_component:citation:publication:doi:10.1039/c8mo00099a	requires_pubmed_lookup	missing							pubmed	exact_pmid_efetch	29974107	none
3857	publication_component:citation:publication:doi:10.1039/d0cy00081g	requires_openalex_lookup	not_applicable							openalex	exact_work_id	W3006405539	none
3858	publication_component:citation:publication:doi:10.1039/d1np00006c	requires_pubmed_lookup	missing							pubmed	exact_pmid_efetch	34821235	none
3859	publication_component:citation:publication:doi:10.1039/d1sc04832e	requires_pubmed_lookup	missing							pubmed	exact_pmid_efetch	35126971	none
3860	publication_component:citation:publication:doi:10.1039/d3gc04888h	requires_openalex_lookup	not_applicable							openalex	exact_work_id	W4397011997	none
3861	publication_component:citation:publication:doi:10.1039/d4cy00090k	requires_openalex_lookup	not_applicable							openalex	exact_work_id	W4400067002	none
3862	publication_component:citation:publication:doi:10.1039/d4gc03665d	requires_openalex_lookup	not_applicable							openalex	exact_work_id	W4402332997	none
3863	publication_component:citation:publication:doi:10.1042/bcj20170910	requires_pubmed_lookup	missing							pubmed	exact_pmid_efetch	29523747	none
3864	publication_component:citation:publication:doi:10.1042/bcj20180787	requires_pubmed_lookup	missing							pubmed	exact_pmid_efetch	30559328	none
3865	publication_component:citation:publication:doi:10.1042/bcj20210342	requires_pubmed_lookup	missing							pubmed	exact_pmid_efetch	34397090	none
3866	publication_component:citation:publication:doi:10.1042/bj20112090	requires_pubmed_lookup	missing							pubmed	exact_pmid_efetch	22348703	none
3867	publication_component:citation:publication:doi:10.1042/bj20121221	requires_pubmed_lookup	missing							pubmed	exact_pmid_efetch	23301657	none
3868	publication_component:citation:publication:doi:10.1042/bsr20190560	requires_pubmed_lookup	missing							pubmed	exact_pmid_efetch	31213576	none
3869	publication_component:citation:publication:doi:10.1042/bsr20222267	requires_pubmed_lookup	missing							pubmed	exact_pmid_efetch	38299364	none
3870	publication_component:citation:publication:doi:10.1042/bst0370778	requires_pubmed_lookup	missing							pubmed	exact_pmid_efetch	19614593	none
3871	publication_component:citation:publication:doi:10.1042/bst0370783	requires_pubmed_lookup	missing							pubmed	exact_pmid_efetch	19614594	none
3872	publication_component:citation:publication:doi:10.1042/bst20200355	requires_pubmed_lookup	missing							pubmed	exact_pmid_efetch	32985656	none
3873	publication_component:citation:publication:doi:10.1044/2025_jslhr-25-00050	requires_pubmed_lookup	missing							pubmed	exact_pmid_efetch	41091061	none
3874	publication_component:citation:publication:doi:10.1046/j.1365-2540.2001.00895.x	requires_pubmed_lookup	missing							pubmed	exact_pmid_efetch	11595044	none
3875	publication_component:citation:publication:doi:10.1049/iet-syb.2014.0056	requires_pubmed_lookup	missing							pubmed	exact_pmid_efetch	26243834	none
3876	publication_component:citation:publication:doi:10.1056/nejmoa2029717	requires_pubmed_lookup	missing							pubmed	exact_pmid_efetch	33176093	none
3877	publication_component:citation:publication:doi:10.1071/fp16104	requires_pubmed_lookup	missing							pubmed	exact_pmid_efetch	32480533	none
3878	publication_component:citation:publication:doi:10.1071/fp21319	requires_pubmed_lookup	missing							pubmed	exact_pmid_efetch	35781367	none
3879	publication_component:citation:publication:doi:10.1071/is20065	requires_openalex_lookup	not_applicable							openalex	exact_work_id	W3136573888	none
3880	publication_component:citation:publication:doi:10.1071/is24087	requires_pubmed_lookup	missing							pubmed	exact_pmid_efetch	40977350	none
3881	publication_component:citation:publication:doi:10.1071/ma20010	requires_openalex_lookup	not_applicable							openalex	exact_work_id	W3008485561	none
3882	publication_component:citation:publication:doi:10.1071/ma20011	requires_openalex_lookup	not_applicable							openalex	exact_doi	10.1071/ma20011	none
3883	publication_component:citation:publication:doi:10.1071/mav41n1	requires_openalex_lookup	not_applicable							openalex	exact_work_id	W4246239874	none
3884	publication_component:citation:publication:doi:10.1071/mf18473	requires_openalex_lookup	not_applicable							openalex	exact_work_id	W2937887362	none
3885	publication_component:citation:publication:doi:10.1071/rd16455	requires_pubmed_lookup	missing							pubmed	exact_pmid_efetch	28403915	none
3886	publication_component:citation:publication:doi:10.1071/rd17049	requires_pubmed_lookup	missing							pubmed	exact_pmid_efetch	28945985	none
3887	publication_component:citation:publication:doi:10.1071/sb18028	requires_openalex_lookup	not_applicable							openalex	exact_work_id	W2904251128	none
3888	publication_component:citation:publication:doi:10.1071/sb24011	requires_openalex_lookup	not_applicable							openalex	exact_work_id	W4410110220	none
3889	publication_component:citation:publication:doi:10.1071/zo12013	requires_openalex_lookup	not_applicable							openalex	exact_work_id	W1987296848	none
3890	publication_component:citation:publication:doi:10.1073/pnas.0409853102	requires_pubmed_lookup	missing							pubmed	exact_pmid_efetch	15689398	none
3891	publication_component:citation:publication:doi:10.1073/pnas.0500371102	requires_pubmed_lookup	missing							pubmed	exact_pmid_efetch	15728394	none
3892	publication_component:citation:publication:doi:10.1073/pnas.0700435104	requires_pubmed_lookup	missing							pubmed	exact_pmid_efetch	17360548	none
3893	publication_component:citation:publication:doi:10.1073/pnas.0800387105	requires_pubmed_lookup	missing							pubmed	exact_pmid_efetch	18458337	none
3894	publication_component:citation:publication:doi:10.1073/pnas.0802097105	requires_pubmed_lookup	missing							pubmed	exact_pmid_efetch	18776049	none
3895	publication_component:citation:publication:doi:10.1073/pnas.0802287105	requires_pubmed_lookup	missing							pubmed	exact_pmid_efetch	18621711	none
3896	publication_component:citation:publication:doi:10.1073/pnas.0802355105	requires_pubmed_lookup	missing							pubmed	exact_pmid_efetch	18809929	none
3897	publication_component:citation:publication:doi:10.1073/pnas.0802426105	requires_pubmed_lookup	missing							pubmed	exact_pmid_efetch	18768804	none
3898	publication_component:citation:publication:doi:10.1073/pnas.0806162105	requires_pubmed_lookup	missing							pubmed	exact_pmid_efetch	18787117	none
3899	publication_component:citation:publication:doi:10.1073/pnas.0806759105	requires_pubmed_lookup	missing							pubmed	exact_pmid_efetch	19011103	none
3900	publication_component:citation:publication:doi:10.1073/pnas.0811357106	requires_pubmed_lookup	missing							pubmed	exact_pmid_efetch	19359493	none
3901	publication_component:citation:publication:doi:10.1073/pnas.0900906106	requires_pubmed_lookup	missing							pubmed	exact_pmid_efetch	19325131	none
3902	publication_component:citation:publication:doi:10.1073/pnas.0901808106	requires_pubmed_lookup	missing							pubmed	exact_pmid_efetch	19351897	none
3903	publication_component:citation:publication:doi:10.1073/pnas.0903839106	requires_pubmed_lookup	missing							pubmed	exact_pmid_efetch	19805066	none
3904	publication_component:citation:publication:doi:10.1073/pnas.0904464106	requires_pubmed_lookup	missing							pubmed	exact_pmid_efetch	19497865	none
3905	publication_component:citation:publication:doi:10.1073/pnas.0904550106	requires_pubmed_lookup	missing							pubmed	exact_pmid_efetch	19805241	none
3906	publication_component:citation:publication:doi:10.1073/pnas.0906424106	requires_pubmed_lookup	missing							pubmed	exact_pmid_efetch	19706397	none
3907	publication_component:citation:publication:doi:10.1073/pnas.0908007107	requires_pubmed_lookup	missing							pubmed	exact_pmid_efetch	19966307	none
3908	publication_component:citation:publication:doi:10.1073/pnas.0908008106	requires_pubmed_lookup	missing							pubmed	exact_pmid_efetch	19926865	none
3909	publication_component:citation:publication:doi:10.1073/pnas.0908702106	requires_pubmed_lookup	missing							pubmed	exact_pmid_efetch	19805363	none
3910	publication_component:citation:publication:doi:10.1073/pnas.0914322107	requires_pubmed_lookup	missing							pubmed	exact_pmid_efetch	20368420	none
3911	publication_component:citation:publication:doi:10.1073/pnas.0914771107	requires_pubmed_lookup	missing							pubmed	exact_pmid_efetch	20439753	none
3912	publication_component:citation:publication:doi:10.1073/pnas.1001225107	requires_pubmed_lookup	missing							pubmed	exact_pmid_efetch	20304790	none
3913	publication_component:citation:publication:doi:10.1073/pnas.1007667108	requires_pubmed_lookup	missing							pubmed	exact_pmid_efetch	21220331	none
3914	publication_component:citation:publication:doi:10.1073/pnas.1007883107	requires_pubmed_lookup	missing							pubmed	exact_pmid_efetch	21115821	none
3915	publication_component:citation:publication:doi:10.1073/pnas.1007888107	requires_pubmed_lookup	missing							pubmed	exact_pmid_efetch	21059910	none
3916	publication_component:citation:publication:doi:10.1073/pnas.1011361108	requires_pubmed_lookup	missing							pubmed	exact_pmid_efetch	21282634	none
3917	publication_component:citation:publication:doi:10.1073/pnas.1013313108	requires_pubmed_lookup	missing							pubmed	exact_pmid_efetch	21436056	none
3918	publication_component:citation:publication:doi:10.1073/pnas.1015338108	requires_pubmed_lookup	missing							pubmed	exact_pmid_efetch	21586633	none
3919	publication_component:citation:publication:doi:10.1073/pnas.1015994108	requires_pubmed_lookup	missing							pubmed	exact_pmid_efetch	21690394	none
3920	publication_component:citation:publication:doi:10.1073/pnas.1016295107	requires_pubmed_lookup	missing							pubmed	exact_pmid_efetch	21115831	none
3921	publication_component:citation:publication:doi:10.1073/pnas.1018621108	requires_pubmed_lookup	missing							pubmed	exact_pmid_efetch	21521791	none
3922	publication_component:citation:publication:doi:10.1073/pnas.1019605109	requires_pubmed_lookup	missing							pubmed	exact_pmid_efetch	22315396	none
3923	publication_component:citation:publication:doi:10.1073/pnas.1101221108	requires_pubmed_lookup	missing							pubmed	exact_pmid_efetch	21642532	none
3924	publication_component:citation:publication:doi:10.1073/pnas.1103039108	requires_pubmed_lookup	missing							pubmed	exact_pmid_efetch	21788494	none
3925	publication_component:citation:publication:doi:10.1073/pnas.1103457108	requires_pubmed_lookup	missing							pubmed	exact_pmid_efetch	21482769	none
3926	publication_component:citation:publication:doi:10.1073/pnas.1104695108	requires_pubmed_lookup	missing							pubmed	exact_pmid_efetch	21555556	none
3927	publication_component:citation:publication:doi:10.1073/pnas.1104825108	requires_pubmed_lookup	missing							pubmed	exact_pmid_efetch	21911372	none
3928	publication_component:citation:publication:doi:10.1073/pnas.1105580108	requires_pubmed_lookup	missing							pubmed	exact_pmid_efetch	21911395	none
3929	publication_component:citation:publication:doi:10.1073/pnas.1110972108	requires_pubmed_lookup	missing							pubmed	exact_pmid_efetch	22135464	none
3930	publication_component:citation:publication:doi:10.1073/pnas.1113893109	requires_pubmed_lookup	missing							pubmed	exact_pmid_efetch	22323605	none
3931	publication_component:citation:publication:doi:10.1073/pnas.1115346109	requires_pubmed_lookup	missing							pubmed	exact_pmid_efetch	22308384	none
3932	publication_component:citation:publication:doi:10.1073/pnas.1118360109	requires_pubmed_lookup	missing							pubmed	exact_pmid_efetch	22411809	none
3933	publication_component:citation:publication:doi:10.1073/pnas.1119506109	requires_pubmed_lookup	missing							pubmed	exact_pmid_efetch	22474376	none
3934	publication_component:citation:publication:doi:10.1073/pnas.1208706110	requires_pubmed_lookup	missing							pubmed	exact_pmid_efetch	23407169	none
3935	publication_component:citation:publication:doi:10.1073/pnas.1210603109	requires_pubmed_lookup	missing							pubmed	exact_pmid_efetch	23091028	none
3936	publication_component:citation:publication:doi:10.1073/pnas.1212709110	requires_pubmed_lookup	missing							pubmed	exact_pmid_efetch	23267060	none
3937	publication_component:citation:publication:doi:10.1073/pnas.1213199109	requires_pubmed_lookup	missing							pubmed	exact_pmid_efetch	23129628	none
3938	publication_component:citation:publication:doi:10.1073/pnas.1213958110	requires_pubmed_lookup	missing							pubmed	exact_pmid_efetch	23341627	none
3939	publication_component:citation:publication:doi:10.1073/pnas.1215787110	requires_pubmed_lookup	missing							pubmed	exact_pmid_efetch	23401540	none
3940	publication_component:citation:publication:doi:10.1073/pnas.1218066110	requires_pubmed_lookup	missing							pubmed	exact_pmid_efetch	23382244	none
3941	publication_component:citation:publication:doi:10.1073/pnas.1218668109	requires_pubmed_lookup	missing							pubmed	exact_pmid_efetch	23197827	none
3942	publication_component:citation:publication:doi:10.1073/pnas.1221104110	requires_pubmed_lookup	missing							pubmed	exact_pmid_efetch	23842086	none
3943	publication_component:citation:publication:doi:10.1073/pnas.1300130110	requires_pubmed_lookup	missing							pubmed	exact_pmid_efetch	23650365	none
3944	publication_component:citation:publication:doi:10.1073/pnas.1303526110	requires_pubmed_lookup	missing							pubmed	exact_pmid_efetch	23847207	none
3945	publication_component:citation:publication:doi:10.1073/pnas.1311790110	requires_pubmed_lookup	missing							pubmed	exact_pmid_efetch	24218600	none
3946	publication_component:citation:publication:doi:10.1073/pnas.1313759110	requires_pubmed_lookup	missing							pubmed	exact_pmid_efetch	24101476	none
3947	publication_component:citation:publication:doi:10.1073/pnas.1314781111	requires_pubmed_lookup	missing							pubmed	exact_pmid_efetch	24324165	none
3948	publication_component:citation:publication:doi:10.1073/pnas.1316687110	requires_pubmed_lookup	missing							pubmed	exact_pmid_efetch	24167248	none
3949	publication_component:citation:publication:doi:10.1073/pnas.1319227111	requires_pubmed_lookup	missing							pubmed	exact_pmid_efetch	24825885	none
3950	publication_component:citation:publication:doi:10.1073/pnas.1320369110	requires_pubmed_lookup	missing							pubmed	exact_pmid_efetch	24297887	none
3951	publication_component:citation:publication:doi:10.1073/pnas.1320393111	requires_pubmed_lookup	missing							pubmed	exact_pmid_efetch	24550457	none
3952	publication_component:citation:publication:doi:10.1073/pnas.1321420111	requires_pubmed_lookup	missing							pubmed	exact_pmid_efetch	24711408	none
3953	publication_component:citation:publication:doi:10.1073/pnas.1405838111	requires_pubmed_lookup	missing							pubmed	exact_pmid_efetch	25053814	none
3954	publication_component:citation:publication:doi:10.1073/pnas.1410083111	requires_pubmed_lookup	missing							pubmed	exact_pmid_efetch	25385592	none
3955	publication_component:citation:publication:doi:10.1073/pnas.1412268111	requires_pubmed_lookup	missing							pubmed	exact_pmid_efetch	25267646	none
3956	publication_component:citation:publication:doi:10.1073/pnas.1412627111	requires_pubmed_lookup	missing							pubmed	exact_pmid_efetch	25453089	none
3957	publication_component:citation:publication:doi:10.1073/pnas.1412662111	requires_pubmed_lookup	missing							pubmed	exact_pmid_efetch	25368161	none
3958	publication_component:citation:publication:doi:10.1073/pnas.1412768111	requires_pubmed_lookup	missing							pubmed	exact_pmid_efetch	25288768	none
3959	publication_component:citation:publication:doi:10.1073/pnas.1417000112	requires_pubmed_lookup	missing							pubmed	exact_pmid_efetch	25605903	none
3960	publication_component:citation:publication:doi:10.1073/pnas.1419399112	requires_pubmed_lookup	missing							pubmed	exact_pmid_efetch	25535371	none
3961	publication_component:citation:publication:doi:10.1073/pnas.1419659112	requires_pubmed_lookup	missing							pubmed	exact_pmid_efetch	25991861	none
3962	publication_component:citation:publication:doi:10.1073/pnas.1423628112	requires_pubmed_lookup	missing							pubmed	exact_pmid_efetch	25583503	none
3963	publication_component:citation:publication:doi:10.1073/pnas.1424656112	requires_pubmed_lookup	missing							pubmed	exact_pmid_efetch	25624509	none
3964	publication_component:citation:publication:doi:10.1073/pnas.1501764112	requires_pubmed_lookup	missing							pubmed	exact_pmid_efetch	25733869	none
3965	publication_component:citation:publication:doi:10.1073/pnas.1504491112	requires_pubmed_lookup	missing							pubmed	exact_pmid_efetch	26100885	none
3966	publication_component:citation:publication:doi:10.1073/pnas.1505811112	requires_pubmed_lookup	missing							pubmed	exact_pmid_efetch	25902549	none
3967	publication_component:citation:publication:doi:10.1073/pnas.1510338112	requires_pubmed_lookup	missing							pubmed	exact_pmid_efetch	26100871	none
3968	publication_component:citation:publication:doi:10.1073/pnas.1511903112	requires_pubmed_lookup	missing							pubmed	exact_pmid_efetch	26504230	none
3969	publication_component:citation:publication:doi:10.1073/pnas.1512096113	requires_pubmed_lookup	missing							pubmed	exact_pmid_efetch	26884192	none
3970	publication_component:citation:publication:doi:10.1073/pnas.1513284113	requires_pubmed_lookup	missing							pubmed	exact_pmid_efetch	26715746	none
3971	publication_component:citation:publication:doi:10.1073/pnas.1518240113	requires_pubmed_lookup	missing							pubmed	exact_pmid_efetch	26903655	none
3972	publication_component:citation:publication:doi:10.1073/pnas.1519332113	requires_pubmed_lookup	missing							pubmed	exact_pmid_efetch	26979956	none
3973	publication_component:citation:publication:doi:10.1073/pnas.1519508113	requires_pubmed_lookup	missing							pubmed	exact_pmid_efetch	27162355	none
3974	publication_component:citation:publication:doi:10.1073/pnas.1604666113	requires_pubmed_lookup	missing							pubmed	exact_pmid_efetch	27457936	none
3975	publication_component:citation:publication:doi:10.1073/pnas.1604939113	requires_pubmed_lookup	missing							pubmed	exact_pmid_efetch	27621475	none
3976	publication_component:citation:publication:doi:10.1073/pnas.1605739113	requires_pubmed_lookup	missing							pubmed	exact_pmid_efetch	27681623	none
3977	publication_component:citation:publication:doi:10.1073/pnas.1608337113	requires_pubmed_lookup	missing							pubmed	exact_pmid_efetch	27357670	none
3978	publication_component:citation:publication:doi:10.1073/pnas.1608765113	requires_pubmed_lookup	missing							pubmed	exact_pmid_efetch	27791104	none
3979	publication_component:citation:publication:doi:10.1073/pnas.1610600114	requires_pubmed_lookup	missing							pubmed	exact_pmid_efetch	28584112	none
3980	publication_component:citation:publication:doi:10.1073/pnas.1613870114	requires_pubmed_lookup	missing							pubmed	exact_pmid_efetch	28096377	none
3981	publication_component:citation:publication:doi:10.1073/pnas.1613937114	requires_pubmed_lookup	missing							pubmed	exact_pmid_efetch	28053228	none
3982	publication_component:citation:publication:doi:10.1073/pnas.1614787114	requires_pubmed_lookup	missing							pubmed	exact_pmid_efetch	28167781	none
3983	publication_component:citation:publication:doi:10.1073/pnas.1615832113	requires_pubmed_lookup	missing							pubmed	exact_pmid_efetch	27799560	none
3984	publication_component:citation:publication:doi:10.1073/pnas.1616744114	requires_pubmed_lookup	missing							pubmed	exact_pmid_efetch	28808022	none
3985	publication_component:citation:publication:doi:10.1073/pnas.1700990114	requires_pubmed_lookup	missing							pubmed	exact_pmid_efetch	28630351	none
3986	publication_component:citation:publication:doi:10.1073/pnas.1702072114	requires_pubmed_lookup	missing							pubmed	exact_pmid_efetch	28507139	none
3987	publication_component:citation:publication:doi:10.1073/pnas.1702591114	requires_pubmed_lookup	missing							pubmed	exact_pmid_efetch	28847945	none
3988	publication_component:citation:publication:doi:10.1073/pnas.1704009114	requires_pubmed_lookup	missing							pubmed	exact_pmid_efetch	28652375	none
3989	publication_component:citation:publication:doi:10.1073/pnas.1704632114	requires_pubmed_lookup	missing							pubmed	exact_pmid_efetch	28673970	none
3990	publication_component:citation:publication:doi:10.1073/pnas.1704925114	requires_pubmed_lookup	missing							pubmed	exact_pmid_efetch	28652353	none
3991	publication_component:citation:publication:doi:10.1073/pnas.1705765114	requires_pubmed_lookup	missing							pubmed	exact_pmid_efetch	28642345	none
3992	publication_component:citation:publication:doi:10.1073/pnas.1706502114	requires_pubmed_lookup	missing							pubmed	exact_pmid_efetch	29078298	none
3993	publication_component:citation:publication:doi:10.1073/pnas.1709061115	requires_pubmed_lookup	missing							pubmed	exact_pmid_efetch	29348201	none
3994	publication_component:citation:publication:doi:10.1073/pnas.1714373115	requires_pubmed_lookup	missing							pubmed	exact_pmid_efetch	29378945	none
3995	publication_component:citation:publication:doi:10.1073/pnas.1717721115	requires_pubmed_lookup	missing							pubmed	exact_pmid_efetch	29483264	none
3996	publication_component:citation:publication:doi:10.1073/pnas.1719358115	requires_pubmed_lookup	missing							pubmed	exact_pmid_efetch	29760103	none
3997	publication_component:citation:publication:doi:10.1073/pnas.1719588115	requires_pubmed_lookup	missing							pubmed	exact_pmid_efetch	29463716	none
3998	publication_component:citation:publication:doi:10.1073/pnas.1719622115	requires_pubmed_lookup	missing							pubmed	exact_pmid_efetch	29678829	none
3999	publication_component:citation:publication:doi:10.1073/pnas.1720324115	requires_pubmed_lookup	missing							pubmed	exact_pmid_efetch	29507206	none
4000	publication_component:citation:publication:doi:10.1073/pnas.1721333115	requires_pubmed_lookup	missing							pubmed	exact_pmid_efetch	29793939	none
4001	publication_component:citation:publication:doi:10.1073/pnas.1802555115	requires_pubmed_lookup	missing							pubmed	exact_pmid_efetch	29866821	none
4002	publication_component:citation:publication:doi:10.1073/pnas.1805348115	requires_pubmed_lookup	missing							pubmed	exact_pmid_efetch	30065117	none
4003	publication_component:citation:publication:doi:10.1073/pnas.1806040115	requires_pubmed_lookup	missing							pubmed	exact_pmid_efetch	30068603	none
4004	publication_component:citation:publication:doi:10.1073/pnas.1806133115	requires_pubmed_lookup	missing							pubmed	exact_pmid_efetch	30104379	none
4005	publication_component:citation:publication:doi:10.1073/pnas.1807864116	requires_pubmed_lookup	missing							pubmed	exact_pmid_efetch	30796191	none
4006	publication_component:citation:publication:doi:10.1073/pnas.1810053115	requires_pubmed_lookup	missing							pubmed	exact_pmid_efetch	30127015	none
4007	publication_component:citation:publication:doi:10.1073/pnas.1812855115	requires_pubmed_lookup	missing							pubmed	exact_pmid_efetch	30530679	none
4008	publication_component:citation:publication:doi:10.1073/pnas.1812865115	requires_pubmed_lookup	missing							pubmed	exact_pmid_efetch	30478041	none
4009	publication_component:citation:publication:doi:10.1073/pnas.1813593115	requires_pubmed_lookup	missing							pubmed	exact_pmid_efetch	30348757	none
4010	publication_component:citation:publication:doi:10.1073/pnas.1813836116	requires_pubmed_lookup	missing							pubmed	exact_pmid_efetch	30808804	none
4011	publication_component:citation:publication:doi:10.1073/pnas.1814995116	requires_pubmed_lookup	missing							pubmed	exact_pmid_efetch	31113885	none
4012	publication_component:citation:publication:doi:10.1073/pnas.1815820115	requires_pubmed_lookup	missing							pubmed	exact_pmid_efetch	30478043	none
4013	publication_component:citation:publication:doi:10.1073/pnas.1816086116	requires_pubmed_lookup	missing							pubmed	exact_pmid_efetch	30808754	none
4014	publication_component:citation:publication:doi:10.1073/pnas.1816822116	requires_pubmed_lookup	missing							pubmed	exact_pmid_efetch	30598433	none
4015	publication_component:citation:publication:doi:10.1073/pnas.1817580116	requires_pubmed_lookup	missing							pubmed	exact_pmid_efetch	30894495	none
4016	publication_component:citation:publication:doi:10.1073/pnas.1817733116	requires_pubmed_lookup	missing							pubmed	exact_pmid_efetch	31023888	none
4017	publication_component:citation:publication:doi:10.1073/pnas.1900481116	requires_pubmed_lookup	missing							pubmed	exact_pmid_efetch	31182589	none
4018	publication_component:citation:publication:doi:10.1073/pnas.1902346116	requires_pubmed_lookup	missing							pubmed	exact_pmid_efetch	31341085	none
4019	publication_component:citation:publication:doi:10.1073/pnas.1904246116	requires_pubmed_lookup	missing							pubmed	exact_pmid_efetch	31578251	none
4020	publication_component:citation:publication:doi:10.1073/pnas.1906117116	requires_pubmed_lookup	missing							pubmed	exact_pmid_efetch	31772017	none
4021	publication_component:citation:publication:doi:10.1073/pnas.1906559116	requires_pubmed_lookup	missing							pubmed	exact_pmid_efetch	31501324	none
4022	publication_component:citation:publication:doi:10.1073/pnas.1907847116	requires_pubmed_lookup	missing							pubmed	exact_pmid_efetch	31636187	none
4023	publication_component:citation:publication:doi:10.1073/pnas.1908755116	requires_pubmed_lookup	missing							pubmed	exact_pmid_efetch	31451672	none
4024	publication_component:citation:publication:doi:10.1073/pnas.1912503116	requires_pubmed_lookup	missing							pubmed	exact_pmid_efetch	31767754	none
4025	publication_component:citation:publication:doi:10.1073/pnas.1916585116	requires_pubmed_lookup	missing							pubmed	exact_pmid_efetch	31843889	none
4026	publication_component:citation:publication:doi:10.1073/pnas.1916786117	requires_pubmed_lookup	missing							pubmed	exact_pmid_efetch	32123117	none
4027	publication_component:citation:publication:doi:10.1073/pnas.1917303117	requires_pubmed_lookup	missing							pubmed	exact_pmid_efetch	32241889	none
4028	publication_component:citation:publication:doi:10.1073/pnas.1918763117	requires_pubmed_lookup	missing							pubmed	exact_pmid_efetch	32229557	none
4029	publication_component:citation:publication:doi:10.1073/pnas.1919198117	requires_pubmed_lookup	missing							pubmed	exact_pmid_efetch	32156726	none
4030	publication_component:citation:publication:doi:10.1073/pnas.1919287117	requires_pubmed_lookup	missing							pubmed	exact_pmid_efetch	32366663	none
4031	publication_component:citation:publication:doi:10.1073/pnas.2003352117	requires_pubmed_lookup	missing							pubmed	exact_pmid_efetch	33106404	none
4032	publication_component:citation:publication:doi:10.1073/pnas.2006511117	requires_pubmed_lookup	missing							pubmed	exact_pmid_efetch	33328271	none
4033	publication_component:citation:publication:doi:10.1073/pnas.2009677117	requires_pubmed_lookup	missing							pubmed	exact_pmid_efetch	33106412	none
4034	publication_component:citation:publication:doi:10.1073/pnas.2009925117	requires_pubmed_lookup	missing							pubmed	exact_pmid_efetch	32938798	none
4035	publication_component:citation:publication:doi:10.1073/pnas.2010146117	requires_pubmed_lookup	missing							pubmed	exact_pmid_efetch	32826334	none
4036	publication_component:citation:publication:doi:10.1073/pnas.2010761117	requires_pubmed_lookup	missing							pubmed	exact_pmid_efetch	33229585	none
4037	publication_component:citation:publication:doi:10.1073/pnas.2012398118	requires_pubmed_lookup	missing							pubmed	exact_pmid_efetch	33753478	none
4038	publication_component:citation:publication:doi:10.1073/pnas.201392198	requires_pubmed_lookup	missing							pubmed	exact_pmid_efetch	11553790	none
4039	publication_component:citation:publication:doi:10.1073/pnas.2017384118	requires_pubmed_lookup	missing							pubmed	exact_pmid_efetch	34108239	none
4040	publication_component:citation:publication:doi:10.1073/pnas.2019158118	requires_pubmed_lookup	missing							pubmed	exact_pmid_efetch	33558418	none
4041	publication_component:citation:publication:doi:10.1073/pnas.2021390118	requires_pubmed_lookup	missing							pubmed	exact_pmid_efetch	34183409	none
4042	publication_component:citation:publication:doi:10.1073/pnas.2021516118	requires_pubmed_lookup	missing							pubmed	exact_pmid_efetch	33479172	none
4043	publication_component:citation:publication:doi:10.1073/pnas.2022117118	requires_pubmed_lookup	missing							pubmed	exact_pmid_efetch	34162703	none
4044	publication_component:citation:publication:doi:10.1073/pnas.2022302118	requires_pubmed_lookup	missing							pubmed	exact_pmid_efetch	33941644	none
4045	publication_component:citation:publication:doi:10.1073/pnas.2023575118	requires_pubmed_lookup	missing							pubmed	exact_pmid_efetch	33972434	none
4046	publication_component:citation:publication:doi:10.1073/pnas.2023918118	requires_pubmed_lookup	missing							pubmed	exact_pmid_efetch	34873033	none
4047	publication_component:citation:publication:doi:10.1073/pnas.2023936118	requires_pubmed_lookup	missing							pubmed	exact_pmid_efetch	33753505	none
4048	publication_component:citation:publication:doi:10.1073/pnas.2026029118	requires_pubmed_lookup	missing							pubmed	exact_pmid_efetch	34535549	none
4049	publication_component:citation:publication:doi:10.1073/pnas.2100712118	requires_pubmed_lookup	missing							pubmed	exact_pmid_efetch	34011609	none
4050	publication_component:citation:publication:doi:10.1073/pnas.2101177118	requires_pubmed_lookup	missing							pubmed	exact_pmid_efetch	34725254	none
4051	publication_component:citation:publication:doi:10.1073/pnas.2101767118	requires_pubmed_lookup	missing							pubmed	exact_pmid_efetch	33986115	none
4052	publication_component:citation:publication:doi:10.1073/pnas.2105431118	requires_pubmed_lookup	missing							pubmed	exact_pmid_efetch	34697247	none
4053	publication_component:citation:publication:doi:10.1073/pnas.2109204118	requires_pubmed_lookup	missing							pubmed	exact_pmid_efetch	34548402	none
4054	publication_component:citation:publication:doi:10.1073/pnas.2114401119	requires_pubmed_lookup	missing							pubmed	exact_pmid_efetch	35217607	none
4055	publication_component:citation:publication:doi:10.1073/pnas.2116342119	requires_pubmed_lookup	missing							pubmed	exact_pmid_efetch	35286217	none
4056	publication_component:citation:publication:doi:10.1073/pnas.2116681119	requires_pubmed_lookup	missing							pubmed	exact_pmid_efetch	35994669	none
4057	publication_component:citation:publication:doi:10.1073/pnas.2119210119	requires_pubmed_lookup	missing							pubmed	exact_pmid_efetch	35193982	none
4058	publication_component:citation:publication:doi:10.1073/pnas.2119671119	requires_pubmed_lookup	missing							pubmed	exact_pmid_efetch	35363565	none
4059	publication_component:citation:publication:doi:10.1073/pnas.2121241119	requires_pubmed_lookup	missing							pubmed	exact_pmid_efetch	35639693	none
4060	publication_component:citation:publication:doi:10.1073/pnas.2121335119	requires_pubmed_lookup	missing							pubmed	exact_pmid_efetch	35639694	none
4061	publication_component:citation:publication:doi:10.1073/pnas.2123030119	requires_pubmed_lookup	missing							pubmed	exact_pmid_efetch	36161902	none
4062	publication_component:citation:publication:doi:10.1073/pnas.2123248119	requires_pubmed_lookup	missing							pubmed	exact_pmid_efetch	35486690	none
4063	publication_component:citation:publication:doi:10.1073/pnas.2201113119	requires_pubmed_lookup	missing							pubmed	exact_pmid_efetch	35533275	none
4064	publication_component:citation:publication:doi:10.1073/pnas.2204336119	requires_pubmed_lookup	missing							pubmed	exact_pmid_efetch	35858382	none
4065	publication_component:citation:publication:doi:10.1073/pnas.2204993119	requires_pubmed_lookup	missing							pubmed	exact_pmid_efetch	36322765	none
4066	publication_component:citation:publication:doi:10.1073/pnas.2205986119	requires_pubmed_lookup	missing							pubmed	exact_pmid_efetch	35969758	none
4067	publication_component:citation:publication:doi:10.1073/pnas.2206610119	requires_pubmed_lookup	missing							pubmed	exact_pmid_efetch	35947637	none
4068	publication_component:citation:publication:doi:10.1073/pnas.2206945119	requires_pubmed_lookup	missing							pubmed	exact_pmid_efetch	36693089	none
4069	publication_component:citation:publication:doi:10.1073/pnas.2208496119	requires_pubmed_lookup	missing							pubmed	exact_pmid_efetch	36122204	none
4070	publication_component:citation:publication:doi:10.1073/pnas.2212406119	requires_pubmed_lookup	missing							pubmed	exact_pmid_efetch	36346846	none
4071	publication_component:citation:publication:doi:10.1073/pnas.2212633120	requires_pubmed_lookup	missing							pubmed	exact_pmid_efetch	36595674	none
4072	publication_component:citation:publication:doi:10.1073/pnas.2213096119	requires_pubmed_lookup	missing							pubmed	exact_pmid_efetch	36508678	none
4073	publication_component:citation:publication:doi:10.1073/pnas.2213887120	requires_pubmed_lookup	missing							pubmed	exact_pmid_efetch	36669098	none
4074	publication_component:citation:publication:doi:10.1073/pnas.2214977120	requires_pubmed_lookup	missing							pubmed	exact_pmid_efetch	36897968	none
4075	publication_component:citation:publication:doi:10.1073/pnas.2215828120	requires_pubmed_lookup	missing							pubmed	exact_pmid_efetch	37155880	none
4076	publication_component:citation:publication:doi:10.1073/pnas.2217194120	requires_pubmed_lookup	missing							pubmed	exact_pmid_efetch	36800387	none
4077	publication_component:citation:publication:doi:10.1073/pnas.2219469120	requires_pubmed_lookup	missing							pubmed	exact_pmid_efetch	37126718	none
4078	publication_component:citation:publication:doi:10.1073/pnas.2221166120	requires_pubmed_lookup	missing							pubmed	exact_pmid_efetch	37155838	none
4079	publication_component:citation:publication:doi:10.1073/pnas.2221683120	requires_pubmed_lookup	missing							pubmed	exact_pmid_efetch	37216548	none
4080	publication_component:citation:publication:doi:10.1073/pnas.2301394120	requires_pubmed_lookup	missing							pubmed	exact_pmid_efetch	37399390	none
4081	publication_component:citation:publication:doi:10.1073/pnas.2304177120	requires_pubmed_lookup	missing							pubmed	exact_pmid_efetch	37487088	none
4082	publication_component:citation:publication:doi:10.1073/pnas.2304687120	requires_pubmed_lookup	missing							pubmed	exact_pmid_efetch	37487089	none
4083	publication_component:citation:publication:doi:10.1073/pnas.2310763120	requires_pubmed_lookup	missing							pubmed	exact_pmid_efetch	38165928	none
4084	publication_component:citation:publication:doi:10.1073/pnas.2312468120	requires_pubmed_lookup	missing							pubmed	exact_pmid_efetch	38306477	none
4085	publication_component:citation:publication:doi:10.1073/pnas.2312607121	requires_pubmed_lookup	missing							pubmed	exact_pmid_efetch	38236735	none
4086	publication_component:citation:publication:doi:10.1073/pnas.2313921121	requires_pubmed_lookup	missing							pubmed	exact_pmid_efetch	38568968	none
4087	publication_component:citation:publication:doi:10.1073/pnas.2317240121	requires_pubmed_lookup	missing							pubmed	exact_pmid_efetch	38427600	none
4088	publication_component:citation:publication:doi:10.1073/pnas.2317851121	requires_pubmed_lookup	missing							pubmed	exact_pmid_efetch	38416684	none
4089	publication_component:citation:publication:doi:10.1073/pnas.2317954121	requires_pubmed_lookup	missing							pubmed	exact_pmid_efetch	38683976	none
4090	publication_component:citation:publication:doi:10.1073/pnas.2318857121	requires_pubmed_lookup	missing							pubmed	exact_pmid_efetch	38437547	none
4091	publication_component:citation:publication:doi:10.1073/pnas.2319506121	requires_pubmed_lookup	missing							pubmed	exact_pmid_efetch	38557186	none
4092	publication_component:citation:publication:doi:10.1073/pnas.2321619121	requires_pubmed_lookup	missing							pubmed	exact_pmid_efetch	38833475	none
4093	publication_component:citation:publication:doi:10.1073/pnas.2409843121	requires_pubmed_lookup	missing							pubmed	exact_pmid_efetch	39288183	none
4094	publication_component:citation:publication:doi:10.1073/pnas.2414761122	requires_pubmed_lookup	missing							pubmed	exact_pmid_efetch	40402243	none
4095	publication_component:citation:publication:doi:10.1073/pnas.2415717122	requires_pubmed_lookup	missing							pubmed	exact_pmid_efetch	39793087	none
4096	publication_component:citation:publication:doi:10.1073/pnas.2415979122	requires_pubmed_lookup	missing							pubmed	exact_pmid_efetch	40440075	none
4097	publication_component:citation:publication:doi:10.1073/pnas.2417264122	requires_pubmed_lookup	missing							pubmed	exact_pmid_efetch	39883846	none
4098	publication_component:citation:publication:doi:10.1073/pnas.2418254122	requires_pubmed_lookup	missing							pubmed	exact_pmid_efetch	40986350	none
4099	publication_component:citation:publication:doi:10.1073/pnas.2419696122	requires_pubmed_lookup	missing							pubmed	exact_pmid_efetch	40402244	none
4100	publication_component:citation:publication:doi:10.1073/pnas.2419716122	requires_pubmed_lookup	missing							pubmed	exact_pmid_efetch	40279387	none
4101	publication_component:citation:publication:doi:10.1073/pnas.2419860122	requires_pubmed_lookup	missing							pubmed	exact_pmid_efetch	39928860	none
4102	publication_component:citation:publication:doi:10.1073/pnas.2420078121	requires_pubmed_lookup	missing							pubmed	exact_pmid_efetch	39576350	none
4103	publication_component:citation:publication:doi:10.1073/pnas.2421446122	requires_pubmed_lookup	missing							pubmed	exact_pmid_efetch	39928872	none
4104	publication_component:citation:publication:doi:10.1073/pnas.2423386122	requires_pubmed_lookup	missing							pubmed	exact_pmid_efetch	40339119	none
4105	publication_component:citation:publication:doi:10.1073/pnas.2423818122	requires_pubmed_lookup	missing							pubmed	exact_pmid_efetch	40854139	none
4106	publication_component:citation:publication:doi:10.1073/pnas.2501394122	requires_pubmed_lookup	missing							pubmed	exact_pmid_efetch	40314983	none
4107	publication_component:citation:publication:doi:10.1073/pnas.2501433122	requires_pubmed_lookup	missing							pubmed	exact_pmid_efetch	41248286	none
4108	publication_component:citation:publication:doi:10.1073/pnas.2501435122	requires_pubmed_lookup	missing							pubmed	exact_pmid_efetch	40773234	none
4109	publication_component:citation:publication:doi:10.1073/pnas.2502129122	requires_pubmed_lookup	missing							pubmed	exact_pmid_efetch	40663609	none
4110	publication_component:citation:publication:doi:10.1073/pnas.2502688122	requires_pubmed_lookup	missing							pubmed	exact_pmid_efetch	41071658	none
4111	publication_component:citation:publication:doi:10.1073/pnas.2503746122	requires_pubmed_lookup	missing							pubmed	exact_pmid_efetch	40720643	none
4112	publication_component:citation:publication:doi:10.1073/pnas.2508783122	requires_pubmed_lookup	missing							pubmed	exact_pmid_efetch	40920921	none
4113	publication_component:citation:publication:doi:10.1073/pnas.2512820122	requires_pubmed_lookup	missing							pubmed	exact_pmid_efetch	40996803	none
4114	publication_component:citation:publication:doi:10.1073/pnas.2513640122	requires_pubmed_lookup	missing							pubmed	exact_pmid_efetch	41325521	none
4115	publication_component:citation:publication:doi:10.1073/pnas.2519291122	requires_pubmed_lookup	missing							pubmed	exact_pmid_efetch	41052354	none
4116	publication_component:citation:publication:doi:10.1073/pnas.2520645123	requires_pubmed_lookup	missing							pubmed	exact_pmid_efetch	41774808	none
4117	publication_component:citation:publication:doi:10.1073/pnas.2521306123	requires_pubmed_lookup	missing							pubmed	exact_pmid_efetch	41512038	none
4118	publication_component:citation:publication:doi:10.1073/pnas.2525299123	requires_pubmed_lookup	missing							pubmed	exact_pmid_efetch	41686477	none
4119	publication_component:citation:publication:doi:10.1073/pnas.2533820123	requires_pubmed_lookup	missing							pubmed	exact_pmid_efetch	42081724	none
4120	publication_component:citation:publication:doi:10.1073/pnas.2534611123	requires_pubmed_lookup	missing							pubmed	exact_pmid_efetch	41818139	none
4121	publication_component:citation:publication:doi:10.1073/pnas.2537999123	requires_pubmed_lookup	missing							pubmed	exact_pmid_efetch	41996162	none
4122	publication_component:citation:publication:doi:10.1073/pnas.2601272123	requires_pubmed_lookup	missing							pubmed	exact_pmid_efetch	42154556	none
4123	publication_component:citation:publication:doi:10.1073/pnas.2602557123	requires_pubmed_lookup	missing							pubmed	exact_pmid_efetch	42441853	none
4124	publication_component:citation:publication:doi:10.1074/jbc.m109.052738	requires_pubmed_lookup	missing							pubmed	exact_pmid_efetch	19723631	none
4125	publication_component:citation:publication:doi:10.1074/jbc.m109.081851	requires_pubmed_lookup	missing							pubmed	exact_pmid_efetch	20145247	none
4126	publication_component:citation:publication:doi:10.1074/jbc.m111.244483	requires_pubmed_lookup	missing							pubmed	exact_pmid_efetch	21527638	none
4127	publication_component:citation:publication:doi:10.1074/jbc.m111.310250	requires_pubmed_lookup	missing							pubmed	exact_pmid_efetch	22081608	none
4128	publication_component:citation:publication:doi:10.1074/jbc.m112.433987	requires_pubmed_lookup	missing							pubmed	exact_pmid_efetch	23640894	none
4129	publication_component:citation:publication:doi:10.1074/jbc.m113.456863	requires_pubmed_lookup	missing							pubmed	exact_pmid_efetch	23846689	none
4130	publication_component:citation:publication:doi:10.1074/jbc.m113.468371	requires_pubmed_lookup	missing							pubmed	exact_pmid_efetch	23720749	none
4131	publication_component:citation:publication:doi:10.1074/jbc.m113.503359	requires_pubmed_lookup	missing							pubmed	exact_pmid_efetch	24338473	none
4132	publication_component:citation:publication:doi:10.1074/jbc.m117.799346	requires_pubmed_lookup	missing							pubmed	exact_pmid_efetch	28747436	none
4133	publication_component:citation:publication:doi:10.1074/jbc.ra118.005695	requires_pubmed_lookup	missing							pubmed	exact_pmid_efetch	30291143	none
4134	publication_component:citation:publication:doi:10.1074/mcp.m111.012054	requires_pubmed_lookup	missing							pubmed	exact_pmid_efetch	21969612	none
4135	publication_component:citation:publication:doi:10.1074/mcp.m112.023135	requires_pubmed_lookup	missing							pubmed	exact_pmid_efetch	23242553	none
4136	publication_component:citation:publication:doi:10.1074/mcp.m112.023143	requires_pubmed_lookup	missing							pubmed	exact_pmid_efetch	23547263	none
4137	publication_component:citation:publication:doi:10.1074/mcp.ra118.001098	requires_pubmed_lookup	missing							pubmed	exact_pmid_efetch	30760537	none
4138	publication_component:citation:publication:doi:10.1080/00218839.2025.2477412	requires_openalex_lookup	not_applicable							openalex	exact_work_id	W4408673650	none
4139	publication_component:citation:publication:doi:10.1080/00222930802478669	requires_openalex_lookup	not_applicable							openalex	exact_work_id	W2029377984	none
4140	publication_component:citation:publication:doi:10.1080/01584197.2019.1686994	requires_openalex_lookup	not_applicable							openalex	exact_work_id	W2990671436	none
4141	publication_component:citation:publication:doi:10.1080/01614940.2024.2313603	requires_openalex_lookup	not_applicable							openalex	exact_work_id	W4391931424	none
4142	publication_component:citation:publication:doi:10.1080/01652176.2024.2318198	requires_pubmed_lookup	missing							pubmed	exact_pmid_efetch	38465827	none
4143	publication_component:citation:publication:doi:10.1080/01677063.2017.1398241	requires_pubmed_lookup	missing							pubmed	exact_pmid_efetch	29168413	none
4144	publication_component:citation:publication:doi:10.1080/02664763.2011.567253	requires_openalex_lookup	not_applicable							openalex	exact_work_id	W2036355768	none
4145	publication_component:citation:publication:doi:10.1080/03079457.2023.2236568	requires_pubmed_lookup	missing							pubmed	exact_pmid_efetch	37565466	none
4146	publication_component:citation:publication:doi:10.1080/07391102.2016.1222968	requires_pubmed_lookup	missing							pubmed	exact_pmid_efetch	27632363	none
4147	publication_component:citation:publication:doi:10.1080/07391102.2020.1749129	requires_pubmed_lookup	missing							pubmed	exact_pmid_efetch	32223527	none
4148	publication_component:citation:publication:doi:10.1080/07391102.2021.1982772	requires_pubmed_lookup	missing							pubmed	exact_pmid_efetch	34596010	none
4149	publication_component:citation:publication:doi:10.1080/07391102.2023.2194002	requires_pubmed_lookup	missing							pubmed	exact_pmid_efetch	37021361	none
4150	publication_component:citation:publication:doi:10.1080/07391102.2023.2235605	requires_pubmed_lookup	missing							pubmed	exact_pmid_efetch	37464885	none
4151	publication_component:citation:publication:doi:10.1080/09168451.2014.896732	requires_pubmed_lookup	missing							pubmed	exact_pmid_efetch	25036954	none
4152	publication_component:citation:publication:doi:10.1080/09537104.2018.1457783	requires_pubmed_lookup	missing							pubmed	exact_pmid_efetch	29617175	none
4153	publication_component:citation:publication:doi:10.1080/09670262.2018.1539526	requires_openalex_lookup	not_applicable							openalex	exact_work_id	W2917654992	none
4154	publication_component:citation:publication:doi:10.1080/09670262.2019.1663269	requires_openalex_lookup	not_applicable							openalex	exact_work_id	W2986580899	none
4155	publication_component:citation:publication:doi:10.1080/09670262.2022.2035825	requires_openalex_lookup	not_applicable							openalex	exact_work_id	W4226184180	none
4156	publication_component:citation:publication:doi:10.1080/09712119.2013.782868	requires_openalex_lookup	not_applicable							openalex	exact_work_id	W2052428754	none
4157	publication_component:citation:publication:doi:10.1080/10495398.2017.1285307	requires_pubmed_lookup	missing							pubmed	exact_pmid_efetch	28267411	none
4158	publication_component:citation:publication:doi:10.1080/106351500750049752	requires_pubmed_lookup	missing							pubmed	exact_pmid_efetch	12116432	none
4159	publication_component:citation:publication:doi:10.1080/10635150290102339	requires_pubmed_lookup	missing							pubmed	exact_pmid_efetch	12228001	none
4160	publication_component:citation:publication:doi:10.1080/10635150290102375	requires_pubmed_lookup	missing							pubmed	exact_pmid_efetch	12396585	none
4161	publication_component:citation:publication:doi:10.1080/10635150390192780	requires_pubmed_lookup	missing							pubmed	exact_pmid_efetch	12746144	none
4162	publication_component:citation:publication:doi:10.1080/10635150390238879	requires_pubmed_lookup	missing							pubmed	exact_pmid_efetch	14530132	none
4163	publication_component:citation:publication:doi:10.1080/10635150701613783	requires_pubmed_lookup	missing							pubmed	exact_pmid_efetch	17886144	none
4164	publication_component:citation:publication:doi:10.1080/106351599260193	resolved_cached_openalex	not_applicable	openalex	exact_doi	479553f7093c5fb9af94a0459fe765d63caa201b5ef0f9297bdb1e89a04e60c5	lookup:e616bacbe37c450647221da56be8bd171b133e6e85f512f14371f1ffb40fc9a0	ok	usable_abstract_openalex				none
4165	publication_component:citation:publication:doi:10.1080/12298093.2023.2272380	requires_pubmed_lookup	missing							pubmed	exact_pmid_efetch	38179115	none
4166	publication_component:citation:publication:doi:10.1080/13102818.2021.1879676	requires_openalex_lookup	not_applicable							openalex	exact_work_id	W3135162178	none
4167	publication_component:citation:publication:doi:10.1080/13416979.2022.2028707	requires_openalex_lookup	not_applicable							openalex	exact_work_id	W4210242393	none
4168	publication_component:citation:publication:doi:10.1080/14620316.2017.1338923	requires_openalex_lookup	not_applicable							openalex	exact_work_id	W2655608222	none
4169	publication_component:citation:publication:doi:10.1080/15476286.2015.1017215	requires_pubmed_lookup	missing							pubmed	exact_pmid_efetch	25826567	none
4170	publication_component:citation:publication:doi:10.1080/15476286.2017.1349047	requires_pubmed_lookup	missing							pubmed	exact_pmid_efetch	28722509	none
4171	publication_component:citation:publication:doi:10.1080/15476286.2018.1493331	requires_pubmed_lookup	missing							pubmed	exact_pmid_efetch	30103650	none
4172	publication_component:citation:publication:doi:10.1080/15476286.2023.2221511	requires_pubmed_lookup	missing							pubmed	exact_pmid_efetch	37294214	none
4173	publication_component:citation:publication:doi:10.1080/15548627.2026.2618126	requires_pubmed_lookup	missing							pubmed	exact_pmid_efetch	41550068	none
4174	publication_component:citation:publication:doi:10.1080/15592294.2014.1003744	requires_pubmed_lookup	missing							pubmed	exact_pmid_efetch	25634226	none
4175	publication_component:citation:publication:doi:10.1080/17460794.2024.2357931	requires_openalex_lookup	not_applicable							openalex	exact_work_id	W4399743063	none
4176	publication_component:citation:publication:doi:10.1080/17550874.2012.727875	requires_openalex_lookup	not_applicable							openalex	exact_work_id	W2146823795	none
4177	publication_component:citation:publication:doi:10.1080/17550874.2021.2012849	requires_openalex_lookup	not_applicable							openalex	exact_work_id	W4200516861	none
4178	publication_component:citation:publication:doi:10.1080/19336934.2015.1120931	requires_pubmed_lookup	missing							pubmed	exact_pmid_efetch	26695093	none
4179	publication_component:citation:publication:doi:10.1080/19490976.2024.2442522	requires_pubmed_lookup	missing							pubmed	exact_pmid_efetch	39722539	none
4180	publication_component:citation:publication:doi:10.1080/19768354.2026.2620255	requires_pubmed_lookup	missing							pubmed	exact_pmid_efetch	41635896	none
4181	publication_component:citation:publication:doi:10.1080/19768354.2026.2643995	requires_pubmed_lookup	missing							pubmed	exact_pmid_efetch	41878218	none
4182	publication_component:citation:publication:doi:10.1080/21505594.2021.1911477	requires_pubmed_lookup	missing							pubmed	exact_pmid_efetch	34030593	none
4183	publication_component:citation:publication:doi:10.1080/21505594.2024.2395837	requires_pubmed_lookup	missing							pubmed	exact_pmid_efetch	39240070	none
4184	publication_component:citation:publication:doi:10.1080/21505594.2025.2497901	requires_pubmed_lookup	missing							pubmed	exact_pmid_efetch	40320374	none
4185	publication_component:citation:publication:doi:10.1080/21505594.2025.2504124	requires_pubmed_lookup	missing							pubmed	exact_pmid_efetch	40401680	none
4186	publication_component:citation:publication:doi:10.1080/21505594.2026.2673646	requires_pubmed_lookup	missing							pubmed	exact_pmid_efetch	42127018	none
4187	publication_component:citation:publication:doi:10.1080/21505594.2026.2697085	requires_pubmed_lookup	missing							pubmed	exact_pmid_efetch	42374704	none
4188	publication_component:citation:publication:doi:10.1080/22221751.2019.1595985	requires_pubmed_lookup	missing							pubmed	exact_pmid_efetch	30924410	none
4189	publication_component:citation:publication:doi:10.1080/22221751.2020.1773745	requires_pubmed_lookup	missing							pubmed	exact_pmid_efetch	32525765	none
4190	publication_component:citation:publication:doi:10.1080/22221751.2020.1863747	requires_pubmed_lookup	missing							pubmed	exact_pmid_efetch	33306459	none
4191	publication_component:citation:publication:doi:10.1080/22221751.2021.1922097	requires_pubmed_lookup	missing							pubmed	exact_pmid_efetch	33896413	none
4192	publication_component:citation:publication:doi:10.1080/22221751.2021.1943540	requires_pubmed_lookup	missing							pubmed	exact_pmid_efetch	34125658	none
4193	publication_component:citation:publication:doi:10.1080/22221751.2023.2249558	requires_pubmed_lookup	missing							pubmed	exact_pmid_efetch	37585307	none
4194	publication_component:citation:publication:doi:10.1080/22221751.2023.2259001	requires_pubmed_lookup	missing							pubmed	exact_pmid_efetch	37698611	none
4195	publication_component:citation:publication:doi:10.1080/22221751.2024.2412635	requires_pubmed_lookup	missing							pubmed	exact_pmid_efetch	39360827	none
4196	publication_component:citation:publication:doi:10.1080/22221751.2024.2449087	requires_pubmed_lookup	missing							pubmed	exact_pmid_efetch	39760260	none
4197	publication_component:citation:publication:doi:10.1080/22221751.2025.2521850	requires_pubmed_lookup	missing							pubmed	exact_pmid_efetch	40523127	none
4198	publication_component:citation:publication:doi:10.1080/22221751.2026.2620222	requires_pubmed_lookup	missing							pubmed	exact_pmid_efetch	41555529	none
4199	publication_component:citation:publication:doi:10.1080/22221751.2026.2620237	requires_pubmed_lookup	missing							pubmed	exact_pmid_efetch	41555524	none
4200	publication_component:citation:publication:doi:10.1080/22221751.2026.2627076	requires_pubmed_lookup	missing							pubmed	exact_pmid_efetch	41632631	none
4201	publication_component:citation:publication:doi:10.1080/22221751.2026.2637287	requires_pubmed_lookup	missing							pubmed	exact_pmid_efetch	41843435	none
4202	publication_component:citation:publication:doi:10.1080/22221751.2026.2640699	requires_pubmed_lookup	missing							pubmed	exact_pmid_efetch	41780060	none
4203	publication_component:citation:publication:doi:10.1080/23744235.2025.2466118	requires_pubmed_lookup	missing							pubmed	exact_pmid_efetch	39982428	none
4204	publication_component:citation:publication:doi:10.1080/23802359.2018.1536445	requires_openalex_lookup	not_applicable							openalex	exact_work_id	W2909116092	none
4205	publication_component:citation:publication:doi:10.1080/23802359.2024.2432352	requires_pubmed_lookup	missing							pubmed	exact_pmid_efetch	41367400	none
4206	publication_component:citation:publication:doi:10.1080/23818107.2018.1469429	requires_openalex_lookup	not_applicable							openalex	exact_work_id	W2847523241	none
4207	publication_component:citation:publication:doi:10.1080/23818107.2024.2414981	requires_openalex_lookup	not_applicable							openalex	exact_work_id	W4403551246	none
4208	publication_component:citation:publication:doi:10.1080/24701394.2018.1484119	requires_pubmed_lookup	missing							pubmed	exact_pmid_efetch	30196742	none
4209	publication_component:citation:publication:doi:10.1080/24701394.2023.2299382	requires_openalex_lookup	not_applicable							openalex	exact_work_id	W4398168193	none
4210	publication_component:citation:publication:doi:10.1080/24701394.2024.2416179	requires_pubmed_lookup	missing							pubmed	exact_pmid_efetch	39417543	none
4211	publication_component:citation:publication:doi:10.1080/24701394.2025.2558612	requires_pubmed_lookup	missing							pubmed	exact_pmid_efetch	40931962	none
4212	publication_component:citation:publication:doi:10.1080/24701394.2025.2558619	requires_pubmed_lookup	missing							pubmed	exact_pmid_efetch	40931882	none
4213	publication_component:citation:publication:doi:10.1080/24701394.2025.2583076	requires_pubmed_lookup	missing							pubmed	exact_pmid_efetch	41193241	none
4214	publication_component:citation:publication:doi:10.1080/26388081.2023.2193619	requires_openalex_lookup	not_applicable							openalex	exact_work_id	W4361224294	none
4215	publication_component:citation:publication:doi:10.1080/26895293.2021.1926341	requires_openalex_lookup	not_applicable							openalex	exact_work_id	W3160048363	none
4216	publication_component:citation:publication:doi:10.1083/jcb.202212084	requires_pubmed_lookup	missing							pubmed	exact_pmid_efetch	37358475	none
4217	publication_component:citation:publication:doi:10.1086/503914	requires_pubmed_lookup	missing							pubmed	exact_pmid_efetch	16652319	none
4218	publication_component:citation:publication:doi:10.1086/649782	requires_pubmed_lookup	missing							pubmed	exact_pmid_efetch	20028233	none
4219	publication_component:citation:publication:doi:10.1086/652240	requires_pubmed_lookup	missing							pubmed	exact_pmid_efetch	20380562	none
4220	publication_component:citation:publication:doi:10.1086/656429	requires_openalex_lookup	not_applicable							openalex	exact_work_id	W1978006184	none
4221	publication_component:citation:publication:doi:10.1086/680052	requires_pubmed_lookup	missing							pubmed	exact_pmid_efetch	25811085	none
4222	publication_component:citation:publication:doi:10.1086/715841	requires_pubmed_lookup	missing							pubmed	exact_pmid_efetch	34436962	none
4223	publication_component:citation:publication:doi:10.1086/717768	requires_pubmed_lookup	missing							pubmed	exact_pmid_efetch	35077272	none
4224	publication_component:citation:publication:doi:10.1086/720745	requires_pubmed_lookup	missing							pubmed	exact_pmid_efetch	36150203	none
4225	publication_component:citation:publication:doi:10.1086/724824	requires_openalex_lookup	not_applicable							openalex	exact_work_id	W4322726095	none
4226	publication_component:citation:publication:doi:10.1086/725805	requires_pubmed_lookup	missing							pubmed	exact_pmid_efetch	37792916	none
4227	publication_component:citation:publication:doi:10.1086/733931	requires_pubmed_lookup	missing							pubmed	exact_pmid_efetch	39965231	none
4228	publication_component:citation:publication:doi:10.1086/738376	requires_openalex_lookup	not_applicable							openalex	exact_doi	10.1086/738376	none
4229	publication_component:citation:publication:doi:10.1088/1478-3975/12/3/035001	requires_pubmed_lookup	missing							pubmed	exact_pmid_efetch	25927823	none
4230	publication_component:citation:publication:doi:10.1088/1755-1315/20/1/012008	requires_openalex_lookup	not_applicable							openalex	exact_work_id	W1969827204	none
4231	publication_component:citation:publication:doi:10.1089/aid.2020.0213	requires_pubmed_lookup	missing							pubmed	exact_pmid_efetch	33191758	none
4232	publication_component:citation:publication:doi:10.1089/cmb.2010.0139	requires_pubmed_lookup	missing							pubmed	exact_pmid_efetch	22414153	none
4233	publication_component:citation:publication:doi:10.1089/cmb.2020.0500	requires_pubmed_lookup	missing							pubmed	exact_pmid_efetch	34491104	none
4234	publication_component:citation:publication:doi:10.1089/cmb.2021.0011	requires_pubmed_lookup	missing							pubmed	exact_pmid_efetch	34125600	none
4235	publication_component:citation:publication:doi:10.1089/cmb.2022.0469	requires_pubmed_lookup	missing							pubmed	exact_pmid_efetch	37098217	none
4236	publication_component:citation:publication:doi:10.1089/dna.2020.5537	requires_pubmed_lookup	missing							pubmed	exact_pmid_efetch	32936023	none
4237	publication_component:citation:publication:doi:10.1089/fpd.2010.0624	requires_pubmed_lookup	missing							pubmed	exact_pmid_efetch	20707723	none
4238	publication_component:citation:publication:doi:10.1089/fpd.2016.2219	requires_pubmed_lookup	missing							pubmed	exact_pmid_efetch	28398866	none
4239	publication_component:citation:publication:doi:10.1089/fpd.2019.2662	requires_pubmed_lookup	missing							pubmed	exact_pmid_efetch	31194586	none
4240	publication_component:citation:publication:doi:10.1089/fpd.2021.0072	requires_pubmed_lookup	missing							pubmed	exact_pmid_efetch	35420907	none
4241	publication_component:citation:publication:doi:10.1089/mdr.2020.0389	requires_pubmed_lookup	missing							pubmed	exact_pmid_efetch	33232624	none
4242	publication_component:citation:publication:doi:10.1089/omi.2019.0005	requires_pubmed_lookup	missing							pubmed	exact_pmid_efetch	31009331	none
4243	publication_component:citation:publication:doi:10.1089/vbz.2010.0001	requires_pubmed_lookup	missing							pubmed	exact_pmid_efetch	21138380	none
4244	publication_component:citation:publication:doi:10.1089/vbz.2023.0126	requires_pubmed_lookup	missing							pubmed	exact_pmid_efetch	38775097	none
4245	publication_component:citation:publication:doi:10.1091/mbc.e11-03-0244	requires_pubmed_lookup	missing							pubmed	exact_pmid_efetch	21737673	none
4246	publication_component:citation:publication:doi:10.1091/mbc.e15-12-0816	requires_pubmed_lookup	missing							pubmed	exact_pmid_efetch	27009200	none
4247	publication_component:citation:publication:doi:10.1093/abbs/gmaa153	requires_pubmed_lookup	missing							pubmed	exact_pmid_efetch	33346339	none
4248	publication_component:citation:publication:doi:10.1093/acprof:oso/9780199602605.001.0001	resolved_cached_openalex	not_applicable	openalex	exact_work_id	1e8f482b73d147e6daa929c463d7d3bd042745fa2f9f1a14b885c7b448624f6b	lookup:b40bd4ad49ded8971296d1f2e2a5e9de7028d93acf42d3fb495fb193f57ecf08	ok	usable_abstract_openalex				none
4249	publication_component:citation:publication:doi:10.1093/acprof:oso/9780199602605.002.0003	requires_openalex_lookup	not_applicable							openalex	exact_work_id	W4300898765	none
4250	publication_component:citation:publication:doi:10.1093/acprof:oso/9780199602605.002.0004	requires_openalex_lookup	not_applicable							openalex	exact_work_id	W4302358143	none
4251	publication_component:citation:publication:doi:10.1093/acprof:oso/9780199602605.002.0005	requires_openalex_lookup	not_applicable							openalex	exact_work_id	W4299974281	none
4252	publication_component:citation:publication:doi:10.1093/acprof:oso/9780199602605.003.0001	requires_openalex_lookup	not_applicable							openalex	exact_work_id	W4250405468	none
4253	publication_component:citation:publication:doi:10.1093/acprof:oso/9780199602605.003.0002	requires_openalex_lookup	not_applicable							openalex	exact_work_id	W4254898724	none
4254	publication_component:citation:publication:doi:10.1093/acprof:oso/9780199602605.003.0003	requires_openalex_lookup	not_applicable							openalex	exact_work_id	W4242404922	none
4255	publication_component:citation:publication:doi:10.1093/acprof:oso/9780199602605.003.0005	requires_openalex_lookup	not_applicable							openalex	exact_work_id	W2501379391	none
4256	publication_component:citation:publication:doi:10.1093/acprof:oso/9780199602605.003.0006	requires_openalex_lookup	not_applicable							openalex	exact_work_id	W4232559317	none
4257	publication_component:citation:publication:doi:10.1093/acprof:oso/9780199602605.003.0007	requires_openalex_lookup	not_applicable							openalex	exact_work_id	W2494638202	none
4258	publication_component:citation:publication:doi:10.1093/acprof:oso/9780199602605.003.0008	requires_openalex_lookup	not_applicable							openalex	exact_work_id	W4239866432	none
4259	publication_component:citation:publication:doi:10.1093/acprof:oso/9780199602605.003.0009	requires_openalex_lookup	not_applicable							openalex	exact_work_id	W2496408028	none
4260	publication_component:citation:publication:doi:10.1093/acprof:oso/9780199602605.003.0010	requires_openalex_lookup	not_applicable							openalex	exact_work_id	W4236902373	none
4261	publication_component:citation:publication:doi:10.1093/acprof:oso/9780199602605.003.0011	requires_openalex_lookup	not_applicable							openalex	exact_work_id	W4234159541	none
4262	publication_component:citation:publication:doi:10.1093/acprof:oso/9780199602605.003.0012	requires_openalex_lookup	not_applicable							openalex	exact_work_id	W4246483156	none
4263	publication_component:citation:publication:doi:10.1093/acprof:oso/9780199602605.003.0013	requires_openalex_lookup	not_applicable							openalex	exact_work_id	W4236695726	none
4264	publication_component:citation:publication:doi:10.1093/acprof:osobl/9780199601165.003.0012	requires_openalex_lookup	not_applicable							openalex	exact_work_id	W2181551185	none
4265	publication_component:citation:publication:doi:10.1093/aob/mcab008	requires_pubmed_lookup	missing							pubmed	exact_pmid_efetch	33637991	none
4266	publication_component:citation:publication:doi:10.1093/aob/mcac113	requires_pubmed_lookup	missing							pubmed	exact_pmid_efetch	36075207	none
4267	publication_component:citation:publication:doi:10.1093/aob/mcac114	requires_pubmed_lookup	missing							pubmed	exact_pmid_efetch	36087101	none
4268	publication_component:citation:publication:doi:10.1093/aob/mcad097	requires_pubmed_lookup	missing							pubmed	exact_pmid_efetch	37467144	none
4269	publication_component:citation:publication:doi:10.1093/aob/mcae085	requires_pubmed_lookup	missing							pubmed	exact_pmid_efetch	38822911	none
4270	publication_component:citation:publication:doi:10.1093/aob/mcaf114	requires_pubmed_lookup	missing							pubmed	exact_pmid_efetch	40492332	none
4271	publication_component:citation:publication:doi:10.1093/aob/mcaf170	requires_pubmed_lookup	missing							pubmed	exact_pmid_efetch	40751490	none
4272	publication_component:citation:publication:doi:10.1093/aob/mcag114	requires_pubmed_lookup	missing							pubmed	exact_pmid_efetch	42037526	none
4273	publication_component:citation:publication:doi:10.1093/aob/mcp272	requires_pubmed_lookup	missing							pubmed	exact_pmid_efetch	19887471	none
4274	publication_component:citation:publication:doi:10.1093/aob/mcu050	requires_pubmed_lookup	missing							pubmed	exact_pmid_efetch	24769537	none
4275	publication_component:citation:publication:doi:10.1093/aob/mcu061	requires_pubmed_lookup	missing							pubmed	exact_pmid_efetch	24812252	none
4276	publication_component:citation:publication:doi:10.1093/aob/mcw135	requires_pubmed_lookup	missing							pubmed	exact_pmid_efetch	27443299	none
4277	publication_component:citation:publication:doi:10.1093/aob/mcw168	requires_pubmed_lookup	missing							pubmed	exact_pmid_efetch	27582362	none
4278	publication_component:citation:publication:doi:10.1093/aob/mcw186	requires_pubmed_lookup	missing							pubmed	exact_pmid_efetch	27616209	none
4279	publication_component:citation:publication:doi:10.1093/aob/mcz013	requires_pubmed_lookup	missing							pubmed	exact_pmid_efetch	30789664	none
4280	publication_component:citation:publication:doi:10.1093/aob/mcz114	requires_pubmed_lookup	missing							pubmed	exact_pmid_efetch	31346602	none
4281	publication_component:citation:publication:doi:10.1093/aobpla/plaa055	requires_pubmed_lookup	missing							pubmed	exact_pmid_efetch	33173574	none
4282	publication_component:citation:publication:doi:10.1093/beheco/ary096	requires_pubmed_lookup	missing							pubmed	exact_pmid_efetch	30214134	none
4283	publication_component:citation:publication:doi:10.1093/bib/5.2.150	requires_pubmed_lookup	missing							pubmed	exact_pmid_efetch	15260895	none
4284	publication_component:citation:publication:doi:10.1093/bib/bbaa232	requires_pubmed_lookup	missing							pubmed	exact_pmid_efetch	33147627	none
4285	publication_component:citation:publication:doi:10.1093/bib/bbaa431	requires_pubmed_lookup	missing							pubmed	exact_pmid_efetch	33479739	none
4286	publication_component:citation:publication:doi:10.1093/bib/bbab107	requires_pubmed_lookup	missing							pubmed	exact_pmid_efetch	33885735	none
4287	publication_component:citation:publication:doi:10.1093/bib/bbab583	requires_pubmed_lookup	missing							pubmed	exact_pmid_efetch	35043153	none
4288	publication_component:citation:publication:doi:10.1093/bib/bbad361	requires_pubmed_lookup	missing							pubmed	exact_pmid_efetch	37843401	none
4289	publication_component:citation:publication:doi:10.1093/bib/bbn049	requires_pubmed_lookup	missing							pubmed	exact_pmid_efetch	18971241	none
4290	publication_component:citation:publication:doi:10.1093/bib/bbq072	requires_pubmed_lookup	missing							pubmed	exact_pmid_efetch	21278375	none
4291	publication_component:citation:publication:doi:10.1093/bib/bbs050	requires_pubmed_lookup	missing							pubmed	exact_pmid_efetch	22908214	none
4292	publication_component:citation:publication:doi:10.1093/bib/bbu030	requires_pubmed_lookup	missing							pubmed	exact_pmid_efetch	25183247	none
4293	publication_component:citation:publication:doi:10.1093/bib/bbx067	requires_pubmed_lookup	missing							pubmed	exact_pmid_efetch	28673025	none
4294	publication_component:citation:publication:doi:10.1093/bioadv/vbab034	requires_pubmed_lookup	missing							pubmed	exact_pmid_efetch	36700095	none
4295	publication_component:citation:publication:doi:10.1093/bioinformatics/13.3.235	requires_pubmed_lookup	missing							pubmed	exact_pmid_efetch	9183526	none
4296	publication_component:citation:publication:doi:10.1093/bioinformatics/17.7.662	requires_pubmed_lookup	missing							pubmed	exact_pmid_efetch	11448888	none
4297	publication_component:citation:publication:doi:10.1093/bioinformatics/17.8.754	requires_pubmed_lookup	missing							pubmed	exact_pmid_efetch	11524383	none
4298	publication_component:citation:publication:doi:10.1093/bioinformatics/8.3.275	requires_pubmed_lookup	missing							pubmed	exact_pmid_efetch	1633570	none
4299	publication_component:citation:publication:doi:10.1093/bioinformatics/btaa081	requires_pubmed_lookup	missing							pubmed	exact_pmid_efetch	32049324	none
4300	publication_component:citation:publication:doi:10.1093/bioinformatics/btaa695	requires_pubmed_lookup	missing							pubmed	exact_pmid_efetch	32735310	none
4301	publication_component:citation:publication:doi:10.1093/bioinformatics/btaa820	requires_pubmed_lookup	missing							pubmed	exact_pmid_efetch	33381826	none
4302	publication_component:citation:publication:doi:10.1093/bioinformatics/btab307	requires_pubmed_lookup	missing							pubmed	exact_pmid_efetch	34252953	none
4303	publication_component:citation:publication:doi:10.1093/bioinformatics/btac075	requires_pubmed_lookup	missing							pubmed	exact_pmid_efetch	35150239	none
4304	publication_component:citation:publication:doi:10.1093/bioinformatics/btac664	requires_pubmed_lookup	missing							pubmed	exact_pmid_efetch	36205601	none
4305	publication_component:citation:publication:doi:10.1093/bioinformatics/btac761	requires_pubmed_lookup	missing							pubmed	exact_pmid_efetch	36440957	none
4306	publication_component:citation:publication:doi:10.1093/bioinformatics/btad433	requires_pubmed_lookup	missing							pubmed	exact_pmid_efetch	37490431	none
4307	publication_component:citation:publication:doi:10.1093/bioinformatics/btae043	requires_pubmed_lookup	missing							pubmed	exact_pmid_efetch	38269647	none
4308	publication_component:citation:publication:doi:10.1093/bioinformatics/btae272	requires_pubmed_lookup	missing							pubmed	exact_pmid_efetch	38632086	none
4309	publication_component:citation:publication:doi:10.1093/bioinformatics/btae526	requires_pubmed_lookup	missing							pubmed	exact_pmid_efetch	39180716	none
4310	publication_component:citation:publication:doi:10.1093/bioinformatics/btae721	requires_pubmed_lookup	missing							pubmed	exact_pmid_efetch	39626311	none
4311	publication_component:citation:publication:doi:10.1093/bioinformatics/btaf166	requires_pubmed_lookup	missing							pubmed	exact_pmid_efetch	40220324	none
4312	publication_component:citation:publication:doi:10.1093/bioinformatics/btaf665	requires_pubmed_lookup	missing							pubmed	exact_pmid_efetch	41400832	none
4313	publication_component:citation:publication:doi:10.1093/bioinformatics/btg180	requires_pubmed_lookup	missing							pubmed	exact_pmid_efetch	12912839	none
4314	publication_component:citation:publication:doi:10.1093/bioinformatics/bti191	requires_pubmed_lookup	missing							pubmed	exact_pmid_efetch	15608047	none
4315	publication_component:citation:publication:doi:10.1093/bioinformatics/btm165	requires_pubmed_lookup	missing							pubmed	exact_pmid_efetch	17646301	none
4316	publication_component:citation:publication:doi:10.1093/bioinformatics/btm585	requires_pubmed_lookup	missing							pubmed	exact_pmid_efetch	18042555	none
4317	publication_component:citation:publication:doi:10.1093/bioinformatics/btp033	requires_pubmed_lookup	missing							pubmed	exact_pmid_efetch	19151095	none
4318	publication_component:citation:publication:doi:10.1093/bioinformatics/btp190	requires_pubmed_lookup	missing							pubmed	exact_pmid_efetch	19478016	none
4319	publication_component:citation:publication:doi:10.1093/bioinformatics/btp231	requires_pubmed_lookup	missing							pubmed	exact_pmid_efetch	19478022	none
4320	publication_component:citation:publication:doi:10.1093/bioinformatics/btp572	requires_pubmed_lookup	missing							pubmed	exact_pmid_efetch	19797407	none
4321	publication_component:citation:publication:doi:10.1093/bioinformatics/btq287	requires_pubmed_lookup	missing							pubmed	exact_pmid_efetch	20519287	none
4322	publication_component:citation:publication:doi:10.1093/bioinformatics/btq599	requires_pubmed_lookup	missing							pubmed	exact_pmid_efetch	20971988	none
4323	publication_component:citation:publication:doi:10.1093/bioinformatics/btq651	requires_pubmed_lookup	missing							pubmed	exact_pmid_efetch	21123221	none
4324	publication_component:citation:publication:doi:10.1093/bioinformatics/btr209	requires_pubmed_lookup	missing							pubmed	exact_pmid_efetch	21685081	none
4325	publication_component:citation:publication:doi:10.1093/bioinformatics/btr280	requires_pubmed_lookup	missing							pubmed	exact_pmid_efetch	21551137	none
4326	publication_component:citation:publication:doi:10.1093/bioinformatics/bts006	requires_pubmed_lookup	missing							pubmed	exact_pmid_efetch	22247275	none
4327	publication_component:citation:publication:doi:10.1093/bioinformatics/bts480	requires_pubmed_lookup	missing							pubmed	exact_pmid_efetch	22908215	none
4328	publication_component:citation:publication:doi:10.1093/bioinformatics/bts633	requires_pubmed_lookup	missing							pubmed	exact_pmid_efetch	23097421	none
4329	publication_component:citation:publication:doi:10.1093/bioinformatics/btt009	requires_pubmed_lookup	missing							pubmed	exact_pmid_efetch	23314322	none
4330	publication_component:citation:publication:doi:10.1093/bioinformatics/btu033	requires_pubmed_lookup	missing							pubmed	exact_pmid_efetch	24451623	none
4331	publication_component:citation:publication:doi:10.1093/bioinformatics/btu579	requires_pubmed_lookup	missing							pubmed	exact_pmid_efetch	25172923	none
4332	publication_component:citation:publication:doi:10.1093/bioinformatics/btu763	requires_pubmed_lookup	missing							pubmed	exact_pmid_efetch	25417202	none
4333	publication_component:citation:publication:doi:10.1093/bioinformatics/btu806	requires_pubmed_lookup	missing							pubmed	exact_pmid_efetch	25481006	none
4334	publication_component:citation:publication:doi:10.1093/bioinformatics/btv121	requires_pubmed_lookup	missing							pubmed	exact_pmid_efetch	25725495	none
4335	publication_component:citation:publication:doi:10.1093/bioinformatics/btv557	requires_pubmed_lookup	missing							pubmed	exact_pmid_efetch	26415722	none
4336	publication_component:citation:publication:doi:10.1093/bioinformatics/btw534	requires_pubmed_lookup	missing							pubmed	exact_pmid_efetch	27531104	none
4337	publication_component:citation:publication:doi:10.1093/bioinformatics/btw571	requires_pubmed_lookup	missing							pubmed	exact_pmid_efetch	27614349	none
4338	publication_component:citation:publication:doi:10.1093/bioinformatics/btw632	requires_pubmed_lookup	missing							pubmed	exact_pmid_efetch	28172542	none
4339	publication_component:citation:publication:doi:10.1093/bioinformatics/btw744	requires_pubmed_lookup	missing							pubmed	exact_pmid_efetch	28365756	none
4340	publication_component:citation:publication:doi:10.1093/bioinformatics/btx324	requires_pubmed_lookup	missing							pubmed	exact_pmid_efetch	28525531	none
4341	publication_component:citation:publication:doi:10.1093/bioinformatics/btx347	requires_pubmed_lookup	missing							pubmed	exact_pmid_efetch	28582485	none
4342	publication_component:citation:publication:doi:10.1093/bioinformatics/btx394	requires_pubmed_lookup	missing							pubmed	exact_pmid_efetch	28637301	none
4343	publication_component:citation:publication:doi:10.1093/bioinformatics/bty126	requires_pubmed_lookup	missing							pubmed	exact_pmid_efetch	29514176	none
4344	publication_component:citation:publication:doi:10.1093/bioinformatics/bty376	requires_pubmed_lookup	missing							pubmed	exact_pmid_efetch	29726921	none
4345	publication_component:citation:publication:doi:10.1093/bioinformatics/bty407	requires_pubmed_lookup	missing							pubmed	exact_pmid_efetch	29790939	none
4346	publication_component:citation:publication:doi:10.1093/bioinformatics/bty704	requires_pubmed_lookup	missing							pubmed	exact_pmid_efetch	30165572	none
4347	publication_component:citation:publication:doi:10.1093/bioinformatics/btz068	requires_pubmed_lookup	missing							pubmed	exact_pmid_efetch	30698645	none
4348	publication_component:citation:publication:doi:10.1093/bioinformatics/btz305	requires_pubmed_lookup	missing							pubmed	exact_pmid_efetch	31070718	none
4349	publication_component:citation:publication:doi:10.1093/bioinformatics/btz468	requires_pubmed_lookup	missing							pubmed	exact_pmid_efetch	31192356	none
4350	publication_component:citation:publication:doi:10.1093/bioinformatics/btz554	requires_pubmed_lookup	missing							pubmed	exact_pmid_efetch	31292621	none
4351	publication_component:citation:publication:doi:10.1093/biolinnean/blaa093	requires_openalex_lookup	not_applicable							openalex	exact_work_id	W3046263144	none
4352	publication_component:citation:publication:doi:10.1093/biolinnean/blab139	requires_openalex_lookup	not_applicable							openalex	exact_work_id	W3214903079	none
4353	publication_component:citation:publication:doi:10.1093/biolinnean/blac137	requires_openalex_lookup	not_applicable							openalex	exact_work_id	W4311916267	none
4354	publication_component:citation:publication:doi:10.1093/biolinnean/blad133	requires_openalex_lookup	not_applicable							openalex	exact_work_id	W4390410286	none
4355	publication_component:citation:publication:doi:10.1093/biolinnean/blae105	requires_openalex_lookup	not_applicable							openalex	exact_work_id	W4405349604	none
4356	publication_component:citation:publication:doi:10.1093/biolinnean/blaf143	requires_openalex_lookup	not_applicable							openalex	exact_work_id	W7123340182	none
4357	publication_component:citation:publication:doi:10.1093/biolinnean/blaf150	requires_openalex_lookup	not_applicable							openalex	exact_work_id	W7125523603	none
4358	publication_component:citation:publication:doi:10.1093/biolinnean/blw045	requires_openalex_lookup	not_applicable							openalex	exact_work_id	W2602443543	none
4359	publication_component:citation:publication:doi:10.1093/biolinnean/blx006	requires_openalex_lookup	not_applicable							openalex	exact_work_id	W2692406911	none
4360	publication_component:citation:publication:doi:10.1093/biolinnean/blx017	requires_openalex_lookup	not_applicable							openalex	exact_work_id	W2604284721	none
4361	publication_component:citation:publication:doi:10.1093/biolinnean/blx077	requires_openalex_lookup	not_applicable							openalex	exact_work_id	W2734364706	none
4362	publication_component:citation:publication:doi:10.1093/biolinnean/blx090	requires_openalex_lookup	not_applicable							openalex	exact_work_id	W2782342509	none
4363	publication_component:citation:publication:doi:10.1093/biolinnean/bly154	requires_openalex_lookup	not_applicable							openalex	exact_work_id	W2904169660	none
4364	publication_component:citation:publication:doi:10.1093/biolinnean/blz003	requires_openalex_lookup	not_applicable							openalex	exact_work_id	W2921654661	none
4365	publication_component:citation:publication:doi:10.1093/biolre/ioaa205	requires_pubmed_lookup	missing							pubmed	exact_pmid_efetch	33165521	none
4366	publication_component:citation:publication:doi:10.1093/biolre/ioab082	requires_pubmed_lookup	missing							pubmed	exact_pmid_efetch	34007991	none
4367	publication_component:citation:publication:doi:10.1093/biolre/ioad086	requires_pubmed_lookup	missing							pubmed	exact_pmid_efetch	37552063	none
4368	publication_component:citation:publication:doi:10.1093/biomethods/bpac018	requires_pubmed_lookup	missing							pubmed	exact_pmid_efetch	36032330	none
4369	publication_component:citation:publication:doi:10.1093/biosci/biad102	requires_pubmed_lookup	missing							pubmed	exact_pmid_efetch	38125826	none
4370	publication_component:citation:publication:doi:10.1093/botlinnean/boaf051	requires_openalex_lookup	not_applicable							openalex	exact_work_id	W4411720586	none
4371	publication_component:citation:publication:doi:10.1093/botlinnean/boaf067	requires_openalex_lookup	not_applicable							openalex	exact_work_id	W4417291501	none
4372	publication_component:citation:publication:doi:10.1093/botlinnean/boag025	requires_openalex_lookup	not_applicable							openalex	exact_work_id	W7154513869	none
4373	publication_component:citation:publication:doi:10.1093/botlinnean/boag038	requires_openalex_lookup	not_applicable							openalex	exact_work_id	W7155702756	none
4374	publication_component:citation:publication:doi:10.1093/botlinnean/boag079	requires_openalex_lookup	not_applicable							openalex	exact_work_id	W7213579086	none
4375	publication_component:citation:publication:doi:10.1093/chemse/bjab049	requires_pubmed_lookup	missing							pubmed	exact_pmid_efetch	34864939	none
4376	publication_component:citation:publication:doi:10.1093/chemse/bjy022	requires_pubmed_lookup	missing							pubmed	exact_pmid_efetch	29659735	none
4377	publication_component:citation:publication:doi:10.1093/cid/ciaa1680	requires_pubmed_lookup	missing							pubmed	exact_pmid_efetch	33150366	none
4378	publication_component:citation:publication:doi:10.1093/cid/ciab1005	requires_pubmed_lookup	missing							pubmed	exact_pmid_efetch	35522980	none
4379	publication_component:citation:publication:doi:10.1093/cid/ciab332	requires_pubmed_lookup	missing							pubmed	exact_pmid_efetch	33864375	none
4380	publication_component:citation:publication:doi:10.1093/cid/ciab343	requires_pubmed_lookup	missing							pubmed	exact_pmid_efetch	33977295	none
4381	publication_component:citation:publication:doi:10.1093/conphys/coaa136	requires_pubmed_lookup	missing							pubmed	exact_pmid_efetch	33505701	none
4382	publication_component:citation:publication:doi:10.1093/cz/zoaa051	requires_pubmed_lookup	missing							pubmed	exact_pmid_efetch	34484311	none
4383	publication_component:citation:publication:doi:10.1093/cz/zoaa056	requires_pubmed_lookup	missing							pubmed	exact_pmid_efetch	33854537	none
4384	publication_component:citation:publication:doi:10.1093/cz/zoag034	requires_openalex_lookup	not_applicable							openalex	exact_work_id	W7160450745	none
4385	publication_component:citation:publication:doi:10.1093/cz/zoag035	requires_openalex_lookup	not_applicable							openalex	exact_work_id	W7160709880	none
4386	publication_component:citation:publication:doi:10.1093/cz/zow093	requires_pubmed_lookup	missing							pubmed	exact_pmid_efetch	29491951	none
4387	publication_component:citation:publication:doi:10.1093/database/baaf052	requires_pubmed_lookup	missing							pubmed	exact_pmid_efetch	40996708	none
4388	publication_component:citation:publication:doi:10.1093/database/bav065	requires_pubmed_lookup	missing							pubmed	exact_pmid_efetch	26140928	none
4389	publication_component:citation:publication:doi:10.1093/database/bav096	requires_pubmed_lookup	missing							pubmed	exact_pmid_efetch	26896847	none
4390	publication_component:citation:publication:doi:10.1093/database/bay030	requires_openalex_lookup	not_applicable							openalex	exact_work_id	W2796079355	none
4391	publication_component:citation:publication:doi:10.1093/database/bay123	requires_pubmed_lookup	missing							pubmed	exact_pmid_efetch	30576482	none
4392	publication_component:citation:publication:doi:10.1093/dnares/dsaa021	requires_pubmed_lookup	missing							pubmed	exact_pmid_efetch	32966557	none
4393	publication_component:citation:publication:doi:10.1093/dnares/dsaa031	requires_pubmed_lookup	missing							pubmed	exact_pmid_efetch	33416875	none
4394	publication_component:citation:publication:doi:10.1093/dnares/dsab017	requires_pubmed_lookup	missing							pubmed	exact_pmid_efetch	34499118	none
4395	publication_component:citation:publication:doi:10.1093/dnares/dsab022	requires_pubmed_lookup	missing							pubmed	exact_pmid_efetch	34664644	none
4396	publication_component:citation:publication:doi:10.1093/dnares/dsac004	requires_pubmed_lookup	missing							pubmed	exact_pmid_efetch	35094078	none
4397	publication_component:citation:publication:doi:10.1093/dnares/dsac006	requires_pubmed_lookup	missing							pubmed	exact_pmid_efetch	35266513	none
4398	publication_component:citation:publication:doi:10.1093/dnares/dsac008	requires_pubmed_lookup	missing							pubmed	exact_pmid_efetch	35380665	none
4399	publication_component:citation:publication:doi:10.1093/dnares/dsac009	requires_pubmed_lookup	missing							pubmed	exact_pmid_efetch	35466378	none
4400	publication_component:citation:publication:doi:10.1093/dnares/dsac012	requires_pubmed_lookup	missing							pubmed	exact_pmid_efetch	35438173	none
4401	publication_component:citation:publication:doi:10.1093/dnares/dsac014	requires_pubmed_lookup	missing							pubmed	exact_pmid_efetch	35595238	none
4402	publication_component:citation:publication:doi:10.1093/dnares/dsac021	requires_pubmed_lookup	missing							pubmed	exact_pmid_efetch	35751601	none
4403	publication_component:citation:publication:doi:10.1093/dnares/dsac022	requires_pubmed_lookup	missing							pubmed	exact_pmid_efetch	35751614	none
4404	publication_component:citation:publication:doi:10.1093/dnares/dsac026	requires_pubmed_lookup	missing							pubmed	exact_pmid_efetch	36214371	none
4405	publication_component:citation:publication:doi:10.1093/dnares/dsac028	requires_pubmed_lookup	missing							pubmed	exact_pmid_efetch	35861402	none
4406	publication_component:citation:publication:doi:10.1093/dnares/dsac030	requires_pubmed_lookup	missing							pubmed	exact_pmid_efetch	35961033	none
4407	publication_component:citation:publication:doi:10.1093/dnares/dsac033	requires_pubmed_lookup	missing							pubmed	exact_pmid_efetch	36208288	none
4408	publication_component:citation:publication:doi:10.1093/dnares/dsac034	requires_pubmed_lookup	missing							pubmed	exact_pmid_efetch	36197098	none
4409	publication_component:citation:publication:doi:10.1093/dnares/dsac041	requires_pubmed_lookup	missing							pubmed	exact_pmid_efetch	36355766	none
4410	publication_component:citation:publication:doi:10.1093/dnares/dsac043	requires_pubmed_lookup	missing							pubmed	exact_pmid_efetch	36535891	none
4411	publication_component:citation:publication:doi:10.1093/dnares/dsac049	requires_pubmed_lookup	missing							pubmed	exact_pmid_efetch	36503982	none
4412	publication_component:citation:publication:doi:10.1093/dnares/dsad003	requires_pubmed_lookup	missing							pubmed	exact_pmid_efetch	36882113	none
4413	publication_component:citation:publication:doi:10.1093/dnares/dsad005	requires_pubmed_lookup	missing							pubmed	exact_pmid_efetch	37014116	none
4414	publication_component:citation:publication:doi:10.1093/dnares/dsad011	requires_pubmed_lookup	missing							pubmed	exact_pmid_efetch	37167434	none
4415	publication_component:citation:publication:doi:10.1093/dnares/dsad012	requires_pubmed_lookup	missing							pubmed	exact_pmid_efetch	37220653	none
4416	publication_component:citation:publication:doi:10.1093/dnares/dsad013	requires_pubmed_lookup	missing							pubmed	exact_pmid_efetch	37228100	none
4417	publication_component:citation:publication:doi:10.1093/dnares/dsad018	requires_pubmed_lookup	missing							pubmed	exact_pmid_efetch	37590994	none
4418	publication_component:citation:publication:doi:10.1093/dnares/dsae003	requires_pubmed_lookup	missing							pubmed	exact_pmid_efetch	38245835	none
4419	publication_component:citation:publication:doi:10.1093/dnares/dsae007	requires_pubmed_lookup	missing							pubmed	exact_pmid_efetch	38416146	none
4420	publication_component:citation:publication:doi:10.1093/dnares/dsae011	requires_pubmed_lookup	missing							pubmed	exact_pmid_efetch	38590243	none
4421	publication_component:citation:publication:doi:10.1093/dnares/dsae017	requires_pubmed_lookup	missing							pubmed	exact_pmid_efetch	38809753	none
4422	publication_component:citation:publication:doi:10.1093/dnares/dsae018	requires_pubmed_lookup	missing							pubmed	exact_pmid_efetch	38847751	none
4423	publication_component:citation:publication:doi:10.1093/dnares/dsae021	requires_pubmed_lookup	missing							pubmed	exact_pmid_efetch	38946223	none
4424	publication_component:citation:publication:doi:10.1093/dnares/dsae022	requires_pubmed_lookup	missing							pubmed	exact_pmid_efetch	39017645	none
4425	publication_component:citation:publication:doi:10.1093/dnares/dsae024	requires_pubmed_lookup	missing							pubmed	exact_pmid_efetch	39101533	none
4426	publication_component:citation:publication:doi:10.1093/dnares/dsae027	requires_pubmed_lookup	missing							pubmed	exact_pmid_efetch	39250428	none
4427	publication_component:citation:publication:doi:10.1093/dnares/dsaf002	requires_pubmed_lookup	missing							pubmed	exact_pmid_efetch	39878035	none
4428	publication_component:citation:publication:doi:10.1093/dnares/dsaf007	requires_pubmed_lookup	missing							pubmed	exact_pmid_efetch	40371876	none
4429	publication_component:citation:publication:doi:10.1093/dnares/dsaf029	requires_pubmed_lookup	missing							pubmed	exact_pmid_efetch	41132005	none
4430	publication_component:citation:publication:doi:10.1093/dnares/dsaf034	requires_pubmed_lookup	missing							pubmed	exact_pmid_efetch	41311030	none
4431	publication_component:citation:publication:doi:10.1093/dnares/dsaf037	requires_pubmed_lookup	missing							pubmed	exact_pmid_efetch	41388796	none
4432	publication_component:citation:publication:doi:10.1093/dnares/dsaf038	requires_pubmed_lookup	missing							pubmed	exact_pmid_efetch	41424036	none
4433	publication_component:citation:publication:doi:10.1093/dnares/dsag002	requires_pubmed_lookup	missing							pubmed	exact_pmid_efetch	41640233	none
4434	publication_component:citation:publication:doi:10.1093/dnares/dsag009	requires_pubmed_lookup	missing							pubmed	exact_pmid_efetch	42454546	none
4435	publication_component:citation:publication:doi:10.1093/dnares/dsr014	requires_pubmed_lookup	missing							pubmed	exact_pmid_efetch	21676972	none
4436	publication_component:citation:publication:doi:10.1093/dnares/dsr046	requires_pubmed_lookup	missing							pubmed	exact_pmid_efetch	22279088	none
4437	publication_component:citation:publication:doi:10.1093/dnares/dss015	requires_pubmed_lookup	missing							pubmed	exact_pmid_efetch	22645122	none
4438	publication_component:citation:publication:doi:10.1093/dnares/dst010	requires_pubmed_lookup	missing							pubmed	exact_pmid_efetch	23580538	none
4439	publication_component:citation:publication:doi:10.1093/dnares/dsw037	requires_pubmed_lookup	missing							pubmed	exact_pmid_efetch	27458999	none
4440	publication_component:citation:publication:doi:10.1093/dnares/dsw042	requires_pubmed_lookup	missing							pubmed	exact_pmid_efetch	27567261	none
4441	publication_component:citation:publication:doi:10.1093/dnares/dsw052	requires_pubmed_lookup	missing							pubmed	exact_pmid_efetch	28028038	none
4442	publication_component:citation:publication:doi:10.1093/dnares/dsw054	requires_pubmed_lookup	missing							pubmed	exact_pmid_efetch	28431014	none
4443	publication_component:citation:publication:doi:10.1093/dnares/dsx040	requires_pubmed_lookup	missing							pubmed	exact_pmid_efetch	29036669	none
4444	publication_component:citation:publication:doi:10.1093/dnares/dsx047	requires_pubmed_lookup	missing							pubmed	exact_pmid_efetch	29149285	none
4445	publication_component:citation:publication:doi:10.1093/dnares/dsx053	requires_pubmed_lookup	missing							pubmed	exact_pmid_efetch	29315395	none
4446	publication_component:citation:publication:doi:10.1093/dnares/dsy003	requires_pubmed_lookup	missing							pubmed	exact_pmid_efetch	29394339	none
4447	publication_component:citation:publication:doi:10.1093/dnares/dsy005	requires_pubmed_lookup	missing							pubmed	exact_pmid_efetch	29481587	none
4448	publication_component:citation:publication:doi:10.1093/dnares/dsy020	requires_pubmed_lookup	missing							pubmed	exact_pmid_efetch	29947776	none
4449	publication_component:citation:publication:doi:10.1093/dnares/dsy026	requires_pubmed_lookup	missing							pubmed	exact_pmid_efetch	30085012	none
4450	publication_component:citation:publication:doi:10.1093/dnares/dsy032	requires_pubmed_lookup	missing							pubmed	exact_pmid_efetch	30295708	none
4451	publication_component:citation:publication:doi:10.1093/dnares/dsy035	requires_pubmed_lookup	missing							pubmed	exact_pmid_efetch	30380026	none
4452	publication_component:citation:publication:doi:10.1093/dnares/dsz023	requires_pubmed_lookup	missing							pubmed	exact_pmid_efetch	31711192	none
4453	publication_component:citation:publication:doi:10.1093/emph/eoac037	requires_pubmed_lookup	missing							pubmed	exact_pmid_efetch	37007166	none
4454	publication_component:citation:publication:doi:10.1093/emph/eov005	requires_pubmed_lookup	missing							pubmed	exact_pmid_efetch	25788149	none
4455	publication_component:citation:publication:doi:10.1093/evlett/qrad013	requires_pubmed_lookup	missing							pubmed	exact_pmid_efetch	37251587	none
4456	publication_component:citation:publication:doi:10.1093/evlett/qrae039	requires_pubmed_lookup	missing							pubmed	exact_pmid_efetch	39677571	none
4457	publication_component:citation:publication:doi:10.1093/evlett/qrae039/7731525	requires_openalex_lookup	not_applicable							openalex	exact_doi	10.1093/evlett/qrae039/7731525	none
4458	publication_component:citation:publication:doi:10.1093/evlett/qrae060	requires_pubmed_lookup	missing							pubmed	exact_pmid_efetch	40191415	none
4459	publication_component:citation:publication:doi:10.1093/evlett/qraf005	requires_pubmed_lookup	missing							pubmed	exact_pmid_efetch	40487868	none
4460	publication_component:citation:publication:doi:10.1093/evolinnean/kzaf001	requires_openalex_lookup	not_applicable							openalex	exact_work_id	W4406829219	none
4461	publication_component:citation:publication:doi:10.1093/evolinnean/kzaf005	requires_openalex_lookup	not_applicable							openalex	exact_doi	10.1093/evolinnean/kzaf005	none
4462	publication_component:citation:publication:doi:10.1093/evolinnean/kzaf017	requires_openalex_lookup	not_applicable							openalex	exact_work_id	W4414347397	none
4463	publication_component:citation:publication:doi:10.1093/evolut/qpac002	requires_pubmed_lookup	missing							pubmed	exact_pmid_efetch	36622227	none
4464	publication_component:citation:publication:doi:10.1093/evolut/qpad131	requires_pubmed_lookup	missing							pubmed	exact_pmid_efetch	37464886	none
4465	publication_component:citation:publication:doi:10.1093/evolut/qpad188	requires_pubmed_lookup	missing							pubmed	exact_pmid_efetch	37864838	none
4466	publication_component:citation:publication:doi:10.1093/evolut/qpae082	requires_pubmed_lookup	missing							pubmed	exact_pmid_efetch	38813673	none
4467	publication_component:citation:publication:doi:10.1093/evolut/qpae132	requires_pubmed_lookup	missing							pubmed	exact_pmid_efetch	39283595	none
4468	publication_component:citation:publication:doi:10.1093/evolut/qpaf012	requires_pubmed_lookup	missing							pubmed	exact_pmid_efetch	39878341	none
4469	publication_component:citation:publication:doi:10.1093/evolut/qpaf033	requires_pubmed_lookup	missing							pubmed	exact_pmid_efetch	39955102	none
4470	publication_component:citation:publication:doi:10.1093/evolut/qpaf036	requires_openalex_lookup	not_applicable							openalex	exact_work_id	W4407796936	none
4471	publication_component:citation:publication:doi:10.1093/evolut/qpaf167	requires_pubmed_lookup	missing							pubmed	exact_pmid_efetch	40802472	none
4472	publication_component:citation:publication:doi:10.1093/evolut/qpaf190	requires_pubmed_lookup	missing							pubmed	exact_pmid_efetch	40990923	none
4473	publication_component:citation:publication:doi:10.1093/evolut/qpaf240	requires_pubmed_lookup	missing							pubmed	exact_pmid_efetch	41384786	none
4474	publication_component:citation:publication:doi:10.1093/evolut/qpag060	requires_pubmed_lookup	missing							pubmed	exact_pmid_efetch	41983550	none
4475	publication_component:citation:publication:doi:10.1093/evolut/qpag068	requires_pubmed_lookup	missing							pubmed	exact_pmid_efetch	42089461	none
4476	publication_component:citation:publication:doi:10.1093/femsle/fnab083	requires_pubmed_lookup	missing							pubmed	exact_pmid_efetch	34223887	none
4477	publication_component:citation:publication:doi:10.1093/femsle/fnaf088	requires_pubmed_lookup	missing							pubmed	exact_pmid_efetch	40899782	none
4478	publication_component:citation:publication:doi:10.1093/femsle/fnx185	requires_pubmed_lookup	missing							pubmed	exact_pmid_efetch	28934382	none
4479	publication_component:citation:publication:doi:10.1093/femsml/uqac001	requires_pubmed_lookup	missing							pubmed	exact_pmid_efetch	37223347	none
4480	publication_component:citation:publication:doi:10.1093/femspd/ftx060	requires_pubmed_lookup	missing							pubmed	exact_pmid_efetch	28591853	none
4481	publication_component:citation:publication:doi:10.1093/femsre/fuad030	requires_pubmed_lookup	missing							pubmed	exact_pmid_efetch	37286882	none
4482	publication_component:citation:publication:doi:10.1093/femsyr/foaa071	requires_pubmed_lookup	missing							pubmed	exact_pmid_efetch	33417685	none
4483	publication_component:citation:publication:doi:10.1093/femsyr/foy079	requires_pubmed_lookup	missing							pubmed	exact_pmid_efetch	30052970	none
4484	publication_component:citation:publication:doi:10.1093/g3journal/jkaa006	requires_pubmed_lookup	missing							pubmed	exact_pmid_efetch	33561226	none
4485	publication_component:citation:publication:doi:10.1093/g3journal/jkab020	requires_pubmed_lookup	missing							pubmed	exact_pmid_efetch	33890615	none
4486	publication_component:citation:publication:doi:10.1093/g3journal/jkab033	requires_pubmed_lookup	missing							pubmed	exact_pmid_efetch	33824960	none
4487	publication_component:citation:publication:doi:10.1093/g3journal/jkab050	requires_pubmed_lookup	missing							pubmed	exact_pmid_efetch	33599779	none
4488	publication_component:citation:publication:doi:10.1093/g3journal/jkab069	requires_pubmed_lookup	missing							pubmed	exact_pmid_efetch	33784395	none
4489	publication_component:citation:publication:doi:10.1093/g3journal/jkab139	requires_pubmed_lookup	missing							pubmed	exact_pmid_efetch	33914073	none
4490	publication_component:citation:publication:doi:10.1093/g3journal/jkab163	requires_pubmed_lookup	missing							pubmed	exact_pmid_efetch	34849803	none
4491	publication_component:citation:publication:doi:10.1093/g3journal/jkab173	requires_pubmed_lookup	missing							pubmed	exact_pmid_efetch	34021320	none
4492	publication_component:citation:publication:doi:10.1093/g3journal/jkab197	requires_pubmed_lookup	missing							pubmed	exact_pmid_efetch	34849818	none
4493	publication_component:citation:publication:doi:10.1093/g3journal/jkab240	requires_pubmed_lookup	missing							pubmed	exact_pmid_efetch	34544137	none
4494	publication_component:citation:publication:doi:10.1093/g3journal/jkab262	requires_pubmed_lookup	missing							pubmed	exact_pmid_efetch	34568923	none
4495	publication_component:citation:publication:doi:10.1093/g3journal/jkab380	requires_pubmed_lookup	missing							pubmed	exact_pmid_efetch	35100403	none
4496	publication_component:citation:publication:doi:10.1093/g3journal/jkab401	requires_pubmed_lookup	missing							pubmed	exact_pmid_efetch	34871392	none
4497	publication_component:citation:publication:doi:10.1093/g3journal/jkab412	requires_pubmed_lookup	missing							pubmed	exact_pmid_efetch	34878132	none
4498	publication_component:citation:publication:doi:10.1093/g3journal/jkac025	requires_pubmed_lookup	missing							pubmed	exact_pmid_efetch	35106563	none
4499	publication_component:citation:publication:doi:10.1093/g3journal/jkac131	requires_pubmed_lookup	missing							pubmed	exact_pmid_efetch	35652787	none
